engine,fold,target,tier,cohort,n,fixtures,mae,loss,naive_loss,relative_loss,calibration_intercept,calibration_slope,actual_positive_rate,predicted_positive_rate,actual_mean,predicted_mean,team_total_mae,tournament,calendar_year,fold_hemisphere
v1_neural,rugby_championship_2025,minutes,minutes,all,552,12,11.303136806204613,11.303136806204613,11.93310556549664,0.9472083142284841,2.060069287461286,0.8806336764965506,0.9945652173913043,1.0,51.242753623188406,55.849197740645074,105.94821470150346,rugby_championship,2025,south
v1_neural,rugby_championship_2025,minutes,minutes,starter,360,12,11.307357091841268,11.307357091841268,12.310182203123036,0.9185369400115495,-3.971899157474649,0.9660626368411886,1.0,1.0,64.6138888888889,70.99517715603191,95.71932400714549,rugby_championship,2025,south
v1_neural,rugby_championship_2025,minutes,minutes,bench,192,12,11.29522377063588,11.29522377063588,11.226086869947139,1.006158593060047,14.212802678411334,0.4356597611736543,0.984375,1.0,26.171875,27.45048633679475,43.86913641382171,rugby_championship,2025,south
v1_neural,rugby_championship_2025,minutes,minutes,zero_minute,3,3,17.663952219380757,17.663952219380757,18.892350717274578,0.9349790549478519,0.0,0.0,0.0,1.0,0.0,17.663952219380757,17.663952219380757,rugby_championship,2025,south
v1_neural,rugby_championship_2025,minutes,minutes,low_history,14,6,7.231926436162577,7.231926436162577,6.251034362401489,1.1569167623939047,-0.9978673762827227,0.8959281276097149,1.0,1.0,26.428571428571427,30.61232029630137,10.216760144585411,rugby_championship,2025,south
v1_neural,rugby_championship_2025,minutes,minutes,south,552,12,11.303136806204613,11.303136806204613,11.93310556549664,0.9472083142284841,2.060069287461286,0.8806336764965506,0.9945652173913043,1.0,51.242753623188406,55.849197740645074,105.94821470150346,rugby_championship,2025,south
v1_neural,rugby_championship_2025,minutes,minutes,position:Back-row,96,12,9.119028713619466,9.119028713619466,10.567434852666679,0.8629368281667987,-10.395719894219173,1.0947309401673062,1.0,1.0,58.552083333333336,62.98150595525817,20.845828355760204,rugby_championship,2025,south
v1_neural,rugby_championship_2025,minutes,minutes,position:Back-three,96,12,10.713459242896265,10.713459242896265,12.632458684835584,0.8480897907671016,9.101895478905687,0.8000438386895429,0.9895833333333334,1.0,59.635416666666664,63.163440231642774,18.202481016948806,rugby_championship,2025,south
v1_neural,rugby_championship_2025,minutes,minutes,position:Centre,48,12,9.685952579007237,9.685952579007237,10.206189859363434,0.9490272778064267,39.53771687755379,0.42903594487839447,1.0,1.0,71.8125,75.22629166093337,14.226874835601299,rugby_championship,2025,south
v1_neural,rugby_championship_2025,minutes,minutes,position:Fly-half,48,12,12.862695243037214,12.862695243037214,13.15531630103762,0.9777564407191542,3.556727397328318,0.7893560069301985,0.9583333333333334,1.0,44.375,51.71085320730467,17.52136084009473,rugby_championship,2025,south
v1_neural,rugby_championship_2025,minutes,minutes,position:Hooker,48,12,10.37484932332543,10.37484932332543,8.606489117983964,1.2054682439145055,-20.84878184235504,1.3248648238532286,1.0,1.0,40.166666666666664,46.05409352749269,11.77485372165205,rugby_championship,2025,south
v1_neural,rugby_championship_2025,minutes,minutes,position:Prop,96,12,10.2729252458437,10.2729252458437,10.33426695568769,0.9940642417979894,11.543647582438217,0.647022273181607,1.0,1.0,39.385416666666664,43.03061925105285,14.711522507079353,rugby_championship,2025,south
v1_neural,rugby_championship_2025,minutes,minutes,position:Scrum-half,48,12,15.486816169825778,15.486816169825778,15.728751229105212,0.9846182919574857,12.033457167891003,0.6257200312622172,1.0,1.0,40.583333333333336,45.62723700542375,12.533537834762734,rugby_championship,2025,south
v1_neural,rugby_championship_2025,minutes,minutes,position:Second-row,72,12,14.243289034292339,14.243289034292339,14.977097672894132,0.9510046168738115,9.71192237414798,0.7343876217603406,1.0,1.0,51.47222222222222,56.864111826904235,17.270507019543462,rugby_championship,2025,south
v1_neural,rugby_championship_2025,tries,stable,all,552,12,0.2776341668447273,0.6006916652809762,0.5688254735990543,1.0560210348532724,0.03735128367134535,0.5460449352777819,0.12318840579710146,1.0,0.14855072463768115,0.20364521998499452,1.8633422184049795,rugby_championship,2025,south
v1_neural,rugby_championship_2025,tries,stable,starter,360,12,0.3352567024012879,0.6680631811011218,0.6182511963976134,1.0805691683149985,0.021684619871711705,0.580664198723345,0.14166666666666666,1.0,0.175,0.26403449784810135,1.7530169903422357,rugby_championship,2025,south
v1_neural,rugby_championship_2025,tries,stable,bench,192,12,0.16959191267617602,0.474370073118203,0.476152243351756,0.9962571419993576,0.0427734149108999,0.6214092472600135,0.08854166666666667,1.0,0.09895833333333333,0.09041532399166922,0.7004288835057201,rugby_championship,2025,south
v1_neural,rugby_championship_2025,tries,stable,zero_minute,3,3,0.040847332532998264,0.08169466506599653,0.1584336588192747,0.5156395785770853,0.0,0.0,0.0,1.0,0.0,0.040847332532998264,0.040847332532998264,rugby_championship,2025,south
v1_neural,rugby_championship_2025,tries,stable,low_history,14,6,0.07968559499210573,0.15937118998421146,0.13327713581582007,1.1957879272289553,0.0,0.0,0.0,1.0,0.0,0.07968559499210573,0.18593305498158005,rugby_championship,2025,south
v1_neural,rugby_championship_2025,tries,stable,south,552,12,0.2776341668447273,0.6006916652809762,0.5688254735990543,1.0560210348532724,0.03735128367134535,0.5460449352777819,0.12318840579710146,1.0,0.14855072463768115,0.20364521998499452,1.8633422184049795,rugby_championship,2025,south
v1_neural,rugby_championship_2025,tries,stable,position:Back-row,96,12,0.27064318417428584,0.5849068635362474,0.559647530110997,1.0451343605862795,0.024780031674306553,0.44250146599533197,0.09375,1.0,0.11458333333333333,0.2029446421313641,0.6377696035967846,rugby_championship,2025,south
v1_neural,rugby_championship_2025,tries,stable,position:Back-three,96,12,0.4714067449060435,0.9266100341266931,0.8494723287651872,1.0908066134109808,0.239849119134194,0.18634821707455462,0.2708333333333333,1.0,0.3125,0.3898662515066596,1.1045589880943194,rugby_championship,2025,south
v1_neural,rugby_championship_2025,tries,stable,position:Centre,48,12,0.4362863172310985,0.8864661343045559,0.7941903547324789,1.1161884918674942,0.3470252673678236,-0.3693848819391436,0.1875,1.0,0.22916666666666666,0.31906720189099197,0.6622332089244837,rugby_championship,2025,south
v1_neural,rugby_championship_2025,tries,stable,position:Fly-half,48,12,0.23411652699194083,0.6416119180015142,0.657698819049,0.975540626527585,0.021558170297900536,0.7774413080477066,0.08333333333333333,1.0,0.125,0.13305419795850618,0.4557998767519771,rugby_championship,2025,south
v1_neural,rugby_championship_2025,tries,stable,position:Hooker,48,12,0.33413041043882935,0.7578081952145167,0.7642835241689633,0.9915275826971575,0.008987436796100635,0.9702839397767227,0.16666666666666666,1.0,0.20833333333333334,0.2054510936078208,0.5446370122570905,rugby_championship,2025,south
v1_neural,rugby_championship_2025,tries,stable,position:Prop,96,12,0.10061754847184445,0.2692116124821489,0.22692723666718206,1.1863345116081518,0.055554610804979095,-0.33479665478319365,0.03125,1.0,0.03125,0.07259514232816387,0.3538341181844961,rugby_championship,2025,south
v1_neural,rugby_championship_2025,tries,stable,position:Scrum-half,48,12,0.2910153694518619,0.6213223828530506,0.6954470768614011,0.8934143280278348,-0.11236129689771916,1.7715046260843892,0.14583333333333334,1.0,0.1875,0.16926927115088128,0.4764073797019986,rugby_championship,2025,south
v1_neural,rugby_championship_2025,tries,stable,position:Second-row,72,12,0.14127289299752377,0.2928590000449405,0.2385193203270322,1.2278208727217717,0.00627656781103784,0.1750283889563018,0.027777777777777776,1.0,0.027777777777777776,0.12284412885790776,0.320086350949854,rugby_championship,2025,south
v1_neural,rugby_championship_2025,try_assists,stable,all,552,12,0.17082257285348365,0.39625844123145865,0.37703947779493174,1.0509733451492311,0.01969270663403727,0.49501484726202427,0.07065217391304347,1.0,0.08152173913043478,0.12490338994553382,1.52065787859649,rugby_championship,2025,south
v1_neural,rugby_championship_2025,try_assists,stable,starter,360,12,0.2202072656330217,0.4890671508394308,0.4686994914947853,1.0434556890166204,0.03116070699267982,0.4721558497587686,0.09166666666666666,1.0,0.10833333333333334,0.1634473582824021,1.327940409882878,rugby_championship,2025,south
v1_neural,rugby_championship_2025,try_assists,stable,bench,192,12,0.07822627389184979,0.22224211071651093,0.20517695210770662,1.0831728828871872,0.013716523211428378,0.33312422075935055,0.03125,1.0,0.03125,0.05263344931390577,0.502949663582899,rugby_championship,2025,south
v1_neural,rugby_championship_2025,try_assists,stable,zero_minute,3,3,0.050838730004451486,0.10167746000890297,0.16931078606089392,0.6005374044647923,0.0,0.0,0.0,1.0,0.0,0.050838730004451486,0.050838730004451486,rugby_championship,2025,south
v1_neural,rugby_championship_2025,try_assists,stable,low_history,14,6,0.08872631370262112,0.17745262740524223,0.17156766756439462,1.034301100693339,0.0,0.0,0.0,1.0,0.0,0.08872631370262112,0.20702806530611595,rugby_championship,2025,south
v1_neural,rugby_championship_2025,try_assists,stable,south,552,12,0.17082257285348365,0.39625844123145865,0.37703947779493174,1.0509733451492311,0.01969270663403727,0.49501484726202427,0.07065217391304347,1.0,0.08152173913043478,0.12490338994553382,1.52065787859649,rugby_championship,2025,south
v1_neural,rugby_championship_2025,try_assists,stable,position:Back-row,96,12,0.1229577155264137,0.2595151348702709,0.2875248086690027,0.902583453829974,-0.08434957233181181,1.5292404569873088,0.052083333333333336,1.0,0.052083333333333336,0.08921612362644775,0.3970782915192956,rugby_championship,2025,south
v1_neural,rugby_championship_2025,try_assists,stable,position:Back-three,96,12,0.2809064389249543,0.6303364679745384,0.6188319061079234,1.0185907703740935,0.06385854619960574,0.42222150709655437,0.11458333333333333,1.0,0.14583333333333334,0.1941511404699272,0.6663597862769364,rugby_championship,2025,south
v1_neural,rugby_championship_2025,try_assists,stable,position:Centre,48,12,0.2974193911611875,0.8692178933626763,0.6993308378054772,1.24292801971998,0.4588080385207864,-1.8146827071943696,0.10416666666666667,1.0,0.14583333333333334,0.1724680044322099,0.5505351779256689,rugby_championship,2025,south
v1_neural,rugby_championship_2025,try_assists,stable,position:Fly-half,48,12,0.34683851364248114,0.770563176655505,0.6370502180274009,1.209579959083165,0.1167803050332956,0.1833853516303778,0.14583333333333334,1.0,0.16666666666666666,0.2720302422732186,0.5565299531600868,rugby_championship,2025,south
v1_neural,rugby_championship_2025,try_assists,stable,position:Hooker,48,12,0.03769007840418989,0.07538015680837978,0.078569171070883,0.9594113795648146,0.0,0.0,0.0,1.0,0.0,0.03769007840418989,0.0753801568083798,rugby_championship,2025,south
v1_neural,rugby_championship_2025,try_assists,stable,position:Prop,96,12,0.02417113229233798,0.10416926391386021,0.11429358402449936,0.9114182987868421,0.023147644413215616,-0.9125147927380414,0.010416666666666666,1.0,0.010416666666666666,0.013951530263250961,0.09409158812104547,rugby_championship,2025,south
v1_neural,rugby_championship_2025,try_assists,stable,position:Scrum-half,48,12,0.3234479604924176,0.58924673166932,0.590797043624628,0.9973758975742385,-0.017960130709436743,0.6350761399461442,0.16666666666666666,1.0,0.16666666666666666,0.29071600358306676,0.555109427030255,rugby_championship,2025,south
v1_neural,rugby_championship_2025,try_assists,stable,position:Second-row,72,12,0.06866204708491588,0.17634825476570304,0.19260408434031703,0.9155997671062305,-0.00785994626734082,0.7764540804245834,0.027777777777777776,1.0,0.027777777777777776,0.04589804464113453,0.188741588590966,rugby_championship,2025,south
v1_neural,rugby_championship_2025,conversion_goals,stable,all,552,12,0.12084980060271464,0.20220390789547843,0.2979686419273065,0.6786080125331069,0.0010890895225763567,0.8699525212950177,0.04891304347826087,1.0,0.11413043478260869,0.12993967198549888,1.3920190067257463,rugby_championship,2025,south
v1_neural,rugby_championship_2025,conversion_goals,stable,starter,360,12,0.1330079358777715,0.2132662741699329,0.2554229974821431,0.8349532981455305,-0.010961085794259378,0.8377793154865395,0.05277777777777778,1.0,0.12777777777777777,0.16560311409868692,1.5101792642769094,rugby_championship,2025,south
v1_neural,rugby_championship_2025,conversion_goals,stable,bench,192,12,0.09805329696198312,0.18146197113087625,0.3777417252619879,0.4803863565906595,0.007219297056154537,1.2893839194997976,0.041666666666666664,1.0,0.08854166666666667,0.06307071802327142,0.7725621560090552,rugby_championship,2025,south
v1_neural,rugby_championship_2025,conversion_goals,stable,zero_minute,3,3,0.09313694039210087,0.18627388078420173,0.3721926656005949,0.5004770324627913,0.0,0.0,0.0,1.0,0.0,0.09313694039210087,0.09313694039210087,rugby_championship,2025,south
v1_neural,rugby_championship_2025,conversion_goals,stable,low_history,14,6,0.01219353813733349,0.02438707627466698,0.09160810407066713,0.2662109048327713,0.0,0.0,0.0,1.0,0.0,0.01219353813733349,0.02845158898711148,rugby_championship,2025,south
v1_neural,rugby_championship_2025,conversion_goals,stable,south,552,12,0.12084980060271464,0.20220390789547843,0.2979686419273065,0.6786080125331069,0.0010890895225763567,0.8699525212950177,0.04891304347826087,1.0,0.11413043478260869,0.12993967198549888,1.3920190067257463,rugby_championship,2025,south
v1_neural,rugby_championship_2025,conversion_goals,stable,position:Back-row,96,12,0.0025005929834504017,0.005001185966900803,1.9999999999999997e-08,250059.2983450402,0.0,0.0,0.0,1.0,0.0,0.0025005929834504017,0.010002371933801605,rugby_championship,2025,south
v1_neural,rugby_championship_2025,conversion_goals,stable,position:Back-three,96,12,0.16707395870103028,0.32613981071569215,0.5864046404776059,0.5561685365417006,0.01147947486203634,0.4973082265899196,0.052083333333333336,1.0,0.08333333333333333,0.1444855617289992,0.6456518747726315,rugby_championship,2025,south
v1_neural,rugby_championship_2025,conversion_goals,stable,position:Centre,48,12,0.026805762268782684,0.17163787448608359,0.1621059732306975,1.058800431997783,0.02023571215783349,0.09471402308343047,0.020833333333333332,1.0,0.020833333333333332,0.00630974333096808,0.05346903782099353,rugby_championship,2025,south
v1_neural,rugby_championship_2025,conversion_goals,stable,position:Fly-half,48,12,1.0013402734217658,1.4464699372033147,2.035398694697714,0.7106568069299742,0.15937512232015366,0.824230868614801,0.4375,1.0,1.125,1.1715466072056615,1.3005935454332522,rugby_championship,2025,south
v1_neural,rugby_championship_2025,conversion_goals,stable,position:Hooker,48,12,0.0002184836138124582,0.0004369672276249164,0.0014792999408284023,0.2953878490525839,0.0,0.0,0.0,1.0,0.0,0.0002184836138124582,0.00043696722762491644,rugby_championship,2025,south
v1_neural,rugby_championship_2025,conversion_goals,stable,position:Prop,96,12,0.0002904699219378436,0.0005809398438756873,1.9999999999999997e-08,29046.99219378437,0.0,0.0,0.0,1.0,0.0,0.0002904699219378436,0.0011618796877513745,rugby_championship,2025,south
v1_neural,rugby_championship_2025,conversion_goals,stable,position:Scrum-half,48,12,0.020886233065943616,0.04177246613188723,0.0548460233395739,0.7616316295760772,0.0,0.0,0.0,1.0,0.0,0.020886233065943616,0.041772466131887225,rugby_championship,2025,south
v1_neural,rugby_championship_2025,conversion_goals,stable,position:Second-row,72,12,0.0005279408987178992,0.0010558817974357984,1.9999999999999997e-08,52794.08987178993,0.0,0.0,0.0,1.0,0.0,0.0005279408987178992,0.0015838226961536975,rugby_championship,2025,south
v1_neural,rugby_championship_2025,missed_conversion_goals,stable,all,552,12,0.05083106406547141,0.09500842012510961,0.08410310380740373,1.1296660387549915,0.0007908834338354516,0.7518844859804477,0.02355072463768116,1.0,0.034420289855072464,0.04472682579343916,0.982593862747017,rugby_championship,2025,south
v1_neural,rugby_championship_2025,missed_conversion_goals,stable,starter,360,12,0.06646385077210525,0.11950571517994667,0.09865367129680067,1.2113661215953373,0.001707535189356508,0.7516494310504779,0.030555555555555555,1.0,0.04722222222222222,0.060553078539893314,0.9538344319101378,rugby_championship,2025,south
v1_neural,rugby_championship_2025,missed_conversion_goals,stable,bench,192,12,0.021519588990532957,0.04907599189729017,0.05682078976478449,0.8636978137833933,-0.0005418145107903745,0.7280124230179333,0.010416666666666666,1.0,0.010416666666666666,0.015052601893837598,0.17023795333718225,rugby_championship,2025,south
v1_neural,rugby_championship_2025,missed_conversion_goals,stable,zero_minute,3,3,0.0277869622604414,0.0555739245208828,0.10633412199404801,0.522634912281436,0.0,0.0,0.0,1.0,0.0,0.0277869622604414,0.0277869622604414,rugby_championship,2025,south
v1_neural,rugby_championship_2025,missed_conversion_goals,stable,low_history,14,6,0.008248668845820218,0.016497337691640437,0.022375123150121325,0.7373071236727912,0.0,0.0,0.0,1.0,0.0,0.008248668845820218,0.01924689397358051,rugby_championship,2025,south
v1_neural,rugby_championship_2025,missed_conversion_goals,stable,south,552,12,0.05083106406547141,0.09500842012510961,0.08410310380740373,1.1296660387549915,0.0007908834338354516,0.7518844859804477,0.02355072463768116,1.0,0.034420289855072464,0.04472682579343916,0.982593862747017,rugby_championship,2025,south
v1_neural,rugby_championship_2025,missed_conversion_goals,stable,position:Back-row,96,12,0.0013670600111066356,0.002734120022213271,1.9999999999999997e-08,136706.00111066358,0.0,0.0,0.0,1.0,0.0,0.0013670600111066356,0.005468240044426542,rugby_championship,2025,south
v1_neural,rugby_championship_2025,missed_conversion_goals,stable,position:Back-three,96,12,0.042176032994087696,0.08435206598817539,0.05407941417066566,1.5597814303604374,0.0,0.0,0.0,1.0,0.0,0.042176032994087696,0.16870413197635079,rugby_championship,2025,south
v1_neural,rugby_championship_2025,missed_conversion_goals,stable,position:Centre,48,12,0.0031368064095419475,0.006273612819083895,0.02223869532987398,0.28210345643147244,0.0,0.0,0.0,1.0,0.0,0.0031368064095419475,0.006273612819083896,rugby_championship,2025,south
v1_neural,rugby_championship_2025,missed_conversion_goals,stable,position:Fly-half,48,12,0.47787995979296244,0.8792422775188434,0.8263956306332507,1.0639483619305894,0.1519372654559707,0.5982519088763057,0.2708333333333333,1.0,0.3958333333333333,0.4076812196645916,0.8323591557307278,rugby_championship,2025,south
v1_neural,rugby_championship_2025,missed_conversion_goals,stable,position:Hooker,48,12,0.0003311542369643205,0.000662308473928641,1.9999999999999997e-08,33115.42369643206,0.0,0.0,0.0,1.0,0.0,0.0003311542369643205,0.0006623084739286409,rugby_championship,2025,south
v1_neural,rugby_championship_2025,missed_conversion_goals,stable,position:Prop,96,12,0.0004714498337794409,0.0009428996675588818,1.9999999999999997e-08,47144.983377944096,0.0,0.0,0.0,1.0,0.0,0.0004714498337794409,0.0018857993351177633,rugby_championship,2025,south
v1_neural,rugby_championship_2025,missed_conversion_goals,stable,position:Scrum-half,48,12,0.014222005500453402,0.028444011000906804,0.0103924094806868,2.7369986771370978,0.0,0.0,0.0,1.0,0.0,0.014222005500453402,0.028444011000906797,rugby_championship,2025,south
v1_neural,rugby_championship_2025,missed_conversion_goals,stable,position:Second-row,72,12,0.0006388167567009767,0.0012776335134019534,1.9999999999999997e-08,63881.67567009768,0.0,0.0,0.0,1.0,0.0,0.0006388167567009767,0.0019164502701029304,rugby_championship,2025,south
v1_neural,rugby_championship_2025,penalty_goals,stable,all,552,12,0.07560737524618993,0.12824463626079474,0.22492345114196202,0.5701701428182882,0.004925487987341769,1.0232955571831615,0.04710144927536232,1.0,0.08333333333333333,0.0766228728304321,1.268142234934704,rugby_championship,2025,south
v1_neural,rugby_championship_2025,penalty_goals,stable,starter,360,12,0.08765568002766325,0.1279147449916123,0.21022686821334946,0.6084604983117456,-4.705224172653329e-05,1.0124053582416033,0.058333333333333334,1.0,0.10555555555555556,0.10430862197400657,1.0623341329772373,rugby_championship,2025,south
v1_neural,rugby_championship_2025,penalty_goals,stable,bench,192,12,0.05301680378092746,0.1288631823905119,0.2524795441331105,0.5103905856332406,0.0037292031052966867,1.5351780715406735,0.026041666666666668,1.0,0.041666666666666664,0.024712093186229994,0.4201795161768873,rugby_championship,2025,south
v1_neural,rugby_championship_2025,penalty_goals,stable,zero_minute,3,3,0.03650558227670988,0.07301116455341976,0.14867343781998493,0.4910841211718148,0.0,0.0,0.0,1.0,0.0,0.03650558227670988,0.03650558227670988,rugby_championship,2025,south
v1_neural,rugby_championship_2025,penalty_goals,stable,low_history,14,6,0.005877750930173246,0.011755501860346492,0.03864961444881037,0.30415573422902087,0.0,0.0,0.0,1.0,0.0,0.005877750930173246,0.013714752170404243,rugby_championship,2025,south
v1_neural,rugby_championship_2025,penalty_goals,stable,south,552,12,0.07560737524618993,0.12824463626079474,0.22492345114196202,0.5701701428182882,0.004925487987341769,1.0232955571831615,0.04710144927536232,1.0,0.08333333333333333,0.0766228728304321,1.268142234934704,rugby_championship,2025,south
v1_neural,rugby_championship_2025,penalty_goals,stable,position:Back-row,96,12,0.0007664433371602537,0.0015328866743205074,1.9999999999999997e-08,76644.33371602539,0.0,0.0,0.0,1.0,0.0,0.0007664433371602537,0.0030657733486410144,rugby_championship,2025,south
v1_neural,rugby_championship_2025,penalty_goals,stable,position:Back-three,96,12,0.10207857541526226,0.21276285976751974,0.5980069068647117,0.3557866260826541,0.01134988349903561,1.1886094278306591,0.07291666666666667,1.0,0.09375,0.06932480474376979,0.3887822011925022,rugby_championship,2025,south
v1_neural,rugby_championship_2025,penalty_goals,stable,position:Centre,48,12,0.002135947112723222,0.004271894225446444,0.07709414381022982,0.05541139721276203,0.0,0.0,0.0,1.0,0.0,0.002135947112723222,0.004271894225446444,rugby_championship,2025,south
v1_neural,rugby_championship_2025,penalty_goals,stable,position:Fly-half,48,12,0.6487775277024834,1.0161873238677475,1.2660072054925962,0.8026710428337213,0.07598942938650981,0.9571336626908008,0.3958333333333333,1.0,0.7708333333333334,0.7259632912642534,1.1219987427710514,rugby_championship,2025,south
v1_neural,rugby_championship_2025,penalty_goals,stable,position:Hooker,48,12,0.00013064889319058638,0.00026129778638117276,1.9999999999999997e-08,13064.88931905864,0.0,0.0,0.0,1.0,0.0,0.00013064889319058638,0.00026129778638117265,rugby_championship,2025,south
v1_neural,rugby_championship_2025,penalty_goals,stable,position:Prop,96,12,0.00037543436544064607,0.0007508687308812921,1.9999999999999997e-08,37543.436544064614,0.0,0.0,0.0,1.0,0.0,0.00037543436544064607,0.0015017374617625843,rugby_championship,2025,south
v1_neural,rugby_championship_2025,penalty_goals,stable,position:Scrum-half,48,12,0.011303397549421335,0.02260679509884267,0.047504395100313644,0.4758884951824891,0.0,0.0,0.0,1.0,0.0,0.011303397549421335,0.02260679509884267,rugby_championship,2025,south
v1_neural,rugby_championship_2025,penalty_goals,stable,position:Second-row,72,12,0.0004642585584262647,0.0009285171168525294,1.9999999999999997e-08,46425.85584262648,0.0,0.0,0.0,1.0,0.0,0.0004642585584262647,0.0013927756752787942,rugby_championship,2025,south
v1_neural,rugby_championship_2025,missed_penalty_goals,stable,all,552,12,0.026194840082942858,0.06381049940337762,0.07374720327335385,0.8652599226963968,-0.0021011935963236535,1.0772511904623139,0.016304347826086956,1.0,0.018115942028985508,0.018767336536089377,0.4975190127865822,rugby_championship,2025,south
v1_neural,rugby_championship_2025,missed_penalty_goals,stable,starter,360,12,0.03725054638966882,0.09201301561015857,0.10973209590146947,0.8385241788581055,-0.0004690419155895585,1.0922256221741684,0.025,1.0,0.027777777777777776,0.02586170761782682,0.49041394426262563,rugby_championship,2025,south
v1_neural,rugby_championship_2025,missed_penalty_goals,stable,bench,192,12,0.00546539075783167,0.01093078151566334,0.0062755295956370945,1.7418102088567464,0.0,0.0,0.0,1.0,0.0,0.00546539075783167,0.043723126062653356,rugby_championship,2025,south
v1_neural,rugby_championship_2025,missed_penalty_goals,stable,zero_minute,3,3,0.006872750098921959,0.013745500197843917,0.021658395169852535,0.6346499863007858,0.0,0.0,0.0,1.0,0.0,0.006872750098921959,0.006872750098921959,rugby_championship,2025,south
v1_neural,rugby_championship_2025,missed_penalty_goals,stable,low_history,14,6,0.003753627825272231,0.007507255650544462,0.009934018434955493,0.7557118702466045,0.0,0.0,0.0,1.0,0.0,0.003753627825272231,0.008758464925635206,rugby_championship,2025,south
v1_neural,rugby_championship_2025,missed_penalty_goals,stable,south,552,12,0.026194840082942858,0.06381049940337762,0.07374720327335385,0.8652599226963968,-0.0021011935963236535,1.0772511904623139,0.016304347826086956,1.0,0.018115942028985508,0.018767336536089377,0.4975190127865822,rugby_championship,2025,south
v1_neural,rugby_championship_2025,missed_penalty_goals,stable,position:Back-row,96,12,0.0005437179117913339,0.0010874358235826679,1.9999999999999997e-08,54371.791179133405,0.0,0.0,0.0,1.0,0.0,0.0005437179117913339,0.0021748716471653357,rugby_championship,2025,south
v1_neural,rugby_championship_2025,missed_penalty_goals,stable,position:Back-three,96,12,0.0239592563953093,0.04413807316740409,0.09911974469775754,0.445300513051086,-0.013695406465747005,1.231796895746229,0.010416666666666666,1.0,0.010416666666666666,0.01957471496776784,0.0905569698860691,rugby_championship,2025,south
v1_neural,rugby_championship_2025,missed_penalty_goals,stable,position:Centre,48,12,0.021865010868217353,0.1964561707336524,0.16290902423200412,1.205925648746583,0.0015544300165537231,16.37959622546334,0.020833333333333332,1.0,0.020833333333333332,0.0011770072382375997,0.0436656830120897,rugby_championship,2025,south
v1_neural,rugby_championship_2025,missed_penalty_goals,stable,position:Fly-half,48,12,0.22346883979793386,0.4331118310762361,0.46171928120474415,0.9380414652516483,-0.02303519867002235,1.1324833032860278,0.14583333333333334,1.0,0.16666666666666666,0.16750963549418152,0.42459008873977905,rugby_championship,2025,south
v1_neural,rugby_championship_2025,missed_penalty_goals,stable,position:Hooker,48,12,0.0001645906793723099,0.0003291813587446198,1.9999999999999997e-08,16459.067937230993,0.0,0.0,0.0,1.0,0.0,0.0001645906793723099,0.0003291813587446198,rugby_championship,2025,south
v1_neural,rugby_championship_2025,missed_penalty_goals,stable,position:Prop,96,12,0.00045010864083653646,0.0009002172816730729,1.9999999999999997e-08,45010.86408365365,0.0,0.0,0.0,1.0,0.0,0.00045010864083653646,0.0018004345633461458,rugby_championship,2025,south
v1_neural,rugby_championship_2025,missed_penalty_goals,stable,position:Scrum-half,48,12,0.005340704851626768,0.010681409703253536,0.02522491281130589,0.423446843331252,0.0,0.0,0.0,1.0,0.0,0.005340704851626768,0.01068140970325354,rugby_championship,2025,south
v1_neural,rugby_championship_2025,missed_penalty_goals,stable,position:Second-row,72,12,0.00033023257387879937,0.0006604651477575987,1.9999999999999997e-08,33023.257387879945,0.0,0.0,0.0,1.0,0.0,0.00033023257387879937,0.0009906977216363982,rugby_championship,2025,south
v1_neural,rugby_championship_2025,drop_goals_converted,stable,all,552,12,0.0017158373322641745,0.003431674664528349,0.0029672003692787115,1.156536208359446,0.0,0.0,0.0,1.0,0.0,0.0017158373322641745,0.03946425864207601,rugby_championship,2025,south
v1_neural,rugby_championship_2025,drop_goals_converted,stable,starter,360,12,0.0018923357985973113,0.0037846715971946226,0.0035649613165966328,1.061630480974683,0.0,0.0,0.0,1.0,0.0,0.0018923357985973113,0.02838503697895967,rugby_championship,2025,south
v1_neural,rugby_championship_2025,drop_goals_converted,stable,bench,192,12,0.0013849027078895425,0.002769805415779085,0.0018463985930576071,1.5001123951206714,0.0,0.0,0.0,1.0,0.0,0.0013849027078895425,0.01107922166311634,rugby_championship,2025,south
v1_neural,rugby_championship_2025,drop_goals_converted,stable,zero_minute,3,3,0.002051340950688211,0.004102681901376422,0.009847372496307237,0.41662706502825264,0.0,0.0,0.0,1.0,0.0,0.002051340950688211,0.002051340950688211,rugby_championship,2025,south
v1_neural,rugby_championship_2025,drop_goals_converted,stable,low_history,14,6,0.0019946926603100408,0.0039893853206200815,0.002110166963494408,1.8905543445783612,0.0,0.0,0.0,1.0,0.0,0.0019946926603100408,0.004654282874056761,rugby_championship,2025,south
v1_neural,rugby_championship_2025,drop_goals_converted,stable,south,552,12,0.0017158373322641745,0.003431674664528349,0.0029672003692787115,1.156536208359446,0.0,0.0,0.0,1.0,0.0,0.0017158373322641745,0.03946425864207601,rugby_championship,2025,south
v1_neural,rugby_championship_2025,drop_goals_converted,stable,position:Back-row,96,12,0.0002605325305645081,0.0005210650611290162,1.9999999999999997e-08,26053.253056450812,0.0,0.0,0.0,1.0,0.0,0.0002605325305645081,0.0010421301222580323,rugby_championship,2025,south
v1_neural,rugby_championship_2025,drop_goals_converted,stable,position:Back-three,96,12,0.00218315045418144,0.00436630090836288,0.0022244241794364805,1.9628904184403384,0.0,0.0,0.0,1.0,0.0,0.00218315045418144,0.008732601816725761,rugby_championship,2025,south
v1_neural,rugby_championship_2025,drop_goals_converted,stable,position:Centre,48,12,0.0003520296862207347,0.0007040593724414694,1.9999999999999997e-08,35202.96862207347,0.0,0.0,0.0,1.0,0.0,0.0003520296862207347,0.0007040593724414694,rugby_championship,2025,south
v1_neural,rugby_championship_2025,drop_goals_converted,stable,position:Fly-half,48,12,0.011572338752973388,0.023144677505946776,0.029673785887832215,0.7799704962971136,0.0,0.0,0.0,1.0,0.0,0.011572338752973388,0.023144677505946776,rugby_championship,2025,south
v1_neural,rugby_championship_2025,drop_goals_converted,stable,position:Hooker,48,12,0.0001923016214294695,0.000384603242858939,1.9999999999999997e-08,19230.162142946952,0.0,0.0,0.0,1.0,0.0,0.0001923016214294695,0.000384603242858939,rugby_championship,2025,south
v1_neural,rugby_championship_2025,drop_goals_converted,stable,position:Prop,96,12,0.0003893097840134394,0.0007786195680268788,1.9999999999999997e-08,38930.97840134395,0.0,0.0,0.0,1.0,0.0,0.0003893097840134394,0.0015572391360537576,rugby_championship,2025,south
v1_neural,rugby_championship_2025,drop_goals_converted,stable,position:Scrum-half,48,12,0.0015673180445759894,0.003134636089151979,1.9999999999999997e-08,156731.80445759898,0.0,0.0,0.0,1.0,0.0,0.0015673180445759894,0.003134636089151979,rugby_championship,2025,south
v1_neural,rugby_championship_2025,drop_goals_converted,stable,position:Second-row,72,12,0.0002547704522130988,0.0005095409044261976,1.9999999999999997e-08,25477.045221309883,0.0,0.0,0.0,1.0,0.0,0.0002547704522130988,0.0007643113566392964,rugby_championship,2025,south
v1_neural,rugby_championship_2025,drop_goal_missed,stable,all,552,12,0.0057119052093535004,0.014871940514470064,0.014757729574701051,1.0077390589921638,-0.0013860921614620295,0.7774128529676451,0.0018115942028985507,1.0,0.0018115942028985507,0.004113240927460796,0.12190896880368202,rugby_championship,2025,south
v1_neural,rugby_championship_2025,drop_goal_missed,stable,starter,360,12,0.007631306976483583,0.02054974676647053,0.02105409541287046,0.9760451049304347,-0.0015695588940832991,0.8392506608082034,0.002777777777777778,1.0,0.002777777777777778,0.005180021744248103,0.10810078969641074,rugby_championship,2025,south
v1_neural,rugby_championship_2025,drop_goal_missed,stable,bench,192,12,0.0021130268959845956,0.004226053791969191,0.0029520436281334013,1.4315688805186648,0.0,0.0,0.0,1.0,0.0,0.0021130268959845956,0.01690421516787676,rugby_championship,2025,south
v1_neural,rugby_championship_2025,drop_goal_missed,stable,zero_minute,3,3,0.0032460064097073553,0.006492012819414711,0.009841556174283853,0.6596530776685954,0.0,0.0,0.0,1.0,0.0,0.0032460064097073553,0.0032460064097073553,rugby_championship,2025,south
v1_neural,rugby_championship_2025,drop_goal_missed,stable,low_history,14,6,0.0020275952759217677,0.0040551905518435355,0.0021101612492086938,1.9217443943510117,0.0,0.0,0.0,1.0,0.0,0.0020275952759217677,0.004731055643817457,rugby_championship,2025,south
v1_neural,rugby_championship_2025,drop_goal_missed,stable,south,552,12,0.0057119052093535004,0.014871940514470064,0.014757729574701051,1.0077390589921638,-0.0013860921614620295,0.7774128529676451,0.0018115942028985507,1.0,0.0018115942028985507,0.004113240927460796,0.12190896880368202,rugby_championship,2025,south
v1_neural,rugby_championship_2025,drop_goal_missed,stable,position:Back-row,96,12,0.000503432932604742,0.001006865865209484,1.9999999999999997e-08,50343.2932604742,0.0,0.0,0.0,1.0,0.0,0.000503432932604742,0.002013731730418968,rugby_championship,2025,south
v1_neural,rugby_championship_2025,drop_goal_missed,stable,position:Back-three,96,12,0.006822989769897199,0.013645979539794397,0.014071948404557033,0.969729219258316,0.0,0.0,0.0,1.0,0.0,0.006822989769897199,0.0272919590795888,rugby_championship,2025,south
v1_neural,rugby_championship_2025,drop_goal_missed,stable,position:Centre,48,12,0.0008943703867424607,0.0017887407734849213,0.0014825796886582653,1.2065056517155794,0.0,0.0,0.0,1.0,0.0,0.0008943703867424607,0.0017887407734849213,rugby_championship,2025,south
v1_neural,rugby_championship_2025,drop_goal_missed,stable,position:Fly-half,48,12,0.04575112346286331,0.13115574302700184,0.13861016873684365,0.9462202104089902,-0.008106690160439285,1.0574987733156582,0.020833333333333332,1.0,0.020833333333333332,0.02736648422109721,0.08880112578917519,rugby_championship,2025,south
v1_neural,rugby_championship_2025,drop_goal_missed,stable,position:Hooker,48,12,0.0002835133986823627,0.0005670267973647255,1.9999999999999997e-08,28351.339868236275,0.0,0.0,0.0,1.0,0.0,0.0002835133986823627,0.0005670267973647253,rugby_championship,2025,south
v1_neural,rugby_championship_2025,drop_goal_missed,stable,position:Prop,96,12,0.00035871869199463683,0.0007174373839892737,1.9999999999999997e-08,35871.86919946369,0.0,0.0,0.0,1.0,0.0,0.00035871869199463683,0.0014348747679785471,rugby_championship,2025,south
v1_neural,rugby_championship_2025,drop_goal_missed,stable,position:Scrum-half,48,12,0.0026505969795652,0.0053011939591304,0.0014771148744460857,3.588884013586509,0.0,0.0,0.0,1.0,0.0,0.0026505969795652,0.005301193959130402,rugby_championship,2025,south
v1_neural,rugby_championship_2025,drop_goal_missed,stable,position:Second-row,72,12,0.0004913485938125096,0.0009826971876250193,1.9999999999999997e-08,49134.85938125097,0.0,0.0,0.0,1.0,0.0,0.0004913485938125096,0.0014740457814375288,rugby_championship,2025,south
v1_neural,rugby_championship_2025,defenders_beaten,stable,all,552,12,1.0273356371719515,1.595842491270812,1.7332685923054667,0.9207127495157225,0.047717232100338756,0.9124411463329246,0.4583333333333333,1.0,1.1105072463768115,1.1647765102963576,7.782250837021226,rugby_championship,2025,south
v1_neural,rugby_championship_2025,defenders_beaten,stable,starter,360,12,1.2007912880894922,1.6875370779415164,1.7824106193608587,0.9467723428098952,-0.06036328034824508,0.9564961938342171,0.5472222222222223,1.0,1.3916666666666666,1.5180718505468322,6.119103436709833,rugby_championship,2025,south
v1_neural,rugby_championship_2025,defenders_beaten,stable,bench,192,12,0.7021062917015629,1.4239151412632411,1.6411272915766066,0.8676445444370784,0.0843612178900514,0.9932802886020694,0.2916666666666667,1.0,0.5833333333333334,0.5023477473267178,3.309015309727439,rugby_championship,2025,south
v1_neural,rugby_championship_2025,defenders_beaten,stable,zero_minute,3,3,0.4094689338346446,0.8189378676692892,1.2409583607476447,0.6599237279612676,0.0,0.0,0.0,1.0,0.0,0.4094689338346446,0.4094689338346446,rugby_championship,2025,south
v1_neural,rugby_championship_2025,defenders_beaten,stable,low_history,14,6,0.45239371811868667,1.0343157765111786,1.1500395431406945,0.8993740977692987,-0.1839102965677496,2.037096064665856,0.21428571428571427,1.0,0.35714285714285715,0.26560021547111257,0.8479526797970117,rugby_championship,2025,south
v1_neural,rugby_championship_2025,defenders_beaten,stable,south,552,12,1.0273356371719515,1.595842491270812,1.7332685923054667,0.9207127495157225,0.047717232100338756,0.9124411463329246,0.4583333333333333,1.0,1.1105072463768115,1.1647765102963576,7.782250837021226,rugby_championship,2025,south
v1_neural,rugby_championship_2025,defenders_beaten,stable,position:Back-row,96,12,1.2114172645352006,1.7703736890141668,2.3100351404378827,0.7663838779000481,-0.33344667380316545,1.1355982866391348,0.5208333333333334,1.0,1.3020833333333333,1.4402364166794743,1.92332851833939,rugby_championship,2025,south
v1_neural,rugby_championship_2025,defenders_beaten,stable,position:Back-three,96,12,1.4800939755615998,1.913295310235269,1.8864117823738733,1.014251145011173,0.6559886300885999,0.6310891137614127,0.71875,1.0,2.0208333333333335,2.162681424038509,3.3481479515026646,rugby_championship,2025,south
v1_neural,rugby_championship_2025,defenders_beaten,stable,position:Centre,48,12,1.7378335632404502,2.2076366863154946,2.097854360368585,1.0523307661489052,2.8424365765494817,-0.34174643865445287,0.7708333333333334,1.0,2.1458333333333335,2.0383628457369265,2.7850345490884005,rugby_championship,2025,south
v1_neural,rugby_championship_2025,defenders_beaten,stable,position:Fly-half,48,12,1.1272645032564073,1.79027191072495,2.1183487215090824,0.8451261553619864,-0.3652700102806616,1.5034205432661543,0.5833333333333334,1.0,1.5208333333333333,1.2545414202711835,1.773243568173143,rugby_championship,2025,south
v1_neural,rugby_championship_2025,defenders_beaten,stable,position:Hooker,48,12,0.6637182038043631,1.2285339852364654,1.2459303752130535,0.986037430082228,-0.12532388518420165,0.8270771532480751,0.25,1.0,0.4166666666666667,0.6553083345639249,1.0289699374300867,rugby_championship,2025,south
v1_neural,rugby_championship_2025,defenders_beaten,stable,position:Prop,96,12,0.5138445795901494,1.217790802777255,1.2454399500152442,0.9777996946077965,0.2775191744779384,0.2890561679526806,0.23958333333333334,1.0,0.3645833333333333,0.30120152589045474,1.219692959066008,rugby_championship,2025,south
v1_neural,rugby_championship_2025,defenders_beaten,stable,position:Scrum-half,48,12,0.8359996585648967,1.410161179080262,1.8874679200135933,0.7471179584711067,0.19993878200201282,0.926664648970685,0.4583333333333333,1.0,0.875,0.7284849149558346,1.3897658841322766,rugby_championship,2025,south
v1_neural,rugby_championship_2025,defenders_beaten,stable,position:Second-row,72,12,0.6925548394916166,1.2751101894691887,1.1328091258363664,1.1256178648170403,0.17779031303074247,0.18770959132337126,0.16666666666666666,1.0,0.2916666666666667,0.6066624131089122,1.2680085756610737,rugby_championship,2025,south
v1_neural,rugby_championship_2025,clean_breaks,stable,all,552,12,0.34098347723807476,0.6445802820663088,0.6178309587438194,1.0432955373050201,0.0042280771246237725,0.6910338076992447,0.17572463768115942,1.0,0.22644927536231885,0.32157789642386253,3.5202112898611677,rugby_championship,2025,south
v1_neural,rugby_championship_2025,clean_breaks,stable,starter,360,12,0.4333913383373646,0.7563358256132802,0.7227504116202242,1.0464688963895101,-0.016914062066555616,0.7151971728594227,0.225,1.0,0.2972222222222222,0.439230321664769,3.0259750868708575,rugby_championship,2025,south
v1_neural,rugby_championship_2025,clean_breaks,stable,bench,192,12,0.16771873767690626,0.43503863791573755,0.42110698460056034,1.0330834059387355,0.02027595995981529,0.7276127128360628,0.08333333333333333,1.0,0.09375,0.10097959909716285,0.8520966034270306,rugby_championship,2025,south
v1_neural,rugby_championship_2025,clean_breaks,stable,zero_minute,3,3,0.0941307329689387,0.1882614659378774,0.32570235102228146,0.5780169082199789,0.0,0.0,0.0,1.0,0.0,0.0941307329689387,0.0941307329689387,rugby_championship,2025,south
v1_neural,rugby_championship_2025,clean_breaks,stable,low_history,14,6,0.10761146984660408,0.17825387215992897,0.19759956000441808,0.9020965034332233,-0.1891115921949049,2.9710980920978303,0.07142857142857142,1.0,0.07142857142857142,0.08769153880056323,0.20412476159011747,rugby_championship,2025,south
v1_neural,rugby_championship_2025,clean_breaks,stable,south,552,12,0.34098347723807476,0.6445802820663088,0.6178309587438194,1.0432955373050201,0.0042280771246237725,0.6910338076992447,0.17572463768115942,1.0,0.22644927536231885,0.32157789642386253,3.5202112898611677,rugby_championship,2025,south
v1_neural,rugby_championship_2025,clean_breaks,stable,position:Back-row,96,12,0.3411461098495418,0.6805159416667325,0.6440859452713404,1.0565607690446417,0.08785568277544265,0.43696714346221843,0.1875,1.0,0.19791666666666666,0.25187473597941185,0.9614869015014248,rugby_championship,2025,south
v1_neural,rugby_championship_2025,clean_breaks,stable,position:Back-three,96,12,0.704737585111476,1.1740341779140835,1.0592635917941469,1.1083494108633922,0.2572380009873647,0.4918518878308279,0.46875,1.0,0.6666666666666666,0.8324226780646712,1.6977460693097413,rugby_championship,2025,south
v1_neural,rugby_championship_2025,clean_breaks,stable,position:Centre,48,12,0.6013451035433325,1.0619942471327148,1.0357695023088413,1.025319093452178,0.09303220900757252,0.5110920795205791,0.2708333333333333,1.0,0.375,0.5516966556337993,0.916098781459727,rugby_championship,2025,south
v1_neural,rugby_championship_2025,clean_breaks,stable,position:Fly-half,48,12,0.3860918657700568,0.7941922380564238,0.752752843330426,1.0550504658908444,0.02127984920085429,0.46773747818673245,0.125,1.0,0.16666666666666666,0.3108299510858746,0.666051297616053,rugby_championship,2025,south
v1_neural,rugby_championship_2025,clean_breaks,stable,position:Hooker,48,12,0.16664370651070584,0.32548771126555776,0.28667830556211,1.135376151422939,-0.049388444920402744,0.6262477700529224,0.041666666666666664,1.0,0.041666666666666664,0.1453979015037045,0.32127224799348597,rugby_championship,2025,south
v1_neural,rugby_championship_2025,clean_breaks,stable,position:Prop,96,12,0.07327766306155997,0.24091487630632255,0.2606954845218312,0.9241237022122176,0.004589841417138734,0.5891315362152939,0.020833333333333332,1.0,0.03125,0.04525332110742499,0.2686872545936097,rugby_championship,2025,south
v1_neural,rugby_championship_2025,clean_breaks,stable,position:Scrum-half,48,12,0.29498420062562747,0.544168291876085,0.5977502509631613,0.9103606246910995,-0.020450719119302373,0.6578075432401818,0.14583333333333334,1.0,0.14583333333333334,0.25278526243947513,0.4612530307418867,rugby_championship,2025,south
v1_neural,rugby_championship_2025,clean_breaks,stable,position:Second-row,72,12,0.15594826382865445,0.33060050910499483,0.3360100534764987,0.9839006472707156,0.009342728808516916,0.3887033284321242,0.05555555555555555,1.0,0.05555555555555555,0.11888971193903314,0.38858937920485187,rugby_championship,2025,south
v1_neural,rugby_championship_2025,offload,stable,all,552,12,0.42066639102672715,0.7684858963468086,0.7933241211984301,0.968690949653592,0.024316476865979385,0.7972997236136681,0.23369565217391305,1.0,0.3061594202898551,0.3534968532868106,2.6938490827193085,rugby_championship,2025,south
v1_neural,rugby_championship_2025,offload,stable,starter,360,12,0.5395820307464252,0.9655056464657652,0.9429317624587271,1.0239401035215696,0.12615032111899682,0.6255454458214699,0.3111111111111111,1.0,0.41388888888888886,0.45998027751929665,2.7314232949385064,rugby_championship,2025,south
v1_neural,rugby_championship_2025,offload,stable,bench,192,12,0.1976995665522933,0.3990738648737651,0.5128097938353728,0.7782103026719487,-0.08958287497428333,1.259418854006544,0.08854166666666667,1.0,0.10416666666666667,0.15384043285089907,0.8054450497938322,rugby_championship,2025,south
v1_neural,rugby_championship_2025,offload,stable,zero_minute,3,3,0.11466374286749585,0.2293274857349917,0.34249370741704177,0.6695816033073805,0.0,0.0,0.0,1.0,0.0,0.11466374286749585,0.11466374286749585,rugby_championship,2025,south
v1_neural,rugby_championship_2025,offload,stable,low_history,14,6,0.12490611350237986,0.24981222700475972,0.27636096813033667,0.9039345486984396,0.0,0.0,0.0,1.0,0.0,0.12490611350237986,0.2914475981722197,rugby_championship,2025,south
v1_neural,rugby_championship_2025,offload,stable,south,552,12,0.42066639102672715,0.7684858963468086,0.7933241211984301,0.968690949653592,0.024316476865979385,0.7972997236136681,0.23369565217391305,1.0,0.3061594202898551,0.3534968532868106,2.6938490827193085,rugby_championship,2025,south
v1_neural,rugby_championship_2025,offload,stable,position:Back-row,96,12,0.5133310914387715,0.91507752209184,0.9923654587897192,0.9221174658858654,0.06632918290511201,0.739841730197956,0.3020833333333333,1.0,0.3958333333333333,0.445371134093852,0.8981556530764004,rugby_championship,2025,south
v1_neural,rugby_championship_2025,offload,stable,position:Back-three,96,12,0.5791621495850969,0.9990959412629964,0.9802113719644877,1.0192658133119403,0.13362682659576788,0.6892083938669421,0.3645833333333333,1.0,0.5,0.5315854778677642,1.4250735971803883,rugby_championship,2025,south
v1_neural,rugby_championship_2025,offload,stable,position:Centre,48,12,0.6437505249553199,1.0601076084444132,0.9820052399281421,1.079533555770014,0.44023231566650484,0.10408245623879436,0.3958333333333333,1.0,0.5,0.5742339919070625,0.9049606900093122,rugby_championship,2025,south
v1_neural,rugby_championship_2025,offload,stable,position:Fly-half,48,12,0.49507220530194734,0.8900540388219355,0.9021934960660993,0.986544508138114,0.06378361406373274,0.7363896328081829,0.2708333333333333,1.0,0.375,0.42262461619599384,0.7922511906005246,rugby_championship,2025,south
v1_neural,rugby_championship_2025,offload,stable,position:Hooker,48,12,0.24698121202035314,0.4947182499761993,0.513607116077471,0.9632231222855125,-0.18052938160154314,1.7130182990891034,0.10416666666666667,1.0,0.125,0.17835733673365203,0.4425697367530684,rugby_championship,2025,south
v1_neural,rugby_championship_2025,offload,stable,position:Prop,96,12,0.14509646025513748,0.3545169219800435,0.39274247208400065,0.9026701902111025,-0.022853390944463654,1.06660813151677,0.07291666666666667,1.0,0.07291666666666667,0.08978935635427836,0.4193023877305122,rugby_championship,2025,south
v1_neural,rugby_championship_2025,offload,stable,position:Scrum-half,48,12,0.4407773964179655,0.7932612213537524,0.8301760444589575,0.9555337408835216,-0.12577658090176724,1.2317711353901675,0.20833333333333334,1.0,0.2916666666666667,0.3388967605871098,0.6919895799580017,rugby_championship,2025,south
v1_neural,rugby_championship_2025,offload,stable,position:Second-row,72,12,0.3572685037025092,0.7080439458148265,0.7764045943832405,0.9119522874246794,0.03864224538821349,0.5596220460597341,0.1527777777777778,1.0,0.19444444444444445,0.27840611382847613,0.7042652850956507,rugby_championship,2025,south
v1_neural,rugby_championship_2025,runs,stable,all,552,12,2.270866988097406,1.68463105858919,1.757990560172269,0.9582708216727339,0.30614016878813904,0.8629443331540075,0.9420289855072463,1.0,5.007246376811594,5.447751410384967,22.823808520707995,rugby_championship,2025,south
v1_neural,rugby_championship_2025,runs,stable,starter,360,12,2.6063886188009393,1.6813881103303039,1.7199773236670302,0.9775641150579514,0.5167945119127633,0.8453702849515433,0.9888888888888889,1.0,6.2972222222222225,6.837746503759352,21.591731419384057,rugby_championship,2025,south
v1_neural,rugby_championship_2025,runs,stable,bench,192,12,1.6417639305282818,1.690711586574601,1.8292653786195918,0.9242571396887493,0.9770735496680637,0.5671166988265914,0.8541666666666666,1.0,2.5885416666666665,2.8415106103079952,6.6827240460807475,rugby_championship,2025,south
v1_neural,rugby_championship_2025,runs,stable,zero_minute,3,3,1.723125668567443,3.446251337134886,4.304783234496572,0.800563268672438,0.0,0.0,0.0,1.0,0.0,1.723125668567443,1.723125668567443,rugby_championship,2025,south
v1_neural,rugby_championship_2025,runs,stable,low_history,14,6,1.0611650709051763,1.0077759160066224,0.7739936610176492,1.3020467308241201,-0.11685417682257714,1.5954655566785565,0.8571428571428571,1.0,2.2142857142857144,1.46110323808009,1.7574257778131237,rugby_championship,2025,south
v1_neural,rugby_championship_2025,runs,stable,south,552,12,2.270866988097406,1.68463105858919,1.757990560172269,0.9582708216727339,0.30614016878813904,0.8629443331540075,0.9420289855072463,1.0,5.007246376811594,5.447751410384967,22.823808520707995,rugby_championship,2025,south
v1_neural,rugby_championship_2025,runs,stable,position:Back-row,96,12,2.8420278256146063,1.7430150502633135,1.9820975765734563,0.8793790330325433,-0.11833555480377654,0.9436692883264617,0.9791666666666666,1.0,7.020833333333333,7.565329269958525,5.685304445081692,rugby_championship,2025,south
v1_neural,rugby_championship_2025,runs,stable,position:Back-three,96,12,2.4700384714463843,1.7190932832599464,1.7000161030793495,1.011221764397432,0.6993523331578703,0.8208800610292958,0.9479166666666666,1.0,6.0,6.45727423345584,6.081072598331659,rugby_championship,2025,south
v1_neural,rugby_championship_2025,runs,stable,position:Centre,48,12,2.806239524743565,1.483730115195863,1.58157318760394,0.9381356024653479,2.7944375061396314,0.5991167293334365,1.0,1.0,7.5625,7.9584866527850195,4.59755906962961,rugby_championship,2025,south
v1_neural,rugby_championship_2025,runs,stable,position:Fly-half,48,12,2.2945533511472367,1.784873623212108,2.075097130091829,0.8601397965082832,-0.39117505519623336,1.0105280460562027,0.9166666666666666,1.0,4.541666666666667,4.881449595698357,3.113634822215916,rugby_championship,2025,south
v1_neural,rugby_championship_2025,runs,stable,position:Hooker,48,12,2.729634295064649,2.851807759239866,2.634569721079778,1.0824567429064103,-0.3692252787838909,0.7944049067316986,0.8333333333333334,1.0,3.375,4.713245408047892,3.504341515717858,rugby_championship,2025,south
v1_neural,rugby_championship_2025,runs,stable,position:Prop,96,12,1.680859682544077,1.4615602483100092,1.4683554531975307,0.99537223437777,2.016567987089092,0.3582035138017318,0.9375,1.0,3.1770833333333335,3.239821223212774,4.016956985994285,rugby_championship,2025,south
v1_neural,rugby_championship_2025,runs,stable,position:Scrum-half,48,12,1.373497726146401,1.2347490986408933,1.4689465673481203,0.8405677415959233,0.31003127044148127,0.944264984625976,0.8958333333333334,1.0,3.0,2.8487434918748105,1.7957641029007594,rugby_championship,2025,south
v1_neural,rugby_championship_2025,runs,stable,position:Second-row,72,12,1.9501290045387885,1.4471729425469428,1.4371777134378352,1.0069547621116377,1.0688754701011112,0.6610693820773298,0.9722222222222222,1.0,4.472222222222222,5.148244411844505,4.641614375650061,rugby_championship,2025,south
v1_neural,rugby_championship_2025,tackles,stable,all,552,12,2.5879363390377814,1.9999994067838083,2.054703673848875,0.9733760795966289,0.13073129696009866,1.0364635822389354,0.9547101449275363,1.0,6.144927536231884,5.80261221169017,28.680333448062424,rugby_championship,2025,south
v1_neural,rugby_championship_2025,tackles,stable,starter,360,12,2.9052749872304693,1.9551835897011516,2.0802920946182346,0.9398601257771725,-0.3937846081886906,1.111317343677577,0.9777777777777777,1.0,7.488888888888889,7.093089603903957,24.55588884823381,rugby_championship,2025,south
v1_neural,rugby_championship_2025,tackles,stable,bench,192,12,1.9929263736764924,2.084029063813789,2.0067253849063267,1.0385223008035407,1.3713564181295033,0.6661736618755733,0.9114583333333334,1.0,3.625,3.3829671012893185,8.384229030461375,rugby_championship,2025,south
v1_neural,rugby_championship_2025,tackles,stable,zero_minute,3,3,1.3859568810925602,2.7719137621851204,3.5226075476137564,0.7868925858808308,0.0,0.0,0.0,1.0,0.0,1.3859568810925602,1.3859568810925602,rugby_championship,2025,south
v1_neural,rugby_championship_2025,tackles,stable,low_history,14,6,1.75786406589437,1.8674175219259173,1.0099163781902567,1.8490813321319532,2.76185125028265,0.2520008992420077,1.0,1.0,3.4285714285714284,2.6457055522190607,3.3713358418728436,rugby_championship,2025,south
v1_neural,rugby_championship_2025,tackles,stable,south,552,12,2.5879363390377814,1.9999994067838083,2.054703673848875,0.9733760795966289,0.13073129696009866,1.0364635822389354,0.9547101449275363,1.0,6.144927536231884,5.80261221169017,28.680333448062424,rugby_championship,2025,south
v1_neural,rugby_championship_2025,tackles,stable,position:Back-row,96,12,3.618245528344991,2.427679939505081,2.500950955136806,0.9707027379000653,-1.563934621540513,1.2887522201166313,0.9791666666666666,1.0,9.229166666666666,8.374845932160968,10.165500004941359,rugby_championship,2025,south
v1_neural,rugby_championship_2025,tackles,stable,position:Back-three,96,12,1.9057073133997626,1.7572341082749503,1.9322540092024214,0.9094218979006211,0.8245310086519587,0.8336463185701429,0.9166666666666666,1.0,3.5729166666666665,3.2968245607186213,3.966712718926974,rugby_championship,2025,south
v1_neural,rugby_championship_2025,tackles,stable,position:Centre,48,12,2.7383581345407784,1.6417578558214079,1.8690323898285202,0.8783998954518042,-1.5956757998868105,1.3137623530783906,1.0,1.0,7.916666666666667,7.240535127425659,3.782936129687323,rugby_championship,2025,south
v1_neural,rugby_championship_2025,tackles,stable,position:Fly-half,48,12,1.8224100518673298,1.8725089376171187,1.7957935896203203,1.042719468674024,1.565833192869721,0.4631703650770774,0.8958333333333334,1.0,3.1041666666666665,3.3213123934234177,2.4396091755784077,rugby_championship,2025,south
v1_neural,rugby_championship_2025,tackles,stable,position:Hooker,48,12,2.558713031678631,1.9930277559560636,1.8106312857520488,1.1007363959958618,-5.052385955310551,1.7375965008989878,0.9375,1.0,6.354166666666667,6.564557776259192,2.834726364184579,rugby_championship,2025,south
v1_neural,rugby_championship_2025,tackles,stable,position:Prop,96,12,2.4629706668726317,1.8615202888964815,1.891087470019366,0.9843649849139016,2.4921907648941333,0.5399897117642442,0.9791666666666666,1.0,5.572916666666667,5.7051566625357415,5.200542395158073,rugby_championship,2025,south
v1_neural,rugby_championship_2025,tackles,stable,position:Scrum-half,48,12,2.237528077454251,2.2423626472966784,1.9099685336134364,1.1740311988566594,1.6708325437946054,0.7953741801094805,0.9166666666666666,1.0,4.229166666666667,3.2165164357232636,2.886874104618728,rugby_championship,2025,south
v1_neural,rugby_championship_2025,tackles,stable,position:Second-row,72,12,2.9536077241058183,2.1049782053130004,2.3967210544870357,0.878274174365078,0.9091739177909636,0.9411417575658554,0.9861111111111112,1.0,8.208333333333334,7.755642927183171,5.775307620810196,rugby_championship,2025,south
v1_neural,rugby_championship_2025,missed_tackles,stable,all,552,12,0.8700457696088846,1.2887145168744147,1.3399557423575517,0.9617590164634976,0.13375578750328698,1.0374454655981213,0.6177536231884058,1.0,1.1177536231884058,0.9484815041509786,7.392202058395632,rugby_championship,2025,south
v1_neural,rugby_championship_2025,missed_tackles,stable,starter,360,12,0.9630415000659879,1.278086045269786,1.3337222514913836,0.9582850131206969,0.04881083216281711,1.1093405051686451,0.7222222222222222,1.0,1.3805555555555555,1.2004832755929007,5.648041064682175,rugby_championship,2025,south
v1_neural,rugby_championship_2025,missed_tackles,stable,bench,192,12,0.6956787750018161,1.3086429011330936,1.351643537731617,0.9681864075859167,0.4899720750376348,0.28368511387887557,0.421875,1.0,0.625,0.47597818269737546,2.404510265048709,rugby_championship,2025,south
v1_neural,rugby_championship_2025,missed_tackles,stable,zero_minute,3,3,0.3537429421047995,0.707485884209599,0.7745824673315816,0.913377095465214,0.0,0.0,0.0,1.0,0.0,0.3537429421047995,0.3537429421047995,rugby_championship,2025,south
v1_neural,rugby_championship_2025,missed_tackles,stable,low_history,14,6,0.53003493461588,0.8039538949847744,0.8680032562839105,0.9262106900689017,-0.5774505310387031,1.875115609248535,0.2857142857142857,1.0,0.42857142857142855,0.536511964728032,0.6927974594215183,rugby_championship,2025,south
v1_neural,rugby_championship_2025,missed_tackles,stable,south,552,12,0.8700457696088846,1.2887145168744147,1.3399557423575517,0.9617590164634976,0.13375578750328698,1.0374454655981213,0.6177536231884058,1.0,1.1177536231884058,0.9484815041509786,7.392202058395632,rugby_championship,2025,south
v1_neural,rugby_championship_2025,missed_tackles,stable,position:Back-row,96,12,0.8320040008231598,1.059253953189397,1.1432376505386523,0.9265387233269606,-0.6048041427392663,1.7676087911180822,0.6770833333333334,1.0,1.2395833333333333,1.0434364692800335,1.7675010984602384,rugby_championship,2025,south
v1_neural,rugby_championship_2025,missed_tackles,stable,position:Back-three,96,12,0.9561948686915948,1.4630560145126736,1.4836297501555153,0.9861328369556588,0.3153283915537574,0.7331339043131408,0.5729166666666666,1.0,1.0729166666666667,1.0333559403758297,2.118116541042634,rugby_championship,2025,south
v1_neural,rugby_championship_2025,missed_tackles,stable,position:Centre,48,12,0.8669225369796875,0.8956953725839756,0.8777964444367218,1.0203907503393221,1.2979281506991571,0.14169474201759255,0.8541666666666666,1.0,1.5,1.4261069001117423,1.4705494597552395,rugby_championship,2025,south
v1_neural,rugby_championship_2025,missed_tackles,stable,position:Fly-half,48,12,0.9137470749684287,1.3958613505654724,1.3911029450914245,1.0034205990942928,-0.17920486397942653,1.3921007794525904,0.5416666666666666,1.0,1.1458333333333333,0.9518263453841315,1.4176169403880599,rugby_championship,2025,south
v1_neural,rugby_championship_2025,missed_tackles,stable,position:Hooker,48,12,0.7239939074500056,1.1327756743237591,1.0870364767890475,1.0420769666072465,-0.31338064038991914,1.4173078460537194,0.5208333333333334,1.0,0.8333333333333334,0.8090789710337853,1.1216874724004546,rugby_championship,2025,south
v1_neural,rugby_championship_2025,missed_tackles,stable,position:Prop,96,12,0.702417588750329,1.1982110933222392,1.1484903473606123,1.0432922628177868,0.6058257223510323,0.13174569522066853,0.4895833333333333,1.0,0.6979166666666666,0.6990053387428405,1.3924607418024955,rugby_championship,2025,south
v1_neural,rugby_championship_2025,missed_tackles,stable,position:Scrum-half,48,12,1.0457636461638413,1.7836818105701742,1.9249871955366535,0.9265941169405618,0.4084007405478385,0.8907978668711288,0.5625,1.0,1.1666666666666667,0.8512210842872685,1.317339166842877,rugby_championship,2025,south
v1_neural,rugby_championship_2025,missed_tackles,stable,position:Second-row,72,12,0.9825775122733619,1.447440409309179,1.7185683194322918,0.8422361758578928,0.5597980072993237,1.0228385025415785,0.7638888888888888,1.0,1.4583333333333333,0.8784723334146136,2.27309683891372,rugby_championship,2025,south
v1_neural,rugby_championship_2025,rucks_won,stable,all,552,12,1.8437638396882747,1.5287625005684795,1.745111993968041,0.8760254389704667,0.43652431946582,0.8615021475068478,0.9057971014492754,1.0,3.802536231884058,3.9071427995383874,17.229297059961638,rugby_championship,2025,south
v1_neural,rugby_championship_2025,rucks_won,stable,starter,360,12,2.1105376919633216,1.5208344003200251,1.7518298973739774,0.8681404527915533,0.7178364239154684,0.827939925343465,0.9666666666666667,1.0,4.716666666666667,4.829855549111626,15.647144618497661,rugby_championship,2025,south
v1_neural,rugby_championship_2025,rucks_won,stable,bench,192,12,1.3435628666725623,1.543627688534331,1.7325159250819109,0.8909746029961314,0.7551335000158578,0.6124821434444496,0.7916666666666666,1.0,2.0885416666666665,2.1770563940885648,5.697813931103679,rugby_championship,2025,south
v1_neural,rugby_championship_2025,rucks_won,stable,zero_minute,3,3,1.1876174300180862,2.3752348600361723,2.2172680386167793,1.07124389955034,0.0,0.0,0.0,1.0,0.0,1.1876174300180862,1.1876174300180862,rugby_championship,2025,south
v1_neural,rugby_championship_2025,rucks_won,stable,low_history,14,6,1.066432100821059,1.3005531335739329,0.6790512695608274,1.9152502791358572,0.11123541751158689,2.0683469950522535,0.7857142857142857,1.0,1.7142857142857142,0.7750393433059475,2.191574865619456,rugby_championship,2025,south
v1_neural,rugby_championship_2025,rucks_won,stable,south,552,12,1.8437638396882747,1.5287625005684795,1.745111993968041,0.8760254389704667,0.43652431946582,0.8615021475068478,0.9057971014492754,1.0,3.802536231884058,3.9071427995383874,17.229297059961638,rugby_championship,2025,south
v1_neural,rugby_championship_2025,rucks_won,stable,position:Back-row,96,12,2.5576181813052865,1.7248007643164318,2.391899920965533,0.7211007238213316,0.02889449263404875,0.9831190139941136,0.96875,1.0,6.020833333333333,6.094825504753345,4.951066883635018,rugby_championship,2025,south
v1_neural,rugby_championship_2025,rucks_won,stable,position:Back-three,96,12,1.8070843335333298,1.621402977541729,1.573755044018409,1.0302765882812717,0.9095876646961599,0.7475213957492978,0.8854166666666666,1.0,3.6770833333333335,3.7022293734657623,4.470527893011078,rugby_championship,2025,south
v1_neural,rugby_championship_2025,rucks_won,stable,position:Centre,48,12,2.1687077604367655,1.3300364053900626,1.8645296992307567,0.7133361329341076,1.4175998466860344,0.7208705831770302,1.0,1.0,5.5,5.663152649844522,3.2899528254378034,rugby_championship,2025,south
v1_neural,rugby_championship_2025,rucks_won,stable,position:Fly-half,48,12,1.3982849460530773,1.2728167534621146,1.6343071183587246,0.7788112400442571,0.2154316078156162,0.896377482862595,0.8333333333333334,1.0,2.4791666666666665,2.5254260644988302,1.5926430233951383,rugby_championship,2025,south
v1_neural,rugby_championship_2025,rucks_won,stable,position:Hooker,48,12,2.21970718418636,2.3190780796347545,2.0902961386058627,1.1094495353091354,0.20445774789826326,0.6727869021092526,0.8541666666666666,1.0,2.8333333333333335,3.9074416835305357,3.091036604831483,rugby_championship,2025,south
v1_neural,rugby_championship_2025,rucks_won,stable,position:Prop,96,12,1.5840927790233448,1.457828727126347,1.53090861018669,0.9522637193532858,1.9585661638835048,0.34077932416091017,0.9270833333333334,1.0,2.9479166666666665,2.9031999086775833,3.550295630959098,rugby_championship,2025,south
v1_neural,rugby_championship_2025,rucks_won,stable,position:Scrum-half,48,12,1.0493977732230133,1.230010434594815,1.3212136919690882,0.9309700936883668,0.7394926433129527,0.7326547584759496,0.7291666666666666,1.0,1.5625,1.12332220212293,1.6222567477577619,rugby_championship,2025,south
v1_neural,rugby_championship_2025,rucks_won,stable,position:Second-row,72,12,1.6463972698613492,1.213841430324501,1.4435427547511843,0.8408766739532592,0.5649443872396332,0.8261793108162593,0.9583333333333334,1.0,4.041666666666667,4.208193347267502,3.7294442968970856,rugby_championship,2025,south
v1_neural,rugby_championship_2025,rucks_lost,stable,all,552,12,0.2616849811484297,0.5996489727251263,0.5827058333931949,1.0290766598873202,0.03664247914273322,0.6872399749006736,0.1322463768115942,1.0,0.14855072463768115,0.16283721783081953,1.3535529539450606,rugby_championship,2025,south
v1_neural,rugby_championship_2025,rucks_lost,stable,starter,360,12,0.3260378898409699,0.7204813341376572,0.7152340782906422,1.0073364175537547,0.1220076740543763,0.375788004645866,0.17222222222222222,1.0,0.19722222222222222,0.20015154086338247,1.213527524031375,rugby_championship,2025,south
v1_neural,rugby_championship_2025,rucks_lost,stable,bench,192,12,0.1410232773499169,0.37308829507663055,0.33421537421048114,1.1163109894569605,0.10600002295178695,-0.5244627457394062,0.057291666666666664,1.0,0.057291666666666664,0.09287286214476399,0.680534684154706,rugby_championship,2025,south
v1_neural,rugby_championship_2025,rucks_lost,stable,zero_minute,3,3,0.07891895744227327,0.15783791488454654,0.12400709358919056,1.2728135973207337,0.0,0.0,0.0,1.0,0.0,0.07891895744227327,0.07891895744227327,rugby_championship,2025,south
v1_neural,rugby_championship_2025,rucks_lost,stable,low_history,14,6,0.3067182673094691,1.2637909572554131,1.0540390739154983,1.1989982046497931,0.2612838684732391,0.49165602616930354,0.2857142857142857,1.0,0.2857142857142857,0.04969005959592148,0.6146803913876013,rugby_championship,2025,south
v1_neural,rugby_championship_2025,rucks_lost,stable,south,552,12,0.2616849811484297,0.5996489727251263,0.5827058333931949,1.0290766598873202,0.03664247914273322,0.6872399749006736,0.1322463768115942,1.0,0.14855072463768115,0.16283721783081953,1.3535529539450606,rugby_championship,2025,south
v1_neural,rugby_championship_2025,rucks_lost,stable,position:Back-row,96,12,0.3222946855079727,0.6917242700756342,0.655092188055865,1.0559189724555917,0.05186880995685839,0.4627978055704212,0.125,1.0,0.15625,0.2255438309922119,0.723583491731337,rugby_championship,2025,south
v1_neural,rugby_championship_2025,rucks_lost,stable,position:Back-three,96,12,0.3122321900497936,0.6838621817654248,0.680386962231038,1.0051077103579282,-0.02968575912560748,1.1095018850040812,0.15625,1.0,0.1875,0.1957506896212334,0.6095202835722623,rugby_championship,2025,south
v1_neural,rugby_championship_2025,rucks_lost,stable,position:Centre,48,12,0.37066449002516166,0.7157773019383455,0.7260517639771038,0.9858488574113811,0.11489049297996151,0.6930468304402171,0.2708333333333333,1.0,0.2708333333333333,0.2250105382551397,0.5269314768191882,rugby_championship,2025,south
v1_neural,rugby_championship_2025,rucks_lost,stable,position:Fly-half,48,12,0.21332260156694685,0.44071634061575565,0.401993605923956,1.0963267428167123,0.028615808346459895,0.33776619536165126,0.08333333333333333,1.0,0.08333333333333333,0.1619982275854651,0.37484835498638214,rugby_championship,2025,south
v1_neural,rugby_championship_2025,rucks_lost,stable,position:Hooker,48,12,0.26867074706210164,0.6492563954090911,0.6515289245818565,0.9965120057037776,-0.2049800875541283,2.9571903872867096,0.16666666666666666,1.0,0.1875,0.13272060170405128,0.46497560445641145,rugby_championship,2025,south
v1_neural,rugby_championship_2025,rucks_lost,stable,position:Prop,96,12,0.1874544239689904,0.5454976288086192,0.49981790491792655,1.0913927321154961,0.21891297695565545,-1.1553454189769918,0.09375,1.0,0.10416666666666667,0.09931775242644902,0.5484374441626639,rugby_championship,2025,south
v1_neural,rugby_championship_2025,rucks_lost,stable,position:Scrum-half,48,12,0.20330772654946047,0.5775464577466534,0.5699397077679026,1.013346587147861,0.016377270425581743,1.5096557835366735,0.14583333333333334,1.0,0.14583333333333334,0.08575203984876245,0.3768533159152712,rugby_championship,2025,south
v1_neural,rugby_championship_2025,rucks_lost,stable,position:Second-row,72,12,0.20629941263317175,0.4469990195531664,0.45400598090750804,0.9845663677374128,-0.08479364150367383,1.1162720083782987,0.06944444444444445,1.0,0.08333333333333333,0.15061470105414473,0.4858100962431083,rugby_championship,2025,south
v1_neural,rugby_championship_2025,passes,stable,all,552,12,4.031050425049773,4.788670525232572,3.923787524227677,1.220420447250168,-2.726684026615606,1.9152319427987534,0.8623188405797102,1.0,6.771739130434782,4.95941141372685,47.026893727804406,rugby_championship,2025,south
v1_neural,rugby_championship_2025,passes,stable,starter,360,12,4.468721459905464,4.867192720242913,3.314185709546935,1.468593840780359,-4.180741563012422,2.068270436318072,0.9472222222222222,1.0,7.963888888888889,5.871877409571803,38.36950971605523,rugby_championship,2025,south
v1_neural,rugby_championship_2025,passes,stable,bench,192,12,3.210417234695354,4.641441409588183,5.066790926754068,0.916051496239973,-0.9605943123861344,1.6921621977532741,0.703125,1.0,4.536458333333333,3.2485376715175645,17.209684046065796,rugby_championship,2025,south
v1_neural,rugby_championship_2025,passes,stable,zero_minute,3,3,4.660685568221913,9.321371136443826,9.623861125998353,0.9685687495284646,0.0,0.0,0.0,1.0,0.0,4.660685568221913,4.660685568221913,rugby_championship,2025,south
v1_neural,rugby_championship_2025,passes,stable,low_history,14,6,6.181116843363887,8.192700835266495,2.8276463396080422,2.8973569715943106,-3.925090742293337,2.3085568066587276,0.7142857142857143,1.0,10.428571428571429,6.217591063587227,13.947413592734899,rugby_championship,2025,south
v1_neural,rugby_championship_2025,passes,stable,south,552,12,4.031050425049773,4.788670525232572,3.923787524227677,1.220420447250168,-2.726684026615606,1.9152319427987534,0.8623188405797102,1.0,6.771739130434782,4.95941141372685,47.026893727804406,rugby_championship,2025,south
v1_neural,rugby_championship_2025,passes,stable,position:Back-row,96,12,1.9207071485840652,1.5894270730578615,1.8314834850887294,0.8678358751243989,-0.5856468612781273,1.096852262626845,0.875,1.0,3.8541666666666665,4.047777152149835,4.557962942010924,rugby_championship,2025,south
v1_neural,rugby_championship_2025,passes,stable,position:Back-three,96,12,2.4358792179063564,2.376933918418563,3.7539883482018737,0.6331756249475555,-0.02956670544201163,0.9727609553454498,0.8854166666666666,1.0,4.197916666666667,4.34586045921981,6.6701755453835405,rugby_championship,2025,south
v1_neural,rugby_championship_2025,passes,stable,position:Centre,48,12,2.814053767673727,2.3230397738712685,2.7697933292073667,0.838705093760932,0.6836294071895983,0.9915096014137372,1.0,1.0,6.208333333333333,5.572012533480641,4.824677536314687,rugby_championship,2025,south
v1_neural,rugby_championship_2025,passes,stable,position:Fly-half,48,12,6.26528397272448,5.91038842874352,6.164732432673376,0.9587420854501615,0.4849416447361035,0.9944622032343575,0.875,1.0,10.875,10.447916795099504,7.261281175908326,rugby_championship,2025,south
v1_neural,rugby_championship_2025,passes,stable,position:Hooker,48,12,1.0227384836787536,1.0943169691843266,1.1231489869975788,0.9743293025706888,-0.4970404643951584,1.2236244497602442,0.7708333333333334,1.0,1.8958333333333333,1.955562262749285,1.7389990746494661,rugby_championship,2025,south
v1_neural,rugby_championship_2025,passes,stable,position:Prop,96,12,0.9445343135091786,1.4066003754715153,1.5587702197233853,0.9023782708147493,0.5524389620214423,0.6279154733285164,0.6875,1.0,1.3125,1.2104511996647425,2.1078624002493354,rugby_championship,2025,south
v1_neural,rugby_championship_2025,passes,stable,position:Scrum-half,48,12,22.64442341169402,32.23321075462425,17.09861008055503,1.8851363124117715,-9.726198765205906,2.942633811238681,0.9583333333333334,1.0,34.354166666666664,14.97990176810931,38.74852979711471,rugby_championship,2025,south
v1_neural,rugby_championship_2025,passes,stable,position:Second-row,72,12,2.00555926153481,1.8418882532368874,2.452525062104642,0.7510170973161291,0.9731175998798084,0.8938659687040357,0.9444444444444444,1.0,3.875,3.246440184234176,3.5823734242270397,rugby_championship,2025,south
v1_neural,rugby_championship_2025,bad_passes,stable,all,552,12,0.5021993009670129,0.8981577779335745,0.95400981868341,0.9414554864572415,0.05602233879514973,0.9182734409448915,0.32608695652173914,1.0,0.46195652173913043,0.44206242372237126,2.4411141317192984,rugby_championship,2025,south
v1_neural,rugby_championship_2025,bad_passes,stable,starter,360,12,0.589687510628422,0.9773656665860367,1.0391423226437573,0.9405503416504584,0.0663381540396247,0.9194475692291947,0.3972222222222222,1.0,0.5805555555555556,0.5592677807033817,2.659819856071951,rugby_championship,2025,south
v1_neural,rugby_championship_2025,bad_passes,stable,bench,192,12,0.33815890785187136,0.7496429867102082,0.7943863737577587,0.9436755355760992,0.07728606137284186,0.7300743807194695,0.19270833333333334,1.0,0.23958333333333334,0.2223023793829769,1.2700114258574362,rugby_championship,2025,south
v1_neural,rugby_championship_2025,bad_passes,stable,zero_minute,3,3,0.238624214754619,0.477248429509238,0.5709554994923813,0.8358767538512978,0.0,0.0,0.0,1.0,0.0,0.238624214754619,0.238624214754619,rugby_championship,2025,south
v1_neural,rugby_championship_2025,bad_passes,stable,low_history,14,6,0.6063152139216542,1.1611362274732222,1.2355661225394345,0.9397604922080268,-0.41768854015185775,2.942255555410125,0.21428571428571427,1.0,0.5714285714285714,0.3361764785392867,1.2302387488709046,rugby_championship,2025,south
v1_neural,rugby_championship_2025,bad_passes,stable,south,552,12,0.5021993009670129,0.8981577779335745,0.95400981868341,0.9414554864572415,0.05602233879514973,0.9182734409448915,0.32608695652173914,1.0,0.46195652173913043,0.44206242372237126,2.4411141317192984,rugby_championship,2025,south
v1_neural,rugby_championship_2025,bad_passes,stable,position:Back-row,96,12,0.49901785859834985,0.9183545137394452,0.9263151996379069,0.9914060722510292,0.08376521616077713,0.7441388099714235,0.28125,1.0,0.3645833333333333,0.37737329838144107,1.1058383613171114,rugby_championship,2025,south
v1_neural,rugby_championship_2025,bad_passes,stable,position:Back-three,96,12,0.566486159620438,0.9899510611474915,1.1404328630812843,0.8680485219206918,0.010606064544971467,0.9886704530509723,0.375,1.0,0.5,0.4950020848148043,1.123616939870824,rugby_championship,2025,south
v1_neural,rugby_championship_2025,bad_passes,stable,position:Centre,48,12,0.5903764425119541,0.8966532569087161,0.9105146880579295,0.9847762684874651,0.21311063571265962,0.6658077347797237,0.5,1.0,0.6041666666666666,0.5873407750112493,0.6243733267572084,rugby_championship,2025,south
v1_neural,rugby_championship_2025,bad_passes,stable,position:Fly-half,48,12,0.8307939482037122,1.2748176668445765,1.202639982855106,1.0600160355704442,0.25105775432157057,0.8115424655387818,0.5208333333333334,1.0,0.9583333333333334,0.8715201102165414,1.1607204278360388,rugby_championship,2025,south
v1_neural,rugby_championship_2025,bad_passes,stable,position:Hooker,48,12,0.25135648168329355,0.5182475011559575,0.5267213791067112,0.9839120296101804,-0.16775259199142145,1.6585055591055624,0.10416666666666667,1.0,0.125,0.17651589431470102,0.46463950490518413,rugby_championship,2025,south
v1_neural,rugby_championship_2025,bad_passes,stable,position:Prop,96,12,0.23382507468259806,0.6081976620216405,0.6295536853554391,0.9660775183585159,0.13162726715575682,0.21485557999122287,0.15625,1.0,0.15625,0.11460131891966228,0.6722817792413007,rugby_championship,2025,south
v1_neural,rugby_championship_2025,bad_passes,stable,position:Scrum-half,48,12,0.8024395016595892,1.142860762727095,1.1745167763787798,0.973047627510877,-0.040051148616955606,0.9649442568980984,0.5416666666666666,1.0,0.9791666666666666,1.056245278416383,1.1900261613219119,rugby_championship,2025,south
v1_neural,rugby_championship_2025,bad_passes,stable,position:Second-row,72,12,0.46777826750621887,0.9754858565217385,1.1760777282076185,0.8294399537761942,0.13158731524696393,0.9728400742617505,0.3055555555555556,1.0,0.4027777777777778,0.2787616070777197,0.9134161817470882,rugby_championship,2025,south
v1_neural,rugby_championship_2025,turnovers_conceded,stable,all,552,12,0.5971159836389183,1.0181484366213431,1.0453804109342233,0.9739501773440122,-0.01962850135688087,1.0548099163301892,0.40217391304347827,1.0,0.6105072463768116,0.5973927036313917,1.9853502181666547,rugby_championship,2025,south
v1_neural,rugby_championship_2025,turnovers_conceded,stable,starter,360,12,0.6731346400624136,1.0219938783426337,1.051959128098255,0.9715148155900383,-0.16283862635304236,1.1960188178831967,0.49444444444444446,1.0,0.7583333333333333,0.7701985503177403,1.9167748384393413,rugby_championship,2025,south
v1_neural,rugby_championship_2025,turnovers_conceded,stable,bench,192,12,0.45458100284486463,1.0109382333939227,1.0330453162516646,0.9786000841299431,0.020242649338202672,1.14525089620714,0.22916666666666666,1.0,0.3333333333333333,0.27338174109448804,1.36059451219102,rugby_championship,2025,south
v1_neural,rugby_championship_2025,turnovers_conceded,stable,zero_minute,3,3,0.28440777965466707,0.5688155593093341,0.6889554094427233,0.8256202818255438,0.0,0.0,0.0,1.0,0.0,0.28440777965466707,0.28440777965466707,rugby_championship,2025,south
v1_neural,rugby_championship_2025,turnovers_conceded,stable,low_history,14,6,0.4219590057562167,1.0209774679953887,0.9185829588281343,1.1114700726626612,0.20271686230521668,1.0283964642295118,0.35714285714285715,1.0,0.42857142857142855,0.2196181862949377,0.8187859738507495,rugby_championship,2025,south
v1_neural,rugby_championship_2025,turnovers_conceded,stable,south,552,12,0.5971159836389183,1.0181484366213431,1.0453804109342233,0.9739501773440122,-0.01962850135688087,1.0548099163301892,0.40217391304347827,1.0,0.6105072463768116,0.5973927036313917,1.9853502181666547,rugby_championship,2025,south
v1_neural,rugby_championship_2025,turnovers_conceded,stable,position:Back-row,96,12,0.5804448755378645,0.9321795161189353,0.9671119321320484,0.963879655650507,-0.16178632257599382,1.0455875166980173,0.3541666666666667,1.0,0.4583333333333333,0.5930824976446502,1.3709389948498447,rugby_championship,2025,south
v1_neural,rugby_championship_2025,turnovers_conceded,stable,position:Back-three,96,12,0.8506973967058286,1.2813770444405816,1.3226310629622688,0.9688091262356326,0.11284971347134837,1.049190760397861,0.6145833333333334,1.0,1.125,0.964696149387397,1.3001624410295198,rugby_championship,2025,south
v1_neural,rugby_championship_2025,turnovers_conceded,stable,position:Centre,48,12,0.6559183409117545,0.9640883485110686,1.0313431103719288,0.9347891490382804,-0.3352731563065486,1.611216307390418,0.6875,1.0,0.9791666666666666,0.8158059330358493,1.0057117267474214,rugby_championship,2025,south
v1_neural,rugby_championship_2025,turnovers_conceded,stable,position:Fly-half,48,12,0.7473665270564688,1.2606899805285001,1.328377033763805,0.9490453000052844,0.21750857960593423,0.655949469269639,0.4791666666666667,1.0,0.7916666666666666,0.875308410112784,0.8888687295435949,rugby_championship,2025,south
v1_neural,rugby_championship_2025,turnovers_conceded,stable,position:Hooker,48,12,0.4131597661174146,0.7320845551478797,0.7239673745126834,1.0112120807110405,-0.2511028571447747,1.3788202122071709,0.1875,1.0,0.22916666666666666,0.34831917864232764,0.7246318797313926,rugby_championship,2025,south
v1_neural,rugby_championship_2025,turnovers_conceded,stable,position:Prop,96,12,0.3269610100295325,0.7407950437516564,0.7053530166105935,1.0502472184940403,0.24542998452967724,-0.40539956906343944,0.125,1.0,0.15625,0.21998046208017005,0.9034291320224259,rugby_championship,2025,south
v1_neural,rugby_championship_2025,turnovers_conceded,stable,position:Scrum-half,48,12,0.6462483862818711,1.1854665824619695,1.2421652456221133,0.9543549754270033,0.25398698133669734,0.7635833899786035,0.4791666666666667,1.0,0.7083333333333334,0.5950186423114413,1.0275970483044,rugby_championship,2025,south
v1_neural,rugby_championship_2025,turnovers_conceded,stable,position:Second-row,72,12,0.5919561512890668,1.1051162305824531,1.1372199587088117,0.971769992356792,0.23755435429245617,0.7014260883897624,0.4027777777777778,1.0,0.5555555555555556,0.453363806289445,1.2933109905836317,rugby_championship,2025,south
v1_neural,rugby_championship_2025,penalties_conceded,stable,all,552,12,0.5287044752996874,0.9384218226265647,0.949525980713103,0.9883055774016852,0.017798135632273556,1.0023846786595019,0.33695652173913043,1.0,0.4420289855072464,0.42322160235160433,1.954079921703692,rugby_championship,2025,south
v1_neural,rugby_championship_2025,penalties_conceded,stable,starter,360,12,0.6080166848033587,1.0494764124924543,1.0651899012489088,0.9852481808755126,0.08649885340176008,0.8872101157815933,0.39444444444444443,1.0,0.5361111111111111,0.506770887427565,2.2641847828095476,rugby_championship,2025,south
v1_neural,rugby_championship_2025,penalties_conceded,stable,bench,192,12,0.37999408248030364,0.730194466628022,0.7326561297084672,0.9966400839621383,-0.04187550346267324,1.1535593595481888,0.22916666666666666,1.0,0.265625,0.26656669283417805,0.9881814177023438,rugby_championship,2025,south
v1_neural,rugby_championship_2025,penalties_conceded,stable,zero_minute,3,3,0.10702590340990954,0.21405180681981908,0.22930564451590318,0.9334781412455541,0.0,0.0,0.0,1.0,0.0,0.10702590340990954,0.10702590340990954,rugby_championship,2025,south
v1_neural,rugby_championship_2025,penalties_conceded,stable,low_history,14,6,0.45146577404943933,0.8364128417716105,0.7477029600910338,1.1186432131682027,0.13055731609105165,1.368041874042443,0.42857142857142855,1.0,0.5714285714285714,0.32226444504566515,0.77603670748913,rugby_championship,2025,south
v1_neural,rugby_championship_2025,penalties_conceded,stable,south,552,12,0.5287044752996874,0.9384218226265647,0.949525980713103,0.9883055774016852,0.017798135632273556,1.0023846786595019,0.33695652173913043,1.0,0.4420289855072464,0.42322160235160433,1.954079921703692,rugby_championship,2025,south
v1_neural,rugby_championship_2025,penalties_conceded,stable,position:Back-row,96,12,0.6197450003741832,1.0232650474276255,1.0248392264718815,0.9984639746375875,-0.0983630105160079,1.300214029130398,0.4270833333333333,1.0,0.5833333333333334,0.5242954841098498,1.1955037176941206,rugby_championship,2025,south
v1_neural,rugby_championship_2025,penalties_conceded,stable,position:Back-three,96,12,0.4556636223183445,0.8803165324850326,0.8691123488578653,1.0128915250621984,-0.0357546917843203,1.3729186135639626,0.28125,1.0,0.3541666666666667,0.2840090844414944,1.0597867162277532,rugby_championship,2025,south
v1_neural,rugby_championship_2025,penalties_conceded,stable,position:Centre,48,12,0.6647277983987993,1.1519496782562226,1.1161761656937008,1.0320500595354396,1.2274662576931605,-1.3068751433766101,0.4791666666666667,1.0,0.6458333333333334,0.44505622997545585,0.8406179438605056,rugby_championship,2025,south
v1_neural,rugby_championship_2025,penalties_conceded,stable,position:Fly-half,48,12,0.39649994815685946,0.9017960001701789,0.9624843988493152,0.9369460962154903,0.14119280545442864,0.7280202735560445,0.22916666666666666,1.0,0.2916666666666667,0.20668910836403262,0.6591371074284327,rugby_championship,2025,south
v1_neural,rugby_championship_2025,penalties_conceded,stable,position:Hooker,48,12,0.4927099805080557,0.904012175305786,0.8476651316835883,1.0664732351445012,0.03432381257690867,0.643174631019973,0.22916666666666666,1.0,0.2916666666666667,0.40011350211629626,0.7187629015560768,rugby_championship,2025,south
v1_neural,rugby_championship_2025,penalties_conceded,stable,position:Prop,96,12,0.6513449033708004,1.0505319828417226,1.0796742932915264,0.9730082390301618,0.00754230258592211,1.1030160395699764,0.4895833333333333,1.0,0.6770833333333334,0.6070093332536121,1.502545454056469,rugby_championship,2025,south
v1_neural,rugby_championship_2025,penalties_conceded,stable,position:Scrum-half,48,12,0.28169078371582795,0.5657108827913483,0.5673716050420011,0.9970729549454103,0.08724843934910054,0.07501992586848948,0.10416666666666667,1.0,0.10416666666666667,0.22551644941937096,0.4788585130074751,rugby_championship,2025,south
v1_neural,rugby_championship_2025,penalties_conceded,stable,position:Second-row,72,12,0.5273106020268045,0.9067700654487977,0.9857331597930218,0.91989404682216,0.02701087432007586,0.6327909554512473,0.2916666666666667,1.0,0.3472222222222222,0.506030222372255,0.867164844837883,rugby_championship,2025,south
v1_neural,rugby_championship_2025,yellow_cards,stable,all,552,12,0.05298375056491439,0.13544626159234674,0.13613563810458357,0.9949361054766039,0.0004355613517400259,1.2731570888216752,0.030797101449275364,1.0,0.030797101449275364,0.023847442208121718,0.6631244659332594,rugby_championship,2025,south
v1_neural,rugby_championship_2025,yellow_cards,stable,starter,360,12,0.06730514833570071,0.17762656274313754,0.176740238560106,1.005014840934087,0.05129436931460558,-0.3447349588420705,0.041666666666666664,1.0,0.041666666666666664,0.027927839637376505,0.628220701661209,rugby_championship,2025,south
v1_neural,rugby_championship_2025,yellow_cards,stable,bench,192,12,0.026131129744690045,0.056358196934613976,0.06000201225047899,0.9392717814086988,-0.03903202574730258,3.05301089028607,0.010416666666666666,1.0,0.010416666666666666,0.016196697028268987,0.19120199612166786,rugby_championship,2025,south
v1_neural,rugby_championship_2025,yellow_cards,stable,zero_minute,3,3,0.011012164792462123,0.011080450884047558,0.011384192178935647,0.9733190295706614,0.0,0.0,0.0,1.0,0.0,0.011012164792462123,0.011012164792462123,rugby_championship,2025,south
v1_neural,rugby_championship_2025,yellow_cards,stable,low_history,14,6,0.01809097283956228,0.01828821722835493,0.01617722014844019,1.1304919547700094,0.0,0.0,0.0,1.0,0.0,0.01809097283956228,0.04221226995897865,rugby_championship,2025,south
v1_neural,rugby_championship_2025,yellow_cards,stable,south,552,12,0.05298375056491439,0.13544626159234674,0.13613563810458357,0.9949361054766039,0.0004355613517400259,1.2731570888216752,0.030797101449275364,1.0,0.030797101449275364,0.023847442208121718,0.6631244659332594,rugby_championship,2025,south
v1_neural,rugby_championship_2025,yellow_cards,stable,position:Back-row,96,12,0.05674832506550718,0.1351605097435702,0.14393024497417758,0.9390695455831346,-0.027479568011475393,2.1391847164520406,0.03125,1.0,0.03125,0.02745418268922645,0.20853752648030474,rugby_championship,2025,south
v1_neural,rugby_championship_2025,yellow_cards,stable,position:Back-three,96,12,0.08659787900447331,0.2548215123050201,0.23454862257424156,1.086433633710049,0.07704389719662522,-0.5309471846682718,0.0625,1.0,0.0625,0.02739236145627555,0.3164233268062126,rugby_championship,2025,south
v1_neural,rugby_championship_2025,yellow_cards,stable,position:Centre,48,12,0.0838188540658787,0.25555250060008566,0.2727395045816366,0.936983811685386,0.07511484535871932,-0.5179770464804844,0.0625,1.0,0.0625,0.024354062490671794,0.16165095021999862,rugby_championship,2025,south
v1_neural,rugby_championship_2025,yellow_cards,stable,position:Fly-half,48,12,0.060654923327186916,0.18321281700005945,0.19070851629465402,0.9606955187936477,0.03285216979829837,0.42398343821920875,0.041666666666666664,1.0,0.041666666666666664,0.020789719771579857,0.11849970956784356,rugby_championship,2025,south
v1_neural,rugby_championship_2025,yellow_cards,stable,position:Hooker,48,12,0.04165865111166848,0.10011551948500269,0.09462245359491062,1.0580524566992155,0.004742068231803489,0.7386352408409453,0.020833333333333332,1.0,0.020833333333333332,0.021785130483633217,0.08141167397286338,rugby_championship,2025,south
v1_neural,rugby_championship_2025,yellow_cards,stable,position:Prop,96,12,0.04205497971267743,0.09286805930893582,0.09869628138038743,0.9409479061425938,-0.11877932145048932,6.171373042932342,0.020833333333333332,1.0,0.020833333333333332,0.022622624465022667,0.1563159879292426,rugby_championship,2025,south
v1_neural,rugby_championship_2025,yellow_cards,stable,position:Scrum-half,48,12,0.012911454737181869,0.013003067883035025,0.015658355245452716,0.8304236095812935,0.0,0.0,0.0,1.0,0.0,0.012911454737181869,0.025822909474363737,rugby_championship,2025,south
v1_neural,rugby_championship_2025,yellow_cards,stable,position:Second-row,72,12,0.02631125379285577,0.02669862708583509,0.024987140418962675,1.0684946992002964,0.0,0.0,0.0,1.0,0.0,0.02631125379285577,0.07893376137856732,rugby_championship,2025,south
v1_neural,rugby_championship_2025,red_cards,stable,all,552,12,0.002739058688479814,0.00274416135973464,0.0035481496850074015,0.7734063112754263,0.0,0.0,0.0,1.0,0.0,0.002739058688479814,0.06299834983503572,rugby_championship,2025,south
v1_neural,rugby_championship_2025,red_cards,stable,starter,360,12,0.0031360533783590305,0.0031425324167791806,0.00465338098734427,0.675322400062638,0.0,0.0,0.0,1.0,0.0,0.0031360533783590305,0.047040800675385464,rugby_championship,2025,south
v1_neural,rugby_championship_2025,red_cards,stable,bench,192,12,0.0019946936449562816,0.001997215627776125,0.001475840993125774,1.3532729047904406,0.0,0.0,0.0,1.0,0.0,0.0019946936449562816,0.015957549159650256,rugby_championship,2025,south
v1_neural,rugby_championship_2025,red_cards,stable,zero_minute,3,3,0.001843602276790775,0.001845473196737058,1.0000000494736474e-07,18454.731054347725,0.0,0.0,0.0,1.0,0.0,0.001843602276790775,0.001843602276790775,rugby_championship,2025,south
v1_neural,rugby_championship_2025,red_cards,stable,low_history,14,6,0.0025080060503924026,0.002512540154916488,0.0017428247662031322,1.4416481815267266,0.0,0.0,0.0,1.0,0.0,0.0025080060503924026,0.005852014117582273,rugby_championship,2025,south
v1_neural,rugby_championship_2025,red_cards,stable,south,552,12,0.002739058688479814,0.00274416135973464,0.0035481496850074015,0.7734063112754263,0.0,0.0,0.0,1.0,0.0,0.002739058688479814,0.06299834983503572,rugby_championship,2025,south
v1_neural,rugby_championship_2025,red_cards,stable,position:Back-row,96,12,0.0036021125889974972,0.0036095414033493374,0.005195321371467888,0.6947676852432126,0.0,0.0,0.0,1.0,0.0,0.0036021125889974972,0.014408450355989989,rugby_championship,2025,south
v1_neural,rugby_championship_2025,red_cards,stable,position:Back-three,96,12,0.003481432285688592,0.0034905831561165683,0.0033391351408138883,1.0453554614940699,0.0,0.0,0.0,1.0,0.0,0.003481432285688592,0.013925729142754367,rugby_championship,2025,south
v1_neural,rugby_championship_2025,red_cards,stable,position:Centre,48,12,0.002728032325653823,0.002731928468720422,0.004451045924259424,0.6137722493112598,0.0,0.0,0.0,1.0,0.0,0.002728032325653823,0.005456064651307646,rugby_championship,2025,south
v1_neural,rugby_championship_2025,red_cards,stable,position:Fly-half,48,12,0.00276156203897562,0.0027669101069400675,0.0022272251746926278,1.2423126940103486,0.0,0.0,0.0,1.0,0.0,0.00276156203897562,0.00552312407795124,rugby_championship,2025,south
v1_neural,rugby_championship_2025,red_cards,stable,position:Hooker,48,12,0.001835111945243809,0.0018369064131269486,0.00073696980915275,2.4925124344492886,0.0,0.0,0.0,1.0,0.0,0.001835111945243809,0.003670223890487618,rugby_championship,2025,south
v1_neural,rugby_championship_2025,red_cards,stable,position:Prop,96,12,0.0024035609939352842,0.0024068394614206088,0.0025908191303633554,0.9289878375581765,0.0,0.0,0.0,1.0,0.0,0.0024035609939352842,0.009614243975741137,rugby_championship,2025,south
v1_neural,rugby_championship_2025,red_cards,stable,position:Scrum-half,48,12,0.0007874696046508813,0.0007878771314256625,0.0014792974941716889,0.5326022213448167,0.0,0.0,0.0,1.0,0.0,0.0007874696046508813,0.0015749392093017624,rugby_championship,2025,south
v1_neural,rugby_championship_2025,red_cards,stable,position:Second-row,72,12,0.002941858177167319,0.0029468703166414824,0.006439087793345576,0.4576533837117273,0.0,0.0,0.0,1.0,0.0,0.002941858177167319,0.008825574531501956,rugby_championship,2025,south
v1_neural,rugby_championship_2025,metres,stable,all,552,12,14.432740198602634,1.479885912017809,1.3216215681153516,1.1197501219113306,2.583711260691739,0.5899308536531811,0.8496376811594203,1.0,17.320652173913043,24.98079363363003,187.7137269582512,rugby_championship,2025,south
v1_neural,rugby_championship_2025,metres,stable,starter,360,12,18.14959811684593,1.2824240941394018,1.0939803906679486,1.1722551017174958,3.932591069951812,0.5686696012898049,0.9305555555555556,1.0,22.822222222222223,33.21723389016513,156.4839796977209,rugby_championship,2025,south
v1_neural,rugby_championship_2025,metres,stable,bench,192,12,7.463631601896458,1.8501268205398222,1.7484487758292324,1.0581532877120563,2.954624143534541,0.42470225063695016,0.6979166666666666,1.0,7.005208333333333,9.537468152626703,41.04097933363955,rugby_championship,2025,south
v1_neural,rugby_championship_2025,metres,stable,zero_minute,3,3,8.548020913622855,5.038734536834844,6.150001790629184,0.8193061902050844,0.0,0.0,0.0,1.0,0.0,8.548020913622855,8.548020913622855,rugby_championship,2025,south
v1_neural,rugby_championship_2025,metres,stable,low_history,14,6,4.235059253050701,1.3415261073736668,1.7116977793268866,0.7837400524648765,-3.648879855280039,1.7171969727370728,0.6428571428571429,1.0,5.071428571428571,5.078222571525471,5.4434127501374485,rugby_championship,2025,south
v1_neural,rugby_championship_2025,metres,stable,south,552,12,14.432740198602634,1.479885912017809,1.3216215681153516,1.1197501219113306,2.583711260691739,0.5899308536531811,0.8496376811594203,1.0,17.320652173913043,24.98079363363003,187.7137269582512,rugby_championship,2025,south
v1_neural,rugby_championship_2025,metres,stable,position:Back-row,96,12,12.622514404112776,0.8656151066122844,0.8731407247534589,0.9913809791161676,3.682619359038398,0.6681498712814498,0.9583333333333334,1.0,21.510416666666668,26.682332922456776,31.167201488641826,rugby_championship,2025,south
v1_neural,rugby_championship_2025,metres,stable,position:Back-three,96,12,31.219741203055133,1.8578202814084388,1.615938381404355,1.1496851011075513,10.317401720334365,0.45581161478981824,0.90625,1.0,35.125,54.42511220585023,88.57385731109207,rugby_championship,2025,south
v1_neural,rugby_championship_2025,metres,stable,position:Centre,48,12,19.55761888289791,1.2775728688395263,1.085562193695931,1.1768767153633741,-0.14089172586796295,0.6932030114530058,0.9791666666666666,1.0,27.416666666666668,39.75395077233134,35.75993053055294,rugby_championship,2025,south
v1_neural,rugby_championship_2025,metres,stable,position:Fly-half,48,12,20.43987883393697,2.113297013891038,1.8279738911679682,1.1560870886075758,3.6814940060786188,0.5543422873308588,0.7916666666666666,1.0,19.6875,28.87386793273487,33.36523709683224,rugby_championship,2025,south
v1_neural,rugby_championship_2025,metres,stable,position:Hooker,48,12,8.859586082328256,2.400723609023915,1.9799702114728035,1.2125049130098444,-2.3985807602513973,0.7906036828491613,0.6666666666666666,1.0,7.958333333333333,13.100007397209046,12.73114539057199,rugby_championship,2025,south
v1_neural,rugby_championship_2025,metres,stable,position:Prop,96,12,4.490160635420042,1.293263431598563,1.198268213148116,1.0792770912289107,1.4401201005906483,0.6051373386914213,0.71875,1.0,4.65625,5.3147107173457,11.382319278019509,rugby_championship,2025,south
v1_neural,rugby_championship_2025,metres,stable,position:Scrum-half,48,12,9.141958379633286,1.4698099858780527,1.6979309077891696,0.8656477004661238,-0.06286836436959505,0.7195624712477701,0.7916666666666666,1.0,9.9375,13.89784593272116,14.76460128837716,rugby_championship,2025,south
v1_neural,rugby_championship_2025,metres,stable,position:Second-row,72,12,7.541758413305319,1.1492579142224646,0.8216774603925407,1.3986727999979804,4.28215839101266,0.27544737490159266,0.9166666666666666,1.0,7.736111111111111,12.539428706962326,16.68664261908859,rugby_championship,2025,south
v1_neural,rugby_championship_2025,dominant_tackles,extended,all,552,12,0.3436778794156675,0.6597150269082422,0.6310434331360816,1.045435214545649,0.03642912459947445,0.4866231695625778,0.15760869565217392,1.0,0.17391304347826086,0.28252645471519516,3.8711439075583165,rugby_championship,2025,south
v1_neural,rugby_championship_2025,dominant_tackles,extended,starter,360,12,0.414509247039751,0.7620845871797263,0.7199047804465768,1.0585908135058975,0.08214955016158743,0.3789254543975657,0.2,1.0,0.21666666666666667,0.35499625307289306,2.9251698441167626,rugby_championship,2025,south
v1_neural,rugby_championship_2025,dominant_tackles,extended,bench,192,12,0.21086906512051096,0.4677721013992098,0.4644284069289031,1.0071995907666746,-0.017955141351236457,0.7617354660301247,0.078125,1.0,0.09375,0.14664558279451156,1.1076788729107105,rugby_championship,2025,south
v1_neural,rugby_championship_2025,dominant_tackles,extended,zero_minute,3,3,0.08086222408919937,0.16172444817839873,0.12365141849635315,1.307906129545683,0.0,0.0,0.0,1.0,0.0,0.08086222408919937,0.08086222408919937,rugby_championship,2025,south
v1_neural,rugby_championship_2025,dominant_tackles,extended,low_history,14,6,0.08514508782109785,0.1702901756421957,0.22100150275437988,0.7705385416833815,0.0,0.0,0.0,1.0,0.0,0.08514508782109785,0.1986718715825616,rugby_championship,2025,south
v1_neural,rugby_championship_2025,dominant_tackles,extended,south,552,12,0.3436778794156675,0.6597150269082422,0.6310434331360816,1.045435214545649,0.03642912459947445,0.4866231695625778,0.15760869565217392,1.0,0.17391304347826086,0.28252645471519516,3.8711439075583165,rugby_championship,2025,south
v1_neural,rugby_championship_2025,dominant_tackles,extended,position:Back-row,96,12,0.47079695700524593,0.8421906258052868,0.7487038984257994,1.124864753043292,-0.013233607216624017,0.4537829371111837,0.1875,1.0,0.19791666666666666,0.4653111798947072,1.3697023882359962,rugby_championship,2025,south
v1_neural,rugby_championship_2025,dominant_tackles,extended,position:Back-three,96,12,0.32521970991794236,0.6233823922007171,0.622389634907845,1.0015950736278232,-0.09920215280100343,1.3006920542485432,0.17708333333333334,1.0,0.19791666666666666,0.22843133276410046,0.7778408150983586,rugby_championship,2025,south
v1_neural,rugby_championship_2025,dominant_tackles,extended,position:Centre,48,12,0.4533296555515393,0.8303398405388623,0.7488826919071941,1.1087715733210761,0.4742887800749931,-0.653255491347325,0.20833333333333334,1.0,0.22916666666666666,0.37523161558545426,0.6505966984617103,rugby_championship,2025,south
v1_neural,rugby_championship_2025,dominant_tackles,extended,position:Fly-half,48,12,0.17868558473503712,0.4196719032850417,0.39678745418259415,1.057674326295399,0.06781393257713293,0.1346621292367103,0.08333333333333333,1.0,0.08333333333333333,0.11524695802871382,0.33929221175338514,rugby_championship,2025,south
v1_neural,rugby_championship_2025,dominant_tackles,extended,position:Hooker,48,12,0.391438784164355,0.7279222717980263,0.7214954575480658,1.0089076295390706,-0.0063055330429337255,0.7903724751770854,0.20833333333333334,1.0,0.22916666666666666,0.2979256073623288,0.5893116309223031,rugby_championship,2025,south
v1_neural,rugby_championship_2025,dominant_tackles,extended,position:Prop,96,12,0.2768415243697139,0.5788144274915612,0.5337426824400848,1.0844447081605393,0.005943565836167565,0.3372178988538156,0.0625,1.0,0.08333333333333333,0.22949483927220118,0.9463554863112874,rugby_championship,2025,south
v1_neural,rugby_championship_2025,dominant_tackles,extended,position:Scrum-half,48,12,0.1166970411883681,0.26527314764691284,0.2976570456500277,0.8912039930639154,-0.019700792359379115,0.7240458273679656,0.041666666666666664,1.0,0.041666666666666664,0.0847563188771177,0.2239421820983755,rugby_championship,2025,south
v1_neural,rugby_championship_2025,dominant_tackles,extended,position:Second-row,72,12,0.44428544337004827,0.8364938367872082,0.8550029334863984,0.9783520079589474,0.19845780031391783,0.3034394782242135,0.2777777777777778,1.0,0.3055555555555556,0.3529460170060745,0.7078353220387665,rugby_championship,2025,south
v1_neural,rugby_championship_2025,tackle_turnover,extended,all,552,12,0.17022553982735414,0.39890722809466533,0.384503705737486,1.0374600352148833,0.00868737020061018,0.5044992055493752,0.06159420289855073,1.0,0.06884057971014493,0.11923350690717303,1.634125649060531,rugby_championship,2025,south
v1_neural,rugby_championship_2025,tackle_turnover,extended,starter,360,12,0.21698665830266195,0.4922828156960029,0.47872726084472195,1.0283158197996956,0.03273217463371007,0.36595064000094835,0.07777777777777778,1.0,0.08888888888888889,0.15345434087786625,1.3872054452558358,rugby_championship,2025,south
v1_neural,rugby_championship_2025,tackle_turnover,extended,bench,192,12,0.08254844268615193,0.2238280013421571,0.20783453991141862,1.0769528560438273,-0.00012412138079433195,0.569719240849116,0.03125,1.0,0.03125,0.05506944321212321,0.5005053847484396,rugby_championship,2025,south
v1_neural,rugby_championship_2025,tackle_turnover,extended,zero_minute,3,3,0.0387381268279671,0.0774762536559342,0.09964912280701754,0.7774905736599032,0.0,0.0,0.0,1.0,0.0,0.0387381268279671,0.0387381268279671,rugby_championship,2025,south
v1_neural,rugby_championship_2025,tackle_turnover,extended,low_history,14,6,0.1176399821876316,0.4045004078196626,0.34812467241793593,1.1619412235569608,0.13547247954936115,-1.2155673087585466,0.07142857142857142,1.0,0.07142857142857142,0.052686435098519946,0.25699733601658886,rugby_championship,2025,south
v1_neural,rugby_championship_2025,tackle_turnover,extended,south,552,12,0.17022553982735414,0.39890722809466533,0.384503705737486,1.0374600352148833,0.00868737020061018,0.5044992055493752,0.06159420289855073,1.0,0.06884057971014493,0.11923350690717303,1.634125649060531,rugby_championship,2025,south
v1_neural,rugby_championship_2025,tackle_turnover,extended,position:Back-row,96,12,0.1838149979871804,0.37800254982150056,0.3536478593976941,1.0688670658583528,-0.008738481102106448,0.40558282793620204,0.052083333333333336,1.0,0.052083333333333336,0.14996151278132278,0.6096898193382992,rugby_championship,2025,south
v1_neural,rugby_championship_2025,tackle_turnover,extended,position:Back-three,96,12,0.2358430276480077,0.533516279973195,0.5445349710066983,0.9797649524453264,0.012617024092138744,0.7513567833707956,0.11458333333333333,1.0,0.125,0.1495733829721746,0.6725188422518956,rugby_championship,2025,south
v1_neural,rugby_championship_2025,tackle_turnover,extended,position:Centre,48,12,0.2608844064000408,0.5809141158397456,0.551452783325383,1.0534249411830043,0.25755264508319864,-0.8230848955797677,0.08333333333333333,1.0,0.10416666666666667,0.18635499113185572,0.4580017718472735,rugby_championship,2025,south
v1_neural,rugby_championship_2025,tackle_turnover,extended,position:Fly-half,48,12,0.14210103794260867,0.3804685798952532,0.3568686758339011,1.0661305002637338,-0.021781162476431873,0.9419847674202529,0.041666666666666664,1.0,0.0625,0.08947189529109552,0.27669475379194614,rugby_championship,2025,south
v1_neural,rugby_championship_2025,tackle_turnover,extended,position:Hooker,48,12,0.15166060957510202,0.3621833094015196,0.3401994324596345,1.0646205573681946,0.02272759776863801,0.3847031689831592,0.0625,1.0,0.0625,0.10338464935572979,0.28151849130042633,rugby_championship,2025,south
v1_neural,rugby_championship_2025,tackle_turnover,extended,position:Prop,96,12,0.09820693296323572,0.2787496053899565,0.26339936959744537,1.0582774203900753,-0.06281346759810753,1.6831509104994056,0.03125,1.0,0.041666666666666664,0.062074133467791115,0.3477662302267998,rugby_championship,2025,south
v1_neural,rugby_championship_2025,tackle_turnover,extended,position:Scrum-half,48,12,0.13336510208144828,0.3494535253521736,0.3311627026294648,1.0552321338649489,0.13142995137424265,-0.9302051203461917,0.041666666666666664,1.0,0.041666666666666664,0.09649837734086979,0.24279857871988206,rugby_championship,2025,south
v1_neural,rugby_championship_2025,tackle_turnover,extended,position:Second-row,72,12,0.15590175654568347,0.3559178148204363,0.3459630811526867,1.0287739767913449,0.01037993518590781,0.39338482484718745,0.05555555555555555,1.0,0.05555555555555555,0.11483823858024131,0.4289248028336976,rugby_championship,2025,south
v1_neural,rugby_championship_2025,tackle_try_saver,extended,all,552,12,0.042336423529863,0.18997295306621395,0.18943762818678658,1.0028258635021525,-0.01819171549341497,2.782076260548267,0.02717391304347826,1.0,0.02717391304347826,0.016306392883692195,0.8392445476662096,rugby_championship,2025,south
v1_neural,rugby_championship_2025,tackle_try_saver,extended,starter,360,12,0.05446659745130545,0.2422208502359309,0.23708126409365404,1.0216785841847316,-0.026855388143602464,3.1502693394553325,0.03611111111111111,1.0,0.03611111111111111,0.019987655806471504,0.7118098516440993,rugby_championship,2025,south
v1_neural,rugby_championship_2025,tackle_try_saver,extended,bench,192,12,0.01959234742715842,0.09200814587299462,0.10010581086141009,0.9191089416414983,-0.028158178504407286,4.101950554894336,0.010416666666666666,1.0,0.010416666666666666,0.009404024903480983,0.1461022650076687,rugby_championship,2025,south
v1_neural,rugby_championship_2025,tackle_try_saver,extended,zero_minute,3,3,0.008208613533804579,0.016417227067609157,0.018245614035087718,0.8997903296670404,0.0,0.0,0.0,1.0,0.0,0.008208613533804579,0.008208613533804579,rugby_championship,2025,south
v1_neural,rugby_championship_2025,tackle_try_saver,extended,low_history,14,6,0.08084083390796894,0.4427230619030584,0.38833226783209346,1.140062514955575,-0.2172551334694691,23.615478760103596,0.07142857142857142,1.0,0.07142857142857142,0.012224342679249335,0.17741911682780945,rugby_championship,2025,south
v1_neural,rugby_championship_2025,tackle_try_saver,extended,south,552,12,0.042336423529863,0.18997295306621395,0.18943762818678658,1.0028258635021525,-0.01819171549341497,2.782076260548267,0.02717391304347826,1.0,0.02717391304347826,0.016306392883692195,0.8392445476662096,rugby_championship,2025,south
v1_neural,rugby_championship_2025,tackle_try_saver,extended,position:Back-row,96,12,0.07071559201300671,0.320663060029666,0.3148255589934003,1.018542017537998,-0.03060223662805904,3.881981677589851,0.052083333333333336,1.0,0.052083333333333336,0.02129983519466998,0.27113997520954225,rugby_championship,2025,south
v1_neural,rugby_championship_2025,tackle_try_saver,extended,position:Back-three,96,12,0.055421213467439445,0.2838903474708659,0.28468544589983125,0.9972070984294535,-0.04431826607473176,5.6279154310579695,0.041666666666666664,1.0,0.041666666666666664,0.015278291544127631,0.21091395449189868,rugby_championship,2025,south
v1_neural,rugby_championship_2025,tackle_try_saver,extended,position:Centre,48,12,0.018438024741641423,0.036876049483282845,0.035864978902953586,1.0281910267691805,0.0,0.0,0.0,1.0,0.0,0.018438024741641423,0.036876049483282845,rugby_championship,2025,south
v1_neural,rugby_championship_2025,tackle_try_saver,extended,position:Fly-half,48,12,0.09568526440357168,0.5311639388588887,0.5440842226958067,0.9762531547544219,-0.02717357341748281,7.112877918160966,0.08333333333333333,1.0,0.08333333333333333,0.015536173686977565,0.1873497476454472,rugby_championship,2025,south
v1_neural,rugby_championship_2025,tackle_try_saver,extended,position:Hooker,48,12,0.013290528472832968,0.026581056945665937,0.029544898186269056,0.8996834843729278,0.0,0.0,0.0,1.0,0.0,0.013290528472832968,0.026581056945665937,rugby_championship,2025,south
v1_neural,rugby_championship_2025,tackle_try_saver,extended,position:Prop,96,12,0.01211606232398456,0.02423212464796912,0.024261603375527425,0.9987849637510751,0.0,0.0,0.0,1.0,0.0,0.01211606232398456,0.048464249295938254,rugby_championship,2025,south
v1_neural,rugby_championship_2025,tackle_try_saver,extended,position:Scrum-half,48,12,0.03360720452545377,0.14918481565965103,0.15150308511303037,0.9846982029993001,-0.02756979097908015,3.5606080788367547,0.020833333333333332,1.0,0.020833333333333332,0.013594061250410558,0.06647366717964626,rugby_championship,2025,south
v1_neural,rugby_championship_2025,tackle_try_saver,extended,position:Second-row,72,12,0.032894741894042165,0.12220802334464638,0.11332688180831212,1.0783674746416863,0.017943876754960668,-0.20776091990536355,0.013888888888888888,1.0,0.013888888888888888,0.019517567923355586,0.0963153547373126,rugby_championship,2025,south
