engine,fold,target,tier,cohort,n,fixtures,mae,loss,naive_loss,relative_loss,calibration_intercept,calibration_slope,actual_positive_rate,predicted_positive_rate,actual_mean,predicted_mean,team_total_mae,tournament,calendar_year,fold_hemisphere,raw_path
six_nations_champion_allrugby,six_nations_2025,minutes,minutes,all,690,15,11.52268902947705,11.52268902947705,11.011548451694738,1.0464185922647096,4.701709420405239,0.9034307055775602,0.9927536231884058,1.0,51.16376811594203,51.4284697306516,30.265685935731675,six_nations,2025,north,c8_revive_both
six_nations_champion_allrugby,six_nations_2025,minutes,minutes,starter,450,15,11.978584036931037,11.978584036931037,11.404054603856615,1.0503794004002864,-44.5419002986079,1.6263434551338165,1.0,1.0,65.93111111111111,67.92723336574022,48.310002262450276,six_nations,2025,north,c8_revive_both
six_nations_champion_allrugby,six_nations_2025,minutes,minutes,bench,240,15,10.667885890500827,10.667885890500827,10.27559941639122,1.0381765051568521,17.14370134311913,0.30894499131541614,0.9791666666666666,1.0,23.475,20.49328791486045,44.50121446668262,six_nations,2025,north,c8_revive_both
six_nations_champion_allrugby,six_nations_2025,minutes,minutes,zero_minute,5,3,19.01447958299343,19.01447958299343,20.258668737089728,0.9385848512435357,0.0,0.0,0.0,1.0,0.0,19.01447958299343,23.76809947874179,six_nations,2025,north,c8_revive_both
six_nations_champion_allrugby,six_nations_2025,minutes,minutes,north,690,15,11.52268902947705,11.52268902947705,11.011548451694738,1.0464185922647096,4.701709420405239,0.9034307055775602,0.9927536231884058,1.0,51.16376811594203,51.4284697306516,30.265685935731675,six_nations,2025,north,c8_revive_both
six_nations_champion_allrugby,six_nations_2025,minutes,minutes,position:Back-row,120,15,13.919923873706699,13.919923873706699,13.971460423634335,0.9963112982920199,9.07374499255517,0.8291113987268809,0.9916666666666667,1.0,55.25,55.69366803827509,19.290670151854815,six_nations,2025,north,c8_revive_both
six_nations_champion_allrugby,six_nations_2025,minutes,minutes,position:Back-three,120,15,11.350052460087337,11.350052460087337,9.858031751811584,1.1513507712126783,-6.076431790842507,1.1160882000494683,0.9916666666666667,1.0,61.44166666666667,60.495307140167355,15.78184745128089,six_nations,2025,north,c8_revive_both
six_nations_champion_allrugby,six_nations_2025,minutes,minutes,position:Centre,60,15,12.241505501821857,12.241505501821857,11.003164556962023,1.1125440720666402,270.2875631095307,-2.7632521544018007,1.0,1.0,72.15,71.7044815450164,16.929675602650406,six_nations,2025,north,c8_revive_both
six_nations_champion_allrugby,six_nations_2025,minutes,minutes,position:Fly-half,60,15,11.18809943027365,11.18809943027365,10.774150855400856,1.0384205289519675,1.8220863344151907,0.9760887990202026,0.9833333333333333,1.0,46.5,45.77238639602509,12.203070254531278,six_nations,2025,north,c8_revive_both
six_nations_champion_allrugby,six_nations_2025,minutes,minutes,position:Hooker,60,15,12.084434744517843,12.084434744517843,10.134017700586494,1.1924623679923583,14.246088147041572,0.6298610040758176,1.0,1.0,39.25,39.697507372513336,4.522303379567388,six_nations,2025,north,c8_revive_both
six_nations_champion_allrugby,six_nations_2025,minutes,minutes,position:Prop,120,15,10.421840988315894,10.421840988315894,9.326910580934706,1.1173947576617014,11.273349664901069,0.6921862426069427,0.9916666666666667,1.0,39.0,40.0566330683973,7.783405097634082,six_nations,2025,north,c8_revive_both
six_nations_champion_allrugby,six_nations_2025,minutes,minutes,position:Scrum-half,60,15,8.010864274939571,8.010864274939571,9.244413562722384,0.8665627322476099,2.0641303751376707,0.9398885150976527,0.9833333333333333,1.0,43.833333333333336,44.440592992942285,9.174254676728237,six_nations,2025,north,c8_revive_both
six_nations_champion_allrugby,six_nations_2025,minutes,minutes,position:Second-row,90,15,11.73492349547553,11.73492349547553,12.776170004037652,0.9185008881195963,0.697013980157001,0.9599065881000882,1.0,1.0,50.17777777777778,51.54747806821122,11.81427982898312,six_nations,2025,north,c8_revive_both
six_nations_champion_allrugby,six_nations_2025,tries,stable,all,690,15,0.18771505036474165,0.6252887726941562,0.5677772176828093,1.101292466869419,0.05911426630843999,1.1730223953482977,0.13043478260869565,1.0,0.15507246376811595,0.08180423309921862,1.9505884888473468,six_nations,2025,north,c8_revive_both
six_nations_champion_allrugby,six_nations_2025,tries,stable,starter,450,15,0.23751428852004394,0.6751482951099335,0.6372333888055336,1.0594992462266763,0.06727238285623272,1.1598914823447537,0.16444444444444445,1.0,0.19777777777777777,0.11251517655576256,1.5338750596174016,six_nations,2025,north,c8_revive_both
six_nations_champion_allrugby,six_nations_2025,tries,stable,bench,240,15,0.09434147882354973,0.531802168164574,0.43754689682770154,1.2154175290014424,0.05826165185004787,0.6910614830565277,0.06666666666666667,1.0,0.075,0.02422121411819873,0.6454565399372697,six_nations,2025,north,c8_revive_both
six_nations_champion_allrugby,six_nations_2025,tries,stable,zero_minute,5,3,0.03782806139446212,0.07565612278892424,0.12993057305986538,0.5822811445160467,0.0,0.0,0.0,1.0,0.0,0.03782806139446212,0.04728507674307765,six_nations,2025,north,c8_revive_both
six_nations_champion_allrugby,six_nations_2025,tries,stable,north,690,15,0.18771505036474165,0.6252887726941562,0.5677772176828093,1.101292466869419,0.05911426630843999,1.1730223953482977,0.13043478260869565,1.0,0.15507246376811595,0.08180423309921862,1.9505884888473468,six_nations,2025,north,c8_revive_both
six_nations_champion_allrugby,six_nations_2025,tries,stable,position:Back-row,120,15,0.17839386701311424,0.7468344864334143,0.6380349151227445,1.170522911414243,0.10640206969560184,0.9813437279858146,0.14166666666666666,1.0,0.15,0.0444267681762045,0.6099161897069455,six_nations,2025,north,c8_revive_both
six_nations_champion_allrugby,six_nations_2025,tries,stable,position:Back-three,120,15,0.3777617169946699,0.8010541968152374,0.8265558380777946,0.9691471040578905,0.12519412210243375,0.9999432362664086,0.2916666666666667,1.0,0.35,0.22481863944292194,0.8753700673117725,six_nations,2025,north,c8_revive_both
six_nations_champion_allrugby,six_nations_2025,tries,stable,position:Centre,60,15,0.3681810535867367,1.2789805433734003,1.0752139666139577,1.1895125836219744,0.17488552377794966,1.4248068896339214,0.25,1.0,0.3333333333333333,0.11120651556934433,0.6560880544494033,six_nations,2025,north,c8_revive_both
six_nations_champion_allrugby,six_nations_2025,tries,stable,position:Fly-half,60,15,0.09868273275913489,0.32433635193470245,0.2790753475596388,1.1621820227793187,0.04705936751919315,-0.20521373100240736,0.03333333333333333,1.0,0.03333333333333333,0.06688652907781689,0.18941635661490983,six_nations,2025,north,c8_revive_both
six_nations_champion_allrugby,six_nations_2025,tries,stable,position:Hooker,60,15,0.15039517643348857,0.5717756505385566,0.623433444307065,0.9171398418865303,-0.04629075913512324,3.626299013971895,0.08333333333333333,1.0,0.11666666666666667,0.04493766928042212,0.28516516451087626,six_nations,2025,north,c8_revive_both
six_nations_champion_allrugby,six_nations_2025,tries,stable,position:Prop,120,15,0.05528986277882996,0.3611177710536902,0.2409323258445242,1.4988348690358917,0.04694760636570677,-0.6103231486766603,0.03333333333333333,1.0,0.03333333333333333,0.02230666338298447,0.20620348673940966,six_nations,2025,north,c8_revive_both
six_nations_champion_allrugby,six_nations_2025,tries,stable,position:Scrum-half,60,15,0.17264305967280552,0.4672778132502683,0.5165079258028688,0.9046866270714504,-0.05191749619313401,2.283535104160747,0.11666666666666667,1.0,0.13333333333333333,0.0811245814390716,0.3177182162120019,six_nations,2025,north,c8_revive_both
six_nations_champion_allrugby,six_nations_2025,tries,stable,position:Second-row,90,15,0.0972867754460898,0.4869584121874568,0.41610744065243327,1.1702708594297981,0.06054622499082064,0.17163567761472878,0.05555555555555555,1.0,0.06666666666666667,0.035659495513424865,0.2787096887173828,six_nations,2025,north,c8_revive_both
six_nations_champion_allrugby,six_nations_2025,try_assists,stable,all,690,15,0.15788195202767222,0.5192878855792198,0.4470790536642042,1.161512446899941,0.026456180566059855,1.5987940832125667,0.10579710144927536,1.0,0.12608695652173912,0.062316202569054006,1.8219352603486956,six_nations,2025,north,c8_revive_both
six_nations_champion_allrugby,six_nations_2025,try_assists,stable,starter,450,15,0.19862663360450392,0.5895763680095455,0.5089243178460727,1.158475528355213,0.017005928681401113,1.5959421963269185,0.12666666666666668,1.0,0.15555555555555556,0.08681368735849473,1.468215599018848,six_nations,2025,north,c8_revive_both
six_nations_champion_allrugby,six_nations_2025,try_assists,stable,bench,240,15,0.08148567407111275,0.38749698102235924,0.3311191833232004,1.1702643656381857,0.0027816872427486932,4.153690252221678,0.06666666666666667,1.0,0.07083333333333333,0.016383418588852647,0.5869784714008095,six_nations,2025,north,c8_revive_both
six_nations_champion_allrugby,six_nations_2025,try_assists,stable,zero_minute,5,3,0.02302631664730954,0.04605263329461908,0.127228634365093,0.3619675203183214,0.0,0.0,0.0,1.0,0.0,0.02302631664730954,0.028782895809136927,six_nations,2025,north,c8_revive_both
six_nations_champion_allrugby,six_nations_2025,try_assists,stable,north,690,15,0.15788195202767222,0.5192878855792198,0.4470790536642042,1.161512446899941,0.026456180566059855,1.5987940832125667,0.10579710144927536,1.0,0.12608695652173912,0.062316202569054006,1.8219352603486956,six_nations,2025,north,c8_revive_both
six_nations_champion_allrugby,six_nations_2025,try_assists,stable,position:Back-row,120,15,0.07073399673859981,0.18844397751653544,0.1540608445087818,1.223178920752922,0.013186322149578454,-0.07760121888942338,0.008333333333333333,1.0,0.008333333333333333,0.06253753337509184,0.26284825254424576,six_nations,2025,north,c8_revive_both
six_nations_champion_allrugby,six_nations_2025,try_assists,stable,position:Back-three,120,15,0.2985230081852356,1.0118638472990702,0.929177674223249,1.0889885490898639,0.16732581473877417,1.0079293881929026,0.21666666666666667,1.0,0.25833333333333336,0.09029156175089291,0.8428581420844097,six_nations,2025,north,c8_revive_both
six_nations_champion_allrugby,six_nations_2025,try_assists,stable,position:Centre,60,15,0.23269669488875683,0.5903205941694257,0.6451480893241414,0.9150156435987387,-0.006645761536977964,1.5338490716522841,0.15,1.0,0.16666666666666666,0.11299183955364643,0.38727016741133563,six_nations,2025,north,c8_revive_both
six_nations_champion_allrugby,six_nations_2025,try_assists,stable,position:Fly-half,60,15,0.41305509143606745,1.4124127556450643,0.9871086867498433,1.4308583994895012,0.28261415975301735,0.8485408206368266,0.3333333333333333,1.0,0.38333333333333336,0.11869691019075149,0.7324650575640743,six_nations,2025,north,c8_revive_both
six_nations_champion_allrugby,six_nations_2025,try_assists,stable,position:Hooker,60,15,0.06085466289431003,0.5026539333423916,0.2978985345975797,1.6873326819865313,0.07362275532533287,-2.1164094161814395,0.05,1.0,0.05,0.011161713392843707,0.12062054757180457,six_nations,2025,north,c8_revive_both
six_nations_champion_allrugby,six_nations_2025,try_assists,stable,position:Prop,120,15,0.005528184986646439,0.011056369973292879,0.018586797457355832,0.5948507266332348,0.0,0.0,0.0,1.0,0.0,0.005528184986646439,0.022112739946585764,six_nations,2025,north,c8_revive_both
six_nations_champion_allrugby,six_nations_2025,try_assists,stable,position:Scrum-half,60,15,0.3197897063392995,0.8849701447405651,0.8564671867822138,1.0332796847307582,-0.024178137386211662,2.425862054446458,0.21666666666666667,1.0,0.3,0.13363420100166568,0.6227829009432431,six_nations,2025,north,c8_revive_both
six_nations_champion_allrugby,six_nations_2025,try_assists,stable,position:Second-row,90,15,0.026450608625888695,0.10581657779052264,0.10075732487053074,1.0502122592723937,0.013704890445319518,-0.16600467384687023,0.011111111111111112,1.0,0.011111111111111112,0.015624736786634225,0.0783196245460976,six_nations,2025,north,c8_revive_both
six_nations_champion_allrugby,six_nations_2025,conversion_goals,stable,all,690,15,0.10268324349906008,0.17043229687034683,0.35877879364225507,0.4750344777631646,0.00021521977273653627,1.0619392067144484,0.0463768115942029,0.14057971014492754,0.1144927536231884,0.10761212424204308,1.7236409298407271,six_nations,2025,north,c8_revive_both
six_nations_champion_allrugby,six_nations_2025,conversion_goals,stable,starter,450,15,0.12873303586303697,0.19413269880294745,0.4672409110388738,0.41548737325100343,0.00243016366565709,1.0740162638570727,0.06222222222222222,0.14888888888888888,0.16,0.14671084753267008,1.6415608813245834,six_nations,2025,north,c8_revive_both
six_nations_champion_allrugby,six_nations_2025,conversion_goals,stable,bench,240,15,0.05383988281660345,0.12599404324672073,0.15541232352359494,0.8107081883219648,0.010175532292077,0.5536448128113675,0.016666666666666666,0.125,0.029166666666666667,0.034302018072117524,0.4305295265688063,six_nations,2025,north,c8_revive_both
six_nations_champion_allrugby,six_nations_2025,conversion_goals,stable,zero_minute,5,3,0.0003219723783296222,0.0006439607566592444,0.12320743238389498,0.00522663888208273,0.0,0.0,0.0,0.2,0.0,0.0003219723783296222,0.00040246547291202775,six_nations,2025,north,c8_revive_both
six_nations_champion_allrugby,six_nations_2025,conversion_goals,stable,north,690,15,0.10268324349906008,0.17043229687034683,0.35877879364225507,0.4750344777631646,0.00021521977273653627,1.0619392067144484,0.0463768115942029,0.14057971014492754,0.1144927536231884,0.10761212424204308,1.7236409298407271,six_nations,2025,north,c8_revive_both
six_nations_champion_allrugby,six_nations_2025,conversion_goals,stable,position:Back-row,120,15,0.0,2.0000000000000004e-08,2.0000000000000004e-08,1.0,0.0,,0.0,0.0,0.0,0.0,0.0,six_nations,2025,north,c8_revive_both
six_nations_champion_allrugby,six_nations_2025,conversion_goals,stable,position:Back-three,120,15,0.13312139498798256,0.16794093091629655,1.1005989842694037,0.15259048328831468,0.011281173714618396,1.0198597914608507,0.10833333333333334,0.25,0.225,0.20955706664270993,0.4977906071803519,six_nations,2025,north,c8_revive_both
six_nations_champion_allrugby,six_nations_2025,conversion_goals,stable,position:Centre,60,15,0.08168267367781074,0.16336536335562146,0.055790363482671176,2.928200376510609,0.0,0.0,0.0,0.2,0.0,0.08168267367781074,0.1633653473556215,six_nations,2025,north,c8_revive_both
six_nations_champion_allrugby,six_nations_2025,conversion_goals,stable,position:Fly-half,60,15,0.8069153418016994,1.4086910532533425,1.816593666586825,0.7754574284628628,0.0974335627503971,1.0823200029576399,0.31666666666666665,0.7166666666666667,0.8666666666666667,0.7107261270365492,1.4257091997467768,six_nations,2025,north,c8_revive_both
six_nations_champion_allrugby,six_nations_2025,conversion_goals,stable,position:Hooker,60,15,0.0,2e-08,0.0016863506408094434,1.1859929670617054e-05,0.0,,0.0,0.0,0.0,0.0,0.0,six_nations,2025,north,c8_revive_both
six_nations_champion_allrugby,six_nations_2025,conversion_goals,stable,position:Prop,120,15,0.0,2.0000000000000004e-08,2.0000000000000004e-08,1.0,0.0,,0.0,0.0,0.0,0.0,0.0,six_nations,2025,north,c8_revive_both
six_nations_champion_allrugby,six_nations_2025,conversion_goals,stable,position:Scrum-half,60,15,0.026016494783715864,0.05203300556743173,0.050687667636820186,1.0265417209616146,0.0,0.0,0.0,0.2,0.0,0.026016494783715864,0.05203298956743173,six_nations,2025,north,c8_revive_both
six_nations_champion_allrugby,six_nations_2025,conversion_goals,stable,position:Second-row,90,15,0.0,1.9999999999999997e-08,1.9999999999999997e-08,1.0,0.0,,0.0,0.0,0.0,0.0,0.0,six_nations,2025,north,c8_revive_both
six_nations_champion_allrugby,six_nations_2025,penalty_goals,stable,all,690,15,0.07471085667555437,0.16692039605968328,0.2827382614940906,0.5903707378605779,-0.007219100094193784,1.026309810632153,0.028985507246376812,0.13333333333333333,0.06231884057971015,0.06775531126519406,1.2197575329277568,six_nations,2025,north,c8_revive_both
six_nations_champion_allrugby,six_nations_2025,penalty_goals,stable,starter,450,15,0.09969840397107346,0.2262281120064057,0.41400903359150765,0.5464327916806262,-0.0013451298026378525,1.0883653286831185,0.044444444444444446,0.14222222222222222,0.09555555555555556,0.08903323434185431,1.213849391271114,six_nations,2025,north,c8_revive_both
six_nations_champion_allrugby,six_nations_2025,penalty_goals,stable,bench,240,15,0.02785920549645606,0.055718428659578795,0.03660556381143366,1.5221300495903107,0.0,0.0,0.0,0.11666666666666667,0.0,0.02785920549645606,0.22287364397164847,six_nations,2025,north,c8_revive_both
six_nations_champion_allrugby,six_nations_2025,penalty_goals,stable,zero_minute,5,3,0.0,2e-08,0.05856889009829386,3.414782142266106e-07,0.0,,0.0,0.0,0.0,0.0,0.0,six_nations,2025,north,c8_revive_both
six_nations_champion_allrugby,six_nations_2025,penalty_goals,stable,north,690,15,0.07471085667555437,0.16692039605968328,0.2827382614940906,0.5903707378605779,-0.007219100094193784,1.026309810632153,0.028985507246376812,0.13333333333333333,0.06231884057971015,0.06775531126519406,1.2197575329277568,six_nations,2025,north,c8_revive_both
six_nations_champion_allrugby,six_nations_2025,penalty_goals,stable,position:Back-row,120,15,0.0,2.0000000000000004e-08,2.0000000000000004e-08,1.0,0.0,,0.0,0.0,0.0,0.0,0.0,six_nations,2025,north,c8_revive_both
six_nations_champion_allrugby,six_nations_2025,penalty_goals,stable,position:Back-three,120,15,0.19624782473823574,0.27650905780434226,1.026690308126741,0.2693208025980589,-0.015220844120742493,1.0862696491067343,0.075,0.26666666666666666,0.19166666666666668,0.19045686396332415,0.7221034912953174,six_nations,2025,north,c8_revive_both
six_nations_champion_allrugby,six_nations_2025,penalty_goals,stable,position:Centre,60,15,0.03783898650779248,0.07567798968225162,0.08791208791208789,0.8608371326356123,0.0,0.0,0.0,0.16666666666666666,0.0,0.03783898650779248,0.07567797301558497,six_nations,2025,north,c8_revive_both
six_nations_champion_allrugby,six_nations_2025,penalty_goals,stable,position:Fly-half,60,15,0.3967776610427716,1.226763192245076,1.0644915290057433,1.1524405397484916,-0.0016891337213114199,1.020256540688341,0.18333333333333332,0.7166666666666667,0.3333333333333333,0.3283708103734513,0.7407710503857882,six_nations,2025,north,c8_revive_both
six_nations_champion_allrugby,six_nations_2025,penalty_goals,stable,position:Hooker,60,15,0.0,2e-08,2e-08,1.0,0.0,,0.0,0.0,0.0,0.0,0.0,six_nations,2025,north,c8_revive_both
six_nations_champion_allrugby,six_nations_2025,penalty_goals,stable,position:Prop,120,15,0.0,2.0000000000000004e-08,2.0000000000000004e-08,1.0,0.0,,0.0,0.0,0.0,0.0,0.0,six_nations,2025,north,c8_revive_both
six_nations_champion_allrugby,six_nations_2025,penalty_goals,stable,position:Scrum-half,60,15,0.03206255474183955,0.06412512715034577,0.04570564401072876,1.4030023761462214,0.0,0.0,0.0,0.11666666666666667,0.0,0.03206255474183955,0.0641251094836791,six_nations,2025,north,c8_revive_both
six_nations_champion_allrugby,six_nations_2025,penalty_goals,stable,position:Second-row,90,15,0.0,1.9999999999999997e-08,1.9999999999999997e-08,1.0,0.0,,0.0,0.0,0.0,0.0,0.0,six_nations,2025,north,c8_revive_both
six_nations_champion_allrugby,six_nations_2025,drop_goals_converted,stable,all,690,15,0.001609112081897123,0.003218224175273201,0.0030891189081849067,1.041793556973873,0.0,0.0,0.0,1.0,0.0,0.001609112081897123,0.037009577883633835,six_nations,2025,north,c8_revive_both
six_nations_champion_allrugby,six_nations_2025,drop_goals_converted,stable,starter,450,15,0.0018901977495731164,0.003780395499146233,0.0036143052035490677,1.04595358893158,0.0,0.0,0.0,1.0,0.0,0.0018901977495731164,0.028352966243596747,six_nations,2025,north,c8_revive_both
six_nations_champion_allrugby,six_nations_2025,drop_goals_converted,stable,bench,240,15,0.0010820764550046361,0.0021641529430112666,0.002104394604377105,1.0283969263701138,0.0,0.0,0.0,1.0,0.0,0.0010820764550046361,0.008656611640037089,six_nations,2025,north,c8_revive_both
six_nations_champion_allrugby,six_nations_2025,drop_goals_converted,stable,zero_minute,5,3,8.654236377109806e-06,1.7308472754219612e-05,0.0033670193670033667,0.0051405919799101365,0.0,0.0,0.0,1.0,0.0,8.654236377109806e-06,1.0817795471387257e-05,six_nations,2025,north,c8_revive_both
six_nations_champion_allrugby,six_nations_2025,drop_goals_converted,stable,north,690,15,0.001609112081897123,0.003218224175273201,0.0030891189081849067,1.041793556973873,0.0,0.0,0.0,1.0,0.0,0.001609112081897123,0.037009577883633835,six_nations,2025,north,c8_revive_both
six_nations_champion_allrugby,six_nations_2025,drop_goals_converted,stable,position:Back-row,120,15,1.0091854765030768e-05,2.0183709530061535e-05,2.0000000000000004e-08,1009.1854765030765,0.0,0.0,0.0,1.0,0.0,1.0091854765030768e-05,4.036741906012307e-05,six_nations,2025,north,c8_revive_both
six_nations_champion_allrugby,six_nations_2025,drop_goals_converted,stable,position:Back-three,120,15,0.0028553879404068084,0.005710775880813617,0.002536645360766629,2.251310320764625,0.0,0.0,0.0,1.0,0.0,0.0028553879404068084,0.011421551761627234,six_nations,2025,north,c8_revive_both
six_nations_champion_allrugby,six_nations_2025,drop_goals_converted,stable,position:Centre,60,15,0.00023372042315927163,0.00046744084631854325,2e-08,23372.042315927163,0.0,0.0,0.0,1.0,0.0,0.00023372042315927163,0.00046744084631854325,six_nations,2025,north,c8_revive_both
six_nations_champion_allrugby,six_nations_2025,drop_goals_converted,stable,position:Fly-half,60,15,0.012270342420604478,0.024540684841208957,0.030451406722593166,0.8058965900909005,0.0,0.0,0.0,1.0,0.0,0.012270342420604478,0.024540684841208964,six_nations,2025,north,c8_revive_both
six_nations_champion_allrugby,six_nations_2025,drop_goals_converted,stable,position:Hooker,60,15,6.648367648662251e-08,1.3296735297324502e-07,2e-08,6.6483676486622505,0.0,,0.0,1.0,0.0,6.648367648662251e-08,1.3296735297324505e-07,six_nations,2025,north,c8_revive_both
six_nations_champion_allrugby,six_nations_2025,drop_goals_converted,stable,position:Prop,120,15,2.9621513041193054e-08,5.9309030071042217e-08,2.0000000000000004e-08,2.96545150355211,0.0,,0.0,1.0,0.0,2.9621513041193054e-08,1.184860521647722e-07,six_nations,2025,north,c8_revive_both
six_nations_champion_allrugby,six_nations_2025,drop_goals_converted,stable,position:Scrum-half,60,15,0.00026508468807247276,0.0005301693761449455,2e-08,26508.468807247275,0.0,0.0,0.0,1.0,0.0,0.00026508468807247276,0.0005301693761449455,six_nations,2025,north,c8_revive_both
six_nations_champion_allrugby,six_nations_2025,drop_goals_converted,stable,position:Second-row,90,15,3.0373952896308143e-06,6.074790579261629e-06,1.9999999999999997e-08,303.73952896308145,0.0,0.0,0.0,1.0,0.0,3.0373952896308143e-06,9.112185868892443e-06,six_nations,2025,north,c8_revive_both
six_nations_champion_allrugby,six_nations_2025,defenders_beaten,stable,all,690,15,0.9258549433695694,1.5159281855757778,1.5079832887226754,1.0052685576242903,0.2193987964630148,0.7703053150314542,0.4623188405797101,1.0,1.0115942028985507,1.0284174222570277,7.113566523571765,six_nations,2025,north,c8_revive_both
six_nations_champion_allrugby,six_nations_2025,defenders_beaten,stable,starter,450,15,1.1102484550730631,1.5594660908863236,1.6509220411380794,0.9446031078555898,0.17396936479251182,0.7907681924988916,0.5511111111111111,1.0,1.2844444444444445,1.4042991235430715,6.410375132422234,six_nations,2025,north,c8_revive_both
six_nations_champion_allrugby,six_nations_2025,defenders_beaten,stable,bench,240,15,0.5801171089255187,1.4342946131185041,1.2399731279437929,1.1567142712979177,0.2672963075691071,0.7190218897266771,0.29583333333333334,1.0,0.5,0.32363923234569536,2.2399901247702005,six_nations,2025,north,c8_revive_both
six_nations_champion_allrugby,six_nations_2025,defenders_beaten,stable,zero_minute,5,3,0.36004185299809344,0.7200837059961869,0.91878038155733,0.7837386610014976,0.0,0.0,0.0,1.0,0.0,0.36004185299809344,0.4500523162476168,six_nations,2025,north,c8_revive_both
six_nations_champion_allrugby,six_nations_2025,defenders_beaten,stable,north,690,15,0.9258549433695694,1.5159281855757778,1.5079832887226754,1.0052685576242903,0.2193987964630148,0.7703053150314542,0.4623188405797101,1.0,1.0115942028985507,1.0284174222570277,7.113566523571765,six_nations,2025,north,c8_revive_both
six_nations_champion_allrugby,six_nations_2025,defenders_beaten,stable,position:Back-row,120,15,0.9387244678407122,1.7622218924065824,1.743808746126669,1.0105591546784087,0.5495453053576169,0.43219895269380537,0.5083333333333333,1.0,0.9583333333333334,0.9458329906350443,2.120941202389619,six_nations,2025,north,c8_revive_both
six_nations_champion_allrugby,six_nations_2025,defenders_beaten,stable,position:Back-three,120,15,1.7637826247733985,2.345843409622692,2.297181597807809,1.021183267296465,1.1976954999006015,0.5106264013404335,0.7166666666666667,1.0,2.2916666666666665,2.142410114115343,4.427670325785354,six_nations,2025,north,c8_revive_both
six_nations_champion_allrugby,six_nations_2025,defenders_beaten,stable,position:Centre,60,15,1.45409788261478,1.9727593011448286,2.1252575426523412,0.9282448181234574,0.43385209822368914,0.6008123556786696,0.6166666666666667,1.0,1.6,1.9409519307555605,2.0245591363913027,six_nations,2025,north,c8_revive_both
six_nations_champion_allrugby,six_nations_2025,defenders_beaten,stable,position:Fly-half,60,15,0.8015730380123981,1.3013976121056325,1.1320938180775357,1.1495492611342053,0.45913304481589245,0.5693068643233199,0.6,1.0,1.05,1.0378707727095724,0.9942530373446162,six_nations,2025,north,c8_revive_both
six_nations_champion_allrugby,six_nations_2025,defenders_beaten,stable,position:Hooker,60,15,0.5523540617450539,1.3893121709344622,1.2960729620927292,1.071939783923262,0.2430289809740755,0.8837902880634289,0.35,1.0,0.5333333333333333,0.3284765133540626,0.8124913083965704,six_nations,2025,north,c8_revive_both
six_nations_champion_allrugby,six_nations_2025,defenders_beaten,stable,position:Prop,120,15,0.4034868461712594,0.85583378613123,0.8868223435952574,0.9650566342990446,0.10300775782220623,0.5676648344496128,0.2,1.0,0.2833333333333333,0.3176620508578168,1.024408488822528,six_nations,2025,north,c8_revive_both
six_nations_champion_allrugby,six_nations_2025,defenders_beaten,stable,position:Scrum-half,60,15,0.8354651223968176,1.4097105138176322,1.5437229423432106,0.9131888081405583,-0.018637579075428113,0.8572175588038125,0.4,1.0,0.7833333333333333,0.9355511960439264,1.0649244817867742,six_nations,2025,north,c8_revive_both
six_nations_champion_allrugby,six_nations_2025,defenders_beaten,stable,position:Second-row,90,15,0.5279025776068389,0.9547975731985869,0.9260234533903193,1.0310727765078962,0.11742257855403189,0.5489501052276817,0.3333333333333333,1.0,0.4,0.5147597545841924,1.0406121794028336,six_nations,2025,north,c8_revive_both
six_nations_champion_allrugby,six_nations_2025,offload,stable,all,690,15,0.41420823138725255,1.0335174092798929,0.9201160860783958,1.1232467564878927,0.18059810371463883,0.5724415238621723,0.23333333333333334,1.0,0.32463768115942027,0.2516232164168826,4.105247906675617,six_nations,2025,north,c8_revive_both
six_nations_champion_allrugby,six_nations_2025,offload,stable,starter,450,15,0.5247228488518579,1.1345707524712396,1.053088788934703,1.0773742578904133,0.2464547750561641,0.4896557656478939,0.2911111111111111,1.0,0.41555555555555557,0.3453462460012975,3.62027596767808,six_nations,2025,north,c8_revive_both
six_nations_champion_allrugby,six_nations_2025,offload,stable,bench,240,15,0.20699332364111747,0.8440423907961179,0.6707922682228197,1.2582768627198144,0.14141692150922525,0.16799735307956631,0.125,1.0,0.15416666666666667,0.07589253594610469,1.2409066449900776,six_nations,2025,north,c8_revive_both
six_nations_champion_allrugby,six_nations_2025,offload,stable,zero_minute,5,3,0.08902189976576651,0.17804379953153301,0.2843999666215253,0.6260331238662581,0.0,0.0,0.0,1.0,0.0,0.08902189976576651,0.11127737470720814,six_nations,2025,north,c8_revive_both
six_nations_champion_allrugby,six_nations_2025,offload,stable,north,690,15,0.41420823138725255,1.0335174092798929,0.9201160860783958,1.1232467564878927,0.18059810371463883,0.5724415238621723,0.23333333333333334,1.0,0.32463768115942027,0.2516232164168826,4.105247906675617,six_nations,2025,north,c8_revive_both
six_nations_champion_allrugby,six_nations_2025,offload,stable,position:Back-row,120,15,0.378180100158416,0.8603807577591976,0.8400320452787213,1.024223733600216,0.17712456238479357,0.4662608023844122,0.24166666666666667,1.0,0.2916666666666667,0.2456610199616097,0.9737774362223396,six_nations,2025,north,c8_revive_both
six_nations_champion_allrugby,six_nations_2025,offload,stable,position:Back-three,120,15,0.7119356122570051,1.366383181148712,1.1770547417672232,1.160849306887148,0.521698553225854,0.21553654516061113,0.4166666666666667,1.0,0.625,0.4792757845179762,1.5292973381996473,six_nations,2025,north,c8_revive_both
six_nations_champion_allrugby,six_nations_2025,offload,stable,position:Centre,60,15,0.6766831024811727,1.3112809435128578,1.176112908007184,1.114927771462609,0.5678454748181558,-0.1964004815523741,0.31666666666666665,1.0,0.4666666666666667,0.5151657844815812,0.904901410319598,six_nations,2025,north,c8_revive_both
six_nations_champion_allrugby,six_nations_2025,offload,stable,position:Fly-half,60,15,0.4500443519532657,0.8748454989672279,0.928798949890832,0.9419105168777961,0.005159861745930006,0.8514144568250869,0.21666666666666667,1.0,0.3,0.34629449369878545,0.7699772599531786,six_nations,2025,north,c8_revive_both
six_nations_champion_allrugby,six_nations_2025,offload,stable,position:Hooker,60,15,0.24708892191913248,1.1854416067480749,0.847543789008331,1.3986788908394943,0.23499029435556426,-0.6615319719462615,0.13333333333333333,1.0,0.18333333333333332,0.07808686989119136,0.4477679313440622,six_nations,2025,north,c8_revive_both
six_nations_champion_allrugby,six_nations_2025,offload,stable,position:Prop,120,15,0.14342043045722822,0.7039318429971337,0.5126043234336618,1.3732460122104928,0.0997789184555841,0.73760357062363,0.125,1.0,0.125,0.03419327474661218,0.5088174129451717,six_nations,2025,north,c8_revive_both
six_nations_champion_allrugby,six_nations_2025,offload,stable,position:Scrum-half,60,15,0.5364667899434976,1.2421423670481293,1.2476452809750405,0.9955893602045202,0.10830278356069167,0.9840209666010657,0.25,1.0,0.4,0.296433944336438,0.9572325052069562,six_nations,2025,north,c8_revive_both
six_nations_champion_allrugby,six_nations_2025,offload,stable,position:Second-row,90,15,0.2573594726073581,0.9402321510882615,0.8812345607072996,1.0669487932175619,0.04227174919622304,1.696906035513128,0.13333333333333333,1.0,0.2,0.0929504919558386,0.6769813622012673,six_nations,2025,north,c8_revive_both
six_nations_champion_allrugby,six_nations_2025,tackles,stable,all,690,15,2.720630858726032,2.2016340352565176,2.3135069394047574,0.9516435839276006,0.994302030729029,0.9318587755026758,0.9550724637681159,1.0,6.3594202898550725,5.757437071118337,30.22812414550235,six_nations,2025,north,c8_revive_both
six_nations_champion_allrugby,six_nations_2025,tackles,stable,starter,450,15,2.9778844064047814,1.9046212984651396,2.182956116092256,0.8724963751789165,0.16519483111587818,1.022103493719324,0.9866666666666667,1.0,7.815555555555555,7.484917888892873,23.43461563796487,six_nations,2025,north,c8_revive_both
six_nations_champion_allrugby,six_nations_2025,tackles,stable,bench,240,15,2.238280456828375,2.758532916740351,2.5582897331156973,1.0782722852039048,1.1438223831329006,0.9868701890493523,0.8958333333333334,1.0,3.629166666666667,2.5184105377910813,12.577492088964568,six_nations,2025,north,c8_revive_both
six_nations_champion_allrugby,six_nations_2025,tackles,stable,zero_minute,5,3,1.8462648644389499,3.6925297288778998,5.157570317056731,0.7159436521236059,0.0,0.0,0.0,1.0,0.0,1.8462648644389499,2.3078310805486875,six_nations,2025,north,c8_revive_both
six_nations_champion_allrugby,six_nations_2025,tackles,stable,north,690,15,2.720630858726032,2.2016340352565176,2.3135069394047574,0.9516435839276006,0.994302030729029,0.9318587755026758,0.9550724637681159,1.0,6.3594202898550725,5.757437071118337,30.22812414550235,six_nations,2025,north,c8_revive_both
six_nations_champion_allrugby,six_nations_2025,tackles,stable,position:Back-row,120,15,3.693358718970408,2.4104835712313095,2.556041844180781,0.9430532511504626,1.3827403146577883,0.9455205174503246,0.9916666666666667,1.0,9.591666666666667,8.681912449816467,8.102879416374526,six_nations,2025,north,c8_revive_both
six_nations_champion_allrugby,six_nations_2025,tackles,stable,position:Back-three,120,15,1.8427617981378537,1.7699947215901688,2.057405045271777,0.8603044527658178,0.5052478165748912,0.9384034544510941,0.8916666666666667,1.0,3.5166666666666666,3.2090875580304252,4.0025423034392205,six_nations,2025,north,c8_revive_both
six_nations_champion_allrugby,six_nations_2025,tackles,stable,position:Centre,60,15,2.988792373442104,1.9592071503991615,2.161897594471624,0.9062441974167602,1.8855134509047982,0.8451767728040601,1.0,1.0,7.816666666666666,7.017648149610122,4.7242941099945215,six_nations,2025,north,c8_revive_both
six_nations_champion_allrugby,six_nations_2025,tackles,stable,position:Fly-half,60,15,2.453403131046618,2.7231901608063893,2.6287248757429023,1.0359357823769177,1.00312873726886,0.9671097687929987,0.9166666666666666,1.0,4.716666666666667,3.8398308539810215,4.022860067752486,six_nations,2025,north,c8_revive_both
six_nations_champion_allrugby,six_nations_2025,tackles,stable,position:Hooker,60,15,3.1796116743502796,3.077010331763179,2.5353901237164265,1.213624011145407,3.244895192282631,0.6138768541690702,0.9666666666666667,1.0,6.85,5.872684046048878,4.982527652642614,six_nations,2025,north,c8_revive_both
six_nations_champion_allrugby,six_nations_2025,tackles,stable,position:Prop,120,15,2.5986321704627966,2.1540828438877364,1.9996085349710715,1.0772522752404134,2.0138873412136644,0.7289604941389238,0.9583333333333334,1.0,5.875,5.296737875139906,6.547102479182913,six_nations,2025,north,c8_revive_both
six_nations_champion_allrugby,six_nations_2025,tackles,stable,position:Scrum-half,60,15,1.817552533916777,1.560852021475157,2.1686015582403737,0.7197504841514772,1.0742759007747622,0.7822473563972699,0.9666666666666667,1.0,4.083333333333333,3.8466827761708653,2.628489252334048,six_nations,2025,north,c8_revive_both
six_nations_champion_allrugby,six_nations_2025,tackles,stable,position:Second-row,90,15,3.0522598583009803,2.21960631172509,2.5897365347574164,0.8570780393817177,0.0160470681183098,1.0371040216366472,0.9666666666666667,1.0,7.8,7.505469817384261,5.7131619372898985,six_nations,2025,north,c8_revive_both
six_nations_champion_allrugby,six_nations_2025,penalties_conceded,stable,all,690,15,0.47596933848554807,1.0630122749811521,0.899314945358023,1.1820244737042152,0.2657961581614929,0.5541968814617337,0.33043478260869563,1.0,0.4115942028985507,0.2630798721791886,3.9389185167776852,six_nations,2025,north,c8_revive_both
six_nations_champion_allrugby,six_nations_2025,penalties_conceded,stable,starter,450,15,0.5603559168780939,1.1107067386641296,0.9837106014120107,1.129099083683585,0.38818879614763396,0.30555453559454665,0.38666666666666666,1.0,0.49333333333333335,0.34411054308557104,2.7279767448755745,six_nations,2025,north,c8_revive_both
six_nations_champion_allrugby,six_nations_2025,penalties_conceded,stable,bench,240,15,0.31774450399952475,0.973585155575569,0.741073090256796,1.3137505171564159,0.21115509236152924,0.4244656749061126,0.225,1.0,0.25833333333333336,0.11114736422972142,1.3825521539571943,six_nations,2025,north,c8_revive_both
six_nations_champion_allrugby,six_nations_2025,penalties_conceded,stable,zero_minute,5,3,0.0744945051805165,0.148989010361033,0.46365591675833534,0.32133529407474026,0.0,0.0,0.0,1.0,0.0,0.0744945051805165,0.09311813147564561,six_nations,2025,north,c8_revive_both
six_nations_champion_allrugby,six_nations_2025,penalties_conceded,stable,north,690,15,0.47596933848554807,1.0630122749811521,0.899314945358023,1.1820244737042152,0.2657961581614929,0.5541968814617337,0.33043478260869563,1.0,0.4115942028985507,0.2630798721791886,3.9389185167776852,six_nations,2025,north,c8_revive_both
six_nations_champion_allrugby,six_nations_2025,penalties_conceded,stable,position:Back-row,120,15,0.6099147549446738,1.3484953304203373,0.964739789827563,1.3977813962264027,0.5875107358384225,-0.15008313591333897,0.43333333333333335,1.0,0.5416666666666666,0.30545783103990537,1.4065902340042564,six_nations,2025,north,c8_revive_both
six_nations_champion_allrugby,six_nations_2025,penalties_conceded,stable,position:Back-three,120,15,0.409431970997259,0.9407340010328141,0.8250841665000228,1.1401673177457443,0.2327703660592039,0.3230719868186598,0.24166666666666667,1.0,0.30833333333333335,0.23388894846071215,0.837489887528248,six_nations,2025,north,c8_revive_both
six_nations_champion_allrugby,six_nations_2025,penalties_conceded,stable,position:Centre,60,15,0.47409611190919826,0.927635794515507,0.8396670856448206,1.104766175040827,0.4216584822773156,-0.1394228664924786,0.35,1.0,0.38333333333333336,0.27488424179006327,0.8265416630486525,six_nations,2025,north,c8_revive_both
six_nations_champion_allrugby,six_nations_2025,penalties_conceded,stable,position:Fly-half,60,15,0.2841517903786801,0.7613956506132479,0.7146758786597942,1.0653719725941577,0.22380548175154222,-0.2688637088236786,0.18333333333333332,1.0,0.18333333333333332,0.15053035084311303,0.47390716427033497,six_nations,2025,north,c8_revive_both
six_nations_champion_allrugby,six_nations_2025,penalties_conceded,stable,position:Hooker,60,15,0.4178788716802201,1.0666792777647969,0.842840342703788,1.265576911450329,0.3246634646541147,0.04125968871433848,0.2833333333333333,1.0,0.3333333333333333,0.21012927991882444,0.6998678374167351,six_nations,2025,north,c8_revive_both
six_nations_champion_allrugby,six_nations_2025,penalties_conceded,stable,position:Prop,120,15,0.5598774992488302,1.2208874473074438,1.0831945949657726,1.1271173739064144,0.3703570225192256,0.39342711844759026,0.39166666666666666,1.0,0.5083333333333333,0.35070361026088775,1.1452822335479174,six_nations,2025,north,c8_revive_both
six_nations_champion_allrugby,six_nations_2025,penalties_conceded,stable,position:Scrum-half,60,15,0.30615357447554825,0.7526258674771832,0.7069132859889763,1.06466504788385,0.002593982551057449,1.578510834873704,0.2,1.0,0.23333333333333334,0.1461753354393271,0.5458313548379305,six_nations,2025,north,c8_revive_both
six_nations_champion_allrugby,six_nations_2025,penalties_conceded,stable,position:Second-row,90,15,0.5552790625057535,1.1307140095942163,0.9946587840221116,1.13678582822336,0.0026933107589512126,1.8966698263660609,0.43333333333333335,1.0,0.5888888888888889,0.3090656950308866,1.0546368881789598,six_nations,2025,north,c8_revive_both
six_nations_champion_allrugby,six_nations_2025,yellow_cards,stable,all,690,15,0.058209866000507024,0.11625479209811415,0.10903492680944461,1.0662160786450323,0.020377034106368312,0.07638169745774284,0.02318840579710145,1.0,0.02318840579710145,0.036806876310761294,0.7663752898504061,six_nations,2025,north,c8_revive_both
six_nations_champion_allrugby,six_nations_2025,yellow_cards,stable,starter,450,15,0.07055477375033575,0.12466023362546999,0.11361035868844607,1.0972611570334534,0.024759098734208753,-0.00649100413592391,0.024444444444444446,1.0,0.024444444444444446,0.04847544126846149,0.6642272558835969,six_nations,2025,north,c8_revive_both
six_nations_champion_allrugby,six_nations_2025,yellow_cards,stable,bench,240,15,0.035063163969578176,0.10049458923432195,0.10045599203631686,1.0003842199675967,0.009195101974886828,0.7796077311792862,0.020833333333333332,1.0,0.020833333333333332,0.014928317015073404,0.2622047035730175,six_nations,2025,north,c8_revive_both
six_nations_champion_allrugby,six_nations_2025,yellow_cards,stable,zero_minute,5,3,0.01163238631741056,0.011706359287454986,0.012853884955545394,0.9107253820880554,0.0,0.0,0.0,1.0,0.0,0.01163238631741056,0.014540482896763199,six_nations,2025,north,c8_revive_both
six_nations_champion_allrugby,six_nations_2025,yellow_cards,stable,north,690,15,0.058209866000507024,0.11625479209811415,0.10903492680944461,1.0662160786450323,0.020377034106368312,0.07638169745774284,0.02318840579710145,1.0,0.02318840579710145,0.036806876310761294,0.7663752898504061,six_nations,2025,north,c8_revive_both
six_nations_champion_allrugby,six_nations_2025,yellow_cards,stable,position:Back-row,120,15,0.061705335215777604,0.12436180635844174,0.12057817954900812,1.0313790341136788,0.03852608987635583,-0.35129043798919807,0.025,1.0,0.025,0.038504008118694505,0.22271714116866662,six_nations,2025,north,c8_revive_both
six_nations_champion_allrugby,six_nations_2025,yellow_cards,stable,position:Back-three,120,15,0.05465752509581504,0.11657613192055573,0.11240131370129317,1.0371420767408213,0.02049051232475432,0.1440956795955461,0.025,1.0,0.025,0.03129509287095295,0.20078786975244461,six_nations,2025,north,c8_revive_both
six_nations_champion_allrugby,six_nations_2025,yellow_cards,stable,position:Centre,60,15,0.05041921399477423,0.05173787945838641,0.016163686658793926,3.2008712214325308,0.0,0.0,0.0,1.0,0.0,0.05041921399477423,0.10083842798954844,six_nations,2025,north,c8_revive_both
six_nations_champion_allrugby,six_nations_2025,yellow_cards,stable,position:Fly-half,60,15,0.0743270714651418,0.09868241093244116,0.08217676592251472,1.2008553734700362,-0.010289960808764587,0.4384678043838541,0.016666666666666666,1.0,0.016666666666666666,0.06147914899546928,0.14777968921371107,six_nations,2025,north,c8_revive_both
six_nations_champion_allrugby,six_nations_2025,yellow_cards,stable,position:Hooker,60,15,0.07977077239043157,0.20079159470481936,0.20823696668991765,0.9642456759553885,0.022479510377220704,0.8160273211836967,0.05,1.0,0.05,0.03372496105015107,0.15418887404199827,six_nations,2025,north,c8_revive_both
six_nations_champion_allrugby,six_nations_2025,yellow_cards,stable,position:Prop,120,15,0.045206251187900545,0.11596407741281727,0.11681058556322599,0.9927531554924829,0.011479884688819877,0.6297136226854722,0.025,1.0,0.025,0.021470260169253328,0.16873862564455855,six_nations,2025,north,c8_revive_both
six_nations_champion_allrugby,six_nations_2025,yellow_cards,stable,position:Scrum-half,60,15,0.025300701662008367,0.025698051958202548,0.016169689602526717,1.589273052847403,0.0,0.0,0.0,1.0,0.0,0.025300701662008367,0.05060140332401674,six_nations,2025,north,c8_revive_both
six_nations_champion_allrugby,six_nations_2025,yellow_cards,stable,position:Second-row,90,15,0.07763831766299231,0.16414409379388922,0.15438292787187025,1.06322697759768,0.08319400967161616,-1.0712538883909433,0.03333333333333333,1.0,0.03333333333333333,0.04654421970236686,0.21122508010461966,six_nations,2025,north,c8_revive_both
six_nations_champion_allrugby,six_nations_2025,red_cards,stable,all,690,15,0.006637549383798415,0.04093080493682536,0.0431242538051795,0.9491365374514448,0.004971340506787737,-0.27215771670697847,0.004347826086956522,1.0,0.004347826086956522,0.0022910040081741685,0.14176272057769673,six_nations,2025,north,c8_revive_both
six_nations_champion_allrugby,six_nations_2025,red_cards,stable,starter,450,15,0.007660390030002548,0.04301357542220716,0.029521009528575122,1.4570496100606516,0.0053577763349114665,-0.2838896849710539,0.0044444444444444444,1.0,0.0044444444444444444,0.0032172070308230756,0.10737341193657099,six_nations,2025,north,c8_revive_both
six_nations_champion_allrugby,six_nations_2025,red_cards,stable,bench,240,15,0.0047197231721656675,0.03702561027673444,0.06863033682381266,0.5394933493009999,0.004423649486534872,-0.46355551574730025,0.004166666666666667,1.0,0.004166666666666667,0.000554373340707469,0.03661473480069097,six_nations,2025,north,c8_revive_both
six_nations_champion_allrugby,six_nations_2025,red_cards,stable,zero_minute,5,3,8.498725780362267e-05,8.499290237359578e-05,0.0008400515382311031,0.10117581898911271,0.0,0.0,0.0,1.0,0.0,8.498725780362267e-05,0.00010623407225452833,six_nations,2025,north,c8_revive_both
six_nations_champion_allrugby,six_nations_2025,red_cards,stable,north,690,15,0.006637549383798415,0.04093080493682536,0.0431242538051795,0.9491365374514448,0.004971340506787737,-0.27215771670697847,0.004347826086956522,1.0,0.004347826086956522,0.0022910040081741685,0.14176272057769673,six_nations,2025,north,c8_revive_both
six_nations_champion_allrugby,six_nations_2025,red_cards,stable,position:Back-row,120,15,0.002629538097179302,0.0026490195146033255,0.005500304229948018,0.48161327153141137,0.0,0.0,0.0,1.0,0.0,0.002629538097179302,0.010518152388717209,six_nations,2025,north,c8_revive_both
six_nations_champion_allrugby,six_nations_2025,red_cards,stable,position:Back-three,120,15,0.0008505808798070393,0.0008550138407022875,0.0033841254961507823,0.2526542947874743,0.0,0.0,0.0,1.0,0.0,0.0008505808798070393,0.003402323519228157,six_nations,2025,north,c8_revive_both
six_nations_champion_allrugby,six_nations_2025,red_cards,stable,position:Centre,60,15,0.02163964814118349,0.14708562292498542,0.09529219952661455,1.5435221734377667,0.022076843415099662,-1.0864668792527195,0.016666666666666666,1.0,0.016666666666666666,0.004979605776988016,0.04326487724608501,six_nations,2025,north,c8_revive_both
six_nations_champion_allrugby,six_nations_2025,red_cards,stable,position:Fly-half,60,15,0.017906594433140507,0.1574429844552149,0.0964750215977864,1.6319559389331861,0.018913743556169742,-1.808127963760173,0.016666666666666666,1.0,0.016666666666666666,0.001242764303489941,0.03581148967001977,six_nations,2025,north,c8_revive_both
six_nations_champion_allrugby,six_nations_2025,red_cards,stable,position:Hooker,60,15,0.0012718630437810092,0.0012820699386720165,0.0008396807598624864,1.5268540139969142,0.0,0.0,0.0,1.0,0.0,0.0012718630437810092,0.002543726087562018,six_nations,2025,north,c8_revive_both
six_nations_champion_allrugby,six_nations_2025,red_cards,stable,position:Prop,120,15,0.0033641250669670564,0.0033988138136645096,0.0029537772524901307,1.1506669336014415,0.0,0.0,0.0,1.0,0.0,0.0033641250669670564,0.01345650026786822,six_nations,2025,north,c8_revive_both
six_nations_champion_allrugby,six_nations_2025,red_cards,stable,position:Scrum-half,60,15,0.01754168686382975,0.14676216889510119,0.2694802845882615,0.5446118966340668,0.017899308441478794,-1.400271753950902,0.016666666666666666,1.0,0.016666666666666666,0.0008802875379969596,0.03507506284720351,six_nations,2025,north,c8_revive_both
six_nations_champion_allrugby,six_nations_2025,red_cards,stable,position:Second-row,90,15,0.0028556915625601456,0.0028838108143851514,0.006776878886574253,0.42553672017044597,0.0,0.0,0.0,1.0,0.0,0.0028556915625601456,0.008567074687680436,six_nations,2025,north,c8_revive_both
six_nations_champion_allrugby,six_nations_2025,metres,stable,all,690,15,11.192651773392967,1.1990742228365374,1.5321129082242182,0.7826278444623991,1.4424475898510931,1.1287374516552964,0.8072463768115942,1.0,17.723188405797103,14.423850995703436,119.64477291264596,six_nations,2025,north,c8_revive_both
six_nations_champion_allrugby,six_nations_2025,metres,stable,starter,450,15,13.98591530291683,1.1440040064719483,1.4371874458542897,0.7960019479518429,0.9516618294041199,1.1487995041300358,0.8933333333333333,1.0,23.66888888888889,19.774753538641274,102.67700282820384,six_nations,2025,north,c8_revive_both
six_nations_champion_allrugby,six_nations_2025,metres,stable,bench,240,15,5.955282655535725,1.3023308785201426,1.7100981501678343,0.7615532935301567,2.9086082264579884,0.8349961251566929,0.6458333333333334,1.0,6.575,4.390908727694979,27.398215754100256,six_nations,2025,north,c8_revive_both
six_nations_champion_allrugby,six_nations_2025,metres,stable,zero_minute,5,3,5.724516328292997,3.4558331551086523,4.955477415745271,0.6973764312048464,0.0,0.0,0.0,1.0,0.0,5.724516328292997,7.155645410366246,six_nations,2025,north,c8_revive_both
six_nations_champion_allrugby,six_nations_2025,metres,stable,north,690,15,11.192651773392967,1.1990742228365374,1.5321129082242182,0.7826278444623991,1.4424475898510931,1.1287374516552964,0.8072463768115942,1.0,17.723188405797103,14.423850995703436,119.64477291264596,six_nations,2025,north,c8_revive_both
six_nations_champion_allrugby,six_nations_2025,metres,stable,position:Back-row,120,15,12.56367426770955,1.2157034174930719,1.733226791782827,0.7014104693377018,2.772478763029621,1.1734488933121558,0.8833333333333333,1.0,19.45,14.212396749462775,32.43249255680211,six_nations,2025,north,c8_revive_both
six_nations_champion_allrugby,six_nations_2025,metres,stable,position:Back-three,120,15,23.75595508776777,1.4796819331012794,1.7433235326134577,0.8487706988518953,5.273258313941604,1.1146061240805567,0.9,1.0,41.71666666666667,32.696221172109006,68.43923742235388,six_nations,2025,north,c8_revive_both
six_nations_champion_allrugby,six_nations_2025,metres,stable,position:Centre,60,15,15.072302713458203,0.771141076870677,0.7925392278077048,0.9730005150707572,17.751178925594587,0.37937842702758257,1.0,1.0,27.45,25.56503054323715,23.822031023499886,six_nations,2025,north,c8_revive_both
six_nations_champion_allrugby,six_nations_2025,metres,stable,position:Fly-half,60,15,10.649967972037533,1.690928697992554,2.1342371673084766,0.7922871571602389,0.15603202992975027,0.984769957053269,0.7833333333333333,1.0,14.55,14.616579097458839,16.4296365780899,six_nations,2025,north,c8_revive_both
six_nations_champion_allrugby,six_nations_2025,metres,stable,position:Hooker,60,15,6.205594146211805,1.2742079046780972,1.4881093551884754,0.8562595888772658,5.426407943182398,0.501980478559058,0.8166666666666667,1.0,8.55,6.222536911761819,9.459591395245077,six_nations,2025,north,c8_revive_both
six_nations_champion_allrugby,six_nations_2025,metres,stable,position:Prop,120,15,3.134641308747996,0.7764544385752398,1.1467748401176914,0.6770766251686806,1.7656528927353994,0.7111617606308386,0.625,1.0,3.8583333333333334,2.9426222787085927,7.8233982127846335,six_nations,2025,north,c8_revive_both
six_nations_champion_allrugby,six_nations_2025,metres,stable,position:Scrum-half,60,15,9.8237610489511,1.4403281530002343,1.706557398795926,0.8439963132892385,-0.09429897143239294,1.0872658567719597,0.7666666666666667,1.0,12.916666666666666,11.96668280996885,16.778374881674296,six_nations,2025,north,c8_revive_both
six_nations_champion_allrugby,six_nations_2025,metres,stable,position:Second-row,90,15,5.370218789939903,1.112712101159624,1.50080331096665,0.7414110117087488,3.440452531187416,0.6588048406024174,0.7333333333333333,1.0,6.866666666666666,5.200651125068067,10.170049390970743,six_nations,2025,north,c8_revive_both
six_nations_champion_allrugby,six_nations_2025,tackle_turnover,extended,all,690,15,0.15472051681139629,0.48741981350662605,0.47433934406122436,1.0275761848751752,0.04778738146982011,0.7479146074974735,0.0927536231884058,1.0,0.10289855072463767,0.07368644588881587,1.374382509798402,six_nations,2025,north,c8_revive_both
six_nations_champion_allrugby,six_nations_2025,tackle_turnover,extended,starter,450,15,0.21089042144395387,0.6294436413022974,0.5989398227790131,1.0509296883646004,0.07929507142104585,0.5902814540918258,0.12444444444444444,1.0,0.14,0.10284065026632326,1.26867521643619,six_nations,2025,north,c8_revive_both
six_nations_champion_allrugby,six_nations_2025,tackle_turnover,extended,bench,240,15,0.049401945625350864,0.22112513638974213,0.24071344646537057,0.9186239474227027,0.014129706780668163,1.009531641852196,0.03333333333333333,1.0,0.03333333333333333,0.019022312680989497,0.32985368831084816,six_nations,2025,north,c8_revive_both
six_nations_champion_allrugby,six_nations_2025,tackle_turnover,extended,zero_minute,5,3,0.015742456107818152,0.031484912215636304,0.10172792862964583,0.309501162952618,0.0,0.0,0.0,1.0,0.0,0.015742456107818152,0.019678070134772692,six_nations,2025,north,c8_revive_both
six_nations_champion_allrugby,six_nations_2025,tackle_turnover,extended,north,690,15,0.15472051681139629,0.48741981350662605,0.47433934406122436,1.0275761848751752,0.04778738146982011,0.7479146074974735,0.0927536231884058,1.0,0.10289855072463767,0.07368644588881587,1.374382509798402,six_nations,2025,north,c8_revive_both
six_nations_champion_allrugby,six_nations_2025,tackle_turnover,extended,position:Back-row,120,15,0.16296972606301582,0.4776289078199,0.48440438661914204,0.986012763330797,0.044774222639058274,1.0440456978574766,0.10833333333333334,1.0,0.11666666666666667,0.06885948016944225,0.5085589998752882,six_nations,2025,north,c8_revive_both
six_nations_champion_allrugby,six_nations_2025,tackle_turnover,extended,position:Back-three,120,15,0.2185201743209289,0.6097245424135448,0.5417526359086112,1.1254666835001792,0.1097325541480874,0.2925966748535036,0.13333333333333333,1.0,0.14166666666666666,0.10914038081453918,0.5692486688253636,six_nations,2025,north,c8_revive_both
six_nations_champion_allrugby,six_nations_2025,tackle_turnover,extended,position:Centre,60,15,0.2589352847620548,0.6782365151333442,0.644011278876717,1.053143846046179,0.08178388697758447,0.6250863633663863,0.15,1.0,0.16666666666666666,0.1357936833431276,0.44559509316673235,six_nations,2025,north,c8_revive_both
six_nations_champion_allrugby,six_nations_2025,tackle_turnover,extended,position:Fly-half,60,15,0.08074196638323383,0.30697229933802295,0.3463688933416833,0.8862582790747415,0.046314608592347026,-0.2677297882101077,0.03333333333333333,1.0,0.03333333333333333,0.04848648088731277,0.13631861043840962,six_nations,2025,north,c8_revive_both
six_nations_champion_allrugby,six_nations_2025,tackle_turnover,extended,position:Hooker,60,15,0.10314723223651745,0.5135161434116797,0.47342321448304575,1.084687289727466,0.01841303687603583,2.236659328521861,0.05,1.0,0.08333333333333333,0.02902556309288341,0.20419253980430127,six_nations,2025,north,c8_revive_both
six_nations_champion_allrugby,six_nations_2025,tackle_turnover,extended,position:Prop,120,15,0.1109421391708766,0.43969389261374575,0.3970986820214595,1.1072660588432384,0.07332380835968814,0.039388747686503904,0.075,1.0,0.075,0.042555088413897706,0.3729407791200767,six_nations,2025,north,c8_revive_both
six_nations_champion_allrugby,six_nations_2025,tackle_turnover,extended,position:Scrum-half,60,15,0.11587633317767611,0.48627372919545575,0.4352217145981231,1.1173011660148282,0.04188879425002932,0.9544184997700996,0.08333333333333333,1.0,0.08333333333333333,0.04342386394782494,0.21274434774291454,six_nations,2025,north,c8_revive_both
six_nations_champion_allrugby,six_nations_2025,tackle_turnover,extended,position:Second-row,90,15,0.15714736510795507,0.3774896550355439,0.47291063087072344,0.7982261983421891,-0.0010343954515277286,1.0133526820306957,0.07777777777777778,1.0,0.1,0.09970309176965028,0.3844514858443482,six_nations,2025,north,c8_revive_both
six_nations_champion_allrugby,six_nations_2026,minutes,minutes,all,690,15,10.736853637366329,10.736853637366329,9.997739189752183,1.0739281585152518,-0.39644296687029457,1.0105975815210497,0.9840579710144928,1.0,51.505797101449275,51.35796979664399,26.78302468092981,six_nations,2026,north,c8_revive_both
six_nations_champion_allrugby,six_nations_2026,minutes,minutes,starter,450,15,10.874515627809874,10.874515627809874,10.200679955778647,1.066057917212617,-46.32446375235712,1.692892123345015,1.0,1.0,67.38,67.16580589180515,32.43521599907495,six_nations,2026,north,c8_revive_both
six_nations_champion_allrugby,six_nations_2026,minutes,minutes,bench,240,15,10.478737405284681,10.478737405284681,9.617225253452565,1.0895801157951286,29.11663211555069,-0.3395741480201515,0.9541666666666667,1.0,21.741666666666667,21.718277118216825,30.336516581763934,six_nations,2026,north,c8_revive_both
six_nations_champion_allrugby,six_nations_2026,minutes,minutes,zero_minute,11,7,22.869109300768663,22.869109300768663,19.41624934532534,1.1778335194420355,0.0,0.0,0.0,1.0,0.0,22.869109300768663,27.951133589828366,six_nations,2026,north,c8_revive_both
six_nations_champion_allrugby,six_nations_2026,minutes,minutes,north,690,15,10.736853637366329,10.736853637366329,9.997739189752183,1.0739281585152518,-0.39644296687029457,1.0105975815210497,0.9840579710144928,1.0,51.505797101449275,51.35796979664399,26.78302468092981,six_nations,2026,north,c8_revive_both
six_nations_champion_allrugby,six_nations_2026,minutes,minutes,position:Back-row,120,15,12.892356282165686,12.892356282165686,12.715621903853757,1.0138989960261688,2.245737561620205,0.99522156416459,0.9916666666666667,1.0,57.95,55.971719709609744,20.081125809326743,six_nations,2026,north,c8_revive_both
six_nations_champion_allrugby,six_nations_2026,minutes,minutes,position:Back-three,120,15,10.068792361817914,10.068792361817914,9.097058475002203,1.1068184720902847,-11.726425774109906,1.1919501970190962,0.9833333333333333,1.0,60.516666666666666,60.609153487659675,11.487106640859984,six_nations,2026,north,c8_revive_both
six_nations_champion_allrugby,six_nations_2026,minutes,minutes,position:Centre,60,15,10.12249531753579,10.12249531753579,9.093859067815337,1.113113282496423,146.2859491723163,-1.0046196451623972,1.0,1.0,74.56666666666666,71.38948840091231,15.189574846114715,six_nations,2026,north,c8_revive_both
six_nations_champion_allrugby,six_nations_2026,minutes,minutes,position:Fly-half,60,15,11.504055739848585,11.504055739848585,10.101120537614793,1.1388890665158888,-15.314492037893459,1.3216921575677643,0.9166666666666666,1.0,45.916666666666664,46.327852029659006,10.561042243759239,six_nations,2026,north,c8_revive_both
six_nations_champion_allrugby,six_nations_2026,minutes,minutes,position:Hooker,60,15,10.793425997739634,10.793425997739634,8.814726617815507,1.2244765454126465,16.535297244229977,0.5901494948033335,1.0,1.0,39.6,39.08281369190411,3.089807725995763,six_nations,2026,north,c8_revive_both
six_nations_champion_allrugby,six_nations_2026,minutes,minutes,position:Prop,120,15,9.632350514166458,9.632350514166458,8.258293621541661,1.166385085780988,12.676234966083367,0.6773239081668625,1.0,1.0,39.40833333333333,39.467229851075,5.0993421783407875,six_nations,2026,north,c8_revive_both
six_nations_champion_allrugby,six_nations_2026,minutes,minutes,position:Scrum-half,60,15,9.578506478600913,9.578506478600913,10.309312552340838,0.9291120460234773,-8.948298999340857,1.0817097858688263,0.95,1.0,39.583333333333336,44.86566819185589,14.582776315482347,six_nations,2026,north,c8_revive_both
six_nations_champion_allrugby,six_nations_2026,minutes,minutes,position:Second-row,90,15,10.858889986458493,10.858889986458493,11.008689270512257,0.986392632186012,-4.6946710407730885,1.0922180334612501,1.0,1.0,51.266666666666666,51.236416166923846,12.380287958144374,six_nations,2026,north,c8_revive_both
six_nations_champion_allrugby,six_nations_2026,tries,stable,all,690,15,0.23578344404498972,0.5365473244562433,0.5437168891548037,0.9868137907032734,0.04577202530722123,0.5799469988473067,0.13768115942028986,1.0,0.15797101449275364,0.1934642120892724,1.9001662509541815,six_nations,2026,north,c8_revive_both
six_nations_champion_allrugby,six_nations_2026,tries,stable,starter,450,15,0.3066717650871899,0.6355545107384839,0.6701022717300269,0.9484440473506383,0.056177090957543765,0.5757490763008366,0.18,1.0,0.2111111111111111,0.2690999022508411,1.7451957376000762,six_nations,2026,north,c8_revive_both
six_nations_champion_allrugby,six_nations_2026,tries,stable,bench,240,15,0.10286784209086429,0.35090885017704243,0.3067442968262598,1.14397840092785,0.05338641919751928,0.09578264116057697,0.058333333333333334,1.0,0.058333333333333334,0.05164729303633095,0.6527026114598928,six_nations,2026,north,c8_revive_both
six_nations_champion_allrugby,six_nations_2026,tries,stable,zero_minute,11,7,0.057068841150917676,0.11413768230183535,0.15264744062630456,0.7477209040225918,0.0,0.0,0.0,1.0,0.0,0.057068841150917676,0.06975080585112162,six_nations,2026,north,c8_revive_both
six_nations_champion_allrugby,six_nations_2026,tries,stable,north,690,15,0.23578344404498972,0.5365473244562433,0.5437168891548037,0.9868137907032734,0.04577202530722123,0.5799469988473067,0.13768115942028986,1.0,0.15797101449275364,0.1934642120892724,1.9001662509541815,six_nations,2026,north,c8_revive_both
six_nations_champion_allrugby,six_nations_2026,tries,stable,position:Back-row,120,15,0.17825355515768287,0.474081681600081,0.4945702889206768,0.9585729111117673,0.044586584818006224,0.5950595896799767,0.09166666666666666,1.0,0.10833333333333334,0.10712666364995502,0.5256847276249528,six_nations,2026,north,c8_revive_both
six_nations_champion_allrugby,six_nations_2026,tries,stable,position:Back-three,120,15,0.5065195135206095,0.8802435073386071,1.0028403538350623,0.8777503856644576,0.0993946511767372,0.6294620447487158,0.3333333333333333,1.0,0.425,0.5172755872091479,1.1298997683999121,six_nations,2026,north,c8_revive_both
six_nations_champion_allrugby,six_nations_2026,tries,stable,position:Centre,60,15,0.42088912321930744,0.8224744135178174,0.6900795023860893,1.1918545771522642,0.0637364990350945,0.311185640241192,0.18333333333333332,1.0,0.2,0.43788492572887106,0.7407376829525845,six_nations,2026,north,c8_revive_both
six_nations_champion_allrugby,six_nations_2026,tries,stable,position:Fly-half,60,15,0.2039338601855838,0.5636122697529731,0.5395645319477876,1.0445687890536002,0.05556271140440844,0.8632203856447531,0.15,1.0,0.15,0.10940113343715212,0.3322299895935142,six_nations,2026,north,c8_revive_both
six_nations_champion_allrugby,six_nations_2026,tries,stable,position:Hooker,60,15,0.16295699902736407,0.4612615392494612,0.5182832800202669,0.8899795865138156,0.05632707781823437,0.7668475290917306,0.11666666666666667,1.0,0.11666666666666667,0.07868524910016945,0.30549570849052493,six_nations,2026,north,c8_revive_both
six_nations_champion_allrugby,six_nations_2026,tries,stable,position:Prop,120,15,0.07506879220869579,0.23987693839101096,0.2564438385986692,0.9353975502075322,0.025552851660121473,0.42073387432440784,0.041666666666666664,1.0,0.041666666666666664,0.03829930507121613,0.28511411675913384,six_nations,2026,north,c8_revive_both
six_nations_champion_allrugby,six_nations_2026,tries,stable,position:Scrum-half,60,15,0.2592261868841174,0.7374995562133082,0.5223238988797247,1.4119582844956744,0.10369454781752145,0.06667416890518339,0.11666666666666667,1.0,0.11666666666666667,0.1945598882168704,0.46189641771995754,six_nations,2026,north,c8_revive_both
six_nations_champion_allrugby,six_nations_2026,tries,stable,position:Second-row,90,15,0.09654647695135486,0.2646947985692272,0.31652269955837076,0.83625850196066,-0.002311993322439187,1.1000859215570744,0.05555555555555555,1.0,0.05555555555555555,0.05260275378862074,0.23665496309545614,six_nations,2026,north,c8_revive_both
six_nations_champion_allrugby,six_nations_2026,try_assists,stable,all,690,15,0.19545185705291693,0.4466099597686282,0.45742901453004203,0.976348123057893,0.05235680947750875,0.4902906414747491,0.11304347826086956,1.0,0.1318840579710145,0.16220429632165745,1.2394637026607827,six_nations,2026,north,c8_revive_both
six_nations_champion_allrugby,six_nations_2026,try_assists,stable,starter,450,15,0.2560333372368615,0.5853894691786256,0.5763453432914685,1.0156921991171244,0.08112573856065605,0.46490288402728525,0.15333333333333332,1.0,0.18,0.21267723827142582,1.2426763967362149,six_nations,2026,north,c8_revive_both
six_nations_champion_allrugby,six_nations_2026,try_assists,stable,bench,240,15,0.08186158170802085,0.18639837962488315,0.2344608981023674,0.7950083836303493,0.007235475645962814,0.5095819091832109,0.0375,1.0,0.041666666666666664,0.0675675301658418,0.5139086807928941,six_nations,2026,north,c8_revive_both
six_nations_champion_allrugby,six_nations_2026,try_assists,stable,zero_minute,11,7,0.21204130645969377,0.6113879762026996,0.4428753944021587,1.3804966000154908,0.13265393739876072,-0.3188748121035429,0.09090909090909091,1.0,0.09090909090909091,0.1309129630348937,0.2591615967840702,six_nations,2026,north,c8_revive_both
six_nations_champion_allrugby,six_nations_2026,try_assists,stable,north,690,15,0.19545185705291693,0.4466099597686282,0.45742901453004203,0.976348123057893,0.05235680947750875,0.4902906414747491,0.11304347826086956,1.0,0.1318840579710145,0.16220429632165745,1.2394637026607827,six_nations,2026,north,c8_revive_both
six_nations_champion_allrugby,six_nations_2026,try_assists,stable,position:Back-row,120,15,0.09269308885645033,0.33793278777204855,0.3335326942099932,1.0131923905465323,0.047674420896597874,0.2679653082747431,0.058333333333333334,1.0,0.058333333333333334,0.03977721036115234,0.3223586454686005,six_nations,2026,north,c8_revive_both
six_nations_champion_allrugby,six_nations_2026,try_assists,stable,position:Back-three,120,15,0.28683999203747346,0.5249955130993661,0.591205242246419,0.8880088936703707,-0.013288171693077605,0.6050532948951645,0.13333333333333333,1.0,0.15,0.2698740310493972,0.7031959775287111,six_nations,2026,north,c8_revive_both
six_nations_champion_allrugby,six_nations_2026,try_assists,stable,position:Centre,60,15,0.403509056468626,1.0794076103752537,0.9045693108545123,1.1932834747130414,0.3138311468509381,-0.23249307276970832,0.21666666666666667,1.0,0.26666666666666666,0.20286402352722677,0.562843508842372,six_nations,2026,north,c8_revive_both
six_nations_champion_allrugby,six_nations_2026,try_assists,stable,position:Fly-half,60,15,0.4946123093153298,0.8384605090881395,1.1165668057430906,0.750927311089221,0.14916384047950187,0.6776713800458409,0.38333333333333336,1.0,0.48333333333333334,0.4931143658910705,0.7814047155298667,six_nations,2026,north,c8_revive_both
six_nations_champion_allrugby,six_nations_2026,try_assists,stable,position:Hooker,60,15,0.03709060287613301,0.142555608171826,0.13833500105439966,1.0305100450736007,0.018890112763651667,-0.10575109732248784,0.016666666666666666,1.0,0.016666666666666666,0.021025276836651615,0.07384396012735965,six_nations,2026,north,c8_revive_both
six_nations_champion_allrugby,six_nations_2026,try_assists,stable,position:Prop,120,15,0.005327011569103914,0.010654023138207827,0.01857292316146554,0.5736320042669657,0.0,0.0,0.0,1.0,0.0,0.005327011569103914,0.02130804627641566,six_nations,2026,north,c8_revive_both
six_nations_champion_allrugby,six_nations_2026,try_assists,stable,position:Scrum-half,60,15,0.4151733223927179,0.7058969156270439,0.6047752227402133,1.1672054163010384,0.10024591921731882,0.27418060348316897,0.2,1.0,0.23333333333333334,0.48540054411319544,0.7591192139426071,six_nations,2026,north,c8_revive_both
six_nations_champion_allrugby,six_nations_2026,try_assists,stable,position:Second-row,90,15,0.08506058675312156,0.41501949737181065,0.4063770716450082,1.0212670111820483,0.049918209698772115,0.7615544723748222,0.06666666666666667,1.0,0.06666666666666667,0.021992460914406316,0.24074568479962496,six_nations,2026,north,c8_revive_both
six_nations_champion_allrugby,six_nations_2026,conversion_goals,stable,all,690,15,0.08956287531387329,0.12502614231573417,0.3263575084923112,0.38309565143245267,-0.017345696040448052,1.1534747436621338,0.043478260869565216,0.12753623188405797,0.12318840579710146,0.12183543905900512,1.1344208147434978,six_nations,2026,north,c8_revive_both
six_nations_champion_allrugby,six_nations_2026,conversion_goals,stable,starter,450,15,0.10975886840807154,0.1401964976768077,0.421141202040791,0.3328966555574121,-0.007630810815364623,1.1825719128068384,0.06222222222222222,0.11555555555555555,0.18222222222222223,0.16054248454706663,1.0894706705540262,six_nations,2026,north,c8_revive_both
six_nations_champion_allrugby,six_nations_2026,conversion_goals,stable,bench,240,15,0.051695388262251535,0.09658172601372127,0.14863808308891163,0.6497777958825564,-0.0018166409956559275,0.2906358064378473,0.008333333333333333,0.15,0.0125,0.04925972876888983,0.4135631060980122,six_nations,2026,north,c8_revive_both
six_nations_champion_allrugby,six_nations_2026,conversion_goals,stable,zero_minute,11,7,0.23640268093779523,0.4728053691483178,0.2784757703864207,1.697833059200231,0.0,0.0,0.0,0.6363636363636364,0.0,0.23640268093779523,0.2889366100350831,six_nations,2026,north,c8_revive_both
six_nations_champion_allrugby,six_nations_2026,conversion_goals,stable,north,690,15,0.08956287531387329,0.12502614231573417,0.3263575084923112,0.38309565143245267,-0.017345696040448052,1.1534747436621338,0.043478260869565216,0.12753623188405797,0.12318840579710146,0.12183543905900512,1.1344208147434978,six_nations,2026,north,c8_revive_both
six_nations_champion_allrugby,six_nations_2026,conversion_goals,stable,position:Back-row,120,15,0.0,2.0000000000000004e-08,2.0000000000000004e-08,1.0,0.0,,0.0,0.0,0.0,0.0,0.0,six_nations,2026,north,c8_revive_both
six_nations_champion_allrugby,six_nations_2026,conversion_goals,stable,position:Back-three,120,15,0.1464889453920449,0.20985836934911256,1.2994657806000007,0.16149587967773565,-0.06923099989014211,1.1884145385757459,0.05,0.23333333333333334,0.2,0.22654637010146467,0.5859553223997163,six_nations,2026,north,c8_revive_both
six_nations_champion_allrugby,six_nations_2026,conversion_goals,stable,position:Centre,60,15,0.055785077633785034,0.1115701736009034,0.046449900464499,2.4019464516651636,0.0,0.0,0.0,0.08333333333333333,0.0,0.055785077633785034,0.11157015526757007,six_nations,2026,north,c8_revive_both
six_nations_champion_allrugby,six_nations_2026,conversion_goals,stable,position:Fly-half,60,15,0.6504103066542876,0.8449139945903875,1.0493510580252328,0.8051776268091119,0.014058562531043718,1.1638881552935811,0.4,0.8,1.0166666666666666,0.8614299403044644,1.1543558631542752,six_nations,2026,north,c8_revive_both
six_nations_champion_allrugby,six_nations_2026,conversion_goals,stable,position:Hooker,60,15,0.0,2e-08,0.0013245133112582783,1.509988599586073e-05,0.0,,0.0,0.0,0.0,0.0,0.0,six_nations,2026,north,c8_revive_both
six_nations_champion_allrugby,six_nations_2026,conversion_goals,stable,position:Prop,120,15,0.0,2.0000000000000004e-08,2.0000000000000004e-08,1.0,0.0,,0.0,0.0,0.0,0.0,0.0,six_nations,2026,north,c8_revive_both
six_nations_champion_allrugby,six_nations_2026,conversion_goals,stable,position:Scrum-half,60,15,0.0307997910373801,0.06159959974142685,0.05705420466058763,1.079668012338083,0.0,0.0,0.0,0.11666666666666667,0.0,0.0307997910373801,0.06159958207476019,six_nations,2026,north,c8_revive_both
six_nations_champion_allrugby,six_nations_2026,conversion_goals,stable,position:Second-row,90,15,0.0,1.9999999999999997e-08,1.9999999999999997e-08,1.0,0.0,,0.0,0.0,0.0,0.0,0.0,six_nations,2026,north,c8_revive_both
six_nations_champion_allrugby,six_nations_2026,penalty_goals,stable,all,690,15,0.04485671414908207,0.0960183545041932,0.13177606295846286,0.7286479224565933,0.002894438069172864,1.1034676234337049,0.028985507246376812,0.1289855072463768,0.043478260869565216,0.036778444549289115,0.7720381409089245,six_nations,2026,north,c8_revive_both
six_nations_champion_allrugby,six_nations_2026,penalty_goals,stable,starter,450,15,0.05540568536718158,0.11766419554611683,0.1670523110682763,0.7043553890016286,0.004796642049909918,1.244665474353438,0.04,0.11333333333333333,0.06222222222222222,0.04613736088577772,0.7484392015032741,six_nations,2026,north,c8_revive_both
six_nations_champion_allrugby,six_nations_2026,penalty_goals,stable,bench,240,15,0.025077393115145497,0.05543240255058639,0.0656330977525626,0.8445800129618607,0.005918479261404706,0.12557432376565833,0.008333333333333333,0.15833333333333333,0.008333333333333333,0.019230476418372996,0.20061914492116398,six_nations,2026,north,c8_revive_both
six_nations_champion_allrugby,six_nations_2026,penalty_goals,stable,zero_minute,11,7,0.07152019953924887,0.14304040635122503,0.10268026103741064,1.3930662515467265,0.0,0.0,0.0,0.6363636363636364,0.0,0.07152019953924887,0.08741357721463751,six_nations,2026,north,c8_revive_both
six_nations_champion_allrugby,six_nations_2026,penalty_goals,stable,north,690,15,0.04485671414908207,0.0960183545041932,0.13177606295846286,0.7286479224565933,0.002894438069172864,1.1034676234337049,0.028985507246376812,0.1289855072463768,0.043478260869565216,0.036778444549289115,0.7720381409089245,six_nations,2026,north,c8_revive_both
six_nations_champion_allrugby,six_nations_2026,penalty_goals,stable,position:Back-row,120,15,0.0,2.0000000000000004e-08,2.0000000000000004e-08,1.0,0.0,,0.0,0.0,0.0,0.0,0.0,six_nations,2026,north,c8_revive_both
six_nations_champion_allrugby,six_nations_2026,penalty_goals,stable,position:Back-three,120,15,0.06802999520196226,0.13597419259273266,0.304680768771453,0.44628413253981764,0.012537444256315075,0.41623832762854024,0.025,0.20833333333333334,0.03333333333333333,0.049961494885634186,0.2654425936315849,six_nations,2026,north,c8_revive_both
six_nations_champion_allrugby,six_nations_2026,penalty_goals,stable,position:Centre,60,15,0.008046998927096791,0.01609401552086025,0.06901128069011281,0.2332084749032346,0.0,0.0,0.0,0.11666666666666667,0.0,0.008046998927096791,0.016093997854193586,six_nations,2026,north,c8_revive_both
six_nations_champion_allrugby,six_nations_2026,penalty_goals,stable,position:Fly-half,60,15,0.3672894240618286,0.8072569297820414,0.7945337638563988,1.0160133735083687,0.07671950427586993,1.1484173841459508,0.2833333333333333,0.8333333333333334,0.43333333333333335,0.3105263242968656,0.6961247019492448,six_nations,2026,north,c8_revive_both
six_nations_champion_allrugby,six_nations_2026,penalty_goals,stable,position:Hooker,60,15,0.0,2e-08,2e-08,1.0,0.0,,0.0,0.0,0.0,0.0,0.0,six_nations,2026,north,c8_revive_both
six_nations_champion_allrugby,six_nations_2026,penalty_goals,stable,position:Prop,120,15,0.0,2.0000000000000004e-08,2.0000000000000004e-08,1.0,0.0,,0.0,0.0,0.0,0.0,0.0,six_nations,2026,north,c8_revive_both
six_nations_champion_allrugby,six_nations_2026,penalty_goals,stable,position:Scrum-half,60,15,0.0044557993215940525,0.008911616309854771,0.042518011932905546,0.2095962606134435,0.0,0.0,0.0,0.11666666666666667,0.0,0.0044557993215940525,0.008911598643188105,six_nations,2026,north,c8_revive_both
six_nations_champion_allrugby,six_nations_2026,penalty_goals,stable,position:Second-row,90,15,0.0,1.9999999999999997e-08,1.9999999999999997e-08,1.0,0.0,,0.0,0.0,0.0,0.0,0.0,six_nations,2026,north,c8_revive_both
six_nations_champion_allrugby,six_nations_2026,drop_goals_converted,stable,all,690,15,0.0035075116372824833,0.009694412995637227,0.010881632443910216,0.8908969353272538,0.0003392133986577745,0.496907100413591,0.0014492753623188406,1.0,0.0014492753623188406,0.002233942647905668,0.08062668307529025,six_nations,2026,north,c8_revive_both
six_nations_champion_allrugby,six_nations_2026,drop_goals_converted,stable,starter,450,15,0.00500715945376595,0.014122715671989616,0.01580332619882812,0.8936546328479172,0.0006875225385865424,0.5024629919848568,0.0022222222222222222,1.0,0.0022222222222222222,0.003054353670054834,0.0750870042221083,six_nations,2026,north,c8_revive_both
six_nations_champion_allrugby,six_nations_2026,drop_goals_converted,stable,bench,240,15,0.0006956719813759812,0.0013913454774764984,0.0016534566534391537,0.8414768385869266,0.0,0.0,0.0,1.0,0.0,0.0006956719813759812,0.005565375851007848,six_nations,2026,north,c8_revive_both
six_nations_champion_allrugby,six_nations_2026,drop_goals_converted,stable,zero_minute,11,7,0.003738186773964279,0.007476374227115993,0.006012516921596922,1.2434683053050386,0.0,0.0,0.0,1.0,0.0,0.003738186773964279,0.0045688949459563415,six_nations,2026,north,c8_revive_both
six_nations_champion_allrugby,six_nations_2026,drop_goals_converted,stable,north,690,15,0.0035075116372824833,0.009694412995637227,0.010881632443910216,0.8908969353272538,0.0003392133986577745,0.496907100413591,0.0014492753623188406,1.0,0.0014492753623188406,0.002233942647905668,0.08062668307529025,six_nations,2026,north,c8_revive_both
six_nations_champion_allrugby,six_nations_2026,drop_goals_converted,stable,position:Back-row,120,15,9.010829100364937e-06,1.8022052344284704e-05,2.0000000000000004e-08,901.102617214235,0.0,0.0,0.0,1.0,0.0,9.010829100364937e-06,3.604331640145975e-05,six_nations,2026,north,c8_revive_both
six_nations_champion_allrugby,six_nations_2026,drop_goals_converted,stable,position:Back-three,120,15,0.0016210982686825162,0.0032421965373650324,0.001991155442477876,1.6282990610367964,0.0,0.0,0.0,1.0,0.0,0.0016210982686825162,0.006484393074730065,six_nations,2026,north,c8_revive_both
six_nations_champion_allrugby,six_nations_2026,drop_goals_converted,stable,position:Centre,60,15,0.00018554820353316903,0.00037109640706633806,2e-08,18554.820353316903,0.0,0.0,0.0,1.0,0.0,0.00018554820353316903,0.000371096407066338,six_nations,2026,north,c8_revive_both
six_nations_champion_allrugby,six_nations_2026,drop_goals_converted,stable,position:Fly-half,60,15,0.03533668985374276,0.1014863554409184,0.12115629222001179,0.8376482441095665,0.00753162757306821,0.4415057356586026,0.016666666666666666,1.0,0.016666666666666666,0.02069064647590941,0.07065036859952405,six_nations,2026,north,c8_revive_both
six_nations_champion_allrugby,six_nations_2026,drop_goals_converted,stable,position:Hooker,60,15,2.8862622540042793e-08,5.780649931198379e-08,2e-08,2.8903249655991896,0.0,,0.0,1.0,0.0,2.8862622540042793e-08,5.772524508008557e-08,six_nations,2026,north,c8_revive_both
six_nations_champion_allrugby,six_nations_2026,drop_goals_converted,stable,position:Prop,120,15,5.070251825828402e-07,1.0158375068736414e-06,2.0000000000000004e-08,50.79187534368206,0.0,0.0,0.0,1.0,0.0,5.070251825828402e-07,2.028100730331361e-06,six_nations,2026,north,c8_revive_both
six_nations_champion_allrugby,six_nations_2026,drop_goals_converted,stable,position:Scrum-half,60,15,0.0015502691904388218,0.003100538438223074,2e-08,155026.9219111537,0.0,0.0,0.0,1.0,0.0,0.0015502691904388218,0.003100538380877644,six_nations,2026,north,c8_revive_both
six_nations_champion_allrugby,six_nations_2026,drop_goals_converted,stable,position:Second-row,90,15,1.7436483202095806e-06,3.488335125723448e-06,1.9999999999999997e-08,174.41675628617242,0.0,0.0,0.0,1.0,0.0,1.7436483202095806e-06,5.230944960628742e-06,six_nations,2026,north,c8_revive_both
six_nations_champion_allrugby,six_nations_2026,defenders_beaten,stable,all,690,15,0.8903857437883615,1.2984426426574387,1.4575658954977648,0.8908294620971596,-0.021173324837863754,0.9333839832669717,0.43333333333333335,1.0,1.0043478260869565,1.098713036981153,5.681155161634612,six_nations,2026,north,c8_revive_both
six_nations_champion_allrugby,six_nations_2026,defenders_beaten,stable,starter,450,15,1.1075278679892047,1.4973710407757204,1.7615028704390567,0.8500531369571364,0.07817653337687853,0.9081493132508235,0.5533333333333333,1.0,1.3888888888888888,1.4432784745717273,5.4747847049930085,six_nations,2026,north,c8_revive_both
six_nations_champion_allrugby,six_nations_2026,defenders_beaten,stable,bench,240,15,0.4832442609117807,0.9254518961856597,0.8876840674828422,1.0425464758085765,0.04718926118495029,0.5216891412113124,0.20833333333333334,1.0,0.2833333333333333,0.45265284149882606,1.9437673560211512,six_nations,2026,north,c8_revive_both
six_nations_champion_allrugby,six_nations_2026,defenders_beaten,stable,zero_minute,11,7,0.5950671706905948,1.1901343413811896,1.0709231079112191,1.1113163331609175,0.0,0.0,0.0,1.0,0.0,0.5950671706905948,0.7273043197329492,six_nations,2026,north,c8_revive_both
six_nations_champion_allrugby,six_nations_2026,defenders_beaten,stable,north,690,15,0.8903857437883615,1.2984426426574387,1.4575658954977648,0.8908294620971596,-0.021173324837863754,0.9333839832669717,0.43333333333333335,1.0,1.0043478260869565,1.098713036981153,5.681155161634612,six_nations,2026,north,c8_revive_both
six_nations_champion_allrugby,six_nations_2026,defenders_beaten,stable,position:Back-row,120,15,0.9787062895060201,1.4642870836630262,1.688762211708852,0.8670771251929658,-0.2568075072294422,1.2331176166680258,0.475,1.0,1.0333333333333334,1.046243134575298,2.2679798616773983,six_nations,2026,north,c8_revive_both
six_nations_champion_allrugby,six_nations_2026,defenders_beaten,stable,position:Back-three,120,15,1.5144634219872022,1.7666761974240748,1.8050465551018466,0.9787427323858653,0.3108543569060168,0.7272408899676567,0.725,1.0,2.05,2.391429947195805,3.58978025495461,six_nations,2026,north,c8_revive_both
six_nations_champion_allrugby,six_nations_2026,defenders_beaten,stable,position:Centre,60,15,1.471443270008892,1.723578856015201,2.3729117121097443,0.726356082790276,0.017673372351020976,1.107622695895629,0.75,1.0,2.15,1.9251380777501754,1.9038233567450111,six_nations,2026,north,c8_revive_both
six_nations_champion_allrugby,six_nations_2026,defenders_beaten,stable,position:Fly-half,60,15,1.0069427746957398,1.63379853033261,1.6078366089553175,1.0161471142233545,-0.5084353824779805,1.6008789338833147,0.43333333333333335,1.0,1.0333333333333334,0.9630763970835605,1.4805853614849052,six_nations,2026,north,c8_revive_both
six_nations_champion_allrugby,six_nations_2026,defenders_beaten,stable,position:Hooker,60,15,0.46509356257292017,0.8158268551468989,0.9940602598315699,0.820701609462921,-0.08656191267369907,0.8200662446176388,0.18333333333333332,1.0,0.2833333333333333,0.4510553244140642,0.821038627502221,six_nations,2026,north,c8_revive_both
six_nations_champion_allrugby,six_nations_2026,defenders_beaten,stable,position:Prop,120,15,0.4105374731555751,0.8461833336440774,0.9530373286952171,0.8878805773563653,0.05370751780969708,0.8405424782271825,0.23333333333333334,1.0,0.31666666666666665,0.31284456844059316,0.9591368587163338,six_nations,2026,north,c8_revive_both
six_nations_champion_allrugby,six_nations_2026,defenders_beaten,stable,position:Scrum-half,60,15,0.7725471557299627,1.151484670112964,1.5474395691080212,0.7441225448155662,-0.13130606234148687,0.9654374587953228,0.4666666666666667,1.0,0.9166666666666666,1.0854900226430184,1.227984909525264,six_nations,2026,north,c8_revive_both
six_nations_champion_allrugby,six_nations_2026,defenders_beaten,stable,position:Second-row,90,15,0.4773299475073661,0.9687388329936746,0.897378304805207,1.0795211203640116,0.042086383581578596,0.42787572063780105,0.18888888888888888,1.0,0.24444444444444444,0.47293653531269886,1.0057743580092413,six_nations,2026,north,c8_revive_both
six_nations_champion_allrugby,six_nations_2026,offload,stable,all,690,15,0.4093463076940009,0.8968816348590712,0.8865284817719037,1.0116783084808225,0.06391443013177943,1.2259056607291592,0.2565217391304348,1.0,0.36376811594202896,0.24459768432091178,3.4130604734578043,six_nations,2026,north,c8_revive_both
six_nations_champion_allrugby,six_nations_2026,offload,stable,starter,450,15,0.5398231399225364,1.1328222404929562,1.1183123268239108,1.0129748311996656,0.13012188151934903,1.167300542176638,0.3466666666666667,1.0,0.5088888888888888,0.32448113719133725,3.5016741596614835,six_nations,2026,north,c8_revive_both
six_nations_champion_allrugby,six_nations_2026,offload,stable,bench,240,15,0.16470224726549684,0.4544929992955373,0.45193377229939014,1.0056628363557034,0.06907828862527415,0.23823329361507722,0.0875,1.0,0.09166666666666666,0.09481621018886396,0.6855832794574561,six_nations,2026,north,c8_revive_both
six_nations_champion_allrugby,six_nations_2026,offload,stable,zero_minute,11,7,0.29632420613142485,0.9322736238230266,0.6387394309083926,1.4595523287127898,0.3604204069276421,-1.3089910218846967,0.18181818181818182,1.0,0.18181818181818182,0.1364426662394577,0.3621740297161859,six_nations,2026,north,c8_revive_both
six_nations_champion_allrugby,six_nations_2026,offload,stable,north,690,15,0.4093463076940009,0.8968816348590712,0.8865284817719037,1.0116783084808225,0.06391443013177943,1.2259056607291592,0.2565217391304348,1.0,0.36376811594202896,0.24459768432091178,3.4130604734578043,six_nations,2026,north,c8_revive_both
six_nations_champion_allrugby,six_nations_2026,offload,stable,position:Back-row,120,15,0.38437424864738073,0.9675932355367197,0.8866953493806401,1.0912352661064333,0.15300038904489355,0.923977306254363,0.26666666666666666,1.0,0.325,0.1861513370413412,1.0000122962812528,six_nations,2026,north,c8_revive_both
six_nations_champion_allrugby,six_nations_2026,offload,stable,position:Back-three,120,15,0.6714062933492834,1.261293879227946,1.246510530259576,1.0118597866680608,0.10144635769273883,1.0258978843578845,0.35833333333333334,1.0,0.6083333333333333,0.4940910624431766,1.8182899602568168,six_nations,2026,north,c8_revive_both
six_nations_champion_allrugby,six_nations_2026,offload,stable,position:Centre,60,15,0.718466732146404,1.3348896488778237,1.1587709190513,1.1519875300035267,0.562781352843937,0.653900870378245,0.6166666666666667,1.0,0.8333333333333334,0.41375075756191765,1.071028481877953,six_nations,2026,north,c8_revive_both
six_nations_champion_allrugby,six_nations_2026,offload,stable,position:Fly-half,60,15,0.5287983572176657,1.034227963506758,1.2392829983231985,0.8345373614469911,-0.29984098885738103,2.3065423888009824,0.26666666666666666,1.0,0.4666666666666667,0.3323189113045106,0.8454254762908182,six_nations,2026,north,c8_revive_both
six_nations_champion_allrugby,six_nations_2026,offload,stable,position:Hooker,60,15,0.2561237069905119,0.7253478377257941,0.7748509425903786,0.9361127384073481,0.047035093432891514,1.5016507646182031,0.16666666666666666,1.0,0.21666666666666667,0.11296339816861758,0.43414896383510265,six_nations,2026,north,c8_revive_both
six_nations_champion_allrugby,six_nations_2026,offload,stable,position:Prop,120,15,0.14403036630006355,0.4481846399518587,0.4190818827518431,1.0694440833588805,0.0765110159327911,0.22246541412631363,0.09166666666666666,1.0,0.09166666666666666,0.0681258738280565,0.43837587920686605,six_nations,2026,north,c8_revive_both
six_nations_champion_allrugby,six_nations_2026,offload,stable,position:Scrum-half,60,15,0.40461407718774006,0.8100691450366592,0.8791675676285171,0.921404718353925,-0.017296426812185423,1.3036513086411712,0.21666666666666667,1.0,0.31666666666666665,0.25617516836380927,0.6162751714745641,six_nations,2026,north,c8_revive_both
six_nations_champion_allrugby,six_nations_2026,offload,stable,position:Second-row,90,15,0.2665718988968226,0.7036404641994903,0.6922863919995861,1.016400831117176,0.06714627167228462,0.9917981050180656,0.16666666666666666,1.0,0.2,0.13395239177765456,0.5062012587475844,six_nations,2026,north,c8_revive_both
six_nations_champion_allrugby,six_nations_2026,tackles,stable,all,690,15,2.850102461031607,2.1475159334158724,2.307284820389265,0.9307545884402613,0.4762714520703499,1.0460966720429867,0.9347826086956522,1.0,6.8478260869565215,6.090789508433066,30.7606457756102,six_nations,2026,north,c8_revive_both
six_nations_champion_allrugby,six_nations_2026,tackles,stable,starter,450,15,3.1552842508529757,1.9317914213612706,2.2247904255134716,0.868302649637402,0.18645101491625327,1.0714503247008054,0.9866666666666667,1.0,8.568888888888889,7.823449842449178,26.256018996219684,six_nations,2026,north,c8_revive_both
six_nations_champion_allrugby,six_nations_2026,tackles,stable,bench,240,15,2.277886605116541,2.551999393518251,2.461961810781378,1.0365714782181354,-0.8501689638677802,1.573160262083062,0.8375,1.0,3.620833333333333,2.842051382152857,10.079205080003723,six_nations,2026,north,c8_revive_both
six_nations_champion_allrugby,six_nations_2026,tackles,stable,zero_minute,11,7,1.9109871627979678,3.1362164221150923,2.8828177251031577,1.087899659699389,-2.152837482252376,1.4022396365711196,0.36363636363636365,1.0,1.1818181818181819,2.3780925721260826,2.3356509767530724,six_nations,2026,north,c8_revive_both
six_nations_champion_allrugby,six_nations_2026,tackles,stable,north,690,15,2.850102461031607,2.1475159334158724,2.307284820389265,0.9307545884402613,0.4762714520703499,1.0460966720429867,0.9347826086956522,1.0,6.8478260869565215,6.090789508433066,30.7606457756102,six_nations,2026,north,c8_revive_both
six_nations_champion_allrugby,six_nations_2026,tackles,stable,position:Back-row,120,15,3.6646802328447925,2.246837734343439,2.478021968649023,0.9067061401269088,1.3841142500052686,1.0379137988476892,0.9916666666666667,1.0,10.783333333333333,9.055876406849245,10.095826049005792,six_nations,2026,north,c8_revive_both
six_nations_champion_allrugby,six_nations_2026,tackles,stable,position:Back-three,120,15,1.7835118019287608,1.652787359706881,1.7138887334655706,0.9643492762595274,0.8361306034019426,0.7640883948229444,0.8666666666666667,1.0,3.45,3.4208992235822993,3.9063088687127627,six_nations,2026,north,c8_revive_both
six_nations_champion_allrugby,six_nations_2026,tackles,stable,position:Centre,60,15,3.0134923329351566,1.881379019819569,2.1202650718119824,0.887331987321632,3.059651676856998,0.7325829007961938,1.0,1.0,8.266666666666667,7.107748466624765,4.955161040751601,six_nations,2026,north,c8_revive_both
six_nations_champion_allrugby,six_nations_2026,tackles,stable,position:Fly-half,60,15,2.232361128410822,2.0670544514591813,1.7717474319414985,1.166675573613832,-0.2844850356607797,1.0805779564076594,0.8,1.0,4.15,4.103808530763535,3.079266776078845,six_nations,2026,north,c8_revive_both
six_nations_champion_allrugby,six_nations_2026,tackles,stable,position:Hooker,60,15,3.5032796065780216,3.108085875106991,2.648867466582732,1.1733640562684287,3.5183476939150307,0.5536155400630776,1.0,1.0,7.25,6.7405122075507355,4.018163020798121,six_nations,2026,north,c8_revive_both
six_nations_champion_allrugby,six_nations_2026,tackles,stable,position:Prop,120,15,2.9572326957442883,2.367375448828006,2.3586253055877284,1.0037098487918144,2.471747970998087,0.7172526527507748,0.975,1.0,6.591666666666667,5.744027128889739,5.758742122050283,six_nations,2026,north,c8_revive_both
six_nations_champion_allrugby,six_nations_2026,tackles,stable,position:Scrum-half,60,15,1.8915699503285697,1.6259257908316824,2.624828670385982,0.6194407311897386,-1.1448995200384249,1.2984186420408488,0.85,1.0,3.95,3.9239266559129833,2.8611500327489,six_nations,2026,north,c8_revive_both
six_nations_champion_allrugby,six_nations_2026,tackles,stable,position:Second-row,90,15,3.5497505483834875,2.319991340872303,2.8446631855664744,0.8155592383111289,-0.7465317378342187,1.2453126148000406,0.9555555555555556,1.0,8.988888888888889,7.817651978323787,7.549949739205656,six_nations,2026,north,c8_revive_both
six_nations_champion_allrugby,six_nations_2026,penalties_conceded,stable,all,690,15,0.501000021148984,0.945425070019055,0.8969362273956512,1.0540605241960137,0.1878554868075823,0.5261231018728213,0.3159420289855073,1.0,0.39565217391304347,0.3949583022790195,2.4653293420821067,six_nations,2026,north,c8_revive_both
six_nations_champion_allrugby,six_nations_2026,penalties_conceded,stable,starter,450,15,0.5797448838683964,0.9824735339687476,0.9465707368637106,1.037929333442099,0.2399429220811754,0.4415895301968652,0.36666666666666664,1.0,0.46444444444444444,0.508394123980213,1.9451863598875905,six_nations,2026,north,c8_revive_both
six_nations_champion_allrugby,six_nations_2026,penalties_conceded,stable,bench,240,15,0.35335340355008615,0.8759592001133816,0.8038715221430391,1.0896756210223297,0.11696201413716302,0.8213519819474084,0.22083333333333333,1.0,0.26666666666666666,0.18226613658928179,1.1993860352519428,six_nations,2026,north,c8_revive_both
six_nations_champion_allrugby,six_nations_2026,penalties_conceded,stable,zero_minute,11,7,0.2466044689520471,0.49710609342670437,0.49214574192937416,1.0100790295937216,-0.17101742876585982,2.44480718040179,0.18181818181818182,1.0,0.18181818181818182,0.1443204246995279,0.3014054620525019,six_nations,2026,north,c8_revive_both
six_nations_champion_allrugby,six_nations_2026,penalties_conceded,stable,north,690,15,0.501000021148984,0.945425070019055,0.8969362273956512,1.0540605241960137,0.1878554868075823,0.5261231018728213,0.3159420289855073,1.0,0.39565217391304347,0.3949583022790195,2.4653293420821067,six_nations,2026,north,c8_revive_both
six_nations_champion_allrugby,six_nations_2026,penalties_conceded,stable,position:Back-row,120,15,0.5992124546887055,1.0783908232816473,1.0496423251376303,1.0273888518550807,0.2532218897943994,0.346890268491656,0.325,1.0,0.43333333333333335,0.519217343058057,1.0556794610311349,six_nations,2026,north,c8_revive_both
six_nations_champion_allrugby,six_nations_2026,penalties_conceded,stable,position:Back-three,120,15,0.4576775008201498,0.8403287555552292,0.8348943685756548,1.0065090713078417,0.19096118801531697,0.3690415872896372,0.275,1.0,0.31666666666666665,0.3406268642365541,0.7760127155778361,six_nations,2026,north,c8_revive_both
six_nations_champion_allrugby,six_nations_2026,penalties_conceded,stable,position:Centre,60,15,0.5489662728860232,0.9656300257978384,0.9349102440365848,1.0328585358404216,0.3120772080586853,0.40197589125333133,0.4,1.0,0.48333333333333334,0.42603581209978547,0.684144275102847,six_nations,2026,north,c8_revive_both
six_nations_champion_allrugby,six_nations_2026,penalties_conceded,stable,position:Fly-half,60,15,0.2891222559448937,0.6223216081894678,0.5321365811941272,1.169477217283133,0.1300164028494333,-0.13296090750633416,0.1,1.0,0.1,0.22575359489031274,0.5188431736537004,six_nations,2026,north,c8_revive_both
six_nations_champion_allrugby,six_nations_2026,penalties_conceded,stable,position:Hooker,60,15,0.4508761762073023,0.9475446513168303,0.9012265037135274,1.0513945688597126,0.2502130782286517,0.42076340709982774,0.31666666666666665,1.0,0.36666666666666664,0.2767673863102496,0.7044764367320732,six_nations,2026,north,c8_revive_both
six_nations_champion_allrugby,six_nations_2026,penalties_conceded,stable,position:Prop,120,15,0.6119009803721142,1.2095827220625268,1.0416540146645574,1.1612135171888598,0.38915402101225005,0.5712648380116095,0.4583333333333333,1.0,0.6416666666666667,0.4420237845083068,1.0861250328441492,six_nations,2026,north,c8_revive_both
six_nations_champion_allrugby,six_nations_2026,penalties_conceded,stable,position:Scrum-half,60,15,0.29337418902905216,0.5660232103688506,0.6231945013089452,0.908260918830296,0.03892388036697621,0.5626281097213784,0.18333333333333332,1.0,0.18333333333333332,0.25666945975712224,0.4556761513995729,six_nations,2026,north,c8_revive_both
six_nations_champion_allrugby,six_nations_2026,penalties_conceded,stable,position:Second-row,90,15,0.5610529849227377,1.009509471831559,0.9806115786940788,1.0294692554782645,0.2448740394062569,0.3532559107042392,0.34444444444444444,1.0,0.4222222222222222,0.5020388263636124,0.7686872827974032,six_nations,2026,north,c8_revive_both
six_nations_champion_allrugby,six_nations_2026,yellow_cards,stable,all,690,15,0.06490578590485727,0.16343382217588723,0.16037888768390865,1.0190482334432918,0.03680433601263669,-0.01852689945875828,0.036231884057971016,1.0,0.036231884057971016,0.03089842182929671,0.6833383022201951,six_nations,2026,north,c8_revive_both
six_nations_champion_allrugby,six_nations_2026,yellow_cards,stable,starter,450,15,0.07464512623766037,0.16651046603930764,0.162999971108152,1.0215367825361539,0.04367217719529394,-0.14821571701511818,0.03777777777777778,1.0,0.03777777777777778,0.03976905780454407,0.6412426669883753,six_nations,2026,north,c8_revive_both
six_nations_champion_allrugby,six_nations_2026,yellow_cards,stable,bench,240,15,0.04664452278085142,0.15766511493197394,0.15546435626345237,1.0141560337135551,0.03278743082470194,0.03826603798130737,0.03333333333333333,1.0,0.03333333333333333,0.014265979375707925,0.32517527778978,six_nations,2026,north,c8_revive_both
six_nations_champion_allrugby,six_nations_2026,yellow_cards,stable,zero_minute,11,7,0.014365121971405432,0.01450738037791288,0.013427986698665987,1.0803838805823456,0.0,0.0,0.0,1.0,0.0,0.014365121971405432,0.017557371298384417,six_nations,2026,north,c8_revive_both
six_nations_champion_allrugby,six_nations_2026,yellow_cards,stable,north,690,15,0.06490578590485727,0.16343382217588723,0.16037888768390865,1.0190482334432918,0.03680433601263669,-0.01852689945875828,0.036231884057971016,1.0,0.036231884057971016,0.03089842182929671,0.6833383022201951,six_nations,2026,north,c8_revive_both
six_nations_champion_allrugby,six_nations_2026,yellow_cards,stable,position:Back-row,120,15,0.060645488746962885,0.1593758439459089,0.15790183386482032,1.0093349775934235,0.09499811209777005,-2.144631310221053,0.03333333333333333,1.0,0.03333333333333333,0.02875309078560489,0.21977943090614904,six_nations,2026,north,c8_revive_both
six_nations_champion_allrugby,six_nations_2026,yellow_cards,stable,position:Back-three,120,15,0.06326103103683699,0.17239460178519656,0.16556809927226904,1.0412307838462387,-0.03717862014205997,3.2978296362256345,0.041666666666666664,1.0,0.041666666666666664,0.023908235265592753,0.2294108899903013,six_nations,2026,north,c8_revive_both
six_nations_champion_allrugby,six_nations_2026,yellow_cards,stable,position:Centre,60,15,0.058650745859643624,0.14728003776019324,0.15048847656874428,0.9786798372758767,0.798351409419467,-28.227917247285763,0.03333333333333333,1.0,0.03333333333333333,0.027101470837693254,0.1136252940020845,six_nations,2026,north,c8_revive_both
six_nations_champion_allrugby,six_nations_2026,yellow_cards,stable,position:Fly-half,60,15,0.05068042063864718,0.0820678295846565,0.08349780918780683,0.9828740464323565,-0.006817749622942482,0.650090668543541,0.016666666666666666,1.0,0.016666666666666666,0.03612483215952548,0.10099240591478446,six_nations,2026,north,c8_revive_both
six_nations_champion_allrugby,six_nations_2026,yellow_cards,stable,position:Hooker,60,15,0.0956772393091048,0.1998607274605383,0.20761887251959396,0.9626327560452218,0.02196083753016667,0.5421210882773947,0.05,1.0,0.05,0.05172121704198696,0.18245921023386014,six_nations,2026,north,c8_revive_both
six_nations_champion_allrugby,six_nations_2026,yellow_cards,stable,position:Prop,120,15,0.05337522357146504,0.15500898163095156,0.14991077665500188,1.0340082620456463,0.03273978638111106,0.027631163386243666,0.03333333333333333,1.0,0.03333333333333333,0.021481069903766088,0.196332366954263,six_nations,2026,north,c8_revive_both
six_nations_champion_allrugby,six_nations_2026,yellow_cards,stable,position:Scrum-half,60,15,0.079100362129243,0.29359635514524646,0.2932748986108379,1.001096092900999,0.033455389481241694,2.288015533637006,0.06666666666666667,1.0,0.06666666666666667,0.014515319803197597,0.15442847559188191,six_nations,2026,north,c8_revive_both
six_nations_champion_allrugby,six_nations_2026,yellow_cards,stable,position:Second-row,90,15,0.07182952217246,0.12208343356530307,0.10847715459585597,1.1254299029149395,0.03223871518407029,-0.19365715839275094,0.022222222222222223,1.0,0.022222222222222223,0.05172281285638759,0.19976042386918091,six_nations,2026,north,c8_revive_both
six_nations_champion_allrugby,six_nations_2026,red_cards,stable,all,690,15,0.003878097401555882,0.015067901531375757,0.011433195026728137,1.3179082046751172,0.0017617325975407847,-0.12862026672647786,0.0014492753623188406,1.0,0.0014492753623188406,0.00242930016531852,0.08476157566049773,six_nations,2026,north,c8_revive_both
six_nations_champion_allrugby,six_nations_2026,red_cards,stable,starter,450,15,0.005406884820893029,0.022563015464576727,0.01673761112525915,1.3480427580568122,0.002834848286262287,-0.1923233773338399,0.0022222222222222222,1.0,0.0022222222222222222,0.0031853957253290734,0.07701061690479895,six_nations,2026,north,c8_revive_both
six_nations_champion_allrugby,six_nations_2026,red_cards,stable,bench,240,15,0.0010116209902987334,0.0010145629066239331,0.001487414841982491,0.6820981463864376,0.0,0.0,0.0,1.0,0.0,0.0010116209902987334,0.008092967922389867,six_nations,2026,north,c8_revive_both
six_nations_champion_allrugby,six_nations_2026,red_cards,stable,zero_minute,11,7,0.000722866043724631,0.000724213612003726,0.0004802716053208083,1.5079251073358193,0.0,0.0,0.0,1.0,0.0,0.000722866043724631,0.0008835029423301046,six_nations,2026,north,c8_revive_both
six_nations_champion_allrugby,six_nations_2026,red_cards,stable,north,690,15,0.003878097401555882,0.015067901531375757,0.011433195026728137,1.3179082046751172,0.0017617325975407847,-0.12862026672647786,0.0014492753623188406,1.0,0.0014492753623188406,0.00242930016531852,0.08476157566049773,six_nations,2026,north,c8_revive_both
six_nations_champion_allrugby,six_nations_2026,red_cards,stable,position:Back-row,120,15,0.001474008850170265,0.0014809585175898097,0.004650026797490325,0.31848386731644224,0.0,0.0,0.0,1.0,0.0,0.001474008850170265,0.0058960354006810595,six_nations,2026,north,c8_revive_both
six_nations_champion_allrugby,six_nations_2026,red_cards,stable,position:Back-three,120,15,0.011019004517814035,0.07528845702149516,0.04846682762962257,1.5534017946633545,0.01015570057447122,-0.6778579848347634,0.008333333333333333,1.0,0.008333333333333333,0.0026884204094492067,0.04349303926792855,six_nations,2026,north,c8_revive_both
six_nations_champion_allrugby,six_nations_2026,red_cards,stable,position:Centre,60,15,0.0036982300832634836,0.0037248994542409307,0.00398406901487446,0.934948526326747,0.0,0.0,0.0,1.0,0.0,0.0036982300832634836,0.007396460166526968,six_nations,2026,north,c8_revive_both
six_nations_champion_allrugby,six_nations_2026,red_cards,stable,position:Fly-half,60,15,0.0012898931904613115,0.0012942695172806567,0.0019934081219131457,0.6492747285681266,0.0,0.0,0.0,1.0,0.0,0.0012898931904613115,0.002579786380922623,six_nations,2026,north,c8_revive_both
six_nations_champion_allrugby,six_nations_2026,red_cards,stable,position:Hooker,60,15,0.0018954877430917333,0.001907184796091215,0.0006601161024638959,2.889165692175379,0.0,0.0,0.0,1.0,0.0,0.0018954877430917333,0.0037909754861834666,six_nations,2026,north,c8_revive_both
six_nations_champion_allrugby,six_nations_2026,red_cards,stable,position:Prop,120,15,0.002236767424032267,0.00225361465225929,0.002651869118724865,0.8498212209443153,0.0,0.0,0.0,1.0,0.0,0.002236767424032267,0.008947069696129068,six_nations,2026,north,c8_revive_both
six_nations_champion_allrugby,six_nations_2026,red_cards,stable,position:Scrum-half,60,15,0.0025101778262413615,0.0025299420366606765,0.001324508732989144,1.9100984188689472,0.0,0.0,0.0,1.0,0.0,0.0025101778262413615,0.005020355652482722,six_nations,2026,north,c8_revive_both
six_nations_champion_allrugby,six_nations_2026,red_cards,stable,position:Second-row,90,15,0.0038298464605344114,0.003852340949239457,0.007988129162304935,0.482258219786707,0.0,0.0,0.0,1.0,0.0,0.0038298464605344114,0.011489539381603233,six_nations,2026,north,c8_revive_both
six_nations_champion_allrugby,six_nations_2026,metres,stable,all,690,15,10.650132149271693,1.0695602101639385,1.3718617390716101,0.779641402411113,3.1039623315714255,0.8466351111965347,0.8449275362318841,1.0,17.650724637681158,17.1818556940676,70.52005260999543,six_nations,2026,north,c8_revive_both
six_nations_champion_allrugby,six_nations_2026,metres,stable,starter,450,15,13.046945949105123,0.8865122974112306,1.18960788609847,0.7452138706970958,4.126619735935855,0.8207674159700982,0.9311111111111111,1.0,23.282222222222224,23.33864882251154,59.43920850230878,six_nations,2026,north,c8_revive_both
six_nations_champion_allrugby,six_nations_2026,metres,stable,bench,240,15,6.156106274584015,1.412775046575266,1.7135877133962478,0.8244544679742214,1.863904940479806,0.9272585292903859,0.6833333333333333,1.0,7.091666666666667,5.637868578235214,24.756919758395497,six_nations,2026,north,c8_revive_both
six_nations_champion_allrugby,six_nations_2026,metres,stable,zero_minute,11,7,8.036746034286285,3.1362250939044825,4.318174624636918,0.7262849158556628,-23.36408064108839,3.8349343131263725,0.2727272727272727,1.0,5.0,7.396236369421675,9.822689597461014,six_nations,2026,north,c8_revive_both
six_nations_champion_allrugby,six_nations_2026,metres,stable,north,690,15,10.650132149271693,1.0695602101639385,1.3718617390716101,0.779641402411113,3.1039623315714255,0.8466351111965347,0.8449275362318841,1.0,17.650724637681158,17.1818556940676,70.52005260999543,six_nations,2026,north,c8_revive_both
six_nations_champion_allrugby,six_nations_2026,metres,stable,position:Back-row,120,15,9.825135440239167,1.0435484106319788,1.568556070206341,0.6652923860698851,1.5922099873730473,0.9793437990180952,0.9083333333333333,1.0,17.783333333333335,16.5326245616644,22.35620626268375,six_nations,2026,north,c8_revive_both
six_nations_champion_allrugby,six_nations_2026,metres,stable,position:Back-three,120,15,20.224844323265224,1.187265398905401,1.3437535350689593,0.883544018988923,9.49194861132658,0.6933103636880069,0.925,1.0,36.68333333333333,39.219642668204806,43.816682176141896,six_nations,2026,north,c8_revive_both
six_nations_champion_allrugby,six_nations_2026,metres,stable,position:Centre,60,15,20.268659612656936,0.8590698014467526,0.8308700538397962,1.0339400216395256,21.457523073674867,0.42417391947687333,1.0,1.0,34.25,30.158565482059526,28.72691954042661,six_nations,2026,north,c8_revive_both
six_nations_champion_allrugby,six_nations_2026,metres,stable,position:Fly-half,60,15,10.32946106476198,1.6040245324464524,1.960698761654936,0.8180882060090499,1.3733256463324734,0.9361142260099249,0.7666666666666667,1.0,16.433333333333334,16.087788507597352,17.535701538063627,six_nations,2026,north,c8_revive_both
six_nations_champion_allrugby,six_nations_2026,metres,stable,position:Hooker,60,15,5.643974242550427,0.9162574732281007,1.0538250848527935,0.8694587805869991,3.637672977857481,0.6319408400464938,0.8833333333333333,1.0,8.516666666666667,7.720649433656198,7.904516654318855,six_nations,2026,north,c8_revive_both
six_nations_champion_allrugby,six_nations_2026,metres,stable,position:Prop,120,15,3.570550557618886,0.7719499740233314,1.1480528677248503,0.6723993256104491,1.6990580795108765,0.7490478870114615,0.6916666666666667,1.0,4.341666666666667,3.527956800865194,7.628625160527766,six_nations,2026,north,c8_revive_both
six_nations_champion_allrugby,six_nations_2026,metres,stable,position:Scrum-half,60,15,10.689480627990287,1.6503244092138385,2.01910236961636,0.817355491255953,4.014907309168208,0.6502701103956856,0.7666666666666667,1.0,13.7,14.89395335261292,16.28102340334349,six_nations,2026,north,c8_revive_both
six_nations_champion_allrugby,six_nations_2026,metres,stable,position:Second-row,90,15,5.5359223509455235,0.8431590889524849,1.1941258555728869,0.7060889645907348,3.0697119810884277,0.7730726102850685,0.8333333333333334,1.0,8.311111111111112,6.779957096255079,9.857053052882502,six_nations,2026,north,c8_revive_both
six_nations_champion_allrugby,six_nations_2026,tackle_turnover,extended,all,690,15,0.16165492947228494,0.47842256075378,0.4421394403106484,1.082062619018197,0.05949376708971365,0.4553502624589294,0.08985507246376812,1.0,0.09855072463768116,0.08577343809369226,1.110842964516104,six_nations,2026,north,c8_revive_both
six_nations_champion_allrugby,six_nations_2026,tackle_turnover,extended,starter,450,15,0.21982961344517918,0.5785532469637115,0.5464161787681351,1.0588142691309537,0.0963239453675713,0.2830456337996763,0.11777777777777777,1.0,0.13111111111111112,0.12290302901531479,1.0629305861458136,six_nations,2026,north,c8_revive_both
six_nations_champion_allrugby,six_nations_2026,tackle_turnover,extended,bench,240,15,0.0525773970231082,0.29067752411015857,0.24662055570286084,1.1786427261982957,0.042129342454977646,-0.2865498014038086,0.0375,1.0,0.0375,0.01615545511565003,0.36841495032087757,six_nations,2026,north,c8_revive_both
six_nations_champion_allrugby,six_nations_2026,tackle_turnover,extended,zero_minute,11,7,0.10842865986736902,0.7265568815943515,0.528514866199732,1.3747141813032315,0.1265968305960545,-1.874752852704079,0.09090909090909091,1.0,0.09090909090909091,0.01903597033363028,0.13252391761567325,six_nations,2026,north,c8_revive_both
six_nations_champion_allrugby,six_nations_2026,tackle_turnover,extended,north,690,15,0.16165492947228494,0.47842256075378,0.4421394403106484,1.082062619018197,0.05949376708971365,0.4553502624589294,0.08985507246376812,1.0,0.09855072463768116,0.08577343809369226,1.110842964516104,six_nations,2026,north,c8_revive_both
six_nations_champion_allrugby,six_nations_2026,tackle_turnover,extended,position:Back-row,120,15,0.1930219534974667,0.6177435765915962,0.5474364422121091,1.1284297663768719,0.08669589674271445,0.6999369493703035,0.13333333333333333,1.0,0.14166666666666666,0.07853674530742587,0.5667985692612733,six_nations,2026,north,c8_revive_both
six_nations_champion_allrugby,six_nations_2026,tackle_turnover,extended,position:Back-three,120,15,0.26454021679623535,0.6229954332296916,0.6356767648994729,0.9800506603827391,0.08640992304059332,0.5941728199199432,0.15833333333333333,1.0,0.175,0.14909816469111312,0.6199582367990312,six_nations,2026,north,c8_revive_both
six_nations_champion_allrugby,six_nations_2026,tackle_turnover,extended,position:Centre,60,15,0.2537635230082453,0.6715764512911419,0.6155437650284662,1.0910295732750772,0.2502682326065399,-0.754739363387008,0.13333333333333333,1.0,0.15,0.13285146829571862,0.42431499744673834,six_nations,2026,north,c8_revive_both
six_nations_champion_allrugby,six_nations_2026,tackle_turnover,extended,position:Fly-half,60,15,0.12095247292859128,0.51133826201449,0.4284150957286555,1.193557993433442,0.05598779735164421,0.5889080256983523,0.06666666666666667,1.0,0.08333333333333333,0.04643430686695362,0.23633430311615605,six_nations,2026,north,c8_revive_both
six_nations_champion_allrugby,six_nations_2026,tackle_turnover,extended,position:Hooker,60,15,0.07856257347883383,0.28081558544590973,0.25952602796200785,1.082032456054922,0.013418765317275485,0.33014016624844794,0.03333333333333333,1.0,0.03333333333333333,0.06032155445475569,0.1513152852461945,six_nations,2026,north,c8_revive_both
six_nations_champion_allrugby,six_nations_2026,tackle_turnover,extended,position:Prop,120,15,0.0717986043799577,0.2467851069171296,0.21158717625029216,1.1663519088945205,0.03153989702912796,-0.13532907030938682,0.025,1.0,0.025,0.04832588455811139,0.22993356833068843,six_nations,2026,north,c8_revive_both
six_nations_champion_allrugby,six_nations_2026,tackle_turnover,extended,position:Scrum-half,60,15,0.15117028991847664,0.5933041046347581,0.5085038511281617,1.1667642306316057,0.09077791620095191,0.5440863824016303,0.11666666666666667,1.0,0.11666666666666667,0.04758205921537723,0.28418144162891107,six_nations,2026,north,c8_revive_both
six_nations_champion_allrugby,six_nations_2026,tackle_turnover,extended,position:Second-row,90,15,0.13057418683320676,0.3131845412035575,0.3221427046676118,0.9721919406081309,0.02150866432458309,0.23358798598505548,0.03333333333333333,1.0,0.044444444444444446,0.09818904008757004,0.3661692500188648,six_nations,2026,north,c8_revive_both
