engine,fold,target,tier,cohort,n,fixtures,mae,loss,naive_loss,relative_loss,calibration_intercept,calibration_slope,actual_positive_rate,predicted_positive_rate,actual_mean,predicted_mean,team_total_mae,tournament,calendar_year,fold_hemisphere
v1,autumn_internationals_2022,minutes,minutes,all,971,22,10.18984575506546,10.18984575506546,10.292444275280038,0.9900316661941038,-2.001702300436794,1.020512326479469,0.976313079299691,1.0,51.46755921730175,52.39452785660619,25.677974659159997,autumn_internationals,2022,mixed
v1,autumn_internationals_2022,minutes,minutes,starter,630,22,10.223201405184385,10.223201405184385,10.371460963549199,0.9857050459056949,0.07737007604548045,0.9914327612454902,1.0,1.0,67.9015873015873,68.41030463864983,39.79304351086987,autumn_internationals,2022,mixed
v1,autumn_internationals_2022,minutes,minutes,bench,341,22,10.128220946927861,10.128220946927861,10.146460364401529,0.9982023861702886,5.192630290889189,0.6977749685414883,0.9325513196480938,1.0,21.10557184750733,22.805262834062216,35.84832113249577,autumn_internationals,2022,mixed
v1,autumn_internationals_2022,minutes,minutes,zero_minute,23,11,20.9609266444283,20.9609266444283,18.350601274398265,1.1422474027416103,0.0,0.0,0.0,1.0,0.0,20.9609266444283,32.14008752145673,autumn_internationals,2022,mixed
v1,autumn_internationals_2022,minutes,minutes,low_history,77,21,11.86667932496767,11.86667932496767,12.169346594446376,0.9751287164738301,-1.2073680632838786,1.015872150519477,0.9090909090909091,1.0,35.83116883116883,36.4598408131502,13.724089962131055,autumn_internationals,2022,mixed
v1,autumn_internationals_2022,minutes,minutes,north,486,21,10.640516929318856,10.640516929318856,10.711991512765216,0.9933276101496921,-0.23295171105769624,0.9878673087031329,0.9732510288065843,1.0,51.64609053497942,52.51620515121984,22.359919737116247,autumn_internationals,2022,mixed
v1,autumn_internationals_2022,minutes,minutes,south,485,20,9.73824536189608,9.73824536189608,9.872031991944375,0.9864479136455934,-3.849132202692615,1.0548125085230324,0.979381443298969,1.0,51.28865979381443,52.272599680972704,28.99602958120375,autumn_internationals,2022,mixed
v1,autumn_internationals_2022,minutes,minutes,position:Back-row,170,22,10.742147538534994,10.742147538534994,11.063357330127324,0.9709663367088737,-3.1932464571259223,1.0566164175002077,0.9823529411764705,1.0,58.51764705882353,58.40425389371477,10.000545654854621,autumn_internationals,2022,mixed
v1,autumn_internationals_2022,minutes,minutes,position:Back-three,169,22,8.536841782243823,8.536841782243823,8.363570558092414,1.0207173745887461,-0.27121051175446953,1.02605942115982,0.9881656804733728,1.0,62.082840236686394,60.77040906457265,14.942698208630585,autumn_internationals,2022,mixed
v1,autumn_internationals_2022,minutes,minutes,position:Centre,84,22,12.120819045401243,12.120819045401243,12.465275858892884,0.9723666914883475,-79.64144263236595,2.02194121360968,1.0,1.0,69.5952380952381,73.80861506906949,17.722428758855298,autumn_internationals,2022,mixed
v1,autumn_internationals_2022,minutes,minutes,position:Fly-half,85,22,10.959958585798905,10.959958585798905,10.921116504427037,1.0035566035172432,-2.933360540965677,1.0053541138928552,0.9294117647058824,1.0,42.45882352941177,45.15044345381283,10.85221884225775,autumn_internationals,2022,mixed
v1,autumn_internationals_2022,minutes,minutes,position:Hooker,85,22,9.776190677175315,9.776190677175315,10.509928665398263,0.9301862066258711,-8.99972502755943,1.1777862822418301,0.9647058823529412,1.0,39.705882352941174,41.353518982911794,4.769218667875917,autumn_internationals,2022,mixed
v1,autumn_internationals_2022,minutes,minutes,position:Prop,168,22,8.682576478213667,8.682576478213667,8.5751514585794,1.0125274778122768,-2.859349735365208,1.0219736987927215,0.9880952380952381,1.0,39.07142857142857,41.02921470124666,10.325207713077903,autumn_internationals,2022,mixed
v1,autumn_internationals_2022,minutes,minutes,position:Scrum-half,84,22,10.47828320606473,10.47828320606473,10.750699032174573,0.9746606406435006,4.790151928431986,0.8723321834825543,0.9404761904761905,1.0,41.0,41.50924241612849,7.260231599777275,autumn_internationals,2022,mixed
v1,autumn_internationals_2022,minutes,minutes,position:Second-row,126,22,11.951418734940967,11.951418734940967,11.804309885170614,1.0124622998888873,-1.9755928949471395,1.0299842483144985,0.9841269841269841,1.0,53.15079365079365,53.52158213676714,7.442289724947353,autumn_internationals,2022,mixed
v1,autumn_internationals_2022,tries,stable,all,966,22,0.21840026790796394,0.5428974421400969,0.5454667572307144,0.9952896944560625,0.027962864566431992,0.8011784797085322,0.11387163561076605,1.0,0.13354037267080746,0.13177776335528185,1.518320944489257,autumn_internationals,2022,mixed
v1,autumn_internationals_2022,tries,stable,starter,627,22,0.26641770514458957,0.6240469081543417,0.6271817696685653,0.995001669905233,0.03607444081503238,0.8149643438497812,0.14035087719298245,1.0,0.16905901116427433,0.16317839099688813,1.42836856181843,autumn_internationals,2022,mixed
v1,autumn_internationals_2022,tries,stable,bench,339,22,0.12958925567385113,0.39280683685711304,0.3943301413058393,0.9961369819621655,0.04774119899558223,0.2727988233868847,0.06489675516224189,1.0,0.06784660766961652,0.07370049630133746,0.6563226746057086,autumn_internationals,2022,mixed
v1,autumn_internationals_2022,tries,stable,zero_minute,21,11,0.08970657697544775,0.1794131539508955,0.14012126511149176,1.2804134604989468,0.0,0.0,0.0,1.0,0.0,0.08970657697544775,0.1345598654631716,autumn_internationals,2022,mixed
v1,autumn_internationals_2022,tries,stable,low_history,77,21,0.14277350497548194,0.3627940658430048,0.33665810066061597,1.0776335550254186,0.0073218237133683625,0.9804101084217566,0.09090909090909091,1.0,0.09090909090909091,0.08525745142538316,0.2464289405530293,autumn_internationals,2022,mixed
v1,autumn_internationals_2022,tries,stable,north,483,21,0.21475392391584158,0.5417238025716704,0.5413548205998261,1.0006815898885606,0.00019582419423534554,1.0737170973337764,0.10559006211180125,1.0,0.13250517598343686,0.12322552385330209,1.4453159130782647,autumn_internationals,2022,mixed
v1,autumn_internationals_2022,tries,stable,south,483,20,0.2220466119000863,0.5440710817085234,0.5495786938616024,0.989978483127903,0.04018020136976203,0.6726670424458797,0.12215320910973085,1.0,0.13457556935817805,0.14033000285726163,1.5913259759002492,autumn_internationals,2022,mixed
v1,autumn_internationals_2022,tries,stable,position:Back-row,168,22,0.22542990405396635,0.5477370125094628,0.5359099644324887,1.022069095299429,0.04928833811175615,0.5524807472485892,0.10714285714285714,1.0,0.125,0.13703945751104574,0.6112597182256314,autumn_internationals,2022,mixed
v1,autumn_internationals_2022,tries,stable,position:Back-three,168,22,0.3939012636386214,0.8248787755325644,0.7996603074229702,1.031536476020505,0.11846743525600505,0.6636147865382599,0.23214285714285715,1.0,0.2857142857142857,0.2520239962263685,0.7634060471062328,autumn_internationals,2022,mixed
v1,autumn_internationals_2022,tries,stable,position:Centre,84,22,0.26749777240944583,0.6258902742080326,0.6626963859393923,0.9444600687248567,-0.02766131657114299,0.990663984751967,0.10714285714285714,1.0,0.14285714285714285,0.17212542502085468,0.45093016722193446,autumn_internationals,2022,mixed
v1,autumn_internationals_2022,tries,stable,position:Fly-half,84,22,0.18561714323157874,0.5546252077257491,0.5423584128435154,1.022617506415952,0.09573859999894949,0.2707698235848549,0.10714285714285714,1.0,0.11904761904761904,0.086084256879404,0.34944149384684325,autumn_internationals,2022,mixed
v1,autumn_internationals_2022,tries,stable,position:Hooker,84,22,0.2664063294790261,0.5371715657978464,0.5997504365393199,0.8956584823804946,-0.07884007838109167,1.1286957871462573,0.13095238095238096,1.0,0.14285714285714285,0.19641893215421993,0.4756545017049179,autumn_internationals,2022,mixed
v1,autumn_internationals_2022,tries,stable,position:Prop,168,22,0.10834851220904819,0.37144853168464276,0.38470050877238904,0.9655524835929268,0.050310776913191385,0.1661316365010404,0.05357142857142857,1.0,0.05952380952380952,0.05545622016767661,0.3710655535654797,autumn_internationals,2022,mixed
v1,autumn_internationals_2022,tries,stable,position:Scrum-half,84,22,0.17372477365929515,0.5202847896725205,0.4878810238575669,1.0664173522444964,0.14330175497716058,-0.5305726980061105,0.08333333333333333,1.0,0.09523809523809523,0.09058826419016344,0.3178882939946671,autumn_internationals,2022,mixed
v1,autumn_internationals_2022,tries,stable,position:Second-row,126,22,0.10866513490597854,0.34481340516908393,0.35975992514514904,0.9584541831054841,-0.0037973599631124224,1.2432141434150896,0.06349206349206349,1.0,0.06349206349206349,0.054125368353945026,0.276352983186806,autumn_internationals,2022,mixed
v1,autumn_internationals_2022,try_assists,stable,all,966,22,0.15131216749236487,0.4017932006445795,0.3943514225816043,1.018870929929092,0.03404297422994202,0.6327388154473608,0.07971014492753623,1.0,0.09006211180124224,0.08853437817260096,1.3325920087818248,autumn_internationals,2022,mixed
v1,autumn_internationals_2022,try_assists,stable,starter,627,22,0.18685931730845107,0.49168303494861065,0.4855392895232612,1.0126534465035402,0.05096674810838424,0.5820327883529669,0.10047846889952153,1.0,0.11483253588516747,0.10972884870886787,1.2627091807850173,autumn_internationals,2022,mixed
v1,autumn_internationals_2022,try_assists,stable,bench,339,22,0.08556566915995761,0.2355367814450883,0.22569421735323028,1.0436101740101458,0.008358194693246558,0.7274821274012924,0.04129793510324484,1.0,0.04424778761061947,0.0493339857648153,0.460390738001455,autumn_internationals,2022,mixed
v1,autumn_internationals_2022,try_assists,stable,zero_minute,21,11,0.10736999580419584,0.3681219009011366,0.3903113197098006,0.943149435621898,0.09735773148126117,-0.7961022294287178,0.047619047619047616,1.0,0.047619047619047616,0.06247775979462584,0.16105499370629375,autumn_internationals,2022,mixed
v1,autumn_internationals_2022,try_assists,stable,low_history,77,21,0.09461621957382026,0.2742665813636889,0.25422637692253214,1.0788281872390584,0.02850259863370199,0.16721914986676195,0.03896103896103896,1.0,0.03896103896103896,0.06254331717192746,0.15657088897452182,autumn_internationals,2022,mixed
v1,autumn_internationals_2022,try_assists,stable,north,483,21,0.1501373427585444,0.39432540933809623,0.3925433104908938,1.0045398782747663,-0.008665704750729728,1.2534018688924902,0.07867494824016563,1.0,0.09523809523809523,0.08289743502667242,1.4944069273712661,autumn_internationals,2022,mixed
v1,autumn_internationals_2022,try_assists,stable,south,483,20,0.15248699222618534,0.40926099195106275,0.39615953467231496,1.0330711648517679,0.051795610893799846,0.35138635634794185,0.08074534161490683,1.0,0.08488612836438923,0.09417132131852951,1.1707770901923837,autumn_internationals,2022,mixed
v1,autumn_internationals_2022,try_assists,stable,position:Back-row,168,22,0.0877246002004776,0.2401934913813999,0.252277535694015,0.9521001967956761,-0.03250523998594123,1.3629021701683102,0.041666666666666664,1.0,0.041666666666666664,0.054422032832663364,0.307088132844604,autumn_internationals,2022,mixed
v1,autumn_internationals_2022,try_assists,stable,position:Back-three,168,22,0.2097168884989976,0.5224944518853192,0.5689144745112693,0.918405973646869,0.0076476038578570426,1.042058684190129,0.11904761904761904,1.0,0.13095238095238096,0.11832805480658155,0.5506688012558,autumn_internationals,2022,mixed
v1,autumn_internationals_2022,try_assists,stable,position:Centre,84,22,0.25675929165797257,0.7293725210120647,0.6476645579783963,1.1261578420914518,0.22429858586300566,-0.4677016592303214,0.15476190476190477,1.0,0.16666666666666666,0.12322367915303452,0.4482242882649909,autumn_internationals,2022,mixed
v1,autumn_internationals_2022,try_assists,stable,position:Fly-half,84,22,0.3279140280953402,0.8074841494532137,0.7256906897723514,1.1127111878843599,0.11488067883975382,0.43611056063021014,0.14285714285714285,1.0,0.20238095238095238,0.20063782315831732,0.6226001975104386,autumn_internationals,2022,mixed
v1,autumn_internationals_2022,try_assists,stable,position:Hooker,84,22,0.06279855455378665,0.2493774180123212,0.25597691774854975,0.9742183795543966,0.055404060751853564,-0.6810469109872439,0.03571428571428571,1.0,0.03571428571428571,0.02891104081072125,0.12079913819213338,autumn_internationals,2022,mixed
v1,autumn_internationals_2022,try_assists,stable,position:Prop,168,22,0.016944882785908395,0.03388976557181679,0.021325370253069104,1.5891759519129307,0.0,0.0,0.0,1.0,0.0,0.016944882785908395,0.06777953114363358,autumn_internationals,2022,mixed
v1,autumn_internationals_2022,try_assists,stable,position:Scrum-half,84,22,0.36175060689318356,0.7697120184089743,0.7336268804031636,1.0491873171086372,0.19191257308429327,0.08891310075928054,0.19047619047619047,1.0,0.21428571428571427,0.2516292988363222,0.6249952051112782,autumn_internationals,2022,mixed
v1,autumn_internationals_2022,try_assists,stable,position:Second-row,126,22,0.06806313466076393,0.31434685523267913,0.32469836857952156,0.9681196016101719,0.025570686707940597,0.9627105726672446,0.047619047619047616,1.0,0.047619047619047616,0.02290237745080621,0.19195778201937608,autumn_internationals,2022,mixed
v1,autumn_internationals_2022,conversion_goals,stable,all,966,22,0.09895411038907564,0.22040342719131706,0.3927294319287904,0.5612093448378999,0.012938129312901267,1.1914405779483772,0.051759834368530024,1.0,0.10455486542443064,0.07689576619027906,1.3179725259684651,autumn_internationals,2022,mixed
v1,autumn_internationals_2022,conversion_goals,stable,starter,627,22,0.11130538176299155,0.23497551425737073,0.46760392918288285,0.5025097087357243,0.01883787115008551,1.184860527367529,0.06539074960127592,1.0,0.1339712918660287,0.09717044163142258,1.0606617777165461,autumn_internationals,2022,mixed
v1,autumn_internationals_2022,conversion_goals,stable,bench,339,22,0.07610972351165594,0.1934515139452532,0.25424474231723904,0.7608869791449616,-0.00029932433144528795,1.2804869628811895,0.02654867256637168,1.0,0.05014749262536873,0.0393965877194915,0.5834845904360145,autumn_internationals,2022,mixed
v1,autumn_internationals_2022,conversion_goals,stable,zero_minute,21,11,0.09689818944858593,0.22319226658073427,0.18723687551884594,1.1920315694344585,0.02385551034597165,0.38627317274641376,0.047619047619047616,1.0,0.047619047619047616,0.061520030252467515,0.14498767128915246,autumn_internationals,2022,mixed
v1,autumn_internationals_2022,conversion_goals,stable,low_history,77,21,0.13015414426204364,0.26368778001064996,0.24659942438047866,1.0692960077790192,0.0519470755226118,1.2954872964227235,0.11688311688311688,1.0,0.18181818181818182,0.10024884586223876,0.23525050110063594,autumn_internationals,2022,mixed
v1,autumn_internationals_2022,conversion_goals,stable,north,483,21,0.10262576888595802,0.21251415821968242,0.38058143724118315,0.5583933881804313,0.00975175925779355,1.1987195567118283,0.047619047619047616,1.0,0.10559006211180125,0.07995056251263544,1.5115324052519692,autumn_internationals,2022,mixed
v1,autumn_internationals_2022,conversion_goals,stable,south,483,20,0.09528245189219327,0.22829269616295172,0.40487742661639764,0.5638563208396608,0.01602244635725528,1.1849414022636566,0.055900621118012424,1.0,0.10351966873706005,0.0738409698679227,1.124412646684961,autumn_internationals,2022,mixed
v1,autumn_internationals_2022,conversion_goals,stable,position:Back-row,168,22,0.002470788756518892,0.004941577513037784,1.9999999999999994e-08,247078.87565188928,0.0,0.0,0.0,1.0,0.0,0.002470788756518892,0.009883155026075568,autumn_internationals,2022,mixed
v1,autumn_internationals_2022,conversion_goals,stable,position:Back-three,168,22,0.14400719542383217,0.4060617581442057,0.9224596759289225,0.44019458924890026,0.014152976087768469,1.7997289491315558,0.07738095238095238,1.0,0.16071428571428573,0.08143521261756619,0.5451724936468959,autumn_internationals,2022,mixed
v1,autumn_internationals_2022,conversion_goals,stable,position:Centre,84,22,0.12953433608245404,0.24648665644122517,1.0314336723365642,0.23897480085447007,-0.03333876768943965,1.919531181224518,0.047619047619047616,1.0,0.13095238095238096,0.08558920545224752,0.25768890951475987,autumn_internationals,2022,mixed
v1,autumn_internationals_2022,conversion_goals,stable,position:Fly-half,84,22,0.6571030762549631,1.2490826841464302,1.4119997341286796,0.8846196312616286,0.16641909373392644,0.9399716483347249,0.36904761904761907,1.0,0.7261904761904762,0.5955194323661287,1.130201802707889,autumn_internationals,2022,mixed
v1,autumn_internationals_2022,conversion_goals,stable,position:Hooker,84,22,0.0023596659753984833,0.0047193319507969666,1.9999999999999997e-08,235966.59753984836,0.0,0.0,0.0,1.0,0.0,0.0023596659753984833,0.004719331950796967,autumn_internationals,2022,mixed
v1,autumn_internationals_2022,conversion_goals,stable,position:Prop,168,22,0.0023935635533246964,0.004787127106649393,1.9999999999999994e-08,239356.3553324697,0.0,0.0,0.0,1.0,0.0,0.0023935635533246964,0.009574254213298786,autumn_internationals,2022,mixed
v1,autumn_internationals_2022,conversion_goals,stable,position:Scrum-half,84,22,0.047630445379687913,0.1955665140048786,0.2280355788580011,0.8576140398102475,0.025738181845984042,-0.07829815870222769,0.023809523809523808,1.0,0.023809523809523808,0.024632227225100247,0.09290137385215304,autumn_internationals,2022,mixed
v1,autumn_internationals_2022,conversion_goals,stable,position:Second-row,126,22,0.0024011002096764504,0.004802200419352901,1.9999999999999994e-08,240110.0209676451,0.0,0.0,0.0,1.0,0.0,0.0024011002096764504,0.007203300629029352,autumn_internationals,2022,mixed
v1,autumn_internationals_2022,missed_conversion_goals,stable,all,966,22,0.0442906230483631,0.1374482956875044,0.20384844102173993,0.674267092740954,0.011824998929664161,0.6661072415798536,0.024844720496894408,1.0,0.028985507246376812,0.025762380658123297,0.7411550457754605,autumn_internationals,2022,mixed
v1,autumn_internationals_2022,missed_conversion_goals,stable,starter,627,22,0.05812777959494532,0.18318219288352036,0.28182853427236304,0.6499774529802952,0.01789117013530069,0.6528611274158442,0.03349282296650718,1.0,0.03987240829346093,0.03366908709232909,0.6757220503186376,autumn_internationals,2022,mixed
v1,autumn_internationals_2022,missed_conversion_goals,stable,bench,339,22,0.01869800607282609,0.052860822112572196,0.05961977297412722,0.8866323951872787,-0.0005518063274384056,0.8440442816975716,0.008849557522123894,1.0,0.008849557522123894,0.011138472297512574,0.14818089031791942,autumn_internationals,2022,mixed
v1,autumn_internationals_2022,missed_conversion_goals,stable,zero_minute,21,11,0.021657147329346597,0.04331429465869319,0.040437309961107094,1.0711467874681377,0.0,0.0,0.0,1.0,0.0,0.021657147329346597,0.0324857209940199,autumn_internationals,2022,mixed
v1,autumn_internationals_2022,missed_conversion_goals,stable,low_history,77,21,0.05022505731779019,0.10045011463558037,0.11197351996661874,0.8970881210622503,0.0,0.0,0.0,1.0,0.0,0.05022505731779019,0.1104951260991384,autumn_internationals,2022,mixed
v1,autumn_internationals_2022,missed_conversion_goals,stable,north,483,21,0.03697971719489098,0.07913874228097179,0.08961831841931757,0.883064351985354,-0.006624260790816976,1.6514694141933224,0.022774327122153208,1.0,0.026915113871635612,0.02030880764378868,0.5958418249824078,autumn_internationals,2022,mixed
v1,autumn_internationals_2022,missed_conversion_goals,stable,south,483,20,0.05160152890183522,0.195757849094037,0.31807856362416226,0.6154386729605019,0.017518522743896755,0.43366856637685863,0.026915113871635612,1.0,0.031055900621118012,0.031215953672457906,0.8864682665685134,autumn_internationals,2022,mixed
v1,autumn_internationals_2022,missed_conversion_goals,stable,position:Back-row,168,22,0.0010152616633406456,0.002030523326681291,1.9999999999999994e-08,101526.16633406459,0.0,0.0,0.0,1.0,0.0,0.0010152616633406456,0.004061046653362583,autumn_internationals,2022,mixed
v1,autumn_internationals_2022,missed_conversion_goals,stable,position:Back-three,168,22,0.0720751560265914,0.3417621274135905,0.3608950484867756,0.9469848058226097,0.03742620377893285,0.8869535377015818,0.05357142857142857,1.0,0.05952380952380952,0.024914051081119264,0.2764277783360438,autumn_internationals,2022,mixed
v1,autumn_internationals_2022,missed_conversion_goals,stable,position:Centre,84,22,0.0362926201509369,0.06614275868160992,0.10887261354368424,0.6075243032084526,-0.005213804190105342,0.5130312336369144,0.011904761904761904,1.0,0.011904761904761904,0.033367492995528804,0.07235267846330251,autumn_internationals,2022,mixed
v1,autumn_internationals_2022,missed_conversion_goals,stable,position:Fly-half,84,22,0.29066146079643973,0.6315573479475132,0.68403798533028,0.9232781826327566,0.07683628564393248,0.513435711606698,0.14285714285714285,1.0,0.17857142857142858,0.19814582551949012,0.5586695658518727,autumn_internationals,2022,mixed
v1,autumn_internationals_2022,missed_conversion_goals,stable,position:Hooker,84,22,0.0009896391593856978,0.0019792783187713957,1.9999999999999997e-08,98963.9159385698,0.0,0.0,0.0,1.0,0.0,0.0009896391593856978,0.0019792783187713957,autumn_internationals,2022,mixed
v1,autumn_internationals_2022,missed_conversion_goals,stable,position:Prop,168,22,0.0009875655357328972,0.0019751310714657944,1.9999999999999994e-08,98756.55357328976,0.0,0.0,0.0,1.0,0.0,0.0009875655357328972,0.00395026214293159,autumn_internationals,2022,mixed
v1,autumn_internationals_2022,missed_conversion_goals,stable,position:Scrum-half,84,22,0.03175792061825301,0.18647133607526964,0.8295562459024937,0.22478443986929797,0.01809387409875879,0.6767201454009049,0.023809523809523808,1.0,0.023809523809523808,0.008446105453797202,0.06275724655812624,autumn_internationals,2022,mixed
v1,autumn_internationals_2022,missed_conversion_goals,stable,position:Second-row,126,22,0.000989705253220346,0.001979410506440692,1.9999999999999994e-08,98970.52532203462,0.0,0.0,0.0,1.0,0.0,0.000989705253220346,0.0029691157596610385,autumn_internationals,2022,mixed
v1,autumn_internationals_2022,penalty_goals,stable,all,966,22,0.08556910349073778,0.21651614271880198,0.40676380957647773,0.5322895931775211,0.006559766071265899,1.3625676025114655,0.047619047619047616,1.0,0.09420289855072464,0.06432204341121585,1.3131084910376365,autumn_internationals,2022,mixed
v1,autumn_internationals_2022,penalty_goals,stable,starter,627,22,0.11533800070347099,0.28687505584388456,0.581753489653168,0.49312133222426363,0.015763261002276836,1.3620554105286835,0.06539074960127592,1.0,0.1371610845295056,0.08912840299214261,1.2571466359911123,autumn_internationals,2022,mixed
v1,autumn_internationals_2022,penalty_goals,stable,bench,339,22,0.030509815725594122,0.08638328569984384,0.08311033049658188,1.0393808469260817,0.0024195818700075435,0.6685922966406654,0.014749262536873156,1.0,0.014749262536873156,0.01844125445180263,0.2415119166216024,autumn_internationals,2022,mixed
v1,autumn_internationals_2022,penalty_goals,stable,zero_minute,21,11,0.07538137051314364,0.2640822536252605,0.1815784707799716,1.454369851727979,0.0372581135920125,0.3232350266537317,0.047619047619047616,1.0,0.047619047619047616,0.03205387155685441,0.11277771220655865,autumn_internationals,2022,mixed
v1,autumn_internationals_2022,penalty_goals,stable,low_history,77,21,0.12276945949410636,0.23168650881318842,0.13874775127379635,1.6698397392833588,0.0315446386033706,1.5016911582447967,0.09090909090909091,1.0,0.16883116883116883,0.09142128158246675,0.26150933268872417,autumn_internationals,2022,mixed
v1,autumn_internationals_2022,penalty_goals,stable,north,483,21,0.09679246888786824,0.17824973599846747,0.45979834613078996,0.38766937179840183,0.0014943105843815358,1.338542228682182,0.045548654244306416,1.0,0.10351966873706005,0.07622124723933751,1.5003364140280129,autumn_internationals,2022,mixed
v1,autumn_internationals_2022,penalty_goals,stable,south,483,20,0.07434573809360731,0.2547825494391365,0.35372927302216556,0.7202755578082201,0.01038303771389574,1.4211952508295633,0.049689440993788817,1.0,0.08488612836438923,0.05242283958309418,1.12588056804726,autumn_internationals,2022,mixed
v1,autumn_internationals_2022,penalty_goals,stable,position:Back-row,168,22,0.0021279137104843,0.0042558274209686,1.9999999999999994e-08,212791.37104843004,0.0,0.0,0.0,1.0,0.0,0.0021279137104843,0.0085116548419372,autumn_internationals,2022,mixed
v1,autumn_internationals_2022,penalty_goals,stable,position:Back-three,168,22,0.1750004402843146,0.5428980775498167,1.1893435097177636,0.4564686931184824,0.003864510653023262,2.7603995910131207,0.07738095238095238,1.0,0.21428571428571427,0.07622853021633087,0.6607193605090067,autumn_internationals,2022,mixed
v1,autumn_internationals_2022,penalty_goals,stable,position:Centre,84,22,0.08211467194553834,0.13995501017791617,0.7626288137883641,0.18351655175823825,-0.022803158847425647,1.7928688789724205,0.05952380952380952,1.0,0.11904761904761904,0.07911943787899663,0.1630549921649199,autumn_internationals,2022,mixed
v1,autumn_internationals_2022,penalty_goals,stable,position:Fly-half,84,22,0.47395943999815654,0.867524181033304,1.0096767867023178,0.8592097911517852,0.13092608942295705,0.7494562402862055,0.30952380952380953,1.0,0.4880952380952381,0.4765710517479761,0.8845023761280159,autumn_internationals,2022,mixed
v1,autumn_internationals_2022,penalty_goals,stable,position:Hooker,84,22,0.00192467258508062,0.00384934517016124,1.9999999999999997e-08,192467.25850806202,0.0,0.0,0.0,1.0,0.0,0.00192467258508062,0.003849345170161239,autumn_internationals,2022,mixed
v1,autumn_internationals_2022,penalty_goals,stable,position:Prop,168,22,0.0019342540983104048,0.0038685081966208096,1.9999999999999994e-08,193425.40983104054,0.0,0.0,0.0,1.0,0.0,0.0019342540983104048,0.007737016393241619,autumn_internationals,2022,mixed
v1,autumn_internationals_2022,penalty_goals,stable,position:Scrum-half,84,22,0.064875781879379,0.3704724634518062,0.5267910602032848,0.7032626242913909,0.03703584710222757,0.5732413259933903,0.023809523809523808,1.0,0.047619047619047616,0.018462033417566408,0.1281688550498603,autumn_internationals,2022,mixed
v1,autumn_internationals_2022,penalty_goals,stable,position:Second-row,126,22,0.0020299383660742167,0.0040598767321484335,1.9999999999999994e-08,202993.83660742175,0.0,0.0,0.0,1.0,0.0,0.0020299383660742167,0.006089815098222651,autumn_internationals,2022,mixed
v1,autumn_internationals_2022,missed_penalty_goals,stable,all,966,22,0.023782966486160753,0.09545597280594949,0.12929376013977445,0.7382875453753975,0.005261527953606992,1.1847446250050793,0.013457556935817806,1.0,0.016563146997929608,0.009539287037722706,0.4866145308853086,autumn_internationals,2022,mixed
v1,autumn_internationals_2022,missed_penalty_goals,stable,starter,627,22,0.0315442106369229,0.11849089548725988,0.17632643999003025,0.6719973220916814,0.0073014371375535675,1.1820903721140767,0.017543859649122806,1.0,0.022328548644338118,0.012712320361690906,0.4425555250100627,autumn_internationals,2022,mixed
v1,autumn_internationals_2022,missed_penalty_goals,stable,bench,339,22,0.009428098986078541,0.05285155828918952,0.042304113337088924,1.249324335627983,0.003028901856030867,0.782111720595306,0.0058997050147492625,1.0,0.0058997050147492625,0.0036705793854275386,0.07547673794402934,autumn_internationals,2022,mixed
v1,autumn_internationals_2022,missed_penalty_goals,stable,zero_minute,21,11,0.00533960279158834,0.01067920558317668,0.009557764795847653,1.1173329550666735,0.0,0.0,0.0,1.0,0.0,0.00533960279158834,0.008009404187382512,autumn_internationals,2022,mixed
v1,autumn_internationals_2022,missed_penalty_goals,stable,low_history,77,21,0.049899246397198616,0.1784934818534978,0.15056538388006688,1.185488173003146,0.027620051761293927,0.6965852626646876,0.03896103896103896,1.0,0.03896103896103896,0.01628083137498732,0.09372285685697664,autumn_internationals,2022,mixed
v1,autumn_internationals_2022,missed_penalty_goals,stable,north,483,21,0.024570555290666967,0.0938402981241699,0.10785997372553703,0.8700196642264912,0.0017121926870915386,1.4053246582992394,0.010351966873706004,1.0,0.016563146997929608,0.01056763234255854,0.5234635292741395,autumn_internationals,2022,mixed
v1,autumn_internationals_2022,missed_penalty_goals,stable,south,483,20,0.022995377681654532,0.09707164748772906,0.15072754655401185,0.6440206167155007,0.008809410798772458,0.9110315218345553,0.016563146997929608,1.0,0.016563146997929608,0.008510941732886872,0.44976553249647744,autumn_internationals,2022,mixed
v1,autumn_internationals_2022,missed_penalty_goals,stable,position:Back-row,168,22,0.0006299980547742097,0.0012599961095484194,1.9999999999999994e-08,62999.80547742099,0.0,0.0,0.0,1.0,0.0,0.0006299980547742097,0.0025199922190968387,autumn_internationals,2022,mixed
v1,autumn_internationals_2022,missed_penalty_goals,stable,position:Back-three,168,22,0.02165978048460811,0.09151795256422737,0.11441553469282367,0.799873485798319,-0.000787352708051634,0.9841585589378375,0.011904761904761904,1.0,0.011904761904761904,0.012896412369274746,0.0847519369375364,autumn_internationals,2022,mixed
v1,autumn_internationals_2022,missed_penalty_goals,stable,position:Centre,84,22,0.0440016570714807,0.1457519269970498,0.2748651271485965,0.5302670750162277,-0.0045399932472551165,3.013781312910088,0.023809523809523808,1.0,0.03571428571428571,0.013356735204742362,0.08781525296130302,autumn_internationals,2022,mixed
v1,autumn_internationals_2022,missed_penalty_goals,stable,position:Fly-half,84,22,0.1662245440955213,0.6537797739119745,0.5684037821219152,1.1502030677405788,0.09627577725526607,0.3651646865701989,0.09523809523809523,1.0,0.11904761904761904,0.06236047085011692,0.31685423047016326,autumn_internationals,2022,mixed
v1,autumn_internationals_2022,missed_penalty_goals,stable,position:Hooker,84,22,0.0005605371489983713,0.0011210742979967426,1.9999999999999997e-08,56053.71489983714,0.0,0.0,0.0,1.0,0.0,0.0005605371489983713,0.0011210742979967424,autumn_internationals,2022,mixed
v1,autumn_internationals_2022,missed_penalty_goals,stable,position:Prop,168,22,0.0005644004733765014,0.0011288009467530027,1.9999999999999994e-08,56440.047337650154,0.0,0.0,0.0,1.0,0.0,0.0005644004733765014,0.002257601893506005,autumn_internationals,2022,mixed
v1,autumn_internationals_2022,missed_penalty_goals,stable,position:Scrum-half,84,22,0.016147818254082187,0.10755501282984356,0.4147781329512468,0.25930733634524944,0.010986882025271606,0.20950249931549342,0.011904761904761904,1.0,0.011904761904761904,0.004381235939854108,0.032102997444530136,autumn_internationals,2022,mixed
v1,autumn_internationals_2022,missed_penalty_goals,stable,position:Second-row,126,22,0.0005741333301656157,0.0011482666603312313,1.9999999999999994e-08,57413.333016561584,0.0,0.0,0.0,1.0,0.0,0.0005741333301656157,0.0017223999904968476,autumn_internationals,2022,mixed
v1,autumn_internationals_2022,drop_goals_converted,stable,all,966,22,0.0035935328138388123,0.048877071908867135,0.05369917771090255,0.9102014964177676,0.003180658195609764,-0.1535114087258235,0.002070393374741201,1.0,0.003105590062111801,0.0004890068700498818,0.08137556298908938,autumn_internationals,2022,mixed
v1,autumn_internationals_2022,drop_goals_converted,stable,starter,627,22,0.005358584454808157,0.07494770490264513,0.0822031154971061,0.9117380095561416,0.004913677557930903,-0.22411943991533378,0.003189792663476874,1.0,0.004784688995215311,0.0005755349146165996,0.07895904008497176,autumn_internationals,2022,mixed
v1,autumn_internationals_2022,drop_goals_converted,stable,bench,339,22,0.00032896827434683736,0.0006579365486936747,0.0009795051682782655,0.6717029884080845,0.0,0.0,0.0,1.0,0.0,0.00032896827434683736,0.0026552439286566163,autumn_internationals,2022,mixed
v1,autumn_internationals_2022,drop_goals_converted,stable,zero_minute,21,11,0.0005047414919846034,0.0010094829839692068,0.002206302206287921,0.45754519987887365,0.0,0.0,0.0,1.0,0.0,0.0005047414919846034,0.0007571122379769051,autumn_internationals,2022,mixed
v1,autumn_internationals_2022,drop_goals_converted,stable,low_history,77,21,0.0005552291365105908,0.0011104582730211815,0.003027321744774163,0.36681210873541337,0.0,0.0,0.0,1.0,0.0,0.0005552291365105908,0.0012215041003232996,autumn_internationals,2022,mixed
v1,autumn_internationals_2022,drop_goals_converted,stable,north,483,21,0.0005412508313481345,0.001082501662696269,0.0016407061765411676,0.6597778920893259,0.0,0.0,0.0,1.0,0.0,0.0005412508313481345,0.012448769121007093,autumn_internationals,2022,mixed
v1,autumn_internationals_2022,drop_goals_converted,stable,south,483,20,0.006645814796329491,0.09667164215503801,0.10575764924526396,0.9140865256076706,0.006358705174383169,-0.33776918141063766,0.004140786749482402,1.0,0.006211180124223602,0.0004367629087516291,0.1503023568571716,autumn_internationals,2022,mixed
v1,autumn_internationals_2022,drop_goals_converted,stable,position:Back-row,168,22,0.00010877577590217186,0.00021755155180434372,1.9999999999999994e-08,10877.57759021719,0.0,0.0,0.0,1.0,0.0,0.00010877577590217186,0.00043510310360868755,autumn_internationals,2022,mixed
v1,autumn_internationals_2022,drop_goals_converted,stable,position:Back-three,168,22,0.006279100532762312,0.08783888896846535,0.20738907647562344,0.42354636252401634,0.0061659928794984605,-0.6480736400193952,0.005952380952380952,1.0,0.005952380952380952,0.00032961057806812845,0.025102806648679293,autumn_internationals,2022,mixed
v1,autumn_internationals_2022,drop_goals_converted,stable,position:Centre,84,22,0.0002309598725250967,0.0004619197450501934,1.9999999999999997e-08,23095.987252509673,0.0,0.0,0.0,1.0,0.0,0.0002309598725250967,0.0004619197450501933,autumn_internationals,2022,mixed
v1,autumn_internationals_2022,drop_goals_converted,stable,position:Fly-half,84,22,0.027675526902121765,0.3842247502320414,0.20276222072413236,1.8949523676543147,0.03243044891298033,-2.2262149993594136,0.011904761904761904,1.0,0.023809523809523808,0.0038724584579374285,0.055181960837308405,autumn_internationals,2022,mixed
v1,autumn_internationals_2022,drop_goals_converted,stable,position:Hooker,84,22,0.00010466332060769268,0.00020932664121538536,1.9999999999999997e-08,10466.33206076927,0.0,0.0,0.0,1.0,0.0,0.00010466332060769268,0.00020932664121538536,autumn_internationals,2022,mixed
v1,autumn_internationals_2022,drop_goals_converted,stable,position:Prop,168,22,0.00010521813270951004,0.00021043626541902008,1.9999999999999994e-08,10521.813270951008,0.0,0.0,0.0,1.0,0.0,0.00010521813270951004,0.00042087253083804017,autumn_internationals,2022,mixed
v1,autumn_internationals_2022,drop_goals_converted,stable,position:Scrum-half,84,22,0.0001720379689999208,0.0003440759379998416,1.9999999999999997e-08,17203.79689999208,0.0,0.0,0.0,1.0,0.0,0.0001720379689999208,0.00034407593799984154,autumn_internationals,2022,mixed
v1,autumn_internationals_2022,drop_goals_converted,stable,position:Second-row,126,22,0.0001041669414292546,0.0002083338828585092,1.9999999999999994e-08,10416.694142925464,0.0,0.0,0.0,1.0,0.0,0.0001041669414292546,0.00031250082428776376,autumn_internationals,2022,mixed
v1,autumn_internationals_2022,drop_goal_missed,stable,all,966,22,0.0021083383792367227,0.010930639687571424,0.011656395738934986,0.9377375247359376,0.0006732773526333535,0.33381181935949256,0.0010351966873706005,1.0,0.0010351966873706005,0.0010842016781541356,0.04798972961620545,autumn_internationals,2022,mixed
v1,autumn_internationals_2022,drop_goal_missed,stable,starter,627,22,0.0029046410798366667,0.01615328246191997,0.016903562842540253,0.9556140686073533,0.0011530163638465167,0.33304576292568866,0.001594896331738437,1.0,0.001594896331738437,0.001326784535585025,0.04302778800751178,autumn_internationals,2022,mixed
v1,autumn_internationals_2022,drop_goal_missed,stable,bench,339,22,0.0006355307294545257,0.0012710614589090514,0.0019514583526208309,0.6513392700397636,0.0,0.0,0.0,1.0,0.0,0.0006355307294545257,0.0051296408877401,autumn_internationals,2022,mixed
v1,autumn_internationals_2022,drop_goal_missed,stable,zero_minute,21,11,0.0006900738958564119,0.0013801477917128237,0.0014652195604395607,0.9419392348944511,0.0,0.0,0.0,1.0,0.0,0.0006900738958564119,0.0010351108437846178,autumn_internationals,2022,mixed
v1,autumn_internationals_2022,drop_goal_missed,stable,low_history,77,21,0.000701814192765801,0.001403628385531602,0.011108215183566264,0.12635948821086582,0.0,0.0,0.0,1.0,0.0,0.000701814192765801,0.0015439912240847618,autumn_internationals,2022,mixed
v1,autumn_internationals_2022,drop_goal_missed,stable,north,483,21,0.0013067280761282058,0.0026134561522564116,0.007849327787244583,0.3329528620913709,0.0,0.0,0.0,1.0,0.0,0.0013067280761282058,0.030054745750948738,autumn_internationals,2022,mixed
v1,autumn_internationals_2022,drop_goal_missed,stable,south,483,20,0.00290994868234524,0.019247823222886436,0.015463463690625389,1.2447290987306607,0.0006996080240773497,1.5908375024723875,0.002070393374741201,1.0,0.002070393374741201,0.0008616752801800654,0.06592471348146219,autumn_internationals,2022,mixed
v1,autumn_internationals_2022,drop_goal_missed,stable,position:Back-row,168,22,0.00023918691732078708,0.00047837383464157415,1.9999999999999994e-08,23918.691732078714,0.0,0.0,0.0,1.0,0.0,0.00023918691732078708,0.0009567476692831484,autumn_internationals,2022,mixed
v1,autumn_internationals_2022,drop_goal_missed,stable,position:Back-three,168,22,0.0018532893669696276,0.003706578733939255,0.015488274123461706,0.23931515573607479,0.0,0.0,0.0,1.0,0.0,0.0018532893669696276,0.0074131574678785095,autumn_internationals,2022,mixed
v1,autumn_internationals_2022,drop_goal_missed,stable,position:Centre,84,22,0.0007913770180029702,0.0015827540360059404,1.9999999999999997e-08,79137.70180029703,0.0,0.0,0.0,1.0,0.0,0.0007913770180029702,0.0015827540360059407,autumn_internationals,2022,mixed
v1,autumn_internationals_2022,drop_goal_missed,stable,position:Fly-half,84,22,0.017276194841151456,0.11176296336692963,0.1030718327508289,1.0843211029060782,0.012062439911845505,-0.02867590911934191,0.011904761904761904,1.0,0.011904761904761904,0.005498622778701696,0.034490985384744995,autumn_internationals,2022,mixed
v1,autumn_internationals_2022,drop_goal_missed,stable,position:Hooker,84,22,0.00022252602030144964,0.0004450520406028993,1.9999999999999997e-08,22252.602030144968,0.0,0.0,0.0,1.0,0.0,0.00022252602030144964,0.0004450520406028993,autumn_internationals,2022,mixed
v1,autumn_internationals_2022,drop_goal_missed,stable,position:Prop,168,22,0.00022277947712226825,0.0004455589542445365,1.9999999999999994e-08,22277.947712226833,0.0,0.0,0.0,1.0,0.0,0.00022277947712226825,0.000891117908489073,autumn_internationals,2022,mixed
v1,autumn_internationals_2022,drop_goal_missed,stable,position:Scrum-half,84,22,0.0009942791866753163,0.0019885583733506326,1.9999999999999997e-08,99427.91866753165,0.0,0.0,0.0,1.0,0.0,0.0009942791866753163,0.001988558373350632,autumn_internationals,2022,mixed
v1,autumn_internationals_2022,drop_goal_missed,stable,position:Second-row,126,22,0.00022066851484384102,0.00044133702968768203,1.9999999999999994e-08,22066.851484384108,0.0,0.0,0.0,1.0,0.0,0.00022066851484384102,0.0006620055445315231,autumn_internationals,2022,mixed
v1,autumn_internationals_2022,defenders_beaten,stable,all,966,22,0.8755728997160679,1.4198672043649123,1.5238499330756448,0.931763143828172,-0.012118196610451243,0.9545588994867118,0.4140786749482402,1.0,0.9006211180124224,0.9561896234100112,6.740244098426941,autumn_internationals,2022,mixed
v1,autumn_internationals_2022,defenders_beaten,stable,starter,627,22,1.0291444417268516,1.5491331407226292,1.6944248817401182,0.9142530645157434,-0.015423915281312232,0.9497611706519656,0.507177033492823,1.0,1.164274322169059,1.2420998814265751,5.394923864424813,autumn_internationals,2022,mixed
v1,autumn_internationals_2022,defenders_beaten,stable,bench,339,22,0.5915334990058574,1.1807824194201089,1.2083617536873714,0.9771762601860718,-0.17120170399700413,1.366882187606899,0.24188790560471976,1.0,0.41297935103244837,0.42738215504309224,2.294727661508097,autumn_internationals,2022,mixed
v1,autumn_internationals_2022,defenders_beaten,stable,zero_minute,21,11,0.5915641112343832,1.206828169586424,1.121449281161263,1.0761326346714057,0.10282208205076915,0.08015236402674399,0.047619047619047616,1.0,0.14285714285714285,0.4994869620191788,0.8873461668515752,autumn_internationals,2022,mixed
v1,autumn_internationals_2022,defenders_beaten,stable,low_history,77,21,0.6380571899956637,1.1548018830415248,1.2149496887805595,0.9504935831545379,-0.10965108598650619,1.0045204984422778,0.3116883116883117,1.0,0.5454545454545454,0.6521575542330218,0.9318213442935157,autumn_internationals,2022,mixed
v1,autumn_internationals_2022,defenders_beaten,stable,north,483,21,0.9091066311920987,1.4727488332753194,1.560211679882902,0.9439416793661313,0.025513174925016986,1.007804552585384,0.45134575569358176,1.0,0.9772256728778468,0.9443423285907393,6.288512716567978,autumn_internationals,2022,mixed
v1,autumn_internationals_2022,defenders_beaten,stable,south,483,20,0.8420391682400371,1.3669855754545055,1.487488186268388,0.9189891980815099,-0.05763584060244766,0.9107632024635479,0.37681159420289856,1.0,0.8240165631469979,0.9680369182292832,7.191975480285904,autumn_internationals,2022,mixed
v1,autumn_internationals_2022,defenders_beaten,stable,position:Back-row,168,22,0.9214249283730821,1.493562766292241,1.7074026173434824,0.8747572196041546,-0.35781783861924876,1.1851259511733574,0.4226190476190476,1.0,0.8511904761904762,1.020151751476476,2.1522777304978327,autumn_internationals,2022,mixed
v1,autumn_internationals_2022,defenders_beaten,stable,position:Back-three,168,22,1.5190617979831815,2.11329776662185,2.323483606680478,0.90953848804687,0.5739709326188086,0.7918777619642517,0.7083333333333334,1.0,2.0773809523809526,1.8985379966131846,3.4464164486181623,autumn_internationals,2022,mixed
v1,autumn_internationals_2022,defenders_beaten,stable,position:Centre,84,22,1.169082743633352,1.5981807206461314,1.7475945452096673,0.9145031523627181,0.30431561460698336,0.7126893114791335,0.6666666666666666,1.0,1.4880952380952381,1.661003756365321,1.8340841888273272,autumn_internationals,2022,mixed
v1,autumn_internationals_2022,defenders_beaten,stable,position:Fly-half,84,22,0.8965889025752183,1.4943394084102615,1.5776534334376664,0.9471911743976206,-0.27475495348333834,1.170405059854718,0.4523809523809524,1.0,0.9285714285714286,1.0281281441180166,1.2962233671230305,autumn_internationals,2022,mixed
v1,autumn_internationals_2022,defenders_beaten,stable,position:Hooker,84,22,0.6799511000201752,1.3012083484020018,1.3117660173179864,0.9919515608907368,0.2732843782461118,0.4591471725891355,0.32142857142857145,1.0,0.5119047619047619,0.5197034805051013,1.042402635552803,autumn_internationals,2022,mixed
v1,autumn_internationals_2022,defenders_beaten,stable,position:Prop,168,22,0.4383425949808113,0.8198839064087439,0.9303766194844366,0.8812387255207234,0.0015357576637389644,0.8292795800234404,0.20833333333333334,1.0,0.2916666666666667,0.34985898120719033,1.0990025602207805,autumn_internationals,2022,mixed
v1,autumn_internationals_2022,defenders_beaten,stable,position:Scrum-half,84,22,0.766932907745401,1.4806221419223342,1.2763841683074637,1.1600129323804589,0.5039010208722736,-0.06116027808020373,0.2976190476190476,1.0,0.4642857142857143,0.6477293405142633,1.1795523557382535,autumn_internationals,2022,mixed
v1,autumn_internationals_2022,defenders_beaten,stable,position:Second-row,126,22,0.5325827000576555,1.0670889014467289,1.125566919386894,0.9480457208425966,0.06308790536402102,0.712306217177219,0.23015873015873015,1.0,0.3492063492063492,0.4016789927458168,1.0076998172064278,autumn_internationals,2022,mixed
v1,autumn_internationals_2022,clean_breaks,stable,all,966,22,0.2798933309303126,0.5668272566649799,0.5791063571587811,0.9787964674502192,-0.03271848624540399,1.1351369249360874,0.15631469979296067,1.0,0.20186335403726707,0.20665510488602848,2.0194627014477082,autumn_internationals,2022,mixed
v1,autumn_internationals_2022,clean_breaks,stable,starter,627,22,0.3578938931909427,0.6814548747367126,0.7113870401337519,0.9579242188732993,-0.048518727141046006,1.1670402377280207,0.20574162679425836,1.0,0.2727272727272727,0.2752655730994473,1.9279693976364276,autumn_internationals,2022,mixed
v1,autumn_internationals_2022,clean_breaks,stable,bench,339,22,0.13562680427127086,0.35481688341726186,0.3344456249307377,1.0609105246652366,0.003856299360351685,0.839310887545886,0.06489675516224189,1.0,0.07079646017699115,0.07975609730545735,0.599454022464952,autumn_internationals,2022,mixed
v1,autumn_internationals_2022,clean_breaks,stable,zero_minute,21,11,0.130528948654552,0.3563826514266137,0.36920542481688035,0.9652692714452218,0.10249774658719608,-0.6221770115346348,0.047619047619047616,1.0,0.047619047619047616,0.08820431798466329,0.19579342298182797,autumn_internationals,2022,mixed
v1,autumn_internationals_2022,clean_breaks,stable,low_history,77,21,0.1936001686106929,0.42823802839821573,0.39932650171113143,1.0724007211221824,-0.018554481526905055,1.0961999010869996,0.11688311688311688,1.0,0.12987012987012986,0.13539921984106734,0.30041181989793664,autumn_internationals,2022,mixed
v1,autumn_internationals_2022,clean_breaks,stable,north,483,21,0.28608941549314476,0.5938840039362174,0.5962430870893327,0.9960434205373658,-0.05403237057167119,1.3225690163956825,0.15320910973084886,1.0,0.2111801242236025,0.2005282835961494,2.1492296346963156,autumn_internationals,2022,mixed
v1,autumn_internationals_2022,clean_breaks,stable,south,483,20,0.2736972463674803,0.5397705093937424,0.5619696272282293,0.9604976554623097,-0.019970788702864183,0.9987566912901568,0.15942028985507245,1.0,0.19254658385093168,0.21278192617590758,1.8896957681991002,autumn_internationals,2022,mixed
v1,autumn_internationals_2022,clean_breaks,stable,position:Back-row,168,22,0.24521381410559828,0.533805224713949,0.5440887160238617,0.9810996056211876,0.06693542731904309,0.3112426027110967,0.1130952380952381,1.0,0.11904761904761904,0.1674327077162627,0.6650344158478865,autumn_internationals,2022,mixed
v1,autumn_internationals_2022,clean_breaks,stable,position:Back-three,168,22,0.6516773473503055,1.1274795568975247,1.1531923512536812,0.9777029440680879,0.033434724352699605,1.1613347633271651,0.4166666666666667,1.0,0.6369047619047619,0.519634868952989,1.3774874126330876,autumn_internationals,2022,mixed
v1,autumn_internationals_2022,clean_breaks,stable,position:Centre,84,22,0.4366984586106993,0.8094444864965233,0.8983367946567183,0.9010479046512133,-0.045918093338311185,0.8447617952563451,0.2261904761904762,1.0,0.2619047619047619,0.36439012390429354,0.6661190972214813,autumn_internationals,2022,mixed
v1,autumn_internationals_2022,clean_breaks,stable,position:Fly-half,84,22,0.29555514659991516,0.5591121618738649,0.5549261611143601,1.007543347300655,0.016525739836175068,0.8614771345993435,0.20238095238095238,1.0,0.20238095238095238,0.2157401573185283,0.530263735217397,autumn_internationals,2022,mixed
v1,autumn_internationals_2022,clean_breaks,stable,position:Hooker,84,22,0.15515199494171514,0.4773878779439471,0.4650101139794032,1.0266182682751115,0.11225067252370219,-0.35497939247356636,0.07142857142857142,1.0,0.08333333333333333,0.08146202231309016,0.28833169439659584,autumn_internationals,2022,mixed
v1,autumn_internationals_2022,clean_breaks,stable,position:Prop,168,22,0.0525543741948023,0.12108541771611597,0.12615637180417613,0.9598042174521993,0.008075131254160222,-0.04511076658332657,0.005952380952380952,1.0,0.005952380952380952,0.0470564005570205,0.20393308072585775,autumn_internationals,2022,mixed
v1,autumn_internationals_2022,clean_breaks,stable,position:Scrum-half,84,22,0.30432287954690407,0.7708967209981559,0.7384901187505661,1.0438822421922418,0.20685340555426654,-0.028219448603920505,0.17857142857142858,1.0,0.20238095238095238,0.15848832612174796,0.5251545121333048,autumn_internationals,2022,mixed
v1,autumn_internationals_2022,clean_breaks,stable,position:Second-row,126,22,0.08543583646529909,0.22462120378639852,0.23739002710766405,0.9462116270138238,-0.018777746595930893,0.8591980343835561,0.031746031746031744,1.0,0.031746031746031744,0.058803414719415206,0.2359448470952008,autumn_internationals,2022,mixed
v1,autumn_internationals_2022,offload,stable,all,966,22,0.4169269579701642,0.7922530509128065,0.8125087501254853,0.9750701771401841,-0.08104372016196165,1.1203072623163317,0.2080745341614907,1.0,0.2867494824016563,0.3282967226358721,2.7869798726133594,autumn_internationals,2022,mixed
v1,autumn_internationals_2022,offload,stable,starter,627,22,0.517343902642541,0.9532829311834852,0.9970895415324504,0.9560655201722026,-0.07362920563599742,1.1212408962097864,0.2743221690590112,1.0,0.39074960127591707,0.41416506344148546,2.3598332717445083,autumn_internationals,2022,mixed
v1,autumn_internationals_2022,offload,stable,bench,339,22,0.2312000426026708,0.49441902457146225,0.47111595893915154,1.0494635454183807,0.0184813566543264,0.4479271352777222,0.0855457227138643,1.0,0.0943952802359882,0.16947828698655185,0.9069489856098805,autumn_internationals,2022,mixed
v1,autumn_internationals_2022,offload,stable,zero_minute,21,11,0.20329302119198417,0.41430076106898717,0.36646959717461475,1.130518777718911,0.037571267032390325,0.05819677541087662,0.047619047619047616,1.0,0.047619047619047616,0.17265184395043695,0.30493953178797634,autumn_internationals,2022,mixed
v1,autumn_internationals_2022,offload,stable,low_history,77,21,0.3663367240463221,0.8096804787356326,0.8218618971851678,0.9851782659699204,0.155169833217923,0.4021316088744024,0.19480519480519481,1.0,0.24675324675324675,0.22774487633954668,0.48850679192559604,autumn_internationals,2022,mixed
v1,autumn_internationals_2022,offload,stable,north,483,21,0.4131693426213449,0.7713408760355477,0.786035365559223,0.9813055618518882,-0.09149333960423901,1.1031307102958567,0.20910973084886128,1.0,0.2815734989648033,0.3381891511922343,2.7262179106477733,autumn_internationals,2022,mixed
v1,autumn_internationals_2022,offload,stable,south,483,20,0.42068457331898357,0.8131652257900652,0.8389821346917478,0.9692282972018612,-0.0724564545006228,1.1444001450813999,0.2070393374741201,1.0,0.2919254658385093,0.31840429407951,2.847741834578945,autumn_internationals,2022,mixed
v1,autumn_internationals_2022,offload,stable,position:Back-row,168,22,0.4465431424375975,0.8291259632654324,0.8182499962664289,1.0132917409699105,-0.027150968611766597,0.7213772776554532,0.20833333333333334,1.0,0.2619047619047619,0.40069979949463885,1.1397829456135025,autumn_internationals,2022,mixed
v1,autumn_internationals_2022,offload,stable,position:Back-three,168,22,0.6738354430177073,1.2175675555627155,1.2360963303352477,0.9850102501578442,0.16729281900939522,0.866080957733246,0.36904761904761907,1.0,0.5833333333333334,0.48037139092957526,1.3407582775643259,autumn_internationals,2022,mixed
v1,autumn_internationals_2022,offload,stable,position:Centre,84,22,0.5997552292277974,1.0566737504130888,1.1572549341319165,0.9130864075388229,-0.16186882288980164,1.24634633774213,0.34523809523809523,1.0,0.4880952380952381,0.5214955436564356,0.7486808475506417,autumn_internationals,2022,mixed
v1,autumn_internationals_2022,offload,stable,position:Fly-half,84,22,0.46726186975757245,0.9047540644165928,0.9328727057451849,0.9698580083269445,-0.3956461599074362,1.8934208413834837,0.20238095238095238,1.0,0.3333333333333333,0.38500658559780065,0.7714704248383044,autumn_internationals,2022,mixed
v1,autumn_internationals_2022,offload,stable,position:Hooker,84,22,0.23385764169057568,0.47003756193416574,0.48851851433491966,0.962169392032328,-0.01408776845659888,0.5177374017921831,0.08333333333333333,1.0,0.08333333333333333,0.18816701565832888,0.4155033115642245,autumn_internationals,2022,mixed
v1,autumn_internationals_2022,offload,stable,position:Prop,168,22,0.21050146125285538,0.4606626192959048,0.44257524697537287,1.0408684680043536,0.04786697526322978,0.27033257352281276,0.08333333333333333,1.0,0.08928571428571429,0.15321401517671443,0.5652791878957523,autumn_internationals,2022,mixed
v1,autumn_internationals_2022,offload,stable,position:Scrum-half,84,22,0.3692106370603988,0.6615459988325108,0.7425205037921022,0.8909464391272036,-0.4269888388357478,2.213354998652463,0.21428571428571427,1.0,0.2619047619047619,0.31124406214092293,0.5921728538611009,autumn_internationals,2022,mixed
v1,autumn_internationals_2022,offload,stable,position:Second-row,126,22,0.30854303033614927,0.6687909557685405,0.6858938808565728,0.975064765023602,0.050521528718572434,0.6184935957902441,0.15079365079365079,1.0,0.1746031746031746,0.20061912803812312,0.6472968912141265,autumn_internationals,2022,mixed
v1,autumn_internationals_2022,runs,stable,all,966,22,2.0811039670271754,1.6935837056521832,1.8382117155840434,0.9213213534079188,-0.3389650203859703,0.9927198067840438,0.9057971014492754,1.0,4.405797101449275,4.77955822923096,20.40303078346783,autumn_internationals,2022,mixed
v1,autumn_internationals_2022,runs,stable,starter,627,22,2.352122278379805,1.585815788849667,1.803002313241711,0.8795417383566452,0.33870132584391527,0.8950309207050775,0.988835725677831,1.0,5.690590111642743,5.979557423091907,15.69523403324661,autumn_internationals,2022,mixed
v1,autumn_internationals_2022,runs,stable,bench,339,22,1.579840010631604,1.8929066668178984,1.903333530535791,0.9945217884566152,-0.5941698631576293,1.0248341571278798,0.7522123893805309,1.0,2.0294985250737465,2.5600906936828336,6.4709665435809445,autumn_internationals,2022,mixed
v1,autumn_internationals_2022,runs,stable,zero_minute,21,11,2.271377051038638,3.8528514620825085,3.7663215557729406,1.0229746464894738,-3.1208586266090097,1.7812371290071416,0.23809523809523808,1.0,1.0476190476190477,2.340214902522023,2.95029204315149,autumn_internationals,2022,mixed
v1,autumn_internationals_2022,runs,stable,low_history,77,21,1.891372344243311,1.942725752577586,1.8856389106564868,1.0302745353834601,0.045220008507693595,0.9268842318773713,0.8051948051948052,1.0,3.4025974025974026,3.6222186963839698,2.911657473934986,autumn_internationals,2022,mixed
v1,autumn_internationals_2022,runs,stable,north,483,21,2.107574408098952,1.7099051463389472,1.8343578992913672,0.9321545958940197,-0.40864798974793565,0.9848995452608813,0.9047619047619048,1.0,4.416149068322981,4.898770723660878,20.58045485157765,autumn_internationals,2022,mixed
v1,autumn_internationals_2022,runs,stable,south,483,20,2.054633525955399,1.6772622649654187,1.84206553187672,0.9105334397395745,-0.2986900325469599,1.007250413219167,0.906832298136646,1.0,4.395445134575569,4.660345734801041,20.225606715358012,autumn_internationals,2022,mixed
v1,autumn_internationals_2022,runs,stable,position:Back-row,168,22,2.4208055672164797,1.6455615816054794,2.0608883757856478,0.7984719604127816,-0.7314986741047899,1.0273563408943291,0.9642857142857143,1.0,5.779761904761905,6.337879389733992,6.339265626861662,autumn_internationals,2022,mixed
v1,autumn_internationals_2022,runs,stable,position:Back-three,168,22,2.4856238445102625,1.8048622938215952,1.8411620890731757,0.980284302252903,0.582673932889327,0.8980170454435891,0.9464285714285714,1.0,5.886904761904762,5.90660372865788,5.177669193852393,autumn_internationals,2022,mixed
v1,autumn_internationals_2022,runs,stable,position:Centre,84,22,2.243976950958647,1.5290586127575043,1.8273035396836872,0.8367841355039404,-1.0504189180305492,1.1002954346334604,0.9880952380952381,1.0,5.904761904761905,6.3211939301642435,2.9903199690451356,autumn_internationals,2022,mixed
v1,autumn_internationals_2022,runs,stable,position:Fly-half,84,22,1.9008304660926232,1.9191804686428886,2.0562764655173194,0.9333280328917541,-1.1421082999816836,1.206451456559625,0.7976190476190477,1.0,3.261904761904762,3.6503856313001934,2.7396174857223476,autumn_internationals,2022,mixed
v1,autumn_internationals_2022,runs,stable,position:Hooker,84,22,2.1301430684649456,1.9964633659658686,1.9907663344048754,1.0028617278997218,-0.10800125942282385,0.8409271127263446,0.8809523809523809,1.0,3.488095238095238,4.276347430230031,3.5015905012976987,autumn_internationals,2022,mixed
v1,autumn_internationals_2022,runs,stable,position:Prop,168,22,1.7418708292905254,1.6221093311341446,1.6184990774269594,1.0022306183287573,0.360080402961073,0.8186315008441938,0.8690476190476191,1.0,3.2261904761904763,3.501099176215179,3.8762694280097025,autumn_internationals,2022,mixed
v1,autumn_internationals_2022,runs,stable,position:Scrum-half,84,22,1.4460476749718982,1.4597475540342832,1.6238331466104494,0.8989516916078019,-0.1906195148969678,0.8908057139991237,0.8333333333333334,1.0,2.1666666666666665,2.6462405264342004,1.887172265802461,autumn_internationals,2022,mixed
v1,autumn_internationals_2022,runs,stable,position:Second-row,126,22,1.9433979855265795,1.617797466984749,1.7334374389524034,0.9332886383038196,-0.885308057280957,1.1227886038591386,0.9047619047619048,1.0,4.0396825396825395,4.386391685875507,3.758744609978347,autumn_internationals,2022,mixed
v1,autumn_internationals_2022,tackles,stable,all,966,22,2.4844882517114915,2.050984429113217,2.101324250198993,0.9760437633168662,-0.6231367491202023,1.1544234378638445,0.9026915113871635,1.0,5.504140786749482,5.307651711583104,29.085910133612504,autumn_internationals,2022,mixed
v1,autumn_internationals_2022,tackles,stable,starter,627,22,2.7973088398974397,1.951610939845698,2.0263205806269515,0.9631303943238152,-0.4654260158701267,1.1377413288880993,0.9665071770334929,1.0,7.003189792663477,6.5644234053030255,24.674830109113707,autumn_internationals,2022,mixed
v1,autumn_internationals_2022,tackles,stable,bench,339,22,1.9059085797569502,2.234781413687656,2.2400478514428577,0.9976489619398936,-0.18184616735621847,0.9766120117907093,0.7846607669616519,1.0,2.7315634218289087,2.983180171871037,7.7899054991674,autumn_internationals,2022,mixed
v1,autumn_internationals_2022,tackles,stable,zero_minute,21,11,2.337833757983779,4.1294245148098065,3.878447349880888,1.064710731457171,0.28027529540656654,0.20527194271131854,0.2857142857142857,1.0,0.8095238095238095,2.578279852213141,3.261739744680027,autumn_internationals,2022,mixed
v1,autumn_internationals_2022,tackles,stable,low_history,77,21,2.490810439081155,2.6323692314788447,2.4159923034106665,1.0895602720930517,-1.1757505859767299,1.374321196748457,0.8051948051948052,1.0,4.259740259740259,3.9550367545643357,3.849929735927824,autumn_internationals,2022,mixed
v1,autumn_internationals_2022,tackles,stable,north,483,21,2.58555895447628,2.1462067216502034,2.2206933532244015,0.9664579391539831,-0.6642923331831316,1.157878893579188,0.8985507246376812,1.0,5.494824016563147,5.319309630653575,34.04735911823122,autumn_internationals,2022,mixed
v1,autumn_internationals_2022,tackles,stable,south,483,20,2.3834175489467033,1.9557621365762308,1.981955147173585,0.9867842566292646,-0.5821599528516108,1.1509865284217826,0.906832298136646,1.0,5.513457556935818,5.295993792512633,24.124461148993788,autumn_internationals,2022,mixed
v1,autumn_internationals_2022,tackles,stable,position:Back-row,168,22,3.4050765246101626,2.64733739798623,2.847919075773664,0.92956903884885,-0.14692760473514385,1.1022866832132334,0.9464285714285714,1.0,8.779761904761905,8.098337433847243,9.647997201120745,autumn_internationals,2022,mixed
v1,autumn_internationals_2022,tackles,stable,position:Back-three,168,22,1.766507060059951,1.8647972709758582,1.9437173319183196,0.9593973569888515,0.5600546431005868,0.8101524622272457,0.8392857142857143,1.0,2.982142857142857,2.9896696325325482,3.999208248784882,autumn_internationals,2022,mixed
v1,autumn_internationals_2022,tackles,stable,position:Centre,84,22,2.646679454267592,2.069175772026815,1.9390761886046382,1.0670935903327226,8.220264354130446,-0.33019475295083556,0.9404761904761905,1.0,6.238095238095238,6.0030303277724935,4.300409780466443,autumn_internationals,2022,mixed
v1,autumn_internationals_2022,tackles,stable,position:Fly-half,84,22,1.9286318543140604,1.8625716169472897,1.8872029037842648,0.9869482572395454,-0.7403151902573936,1.173835263882786,0.7857142857142857,1.0,3.3095238095238093,3.450091443313125,2.3170824714023857,autumn_internationals,2022,mixed
v1,autumn_internationals_2022,tackles,stable,position:Hooker,84,22,2.544224137687276,1.885778115672589,2.075186099205329,0.9087272300034818,-2.505385108288314,1.4994926989113917,0.9404761904761905,1.0,5.833333333333333,5.561026370902256,3.3308230539380737,autumn_internationals,2022,mixed
v1,autumn_internationals_2022,tackles,stable,position:Prop,168,22,2.5728151486987043,2.141989310992077,2.1189078885683443,1.0108930749412273,-1.1480918372665354,1.2438250145675318,0.9285714285714286,1.0,5.2023809523809526,5.105599835404094,6.504764641636128,autumn_internationals,2022,mixed
v1,autumn_internationals_2022,tackles,stable,position:Scrum-half,84,22,1.711367000434145,1.7388034090120719,1.8615139473824163,0.9340802476699706,-0.42420528393959406,1.0122853855114662,0.8095238095238095,1.0,2.9642857142857144,3.347367300490306,2.19345486202928,autumn_internationals,2022,mixed
v1,autumn_internationals_2022,tackles,stable,position:Second-row,126,22,2.8346099874942974,1.8144960408232687,1.7207740971940813,1.0544649897868708,-0.4509731572990414,1.137133581713471,0.9841269841269841,1.0,7.349206349206349,6.859510291439832,5.565137048806774,autumn_internationals,2022,mixed
v1,autumn_internationals_2022,missed_tackles,stable,all,966,22,0.7899341851554971,1.2293363450984953,1.2489570465513984,0.9842903312751392,0.03778491929551337,1.0513741533911931,0.5279503105590062,1.0,0.8964803312629399,0.8167362771832622,6.407880981758784,autumn_internationals,2022,mixed
v1,autumn_internationals_2022,missed_tackles,stable,starter,627,22,0.9134423434018933,1.3505440312021608,1.3813977975650416,0.9776648215182723,0.2171874814132881,0.8976840958795027,0.631578947368421,1.0,1.1499202551834131,1.0390434430681146,5.632483778316385,autumn_internationals,2022,mixed
v1,autumn_internationals_2022,missed_tackles,stable,bench,339,22,0.5614987420272068,1.0051557575262295,1.004000259278377,1.0011508943719627,0.4395885006188084,-0.029242776152426157,0.336283185840708,1.0,0.4277286135693215,0.4055663862988893,1.7097105943579372,autumn_internationals,2022,mixed
v1,autumn_internationals_2022,missed_tackles,stable,zero_minute,21,11,0.4718204945132225,0.8744828409917496,0.8804770763923335,0.9931920596670787,-1.0724584043206074,3.146867752291125,0.14285714285714285,1.0,0.19047619047619047,0.40133068632366226,0.5930750867019893,autumn_internationals,2022,mixed
v1,autumn_internationals_2022,missed_tackles,stable,low_history,77,21,0.6984727514322465,1.1486786197706107,1.159528189834792,0.9906431166061369,-0.23402558784158917,1.2640613135509733,0.3116883116883117,1.0,0.5714285714285714,0.6371954830319873,0.8940708950502124,autumn_internationals,2022,mixed
v1,autumn_internationals_2022,missed_tackles,stable,north,483,21,0.7214479370168042,1.1430576721904186,1.1703651596066427,0.976667549275474,0.09562321224638161,0.8325534983792849,0.4989648033126294,1.0,0.7660455486542443,0.8052603679078411,5.337903345927295,autumn_internationals,2022,mixed
v1,autumn_internationals_2022,missed_tackles,stable,south,483,20,0.85842043329419,1.315615018006572,1.3275489334961543,0.9910105645159506,-0.007710736743055617,1.2492279967994715,0.556935817805383,1.0,1.0269151138716357,0.8282121864586833,7.4778586175902735,autumn_internationals,2022,mixed
v1,autumn_internationals_2022,missed_tackles,stable,position:Back-row,168,22,0.8328049489007041,1.2661865865280044,1.3154672707488342,0.9625375063928603,-0.04209046258406656,1.2040747363629312,0.5654761904761905,1.0,1.005952380952381,0.870413448505864,1.835912294514183,autumn_internationals,2022,mixed
v1,autumn_internationals_2022,missed_tackles,stable,position:Back-three,168,22,0.8377318027897763,1.275972716303576,1.2749377368868298,1.0008117882048682,0.28289648077426555,0.8548408462267066,0.5952380952380952,1.0,1.0416666666666667,0.8876157348372343,2.0718521306462825,autumn_internationals,2022,mixed
v1,autumn_internationals_2022,missed_tackles,stable,position:Centre,84,22,1.0530665194502074,1.374701060066918,1.3531379095819913,1.015935663565577,1.1702481255194692,0.2515433800279692,0.75,1.0,1.4880952380952381,1.2635876664312438,1.6842562217624242,autumn_internationals,2022,mixed
v1,autumn_internationals_2022,missed_tackles,stable,position:Fly-half,84,22,0.8757425017305187,1.3350272646762993,1.3688143396284307,0.9753165393041521,-0.14483666918807475,1.2341775613444859,0.4523809523809524,1.0,0.9047619047619048,0.8504437342116069,1.495182481399908,autumn_internationals,2022,mixed
v1,autumn_internationals_2022,missed_tackles,stable,position:Hooker,84,22,0.6114258436261968,0.916512689862066,0.9806574310336762,0.9345900626032094,-0.3825381944854372,1.7461244132665643,0.5357142857142857,1.0,0.75,0.6486010881474018,0.7745336251234933,autumn_internationals,2022,mixed
v1,autumn_internationals_2022,missed_tackles,stable,position:Prop,168,22,0.6905831264355008,1.193145354018721,1.2348427366619938,0.9662326372376869,-0.15083994604036682,1.3133357027642167,0.4226190476190476,1.0,0.6547619047619048,0.6134013178098316,1.6662441778639068,autumn_internationals,2022,mixed
v1,autumn_internationals_2022,missed_tackles,stable,position:Scrum-half,84,22,0.8428578855256601,1.47462695554487,1.4029588746063404,1.0510835222868804,0.4286918225977427,0.4400956677417407,0.47619047619047616,1.0,0.7857142857142857,0.8112383040454134,1.156755483625582,autumn_internationals,2022,mixed
v1,autumn_internationals_2022,missed_tackles,stable,position:Second-row,126,22,0.6526070818024479,1.0439271231879619,1.0712946612635517,0.9744537716231024,0.08045907226980288,0.7952716567451038,0.4603174603174603,1.0,0.6507936507936508,0.7171569283106599,1.05431908010899,autumn_internationals,2022,mixed
v1,autumn_internationals_2022,rucks_won,stable,all,966,22,1.6931097717028651,1.5675615164457415,2.3857562879702265,0.657050145628833,-0.1690586784615878,0.979895762232183,0.8478260869565217,1.0,3.2660455486542443,3.505581266410149,16.517161730772667,autumn_internationals,2022,mixed
v1,autumn_internationals_2022,rucks_won,stable,starter,627,22,1.9310609978127582,1.5187019565388782,2.6083638173015875,0.5822431466289892,0.252904576676201,0.9012928674748628,0.9457735247208932,1.0,4.185007974481659,4.362736619476382,13.423757078544218,autumn_internationals,2022,mixed
v1,autumn_internationals_2022,rucks_won,stable,bench,339,22,1.2530052915527083,1.6579300829991437,1.9740308576139929,0.8398703984815519,-0.24431094204632336,0.942954279620243,0.6666666666666666,1.0,1.5663716814159292,1.9202231355177373,5.2748850916048,autumn_internationals,2022,mixed
v1,autumn_internationals_2022,rucks_won,stable,zero_minute,21,11,1.4668927823575448,2.4314482913654007,2.254266861380326,1.078598249843669,-1.0904121095600792,1.1710512760901775,0.23809523809523808,1.0,0.7619047619047619,1.5817555638120513,1.9065260256228718,autumn_internationals,2022,mixed
v1,autumn_internationals_2022,rucks_won,stable,low_history,77,21,1.4841586911038132,1.6904394674420122,2.4142224213322803,0.7002003843991926,0.23815624837564664,0.9643482000254323,0.7792207792207793,1.0,2.5974025974025974,2.446467312288996,2.554591208664833,autumn_internationals,2022,mixed
v1,autumn_internationals_2022,rucks_won,stable,north,483,21,1.7008864933714085,1.6053993553223664,2.3178969977930346,0.692610308763044,-0.25001930136063905,0.954653546317563,0.84472049689441,1.0,3.209109730848861,3.623439147691418,15.57478503454981,autumn_internationals,2022,mixed
v1,autumn_internationals_2022,rucks_won,stable,south,483,20,1.685333050034321,1.5297236775691165,2.4536155781474185,0.623456947043074,-0.15540624505024123,1.0267625824407554,0.8509316770186336,1.0,3.3229813664596275,3.38772338512888,17.459538426995522,autumn_internationals,2022,mixed
v1,autumn_internationals_2022,rucks_won,stable,position:Back-row,168,22,2.137238504211163,1.6705520543872072,3.071758512154078,0.5438422479427684,-0.6964627704397833,1.0732072340175849,0.9404761904761905,1.0,4.708333333333333,5.0361159825023645,5.28835116482732,autumn_internationals,2022,mixed
v1,autumn_internationals_2022,rucks_won,stable,position:Back-three,168,22,1.8820140665490857,1.6887916504840808,2.4276625697245415,0.6956451327070969,0.8870108049710739,0.7331869891592225,0.9047619047619048,1.0,3.6785714285714284,3.807433389948121,3.69900900296704,autumn_internationals,2022,mixed
v1,autumn_internationals_2022,rucks_won,stable,position:Centre,84,22,1.8256481758333796,1.25757941470014,1.9515949888611206,0.6443854497874159,0.5206445618989463,0.8154606388976803,1.0,1.0,4.059523809523809,4.339730305571381,2.3394410102755643,autumn_internationals,2022,mixed
v1,autumn_internationals_2022,rucks_won,stable,position:Fly-half,84,22,1.314326395651373,1.623578699416235,2.065049444665225,0.7862178329969435,-0.6419201758614713,1.1512870085573914,0.6190476190476191,1.0,1.6666666666666667,2.005222698917526,1.7742278495717785,autumn_internationals,2022,mixed
v1,autumn_internationals_2022,rucks_won,stable,position:Hooker,84,22,1.6437038234867465,1.6695043234561784,2.3930709659033056,0.6976409589366254,-0.19650150862856924,0.9334294419140263,0.8452380952380952,1.0,3.0357142857142856,3.462731781542154,2.7230988568266445,autumn_internationals,2022,mixed
v1,autumn_internationals_2022,rucks_won,stable,position:Prop,168,22,1.5967482512558482,1.5170539122357287,2.521855253652381,0.6015626432320383,0.1375439248833383,0.9273565739777682,0.8571428571428571,1.0,2.9166666666666665,2.9968221715005092,3.711467185614066,autumn_internationals,2022,mixed
v1,autumn_internationals_2022,rucks_won,stable,position:Scrum-half,84,22,1.0051723608936047,1.5329258823948337,1.5135873369498907,1.0127766300449588,0.31634089021227546,0.5080114764622272,0.5595238095238095,1.0,1.0119047619047619,1.3691892878805956,1.5813738869948804,autumn_internationals,2022,mixed
v1,autumn_internationals_2022,rucks_won,stable,position:Second-row,126,22,1.6332733164570987,1.4603825899630714,2.313561269477376,0.6312271082809775,-0.4714683934734718,1.0786587217320678,0.8809523809523809,1.0,3.4523809523809526,3.6377116012687143,3.0133210280928044,autumn_internationals,2022,mixed
v1,autumn_internationals_2022,rucks_lost,stable,all,966,22,0.2728036920850575,0.5812287791312338,0.5984312207140821,0.9712541040851423,-0.008387790210573638,0.9069704967950352,0.13871635610766045,1.0,0.15527950310559005,0.18045492537465696,1.3558178456444647,autumn_internationals,2022,mixed
v1,autumn_internationals_2022,rucks_lost,stable,starter,627,22,0.3426010284441774,0.6976524915731935,0.7302773921084026,0.9553253313223666,0.0422776302524457,0.7283260396729145,0.1850079744816587,1.0,0.20733652312599682,0.22662775169713528,1.2715275878619954,autumn_internationals,2022,mixed
v1,autumn_internationals_2022,rucks_lost,stable,bench,339,22,0.1437095035978357,0.365896426030618,0.3545741426484801,1.0319320616488459,0.04493240497363552,0.14796225745054473,0.05309734513274336,1.0,0.058997050147492625,0.09505562713219705,0.6545016293175298,autumn_internationals,2022,mixed
v1,autumn_internationals_2022,rucks_lost,stable,zero_minute,21,11,0.13520891795054643,0.31960166243258625,0.28655022677086894,1.1153425562916963,0.043965135160755155,0.037688385775619844,0.047619047619047616,1.0,0.047619047619047616,0.09695062240251644,0.20281337692581963,autumn_internationals,2022,mixed
v1,autumn_internationals_2022,rucks_lost,stable,low_history,77,21,0.2153075478326516,0.46334293104562185,0.48513919834310654,0.9550721372918837,-0.12397663843494588,1.897982276044757,0.11688311688311688,1.0,0.12987012987012986,0.13374559473446293,0.2635994276094615,autumn_internationals,2022,mixed
v1,autumn_internationals_2022,rucks_lost,stable,north,483,21,0.26575637832412974,0.569060678673604,0.5863087233341397,0.9705819750344973,-0.05491601536272977,1.153149737267456,0.13043478260869565,1.0,0.14906832298136646,0.17689319240315196,1.3915752957203065,autumn_internationals,2022,mixed
v1,autumn_internationals_2022,rucks_lost,stable,south,483,20,0.2798510058459852,0.5933968795888637,0.6105537180940244,0.97189954299399,0.03111359691641978,0.7085069769506179,0.14699792960662525,1.0,0.16149068322981366,0.18401665834616193,1.320060395568623,autumn_internationals,2022,mixed
v1,autumn_internationals_2022,rucks_lost,stable,position:Back-row,168,22,0.31468939955709496,0.649924430297841,0.6701535517058888,0.9698141995121056,0.03227211289855379,0.7065446281114058,0.16666666666666666,1.0,0.18452380952380953,0.2154877279758318,0.6392511358879804,autumn_internationals,2022,mixed
v1,autumn_internationals_2022,rucks_lost,stable,position:Back-three,168,22,0.37877216746103026,0.7984226435302558,0.8852947055412844,0.9018721545861799,0.12450565679485275,0.6336836711556763,0.23214285714285715,1.0,0.26785714285714285,0.2262193150738033,0.7800942326160444,autumn_internationals,2022,mixed
v1,autumn_internationals_2022,rucks_lost,stable,position:Centre,84,22,0.3530031466768606,0.7152169669160219,0.7020752672655465,1.0187183629209158,0.14094844018300381,0.19978215878904854,0.16666666666666666,1.0,0.19047619047619047,0.24790877520491433,0.5837230575327894,autumn_internationals,2022,mixed
v1,autumn_internationals_2022,rucks_lost,stable,position:Fly-half,84,22,0.1845128826726387,0.3698380101042888,0.31680316032064293,1.167406315423016,-0.07282910472433585,0.8841634776481773,0.05952380952380952,1.0,0.05952380952380952,0.14969280861973205,0.33753049199056334,autumn_internationals,2022,mixed
v1,autumn_internationals_2022,rucks_lost,stable,position:Hooker,84,22,0.2445206872644301,0.5262122524847327,0.570240004642331,0.9227908392971944,-0.12848953572448424,1.9505536369729535,0.15476190476190477,1.0,0.15476190476190477,0.14521591978673515,0.4176414901640765,autumn_internationals,2022,mixed
v1,autumn_internationals_2022,rucks_lost,stable,position:Prop,168,22,0.1914710923168404,0.4450659670766844,0.4196109179016532,1.060663457715362,0.027894482620031885,0.42734316859398364,0.07738095238095238,1.0,0.08333333333333333,0.1297291141817072,0.5298091243842927,autumn_internationals,2022,mixed
v1,autumn_internationals_2022,rucks_lost,stable,position:Scrum-half,84,22,0.17484704162903655,0.4045012306645024,0.4075014344749944,0.992637562578504,-0.10737040262446783,1.378243153539223,0.05952380952380952,1.0,0.07142857142857142,0.12972962977824135,0.3267075844048148,autumn_internationals,2022,mixed
v1,autumn_internationals_2022,rucks_lost,stable,position:Second-row,126,22,0.27366225471017597,0.5876909453533873,0.6234805474738498,0.9425970829956589,-0.057371715192172754,1.2476427913082653,0.1349206349206349,1.0,0.15873015873015872,0.1732081293041651,0.563300416287599,autumn_internationals,2022,mixed
v1,autumn_internationals_2022,passes,stable,all,966,22,2.864015767699286,2.7023423827267607,3.304964896991924,0.8176614478375697,-0.09676264863935341,0.9700966950809522,0.7867494824016563,1.0,5.872670807453416,6.153441699535563,26.64158558542219,autumn_internationals,2022,mixed
v1,autumn_internationals_2022,passes,stable,starter,627,22,2.9692093909860717,2.292915341215719,2.7676090709067633,0.828482376835281,-0.10397690271728928,0.9725582350510147,0.8931419457735247,1.0,7.188197767145136,7.497931133635323,23.13573397392867,autumn_internationals,2022,mixed
v1,autumn_internationals_2022,passes,stable,bench,339,22,2.669454110469745,3.4596012471144393,4.29883540718483,0.8047763916088198,-0.0379339917296456,0.9483820520131476,0.5899705014749262,1.0,3.43952802359882,3.666731153280258,14.346641906077231,autumn_internationals,2022,mixed
v1,autumn_internationals_2022,passes,stable,zero_minute,21,11,6.663329773354477,13.325961388765794,11.631814869807451,1.1456476515419634,2.073849325517918,-0.1016578499825184,0.19047619047619047,1.0,1.4761904761904763,5.879121478864819,9.470674547139437,autumn_internationals,2022,mixed
v1,autumn_internationals_2022,passes,stable,low_history,77,21,3.0115107677968904,4.084057421483543,4.032995334065672,1.0126610826912104,1.259260806241304,0.6317946914703739,0.6753246753246753,1.0,4.116883116883117,4.523023617041286,5.026999155977123,autumn_internationals,2022,mixed
v1,autumn_internationals_2022,passes,stable,north,483,21,2.8299485994068885,2.652065393872001,3.312559987255622,0.8006090166141188,-0.02919679519825336,0.9578988108405535,0.7950310559006211,1.0,5.925465838509317,6.216379607447646,20.47124584908323,autumn_internationals,2022,mixed
v1,autumn_internationals_2022,passes,stable,south,483,20,2.8980829359916846,2.75261937158152,3.297369806728226,0.834792435463213,-0.16658021892627722,0.9829163892085925,0.7784679089026915,1.0,5.819875776397516,6.09050379162348,32.81192532176115,autumn_internationals,2022,mixed
v1,autumn_internationals_2022,passes,stable,position:Back-row,168,22,1.8842511021977346,1.847561472260776,2.0595392953826037,0.897075125686083,-0.6618476008505837,1.0979160328206883,0.8392857142857143,1.0,3.2797619047619047,3.590082836741153,4.820823190159532,autumn_internationals,2022,mixed
v1,autumn_internationals_2022,passes,stable,position:Back-three,168,22,2.0895682177187176,2.2300673679124516,3.00923909867565,0.741073505556236,-0.36264372157655744,1.177648341086881,0.8452380952380952,1.0,3.6964285714285716,3.4467609314160033,5.014363819403984,autumn_internationals,2022,mixed
v1,autumn_internationals_2022,passes,stable,position:Centre,84,22,2.653533081834136,2.2318363605876836,3.2270040960439608,0.6916124969669948,-2.9819577020416315,1.6117265388301623,0.9404761904761905,1.0,4.928571428571429,4.9081087517208415,3.490583472261854,autumn_internationals,2022,mixed
v1,autumn_internationals_2022,passes,stable,position:Fly-half,84,22,5.350703311035612,5.380566748676153,6.849814988835752,0.7855054125470148,0.5911801224422049,0.8824515597949667,0.8452380952380952,1.0,9.94047619047619,10.594684732843858,7.288877586678823,autumn_internationals,2022,mixed
v1,autumn_internationals_2022,passes,stable,position:Hooker,84,22,1.4405599197867278,2.0654166383487924,1.980719173578435,1.0427609657644399,0.4747954513799286,0.5833550882239364,0.6428571428571429,1.0,1.5,1.7574279702288618,1.9371825839525434,autumn_internationals,2022,mixed
v1,autumn_internationals_2022,passes,stable,position:Prop,168,22,1.039306898923713,1.493751361260981,1.5031379583396236,0.9937553322856598,-0.0967850961840363,0.8186620011584592,0.5773809523809523,1.0,1.0833333333333333,1.4415209547376415,2.5101751775972607,autumn_internationals,2022,mixed
v1,autumn_internationals_2022,passes,stable,position:Scrum-half,84,22,10.936646871392002,7.615152579667003,9.947366628556486,0.7655445771754045,-1.0397731551954787,0.9929780672633366,0.9166666666666666,1.0,30.833333333333332,32.09849999645168,12.271669078412195,autumn_internationals,2022,mixed
v1,autumn_internationals_2022,passes,stable,position:Second-row,126,22,1.6856571378753222,1.7608031141397968,1.9055724823978235,0.924028411621551,-0.33997167460340005,1.0618356088025427,0.7857142857142857,1.0,2.8095238095238093,2.9660857650827612,3.0287927311759497,autumn_internationals,2022,mixed
v1,autumn_internationals_2022,bad_passes,stable,all,966,22,0.4544860546683734,0.801445835759697,0.8043582523176696,0.9963792047267734,-0.047286951413721856,0.9106274321336094,0.2484472049689441,1.0,0.34368530020703936,0.4293438104590255,2.802538976200404,autumn_internationals,2022,mixed
v1,autumn_internationals_2022,bad_passes,stable,starter,627,22,0.5406723537990266,0.9111342833137055,0.9069495744836737,1.0046140479556585,-0.08572140510880234,0.9588551043146697,0.2982456140350877,1.0,0.430622009569378,0.5384999384732175,2.3980817028180614,autumn_internationals,2022,mixed
v1,autumn_internationals_2022,bad_passes,stable,bench,339,22,0.295079536807254,0.5985707424960885,0.6146097007009005,0.9739038316731397,0.01785204828248528,0.7255943391793989,0.15634218289085547,1.0,0.18289085545722714,0.22745327280445765,1.1546127692194905,autumn_internationals,2022,mixed
v1,autumn_internationals_2022,bad_passes,stable,zero_minute,21,11,0.33293642268635887,0.6700797734947384,0.428475154094136,1.563870780118844,0.07749509416345031,-0.09849918846711299,0.047619047619047616,1.0,0.047619047619047616,0.3033126161681804,0.48460909131548846,autumn_internationals,2022,mixed
v1,autumn_internationals_2022,bad_passes,stable,low_history,77,21,0.38085547620488186,0.757347854578918,0.7538423947557382,1.004650122953506,0.011329272335464604,0.9727328185018577,0.2077922077922078,1.0,0.2727272727272727,0.2687253842163948,0.628015166471051,autumn_internationals,2022,mixed
v1,autumn_internationals_2022,bad_passes,stable,north,483,21,0.4364333547463974,0.7684182325491781,0.7567904121675395,1.0153646507602219,-0.04052798214730466,0.8186239879410954,0.2360248447204969,1.0,0.3146997929606625,0.433932770528009,3.339274047803917,autumn_internationals,2022,mixed
v1,autumn_internationals_2022,bad_passes,stable,south,483,20,0.4725387545903495,0.834473438970216,0.8519260924677995,0.9795138878220904,-0.059983236782955314,1.018597065669941,0.2608695652173913,1.0,0.37267080745341613,0.42475485039004196,2.2658039045968916,autumn_internationals,2022,mixed
v1,autumn_internationals_2022,bad_passes,stable,position:Back-row,168,22,0.4335474349166776,0.8235645307557983,0.845271144675545,0.9743199397536766,0.1589415651545212,0.37791837858071775,0.24404761904761904,1.0,0.27976190476190477,0.31969956068590094,0.7986305329599507,autumn_internationals,2022,mixed
v1,autumn_internationals_2022,bad_passes,stable,position:Back-three,168,22,0.47991998555014037,0.8162810246876308,0.8005358719165836,1.0196682663743115,-0.09922594582261171,0.8451376225981299,0.25,1.0,0.2916666666666667,0.46251947852894404,0.9754034636096446,autumn_internationals,2022,mixed
v1,autumn_internationals_2022,bad_passes,stable,position:Centre,84,22,0.6247545185025456,1.0236085599569615,1.0542546180340022,0.9709310658423388,-0.12805221058268781,1.0439232424824132,0.38095238095238093,1.0,0.5,0.6016268103095409,0.8489835511096386,autumn_internationals,2022,mixed
v1,autumn_internationals_2022,bad_passes,stable,position:Fly-half,84,22,0.7421016540671297,1.241692188654076,1.232459806358395,1.0074910210037278,0.28142167832170084,0.6272777241557482,0.5,1.0,0.7738095238095238,0.7849598774618162,1.0248996589571724,autumn_internationals,2022,mixed
v1,autumn_internationals_2022,bad_passes,stable,position:Hooker,84,22,0.24650968432057757,0.5464059473238313,0.45630960382182567,1.1974456438071932,0.11110007635597992,-0.14682923082691796,0.07142857142857142,1.0,0.08333333333333333,0.18910909541832294,0.4335916085556384,autumn_internationals,2022,mixed
v1,autumn_internationals_2022,bad_passes,stable,position:Prop,168,22,0.2033114683197478,0.4368778591962473,0.4089674619996678,1.068246009254893,0.018946298407907517,0.43275718853266176,0.08333333333333333,1.0,0.08333333333333333,0.14878328224596638,0.5449276208247722,autumn_internationals,2022,mixed
v1,autumn_internationals_2022,bad_passes,stable,position:Scrum-half,84,22,0.871239512463757,1.2149668177914112,1.3840127426797548,0.8778581152648687,-0.1688110798943388,1.0350520475887957,0.5119047619047619,1.0,1.0119047619047619,1.1407308884124592,1.2454716021185017,autumn_internationals,2022,mixed
v1,autumn_internationals_2022,bad_passes,stable,position:Second-row,126,22,0.33895098783943567,0.6910045121539218,0.6756894490504194,1.0226658313593995,0.031424998468048075,0.6313588214498035,0.15873015873015872,1.0,0.18253968253968253,0.23934833717002071,0.7613284464489855,autumn_internationals,2022,mixed
v1,autumn_internationals_2022,turnovers_conceded,stable,all,966,22,0.5718137860511173,0.9419272642712181,0.9334338469036418,1.0090991101252118,-0.07075768061422387,1.015910033891593,0.37163561076604557,1.0,0.5196687370600414,0.5811798269306881,2.588729271982063,autumn_internationals,2022,mixed
v1,autumn_internationals_2022,turnovers_conceded,stable,starter,627,22,0.6805596203355833,1.0781093130129789,1.0775791499925216,1.0004919945049613,-0.03644342884794521,0.97497874940253,0.4704944178628389,1.0,0.6842105263157895,0.7391483718033377,2.2274958887781757,autumn_internationals,2022,mixed
v1,autumn_internationals_2022,turnovers_conceded,stable,bench,339,22,0.37068211025064485,0.6900507316426517,0.666828817296775,1.0348244013208892,-0.17167194426806937,1.3391023401362518,0.1887905604719764,1.0,0.2153392330383481,0.2890079165025129,1.2154908086916405,autumn_internationals,2022,mixed
v1,autumn_internationals_2022,turnovers_conceded,stable,zero_minute,21,11,0.3183201011553394,0.6099057050935537,0.493012155575535,1.2371007452778906,-0.09493548838446787,0.4624707379128279,0.047619047619047616,1.0,0.047619047619047616,0.3082455262940029,0.420804716242223,autumn_internationals,2022,mixed
v1,autumn_internationals_2022,turnovers_conceded,stable,low_history,77,21,0.41171760330510027,0.6537607131207922,0.6757161383734526,0.9675079164077532,-0.16898173758591248,1.1806507830522934,0.2987012987012987,1.0,0.37662337662337664,0.4621223498440035,0.5393954555615018,autumn_internationals,2022,mixed
v1,autumn_internationals_2022,turnovers_conceded,stable,north,483,21,0.571798438458065,0.9553697695122908,0.9668520761195807,0.9881240296309094,-0.03483031156760503,0.9385851047592921,0.36853002070393376,1.0,0.5093167701863354,0.5797525221684521,2.4768674739706147,autumn_internationals,2022,mixed
v1,autumn_internationals_2022,turnovers_conceded,stable,south,483,20,0.5718291336441695,0.9284847590301453,0.900015617687703,1.0316318303626602,-0.10964337451845904,1.0979338282274165,0.3747412008281574,1.0,0.5300207039337475,0.582607131692924,2.7005910699935125,autumn_internationals,2022,mixed
v1,autumn_internationals_2022,turnovers_conceded,stable,position:Back-row,168,22,0.6171929764201965,1.0576685137203197,1.0628471110476982,0.9951276178167584,0.06609311615000449,0.7878168164135193,0.375,1.0,0.5059523809523809,0.5583268288239965,1.1239257001128873,autumn_internationals,2022,mixed
v1,autumn_internationals_2022,turnovers_conceded,stable,position:Back-three,168,22,0.7670622579220705,1.1954870612043706,1.1925085399649529,1.0024976938441927,0.27253894451028404,0.6618323161911417,0.5654761904761905,1.0,0.8928571428571429,0.9372739637689537,1.506814779503381,autumn_internationals,2022,mixed
v1,autumn_internationals_2022,turnovers_conceded,stable,position:Centre,84,22,0.6647563628733766,1.1029486608484822,1.0851635463875244,1.0163893401323365,0.3442551994679547,0.3013275638620091,0.4523809523809524,1.0,0.5833333333333334,0.793416077842991,0.9244497591706621,autumn_internationals,2022,mixed
v1,autumn_internationals_2022,turnovers_conceded,stable,position:Fly-half,84,22,0.8138928086695145,1.3032435131457223,1.3613878501882446,0.9572903952136179,-0.11787887051805684,1.2976429109343786,0.4642857142857143,1.0,0.8571428571428571,0.7513790731217741,1.2441197836052365,autumn_internationals,2022,mixed
v1,autumn_internationals_2022,turnovers_conceded,stable,position:Hooker,84,22,0.44023440957034277,0.7486517235231499,0.7217506314076151,1.0372720035770113,-0.2206684878700347,1.336733448476253,0.25,1.0,0.2857142857142857,0.37882105378716124,0.6458167662177542,autumn_internationals,2022,mixed
v1,autumn_internationals_2022,turnovers_conceded,stable,position:Prop,168,22,0.3135992527494233,0.5918648305128504,0.5343844915263161,1.1075636361047048,-0.18392637415685156,1.2780539402040447,0.13095238095238096,1.0,0.13690476190476192,0.25103098231549764,0.631253428810476,autumn_internationals,2022,mixed
v1,autumn_internationals_2022,turnovers_conceded,stable,position:Scrum-half,84,22,0.551683225702357,0.8647314840004593,0.8633144648063774,1.0016413708467165,-0.11424073875976185,1.165585015293616,0.42857142857142855,1.0,0.5714285714285714,0.5882619467406333,0.8680198132002437,autumn_internationals,2022,mixed
v1,autumn_internationals_2022,turnovers_conceded,stable,position:Second-row,126,22,0.47305517239258477,0.7483648978174086,0.7489283076827894,0.9992477118843003,-0.22757113554162936,1.3980878228342726,0.35714285714285715,1.0,0.40476190476190477,0.45228420559563814,0.7541745673899894,autumn_internationals,2022,mixed
v1,autumn_internationals_2022,penalties_conceded,stable,all,966,22,0.5577377703621164,0.9400791288870293,0.9445937801448789,0.9952205367505625,-0.0008449546433582775,0.9205497991717727,0.35093167701863354,1.0,0.47929606625258797,0.5215807133171215,2.181233415527991,autumn_internationals,2022,mixed
v1,autumn_internationals_2022,penalties_conceded,stable,starter,627,22,0.6322546036609427,1.0196025212549875,1.0205775578431975,0.9990446227425669,0.047648168910535735,0.8554488380429377,0.42424242424242425,1.0,0.5885167464114832,0.6322629167845102,1.9509430002775887,autumn_internationals,2022,mixed
v1,autumn_internationals_2022,penalties_conceded,stable,bench,339,22,0.41991460080942,0.792996040348062,0.8040574125435639,0.9862430567482611,-0.07046573809849849,1.0974674007653775,0.2153392330383481,1.0,0.27728613569321536,0.31686761132876534,1.1856864166337135,autumn_internationals,2022,mixed
v1,autumn_internationals_2022,penalties_conceded,stable,zero_minute,21,11,0.31841865576293066,0.628266242416241,0.6637679731864365,0.9465148482537226,-0.10393622347441628,1.0263772190803808,0.09523809523809523,1.0,0.14285714285714285,0.24045093922942148,0.4776279836443958,autumn_internationals,2022,mixed
v1,autumn_internationals_2022,penalties_conceded,stable,low_history,77,21,0.5597179387551741,1.0720916194689083,1.0357019069040785,1.035135314825871,-0.1387520923706183,1.8268726033897704,0.35064935064935066,1.0,0.5324675324675324,0.36741457701686464,0.859348070814645,autumn_internationals,2022,mixed
v1,autumn_internationals_2022,penalties_conceded,stable,north,483,21,0.5518705470433123,0.927776337967714,0.9402724527833712,0.9867101128203144,-0.067006833788428,1.02243445690784,0.32712215320910976,1.0,0.45962732919254656,0.5150786531331113,1.9459278007173735,autumn_internationals,2022,mixed
v1,autumn_internationals_2022,penalties_conceded,stable,south,483,20,0.5636049936809207,0.9523819198063445,0.9489151075063863,1.0036534483143265,0.07518795321622058,0.8024818671641464,0.3747412008281574,1.0,0.4989648033126294,0.5280827735011318,2.4165390303386087,autumn_internationals,2022,mixed
v1,autumn_internationals_2022,penalties_conceded,stable,position:Back-row,168,22,0.6712001281383458,1.158124899475812,1.1242663533778583,1.0301161250590003,0.2669545385562278,0.5206240260610143,0.4166666666666667,1.0,0.6011904761904762,0.6419909971559353,1.2702753259354234,autumn_internationals,2022,mixed
v1,autumn_internationals_2022,penalties_conceded,stable,position:Back-three,168,22,0.44381349101514805,0.7983459057688881,0.8033843507316811,0.9937284750963791,-0.0649597356562147,1.0227944955164328,0.24404761904761904,1.0,0.2857142857142857,0.34285872959595554,0.71487139215707,autumn_internationals,2022,mixed
v1,autumn_internationals_2022,penalties_conceded,stable,position:Centre,84,22,0.5844789947193261,1.0181444897516267,1.0422400452634524,0.9768809924150105,-0.7975004436750814,2.7676989000728236,0.34523809523809523,1.0,0.4523809523809524,0.45159587122108813,0.7635140591394225,autumn_internationals,2022,mixed
v1,autumn_internationals_2022,penalties_conceded,stable,position:Fly-half,84,22,0.30094932188351875,0.5432009012763699,0.5201175377470086,1.0443810520778656,-0.1532699945007953,1.0776126558071801,0.13095238095238096,1.0,0.13095238095238096,0.2637518907387748,0.5000574310989179,autumn_internationals,2022,mixed
v1,autumn_internationals_2022,penalties_conceded,stable,position:Hooker,84,22,0.49426719454610546,0.7989898192452018,0.8672138117347961,0.9213296749124449,-0.25888951794590415,1.552630982539343,0.35714285714285715,1.0,0.42857142857142855,0.4427716271595867,0.7263425255476837,autumn_internationals,2022,mixed
v1,autumn_internationals_2022,penalties_conceded,stable,position:Prop,168,22,0.7565909337698427,1.18668745775915,1.1920156298805076,0.9955301155557065,0.08887774217998212,0.7676583564679602,0.4523809523809524,1.0,0.7083333333333334,0.8069417676940321,1.222635113942879,autumn_internationals,2022,mixed
v1,autumn_internationals_2022,penalties_conceded,stable,position:Scrum-half,84,22,0.3448224772263311,0.6501528779370122,0.6694282618831927,0.9712061993140889,-0.0759205881364575,0.8334307066048162,0.14285714285714285,1.0,0.16666666666666666,0.29107069475681135,0.5856954649256965,autumn_internationals,2022,mixed
v1,autumn_internationals_2022,penalties_conceded,stable,position:Second-row,126,22,0.6308381766282561,1.0094035786552842,1.0163307647050417,0.9931841224428861,0.31930556938078786,0.6876893108341687,0.5555555555555556,1.0,0.7619047619047619,0.6436034202525268,0.9058400652297076,autumn_internationals,2022,mixed
v1,autumn_internationals_2022,yellow_cards,stable,all,971,22,0.04890164978969891,0.1371531800641222,0.16089960371155923,0.8524146542336632,0.014325637168945794,0.7547707721249187,0.029866117404737384,1.0,0.029866117404737384,0.02058966882360879,0.7061547797760312,autumn_internationals,2022,mixed
v1,autumn_internationals_2022,yellow_cards,stable,starter,630,22,0.05371988252260052,0.13853920124667388,0.1414469435603328,0.9794428763148307,0.006819051774995793,1.0367362642930096,0.031746031746031744,1.0,0.031746031746031744,0.024043704102542036,0.5614404078860975,autumn_internationals,2022,mixed
v1,autumn_internationals_2022,yellow_cards,stable,bench,341,22,0.039999929491376304,0.13459249576791235,0.19683853595576056,0.6837710670544817,0.042676256635799034,-1.1460399548393727,0.026392961876832845,1.0,0.026392961876832845,0.014208313322940343,0.2831185220803888,autumn_internationals,2022,mixed
v1,autumn_internationals_2022,yellow_cards,stable,zero_minute,23,11,0.05649297478973913,0.22557862901000061,0.20628625002801054,1.0935223699076912,0.1058568413302958,-4.5610736043142195,0.043478260869565216,1.0,0.043478260869565216,0.013676293318688837,0.08662256134426667,autumn_internationals,2022,mixed
v1,autumn_internationals_2022,yellow_cards,stable,low_history,77,21,0.06352683765221365,0.24904349841039208,0.23679333827519974,1.0517335505484333,0.059008044411695916,-0.5514798556781758,0.05194805194805195,1.0,0.05194805194805195,0.012801904531874566,0.13681639121928027,autumn_internationals,2022,mixed
v1,autumn_internationals_2022,yellow_cards,stable,north,486,21,0.04262675799133608,0.11678469406972634,0.13837890179157167,0.843948698520741,0.017578512443158945,0.3748436663358784,0.024691358024691357,1.0,0.024691358024691357,0.01897549890881432,0.6316017768587713,autumn_internationals,2022,mixed
v1,autumn_internationals_2022,yellow_cards,stable,south,485,20,0.05518947950929549,0.15756366293685706,0.18346674006849525,0.8588132261903842,0.015234115013157757,0.892388995255436,0.03505154639175258,1.0,0.03505154639175258,0.0222071669237946,0.7807077826932911,autumn_internationals,2022,mixed
v1,autumn_internationals_2022,yellow_cards,stable,position:Back-row,170,22,0.05483003303125419,0.14719718643099314,0.13975449892620453,1.0532554412342647,0.04093150167936455,-0.4322591187605863,0.029411764705882353,1.0,0.029411764705882353,0.02665007277697847,0.20683304543182696,autumn_internationals,2022,mixed
v1,autumn_internationals_2022,yellow_cards,stable,position:Back-three,169,22,0.06408487466329293,0.21335508638190234,0.19731411028862214,1.081296649640597,0.05051961940005843,-0.17247519866928177,0.047337278106508875,1.0,0.047337278106508875,0.018451008133938334,0.2440708059061303,autumn_internationals,2022,mixed
v1,autumn_internationals_2022,yellow_cards,stable,position:Centre,84,22,0.04293062704999091,0.11293339863745656,0.11749733480414497,0.9611571090161664,0.019920960814634372,0.19291191846160224,0.023809523809523808,1.0,0.023809523809523808,0.020157194153161816,0.08443951180733163,autumn_internationals,2022,mixed
v1,autumn_internationals_2022,yellow_cards,stable,position:Fly-half,85,22,0.019105711891331152,0.019383285733172512,0.01948536074861114,0.9947614510834293,0.0,0.0,0.0,1.0,0.0,0.019105711891331152,0.038666321684836864,autumn_internationals,2022,mixed
v1,autumn_internationals_2022,yellow_cards,stable,position:Hooker,85,22,0.038429830426686844,0.11868051752296103,0.396793839024789,0.2990986901778651,0.04348403793590676,-1.287743127613781,0.023529411764705882,1.0,0.023529411764705882,0.015495812591271429,0.07586974982610438,autumn_internationals,2022,mixed
v1,autumn_internationals_2022,yellow_cards,stable,position:Prop,168,22,0.04270623513260736,0.11307197105516728,0.11254108102676608,1.0047172998833638,0.023663693671639237,0.007348930137587971,0.023809523809523808,1.0,0.023809523809523808,0.019843723529046682,0.16137310777728314,autumn_internationals,2022,mixed
v1,autumn_internationals_2022,yellow_cards,stable,position:Scrum-half,84,22,0.04014756013965627,0.0723569368762772,0.11288394800179079,0.6409851724456814,-0.0893598261923196,5.2750957987832505,0.023809523809523808,1.0,0.023809523809523808,0.021453515598322773,0.07785139890102591,autumn_internationals,2022,mixed
v1,autumn_internationals_2022,yellow_cards,stable,position:Second-row,126,22,0.06578028721546031,0.20475638058142265,0.20227384443458574,1.0122731446261692,0.026507765931423025,1.0335555331805666,0.047619047619047616,1.0,0.047619047619047616,0.02042588038076551,0.18923035139840985,autumn_internationals,2022,mixed
v1,autumn_internationals_2022,red_cards,stable,all,971,22,0.007464905661196811,0.04106299946012233,0.04837489527717495,0.8488493716594641,-0.00011505421919447134,4.722242030073285,0.006179196704428424,1.0,0.006179196704428424,0.001332894604626018,0.1648400236602509,autumn_internationals,2022,mixed
v1,autumn_internationals_2022,red_cards,stable,starter,630,22,0.009288468868184118,0.05048754062369472,0.06385793330398155,0.7906228406008687,-0.0016306669612748427,6.722292290262062,0.007936507936507936,1.0,0.007936507936507936,0.0014232012659791409,0.13574161089742476,autumn_internationals,2022,mixed
v1,autumn_internationals_2022,red_cards,stable,bench,341,22,0.004095859267056041,0.02365109056554578,0.01976986901064076,1.196320044043591,0.0038754464515154837,-0.8086215880414866,0.002932551319648094,1.0,0.002932551319648094,0.001166052385703826,0.032992744718276935,autumn_internationals,2022,mixed
v1,autumn_internationals_2022,red_cards,stable,zero_minute,23,11,0.0011450202174831726,0.0011461482374131014,0.0010016496474650252,1.1442606107971716,0.0,0.0,0.0,1.0,0.0,0.0011450202174831726,0.0017556976668075311,autumn_internationals,2022,mixed
v1,autumn_internationals_2022,red_cards,stable,low_history,77,21,0.0014770938768077528,0.0014817119719908347,0.0025690184956235294,0.576761893507196,0.0,0.0,0.0,1.0,0.0,0.0014770938768077528,0.003249606528977056,autumn_internationals,2022,mixed
v1,autumn_internationals_2022,red_cards,stable,north,486,21,0.0031063369263162523,0.017548914030976966,0.03634702101771908,0.4828157449938446,0.0027842899028518173,-0.6920205675825336,0.00205761316872428,1.0,0.00205761316872428,0.0010500796770623046,0.06987549984024369,autumn_internationals,2022,mixed
v1,autumn_internationals_2022,red_cards,stable,south,485,20,0.011832461135736914,0.06462556753963708,0.06042756927737196,1.069471572536629,-0.0011853775280514795,7.1117416995382685,0.010309278350515464,1.0,0.010309278350515464,0.0016162926557517184,0.2598045474802582,autumn_internationals,2022,mixed
v1,autumn_internationals_2022,red_cards,stable,position:Back-row,170,22,0.019230702254221382,0.09718566272074926,0.10082240929100086,0.9639291840392847,-0.011320369379505405,15.83751670278772,0.01764705882352941,1.0,0.01764705882352941,0.0018290385258401,0.07684979569372874,autumn_internationals,2022,mixed
v1,autumn_internationals_2022,red_cards,stable,position:Back-three,169,22,0.0010605426741941645,0.0010617412975470661,0.004825687146201272,0.2200186761760669,0.0,0.0,0.0,1.0,0.0,0.0010605426741941645,0.0042674217128289,autumn_internationals,2022,mixed
v1,autumn_internationals_2022,red_cards,stable,position:Centre,84,22,0.0018424039927344318,0.0018486711214710707,0.0019361090268664406,0.9548383359707348,0.0,0.0,0.0,1.0,0.0,0.0018424039927344318,0.003684807985468864,autumn_internationals,2022,mixed
v1,autumn_internationals_2022,red_cards,stable,position:Fly-half,85,22,0.0008294945920240393,0.0008300641210597653,0.0019189564836342742,0.4325601586794314,0.0,0.0,0.0,1.0,0.0,0.0008294945920240393,0.001678739055286746,autumn_internationals,2022,mixed
v1,autumn_internationals_2022,red_cards,stable,position:Hooker,85,22,0.0009421361088443208,0.0009427805675204622,0.0019420186024509815,0.4854642310483527,0.0,0.0,0.0,1.0,0.0,0.0009421361088443208,0.0019067040298039821,autumn_internationals,2022,mixed
v1,autumn_internationals_2022,red_cards,stable,position:Prop,168,22,0.007245331410900696,0.04693618471274528,0.0401237735087665,1.1697849082537153,0.008088584062843811,-1.6451047661747327,0.005952380952380952,1.0,0.005952380952380952,0.0012985210148226903,0.02879724333006287,autumn_internationals,2022,mixed
v1,autumn_internationals_2022,red_cards,stable,position:Scrum-half,84,22,0.012618497427770926,0.09617015965666934,0.19188218989236583,0.5011937778624213,0.01936802795673993,-10.342943303357396,0.011904761904761904,1.0,0.011904761904761904,0.0007215804856587967,0.025207141123899664,autumn_internationals,2022,mixed
v1,autumn_internationals_2022,red_cards,stable,position:Second-row,126,22,0.009662319809032354,0.05477478506612412,0.04497586242819999,1.217870700168724,0.009909462804282064,-1.1301830651843223,0.007936507936507936,1.0,0.007936507936507936,0.0017456949485014197,0.028928846184248798,autumn_internationals,2022,mixed
v1,autumn_internationals_2022,metres,stable,all,966,22,11.09498922352389,1.4362045313841547,1.5066086646159147,0.953269794018005,-0.3977859777039436,0.9525625214986654,0.8043478260869565,1.0,16.610766045548655,17.855575502270497,82.28431791331408,autumn_internationals,2022,mixed
v1,autumn_internationals_2022,metres,stable,starter,627,22,13.332067466795404,1.1447271206133578,1.2756129036422081,0.8973938075923055,-0.011873116663722448,0.9443728956075673,0.9170653907496013,1.0,22.087719298245613,23.401341268579557,74.16362671831592,autumn_internationals,2022,mixed
v1,autumn_internationals_2022,metres,stable,bench,339,22,6.95738433110135,1.9753087690044777,1.9338486119035665,1.0214391947982424,-0.12466976547576519,0.8693314564535894,0.5958702064896755,1.0,6.480825958702065,7.598362713256398,23.67141171433926,autumn_internationals,2022,mixed
v1,autumn_internationals_2022,metres,stable,zero_minute,21,11,8.011620739343936,3.2249556212854897,3.479179193117575,0.9269300148911606,-14.020659408224304,2.3875553931523856,0.23809523809523808,1.0,5.0,7.966583503267148,10.31244993351156,autumn_internationals,2022,mixed
v1,autumn_internationals_2022,metres,stable,low_history,77,21,8.009886377285323,1.3805435054331343,1.437318381296976,0.9604994435452704,2.531397971268356,0.6406422267882687,0.7142857142857143,1.0,10.519480519480519,12.468866731215673,10.757762090191468,autumn_internationals,2022,mixed
v1,autumn_internationals_2022,metres,stable,north,483,21,10.888993655474057,1.425886325967494,1.5091568961148603,0.9448231192119679,-0.8077667973777155,0.942537998052751,0.8115942028985508,1.0,15.942028985507246,17.77095015531409,99.91013952867338,autumn_internationals,2022,mixed
v1,autumn_internationals_2022,metres,stable,south,483,20,11.300984791573725,1.4465227368008156,1.504060433116969,0.9617450901245278,0.029151675677661366,0.9615472856122322,0.7971014492753623,1.0,17.279503105590063,17.94020084922691,64.65849629795478,autumn_internationals,2022,mixed
v1,autumn_internationals_2022,metres,stable,position:Back-row,168,22,10.916304008833562,1.1469516955172783,1.2828196011980249,0.8940865063537697,-1.1769766243682882,0.9647000566144911,0.9047619047619048,1.0,17.74404761904762,19.613375280413234,25.411441042432482,autumn_internationals,2022,mixed
v1,autumn_internationals_2022,metres,stable,position:Back-three,168,22,23.107622921241365,1.5219217748580096,1.5162334001031623,1.0037516484958453,4.538170783193824,0.8770778275231732,0.9107142857142857,1.0,38.98809523809524,39.27807017102051,49.0559013516309,autumn_internationals,2022,mixed
v1,autumn_internationals_2022,metres,stable,position:Centre,84,22,14.67999954269911,1.489313954333372,1.7829653647983539,0.8353016742430145,2.1859484176246164,0.7960137488824114,0.9166666666666666,1.0,23.845238095238095,27.209692933096584,21.60197114914425,autumn_internationals,2022,mixed
v1,autumn_internationals_2022,metres,stable,position:Fly-half,84,22,10.591524513953232,1.7319192891432198,1.8319983783714404,0.9453716278301588,-3.5296880237278963,1.1571538718808234,0.75,1.0,16.047619047619047,16.918499386366157,16.481652002433584,autumn_internationals,2022,mixed
v1,autumn_internationals_2022,metres,stable,position:Hooker,84,22,8.1315958913696,1.6104892674543922,1.544954199658521,1.0424187770811306,2.3600591721506587,0.6239177562602117,0.7976190476190477,1.0,8.654761904761905,10.088994373780846,13.272369465065589,autumn_internationals,2022,mixed
v1,autumn_internationals_2022,metres,stable,position:Prop,168,22,4.218382719729734,1.184519078225623,1.106965415272816,1.0700596982369983,1.7564293513387073,0.5175991532932436,0.6785714285714286,1.0,4.630952380952381,5.5535698065277215,10.100737495607849,autumn_internationals,2022,mixed
v1,autumn_internationals_2022,metres,stable,position:Scrum-half,84,22,8.73832827252335,1.891496653461046,2.236236656550188,0.8458392129118536,4.486619551437891,0.37905169833540425,0.6904761904761905,1.0,8.452380952380953,10.462323261862686,12.297234173615008,autumn_internationals,2022,mixed
v1,autumn_internationals_2022,metres,stable,position:Second-row,126,22,5.977539033580079,1.3908985662159514,1.4118721403710057,0.9851448487753693,-0.6525903735042166,1.0430709419818767,0.7380952380952381,1.0,7.531746031746032,7.846385203387685,11.22815473357247,autumn_internationals,2022,mixed
v1,autumn_internationals_2022,dominant_tackles,extended,all,966,22,0.41661267664537616,0.9781385512510237,1.1718813379720663,0.8346737161491851,0.028986644188839252,1.621734009450032,0.2691511387163561,1.0,0.35403726708074534,0.20043399287293628,4.391059710207594,autumn_internationals,2022,mixed
v1,autumn_internationals_2022,dominant_tackles,extended,starter,627,22,0.5064494352207055,1.1228057046200957,1.3761999890032202,0.8158739380846401,0.06492733306035192,1.5126997999739722,0.3317384370015949,1.0,0.44657097288676234,0.2522930457404551,3.860625865235773,autumn_internationals,2022,mixed
v1,autumn_internationals_2022,dominant_tackles,extended,bench,339,22,0.2504544240591475,0.710568329533006,0.793982240047189,0.8949423471874819,-0.02762628069972885,2.0141770549250246,0.15339233038348082,1.0,0.18289085545722714,0.10451769155159614,1.3030186331075626,autumn_internationals,2022,mixed
v1,autumn_internationals_2022,dominant_tackles,extended,zero_minute,21,11,0.11668350302652886,0.2336558186867623,0.2566841677072703,0.9102852769370249,-0.20404196018747445,2.8495114176227117,0.047619047619047616,1.0,0.047619047619047616,0.08831724844130569,0.17502525453979328,autumn_internationals,2022,mixed
v1,autumn_internationals_2022,dominant_tackles,extended,low_history,77,21,0.2617821129366901,0.6718928445389315,0.6655473377446969,1.0095342681645114,-0.02473684614030258,1.6535341229718434,0.15584415584415584,1.0,0.18181818181818182,0.12491730596236486,0.47730761290342644,autumn_internationals,2022,mixed
v1,autumn_internationals_2022,dominant_tackles,extended,north,483,21,0.42044713334202816,1.0168852327817726,1.20619428864563,0.8430526013546107,-0.0017106271941244378,1.8093304931217975,0.2546583850931677,1.0,0.35196687370600416,0.19547423881078657,5.217814766468068,autumn_internationals,2022,mixed
v1,autumn_internationals_2022,dominant_tackles,extended,south,483,20,0.4127782199487241,0.9393918697202749,1.1375683872985025,0.8257893593115248,0.055589945934623394,1.4631298128849124,0.2836438923395445,1.0,0.35610766045548653,0.20539374693508597,3.5643046539471186,autumn_internationals,2022,mixed
v1,autumn_internationals_2022,dominant_tackles,extended,position:Back-row,168,22,0.6389910841487232,1.4020474293133671,1.7369935790057678,0.8071690340478291,0.055739989351101624,1.7951363892077792,0.40476190476190477,1.0,0.6190476190476191,0.3137965633603549,1.5452519066598356,autumn_internationals,2022,mixed
v1,autumn_internationals_2022,dominant_tackles,extended,position:Back-three,168,22,0.3488395350673311,0.7844641487960415,0.9603019257858592,0.8168932371494293,-0.05674951295657326,1.8195102302705681,0.22023809523809523,1.0,0.27380952380952384,0.18167473381940907,0.8390421735576832,autumn_internationals,2022,mixed
v1,autumn_internationals_2022,dominant_tackles,extended,position:Centre,84,22,0.5562879918691434,1.2863673135509213,1.5810228069917143,0.8136298273891142,0.56292864953793,-0.3072856025931661,0.36904761904761907,1.0,0.4880952380952381,0.24353048372971903,0.8791718783765742,autumn_internationals,2022,mixed
v1,autumn_internationals_2022,dominant_tackles,extended,position:Fly-half,84,22,0.17389304673834127,0.4488809231428106,0.5282735450271447,0.8497130461449576,-0.021443592625683582,1.387950065482189,0.10714285714285714,1.0,0.10714285714285714,0.09264486739576505,0.3223826022683984,autumn_internationals,2022,mixed
v1,autumn_internationals_2022,dominant_tackles,extended,position:Hooker,84,22,0.39059701598189267,0.9592144724295647,1.0771332410148984,0.8905253648339475,0.23210345080726916,0.3167162594904587,0.23809523809523808,1.0,0.2976190476190476,0.20685896239486298,0.6297877830363352,autumn_internationals,2022,mixed
v1,autumn_internationals_2022,dominant_tackles,extended,position:Prop,168,22,0.3786732456932351,0.9738065395823441,1.0930444545972189,0.8909121083654248,0.18488406979550923,0.5605346034351409,0.22023809523809523,1.0,0.2857142857142857,0.17988223260590105,0.994603924161989,autumn_internationals,2022,mixed
v1,autumn_internationals_2022,dominant_tackles,extended,position:Scrum-half,84,22,0.22687547575133515,0.6788214500346437,0.8578302002008391,0.791323795636613,-0.024115614373684206,2.4971693028305357,0.16666666666666666,1.0,0.17857142857142858,0.08116672054048052,0.42751097743960276,autumn_internationals,2022,mixed
v1,autumn_internationals_2022,dominant_tackles,extended,position:Second-row,126,22,0.4735896808416892,1.0364486298968847,1.2344637831109826,0.8395941979641733,-0.03298320995126353,2.097449205449101,0.3492063492063492,1.0,0.42857142857142855,0.2200552162710729,0.938303726409745,autumn_internationals,2022,mixed
v1,autumn_internationals_2022,tackle_turnover,extended,all,966,22,0.17936397466461956,0.46171101946677506,0.46646448837157933,0.9898095803146805,0.018809441116728852,0.8611402213658098,0.09834368530020704,1.0,0.10455486542443064,0.09957196537830439,1.0095633298187026,autumn_internationals,2022,mixed
v1,autumn_internationals_2022,tackle_turnover,extended,starter,627,22,0.22850103125746732,0.575038194251669,0.5751931427459372,0.9997306148443834,0.07315533072026249,0.561062565121969,0.1339712918660287,1.0,0.1419457735247209,0.12260743646210676,0.8964154296887843,autumn_internationals,2022,mixed
v1,autumn_internationals_2022,tackle_turnover,extended,bench,339,22,0.08848216202829043,0.2521058908823249,0.2653645878030765,0.9500359221608322,0.02085412645630502,0.25530959946944637,0.032448377581120944,1.0,0.035398230088495575,0.056966536559590275,0.5000489176364036,autumn_internationals,2022,mixed
v1,autumn_internationals_2022,tackle_turnover,extended,zero_minute,21,11,0.09563870757843099,0.3031882927001853,0.27067353019753365,1.120125386767309,0.06884872239197287,-0.4052887941480866,0.047619047619047616,1.0,0.047619047619047616,0.05238159820714972,0.13943096209538727,autumn_internationals,2022,mixed
v1,autumn_internationals_2022,tackle_turnover,extended,low_history,77,21,0.12479604326004103,0.32381160140145854,0.29782690652695054,1.0872476405087887,-0.09089274359275183,2.1184749033708807,0.05194805194805195,1.0,0.06493506493506493,0.0735565987965523,0.2507691494659249,autumn_internationals,2022,mixed
v1,autumn_internationals_2022,tackle_turnover,extended,north,483,21,0.16649737498993977,0.44601194520090076,0.4647193302779753,0.9597447666618805,0.020587217387530554,0.8250974912603579,0.08902691511387163,1.0,0.09523809523809523,0.09047522097847313,1.0734216321238699,autumn_internationals,2022,mixed
v1,autumn_internationals_2022,tackle_turnover,extended,south,483,20,0.19223057433929935,0.4774100937326493,0.46820964646518337,1.019650272771879,0.018733141775782555,0.8754911513095519,0.10766045548654245,1.0,0.11387163561076605,0.10866870977813564,0.9457050275135352,autumn_internationals,2022,mixed
v1,autumn_internationals_2022,tackle_turnover,extended,position:Back-row,168,22,0.22733656962490859,0.5523792571354122,0.5508448060194725,1.002785632358101,0.01563121261478621,1.0348759892844528,0.13690476190476192,1.0,0.14285714285714285,0.1229383342156048,0.621586144473645,autumn_internationals,2022,mixed
v1,autumn_internationals_2022,tackle_turnover,extended,position:Back-three,168,22,0.20917451887106905,0.5338899909680761,0.5250318644608795,1.016871597910143,0.10113340410743282,0.09765645969475699,0.10714285714285714,1.0,0.1130952380952381,0.12248891701782164,0.6477048608761754,autumn_internationals,2022,mixed
v1,autumn_internationals_2022,tackle_turnover,extended,position:Centre,84,22,0.2390233045652057,0.520156963583789,0.5680382582484721,0.9157076236161918,-0.052197854320479235,1.3550254624244238,0.14285714285714285,1.0,0.14285714285714285,0.143949322419837,0.41266761772767424,autumn_internationals,2022,mixed
v1,autumn_internationals_2022,tackle_turnover,extended,position:Fly-half,84,22,0.2067337570754948,0.543572502927502,0.5012833704086511,1.0843617303410173,-0.04789879298700831,2.207102250431982,0.13095238095238096,1.0,0.15476190476190477,0.09182207018693749,0.3934675224989623,autumn_internationals,2022,mixed
v1,autumn_internationals_2022,tackle_turnover,extended,position:Hooker,84,22,0.13123269122484893,0.38762692665903353,0.4233540729211299,0.9156093007076082,0.08512523468268837,-0.19718807632167265,0.07142857142857142,1.0,0.07142857142857142,0.06945989590046822,0.23987887891896076,autumn_internationals,2022,mixed
v1,autumn_internationals_2022,tackle_turnover,extended,position:Prop,168,22,0.08969092790141656,0.25402924571448465,0.23963076509992798,1.0600861104314063,0.05562915384048883,-0.34406526198845044,0.03571428571428571,1.0,0.03571428571428571,0.057881077592981854,0.31020796616802804,autumn_internationals,2022,mixed
v1,autumn_internationals_2022,tackle_turnover,extended,position:Scrum-half,84,22,0.15875242127900985,0.42633253248923364,0.5315946191721619,0.8019880508819858,0.04573359330908385,0.41315460036391716,0.07142857142857142,1.0,0.08333333333333333,0.09100646583901198,0.29305340402542895,autumn_internationals,2022,mixed
v1,autumn_internationals_2022,tackle_turnover,extended,position:Second-row,126,22,0.18302633446918468,0.5009272070482726,0.4727042829081253,1.0597052431311116,0.022550626403527545,0.9340300073437038,0.10317460317460317,1.0,0.1111111111111111,0.0948154599009527,0.4316037806973537,autumn_internationals,2022,mixed
v1,autumn_internationals_2022,tackle_try_saver,extended,all,966,22,0.04120483442696304,0.18921226308726433,0.18340424068881936,1.0316678740722216,0.021528626436914798,0.1246746337310479,0.022774327122153208,1.0,0.023809523809523808,0.01829479906497602,0.8348309287021577,autumn_internationals,2022,mixed
v1,autumn_internationals_2022,tackle_try_saver,extended,starter,627,22,0.05490706992446932,0.25564296940666653,0.2390617006600397,1.069359787455902,0.03595477593313571,-0.10821026694348768,0.03189792663476874,1.0,0.03349282296650718,0.022751565412127382,0.7363127333766273,autumn_internationals,2022,mixed
v1,autumn_internationals_2022,tackle_try_saver,extended,bench,339,22,0.01586176169263725,0.06634485051421074,0.0804625669367391,0.8245430520054384,0.009989978669053174,-0.40692141108388535,0.0058997050147492625,1.0,0.0058997050147492625,0.010051753343253597,0.12543029951663826,autumn_internationals,2022,mixed
v1,autumn_internationals_2022,tackle_try_saver,extended,zero_minute,21,11,0.008141678601349338,0.016283357202698676,0.051855835765604485,0.3140120482543506,0.0,0.0,0.0,1.0,0.0,0.008141678601349338,0.012212517902024007,autumn_internationals,2022,mixed
v1,autumn_internationals_2022,tackle_try_saver,extended,low_history,77,21,0.027086130922071888,0.13763164349221169,0.12552670126154564,1.0964332059156432,0.02333413077121846,-0.7265166196666815,0.012987012987012988,1.0,0.012987012987012988,0.01424209371693744,0.059154134051484814,autumn_internationals,2022,mixed
v1,autumn_internationals_2022,tackle_try_saver,extended,north,483,21,0.030371179973936468,0.13432830546142063,0.15014400164961791,0.8946631499465065,0.009306387394976256,0.5004059570237653,0.016563146997929608,1.0,0.016563146997929608,0.014501745035398764,0.6603955283127638,autumn_internationals,2022,mixed
v1,autumn_internationals_2022,tackle_try_saver,extended,south,483,20,0.0520384888799896,0.24409622071310805,0.2166644797280208,1.1266093132548647,0.03481714202944478,-0.17028551359091865,0.028985507246376812,1.0,0.031055900621118012,0.022087853094553283,1.0092663290915516,autumn_internationals,2022,mixed
v1,autumn_internationals_2022,tackle_try_saver,extended,position:Back-row,168,22,0.06481227019549266,0.3047223290457444,0.2825589617706192,1.0784380263016304,0.052248865577347973,-0.42800055837778184,0.041666666666666664,1.0,0.041666666666666664,0.024724731553599392,0.24975104671640175,autumn_internationals,2022,mixed
v1,autumn_internationals_2022,tackle_try_saver,extended,position:Back-three,168,22,0.045861192167821856,0.24477213800568984,0.21141248465733375,1.157794150153558,0.04367334379964957,-0.8310539869395109,0.02976190476190476,1.0,0.02976190476190476,0.016739513023667645,0.17578496820407116,autumn_internationals,2022,mixed
v1,autumn_internationals_2022,tackle_try_saver,extended,position:Centre,84,22,0.019857155529637315,0.03971431105927463,0.052631578947368404,0.7545719101262182,0.0,0.0,0.0,1.0,0.0,0.019857155529637315,0.039714311059274636,autumn_internationals,2022,mixed
v1,autumn_internationals_2022,tackle_try_saver,extended,position:Fly-half,84,22,0.0420225374088433,0.20459219781971344,0.14739779109251094,1.3880275701778033,0.02573495066214037,-0.101213610431052,0.023809523809523808,1.0,0.023809523809523808,0.01902339857669819,0.08340300442365205,autumn_internationals,2022,mixed
v1,autumn_internationals_2022,tackle_try_saver,extended,position:Hooker,84,22,0.046046308299182916,0.2968647980786285,0.2539065904376739,1.169189021706388,0.04199140890129892,-0.5686501098587893,0.03571428571428571,1.0,0.03571428571428571,0.01103863883640505,0.09098632662647052,autumn_internationals,2022,mixed
v1,autumn_internationals_2022,tackle_try_saver,extended,position:Prop,168,22,0.02563055749113535,0.07991341196854324,0.10858167626343046,0.7359751177046205,-0.023956634376798267,2.412159577110851,0.011904761904761904,1.0,0.011904761904761904,0.014866925315327987,0.09836949480945888,autumn_internationals,2022,mixed
v1,autumn_internationals_2022,tackle_try_saver,extended,position:Scrum-half,84,22,0.040773427254904814,0.19135146506919387,0.23470721217598367,0.8152773120824186,0.005153739091933049,1.0585267916727088,0.011904761904761904,1.0,0.023809523809523808,0.017624291481664292,0.08118405952891518,autumn_internationals,2022,mixed
v1,autumn_internationals_2022,tackle_try_saver,extended,position:Second-row,126,22,0.03503208513907122,0.123068330291183,0.14359956659007916,0.8570243853346379,0.005770811220368431,0.5020250371369511,0.015873015873015872,1.0,0.015873015873015872,0.02012291002508625,0.10238969246782363,autumn_internationals,2022,mixed
