engine,fold,target,tier,cohort,n,fixtures,mae,loss,naive_loss,relative_loss,calibration_intercept,calibration_slope,actual_positive_rate,predicted_positive_rate,actual_mean,predicted_mean,team_total_mae,tournament,calendar_year,fold_hemisphere
v1,rugby_championship_2022,minutes,minutes,all,553,12,10.132544777761312,10.132544777761312,10.101184418340766,1.0031046220048814,3.2180046315702997,0.9425980673371925,0.9873417721518988,1.0,51.96925858951175,51.72008690370229,16.115808743376743,rugby_championship,2022,south
v1,rugby_championship_2022,minutes,minutes,starter,361,12,10.339960494864483,10.339960494864483,10.128625869057332,1.0208650836292386,-1.254404919086578,1.0078297260876543,0.997229916897507,1.0,67.85041551246537,68.56795214784296,41.8781700276008,rugby_championship,2022,south
v1,rugby_championship_2022,minutes,minutes,bench,192,12,9.742560017999615,9.742560017999615,10.049588774024727,0.9694486249209826,8.670616367165653,0.6705100712993975,0.96875,1.0,22.109375,20.042590272791962,32.54619439915981,rugby_championship,2022,south
v1,rugby_championship_2022,minutes,minutes,zero_minute,7,5,25.133734073427224,25.133734073427224,25.396170846474643,0.9896662857312661,0.0,0.0,0.0,1.0,0.0,25.133734073427224,25.133734073427224,rugby_championship,2022,south
v1,rugby_championship_2022,minutes,minutes,low_history,53,12,13.049879685437759,13.049879685437759,13.249009507884125,0.9849702106162828,3.778284154233828,0.8405665600708921,0.9433962264150944,1.0,37.0377358490566,39.56789774270547,18.431918708036193,rugby_championship,2022,south
v1,rugby_championship_2022,minutes,minutes,south,553,12,10.132544777761312,10.132544777761312,10.101184418340766,1.0031046220048814,3.2180046315702997,0.9425980673371925,0.9873417721518988,1.0,51.96925858951175,51.72008690370229,16.115808743376743,rugby_championship,2022,south
v1,rugby_championship_2022,minutes,minutes,position:Back-row,97,12,12.301584416841056,12.301584416841056,11.941090948671299,1.0301893243857982,5.120057630581722,0.8932929298605541,0.9896907216494846,1.0,57.01030927835052,58.08872981438358,11.922287451420322,rugby_championship,2022,south
v1,rugby_championship_2022,minutes,minutes,position:Back-three,96,12,9.77611714384787,9.77611714384787,9.527869110189583,1.0260549374458554,6.075142576703653,0.941438336681856,0.9895833333333334,1.0,62.354166666666664,59.77983039050766,15.685030013842168,rugby_championship,2022,south
v1,rugby_championship_2022,minutes,minutes,position:Centre,48,12,10.266440085123088,10.266440085123088,10.328802416488982,0.9939622882836506,-40.33652800447344,1.5347586396450879,1.0,1.0,72.375,73.43925298282598,14.641515785136411,rugby_championship,2022,south
v1,rugby_championship_2022,minutes,minutes,position:Fly-half,48,12,11.153830570569333,11.153830570569333,11.35844017094017,0.9819861180504065,2.5933324824334543,0.9569618077058885,0.9583333333333334,1.0,44.666666666666664,43.965531168997245,13.880291656076897,rugby_championship,2022,south
v1,rugby_championship_2022,minutes,minutes,position:Hooker,48,12,8.51363972129715,8.51363972129715,8.59215081683436,0.9908624630536761,-3.395123351126496,1.052912174912111,1.0,1.0,39.5,40.73950740925476,7.114558049973574,rugby_championship,2022,south
v1,rugby_championship_2022,minutes,minutes,position:Prop,96,12,8.733633645421088,8.733633645421088,8.513951121769589,1.0258026526708366,4.420965366942904,0.883455610227138,0.9895833333333334,1.0,39.958333333333336,40.22541433321556,2.9718340249207116,rugby_championship,2022,south
v1,rugby_championship_2022,minutes,minutes,position:Scrum-half,48,12,9.518311180112073,9.518311180112073,9.669734303436835,0.9843405083766426,9.393823536071729,0.779989294829884,0.9791666666666666,1.0,40.979166666666664,40.494585425667545,7.639577584725669,rugby_championship,2022,south
v1,rugby_championship_2022,minutes,minutes,position:Second-row,72,12,10.26945643274616,10.26945643274616,10.806892903939318,0.9502691036202227,2.0548170656350315,0.9808482802710896,0.9861111111111112,1.0,54.25,53.214328845985335,8.614396012594478,rugby_championship,2022,south
v1,rugby_championship_2022,tries,stable,all,551,12,0.21370931548393793,0.5297442118102241,0.5248882776121874,1.0092513672054695,0.05157065846078203,0.5985797243929225,0.1161524500907441,1.0,0.12704174228675136,0.12608359546844294,1.4797886023154352,rugby_championship,2022,south
v1,rugby_championship_2022,tries,stable,starter,360,12,0.2560117813519882,0.6125390758038112,0.6011323441270313,1.0189754083077076,0.07981466618073525,0.5185538061738193,0.14444444444444443,1.0,0.15833333333333333,0.15141855332612977,1.6636052780130985,rugby_championship,2022,south
v1,rugby_championship_2022,tries,stable,bench,191,12,0.13397691908342435,0.37369106501602867,0.3811821836575077,0.980347668483347,0.038895840299594746,0.37235160080052526,0.06282722513089005,1.0,0.06806282722513089,0.07833184243824791,0.6411542812655164,rugby_championship,2022,south
v1,rugby_championship_2022,tries,stable,zero_minute,6,4,0.08619737336459506,0.1723947467291901,0.13983386900930947,1.2328540141996136,0.0,0.0,0.0,1.0,0.0,0.08619737336459506,0.08619737336459506,rugby_championship,2022,south
v1,rugby_championship_2022,tries,stable,low_history,52,12,0.17267481196595894,0.3992053921720211,0.41649807960646673,0.9584807510978566,-0.02070059160396814,1.0285731131620122,0.09615384615384616,1.0,0.09615384615384616,0.1136082950861738,0.292030900092356,rugby_championship,2022,south
v1,rugby_championship_2022,tries,stable,south,551,12,0.21370931548393793,0.5297442118102241,0.5248882776121874,1.0092513672054695,0.05157065846078203,0.5985797243929225,0.1161524500907441,1.0,0.12704174228675136,0.12608359546844294,1.4797886023154352,rugby_championship,2022,south
v1,rugby_championship_2022,tries,stable,position:Back-row,95,12,0.27414893658421324,0.7512778565529057,0.7462358072996443,1.006756643414776,0.18651301688787109,0.022745331784111436,0.16842105263157894,1.0,0.18947368421052632,0.13016593254196213,0.7154923856697728,rugby_championship,2022,south
v1,rugby_championship_2022,tries,stable,position:Back-three,96,12,0.33806555811706024,0.7371296519800022,0.7357119620547566,1.0019269632660126,0.1777286369518423,0.13748620778463125,0.19791666666666666,1.0,0.20833333333333334,0.22260193858450497,0.6551189936066928,rugby_championship,2022,south
v1,rugby_championship_2022,tries,stable,position:Centre,48,12,0.29493916572511997,0.6248830777245551,0.6282686291410844,0.9946112995946372,0.06931740618206832,0.6527830515796141,0.1875,1.0,0.1875,0.18104421297696338,0.4561421177560369,rugby_championship,2022,south
v1,rugby_championship_2022,tries,stable,position:Fly-half,48,12,0.16518302259721374,0.41649757531922743,0.3809394734533227,1.0933431800688982,0.10140246978015811,-0.34406981661578206,0.0625,1.0,0.0625,0.11306562767637346,0.2904685014333376,rugby_championship,2022,south
v1,rugby_championship_2022,tries,stable,position:Hooker,48,12,0.3307537362320309,0.7781220027757566,0.7343052838037066,1.0596709841785137,0.13566401051926286,0.38982978321989475,0.16666666666666666,1.0,0.20833333333333334,0.1864129575063259,0.5785180219821566,rugby_championship,2022,south
v1,rugby_championship_2022,tries,stable,position:Prop,96,12,0.08779378298207842,0.2937555225051718,0.27201058635850256,1.07994150682801,0.032528106270820194,0.1858612433133649,0.03125,1.0,0.041666666666666664,0.04916872518946161,0.3079108061892512,rugby_championship,2022,south
v1,rugby_championship_2022,tries,stable,position:Scrum-half,48,12,0.13654388362962627,0.31963315409182164,0.38728142491152134,0.8253252893934826,-0.06791299618952873,1.453733224617037,0.0625,1.0,0.0625,0.08970902912663632,0.2555419384311748,rugby_championship,2022,south
v1,rugby_championship_2022,tries,stable,position:Second-row,72,12,0.08765328219167594,0.2621412320636867,0.2680767177821344,0.9778590033198205,0.011918028693134497,0.587597419536845,0.041666666666666664,1.0,0.041666666666666664,0.050627584438646095,0.23120836203831838,rugby_championship,2022,south
v1,rugby_championship_2022,try_assists,stable,all,551,12,0.14417681924932108,0.3776342982699654,0.43430063228166915,0.8695227918181977,0.02789201250877613,0.6272876838456898,0.07622504537205081,1.0,0.08348457350272233,0.08862370874735961,1.3006369564646083,rugby_championship,2022,south
v1,rugby_championship_2022,try_assists,stable,starter,360,12,0.17401516264733602,0.4385621693517748,0.4448491092094056,0.9858672531258877,0.03661834582503295,0.5763469183423644,0.08888888888888889,1.0,0.1,0.10997135953682108,1.1706773695769874,rugby_championship,2022,south
v1,rugby_championship_2022,try_assists,stable,bench,191,12,0.08793700970332431,0.262796426073885,0.41441868623986233,0.6341326653445845,0.008496869010295323,0.9064186872406824,0.05235602094240838,1.0,0.05235602094240838,0.048387298882406074,0.5428495181772429,rugby_championship,2022,south
v1,rugby_championship_2022,try_assists,stable,zero_minute,6,4,0.09397318694568507,0.18794637389137014,0.19297604236804156,0.973936306212152,0.0,0.0,0.0,1.0,0.0,0.09397318694568507,0.09397318694568507,rugby_championship,2022,south
v1,rugby_championship_2022,try_assists,stable,low_history,52,12,0.1293058279054517,0.31899661080236963,0.27143448361786915,1.1752250729183673,0.01613953944577958,0.7673983124406625,0.057692307692307696,1.0,0.07692307692307693,0.07920728582785008,0.31173985673294086,rugby_championship,2022,south
v1,rugby_championship_2022,try_assists,stable,south,551,12,0.14417681924932108,0.3776342982699654,0.43430063228166915,0.8695227918181977,0.02789201250877613,0.6272876838456898,0.07622504537205081,1.0,0.08348457350272233,0.08862370874735961,1.3006369564646083,rugby_championship,2022,south
v1,rugby_championship_2022,try_assists,stable,position:Back-row,95,12,0.09889253322431665,0.2922049410094262,0.2891539561279224,1.0105514201581736,-0.00314751106079534,1.0334535449510998,0.05263157894736842,1.0,0.05263157894736842,0.053973485582076236,0.3510070547615521,rugby_championship,2022,south
v1,rugby_championship_2022,try_assists,stable,position:Back-three,96,12,0.21554064482842383,0.5836117556144734,0.6160832605218854,0.9472936419666632,0.03592812123338513,1.0653716494285106,0.13541666666666666,1.0,0.14583333333333334,0.10316138237666063,0.6144592179967002,rugby_championship,2022,south
v1,rugby_championship_2022,try_assists,stable,position:Centre,48,12,0.16995321969749125,0.42808074426453196,0.42799101400879386,1.0002096545319903,0.12492816050891681,-0.4036783455118353,0.08333333333333333,1.0,0.08333333333333333,0.10303953045300025,0.32232346709797016,rugby_championship,2022,south
v1,rugby_championship_2022,try_assists,stable,position:Fly-half,48,12,0.2825883110049838,0.6481079886928715,0.6234116077984942,1.0396148877971483,0.04413392942150131,0.5375342050521068,0.10416666666666667,1.0,0.14583333333333334,0.18919615339078488,0.5140943901018713,rugby_championship,2022,south
v1,rugby_championship_2022,try_assists,stable,position:Hooker,48,12,0.05028303050747282,0.17212690328181146,0.2040485522585688,0.843558561805886,0.030497884971223424,-0.3167134245705033,0.020833333333333332,1.0,0.020833333333333332,0.030515130992619748,0.09831699428417785,rugby_championship,2022,south
v1,rugby_championship_2022,try_assists,stable,position:Prop,96,12,0.03501265943405806,0.16787830023640762,0.4436458722002233,0.3784060908846728,0.027930202672154885,-0.4814655676112168,0.020833333333333332,1.0,0.020833333333333332,0.014740138893072957,0.13269517375833448,rugby_championship,2022,south
v1,rugby_championship_2022,try_assists,stable,position:Scrum-half,48,12,0.3836213828113248,0.7290388299888882,0.7286991122656499,1.000466197525865,0.10553154515641862,0.38711117089897656,0.20833333333333334,1.0,0.22916666666666666,0.31937885239305763,0.6213237255533265,rugby_championship,2022,south
v1,rugby_championship_2022,try_assists,stable,position:Second-row,72,12,0.047834919831201014,0.18418012791974908,0.20634461208072702,0.892585108292982,-0.05091964995677223,3.6242613175466656,0.027777777777777776,1.0,0.027777777777777776,0.021714060008184474,0.13572593832884847,rugby_championship,2022,south
v1,rugby_championship_2022,conversion_goals,stable,all,551,12,0.09753094120245719,0.20099001905691435,0.34132751926181254,0.5888479765463814,0.016509314639840865,1.0776070366626849,0.050816696914700546,1.0,0.10344827586206896,0.08067779651056788,1.324759213656513,rugby_championship,2022,south
v1,rugby_championship_2022,conversion_goals,stable,starter,360,12,0.11697175291113827,0.1995911139305107,0.3340939767886943,0.5974100935580376,0.011978171755221149,1.0637190232488383,0.058333333333333334,1.0,0.13055555555555556,0.11147434727468948,1.2384633289226656,rugby_championship,2022,south
v1,rugby_championship_2022,conversion_goals,stable,bench,191,12,0.06088857358400064,0.2036266988763139,0.3549614213053863,0.573658675715991,0.0005642705886679994,2.2884360129297794,0.03664921465968586,1.0,0.05235602094240838,0.022631941667197328,0.4538413385920028,rugby_championship,2022,south
v1,rugby_championship_2022,conversion_goals,stable,zero_minute,6,4,0.07313227848705016,0.14626455697410032,0.17021308350365386,0.8593026691215576,0.0,0.0,0.0,1.0,0.0,0.07313227848705016,0.07313227848705016,rugby_championship,2022,south
v1,rugby_championship_2022,conversion_goals,stable,low_history,52,12,0.11308147719494364,0.34877366349750916,0.32970734443361915,1.0578280083406777,-0.04986198082071448,3.539316517320172,0.057692307692307696,1.0,0.11538461538461539,0.04668884384786476,0.34260617112601266,rugby_championship,2022,south
v1,rugby_championship_2022,conversion_goals,stable,south,551,12,0.09753094120245719,0.20099001905691435,0.34132751926181254,0.5888479765463814,0.016509314639840865,1.0776070366626849,0.050816696914700546,1.0,0.10344827586206896,0.08067779651056788,1.324759213656513,rugby_championship,2022,south
v1,rugby_championship_2022,conversion_goals,stable,position:Back-row,95,12,0.002392656458151194,0.004785312916302388,1.9999999999999997e-08,239265.64581511944,0.0,0.0,0.0,1.0,0.0,0.002392656458151194,0.009470931813515143,rugby_championship,2022,south
v1,rugby_championship_2022,conversion_goals,stable,position:Back-three,96,12,0.23838057179201258,0.5198689551506102,1.2581713246841864,0.4131940896690699,0.040683503828741224,0.8047275828694395,0.08333333333333333,1.0,0.19791666666666666,0.19538681932247784,0.9389168535086617,rugby_championship,2022,south
v1,rugby_championship_2022,conversion_goals,stable,position:Centre,48,12,0.033336558086629296,0.06667311617325859,0.06852248394004283,0.9730107891534925,0.0,0.0,0.0,1.0,0.0,0.033336558086629296,0.06667311617325856,rugby_championship,2022,south
v1,rugby_championship_2022,conversion_goals,stable,position:Fly-half,48,12,0.5526460594998323,0.9694791795544088,1.1387495937952272,0.8513541386419523,0.20332913761800192,1.2186926169845755,0.3958333333333333,1.0,0.7708333333333334,0.4656663934828071,0.9509075206994458,rugby_championship,2022,south
v1,rugby_championship_2022,conversion_goals,stable,position:Hooker,48,12,0.00235029587814064,0.00470059175628128,1.9999999999999997e-08,235029.58781406406,0.0,0.0,0.0,1.0,0.0,0.00235029587814064,0.004700591756281279,rugby_championship,2022,south
v1,rugby_championship_2022,conversion_goals,stable,position:Prop,96,12,0.002330987480847507,0.004661974961695014,1.9999999999999997e-08,233098.74808475072,0.0,0.0,0.0,1.0,0.0,0.002330987480847507,0.009323949923390027,rugby_championship,2022,south
v1,rugby_championship_2022,conversion_goals,stable,position:Scrum-half,48,12,0.04159429261795907,0.20083597019908708,0.19454062483924653,1.0323600552071968,0.02556519922641949,-0.22424409605918852,0.020833333333333332,1.0,0.020833333333333332,0.021101406798407735,0.08242885309385944,rugby_championship,2022,south
v1,rugby_championship_2022,conversion_goals,stable,position:Second-row,72,12,0.0023254257898894255,0.004650851579778851,1.9999999999999997e-08,232542.57898894258,0.0,0.0,0.0,1.0,0.0,0.0023254257898894255,0.0069762773696682755,rugby_championship,2022,south
v1,rugby_championship_2022,missed_conversion_goals,stable,all,551,12,0.03815663427211607,0.07679748284146334,0.10679964811076863,0.7190799239507966,0.0010912652723955702,0.7877353215289185,0.018148820326678767,1.0,0.023593466424682397,0.028565687658403113,0.5027480403049399,rugby_championship,2022,south
v1,rugby_championship_2022,missed_conversion_goals,stable,starter,360,12,0.054324493787961385,0.1093901044586294,0.15155750972629917,0.7217729075661063,0.004835606581026079,0.7888886615858122,0.027777777777777776,1.0,0.03611111111111111,0.03964501716530628,0.4699791538108586,rugby_championship,2022,south
v1,rugby_championship_2022,missed_conversion_goals,stable,bench,191,12,0.007683181781517566,0.015366363563035132,0.022439280667883834,0.6847975115810286,0.0,0.0,0.0,1.0,0.0,0.007683181781517566,0.06114532167791062,rugby_championship,2022,south
v1,rugby_championship_2022,missed_conversion_goals,stable,zero_minute,6,4,0.02174723500391082,0.04349447000782164,0.053876677868734214,0.8072968068631122,0.0,0.0,0.0,1.0,0.0,0.02174723500391082,0.02174723500391082,rugby_championship,2022,south
v1,rugby_championship_2022,missed_conversion_goals,stable,low_history,52,12,0.0145179264041004,0.0290358528082008,0.07889578082769812,0.36802795413879874,0.0,0.0,0.0,1.0,0.0,0.0145179264041004,0.044407774883130635,rugby_championship,2022,south
v1,rugby_championship_2022,missed_conversion_goals,stable,south,551,12,0.03815663427211607,0.07679748284146334,0.10679964811076863,0.7190799239507966,0.0010912652723955702,0.7877353215289185,0.018148820326678767,1.0,0.023593466424682397,0.028565687658403113,0.5027480403049399,rugby_championship,2022,south
v1,rugby_championship_2022,missed_conversion_goals,stable,position:Back-row,95,12,0.0012686386216780481,0.0025372772433560962,1.9999999999999997e-08,126863.86216780484,0.0,0.0,0.0,1.0,0.0,0.0012686386216780481,0.005021694544142275,rugby_championship,2022,south
v1,rugby_championship_2022,missed_conversion_goals,stable,position:Back-three,96,12,0.08897329327377372,0.20209555962463646,0.2841914619635842,0.7111246700667335,0.0185500434805224,0.3485090942263886,0.03125,1.0,0.041666666666666664,0.06633004294323495,0.35255842129358816,rugby_championship,2022,south
v1,rugby_championship_2022,missed_conversion_goals,stable,position:Centre,48,12,0.024011250933337714,0.04802250186667543,0.042826552462526764,1.1213254185868713,0.0,0.0,0.0,1.0,0.0,0.024011250933337714,0.04802250186667544,rugby_championship,2022,south
v1,rugby_championship_2022,missed_conversion_goals,stable,position:Fly-half,48,12,0.21435330913219638,0.3859670487305144,0.6147613346318365,0.6278323423864309,-0.08562634077334025,1.826397746104407,0.14583333333333334,1.0,0.1875,0.14954373512336058,0.4023500342239515,rugby_championship,2022,south
v1,rugby_championship_2022,missed_conversion_goals,stable,position:Hooker,48,12,0.0011816137626435217,0.0023632275252870433,1.9999999999999997e-08,118161.37626435218,0.0,0.0,0.0,1.0,0.0,0.0011816137626435217,0.0023632275252870433,rugby_championship,2022,south
v1,rugby_championship_2022,missed_conversion_goals,stable,position:Prop,96,12,0.00119620428380403,0.00239240856760806,1.9999999999999997e-08,119620.42838040301,0.0,0.0,0.0,1.0,0.0,0.00119620428380403,0.004784817135216121,rugby_championship,2022,south
v1,rugby_championship_2022,missed_conversion_goals,stable,position:Scrum-half,48,12,0.013867883362032006,0.027735766724064012,1.9999999999999997e-08,1386788.3362032007,0.0,0.0,0.0,1.0,0.0,0.013867883362032006,0.027735766724064012,rugby_championship,2022,south
v1,rugby_championship_2022,missed_conversion_goals,stable,position:Second-row,72,12,0.0011616431141529752,0.0023232862283059505,1.9999999999999997e-08,116164.31141529755,0.0,0.0,0.0,1.0,0.0,0.0011616431141529752,0.0034849293424589257,rugby_championship,2022,south
v1,rugby_championship_2022,penalty_goals,stable,all,551,12,0.07657694778550148,0.14490538126288077,0.26862196300805896,0.5394398121442269,0.014107526973878027,0.9384435361662532,0.041742286751361164,1.0,0.08166969147005444,0.07199385140653486,0.963643736753454,rugby_championship,2022,south
v1,rugby_championship_2022,penalty_goals,stable,starter,360,12,0.10310937776191872,0.18052978689515672,0.34938128042274436,0.5167128206660623,0.02425521923031285,0.9412408367150633,0.058333333333333334,1.0,0.11944444444444445,0.10113163549760834,0.9505118124152219,rugby_championship,2022,south
v1,rugby_championship_2022,penalty_goals,stable,bench,191,12,0.026568179243563167,0.0777599046784862,0.11640544850917556,0.6680091496950579,0.008602985294767771,0.10941593716730597,0.010471204188481676,1.0,0.010471204188481676,0.017074467779380632,0.20230717390860212,rugby_championship,2022,south
v1,rugby_championship_2022,penalty_goals,stable,zero_minute,6,4,0.024849995580925915,0.04969999116185183,0.10212797712067513,0.4866442336669997,0.0,0.0,0.0,1.0,0.0,0.024849995580925915,0.024849995580925915,rugby_championship,2022,south
v1,rugby_championship_2022,penalty_goals,stable,low_history,52,12,0.08788562297007521,0.1524055188110178,0.13124524655816155,1.1612269610349586,-0.008189665508944316,0.36923032889609503,0.019230769230769232,1.0,0.038461538461538464,0.12634716143161367,0.2688266114378771,rugby_championship,2022,south
v1,rugby_championship_2022,penalty_goals,stable,south,551,12,0.07657694778550148,0.14490538126288077,0.26862196300805896,0.5394398121442269,0.014107526973878027,0.9384435361662532,0.041742286751361164,1.0,0.08166969147005444,0.07199385140653486,0.963643736753454,rugby_championship,2022,south
v1,rugby_championship_2022,penalty_goals,stable,position:Back-row,95,12,0.0019444124389081442,0.0038888248778162883,1.9999999999999997e-08,194441.24389081445,0.0,0.0,0.0,1.0,0.0,0.0019444124389081442,0.007696632570678072,rugby_championship,2022,south
v1,rugby_championship_2022,penalty_goals,stable,position:Back-three,96,12,0.1985070079630876,0.44580438870821165,0.9650772132723705,0.4619364985280134,0.0009569636713772065,1.2456943482476726,0.07291666666666667,1.0,0.16666666666666666,0.13302597320794995,0.7815245095667548,rugby_championship,2022,south
v1,rugby_championship_2022,penalty_goals,stable,position:Centre,48,12,0.02794770874259898,0.05589541748519796,0.14989293361884368,0.3729022852226778,0.0,0.0,0.0,1.0,0.0,0.02794770874259898,0.05589541748519795,rugby_championship,2022,south
v1,rugby_championship_2022,penalty_goals,stable,position:Fly-half,48,12,0.40854852010002424,0.5686652041895983,0.8336120134982504,0.6821701162909066,0.17623718106702754,0.8042938142037661,0.3125,1.0,0.5833333333333334,0.5061535288187223,0.788807417893269,rugby_championship,2022,south
v1,rugby_championship_2022,penalty_goals,stable,position:Hooker,48,12,0.001868552673703149,0.003737105347406298,1.9999999999999997e-08,186855.26737031492,0.0,0.0,0.0,1.0,0.0,0.001868552673703149,0.003737105347406298,rugby_championship,2022,south
v1,rugby_championship_2022,penalty_goals,stable,position:Prop,96,12,0.0018673411410465787,0.0037346822820931574,1.9999999999999997e-08,186734.1141046579,0.0,0.0,0.0,1.0,0.0,0.0018673411410465787,0.007469364564186315,rugby_championship,2022,south
v1,rugby_championship_2022,penalty_goals,stable,position:Scrum-half,48,12,0.03328799138041777,0.12274100271189341,0.16989678045150866,0.7224445477171695,0.005678827885411247,1.0797710326491545,0.020833333333333332,1.0,0.020833333333333332,0.014034924988440741,0.06603439553988644,rugby_championship,2022,south
v1,rugby_championship_2022,penalty_goals,stable,position:Second-row,72,12,0.0018598393760338025,0.003719678752067605,1.9999999999999997e-08,185983.93760338027,0.0,0.0,0.0,1.0,0.0,0.0018598393760338025,0.005579518128101409,rugby_championship,2022,south
v1,rugby_championship_2022,missed_penalty_goals,stable,all,551,12,0.023475445419025708,0.05277860419470694,0.0830358450212016,0.6356122970896597,-0.002088065523039813,1.004692543752996,0.012704174228675136,1.0,0.014519056261343012,0.01652955611907646,0.4940526604912801,rugby_championship,2022,south
v1,rugby_championship_2022,missed_penalty_goals,stable,starter,360,12,0.033893369403322965,0.07670637786086036,0.12425649066549407,0.6173229056287975,-0.001245806964791972,1.008843890779118,0.019444444444444445,1.0,0.022222222222222223,0.023262299947011757,0.48332869801028755,rugby_championship,2022,south
v1,rugby_championship_2022,missed_penalty_goals,stable,bench,191,12,0.0038395677522874106,0.007679135504574821,0.005342481503163452,1.4373724083139572,0.0,0.0,0.0,1.0,0.0,0.0038395677522874106,0.030556560028620644,rugby_championship,2022,south
v1,rugby_championship_2022,missed_penalty_goals,stable,zero_minute,6,4,0.012333201720550635,0.02466640344110127,0.01275995710902753,1.9331102158368587,0.0,0.0,0.0,1.0,0.0,0.012333201720550635,0.012333201720550635,rugby_championship,2022,south
v1,rugby_championship_2022,missed_penalty_goals,stable,low_history,52,12,0.01710303465056516,0.03420606930113032,0.03475964499480623,0.9840741844814979,0.0,0.0,0.0,1.0,0.0,0.01710303465056516,0.05231516481349343,rugby_championship,2022,south
v1,rugby_championship_2022,missed_penalty_goals,stable,south,551,12,0.023475445419025708,0.05277860419470694,0.0830358450212016,0.6356122970896597,-0.002088065523039813,1.004692543752996,0.012704174228675136,1.0,0.014519056261343012,0.01652955611907646,0.4940526604912801,rugby_championship,2022,south
v1,rugby_championship_2022,missed_penalty_goals,stable,position:Back-row,95,12,0.0007675562014110829,0.0015351124028221657,1.9999999999999997e-08,76755.6201411083,0.0,0.0,0.0,1.0,0.0,0.0007675562014110829,0.003038243297252203,rugby_championship,2022,south
v1,rugby_championship_2022,missed_penalty_goals,stable,position:Back-three,96,12,0.05749488980081313,0.09420225249538257,0.24794917019026608,0.37992566146962947,-0.00812261779598194,1.058754778723379,0.041666666666666664,1.0,0.041666666666666664,0.04702626657580081,0.22786662668860058,rugby_championship,2022,south
v1,rugby_championship_2022,missed_penalty_goals,stable,position:Centre,48,12,0.009108881183159149,0.018217762366318297,0.055674518201284794,0.32721903942579406,0.0,0.0,0.0,1.0,0.0,0.009108881183159149,0.018217762366318297,rugby_championship,2022,south
v1,rugby_championship_2022,missed_penalty_goals,stable,position:Fly-half,48,12,0.1387270846310885,0.38592651638127257,0.40160929614072655,0.9609501575034294,-0.0022047360665446397,1.0701447183833395,0.0625,1.0,0.08333333333333333,0.07993131015877906,0.27026055423824213,rugby_championship,2022,south
v1,rugby_championship_2022,missed_penalty_goals,stable,position:Hooker,48,12,0.0006151574713001569,0.0012303149426003137,1.9999999999999997e-08,61515.7471300157,0.0,0.0,0.0,1.0,0.0,0.0006151574713001569,0.0012303149426003137,rugby_championship,2022,south
v1,rugby_championship_2022,missed_penalty_goals,stable,position:Prop,96,12,0.0006108460277714294,0.0012216920555428589,1.9999999999999997e-08,61084.60277714295,0.0,0.0,0.0,1.0,0.0,0.0006108460277714294,0.002443384111085718,rugby_championship,2022,south
v1,rugby_championship_2022,missed_penalty_goals,stable,position:Scrum-half,48,12,0.0023797282467901202,0.0047594564935802405,1.9999999999999997e-08,237972.82467901206,0.0,0.0,0.0,1.0,0.0,0.0023797282467901202,0.0047594564935802405,rugby_championship,2022,south
v1,rugby_championship_2022,missed_penalty_goals,stable,position:Second-row,72,12,0.000611403800732963,0.001222807601465926,1.9999999999999997e-08,61140.38007329631,0.0,0.0,0.0,1.0,0.0,0.000611403800732963,0.0018342114021988884,rugby_championship,2022,south
v1,rugby_championship_2022,drop_goals_converted,stable,all,551,12,0.00213781034102974,0.024971841408328553,0.013660877422898511,1.8279822470605351,0.0017135452094593682,0.31221823841147456,0.0018148820326678765,1.0,0.0018148820326678765,0.0003245704790472776,0.04869650856184462,rugby_championship,2022,south
v1,rugby_championship_2022,drop_goals_converted,stable,starter,360,12,0.003145089563466478,0.03796689473852812,0.020341346669078178,1.8664887510246977,0.002698389871255523,0.21466331231755617,0.002777777777777778,1.0,0.002777777777777778,0.00036982521915443045,0.04696726993518798,rugby_championship,2022,south
v1,rugby_championship_2022,drop_goals_converted,stable,bench,191,12,0.00023927358669871747,0.00047854717339743493,0.0010694170636069958,0.4474841384925742,0.0,0.0,0.0,1.0,0.0,0.00023927358669871747,0.0019042189608106264,rugby_championship,2022,south
v1,rugby_championship_2022,drop_goals_converted,stable,zero_minute,6,4,0.0002928612053370934,0.0005857224106741868,0.002836892765957447,0.2064661793716078,0.0,0.0,0.0,1.0,0.0,0.0002928612053370934,0.0002928612053370934,rugby_championship,2022,south
v1,rugby_championship_2022,drop_goals_converted,stable,low_history,52,12,0.000322104123838053,0.000644208247676106,0.002299771005879337,0.280118431804382,0.0,0.0,0.0,1.0,0.0,0.000322104123838053,0.0009852596729163973,rugby_championship,2022,south
v1,rugby_championship_2022,drop_goals_converted,stable,south,551,12,0.00213781034102974,0.024971841408328553,0.013660877422898511,1.8279822470605351,0.0017135452094593682,0.31221823841147456,0.0018148820326678765,1.0,0.0018148820326678765,0.0003245704790472776,0.04869650856184462,rugby_championship,2022,south
v1,rugby_championship_2022,drop_goals_converted,stable,position:Back-row,95,12,0.00017888942973984332,0.00035777885947968664,1.9999999999999997e-08,17888.942973984336,0.0,0.0,0.0,1.0,0.0,0.00017888942973984332,0.0007081039927202132,rugby_championship,2022,south
v1,rugby_championship_2022,drop_goals_converted,stable,position:Back-three,96,12,0.0002832509929687528,0.0005665019859375056,1.9999999999999997e-08,28325.099296875287,0.0,0.0,0.0,1.0,0.0,0.0002832509929687528,0.001133003971875011,rugby_championship,2022,south
v1,rugby_championship_2022,drop_goals_converted,stable,position:Centre,48,12,0.00022550022044330814,0.0004510004408866163,1.9999999999999997e-08,22550.022044330817,0.0,0.0,0.0,1.0,0.0,0.00022550022044330814,0.0004510004408866163,rugby_championship,2022,south
v1,rugby_championship_2022,drop_goals_converted,stable,position:Fly-half,48,12,0.022451375216892902,0.2824781175207495,0.1568152791670225,1.8013430771620456,0.027038251600173015,-3.790669061526965,0.020833333333333332,1.0,0.020833333333333332,0.0016368926345525418,0.04484980514342319,rugby_championship,2022,south
v1,rugby_championship_2022,drop_goals_converted,stable,position:Hooker,48,12,0.0001452838575833849,0.0002905677151667698,1.9999999999999997e-08,14528.385758338492,0.0,0.0,0.0,1.0,0.0,0.0001452838575833849,0.0002905677151667698,rugby_championship,2022,south
v1,rugby_championship_2022,drop_goals_converted,stable,position:Prop,96,12,0.00014781510287325875,0.0002956302057465175,1.9999999999999997e-08,14781.510287325877,0.0,0.0,0.0,1.0,0.0,0.00014781510287325875,0.0005912604114930349,rugby_championship,2022,south
v1,rugby_championship_2022,drop_goals_converted,stable,position:Scrum-half,48,12,0.00027183651811707384,0.0005436730362341477,1.9999999999999997e-08,27183.651811707387,0.0,0.0,0.0,1.0,0.0,0.00027183651811707384,0.0005436730362341477,rugby_championship,2022,south
v1,rugby_championship_2022,drop_goals_converted,stable,position:Second-row,72,12,0.0001534008035487349,0.0003068016070974698,1.9999999999999997e-08,15340.080354873491,0.0,0.0,0.0,1.0,0.0,0.0001534008035487349,0.00046020241064620465,rugby_championship,2022,south
v1,rugby_championship_2022,drop_goal_missed,stable,all,551,12,0.005710714186128996,0.03655284838805255,0.028849614568887353,1.2670134050065502,0.0034748893916851263,0.07332705824846436,0.003629764065335753,1.0,0.003629764065335753,0.0021121080996573554,0.11543784931072047,rugby_championship,2022,south
v1,rugby_championship_2022,drop_goal_missed,stable,starter,360,12,0.007335281796069673,0.0531355981163138,0.043025985073444385,1.234965289594475,0.004971452320461791,0.319633554816906,0.005555555555555556,1.0,0.005555555555555556,0.0018274152581644677,0.10608155837792012,rugby_championship,2022,south
v1,rugby_championship_2022,drop_goal_missed,stable,bench,191,12,0.0026487019370261505,0.005297403874052301,0.0021297539320259116,2.487331420965232,0.0,0.0,0.0,1.0,0.0,0.0026487019370261505,0.02107925291549978,rugby_championship,2022,south
v1,rugby_championship_2022,drop_goal_missed,stable,zero_minute,6,4,0.001500061274254892,0.003000122548509784,0.0028248754237288135,1.0620371161534783,0.0,0.0,0.0,1.0,0.0,0.001500061274254892,0.001500061274254892,rugby_championship,2022,south
v1,rugby_championship_2022,drop_goal_missed,stable,low_history,52,12,0.0015410904945055452,0.0030821809890110904,0.006975703286064804,0.44184519647908327,0.0,0.0,0.0,1.0,0.0,0.0015410904945055452,0.004713923865546373,rugby_championship,2022,south
v1,rugby_championship_2022,drop_goal_missed,stable,south,551,12,0.005710714186128996,0.03655284838805255,0.028849614568887353,1.2670134050065502,0.0034748893916851263,0.07332705824846436,0.003629764065335753,1.0,0.003629764065335753,0.0021121080996573554,0.11543784931072047,rugby_championship,2022,south
v1,rugby_championship_2022,drop_goal_missed,stable,position:Back-row,95,12,0.00029232346401323077,0.0005846469280264615,1.9999999999999997e-08,29232.34640132308,0.0,0.0,0.0,1.0,0.0,0.00029232346401323077,0.0011571137117190383,rugby_championship,2022,south
v1,rugby_championship_2022,drop_goal_missed,stable,position:Back-three,96,12,0.01501543077285659,0.10354483069518096,0.09708358069963695,1.0665534784458992,0.010534378431516412,-0.025140462459341123,0.010416666666666666,1.0,0.010416666666666666,0.004682163863935025,0.059439439528446956,rugby_championship,2022,south
v1,rugby_championship_2022,drop_goal_missed,stable,position:Centre,48,12,0.0007713790860769898,0.0015427581721539796,1.9999999999999997e-08,77137.90860769899,0.0,0.0,0.0,1.0,0.0,0.0007713790860769898,0.0015427581721539796,rugby_championship,2022,south
v1,rugby_championship_2022,drop_goal_missed,stable,position:Fly-half,48,12,0.031705703602928036,0.20487122783822886,0.13700220292274556,1.4953863767705553,0.023515181303325517,-0.24241075499819845,0.020833333333333332,1.0,0.020833333333333332,0.011063238386482125,0.0633045602992292,rugby_championship,2022,south
v1,rugby_championship_2022,drop_goal_missed,stable,position:Hooker,48,12,0.00025556236398785876,0.0005111247279757175,1.9999999999999997e-08,25556.23639878588,0.0,0.0,0.0,1.0,0.0,0.00025556236398785876,0.0005111247279757175,rugby_championship,2022,south
v1,rugby_championship_2022,drop_goal_missed,stable,position:Prop,96,12,0.0002841844520934273,0.0005683689041868546,1.9999999999999997e-08,28418.445209342735,0.0,0.0,0.0,1.0,0.0,0.0002841844520934273,0.0011367378083737092,rugby_championship,2022,south
v1,rugby_championship_2022,drop_goal_missed,stable,position:Scrum-half,48,12,0.001260864588483265,0.00252172917696653,1.9999999999999997e-08,126086.45884832651,0.0,0.0,0.0,1.0,0.0,0.001260864588483265,0.00252172917696653,rugby_championship,2022,south
v1,rugby_championship_2022,drop_goal_missed,stable,position:Second-row,72,12,0.00025529532069115614,0.0005105906413823123,1.9999999999999997e-08,25529.53206911562,0.0,0.0,0.0,1.0,0.0,0.00025529532069115614,0.0007658859620734686,rugby_championship,2022,south
v1,rugby_championship_2022,defenders_beaten,stable,all,551,12,0.7995076439514955,1.2889594882673532,1.3992867504178415,0.9211546438801458,0.03616085126272685,0.8395863595385132,0.41560798548094374,1.0,0.7840290381125227,0.8907579051913959,4.485019400973953,rugby_championship,2022,south
v1,rugby_championship_2022,defenders_beaten,stable,starter,360,12,0.9503793154129015,1.438667421958836,1.6244938232610369,0.885609659672839,0.08706989258822363,0.8236201479911857,0.5111111111111111,1.0,1.0305555555555554,1.1455349474736618,3.641476431010871,rugby_championship,2022,south
v1,rugby_championship_2022,defenders_beaten,stable,bench,191,12,0.515142189888112,1.0067874666498988,0.9748126864201954,1.0328009479925055,0.20563330300199795,0.27703924366609217,0.2356020942408377,1.0,0.3193717277486911,0.4105498673818895,2.320826802789767,rugby_championship,2022,south
v1,rugby_championship_2022,defenders_beaten,stable,zero_minute,6,4,0.4761185444792526,0.9522370889585052,0.9470963389224378,1.0054279061430185,0.0,0.0,0.0,1.0,0.0,0.4761185444792526,0.4761185444792526,rugby_championship,2022,south
v1,rugby_championship_2022,defenders_beaten,stable,low_history,52,12,0.4794209028110813,0.8381626621883046,1.0133867278540694,0.8270906250797104,0.03837306959493713,0.3885735194372851,0.21153846153846154,1.0,0.25,0.5446251991425757,1.1299767718146125,rugby_championship,2022,south
v1,rugby_championship_2022,defenders_beaten,stable,south,551,12,0.7995076439514955,1.2889594882673532,1.3992867504178415,0.9211546438801458,0.03616085126272685,0.8395863595385132,0.41560798548094374,1.0,0.7840290381125227,0.8907579051913959,4.485019400973953,rugby_championship,2022,south
v1,rugby_championship_2022,defenders_beaten,stable,position:Back-row,95,12,0.849590718728233,1.3039784583839655,1.4352719286637374,0.9085236270160956,0.01447136652478817,0.8268653511320312,0.5157894736842106,1.0,0.8736842105263158,1.0391206292840913,2.0134312047657286,rugby_championship,2022,south
v1,rugby_championship_2022,defenders_beaten,stable,position:Back-three,96,12,1.1180743296669153,1.5105093530103109,1.6816699048621604,0.8982198876503776,-0.0993582190801489,0.7247862207772781,0.59375,1.0,1.1354166666666667,1.7036401222178508,2.9297396730470013,rugby_championship,2022,south
v1,rugby_championship_2022,defenders_beaten,stable,position:Centre,48,12,1.59005538885026,2.1823298857709155,2.445242308279601,0.8924800124640152,-1.6864922603764645,2.491757822442814,0.7291666666666666,1.0,2.0833333333333335,1.5129181334380313,2.3261717024463273,rugby_championship,2022,south
v1,rugby_championship_2022,defenders_beaten,stable,position:Fly-half,48,12,0.9961076179260585,1.56634473386611,1.4976621179528309,1.0458598872802913,-0.1566561863504651,1.0173090468151664,0.4375,1.0,0.9583333333333334,1.096018484426571,1.4457909945005607,rugby_championship,2022,south
v1,rugby_championship_2022,defenders_beaten,stable,position:Hooker,48,12,0.5471737976457175,1.0899752022811446,1.2237401685017064,0.8906916928416776,-0.04968844016295348,1.0878664153420934,0.3333333333333333,1.0,0.5208333333333334,0.5244410209289153,0.7333519592305381,rugby_championship,2022,south
v1,rugby_championship_2022,defenders_beaten,stable,position:Prop,96,12,0.4397001514108266,1.041245725118127,1.1253983750051058,0.925224123513954,0.014503085531580764,0.9989858366654166,0.1875,1.0,0.2916666666666667,0.2774449556364573,1.049847237092749,rugby_championship,2022,south
v1,rugby_championship_2022,defenders_beaten,stable,position:Scrum-half,48,12,0.5868541514628677,1.085539241480206,1.2383679952857691,0.8765885791724649,0.4300586621445338,0.057877290901926566,0.3541666666666667,1.0,0.4583333333333333,0.4885278966617677,0.8165371932327988,rugby_championship,2022,south
v1,rugby_championship_2022,defenders_beaten,stable,position:Second-row,72,12,0.440306631557684,0.791793915908095,0.8019028759578114,0.9873937850171169,-0.0840469641297316,0.8929218864613382,0.2222222222222222,1.0,0.2638888888888889,0.3896599000361554,0.9328089447420558,rugby_championship,2022,south
v1,rugby_championship_2022,clean_breaks,stable,all,551,12,0.273576536141603,0.6035477991653618,0.6428960005036782,0.9387953863338876,-0.01098365806938961,1.1240581945145303,0.1560798548094374,1.0,0.19782214156079855,0.18576066670673513,1.5435836802395844,rugby_championship,2022,south
v1,rugby_championship_2022,clean_breaks,stable,starter,360,12,0.36037142847353515,0.7675743498304131,0.8155630275500241,0.9411588361677325,0.012012054682133082,1.096103273213412,0.21666666666666667,1.0,0.28055555555555556,0.24499835684838522,1.5779545225579197,rugby_championship,2022,south
v1,rugby_championship_2022,clean_breaks,stable,bench,191,12,0.10998406891911314,0.2943878083830663,0.3174502950760108,0.9273508733472041,0.04466305542190594,-0.037488811307952556,0.041884816753926704,1.0,0.041884816753926704,0.0741084758638344,0.5909055224279046,rugby_championship,2022,south
v1,rugby_championship_2022,clean_breaks,stable,zero_minute,6,4,0.09969864894674955,0.1993972978934991,0.30501945484794807,0.6537199340051882,0.0,0.0,0.0,1.0,0.0,0.09969864894674955,0.09969864894674955,rugby_championship,2022,south
v1,rugby_championship_2022,clean_breaks,stable,low_history,52,12,0.20809009074920792,0.39815237031510914,0.43597318810097063,0.9132496703510532,-0.03642831446549343,0.9682991797511786,0.11538461538461539,1.0,0.1346153846153846,0.17664344105385987,0.5215138210803973,rugby_championship,2022,south
v1,rugby_championship_2022,clean_breaks,stable,south,551,12,0.273576536141603,0.6035477991653618,0.6428960005036782,0.9387953863338876,-0.01098365806938961,1.1240581945145303,0.1560798548094374,1.0,0.19782214156079855,0.18576066670673513,1.5435836802395844,rugby_championship,2022,south
v1,rugby_championship_2022,clean_breaks,stable,position:Back-row,95,12,0.3041523513162875,0.7722146587054864,0.6652772504112083,1.1607411169225763,0.2561266026645096,-0.3145706493509498,0.18947368421052632,1.0,0.21052631578947367,0.14496039909992361,0.6497075433150608,rugby_championship,2022,south
v1,rugby_championship_2022,clean_breaks,stable,position:Back-three,96,12,0.49423309475144755,0.8314598314428387,1.0173147616137725,0.8173083325006402,-0.28232108866804373,1.592283349877194,0.3229166666666667,1.0,0.4375,0.45206846427400027,0.9465753161833378,rugby_championship,2022,south
v1,rugby_championship_2022,clean_breaks,stable,position:Centre,48,12,0.630879314987849,1.3689628483632479,1.3261416654207112,1.032290051703452,-0.09510509700807916,1.9194827559544954,0.3541666666666667,1.0,0.5416666666666666,0.3317413306784829,0.8325037833783515,rugby_championship,2022,south
v1,rugby_championship_2022,clean_breaks,stable,position:Fly-half,48,12,0.26986967843137605,0.5321801153705573,0.5431984098893325,0.9797158932754976,0.038400458323764694,0.3944445503365721,0.125,1.0,0.125,0.21954807488743747,0.45675390261093635,rugby_championship,2022,south
v1,rugby_championship_2022,clean_breaks,stable,position:Hooker,48,12,0.13664632459725823,0.39887786136744857,0.4362718843092337,0.9142873417089609,0.018848740550122443,0.538095266894605,0.041666666666666664,1.0,0.0625,0.08112180525540179,0.26101050226715433,rugby_championship,2022,south
v1,rugby_championship_2022,clean_breaks,stable,position:Prop,96,12,0.09066996509339977,0.30576520270288293,0.31889636084873985,0.9588231169809889,0.03782018115636218,0.3289059845309912,0.052083333333333336,1.0,0.052083333333333336,0.04336543829480612,0.32508581871060377,rugby_championship,2022,south
v1,rugby_championship_2022,clean_breaks,stable,position:Scrum-half,48,12,0.18092902985023204,0.4097954067863365,0.6329047159969913,0.6474835728484043,0.017211214600613593,0.32014903809277123,0.0625,1.0,0.0625,0.14146156949021615,0.3271850086536816,rugby_championship,2022,south
v1,rugby_championship_2022,clean_breaks,stable,position:Second-row,72,12,0.10022132772594786,0.27707864381249325,0.3015179069788869,0.9189458980686511,-0.15902253297729668,3.986648148243011,0.05555555555555555,1.0,0.05555555555555555,0.05382418526887575,0.2834969471259395,rugby_championship,2022,south
v1,rugby_championship_2022,offload,stable,all,551,12,0.4015200612991578,0.81099887043782,0.84616058386077,0.9584455786601193,0.023824271814445144,0.9867912420349044,0.22686025408348456,1.0,0.294010889292196,0.27380321791323126,2.30049314451101,rugby_championship,2022,south
v1,rugby_championship_2022,offload,stable,starter,360,12,0.4973555098201618,0.9667204628443699,1.0033864935432737,0.9634577194980725,0.0622013355482083,0.9191370999741822,0.2833333333333333,1.0,0.38333333333333336,0.34938421895291294,2.1029594503278957,rugby_championship,2022,south
v1,rugby_championship_2022,offload,stable,bench,191,12,0.22088780230668958,0.5174922041218097,0.5498185551398208,0.9412054200138983,0.01568461005752826,0.8372474433468583,0.12041884816753927,1.0,0.1256544502617801,0.131346880875088,0.9147805110441656,rugby_championship,2022,south
v1,rugby_championship_2022,offload,stable,zero_minute,6,4,0.16497067194083467,0.32994134388166935,0.32947820380264786,1.001405677442927,0.0,0.0,0.0,1.0,0.0,0.16497067194083467,0.16497067194083467,rugby_championship,2022,south
v1,rugby_championship_2022,offload,stable,low_history,52,12,0.24872217373557945,0.48987726546124233,0.5071928732607843,0.9658599150098097,-0.1155077811664294,1.9606006900574178,0.19230769230769232,1.0,0.19230769230769232,0.15700059427455731,0.527536289179347,rugby_championship,2022,south
v1,rugby_championship_2022,offload,stable,south,551,12,0.4015200612991578,0.81099887043782,0.84616058386077,0.9584455786601193,0.023824271814445144,0.9867912420349044,0.22686025408348456,1.0,0.294010889292196,0.27380321791323126,2.30049314451101,rugby_championship,2022,south
v1,rugby_championship_2022,offload,stable,position:Back-row,95,12,0.4404244961658063,0.778800056392708,0.8638634351935505,0.9015314512278392,-0.21781320166249424,1.6652043417860258,0.2631578947368421,1.0,0.3368421052631579,0.3330854316238168,0.8099326156313031,rugby_championship,2022,south
v1,rugby_championship_2022,offload,stable,position:Back-three,96,12,0.564059251628065,1.0543931539417792,1.0858466812754244,0.9710331781861689,0.15966377538830154,0.6697317602763201,0.3125,1.0,0.4479166666666667,0.4304005101377257,1.2694616692115284,rugby_championship,2022,south
v1,rugby_championship_2022,offload,stable,position:Centre,48,12,0.6666344554810428,1.3928975998351756,1.3873694582263845,1.0039846210942673,-0.20492041861743862,1.9452777167549578,0.3541666666666667,1.0,0.5625,0.39450429725665187,1.033096392164347,rugby_championship,2022,south
v1,rugby_championship_2022,offload,stable,position:Fly-half,48,12,0.4236386253275764,0.7553965882160151,0.8186956017127635,0.9226830908040512,0.00389346247834663,0.7849803357854922,0.25,1.0,0.2916666666666667,0.3665992523244029,0.6268940571314836,rugby_championship,2022,south
v1,rugby_championship_2022,offload,stable,position:Hooker,48,12,0.31056760520727006,0.7126525370056301,0.7363733827361637,0.9677869321642326,0.018316465037999125,1.3361891175326919,0.20833333333333334,1.0,0.22916666666666666,0.15779966986859464,0.518359924305199,rugby_championship,2022,south
v1,rugby_championship_2022,offload,stable,position:Prop,96,12,0.18626673355070708,0.45669473424601287,0.46216330882535456,0.9881674410864836,0.09738050238842406,-0.03195079191186535,0.09375,1.0,0.09375,0.11362793130256815,0.49755754864748664,rugby_championship,2022,south
v1,rugby_championship_2022,offload,stable,position:Scrum-half,48,12,0.3031742164678551,0.6188382614056677,0.6834441395576162,0.9054701409924051,-0.005579664252425095,0.6990488509568173,0.125,1.0,0.14583333333333334,0.21659859304326623,0.502386393427325,rugby_championship,2022,south
v1,rugby_championship_2022,offload,stable,position:Second-row,72,12,0.3551835658847571,0.8441702171903347,0.8543907273200232,0.988037662625685,0.13721329068692728,0.7301397813533748,0.2222222222222222,1.0,0.2638888888888889,0.17349499566666243,0.7325219548341887,rugby_championship,2022,south
v1,rugby_championship_2022,runs,stable,all,551,12,2.000199193315029,1.6528070363641358,1.9331916335935089,0.8549628539886753,-0.6632178193546318,1.028266529296929,0.8892921960072595,1.0,4.121597096188748,4.653282762023739,15.719382794049887,rugby_championship,2022,south
v1,rugby_championship_2022,runs,stable,starter,360,12,2.192002766625045,1.4673147009392102,1.9136256107997238,0.7667720857508823,-0.8885842952356902,1.06413799799644,0.9638888888888889,1.0,5.230555555555555,5.750325486273743,12.75109192604612,rugby_championship,2022,south
v1,rugby_championship_2022,runs,stable,bench,191,12,1.6386846048773045,2.0024260978980273,1.9700700011629473,1.0164238309887363,0.0027602592995807852,0.7846094161230569,0.7486910994764397,1.0,2.031413612565445,2.5855582555839414,7.1942184860158065,rugby_championship,2022,south
v1,rugby_championship_2022,runs,stable,zero_minute,6,4,2.7761582908617846,5.552316581723569,4.5449145815677525,1.2216547708600316,0.0,0.0,0.0,1.0,0.0,2.7761582908617846,2.7761582908617846,rugby_championship,2022,south
v1,rugby_championship_2022,runs,stable,low_history,52,12,1.8820648457258153,2.03560548817616,2.3288848750990407,0.8740687484990393,-0.08346703329796346,0.6368960247857128,0.7692307692307693,1.0,2.0576923076923075,3.361866392101718,4.535872111379546,rugby_championship,2022,south
v1,rugby_championship_2022,runs,stable,south,551,12,2.000199193315029,1.6528070363641358,1.9331916335935089,0.8549628539886753,-0.6632178193546318,1.028266529296929,0.8892921960072595,1.0,4.121597096188748,4.653282762023739,15.719382794049887,rugby_championship,2022,south
v1,rugby_championship_2022,runs,stable,position:Back-row,95,12,2.285387974745547,1.524509624374586,2.009919662453433,0.758492815834079,-1.327098237066987,1.1475414055032342,0.968421052631579,1.0,5.6421052631578945,6.07316081738128,4.954714159188083,rugby_championship,2022,south
v1,rugby_championship_2022,runs,stable,position:Back-three,96,12,2.1378328471689243,1.5335592417248638,1.8478773879237895,0.8299031373764021,0.10325989942676385,0.8179685145928663,0.9479166666666666,1.0,4.885416666666667,5.8463824486204885,5.217610992492755,rugby_championship,2022,south
v1,rugby_championship_2022,runs,stable,position:Centre,48,12,2.4127126891249433,1.462757062861625,1.6298962400731274,0.8974540997750855,0.16202563072676035,0.9813774164597995,1.0,1.0,6.166666666666667,6.118584894281473,3.0063168024617273,rugby_championship,2022,south
v1,rugby_championship_2022,runs,stable,position:Fly-half,48,12,1.8384056380039036,1.7021465547941481,1.6215873972959314,1.0496791956033653,-1.2055969803141222,1.214873261873648,0.7916666666666666,1.0,3.7083333333333335,4.044809008364304,2.769722649170939,rugby_championship,2022,south
v1,rugby_championship_2022,runs,stable,position:Hooker,48,12,1.9820989738855044,1.860952061310961,2.442277713231483,0.7619739766812411,-3.268333804324017,1.60303137904652,0.8541666666666666,1.0,3.4791666666666665,4.209212969370619,2.9340550509067636,rugby_championship,2022,south
v1,rugby_championship_2022,runs,stable,position:Prop,96,12,1.6774951024359563,1.6533824907139483,1.8642443670085427,0.8868915041256348,0.3282970289429341,0.7617300434157014,0.8645833333333334,1.0,2.6875,3.097164135049836,3.4535902778093104,rugby_championship,2022,south
v1,rugby_championship_2022,runs,stable,position:Scrum-half,48,12,1.6616384933974133,2.1845271719812485,2.4562358072226016,0.8893800691112842,0.9103110627389375,0.5068346690531149,0.7083333333333334,1.0,2.125,2.396617696911666,2.222343423625336,rugby_championship,2022,south
v1,rugby_championship_2022,runs,stable,position:Second-row,72,12,1.941296341971125,1.5808816605753355,1.7594815295546185,0.8984928991982699,-1.5834284194285797,1.1715631180329376,0.875,1.0,3.6805555555555554,4.49312879004112,3.662841829624201,rugby_championship,2022,south
v1,rugby_championship_2022,tackles,stable,all,551,12,2.154903941947603,1.7324535247940993,1.8845424049940964,0.9192966527062714,-0.1315342493245079,1.0013447724733324,0.925589836660617,1.0,4.972776769509982,5.097456100186938,19.967768004498197,rugby_championship,2022,south
v1,rugby_championship_2022,tackles,stable,starter,360,12,2.374655087626828,1.613646713717573,1.7868491689856427,0.9030682285475762,0.10272369467145523,0.9717048174901084,0.9805555555555555,1.0,6.194444444444445,6.269106255444699,13.93084033803787,rugby_championship,2022,south
v1,rugby_championship_2022,tackles,stable,bench,191,12,1.7407133008768123,1.9563825927917404,2.0686762529681455,0.9457171415704677,-0.09918800457558728,0.9585459970404868,0.8219895287958116,1.0,2.670157068062827,2.88911025781629,7.483833097111325,rugby_championship,2022,south
v1,rugby_championship_2022,tackles,stable,zero_minute,6,4,2.2126560700773164,3.8436707339359213,4.18709257831163,0.9179808332506019,-0.9792527306033653,0.5155504819377238,0.16666666666666666,1.0,0.3333333333333333,2.54598940341065,2.2126560700773164,rugby_championship,2022,south
v1,rugby_championship_2022,tackles,stable,low_history,52,12,1.8887580235448644,1.9606307221115193,2.150040978571145,0.9119038853922206,0.8651766035169489,0.7469460842131108,0.8461538461538461,1.0,3.8653846153846154,4.016632626206628,3.643948040545872,rugby_championship,2022,south
v1,rugby_championship_2022,tackles,stable,south,551,12,2.154903941947603,1.7324535247940993,1.8845424049940964,0.9192966527062714,-0.1315342493245079,1.0013447724733324,0.925589836660617,1.0,4.972776769509982,5.097456100186938,19.967768004498197,rugby_championship,2022,south
v1,rugby_championship_2022,tackles,stable,position:Back-row,95,12,2.5075550987355797,1.6553025310670035,1.9845229052025442,0.8341060346179578,-0.9190398843073742,1.089964323486677,0.968421052631579,1.0,7.4526315789473685,7.680683929612191,5.645302729609714,rugby_championship,2022,south
v1,rugby_championship_2022,tackles,stable,position:Back-three,96,12,1.832418874417893,2.017548285654668,1.9379991813459465,1.0410470267863965,0.7167297092062067,0.7413951852780909,0.8541666666666666,1.0,2.8958333333333335,2.9391931150858035,4.435748275152977,rugby_championship,2022,south
v1,rugby_championship_2022,tackles,stable,position:Centre,48,12,2.3646652790656177,1.7781625888588894,1.817927592390941,0.9781261895696557,3.8449183320139966,0.2844402862829441,0.9791666666666666,1.0,5.541666666666667,5.965218066771478,2.98236353707811,rugby_championship,2022,south
v1,rugby_championship_2022,tackles,stable,position:Fly-half,48,12,1.782815320012548,1.8573193960866259,1.8913010708199265,0.9820326465957275,-0.7964097553474385,1.2770470019316245,0.7916666666666666,1.0,3.2291666666666665,3.152253923250384,2.351793543867358,rugby_championship,2022,south
v1,rugby_championship_2022,tackles,stable,position:Hooker,48,12,2.3680964476871944,1.7649582776106978,1.8792485348316372,0.9391830004905771,-1.9668111870025193,1.437507034019393,0.9791666666666666,1.0,5.5,5.194278017634932,2.9342853662222272,rugby_championship,2022,south
v1,rugby_championship_2022,tackles,stable,position:Prop,96,12,2.0872394100490865,1.6315841820385912,1.7963700309764132,0.9082673134731306,-1.028151804117039,1.219264219542119,0.9479166666666666,1.0,4.770833333333333,4.756134925068266,5.764990788635887,rugby_championship,2022,south
v1,rugby_championship_2022,tackles,stable,position:Scrum-half,48,12,1.7600836586451825,1.5080891462406962,1.9755042968223364,0.7633945158542592,0.7349208286409828,0.7966688265551025,0.9375,1.0,3.5416666666666665,3.52310237889238,2.466837039802114,rugby_championship,2022,south
v1,rugby_championship_2022,tackles,stable,position:Second-row,72,12,2.4391031731210173,1.6028058776302612,1.7817032364034249,0.8995919437547362,-0.27147651973718995,0.951131380440967,0.9444444444444444,1.0,6.125,6.725124048342969,5.094940610147737,rugby_championship,2022,south
v1,rugby_championship_2022,missed_tackles,stable,all,551,12,0.7342358003634805,1.1752689877821,1.184928728480586,0.99184782977549,0.071001743970073,0.9146204514328747,0.4900181488203267,1.0,0.7803992740471869,0.7756195796472168,4.553888563279666,rugby_championship,2022,south
v1,rugby_championship_2022,missed_tackles,stable,starter,360,12,0.8343904063777479,1.27022987878931,1.2719499848798064,0.9986476621636511,0.3694097877400711,0.6376175696066526,0.5972222222222222,1.0,0.9916666666666667,0.9759092418210293,3.9705854825412863,rugby_championship,2022,south
v1,rugby_championship_2022,missed_tackles,stable,bench,191,12,0.5454627209648611,0.9962851094439032,1.0209096064715835,0.9758798459025319,-0.5668235669359801,2.3838182391284763,0.2879581151832461,1.0,0.38219895287958117,0.39811026874369565,1.3995837755955725,rugby_championship,2022,south
v1,rugby_championship_2022,missed_tackles,stable,zero_minute,6,4,0.49944231899899977,0.9988846379979995,0.9699184906072277,1.029864517143742,0.0,0.0,0.0,1.0,0.0,0.49944231899899977,0.49944231899899977,rugby_championship,2022,south
v1,rugby_championship_2022,missed_tackles,stable,low_history,52,12,0.7691547146364652,1.2979974799183662,1.2896231356999748,1.0064936367738517,-0.6767302030221201,2.2974610164747453,0.4423076923076923,1.0,0.7884615384615384,0.637743896839594,1.4271074731209343,rugby_championship,2022,south
v1,rugby_championship_2022,missed_tackles,stable,south,551,12,0.7342358003634805,1.1752689877821,1.184928728480586,0.99184782977549,0.071001743970073,0.9146204514328747,0.4900181488203267,1.0,0.7803992740471869,0.7756195796472168,4.553888563279666,rugby_championship,2022,south
v1,rugby_championship_2022,missed_tackles,stable,position:Back-row,95,12,0.799141532314861,1.2704191542703471,1.3064447100942391,0.9724247374989996,-0.3085581003376004,1.5202427066500352,0.5157894736842106,1.0,0.9263157894736842,0.8122873304437149,1.9210704020827514,rugby_championship,2022,south
v1,rugby_championship_2022,missed_tackles,stable,position:Back-three,96,12,0.7364307703954114,1.2123523484892693,1.2453226608164265,0.9735246829078481,0.08682533430132405,0.7324368711902817,0.4479166666666667,1.0,0.6875,0.8201043520959296,1.900573681309717,rugby_championship,2022,south
v1,rugby_championship_2022,missed_tackles,stable,position:Centre,48,12,0.8442450503574493,1.1461510902374532,1.1185043981027054,1.0247175533521766,1.0216699345975628,0.016050138966183177,0.6666666666666666,1.0,1.0416666666666667,1.2458915222625861,1.5439386568788784,rugby_championship,2022,south
v1,rugby_championship_2022,missed_tackles,stable,position:Fly-half,48,12,0.6911123818889809,1.0889664171543734,1.0628995744691643,1.0245242761511382,-0.3881298078489131,1.5134239536654095,0.4166666666666667,1.0,0.7916666666666666,0.7795545138942686,1.0398579225192686,rugby_championship,2022,south
v1,rugby_championship_2022,missed_tackles,stable,position:Hooker,48,12,0.7261167359091057,1.316096834336827,1.2804953373479677,1.02780291028829,0.09413084658539458,0.8927427696866312,0.3958333333333333,1.0,0.6666666666666666,0.6413222705597968,0.907967004790588,rugby_championship,2022,south
v1,rugby_championship_2022,missed_tackles,stable,position:Prop,96,12,0.6024570398632572,0.9506419571619764,0.9620490462591204,0.9881429235427239,-0.08783702665623809,1.235134857236047,0.4895833333333333,1.0,0.6354166666666666,0.5855665792975703,1.0057868937142618,rugby_championship,2022,south
v1,rugby_championship_2022,missed_tackles,stable,position:Scrum-half,48,12,0.8311005988022302,1.3062601054551202,1.420144119842176,0.9198081287695561,0.5265601258564723,0.6437300463761422,0.6041666666666666,1.0,1.0208333333333333,0.7678268402404956,1.0466562180677277,rugby_championship,2022,south
v1,rugby_championship_2022,missed_tackles,stable,position:Second-row,72,12,0.7176203032161241,1.1955161917349095,1.1463571309169565,1.042882849935806,0.31151587397564623,0.46773034565339255,0.4305555555555556,1.0,0.6388888888888888,0.6999182711908958,1.4082733707422737,rugby_championship,2022,south
v1,rugby_championship_2022,rucks_won,stable,all,551,12,1.7192250902932782,1.6534603175926783,2.321047506989594,0.7123767663580577,-0.255982306636153,0.9050504635837494,0.8348457350272233,1.0,3.0090744101633393,3.607596314431763,15.855369578726902,rugby_championship,2022,south
v1,rugby_championship_2022,rucks_won,stable,starter,360,12,1.9230606831563182,1.6050215163624204,2.413586932164007,0.664994285050826,-0.5843842857779976,0.9670707636439457,0.9138888888888889,1.0,3.7333333333333334,4.464738033070164,12.534522338388953,rugby_championship,2022,south
v1,rugby_championship_2022,rucks_won,stable,bench,191,12,1.3350323498184382,1.744758581691593,2.1466276480221147,0.8127905104078946,-0.04544867736259661,0.8480887336974003,0.6858638743455497,1.0,1.643979057591623,1.9920412426525775,5.402404417985733,rugby_championship,2022,south
v1,rugby_championship_2022,rucks_won,stable,zero_minute,6,4,1.9354150900267897,3.8708301800535794,1.6738837801318052,2.312484430519293,0.0,0.0,0.0,1.0,0.0,1.9354150900267897,1.9354150900267897,rugby_championship,2022,south
v1,rugby_championship_2022,rucks_won,stable,low_history,52,12,1.4160249373962122,1.7906795565922213,1.2964786952229561,1.3811870285182568,0.46730709076460114,0.3811016063802629,0.6923076923076923,1.0,1.3076923076923077,2.205147401265925,3.120900237915756,rugby_championship,2022,south
v1,rugby_championship_2022,rucks_won,stable,south,551,12,1.7192250902932782,1.6534603175926783,2.321047506989594,0.7123767663580577,-0.255982306636153,0.9050504635837494,0.8348457350272233,1.0,3.0090744101633393,3.607596314431763,15.855369578726902,rugby_championship,2022,south
v1,rugby_championship_2022,rucks_won,stable,position:Back-row,95,12,2.1729380917364067,1.7104944498040102,2.928440526795744,0.5840973836254095,-0.3538387288943118,0.9637293954987828,0.9263157894736842,1.0,4.4526315789473685,4.9873650531890945,4.594635131362944,rugby_championship,2022,south
v1,rugby_championship_2022,rucks_won,stable,position:Back-three,96,12,1.8161664218030777,1.7772916019700524,2.102802272246707,0.8452014844320728,0.12121437926361107,0.7236241692518418,0.8645833333333334,1.0,3.0416666666666665,4.035868910269433,5.009112880284176,rugby_championship,2022,south
v1,rugby_championship_2022,rucks_won,stable,position:Centre,48,12,1.7892494243874166,1.4252808203503031,2.211088203794778,0.6446060441660203,0.7137424441057033,0.7345623803119015,0.9791666666666666,1.0,4.083333333333333,4.587208628621675,2.6751828078566344,rugby_championship,2022,south
v1,rugby_championship_2022,rucks_won,stable,position:Fly-half,48,12,1.3503530165413302,1.4968673282953666,2.264772300687762,0.6609350210795145,0.030155540024713857,0.8562805435477775,0.7083333333333334,1.0,2.0416666666666665,2.3491262785299027,2.077920315922761,rugby_championship,2022,south
v1,rugby_championship_2022,rucks_won,stable,position:Hooker,48,12,1.5531196658705528,1.5016970224690092,2.2799689870381403,0.6586480039887876,-1.867115286776489,1.310888547018366,0.8333333333333334,1.0,2.75,3.5221264975410627,2.3657147161757734,rugby_championship,2022,south
v1,rugby_championship_2022,rucks_won,stable,position:Prop,96,12,1.5958565285335224,1.7316333052634756,2.306770741674566,0.7506742104793743,0.8218010750865403,0.5709696430760381,0.8333333333333334,1.0,2.4270833333333335,2.8115019383491315,2.9064551573699595,rugby_championship,2022,south
v1,rugby_championship_2022,rucks_won,stable,position:Scrum-half,48,12,1.2164274235376518,1.787309149879199,1.865137182993826,0.9582722204970998,0.5580337723809397,0.42366589808253924,0.5625,1.0,1.1666666666666667,1.4365869356970329,1.7667158886711452,rugby_championship,2022,south
v1,rugby_championship_2022,rucks_won,stable,position:Second-row,72,12,1.800979518724311,1.577325885556387,2.2718043971185042,0.6943053229217379,-1.478392507289803,1.1707119208419479,0.8472222222222222,1.0,3.1666666666666665,3.9677217693451485,3.4534490931262005,rugby_championship,2022,south
v1,rugby_championship_2022,rucks_lost,stable,all,551,12,0.29383217114316623,0.6604939738466447,0.7239919204870632,0.9122946750597707,0.04104479138272101,0.9236043192122967,0.17967332123411978,1.0,0.19782214156079855,0.16974514618098205,1.203554222781645,rugby_championship,2022,south
v1,rugby_championship_2022,rucks_lost,stable,starter,360,12,0.35551004318428014,0.7507494824741359,0.8383563952725884,0.895501587042862,0.07650814047191426,0.8074515094475759,0.21944444444444444,1.0,0.24722222222222223,0.21142332357159543,1.255629321894079,rugby_championship,2022,south
v1,rugby_championship_2022,rucks_lost,stable,bench,191,12,0.17758068457352763,0.49037887905137306,0.5084358423572775,0.9644852667699698,0.17063364462038777,-0.7229084617639893,0.10471204188481675,1.0,0.10471204188481675,0.09118941916202497,0.6669767285491809,rugby_championship,2022,south
v1,rugby_championship_2022,rucks_lost,stable,zero_minute,6,4,0.10769704764139125,0.2153940952827825,0.11830509414707202,1.8206662767624648,0.0,0.0,0.0,1.0,0.0,0.10769704764139125,0.10769704764139125,rugby_championship,2022,south
v1,rugby_championship_2022,rucks_lost,stable,low_history,52,12,0.16282546692646335,0.39396863604472465,0.3583505248065281,1.099394611623428,0.09093401870282869,-0.2839580014033663,0.057692307692307696,1.0,0.057692307692307696,0.11706559014444072,0.39261234338642753,rugby_championship,2022,south
v1,rugby_championship_2022,rucks_lost,stable,south,551,12,0.29383217114316623,0.6604939738466447,0.7239919204870632,0.9122946750597707,0.04104479138272101,0.9236043192122967,0.17967332123411978,1.0,0.19782214156079855,0.16974514618098205,1.203554222781645,rugby_championship,2022,south
v1,rugby_championship_2022,rucks_lost,stable,position:Back-row,95,12,0.363873186124835,0.812335877991605,0.9032640863574014,0.8993337499639965,0.13895620062833797,0.7799593167322844,0.2631578947368421,1.0,0.28421052631578947,0.18623320802937363,0.7389244554029316,rugby_championship,2022,south
v1,rugby_championship_2022,rucks_lost,stable,position:Back-three,96,12,0.3172786128072736,0.6393625852165853,0.7040252532399959,0.9081529139390577,0.07660932727415048,0.6146839518810879,0.19791666666666666,1.0,0.20833333333333334,0.21429550203169312,0.7976389710048988,rugby_championship,2022,south
v1,rugby_championship_2022,rucks_lost,stable,position:Centre,48,12,0.41962684899349484,0.9041154786305716,1.0246261218337,0.8823857398955834,0.20198056262689643,0.5864404137371888,0.2916666666666667,1.0,0.3333333333333333,0.22398314923313278,0.6700821358057655,rugby_championship,2022,south
v1,rugby_championship_2022,rucks_lost,stable,position:Fly-half,48,12,0.2917155146638836,0.71830377338618,0.8325429871881398,0.8627828045398649,-0.14552499544756614,2.4995575369556104,0.14583333333333334,1.0,0.20833333333333334,0.1415683870241646,0.5212538848542069,rugby_championship,2022,south
v1,rugby_championship_2022,rucks_lost,stable,position:Hooker,48,12,0.2559165604040245,0.5476972507309567,0.6201257290690209,0.8832035586609198,-0.19965666882100486,2.4333411353787735,0.16666666666666666,1.0,0.16666666666666666,0.15054335381161,0.42965906815352545,rugby_championship,2022,south
v1,rugby_championship_2022,rucks_lost,stable,position:Prop,96,12,0.20264264231423246,0.49010487122350743,0.5270357090990062,0.929927256848243,-0.005251993679900507,0.8641245055537067,0.09375,1.0,0.10416666666666667,0.12662372105331599,0.5483281432319894,rugby_championship,2022,south
v1,rugby_championship_2022,rucks_lost,stable,position:Scrum-half,48,12,0.2723831375691964,0.7653166814850915,0.849601341227257,0.9007950486278476,0.3385022170020753,-1.262654069666218,0.16666666666666666,1.0,0.1875,0.11959112208935636,0.4753197068377604,rugby_championship,2022,south
v1,rugby_championship_2022,rucks_lost,stable,position:Second-row,72,12,0.2488654745568327,0.519869479428825,0.48939709711951157,1.062265147236605,0.009078026770803731,0.6626086497171356,0.125,1.0,0.125,0.17494787198851508,0.5523006206240554,rugby_championship,2022,south
v1,rugby_championship_2022,passes,stable,all,551,12,2.5508990286620143,2.5282596048683206,3.3353167287244405,0.7580268413774391,0.09537086811410042,0.8730643144252954,0.7894736842105263,1.0,5.2994555353902,5.960711692473364,18.266450270335373,rugby_championship,2022,south
v1,rugby_championship_2022,passes,stable,starter,360,12,2.6401207251206524,2.157036613039304,2.678297263975927,0.8053761029637119,-0.03687322497285235,0.8573053377315986,0.8805555555555555,1.0,6.280555555555556,7.3689367165776885,20.08111113813076,rugby_championship,2022,south
v1,rugby_championship_2022,passes,stable,bench,191,12,2.3827324803630106,3.2279469193104444,4.5736780235383945,0.7057661039316374,-0.18442465685119017,1.0992663785220302,0.6178010471204188,1.0,3.450261780104712,3.306465573742697,12.511969381981421,rugby_championship,2022,south
v1,rugby_championship_2022,passes,stable,zero_minute,6,4,9.864365159991404,19.72873031998281,21.762640193290338,0.9065412167254134,0.0,0.0,0.0,1.0,0.0,9.864365159991404,9.864365159991404,rugby_championship,2022,south
v1,rugby_championship_2022,passes,stable,low_history,52,12,3.4239110009810423,4.4852675524562535,5.747057699208099,0.7804458885238422,0.44259997480071234,0.9183420110090496,0.6538461538461539,1.0,6.5576923076923075,6.658839799970054,8.306779974313057,rugby_championship,2022,south
v1,rugby_championship_2022,passes,stable,south,551,12,2.5508990286620143,2.5282596048683206,3.3353167287244405,0.7580268413774391,0.09537086811410042,0.8730643144252954,0.7894736842105263,1.0,5.2994555353902,5.960711692473364,18.266450270335373,rugby_championship,2022,south
v1,rugby_championship_2022,passes,stable,position:Back-row,95,12,1.5788436403596262,1.3365948153124652,1.8662045183399611,0.7162102557234199,-0.8595087839740623,1.200790170695106,0.8526315789473684,1.0,3.1578947368421053,3.3456332495548313,3.9562168534615996,rugby_championship,2022,south
v1,rugby_championship_2022,passes,stable,position:Back-three,96,12,2.0061020951626283,2.1082150011353007,2.341378371189017,0.9004161937588457,0.5803033519528821,0.7542522573250175,0.8333333333333334,1.0,3.3333333333333335,3.6500122533861155,4.619132123642442,rugby_championship,2022,south
v1,rugby_championship_2022,passes,stable,position:Centre,48,12,2.320135095725601,2.280272413501154,2.7667378050616716,0.824173656545791,1.7784303562288042,0.4213561668884844,0.8958333333333334,1.0,3.5833333333333335,4.283556570283241,3.0462822908481706,rugby_championship,2022,south
v1,rugby_championship_2022,passes,stable,position:Fly-half,48,12,5.207849799590036,6.190411026191569,9.548424621825069,0.6483175258086025,2.5869377074315345,0.5852706332365413,0.8333333333333334,1.0,8.8125,10.63706589572274,7.164862622254223,rugby_championship,2022,south
v1,rugby_championship_2022,passes,stable,position:Hooker,48,12,1.092417406894908,1.3202030603209405,1.316045898632842,1.003158827281341,0.24159577313136688,0.7351532521017659,0.7291666666666666,1.0,1.4375,1.626741395007917,1.558453508427963,rugby_championship,2022,south
v1,rugby_championship_2022,passes,stable,position:Prop,96,12,0.9821788714641055,1.5370718716436436,1.5153059901297041,1.0143640173375652,-0.11086205408083306,0.797455042609719,0.4791666666666667,1.0,0.8854166666666666,1.249322742366915,2.0229385704950484,rugby_championship,2022,south
v1,rugby_championship_2022,passes,stable,position:Scrum-half,48,12,9.19098863630102,7.093789467663289,10.940301239454321,0.6484089708682567,2.2631346316237977,0.8349131504146335,0.9791666666666666,1.0,28.166666666666668,31.025421053888895,11.156400675990518,rugby_championship,2022,south
v1,rugby_championship_2022,passes,stable,position:Second-row,72,12,1.5796316821372767,1.4678131748956664,1.5388323677711933,0.9538486489087897,0.7130260648479373,0.6942691388980415,0.875,1.0,2.763888888888889,2.9539881713540157,3.0275485457322584,rugby_championship,2022,south
v1,rugby_championship_2022,bad_passes,stable,all,551,12,0.47536877575437547,0.8994409672418106,0.9631623758153449,0.9338414682990578,0.09103922540826362,0.8359192775888675,0.2813067150635209,1.0,0.41197822141560797,0.38393539258128245,3.1990120795171406,rugby_championship,2022,south
v1,rugby_championship_2022,bad_passes,stable,starter,360,12,0.5703847599247922,1.0357062299051145,1.1332975896458537,0.9138872608286093,0.16890489944030845,0.7865817146295382,0.36666666666666664,1.0,0.5444444444444444,0.4774323354071435,2.940494234256567,rugby_championship,2022,south
v1,rugby_championship_2022,bad_passes,stable,bench,191,12,0.2962810568991398,0.6426059171957929,0.6424886743547006,1.0001824823468055,0.04415701844487618,0.5688036112246274,0.12041884816753927,1.0,0.16230366492146597,0.20771078830217252,1.5911374998170322,rugby_championship,2022,south
v1,rugby_championship_2022,bad_passes,stable,zero_minute,6,4,0.4498118835258811,0.8996237670517622,0.5887282708644466,1.5280797807294337,0.0,0.0,0.0,1.0,0.0,0.4498118835258811,0.4498118835258811,rugby_championship,2022,south
v1,rugby_championship_2022,bad_passes,stable,low_history,52,12,0.4299093955595273,0.8379746603684605,0.8583245408152265,0.9762911585547375,0.1729340882799288,0.8650716113989849,0.3269230769230769,1.0,0.4230769230769231,0.28915852919097174,0.8943879625922642,rugby_championship,2022,south
v1,rugby_championship_2022,bad_passes,stable,south,551,12,0.47536877575437547,0.8994409672418106,0.9631623758153449,0.9338414682990578,0.09103922540826362,0.8359192775888675,0.2813067150635209,1.0,0.41197822141560797,0.38393539258128245,3.1990120795171406,rugby_championship,2022,south
v1,rugby_championship_2022,bad_passes,stable,position:Back-row,95,12,0.46612243318523944,0.9653685251691008,1.102251433824845,0.875815168431438,0.05116676295234001,1.100129018101291,0.2631578947368421,1.0,0.3684210526315789,0.28837916686061704,1.1391373038638986,rugby_championship,2022,south
v1,rugby_championship_2022,bad_passes,stable,position:Back-three,96,12,0.5125549016408544,0.9227368781277331,1.0108197622957606,0.9128599504544956,-0.023145039249222798,1.0934370479102598,0.3229166666666667,1.0,0.4166666666666667,0.40222864842236944,0.8189785076908329,rugby_championship,2022,south
v1,rugby_championship_2022,bad_passes,stable,position:Centre,48,12,0.6853822641017677,1.26201279431034,1.2524886442880414,1.0076041807370737,0.7199874558762264,-0.32652768539574717,0.375,1.0,0.5625,0.48230965679174664,0.9532887525315724,rugby_championship,2022,south
v1,rugby_championship_2022,bad_passes,stable,position:Fly-half,48,12,0.716868603907251,1.1166361185319758,1.3038997375178962,0.8563818876577155,-0.11583262534832227,1.5999986330816678,0.5416666666666666,1.0,0.9583333333333334,0.6713542977300954,1.199902762775282,rugby_championship,2022,south
v1,rugby_championship_2022,bad_passes,stable,position:Hooker,48,12,0.22417436659049153,0.48887959456660823,0.4798799196969958,1.0187540142861051,0.02887225444463876,0.48338367349718764,0.10416666666666667,1.0,0.10416666666666667,0.15576531924896717,0.4111240823858037,rugby_championship,2022,south
v1,rugby_championship_2022,bad_passes,stable,position:Prop,96,12,0.2393832648252272,0.591061195132573,0.6927701200647008,0.8531851735715322,-0.0777315984410724,1.8404394199468586,0.13541666666666666,1.0,0.15625,0.12713355077334115,0.5889001967321267,rugby_championship,2022,south
v1,rugby_championship_2022,bad_passes,stable,position:Scrum-half,48,12,0.866980282080546,1.3409268211418544,1.2154949839777365,1.1031940393152748,0.248153388184004,0.5446075694599128,0.4791666666666667,1.0,0.875,1.151006058247849,1.1758753493597804,rugby_championship,2022,south
v1,rugby_championship_2022,bad_passes,stable,position:Second-row,72,12,0.35801438203717506,0.7854373924409216,0.8105460618224776,0.9690225262151047,0.11205965534704598,0.5863502174548676,0.19444444444444445,1.0,0.2361111111111111,0.21156546390061404,0.8150318024236866,rugby_championship,2022,south
v1,rugby_championship_2022,turnovers_conceded,stable,all,551,12,0.5365688222461972,0.8753778144134496,0.827496431804115,1.0578629475234633,-0.055757319596326745,0.9395173085680271,0.36116152450090744,1.0,0.49183303085299457,0.5828422163759128,3.5378049447649302,rugby_championship,2022,south
v1,rugby_championship_2022,turnovers_conceded,stable,starter,360,12,0.6376969082603274,0.9782586738110284,0.9246449591977671,1.0579830280584421,0.049645407656817644,0.8373983709278342,0.4861111111111111,1.0,0.675,0.7467826712515473,2.830712228540083,rugby_championship,2022,south
v1,rugby_championship_2022,turnovers_conceded,stable,bench,191,12,0.3459609114342238,0.6814662469625157,0.6443892597532522,1.057538183090545,0.039670712120721534,0.3904630049888331,0.1256544502617801,1.0,0.14659685863874344,0.2738445003799525,1.252582320379351,rugby_championship,2022,south
v1,rugby_championship_2022,turnovers_conceded,stable,zero_minute,6,4,0.3729559483116685,0.745911896623337,0.6928935121581329,1.0765173631083216,0.0,0.0,0.0,1.0,0.0,0.3729559483116685,0.3729559483116685,rugby_championship,2022,south
v1,rugby_championship_2022,turnovers_conceded,stable,low_history,52,12,0.5302245821327385,0.8728916706730926,0.7780711929977097,1.121866068977652,-0.6582671335710952,2.749583271597463,0.25,1.0,0.5192307692307693,0.4282459509283226,1.2097332613228309,rugby_championship,2022,south
v1,rugby_championship_2022,turnovers_conceded,stable,south,551,12,0.5365688222461972,0.8753778144134496,0.827496431804115,1.0578629475234633,-0.055757319596326745,0.9395173085680271,0.36116152450090744,1.0,0.49183303085299457,0.5828422163759128,3.5378049447649302,rugby_championship,2022,south
v1,rugby_championship_2022,turnovers_conceded,stable,position:Back-row,95,12,0.5608467412858131,0.9638397324187236,0.9182247078058015,1.0496774092715542,0.10464427705480685,0.472565492927002,0.3157894736842105,1.0,0.37894736842105264,0.5804551865758375,1.3032481227192487,rugby_championship,2022,south
v1,rugby_championship_2022,turnovers_conceded,stable,position:Back-three,96,12,0.7606348528882982,1.1796670731276695,1.0472608068606666,1.1264310336065302,0.5300535368355628,0.379381334120356,0.5625,1.0,0.8854166666666666,0.9366911280837235,1.767299711202905,rugby_championship,2022,south
v1,rugby_championship_2022,turnovers_conceded,stable,position:Centre,48,12,0.6561294886172531,0.9192506467840952,0.9416440784714263,0.9762187941290064,0.04608747319650869,0.9932813449211124,0.6041666666666666,1.0,0.8125,0.7715966183421687,1.0555018086792707,rugby_championship,2022,south
v1,rugby_championship_2022,turnovers_conceded,stable,position:Fly-half,48,12,0.714249462837698,1.0193972684103498,1.0146569836538093,1.004671810112094,-0.3642415601633351,1.6161334758164825,0.4375,1.0,0.8541666666666666,0.7539032171921649,1.1036052375748546,rugby_championship,2022,south
v1,rugby_championship_2022,turnovers_conceded,stable,position:Hooker,48,12,0.4399795272429034,0.8313437819600876,0.8136524713009877,1.0217430798567015,0.12946947375926462,0.501907831040903,0.25,1.0,0.2916666666666667,0.3231613114523884,0.57781962543609,rugby_championship,2022,south
v1,rugby_championship_2022,turnovers_conceded,stable,position:Prop,96,12,0.29588773246503675,0.5567263516069282,0.4965037191704369,1.1212934165671746,-0.10200647707875858,0.8198134584152961,0.10416666666666667,1.0,0.10416666666666667,0.25148787401460715,0.6197848675049893,rugby_championship,2022,south
v1,rugby_championship_2022,turnovers_conceded,stable,position:Scrum-half,48,12,0.3964419689170933,0.6479287309436282,0.6014212048362065,1.0773293753752626,-0.1287982060316656,1.00540172956458,0.4583333333333333,1.0,0.4791666666666667,0.604698455175356,0.4983194069112096,rugby_championship,2022,south
v1,rugby_championship_2022,turnovers_conceded,stable,position:Second-row,72,12,0.48633876327867664,0.8335340533166504,0.8151639548185232,1.0225354646627094,0.0724731128030287,0.5202990871383077,0.2916666666666667,1.0,0.3194444444444444,0.47467185268338763,0.7318614339012952,rugby_championship,2022,south
v1,rugby_championship_2022,penalties_conceded,stable,all,551,12,0.5694563383133053,0.9594335686531243,0.9744403107152529,0.9845996292465431,0.04743220195158624,1.0394822403228428,0.41379310344827586,1.0,0.5517241379310345,0.4851376160335602,2.7953316226398606,rugby_championship,2022,south
v1,rugby_championship_2022,penalties_conceded,stable,starter,360,12,0.6458701843222924,1.03325175213194,1.0531143213842482,0.9811392088693655,0.005223872207402027,1.0960351955698981,0.4638888888888889,1.0,0.6555555555555556,0.5933492701482137,2.269174610935218,rugby_championship,2022,south
v1,rugby_championship_2022,penalties_conceded,stable,bench,191,12,0.42543024112359146,0.8202998196878178,0.8261542173077225,0.992913674593367,0.08928594554478946,0.9486323396487613,0.3193717277486911,1.0,0.35602094240837695,0.2811784773881396,1.234471943644069,rugby_championship,2022,south
v1,rugby_championship_2022,penalties_conceded,stable,zero_minute,6,4,0.23873140762082135,0.4774628152416427,0.5060475655973928,0.9435137083961551,0.0,0.0,0.0,1.0,0.0,0.23873140762082135,0.23873140762082135,rugby_championship,2022,south
v1,rugby_championship_2022,penalties_conceded,stable,low_history,52,12,0.49384127007182027,0.8499834961572302,0.8319088243765766,1.0217267460700379,-0.04369816138323835,1.0071725002535337,0.28846153846153844,1.0,0.38461538461538464,0.4252633445520051,1.0073418289420362,rugby_championship,2022,south
v1,rugby_championship_2022,penalties_conceded,stable,south,551,12,0.5694563383133053,0.9594335686531243,0.9744403107152529,0.9845996292465431,0.04743220195158624,1.0394822403228428,0.41379310344827586,1.0,0.5517241379310345,0.4851376160335602,2.7953316226398606,rugby_championship,2022,south
v1,rugby_championship_2022,penalties_conceded,stable,position:Back-row,95,12,0.7250262953362442,1.2449417767093602,1.2173400719507286,1.0226737831068038,0.5405643571617538,0.18494254016573694,0.45263157894736844,1.0,0.6526315789473685,0.6059569728261833,1.357696280431236,rugby_championship,2022,south
v1,rugby_championship_2022,penalties_conceded,stable,position:Back-three,96,12,0.4065693230071605,0.7392017881459032,0.7471121018112076,0.989412146254722,0.08792633068492915,0.5960101977900037,0.2604166666666667,1.0,0.2708333333333333,0.3068856931083066,0.7383309087331019,rugby_championship,2022,south
v1,rugby_championship_2022,penalties_conceded,stable,position:Centre,48,12,0.544594671918424,0.9398283537944389,0.9376417856371306,1.0023319866827634,1.2594154859983269,-1.9675893088168626,0.3541666666666667,1.0,0.4166666666666667,0.4283154088890715,0.7553536879072379,rugby_championship,2022,south
v1,rugby_championship_2022,penalties_conceded,stable,position:Fly-half,48,12,0.42943717258748276,0.8945943409210116,0.9215511432278812,0.9707484467845713,-0.177903202904427,2.1575427977254042,0.2708333333333333,1.0,0.3541666666666667,0.24660918436103776,0.7047983716155691,rugby_championship,2022,south
v1,rugby_championship_2022,penalties_conceded,stable,position:Hooker,48,12,0.5692344626435529,0.9428185079741608,1.0221765328045802,0.922363679576284,0.16195864647656555,1.0443284833587339,0.5,1.0,0.6041666666666666,0.4234376704615837,0.7247729173700442,rugby_championship,2022,south
v1,rugby_championship_2022,penalties_conceded,stable,position:Prop,96,12,0.6765762611629539,0.983873152674704,1.0465417206127838,0.9401184236578878,-0.22263686938321242,1.4894858936679254,0.5833333333333334,1.0,0.8645833333333334,0.7299298417920678,1.5136595382442934,rugby_championship,2022,south
v1,rugby_championship_2022,penalties_conceded,stable,position:Scrum-half,48,12,0.5000061164927819,0.9677026328001491,0.9562191517505013,1.0120092564854255,-0.028902084673640513,1.8026202413469836,0.375,1.0,0.4583333333333333,0.27029288079162667,0.8207660815783656,rugby_championship,2022,south
v1,rugby_championship_2022,penalties_conceded,stable,position:Second-row,72,12,0.5949151658129094,0.9056379044193827,0.9010317218321874,1.0051121203344862,-0.11557583946233173,1.1978265741420193,0.4444444444444444,1.0,0.625,0.6182663295751245,1.0722513017131725,rugby_championship,2022,south
v1,rugby_championship_2022,yellow_cards,stable,all,553,12,0.07212183942730631,0.22961347568337917,0.2316801721111482,0.9910795282611516,0.04685285228133253,0.2517498335274054,0.05244122965641953,1.0,0.05244122965641953,0.02219813732062973,0.9565129428556185,rugby_championship,2022,south
v1,rugby_championship_2022,yellow_cards,stable,starter,361,12,0.08409824852599046,0.2638600820653494,0.25511608045794903,1.0342745999848553,0.0682507259720907,-0.2800727773005428,0.060941828254847646,1.0,0.060941828254847646,0.026096423178608188,0.8156737539442799,rugby_championship,2022,south
v1,rugby_championship_2022,yellow_cards,stable,bench,192,12,0.049603695236551226,0.1652227209756122,0.18761578193825712,0.8806440442733421,0.01180909418610818,1.6578108055498442,0.036458333333333336,1.0,0.036458333333333336,0.014868547764743134,0.3396124327171733,rugby_championship,2022,south
v1,rugby_championship_2022,yellow_cards,stable,zero_minute,7,5,0.011280585283146174,0.011350967753040273,0.008525246409318534,1.331453333786702,0.0,0.0,0.0,1.0,0.0,0.011280585283146174,0.011280585283146174,rugby_championship,2022,south
v1,rugby_championship_2022,yellow_cards,stable,low_history,53,12,0.037073197315512854,0.0699181163868627,0.08841467785897857,0.7907976150564289,0.0003977222681756202,0.8823050202382972,0.018867924528301886,1.0,0.018867924528301886,0.020934032830435167,0.10986740593581884,rugby_championship,2022,south
v1,rugby_championship_2022,yellow_cards,stable,south,553,12,0.07212183942730631,0.22961347568337917,0.2316801721111482,0.9910795282611516,0.04685285228133253,0.2517498335274054,0.05244122965641953,1.0,0.05244122965641953,0.02219813732062973,0.9565129428556185,rugby_championship,2022,south
v1,rugby_championship_2022,yellow_cards,stable,position:Back-row,97,12,0.0981899350760217,0.32220591256935294,0.3174601387206324,1.0149491960403156,0.08152941039444558,-0.3124432489049724,0.07216494845360824,1.0,0.07216494845360824,0.029971721180269455,0.3572190834934868,rugby_championship,2022,south
v1,rugby_championship_2022,yellow_cards,stable,position:Back-three,96,12,0.07630558375175862,0.27249629928330155,0.23944000276567692,1.138056699531425,0.05474795029440053,0.48884131632854916,0.0625,1.0,0.0625,0.015858008410216576,0.2886101679249784,rugby_championship,2022,south
v1,rugby_championship_2022,yellow_cards,stable,position:Centre,48,12,0.04605692597069285,0.09638499030315754,0.10510252121569402,0.9170568811128122,0.004383891888538987,0.616656211278538,0.020833333333333332,1.0,0.020833333333333332,0.026675222180425385,0.08872394645988851,rugby_championship,2022,south
v1,rugby_championship_2022,yellow_cards,stable,position:Fly-half,48,12,0.07592787371654244,0.27165747165545084,0.31820803406239634,0.8537102856497408,0.044359191699372934,1.156680136240802,0.0625,1.0,0.0625,0.015683513300042043,0.14853017523543424,rugby_championship,2022,south
v1,rugby_championship_2022,yellow_cards,stable,position:Hooker,48,12,0.03609062053652224,0.08448839568559417,0.08699922174255297,0.971139672210071,-0.033555401056566465,3.2313141710543896,0.020833333333333332,1.0,0.020833333333333332,0.016831769215480696,0.07147942472112082,rugby_championship,2022,south
v1,rugby_championship_2022,yellow_cards,stable,position:Prop,96,12,0.047347371444773655,0.10260655546433568,0.10463793752488336,0.9805865624973293,0.009074875283096362,0.4162764865860584,0.020833333333333332,1.0,0.020833333333333332,0.028246750487085467,0.16962471731239206,rugby_championship,2022,south
v1,rugby_championship_2022,yellow_cards,stable,position:Scrum-half,48,12,0.0774109722627153,0.2846013457812229,0.3120526435242541,0.9120299144625015,0.06998468545074897,-0.4487272368083568,0.0625,1.0,0.0625,0.01667981088909373,0.1501794781581193,rugby_championship,2022,south
v1,rugby_championship_2022,yellow_cards,stable,position:Second-row,72,12,0.09979059670428464,0.33791748213177525,0.34473087871548286,0.9802356069491213,0.04556314657661929,1.822102579538195,0.08333333333333333,1.0,0.08333333333333333,0.020728902522209682,0.2761229168518555,rugby_championship,2022,south
v1,rugby_championship_2022,red_cards,stable,all,553,12,0.003550136112691507,0.015613659745759186,0.01268315029495639,1.231055327947044,0.0029117506944204325,-0.6328808213509625,0.0018083182640144665,1.0,0.0018083182640144665,0.0017435074554014026,0.0806155378680088,rugby_championship,2022,south
v1,rugby_championship_2022,red_cards,stable,starter,361,12,0.004531819833092202,0.02300932808140195,0.0185851109150894,1.2380516956033065,0.004876947732501602,-1.194147717758891,0.002770083102493075,1.0,0.002770083102493075,0.0017643249647225979,0.06729888928497518,rugby_championship,2022,south
v1,rugby_championship_2022,red_cards,stable,bench,192,12,0.001704366200896447,0.001708262510514199,0.0015862347539771428,1.0769291911119068,0.0,0.0,0.0,1.0,0.0,0.001704366200896447,0.013634929607171576,rugby_championship,2022,south
v1,rugby_championship_2022,red_cards,stable,zero_minute,7,5,0.0027963688975778844,0.0028047022570702267,0.0009064627165604877,3.094117613256596,0.0,0.0,0.0,1.0,0.0,0.0027963688975778844,0.0027963688975778844,rugby_championship,2022,south
v1,rugby_championship_2022,red_cards,stable,low_history,53,12,0.020324608962663266,0.14616235056231397,0.10029079344278242,1.457385524083046,0.02929156156118883,-7.070162097000509,0.018867924528301886,1.0,0.018867924528301886,0.0014743137271646344,0.06315447468284192,rugby_championship,2022,south
v1,rugby_championship_2022,red_cards,stable,south,553,12,0.003550136112691507,0.015613659745759186,0.01268315029495639,1.231055327947044,0.0029117506944204325,-0.6328808213509625,0.0018083182640144665,1.0,0.0018083182640144665,0.0017435074554014026,0.0806155378680088,rugby_championship,2022,south
v1,rugby_championship_2022,red_cards,stable,position:Back-row,97,12,0.001976302572428481,0.0019797962313165486,0.0032230588743936144,0.6142600270337994,0.0,0.0,0.0,1.0,0.0,0.001976302572428481,0.007987556230231776,rugby_championship,2022,south
v1,rugby_championship_2022,red_cards,stable,position:Back-three,96,12,0.012001924446954327,0.08147586827168085,0.05806459948591224,1.4031934947118458,0.018998783298951622,-5.380669033365847,0.010416666666666666,1.0,0.010416666666666666,0.0015949906190227915,0.04783969892245451,rugby_championship,2022,south
v1,rugby_championship_2022,red_cards,stable,position:Centre,48,12,0.0021262345663888497,0.002130465225453647,0.002134472528632681,0.9981225791734123,0.0,0.0,0.0,1.0,0.0,0.0021262345663888497,0.0042524691327776995,rugby_championship,2022,south
v1,rugby_championship_2022,red_cards,stable,position:Fly-half,48,12,0.0010900275203893975,0.0010911195543458554,0.0021413808960028973,0.5095401553187197,0.0,0.0,0.0,1.0,0.0,0.0010900275203893975,0.002180055040778795,rugby_championship,2022,south
v1,rugby_championship_2022,red_cards,stable,position:Hooker,48,12,0.0017178371354866046,0.0017203268080875753,0.002114218054763006,0.8136941240341531,0.0,0.0,0.0,1.0,0.0,0.0017178371354866046,0.003435674270973209,rugby_championship,2022,south
v1,rugby_championship_2022,red_cards,stable,position:Prop,96,12,0.0015866608284852552,0.0015890629097896254,0.0031949568418798307,0.49736600161855754,0.0,0.0,0.0,1.0,0.0,0.0015866608284852552,0.006346643313941021,rugby_championship,2022,south
v1,rugby_championship_2022,red_cards,stable,position:Scrum-half,48,12,0.0007115044266273286,0.0007118350450044871,1.0000000494736474e-07,7118.350097874129,0.0,0.0,0.0,1.0,0.0,0.0007115044266273286,0.0014230088532546576,rugby_championship,2022,south
v1,rugby_championship_2022,red_cards,stable,position:Second-row,72,12,0.002722649433386332,0.002731949627321723,0.007131941164101315,0.38305835178128134,0.0,0.0,0.0,1.0,0.0,0.002722649433386332,0.008167948300158996,rugby_championship,2022,south
v1,rugby_championship_2022,metres,stable,all,551,12,11.092607082094503,1.4788057865155089,1.6299012479931618,0.9072977815903317,0.25826751973317164,0.9652728438276299,0.7912885662431942,1.0,16.294010889292196,16.612653585044338,63.37048907681875,rugby_championship,2022,south
v1,rugby_championship_2022,metres,stable,starter,360,12,13.242923325040943,1.2223355560197893,1.4927091062486852,0.818870569559015,0.8579821259798681,0.9585812917446909,0.8944444444444445,1.0,21.586111111111112,21.623757070623054,57.94117120294654,rugby_championship,2022,south
v1,rugby_championship_2022,metres,stable,bench,191,12,7.039655001148328,1.962205173837284,1.8884832952602382,1.0390376122267404,2.8985445369010345,0.47725978724340923,0.5968586387434555,1.0,6.319371727748691,7.167641779765089,35.12457071227198,rugby_championship,2022,south
v1,rugby_championship_2022,metres,stable,zero_minute,6,4,9.150513423457502,5.159553901207644,4.939298438296386,1.0445924589620923,0.0,0.0,0.0,1.0,0.0,9.150513423457502,9.150513423457502,rugby_championship,2022,south
v1,rugby_championship_2022,metres,stable,low_history,52,12,9.540322004259636,1.8824364794358979,2.21161937443897,0.8511575279147764,-0.849489741383657,1.053127025104456,0.6346153846153846,1.0,10.76923076923077,11.032591732665875,17.526876067730964,rugby_championship,2022,south
v1,rugby_championship_2022,metres,stable,south,551,12,11.092607082094503,1.4788057865155089,1.6299012479931618,0.9072977815903317,0.25826751973317164,0.9652728438276299,0.7912885662431942,1.0,16.294010889292196,16.612653585044338,63.37048907681875,rugby_championship,2022,south
v1,rugby_championship_2022,metres,stable,position:Back-row,95,12,11.66444576584385,0.9132013960289513,1.1056233505527164,0.8259606633420227,-0.12552758776005343,1.1331838007587371,0.9473684210526315,1.0,20.294736842105262,18.020257981267182,25.19101042281005,rugby_championship,2022,south
v1,rugby_championship_2022,metres,stable,position:Back-three,96,12,19.16108175781075,1.4767656607268922,1.6326639368430644,0.9045129419483481,-1.6292600769825965,0.9427746983232969,0.90625,1.0,32.416666666666664,36.11247396032068,34.59406723303601,rugby_championship,2022,south
v1,rugby_championship_2022,metres,stable,position:Centre,48,12,18.212162123514805,0.9689632223218793,1.1045857652087026,0.8772186396398124,-32.35694457730861,2.4730471337541546,0.9583333333333334,1.0,31.8125,25.947521865423397,30.636827683973056,rugby_championship,2022,south
v1,rugby_championship_2022,metres,stable,position:Fly-half,48,12,15.552366603544328,2.502281223087127,2.2354646904204034,1.1193561829941254,4.767985129903993,0.6519879882875037,0.7291666666666666,1.0,16.666666666666668,18.249847774060175,21.078426088932456,rugby_championship,2022,south
v1,rugby_championship_2022,metres,stable,position:Hooker,48,12,7.517556102499808,1.8468741852477113,2.036247800384419,0.9069987380214941,-7.670802744123152,1.6993697741155391,0.6875,1.0,9.145833333333334,9.895807453800893,10.126535633150278,rugby_championship,2022,south
v1,rugby_championship_2022,metres,stable,position:Prop,96,12,4.182309105319889,1.2092681702368004,1.2015875352777272,1.0063920727650508,2.3048231370253682,0.4251494318239268,0.6770833333333334,1.0,4.239583333333333,4.550776859815341,9.175894412163656,rugby_championship,2022,south
v1,rugby_championship_2022,metres,stable,position:Scrum-half,48,12,7.570218089988207,2.5357156496556716,3.3947535944916822,0.7469513115090641,6.952509917173907,-0.16494687457508486,0.5416666666666666,1.0,5.5625,8.42701579374981,10.012252393315405,rugby_championship,2022,south
v1,rugby_championship_2022,metres,stable,position:Second-row,72,12,5.8059457150013944,1.294785590552582,1.388093599914975,0.9327797423976968,-1.9428343727021837,1.1878521700685825,0.75,1.0,6.916666666666667,7.458420553171477,8.821071570676557,rugby_championship,2022,south
v1,rugby_championship_2022,dominant_tackles,extended,all,551,12,0.30696618168612444,0.7197626240335652,0.75909647078487,0.9481833360249515,0.045185431666448166,0.8924584252302704,0.16696914700544466,1.0,0.20326678765880218,0.17713021864471304,2.584938173957324,rugby_championship,2022,south
v1,rugby_championship_2022,dominant_tackles,extended,starter,360,12,0.3728487617329214,0.8412666937113658,0.8949732397722363,0.9399908917114231,0.09321486422406856,0.7845421726141736,0.20833333333333334,1.0,0.2611111111111111,0.21400538141575656,2.1759145253935523,rugby_championship,2022,south
v1,rugby_championship_2022,dominant_tackles,extended,bench,191,12,0.18278959102200457,0.49074971783456905,0.5029936601280539,0.9756578596033044,0.1000051717217984,-0.053558291847245774,0.08900523560209424,1.0,0.09424083769633508,0.10762729405007603,0.8517856646912941,rugby_championship,2022,south
v1,rugby_championship_2022,dominant_tackles,extended,zero_minute,6,4,0.09714399767035294,0.19428799534070587,0.10680714652715151,1.819054264232364,0.0,0.0,0.0,1.0,0.0,0.09714399767035294,0.09714399767035294,rugby_championship,2022,south
v1,rugby_championship_2022,dominant_tackles,extended,low_history,52,12,0.2269476185402229,0.6500630602818591,0.6341754749095322,1.025052349075141,0.16066801935277322,-0.0649668120169899,0.15384615384615385,1.0,0.15384615384615385,0.1050053911347125,0.48257539082686296,rugby_championship,2022,south
v1,rugby_championship_2022,dominant_tackles,extended,south,551,12,0.30696618168612444,0.7197626240335652,0.75909647078487,0.9481833360249515,0.045185431666448166,0.8924584252302704,0.16696914700544466,1.0,0.20326678765880218,0.17713021864471304,2.584938173957324,rugby_championship,2022,south
v1,rugby_championship_2022,dominant_tackles,extended,position:Back-row,95,12,0.433601480597505,0.7919777978600706,0.8846002575985633,0.895294559386704,-0.14918709905151206,1.8884936679396493,0.3157894736842105,1.0,0.35789473684210527,0.26851127144463505,1.0053424463851977,rugby_championship,2022,south
v1,rugby_championship_2022,dominant_tackles,extended,position:Back-three,96,12,0.3344289169122798,0.9695197809419356,0.9269178392451307,1.0459608607074595,0.2856993568642943,-0.4564942761023319,0.14583333333333334,1.0,0.20833333333333334,0.16947862784070886,0.8336314893291621,rugby_championship,2022,south
v1,rugby_championship_2022,dominant_tackles,extended,position:Centre,48,12,0.3948024043877765,0.8677063453625736,1.024965694116312,0.8465711099830304,-0.0789615968010639,1.5293999520189034,0.20833333333333334,1.0,0.2708333333333333,0.22871383621573024,0.6962115212238428,rugby_championship,2022,south
v1,rugby_championship_2022,dominant_tackles,extended,position:Fly-half,48,12,0.14998422040813036,0.4468712273822029,0.4671860717133409,0.9565165882265366,0.1014095731970332,-0.22967352580685862,0.08333333333333333,1.0,0.08333333333333333,0.0787040639542448,0.2633566690533018,rugby_championship,2022,south
v1,rugby_championship_2022,dominant_tackles,extended,position:Hooker,48,12,0.37914343684653334,0.9952125411071435,1.1883171711690892,0.8374973998970615,0.06442236890029683,1.6808081332717948,0.25,1.0,0.3125,0.1475942590882192,0.6248779687610636,rugby_championship,2022,south
v1,rugby_championship_2022,dominant_tackles,extended,position:Prop,96,12,0.22263082783677798,0.4966448782706378,0.4831954697051128,1.0278343018690408,-0.018183428568414636,0.809451331222809,0.09375,1.0,0.10416666666666667,0.15115188587095338,0.6700252436190377,rugby_championship,2022,south
v1,rugby_championship_2022,dominant_tackles,extended,position:Scrum-half,48,12,0.13761510317820472,0.4146326551510671,0.43962460672898845,0.9431516089058957,0.07002567686922213,0.20178813937613968,0.08333333333333333,1.0,0.08333333333333333,0.0659486553830862,0.2544020734382575,rugby_championship,2022,south
v1,rugby_championship_2022,dominant_tackles,extended,position:Second-row,72,12,0.32658780618043204,0.6920446506838499,0.6818022662839645,1.0150225144538014,-0.03728200541270668,0.9006824441482506,0.125,1.0,0.16666666666666666,0.22643793426243786,0.7534453389020478,rugby_championship,2022,south
v1,rugby_championship_2022,tackle_turnover,extended,all,551,12,0.16356384015192543,0.3953786476007519,0.41325400476840973,0.9567448664467867,0.04219109853812057,0.26077725497262255,0.06715063520871144,1.0,0.07078039927404718,0.10963111310811226,1.5183201979351821,rugby_championship,2022,south
v1,rugby_championship_2022,tackle_turnover,extended,starter,360,12,0.19976104162603,0.493245305851846,0.4659216948466847,1.0586442127665945,0.08586951894126732,0.11387368770280021,0.09444444444444444,1.0,0.1,0.12408907925781701,1.2283424215777874,rugby_championship,2022,south
v1,rugby_championship_2022,tackle_turnover,extended,bench,191,12,0.09533874836827284,0.21091793047827082,0.31398506011825805,0.6717451155122844,0.012754522314718592,0.035837171433366684,0.015706806282722512,1.0,0.015706806282722512,0.08238049628144363,0.6096025455155326,rugby_championship,2022,south
v1,rugby_championship_2022,tackle_turnover,extended,zero_minute,6,4,0.08846605375038502,0.17693210750077004,0.131313137979798,1.347405981022176,0.0,0.0,0.0,1.0,0.0,0.08846605375038502,0.08846605375038502,rugby_championship,2022,south
v1,rugby_championship_2022,tackle_turnover,extended,low_history,52,12,0.11316216448860866,0.32474366345802286,0.25643762629931305,1.2663651124230235,-0.013208185694763088,1.073002366877077,0.057692307692307696,1.0,0.057692307692307696,0.06607673531366325,0.3051454136544621,rugby_championship,2022,south
v1,rugby_championship_2022,tackle_turnover,extended,south,551,12,0.16356384015192543,0.3953786476007519,0.41325400476840973,0.9567448664467867,0.04219109853812057,0.26077725497262255,0.06715063520871144,1.0,0.07078039927404718,0.10963111310811226,1.5183201979351821,rugby_championship,2022,south
v1,rugby_championship_2022,tackle_turnover,extended,position:Back-row,95,12,0.17962706776733217,0.42768571058527083,0.4165645997229258,1.0266972058349224,0.03358066747993179,0.4303285649099826,0.08421052631578947,1.0,0.08421052631578947,0.1176539578460207,0.5443763210075506,rugby_championship,2022,south
v1,rugby_championship_2022,tackle_turnover,extended,position:Back-three,96,12,0.17560928148472485,0.4398612987240913,0.4107311591899759,1.070922643394196,0.0346410432876652,0.32342247069305813,0.0625,1.0,0.07291666666666667,0.1183455908211359,0.6180584494595793,rugby_championship,2022,south
v1,rugby_championship_2022,tackle_turnover,extended,position:Centre,48,12,0.24945297378039277,0.5650055166957466,0.42745977581534067,1.3217746994276829,0.13377317893944976,-0.266096153227492,0.08333333333333333,1.0,0.08333333333333333,0.18955495971786637,0.42789230956880925,rugby_championship,2022,south
v1,rugby_championship_2022,tackle_turnover,extended,position:Fly-half,48,12,0.1525785694576185,0.42797731298884134,0.30624766460321934,1.3974875973122518,0.08573665114007047,-0.029011722668307694,0.08333333333333333,1.0,0.08333333333333333,0.08283954159545576,0.288160905410002,rugby_championship,2022,south
v1,rugby_championship_2022,tackle_turnover,extended,position:Hooker,48,12,0.1287791222207628,0.28793414177060556,0.23770339394531873,1.2113169147128033,-0.05111023499067911,0.9539339725424938,0.041666666666666664,1.0,0.041666666666666664,0.09725715230590859,0.24771289604322078,rugby_championship,2022,south
v1,rugby_championship_2022,tackle_turnover,extended,position:Prop,96,12,0.07574699883935895,0.17032887244013306,0.17393364429918914,0.9792750167825186,0.012498768260021309,-0.031252085174510856,0.010416666666666666,1.0,0.010416666666666666,0.06662280554171805,0.291327287022574,rugby_championship,2022,south
v1,rugby_championship_2022,tackle_turnover,extended,position:Scrum-half,48,12,0.22102851765220724,0.5458938964049381,1.141629177589132,0.47817093949696093,-0.12693854278594538,2.3624898389945073,0.125,1.0,0.14583333333333334,0.11545949176880799,0.3950256525061513,rugby_championship,2022,south
v1,rugby_championship_2022,tackle_turnover,extended,position:Second-row,72,12,0.1783419553524336,0.4299765865744687,0.42466080479182566,1.0125177123074707,0.0880814572353325,-0.04175543102425266,0.08333333333333333,1.0,0.08333333333333333,0.11371272635747293,0.47198766125444713,rugby_championship,2022,south
v1,rugby_championship_2022,tackle_try_saver,extended,all,551,12,0.05683046651534337,0.2750059996243419,0.5188443382066679,0.5300356568886766,0.05010753535991954,-0.667583068437439,0.032667876588021776,1.0,0.034482758620689655,0.02340499254392659,1.0449391056764359,rugby_championship,2022,south
v1,rugby_championship_2022,tackle_try_saver,extended,starter,360,12,0.07009953499837103,0.36460585508201415,0.647252513105316,0.563313154757405,0.07666440763853005,-1.2122672211196326,0.044444444444444446,1.0,0.04722222222222222,0.024286877433768634,0.9040928587199835,rugby_championship,2022,south
v1,rugby_championship_2022,tackle_try_saver,extended,bench,191,12,0.03182070392953207,0.10612669090831035,0.2768184588165458,0.3833801089783649,0.011932041010769428,-0.06718714914665463,0.010471204188481676,1.0,0.010471204188481676,0.021742801128517498,0.24530020243574557,rugby_championship,2022,south
v1,rugby_championship_2022,tackle_try_saver,extended,zero_minute,6,4,0.017584400989355646,0.03516880197871129,0.0606060706060606,0.5802851369016888,0.0,0.0,0.0,1.0,0.0,0.017584400989355646,0.017584400989355646,rugby_championship,2022,south
v1,rugby_championship_2022,tackle_try_saver,extended,low_history,52,12,0.03532551140536742,0.19734254113399352,0.19629985677568612,1.0053116918954195,0.047506495255831296,-1.735787408453468,0.019230769230769232,1.0,0.019230769230769232,0.016289855478474082,0.10805450547524151,rugby_championship,2022,south
v1,rugby_championship_2022,tackle_try_saver,extended,south,551,12,0.05683046651534337,0.2750059996243419,0.5188443382066679,0.5300356568886766,0.05010753535991954,-0.667583068437439,0.032667876588021776,1.0,0.034482758620689655,0.02340499254392659,1.0449391056764359,rugby_championship,2022,south
v1,rugby_championship_2022,tackle_try_saver,extended,position:Back-row,95,12,0.03461160965192315,0.0692232193038463,0.09059011164274325,0.7641365933716834,0.0,0.0,0.0,1.0,0.0,0.03461160965192315,0.13700428820552912,rugby_championship,2022,south
v1,rugby_championship_2022,tackle_try_saver,extended,position:Back-three,96,12,0.05003750617249266,0.20394943370657315,0.18879735346479318,1.0802557872963274,0.045080939230657875,-0.8157897723514781,0.020833333333333332,1.0,0.020833333333333332,0.029722860863322532,0.19006172646614639,rugby_championship,2022,south
v1,rugby_championship_2022,tackle_try_saver,extended,position:Centre,48,12,0.08276756028457939,0.44481413382745677,2.1775851129940453,0.20426945939939162,0.1430458910540994,-3.6307380647930563,0.0625,1.0,0.0625,0.022184440082622797,0.15795771624330013,rugby_championship,2022,south
v1,rugby_championship_2022,tackle_try_saver,extended,position:Fly-half,48,12,0.07759224164129634,0.49764065260670104,0.40012875053300245,1.2437013134992303,0.0732726082924461,-0.6620890027003231,0.041666666666666664,1.0,0.0625,0.016270634685835516,0.15357310437960678,rugby_championship,2022,south
v1,rugby_championship_2022,tackle_try_saver,extended,position:Hooker,48,12,0.037019182998909286,0.13522892473688897,0.7864677682707426,0.17194464947269933,-0.03779101354452011,3.335916869989117,0.020833333333333332,1.0,0.020833333333333332,0.01757368338679396,0.07281520916652588,rugby_championship,2022,south
v1,rugby_championship_2022,tackle_try_saver,extended,position:Prop,96,12,0.03643432030685207,0.1852913128943173,0.16462720900049727,1.1255205869022393,0.03797891473026221,-1.068347143562967,0.020833333333333332,1.0,0.020833333333333332,0.016048698683976355,0.1368350185371401,rugby_championship,2022,south
v1,rugby_championship_2022,tackle_try_saver,extended,position:Scrum-half,48,12,0.05669958613686268,0.29763180794639693,0.2849008037528559,1.044685743338881,0.041957567906066494,-0.017740727016153333,0.041666666666666664,1.0,0.041666666666666664,0.016397368559639552,0.11067027409483828,rugby_championship,2022,south
v1,rugby_championship_2022,tackle_try_saver,extended,position:Second-row,72,12,0.10456135250062933,0.5773589356642252,0.9471174283710339,0.6095959364376141,0.143459891634342,-2.4915406977816543,0.08333333333333333,1.0,0.08333333333333333,0.024132280221046545,0.29512890294606575,rugby_championship,2022,south
