engine,fold,target,tier,cohort,n,fixtures,mae,loss,naive_loss,relative_loss,calibration_intercept,calibration_slope,actual_positive_rate,predicted_positive_rate,actual_mean,predicted_mean,team_total_mae,tournament,calendar_year,fold_hemisphere
gbdt_v3,british_irish_lions_2025,minutes,minutes,all,460,10,10.29172584266097,10.29172584266097,10.44238173580089,0.9855726502869161,2.7315956576648803,0.9453161219101451,0.9869565217391304,1.0,51.821739130434786,51.929870161926665,24.00361252767008,british_irish_lions,2025,south
gbdt_v3,british_irish_lions_2025,minutes,minutes,starter,300,10,10.987872057828124,10.987872057828124,11.075478842978434,0.9920900227978992,9.125240078690414,0.853026647064582,1.0,1.0,66.38,67.11954441087333,32.47903843061458,british_irish_lions,2025,south
gbdt_v3,british_irish_lions_2025,minutes,minutes,bench,160,10,8.986451689222559,8.986451689222559,9.255324659842996,0.9709493744949841,20.103439453877822,0.18855887241949645,0.9625,1.0,24.525,23.449230945151708,32.27322449749683,british_irish_lions,2025,south
gbdt_v3,british_irish_lions_2025,minutes,minutes,zero_minute,6,5,24.38825940450617,24.38825940450617,21.08249606185481,1.15680132622591,0.0,0.0,0.0,1.0,0.0,24.38825940450617,24.38825940450616,british_irish_lions,2025,south
gbdt_v3,british_irish_lions_2025,minutes,minutes,low_history,8,5,10.588192992338376,10.588192992338376,11.532397483384667,0.9181259150660861,-1.7153392798338034,1.00987594304671,1.0,1.0,29.375,30.78629557808547,11.523693720810954,british_irish_lions,2025,south
gbdt_v3,british_irish_lions_2025,minutes,minutes,south,92,4,10.638630655010857,10.638630655010857,10.839201844992411,0.9814957602183397,-0.9832792671408024,1.0126434655279997,0.9782608695652174,1.0,51.76086956521739,52.08560626504115,7.468944095946256,british_irish_lions,2025,south
gbdt_v3,british_irish_lions_2025,minutes,minutes,position:Back-row,80,10,10.347477803203148,10.347477803203148,11.010118714583497,0.9398152800566405,0.8713063608591982,1.0003569944228887,1.0,1.0,58.6375,57.74557878956646,12.607638783487321,british_irish_lions,2025,south
gbdt_v3,british_irish_lions_2025,minutes,minutes,position:Back-three,80,10,12.138682518679952,12.138682518679952,11.719221746116768,1.0357925450725578,6.869161563256251,0.8740336846869158,0.9875,1.0,59.85,60.61647207077813,19.700849721643202,british_irish_lions,2025,south
gbdt_v3,british_irish_lions_2025,minutes,minutes,position:Centre,40,10,10.951438413290699,10.951438413290699,10.504196787148596,1.0425774226439934,21.590532009899082,0.7010472912876473,1.0,1.0,72.175,72.15557155522269,12.84254023668272,british_irish_lions,2025,south
gbdt_v3,british_irish_lions_2025,minutes,minutes,position:Fly-half,40,10,13.074158285664566,13.074158285664566,13.413733613653227,0.9746845033777156,11.402688082256953,0.7825125300801453,1.0,1.0,47.125,45.6507858271411,18.45143491719712,british_irish_lions,2025,south
gbdt_v3,british_irish_lions_2025,minutes,minutes,position:Hooker,40,10,9.821063760298463,9.821063760298463,10.04757712418972,0.9774559218514559,-0.939693225929675,1.0167864557059962,0.95,1.0,40.2,40.46050475501734,5.395933240075754,british_irish_lions,2025,south
gbdt_v3,british_irish_lions_2025,minutes,minutes,position:Prop,80,10,6.703925560146253,6.703925560146253,6.906868024540114,0.9706172951802747,2.5400424448079946,0.935751255221283,0.9875,1.0,39.9125,39.93845303082633,5.179273810113588,british_irish_lions,2025,south
gbdt_v3,british_irish_lions_2025,minutes,minutes,position:Scrum-half,40,10,9.650279837014255,9.650279837014255,9.355305466237942,1.0315301698956636,-6.320770055011059,1.1252644084607604,0.95,1.0,40.9,41.9641550021154,4.961902545323882,british_irish_lions,2025,south
gbdt_v3,british_irish_lions_2025,minutes,minutes,position:Second-row,60,10,10.985156753516318,10.985156753516318,11.662773333333332,0.9418991898024528,4.386760659416666,0.8980653077611621,1.0,1.0,52.5,53.57432129354553,11.510641364672793,british_irish_lions,2025,south
gbdt_v3,british_irish_lions_2025,tries,stable,all,460,10,0.2262178859780413,0.5708055723026813,0.5798017154765229,0.9844841039036113,0.008516427572815835,1.259512645734816,0.14130434782608695,1.0,0.1565217391304348,0.11750998456333156,1.4803792929278894,british_irish_lions,2025,south
gbdt_v3,british_irish_lions_2025,tries,stable,starter,300,10,0.2753931285072092,0.6338865850425173,0.649431031341102,0.9760645156322684,-0.020351060366516658,1.3798870598220525,0.16666666666666666,1.0,0.19,0.1524407804749203,1.3701089078594193,british_irish_lions,2025,south
gbdt_v3,british_irish_lions_2025,tries,stable,bench,160,10,0.13401430623585137,0.4525286734154892,0.44924674823043736,1.007305395527022,0.018091024699398238,1.4545679178290707,0.09375,1.0,0.09375,0.05201474222910267,0.742206033752681,british_irish_lions,2025,south
gbdt_v3,british_irish_lions_2025,tries,stable,zero_minute,6,5,0.06364491634721041,0.12728983269442082,0.1884486957661685,0.6754614680505139,0.0,0.0,0.0,1.0,0.0,0.06364491634721041,0.06364491634721041,british_irish_lions,2025,south
gbdt_v3,british_irish_lions_2025,tries,stable,low_history,8,5,0.04517433268983076,0.09034866537966152,0.16148465075522472,0.5594876352465862,0.0,0.0,0.0,1.0,0.0,0.04517433268983076,0.07227893230372921,british_irish_lions,2025,south
gbdt_v3,british_irish_lions_2025,tries,stable,south,92,4,0.2048417637508016,0.48557410434348036,0.503542979933939,0.964315110513871,0.0016451345797015905,1.0664939879210122,0.13043478260869565,1.0,0.13043478260869565,0.12075984439448394,0.22252357892686903,british_irish_lions,2025,south
gbdt_v3,british_irish_lions_2025,tries,stable,position:Back-row,80,10,0.22961879830314724,0.6195548860870765,0.577735890174184,1.07238427908691,0.21587352899604365,-0.6463862741820977,0.1375,1.0,0.1375,0.1212487519095502,0.6200248152680555,british_irish_lions,2025,south
gbdt_v3,british_irish_lions_2025,tries,stable,position:Back-three,80,10,0.38523620053247754,0.8391497057408337,0.8515505070283051,0.985437386056234,0.03706571252185339,1.120711046512621,0.2375,1.0,0.2875,0.22346017580306446,0.8876146125240385,british_irish_lions,2025,south
gbdt_v3,british_irish_lions_2025,tries,stable,position:Centre,40,10,0.36670511606267786,0.8097018717816864,0.9115784470695363,0.8882415708539908,-0.5685643097589776,5.013452702388167,0.25,1.0,0.3,0.17324673459973713,0.5626695670900019,british_irish_lions,2025,south
gbdt_v3,british_irish_lions_2025,tries,stable,position:Fly-half,40,10,0.11562376783898069,0.3038658608464577,0.3246073465388066,0.9361028457503835,0.021444594633985025,0.3854001999971825,0.05,1.0,0.05,0.07409286597729767,0.2192932196432195,british_irish_lions,2025,south
gbdt_v3,british_irish_lions_2025,tries,stable,position:Hooker,40,10,0.24198482984820738,0.5786238227931173,0.5597146679381473,1.0337835614075057,0.04025954852251929,0.7865488497640871,0.15,1.0,0.15,0.13952146965874482,0.41723050875825657,british_irish_lions,2025,south
gbdt_v3,british_irish_lions_2025,tries,stable,position:Prop,80,10,0.09158066742723005,0.2875358871745682,0.2913593788002838,0.9868770600711073,0.012766691156600014,0.7936578139107713,0.05,1.0,0.05,0.04691355416754713,0.3156669571700357,british_irish_lions,2025,south
gbdt_v3,british_irish_lions_2025,tries,stable,position:Scrum-half,40,10,0.27740947649199466,0.7687793775148327,0.7695009180354548,0.999062326627934,-0.022193772237671733,2.4215575896127284,0.2,1.0,0.225,0.10208048460131999,0.5141026731411412,british_irish_lions,2025,south
gbdt_v3,british_irish_lions_2025,tries,stable,position:Second-row,60,10,0.12460744398660295,0.4072081270265232,0.4406845309283493,0.9240354458748428,-0.07234265441230381,2.9492167699088134,0.08333333333333333,1.0,0.08333333333333333,0.05278553592059309,0.31742477230568406,british_irish_lions,2025,south
gbdt_v3,british_irish_lions_2025,try_assists,stable,all,460,10,0.16901798025481712,0.4133014394868188,0.43752347986398815,0.9446383074464959,0.006163705407359113,1.0645640128470273,0.09782608695652174,1.0,0.1108695652173913,0.098355625914886,1.5961349924872823,british_irish_lions,2025,south
gbdt_v3,british_irish_lions_2025,try_assists,stable,starter,300,10,0.2129660091894326,0.4978514183947099,0.5309480682277069,0.9376649962331102,0.011370221897181069,0.9989084120794988,0.12333333333333334,1.0,0.14,0.12877034225294104,1.3543878070230133,british_irish_lions,2025,south
gbdt_v3,british_irish_lions_2025,try_assists,stable,bench,160,10,0.08661542600241308,0.254770229034523,0.26235237668201533,0.971099375033746,-0.037106315171711354,2.25891020911493,0.05,1.0,0.05625,0.04132803278103277,0.5691183527913165,british_irish_lions,2025,south
gbdt_v3,british_irish_lions_2025,try_assists,stable,zero_minute,6,5,0.07075101208604087,0.14150202417208174,0.1378137795849895,1.0267625240248035,0.0,0.0,0.0,1.0,0.0,0.07075101208604087,0.07075101208604087,british_irish_lions,2025,south
gbdt_v3,british_irish_lions_2025,try_assists,stable,low_history,8,5,0.03949821528727332,0.07899643057454664,0.19464806689675396,0.4058423586423196,0.0,0.0,0.0,1.0,0.0,0.03949821528727332,0.06319714445963731,british_irish_lions,2025,south
gbdt_v3,british_irish_lions_2025,try_assists,stable,south,92,4,0.1323331572661417,0.3230363707344056,0.3498318934454505,0.9234045745596859,-0.013815558590601679,0.943353212100503,0.05434782608695652,1.0,0.06521739130434782,0.08377874679513946,1.22414782361855,british_irish_lions,2025,south
gbdt_v3,british_irish_lions_2025,try_assists,stable,position:Back-row,80,10,0.16054310276807796,0.43556282465698726,0.4773078934524489,0.9125405857139456,-0.053496548785003324,2.2460708745263336,0.1125,1.0,0.1125,0.07390530310848267,0.5109857159993747,british_irish_lions,2025,south
gbdt_v3,british_irish_lions_2025,try_assists,stable,position:Back-three,80,10,0.27377640235514866,0.6718374729941627,0.7045451838910775,0.9535761344414053,-0.0025335025254728436,1.3588779351649627,0.15,1.0,0.1875,0.1398458960939737,0.8967130321190424,british_irish_lions,2025,south
gbdt_v3,british_irish_lions_2025,try_assists,stable,position:Centre,40,10,0.2666063760056506,0.5937778609653508,0.6829030793050416,0.8694906773148697,-0.25782020458320304,2.9482274328562785,0.15,1.0,0.175,0.1468069253272912,0.469068607131259,british_irish_lions,2025,south
gbdt_v3,british_irish_lions_2025,try_assists,stable,position:Fly-half,40,10,0.2773503028818757,0.6055192200162114,0.6707877266576479,0.9026987166765087,-0.01114311184700262,1.0465892265179229,0.2,1.0,0.2,0.2017440142676521,0.4526736086584622,british_irish_lions,2025,south
gbdt_v3,british_irish_lions_2025,try_assists,stable,position:Hooker,40,10,0.05426766373223574,0.21163327345124444,0.2239279521929439,0.9450953817006912,0.057445345286756946,-1.0757849459059372,0.025,1.0,0.025,0.030159694472610566,0.10508159591496576,british_irish_lions,2025,south
gbdt_v3,british_irish_lions_2025,try_assists,stable,position:Prop,80,10,0.030179168692969882,0.10195179201558116,0.09858295317754391,1.0341726305558132,0.0042817191383008905,0.4477230020870522,0.0125,1.0,0.0125,0.018355726249019474,0.11609149895685247,british_irish_lions,2025,south
gbdt_v3,british_irish_lions_2025,try_assists,stable,position:Scrum-half,40,10,0.3635544767380178,0.817470808451699,0.8335048661884459,0.9807630904303302,0.16051428319532032,0.3804105097625358,0.2,1.0,0.25,0.23523460711045918,0.5978188815247282,british_irish_lions,2025,south
gbdt_v3,british_irish_lions_2025,try_assists,stable,position:Second-row,60,10,0.03528707062681605,0.0705741412536321,0.03968288869976262,1.7784527176836866,0.0,0.0,0.0,1.0,0.0,0.03528707062681605,0.10586121188044814,british_irish_lions,2025,south
gbdt_v3,british_irish_lions_2025,conversion_goals,stable,all,460,10,0.0839535541098055,0.1348632830937106,0.22125556462828402,0.6095362316436422,-0.01012927011018719,1.3424563181407134,0.04782608695652174,1.0,0.10217391304347827,0.08365499989541862,1.1403019054523784,british_irish_lions,2025,south
gbdt_v3,british_irish_lions_2025,conversion_goals,stable,starter,300,10,0.08654569623436238,0.11154644761955455,0.19720475691468262,0.5656377126227907,-0.025502733856242403,1.3155922979781096,0.05333333333333334,1.0,0.12,0.11059865132979321,0.9244386588722312,british_irish_lions,2025,south
gbdt_v3,british_irish_lions_2025,conversion_goals,stable,bench,160,10,0.07909328762626133,0.17858234960775315,0.26635082909128666,0.6704779189801112,-0.01873520432235851,2.640213642945564,0.0375,1.0,0.06875,0.033135653455966294,0.6078935475003939,british_irish_lions,2025,south
gbdt_v3,british_irish_lions_2025,conversion_goals,stable,zero_minute,6,5,0.04575725441517977,0.09151450883035954,0.028294025914996367,3.2344110062419618,0.0,0.0,0.0,1.0,0.0,0.04575725441517977,0.04575725441517977,british_irish_lions,2025,south
gbdt_v3,british_irish_lions_2025,conversion_goals,stable,low_history,8,5,0.1328976448130362,0.2657952896260724,0.4432203460489544,0.5996910836686069,0.0,0.0,0.0,1.0,0.0,0.1328976448130362,0.21263623170085794,british_irish_lions,2025,south
gbdt_v3,british_irish_lions_2025,conversion_goals,stable,south,92,4,0.08868603028509521,0.18694750880747774,0.24292741834816756,0.7695611721338984,0.02743753179375652,0.7019669675278498,0.043478260869565216,1.0,0.07608695652173914,0.06930443593280979,0.4076407932221853,british_irish_lions,2025,south
gbdt_v3,british_irish_lions_2025,conversion_goals,stable,position:Back-row,80,10,0.0012341324297543278,0.0024682648595086556,1.9999999999999997e-08,123413.2429754328,0.0,0.0,0.0,1.0,0.0,0.0012341324297543278,0.004936529719017312,british_irish_lions,2025,south
gbdt_v3,british_irish_lions_2025,conversion_goals,stable,position:Back-three,80,10,0.07754035705627009,0.1594992644366922,0.4016426576352689,0.39711734150891226,0.005268981242245281,0.48898190489409227,0.025,1.0,0.0375,0.06591454292104239,0.29903608608651633,british_irish_lions,2025,south
gbdt_v3,british_irish_lions_2025,conversion_goals,stable,position:Centre,40,10,0.015006750168033633,0.030013500336067266,0.053097345132743355,0.565254256329267,0.0,0.0,0.0,1.0,0.0,0.015006750168033633,0.030013500336067273,british_irish_lions,2025,south
gbdt_v3,british_irish_lions_2025,conversion_goals,stable,position:Fly-half,40,10,0.7515113690495383,1.1269593093168324,1.5053521895466195,0.7486349819946446,-0.014153793559275742,1.3990302993228334,0.475,1.0,1.075,0.7785062225503291,1.0514914560110786,british_irish_lions,2025,south
gbdt_v3,british_irish_lions_2025,conversion_goals,stable,position:Hooker,40,10,0.0009886059959684558,0.0019772119919369115,0.001605146436597111,1.231795396891373,0.0,0.0,0.0,1.0,0.0,0.0009886059959684558,0.001977211991936912,british_irish_lions,2025,south
gbdt_v3,british_irish_lions_2025,conversion_goals,stable,position:Prop,80,10,0.0009476126653003691,0.0018952253306007381,1.9999999999999997e-08,94761.26653003693,0.0,0.0,0.0,1.0,0.0,0.0009476126653003691,0.0037904506612014754,british_irish_lions,2025,south
gbdt_v3,british_irish_lions_2025,conversion_goals,stable,position:Scrum-half,40,10,0.036761498190283945,0.06074533556665327,0.18109888683876846,0.3354263332426476,-0.04413657529674436,2.3368872795933706,0.025,1.0,0.025,0.02958489949449957,0.07317156650264388,british_irish_lions,2025,south
gbdt_v3,british_irish_lions_2025,conversion_goals,stable,position:Second-row,60,10,0.0011689630375261452,0.0023379260750522905,2e-08,116896.30375261452,0.0,0.0,0.0,1.0,0.0,0.0011689630375261452,0.003506889112578436,british_irish_lions,2025,south
gbdt_v3,british_irish_lions_2025,missed_conversion_goals,stable,all,460,10,0.05544214300298124,0.12873053201957302,0.15165493559246856,0.8488383943236859,0.003942217392408191,1.7692193004839745,0.034782608695652174,1.0,0.05434782608695652,0.02849031133718681,0.9634653467526004,british_irish_lions,2025,south
gbdt_v3,british_irish_lions_2025,missed_conversion_goals,stable,starter,300,10,0.06814889291342756,0.13488617284103677,0.15742658695378745,0.8568195210929179,0.003405997819667621,1.7216797082013697,0.04666666666666667,1.0,0.07,0.038679669547771356,0.8776250668497803,british_irish_lions,2025,south
gbdt_v3,british_irish_lions_2025,missed_conversion_goals,stable,bench,160,10,0.031616986920894416,0.1171887054793285,0.14083308928999566,0.8321105932571005,-0.020661723111833574,4.8652568263842,0.0125,1.0,0.025,0.009385264692340781,0.24641221628670804,british_irish_lions,2025,south
gbdt_v3,british_irish_lions_2025,missed_conversion_goals,stable,zero_minute,6,5,0.015688239768047448,0.031376479536094896,0.007468386068376068,4.201239631806745,0.0,0.0,0.0,1.0,0.0,0.015688239768047448,0.015688239768047448,british_irish_lions,2025,south
gbdt_v3,british_irish_lions_2025,missed_conversion_goals,stable,low_history,8,5,0.04070683418548163,0.08141366837096325,0.1578143198290044,0.5158826427106039,0.0,0.0,0.0,1.0,0.0,0.04070683418548163,0.0651309346967706,british_irish_lions,2025,south
gbdt_v3,british_irish_lions_2025,missed_conversion_goals,stable,south,92,4,0.04347712957011964,0.06893452986060239,0.04828983846118225,1.4275162654771638,-0.012130628589244099,2.8159300847469173,0.043478260869565216,1.0,0.05434782608695652,0.02360799191581326,0.7070161859362949,british_irish_lions,2025,south
gbdt_v3,british_irish_lions_2025,missed_conversion_goals,stable,position:Back-row,80,10,0.00045768444894105033,0.0009153688978821007,1.9999999999999997e-08,45768.444894105036,0.0,0.0,0.0,1.0,0.0,0.00045768444894105033,0.0018307377957642013,british_irish_lions,2025,south
gbdt_v3,british_irish_lions_2025,missed_conversion_goals,stable,position:Back-three,80,10,0.019326445801172286,0.03865289160234457,0.05868798283261802,0.6586168025673187,0.0,0.0,0.0,1.0,0.0,0.019326445801172286,0.07730578320468914,british_irish_lions,2025,south
gbdt_v3,british_irish_lions_2025,missed_conversion_goals,stable,position:Centre,40,10,0.0057144266702322255,0.011428853340464451,0.02413515687851971,0.47353549007324375,0.0,0.0,0.0,1.0,0.0,0.0057144266702322255,0.011428853340464453,british_irish_lions,2025,south
gbdt_v3,british_irish_lions_2025,missed_conversion_goals,stable,position:Fly-half,40,10,0.5325925454214522,1.221829598941369,1.1208091000159235,1.090131761888809,0.21960968690811478,1.3542041062641799,0.375,1.0,0.575,0.2624348216402138,0.9513834124695683,british_irish_lions,2025,south
gbdt_v3,british_irish_lions_2025,missed_conversion_goals,stable,position:Hooker,40,10,0.0003483100858865837,0.0006966201717731674,2e-08,34831.00858865837,0.0,0.0,0.0,1.0,0.0,0.0003483100858865837,0.0006966201717731676,british_irish_lions,2025,south
gbdt_v3,british_irish_lions_2025,missed_conversion_goals,stable,position:Prop,80,10,0.00034245839051598714,0.0006849167810319743,1.9999999999999997e-08,34245.83905159872,0.0,0.0,0.0,1.0,0.0,0.00034245839051598714,0.0013698335620639488,british_irish_lions,2025,south
gbdt_v3,british_irish_lions_2025,missed_conversion_goals,stable,position:Scrum-half,40,10,0.0580261652307711,0.16463965151959875,0.481711406753709,0.34178067866218553,-0.07922293551258837,7.085435710526383,0.025,1.0,0.05,0.018237824855373393,0.1159353355809712,british_irish_lions,2025,south
gbdt_v3,british_irish_lions_2025,missed_conversion_goals,stable,position:Second-row,60,10,0.00043334656312240925,0.0008666931262448185,2e-08,43334.65631224093,0.0,0.0,0.0,1.0,0.0,0.00043334656312240925,0.0013000396893672276,british_irish_lions,2025,south
gbdt_v3,british_irish_lions_2025,penalty_goals,stable,all,460,10,0.05670559807129297,0.1045157027652633,0.1437591472910665,0.7270194956961749,0.0018927027646145438,0.38763890301337234,0.015217391304347827,1.0,0.02391304347826087,0.05680632295279895,1.1905264001940359,british_irish_lions,2025,south
gbdt_v3,british_irish_lions_2025,penalty_goals,stable,starter,300,10,0.07768685180515487,0.14015101137969915,0.1936363521351635,0.7237846088004689,0.0024481402677693814,0.38495835230362363,0.02,1.0,0.03333333333333333,0.08022995963263128,1.1340507159089768,british_irish_lions,2025,south
gbdt_v3,british_irish_lions_2025,penalty_goals,stable,bench,160,10,0.0173657473203019,0.03769949911319603,0.050239388208384604,0.7503972571645339,-0.002948369828294693,0.7137709976005742,0.00625,1.0,0.00625,0.012887004178113304,0.13773395874951683,british_irish_lions,2025,south
gbdt_v3,british_irish_lions_2025,penalty_goals,stable,zero_minute,6,5,0.02111886448663358,0.04223772897326716,0.01334189034188034,3.1657979409920998,0.0,0.0,0.0,1.0,0.0,0.02111886448663358,0.02111886448663358,british_irish_lions,2025,south
gbdt_v3,british_irish_lions_2025,penalty_goals,stable,low_history,8,5,0.1814750665498356,0.3629501330996712,0.32410694439921955,1.119846826400012,0.0,0.0,0.0,1.0,0.0,0.1814750665498356,0.290360106479737,british_irish_lions,2025,south
gbdt_v3,british_irish_lions_2025,penalty_goals,stable,south,92,4,0.06533918784432124,0.10563462217917015,0.12250323202574176,0.8623006955193885,-0.019452091081012618,2.3289008619535547,0.03260869565217391,1.0,0.07608695652173914,0.04102323510783132,1.2090259797954508,british_irish_lions,2025,south
gbdt_v3,british_irish_lions_2025,penalty_goals,stable,position:Back-row,80,10,0.0007157090636030564,0.0014314181272061129,1.9999999999999997e-08,71570.90636030566,0.0,0.0,0.0,1.0,0.0,0.0007157090636030564,0.002862836254412226,british_irish_lions,2025,south
gbdt_v3,british_irish_lions_2025,penalty_goals,stable,position:Back-three,80,10,0.029477820536226718,0.058955641072453435,0.2027188841201716,0.2908246132486827,0.0,0.0,0.0,1.0,0.0,0.029477820536226718,0.11791128214490687,british_irish_lions,2025,south
gbdt_v3,british_irish_lions_2025,penalty_goals,stable,position:Centre,40,10,0.010318328414510476,0.020636656829020952,0.083668543845535,0.24664773498531772,0.0,0.0,0.0,1.0,0.0,0.010318328414510476,0.020636656829020952,british_irish_lions,2025,south
gbdt_v3,british_irish_lions_2025,penalty_goals,stable,position:Fly-half,40,10,0.562190585823178,1.0220829978071457,1.1206270602808241,0.9120634634246797,0.09687209158314629,0.31619463794650604,0.175,1.0,0.275,0.5633489219604968,1.0593214939357796,british_irish_lions,2025,south
gbdt_v3,british_irish_lions_2025,penalty_goals,stable,position:Hooker,40,10,0.0005062255187520614,0.0010124510375041228,2e-08,50622.55187520614,0.0,0.0,0.0,1.0,0.0,0.0005062255187520614,0.0010124510375041228,british_irish_lions,2025,south
gbdt_v3,british_irish_lions_2025,penalty_goals,stable,position:Prop,80,10,0.0005105617382791756,0.0010211234765583512,1.9999999999999997e-08,51056.17382791757,0.0,0.0,0.0,1.0,0.0,0.0005105617382791756,0.0020422469531167025,british_irish_lions,2025,south
gbdt_v3,british_irish_lions_2025,penalty_goals,stable,position:Scrum-half,40,10,0.01668793209088141,0.03337586418176282,0.04349669148056244,0.7673196062895413,0.0,0.0,0.0,1.0,0.0,0.01668793209088141,0.03337586418176282,british_irish_lions,2025,south
gbdt_v3,british_irish_lions_2025,penalty_goals,stable,position:Second-row,60,10,0.0006687488642195006,0.0013374977284390012,2e-08,66874.88642195005,0.0,0.0,0.0,1.0,0.0,0.0006687488642195006,0.002006246592658502,british_irish_lions,2025,south
gbdt_v3,british_irish_lions_2025,missed_penalty_goals,stable,all,460,10,0.009545168513415456,0.01909033702683091,0.035863899006719276,0.532299542312849,0.0,0.0,0.0,1.0,0.0,0.009545168513415456,0.21953887580855547,british_irish_lions,2025,south
gbdt_v3,british_irish_lions_2025,missed_penalty_goals,stable,starter,300,10,0.013672930334968206,0.02734586066993641,0.05136019403252512,0.5324329704171087,0.0,0.0,0.0,1.0,0.0,0.013672930334968206,0.20509395502452304,british_irish_lions,2025,south
gbdt_v3,british_irish_lions_2025,missed_penalty_goals,stable,bench,160,10,0.0018056150980040515,0.003611230196008103,0.006808345833333335,0.5304122740545424,0.0,0.0,0.0,1.0,0.0,0.0018056150980040515,0.014444920784032412,british_irish_lions,2025,south
gbdt_v3,british_irish_lions_2025,missed_penalty_goals,stable,zero_minute,6,5,0.003403471856326172,0.006806943712652344,0.006406847606837606,1.0624482007949965,0.0,0.0,0.0,1.0,0.0,0.003403471856326172,0.0034034718563261727,british_irish_lions,2025,south
gbdt_v3,british_irish_lions_2025,missed_penalty_goals,stable,low_history,8,5,0.0379284424141937,0.0758568848283874,0.06710364591114376,1.1304435667897146,0.0,0.0,0.0,1.0,0.0,0.0379284424141937,0.06068550786270993,british_irish_lions,2025,south
gbdt_v3,british_irish_lions_2025,missed_penalty_goals,stable,south,92,4,0.008873932879393528,0.017747865758787056,0.035863899006719276,0.4948671575129605,0.0,0.0,0.0,1.0,0.0,0.008873932879393528,0.20410045622605116,british_irish_lions,2025,south
gbdt_v3,british_irish_lions_2025,missed_penalty_goals,stable,position:Back-row,80,10,0.00016944781006596822,0.00033889562013193644,1.9999999999999997e-08,16944.781006596826,0.0,0.0,0.0,1.0,0.0,0.00016944781006596822,0.0006777912402638729,british_irish_lions,2025,south
gbdt_v3,british_irish_lions_2025,missed_penalty_goals,stable,position:Back-three,80,10,0.0077028191376897525,0.015405638275379505,0.049873819742489264,0.30889228767562993,0.0,0.0,0.0,1.0,0.0,0.0077028191376897525,0.030811276550759003,british_irish_lions,2025,south
gbdt_v3,british_irish_lions_2025,missed_penalty_goals,stable,position:Centre,40,10,0.002196994088389534,0.004393988176779068,0.03378921962992759,0.13004112627943765,0.0,0.0,0.0,1.0,0.0,0.002196994088389534,0.004393988176779068,british_irish_lions,2025,south
gbdt_v3,british_irish_lions_2025,missed_penalty_goals,stable,position:Fly-half,40,10,0.08767014598941755,0.1753402919788351,0.25313275434243176,0.6926811681653773,0.0,0.0,0.0,1.0,0.0,0.08767014598941755,0.1753402919788351,british_irish_lions,2025,south
gbdt_v3,british_irish_lions_2025,missed_penalty_goals,stable,position:Hooker,40,10,0.00012780834062202774,0.0002556166812440555,2e-08,12780.834062202774,0.0,0.0,0.0,1.0,0.0,0.00012780834062202774,0.0002556166812440555,british_irish_lions,2025,south
gbdt_v3,british_irish_lions_2025,missed_penalty_goals,stable,position:Prop,80,10,0.000128354825682853,0.000256709651365706,1.9999999999999997e-08,12835.4825682853,0.0,0.0,0.0,1.0,0.0,0.000128354825682853,0.000513419302731412,british_irish_lions,2025,south
gbdt_v3,british_irish_lions_2025,missed_penalty_goals,stable,position:Scrum-half,40,10,0.003529388859679624,0.007058777719359248,0.025765095119933835,0.27396668580113415,0.0,0.0,0.0,1.0,0.0,0.003529388859679624,0.007058777719359248,british_irish_lions,2025,south
gbdt_v3,british_irish_lions_2025,missed_penalty_goals,stable,position:Second-row,60,10,0.00016257138619456336,0.0003251427723891267,2e-08,16257.138619456337,0.0,0.0,0.0,1.0,0.0,0.00016257138619456336,0.0004877141585836901,british_irish_lions,2025,south
gbdt_v3,british_irish_lions_2025,drop_goals_converted,stable,all,460,10,0.0,2e-08,0.0029399190111792962,6.802908489638072e-06,0.0,,0.0,0.0,0.0,0.0,0.0,british_irish_lions,2025,south
gbdt_v3,british_irish_lions_2025,drop_goals_converted,stable,starter,300,10,0.0,1.9999999999999997e-08,0.0034394904154321847,5.814814866255972e-06,0.0,,0.0,0.0,0.0,0.0,0.0,british_irish_lions,2025,south
gbdt_v3,british_irish_lions_2025,drop_goals_converted,stable,bench,160,10,0.0,1.9999999999999997e-08,0.0020032226282051284,9.983912780537948e-06,0.0,,0.0,0.0,0.0,0.0,0.0,british_irish_lions,2025,south
gbdt_v3,british_irish_lions_2025,drop_goals_converted,stable,zero_minute,6,5,0.0,1.9999999999999997e-08,1.9999999999999997e-08,1.0,0.0,,0.0,0.0,0.0,0.0,0.0,british_irish_lions,2025,south
gbdt_v3,british_irish_lions_2025,drop_goals_converted,stable,low_history,8,5,0.0,2e-08,0.0052419529838709684,3.815371877912345e-06,0.0,,0.0,0.0,0.0,0.0,0.0,british_irish_lions,2025,south
gbdt_v3,british_irish_lions_2025,drop_goals_converted,stable,south,92,4,0.0,1.9999999999999997e-08,0.002939919011179296,6.802908489638072e-06,0.0,,0.0,0.0,0.0,0.0,0.0,british_irish_lions,2025,south
gbdt_v3,british_irish_lions_2025,drop_goals_converted,stable,position:Back-row,80,10,0.0,1.9999999999999997e-08,1.9999999999999997e-08,1.0,0.0,,0.0,0.0,0.0,0.0,0.0,british_irish_lions,2025,south
gbdt_v3,british_irish_lions_2025,drop_goals_converted,stable,position:Back-three,80,10,0.0,1.9999999999999997e-08,0.002414168090128755,8.284427286475042e-06,0.0,,0.0,0.0,0.0,0.0,0.0,british_irish_lions,2025,south
gbdt_v3,british_irish_lions_2025,drop_goals_converted,stable,position:Centre,40,10,0.0,2e-08,2e-08,1.0,0.0,,0.0,0.0,0.0,0.0,0.0,british_irish_lions,2025,south
gbdt_v3,british_irish_lions_2025,drop_goals_converted,stable,position:Fly-half,40,10,0.0,2e-08,0.02898056244830438,6.901177310024974e-07,0.0,,0.0,0.0,0.0,0.0,0.0,british_irish_lions,2025,south
gbdt_v3,british_irish_lions_2025,drop_goals_converted,stable,position:Hooker,40,10,0.0,2e-08,2e-08,1.0,0.0,,0.0,0.0,0.0,0.0,0.0,british_irish_lions,2025,south
gbdt_v3,british_irish_lions_2025,drop_goals_converted,stable,position:Prop,80,10,0.0,1.9999999999999997e-08,1.9999999999999997e-08,1.0,0.0,,0.0,0.0,0.0,0.0,0.0,british_irish_lions,2025,south
gbdt_v3,british_irish_lions_2025,drop_goals_converted,stable,position:Scrum-half,40,10,0.0,2e-08,2e-08,1.0,0.0,,0.0,0.0,0.0,0.0,0.0,british_irish_lions,2025,south
gbdt_v3,british_irish_lions_2025,drop_goals_converted,stable,position:Second-row,60,10,0.0,2e-08,2e-08,1.0,0.0,,0.0,0.0,0.0,0.0,0.0,british_irish_lions,2025,south
gbdt_v3,british_irish_lions_2025,drop_goal_missed,stable,all,460,10,0.0,2e-08,0.007981765685864823,2.505711240736955e-06,0.0,,0.0,0.0,0.0,0.0,0.0,british_irish_lions,2025,south
gbdt_v3,british_irish_lions_2025,drop_goal_missed,stable,starter,300,10,0.0,1.9999999999999997e-08,0.010530666530291872,1.899215015732311e-06,0.0,,0.0,0.0,0.0,0.0,0.0,british_irish_lions,2025,south
gbdt_v3,british_irish_lions_2025,drop_goal_missed,stable,bench,160,10,0.0,1.9999999999999997e-08,0.0032025766025641027,6.2449716219081995e-06,0.0,,0.0,0.0,0.0,0.0,0.0,british_irish_lions,2025,south
gbdt_v3,british_irish_lions_2025,drop_goal_missed,stable,zero_minute,6,5,0.0,1.9999999999999997e-08,0.003201719401709402,6.246643596975417e-06,0.0,,0.0,0.0,0.0,0.0,0.0,british_irish_lions,2025,south
gbdt_v3,british_irish_lions_2025,drop_goal_missed,stable,low_history,8,5,0.0,2e-08,0.015911454752316864,1.2569560930365468e-06,0.0,,0.0,0.0,0.0,0.0,0.0,british_irish_lions,2025,south
gbdt_v3,british_irish_lions_2025,drop_goal_missed,stable,south,92,4,0.0,1.9999999999999997e-08,0.007981765685864823,2.5057112407369548e-06,0.0,,0.0,0.0,0.0,0.0,0.0,british_irish_lions,2025,south
gbdt_v3,british_irish_lions_2025,drop_goal_missed,stable,position:Back-row,80,10,0.0,1.9999999999999997e-08,1.9999999999999997e-08,1.0,0.0,,0.0,0.0,0.0,0.0,0.0,british_irish_lions,2025,south
gbdt_v3,british_irish_lions_2025,drop_goal_missed,stable,position:Back-three,80,10,0.0,1.9999999999999997e-08,0.014466094420600858,1.3825431673885953e-06,0.0,,0.0,0.0,0.0,0.0,0.0,british_irish_lions,2025,south
gbdt_v3,british_irish_lions_2025,drop_goal_missed,stable,position:Centre,40,10,0.0,2e-08,0.0016090104585679804,1.2430000000000003e-05,0.0,,0.0,0.0,0.0,0.0,0.0,british_irish_lions,2025,south
gbdt_v3,british_irish_lions_2025,drop_goal_missed,stable,position:Fly-half,40,10,0.0,2e-08,0.05964640198511166,3.3530941237649507e-07,0.0,,0.0,0.0,0.0,0.0,0.0,british_irish_lions,2025,south
gbdt_v3,british_irish_lions_2025,drop_goal_missed,stable,position:Hooker,40,10,0.0,2e-08,2e-08,1.0,0.0,,0.0,0.0,0.0,0.0,0.0,british_irish_lions,2025,south
gbdt_v3,british_irish_lions_2025,drop_goal_missed,stable,position:Prop,80,10,0.0,1.9999999999999997e-08,1.9999999999999997e-08,1.0,0.0,,0.0,0.0,0.0,0.0,0.0,british_irish_lions,2025,south
gbdt_v3,british_irish_lions_2025,drop_goal_missed,stable,position:Scrum-half,40,10,0.0,2e-08,0.0016025741025641027,1.2479922125285938e-05,0.0,,0.0,0.0,0.0,0.0,0.0,british_irish_lions,2025,south
gbdt_v3,british_irish_lions_2025,drop_goal_missed,stable,position:Second-row,60,10,0.0,2e-08,2e-08,1.0,0.0,,0.0,0.0,0.0,0.0,0.0,british_irish_lions,2025,south
gbdt_v3,british_irish_lions_2025,defenders_beaten,stable,all,460,10,0.9253232339261308,1.4141129270558848,1.5622376321123312,0.9051842677377038,0.028363680757768725,0.9150151024633303,0.46956521739130436,1.0,1.0152173913043478,1.0785108441268907,6.5444256247275465,british_irish_lions,2025,south
gbdt_v3,british_irish_lions_2025,defenders_beaten,stable,starter,300,10,1.1139724278171668,1.588746486583014,1.804093577081832,0.8806341903577156,0.1121054348062982,0.8792269544001319,0.59,1.0,1.35,1.4079351855611364,5.662610749533199,british_irish_lions,2025,south
gbdt_v3,british_irish_lions_2025,defenders_beaten,stable,bench,160,10,0.5716059953804387,1.086675002942517,1.108757735294517,0.9800833566711178,-0.015430588488546976,0.8743390551555176,0.24375,1.0,0.3875,0.4608402039376795,2.2278226966917587,british_irish_lions,2025,south
gbdt_v3,british_irish_lions_2025,defenders_beaten,stable,zero_minute,6,5,0.6303162896873057,1.1008836456080613,1.332418058620709,0.8262299047099922,-0.1700178422901928,0.9632628569451992,0.16666666666666666,1.0,0.3333333333333333,0.5225480999234272,0.6303162896873057,british_irish_lions,2025,south
gbdt_v3,british_irish_lions_2025,defenders_beaten,stable,low_history,8,5,0.6270540333054302,0.9650884947605172,0.855037175792274,1.1287093966016974,-0.2894424217509832,1.4660216677372953,0.25,1.0,0.5,0.5384930107952867,0.5642030417266153,british_irish_lions,2025,south
gbdt_v3,british_irish_lions_2025,defenders_beaten,stable,south,92,4,0.9816184260807944,1.5478706546139072,1.6484360673196594,0.9389934406923827,0.13590601251742612,0.8517655734187481,0.4673913043478261,1.0,1.076086956521739,1.1038024702391882,7.384342187704014,british_irish_lions,2025,south
gbdt_v3,british_irish_lions_2025,defenders_beaten,stable,position:Back-row,80,10,0.972326985291007,1.4508093183303767,1.843553558688378,0.786963476863984,-0.281963347616602,1.2762494111060165,0.55,1.0,1.125,1.1024203696966315,2.242386867433017,british_irish_lions,2025,south
gbdt_v3,british_irish_lions_2025,defenders_beaten,stable,position:Back-three,80,10,1.4301588239208833,1.7985985624228717,1.8955345468851061,0.9488608716620188,0.06761460664017387,0.8076990364314465,0.6875,1.0,1.8125,2.160316299334751,3.843687323310842,british_irish_lions,2025,south
gbdt_v3,british_irish_lions_2025,defenders_beaten,stable,position:Centre,40,10,1.4629591092688032,1.8212594037085565,2.051319832360568,0.8878476066858535,-0.4174665623644001,1.189127457588377,0.725,1.0,1.975,2.011951323718037,2.038521884516218,british_irish_lions,2025,south
gbdt_v3,british_irish_lions_2025,defenders_beaten,stable,position:Fly-half,40,10,0.9292509698462741,1.5525781963070528,1.680057371583402,0.9241221297364364,-0.004452229033403914,0.9185677793525521,0.475,1.0,0.925,1.0118493702103544,1.2597596674545057,british_irish_lions,2025,south
gbdt_v3,british_irish_lions_2025,defenders_beaten,stable,position:Hooker,40,10,0.6535800195590701,1.1956544943814986,1.104681362805671,1.082352372945601,0.3086204179982841,0.41762775192175877,0.375,1.0,0.55,0.5779778304745836,0.7909147267776303,british_irish_lions,2025,south
gbdt_v3,british_irish_lions_2025,defenders_beaten,stable,position:Prop,80,10,0.5167170139033427,1.03512754549954,1.1425442430091295,0.9059846494638272,-0.22916579807477602,1.6547072411205512,0.2125,1.0,0.3625,0.357565243791467,1.4907298545592196,british_irish_lions,2025,south
gbdt_v3,british_irish_lions_2025,defenders_beaten,stable,position:Scrum-half,40,10,1.0151301667568422,1.861335919694588,1.9821379923265983,0.9390546606242006,-0.638761526543338,2.0693880843442503,0.425,1.0,1.0,0.7919063316065389,1.5551154449381357,british_irish_lions,2025,south
gbdt_v3,british_irish_lions_2025,defenders_beaten,stable,position:Second-row,60,10,0.49459418565936647,0.8415998630302673,0.922847675366894,0.9119596716713566,-0.06305141035003184,0.9362349709289702,0.3333333333333333,1.0,0.4166666666666667,0.5123906838693532,0.9600072122287964,british_irish_lions,2025,south
gbdt_v3,british_irish_lions_2025,clean_breaks,stable,all,460,10,0.33856231875846254,0.727689077848905,0.7505556011440122,0.9695338716275602,0.02207000391588851,1.2251086771919042,0.2108695652173913,1.0,0.2847826086956522,0.21444024491111435,2.2628161473280257,british_irish_lions,2025,south
gbdt_v3,british_irish_lions_2025,clean_breaks,stable,starter,300,10,0.440605547549446,0.8891345730382195,0.9252625603036659,0.9609537996937978,0.04095373834264385,1.192255558395006,0.2733333333333333,1.0,0.38666666666666666,0.2899654573969153,2.427512582993992,british_irish_lions,2025,south
gbdt_v3,british_irish_lions_2025,clean_breaks,stable,bench,160,10,0.14723126477536874,0.4249787743689402,0.422980052719661,1.004725333113058,0.015145913730768464,1.0792747135925822,0.09375,1.0,0.09375,0.07283047150023746,0.769193634138674,british_irish_lions,2025,south
gbdt_v3,british_irish_lions_2025,clean_breaks,stable,zero_minute,6,5,0.08631881244346178,0.17263762488692355,0.212839725678677,0.8111156145143396,0.0,0.0,0.0,1.0,0.0,0.08631881244346178,0.08631881244346179,british_irish_lions,2025,south
gbdt_v3,british_irish_lions_2025,clean_breaks,stable,low_history,8,5,0.101842111192332,0.203684222384664,0.3264526486187853,0.6239319032835172,0.0,0.0,0.0,1.0,0.0,0.101842111192332,0.1629473779077312,british_irish_lions,2025,south
gbdt_v3,british_irish_lions_2025,clean_breaks,stable,south,92,4,0.3130305710126225,0.6472244347768894,0.6655846186820574,0.9724149516232459,-0.01800034881766947,1.2235865102787928,0.18478260869565216,1.0,0.25,0.21902852521364077,1.7205387483163357,british_irish_lions,2025,south
gbdt_v3,british_irish_lions_2025,clean_breaks,stable,position:Back-row,80,10,0.3249271193627532,0.7174539070600167,0.782092661489201,0.9173515395143791,-0.028419157511560673,1.5062053866452623,0.2125,1.0,0.2375,0.17654906818773,0.7473655197349436,british_irish_lions,2025,south
gbdt_v3,british_irish_lions_2025,clean_breaks,stable,position:Back-three,80,10,0.6634595549891346,1.1211821129730575,1.113337223037999,1.0070462837069722,0.07165314946640698,1.0441648835995716,0.425,1.0,0.65,0.5538846015773349,1.4764825648263227,british_irish_lions,2025,south
gbdt_v3,british_irish_lions_2025,clean_breaks,stable,position:Centre,40,10,0.6322710747315607,1.1536152233412036,1.1972031450209386,0.9635918750622956,-0.598308297266553,3.359404746044085,0.475,1.0,0.65,0.37158615636788533,0.9493443518339643,british_irish_lions,2025,south
gbdt_v3,british_irish_lions_2025,clean_breaks,stable,position:Fly-half,40,10,0.30594357016767576,0.6766432463059129,0.7153893861890461,0.9458390903874909,0.023166030520453205,0.7731205054368631,0.15,1.0,0.175,0.19639107799081182,0.49411920924781494,british_irish_lions,2025,south
gbdt_v3,british_irish_lions_2025,clean_breaks,stable,position:Hooker,40,10,0.19447157605923265,0.52211707125207,0.5487894788273595,0.9513977424780764,-0.09175284811487872,2.252142381424789,0.1,1.0,0.125,0.09624295954936596,0.3576304629309319,british_irish_lions,2025,south
gbdt_v3,british_irish_lions_2025,clean_breaks,stable,position:Prop,80,10,0.09261279881219699,0.3587323577250676,0.3685799354315284,0.973282382572097,0.007085826154860806,1.5589081807278482,0.0625,1.0,0.0625,0.03554678494230913,0.323363129754488,british_irish_lions,2025,south
gbdt_v3,british_irish_lions_2025,clean_breaks,stable,position:Scrum-half,40,10,0.327345390672093,0.7724139428662186,0.7650375722362275,1.0096418409992984,-0.13239135761877252,2.121933541562815,0.15,1.0,0.225,0.16842721537619515,0.5799423496278472,british_irish_lions,2025,south
gbdt_v3,british_irish_lions_2025,clean_breaks,stable,position:Second-row,60,10,0.1809574051757245,0.5659321039871457,0.5846334606434067,0.9680118263575272,-0.1775048913950172,4.595728600510765,0.1,1.0,0.13333333333333333,0.06763633185253898,0.4710767148690471,british_irish_lions,2025,south
gbdt_v3,british_irish_lions_2025,offload,stable,all,460,10,0.4191939017032109,0.7832950291080898,0.8290630526984765,0.9447954851667572,-0.06005233329251514,1.1312560697433776,0.22826086956521738,1.0,0.3108695652173913,0.3278850018405194,3.7410162330162358,british_irish_lions,2025,south
gbdt_v3,british_irish_lions_2025,offload,stable,starter,300,10,0.5272066192664498,0.9395236686376575,0.9903211606156894,0.9487060420415021,-0.09866187866613696,1.1886229816684817,0.2966666666666667,1.0,0.41333333333333333,0.4307465192039091,3.438981954285494,british_irish_lions,2025,south
gbdt_v3,british_irish_lions_2025,offload,stable,bench,160,10,0.21667005627213803,0.4903663299901499,0.5267041003537025,0.9310091371243353,-0.11379936036001627,1.72233707223652,0.1,1.0,0.11875,0.13501965678416367,0.9598788021887975,british_irish_lions,2025,south
gbdt_v3,british_irish_lions_2025,offload,stable,zero_minute,6,5,0.1522994451349071,0.3045988902698142,0.25865739450680014,1.1776152421646937,0.0,0.0,0.0,1.0,0.0,0.1522994451349071,0.1522994451349071,british_irish_lions,2025,south
gbdt_v3,british_irish_lions_2025,offload,stable,low_history,8,5,0.16020611525242767,0.32041223050485534,0.44681284468774085,0.7171061313798583,0.0,0.0,0.0,1.0,0.0,0.16020611525242767,0.25632978440388426,british_irish_lions,2025,south
gbdt_v3,british_irish_lions_2025,offload,stable,south,92,4,0.3413077152730785,0.6574617464752378,0.6440923100750868,1.0207570191275726,0.056285268272003794,0.4059380936163336,0.18478260869565216,1.0,0.18478260869565216,0.31654417864290324,3.552687423745561,british_irish_lions,2025,south
gbdt_v3,british_irish_lions_2025,offload,stable,position:Back-row,80,10,0.4274064644976862,0.811787041553738,0.8091602889677663,1.0032462697710025,0.12258863916838718,0.4302142466247315,0.225,1.0,0.2625,0.3252132209225861,0.8965001757548338,british_irish_lions,2025,south
gbdt_v3,british_irish_lions_2025,offload,stable,position:Back-three,80,10,0.6708340282402316,1.2065838735424779,1.3153274156055008,0.9173258758444082,-0.171057105052971,1.487931200304663,0.375,1.0,0.625,0.5350093504928006,1.858275009127117,british_irish_lions,2025,south
gbdt_v3,british_irish_lions_2025,offload,stable,position:Centre,40,10,0.5293622830135047,0.9255282740462061,0.9016333487416386,1.0265018206546113,0.16449315203169818,0.2087412275905777,0.25,1.0,0.275,0.5293963691017884,0.6616003943155372,british_irish_lions,2025,south
gbdt_v3,british_irish_lions_2025,offload,stable,position:Fly-half,40,10,0.5358954122330751,0.9306619261528624,1.1277485637929865,0.825238848474116,-0.16597426631685006,1.9682657965944284,0.375,1.0,0.575,0.3764604697185274,0.8611461581813623,british_irish_lions,2025,south
gbdt_v3,british_irish_lions_2025,offload,stable,position:Hooker,40,10,0.2809956571376234,0.5710015628178984,0.5433466596242754,1.0508973464799551,0.09166865561976617,0.4673846468214352,0.175,1.0,0.175,0.17829285781411364,0.4672160176444238,british_irish_lions,2025,south
gbdt_v3,british_irish_lions_2025,offload,stable,position:Prop,80,10,0.1748328051756134,0.37613699171876835,0.3878786911872349,0.969728423511673,0.01533128570341744,0.46842687062042243,0.075,1.0,0.075,0.12738106637126187,0.519308570746029,british_irish_lions,2025,south
gbdt_v3,british_irish_lions_2025,offload,stable,position:Scrum-half,40,10,0.4176587609945959,0.753957468957448,0.8439356515099607,0.8933826502156595,-0.14647395135398517,1.4006165731419404,0.25,1.0,0.325,0.33661885800504904,0.5806120590537948,british_irish_lions,2025,south
gbdt_v3,british_irish_lions_2025,offload,stable,position:Second-row,60,10,0.34044744025404255,0.6918185260924324,0.7285520605617429,0.9495800829373985,-0.007814777802356726,0.8319208966219238,0.15,1.0,0.2,0.2498011273021317,0.7039438433445587,british_irish_lions,2025,south
gbdt_v3,british_irish_lions_2025,runs,stable,all,460,10,2.225597694881082,1.7291725491419312,1.9425049788965898,0.8901766368311504,0.044932426864256254,0.9522681242017045,0.9239130434782609,1.0,5.069565217391304,5.276489533595641,15.003369868499993,british_irish_lions,2025,south
gbdt_v3,british_irish_lions_2025,runs,stable,starter,300,10,2.4896294034627995,1.5882415156237963,1.8208035982483814,0.8722750312838186,-0.27702953368967564,0.9941523164444307,0.9866666666666667,1.0,6.416666666666667,6.733069057562756,12.833378316519182,british_irish_lions,2025,south
gbdt_v3,british_irish_lions_2025,runs,stable,bench,160,10,1.7305382412903618,1.9934182369884337,2.1706950676119803,0.9183317669678165,-0.0058030772913251665,1.0016304495808408,0.80625,1.0,2.54375,2.5454029261573003,6.444208342267513,british_irish_lions,2025,south
gbdt_v3,british_irish_lions_2025,runs,stable,zero_minute,6,5,2.01655130557763,4.029861328263262,3.5931728109517547,1.1215328458404532,-7.094057157483784,3.0176444806241314,0.16666666666666666,1.0,0.5,2.51655130557763,2.01655130557763,british_irish_lions,2025,south
gbdt_v3,british_irish_lions_2025,runs,stable,low_history,8,5,2.319010456524531,3.0380549847927307,2.518674941977717,1.2062116211023188,-1.530501254099666,1.7571588963283993,0.75,1.0,3.125,2.649448074290483,1.5985888635833576,british_irish_lions,2025,south
gbdt_v3,british_irish_lions_2025,runs,stable,south,92,4,2.2627579939376155,1.7879575745652079,2.1277056175542097,0.8403218752697842,0.42796678064048943,0.8685984547215124,0.8913043478260869,1.0,5.304347826086956,5.614079807463989,10.743429295936373,british_irish_lions,2025,south
gbdt_v3,british_irish_lions_2025,runs,stable,position:Back-row,80,10,2.595950897772597,1.787644239066174,2.2026288503713167,0.8115957614760266,0.47578665306516604,0.9733445444187508,0.9625,1.0,7.1,6.805620255354282,5.315619785208027,british_irish_lions,2025,south
gbdt_v3,british_irish_lions_2025,runs,stable,position:Back-three,80,10,2.7780940567292127,2.138643641927741,2.1022654110242707,1.0173042997866506,1.169902058520832,0.7597141615268385,0.95,1.0,6.2,6.621040117733105,7.719217702306847,british_irish_lions,2025,south
gbdt_v3,british_irish_lions_2025,runs,stable,position:Centre,40,10,2.6723971959696953,1.7006378614119477,2.031055115642194,0.83731743580687,-2.0103741619033975,1.2877213370885994,0.975,1.0,7.3,7.230115626532337,4.453944300572905,british_irish_lions,2025,south
gbdt_v3,british_irish_lions_2025,runs,stable,position:Fly-half,40,10,2.1242035134841957,2.060522736441906,2.159980716409845,0.9539542278260472,0.6200497163559532,0.7152936738301355,0.85,1.0,3.475,3.9912981032767028,3.464338742300602,british_irish_lions,2025,south
gbdt_v3,british_irish_lions_2025,runs,stable,position:Hooker,40,10,1.8207005207971654,1.7086225273639433,1.5895988839591348,1.0748765267803675,-0.49796551304391845,0.9582011261803595,0.85,1.0,3.65,4.328909035599648,2.3528836877294195,british_irish_lions,2025,south
gbdt_v3,british_irish_lions_2025,runs,stable,position:Prop,80,10,1.8438147465714365,1.5309414296664334,2.113277715454442,0.724439300367684,0.19510873285681396,0.9508203292183346,0.9375,1.0,3.7375,3.7256158269726614,3.0183495747049336,british_irish_lions,2025,south
gbdt_v3,british_irish_lions_2025,runs,stable,position:Scrum-half,40,10,1.309387903745731,1.2632217533167913,1.2637038934867035,0.9996184706145188,-0.2645377627963804,0.8984803864416779,0.825,1.0,2.775,3.3829761992179934,1.865045413698556,british_irish_lions,2025,south
gbdt_v3,british_irish_lions_2025,runs,stable,position:Second-row,60,10,2.1546433033261096,1.492013876851283,1.638749796075231,0.9104586193844982,0.24403164101557537,0.8948066302763118,0.95,1.0,4.683333333333334,4.961185514402064,4.626337240984741,british_irish_lions,2025,south
gbdt_v3,british_irish_lions_2025,tackles,stable,all,460,10,2.5465010182527332,1.9099378964680929,2.038246205441586,0.9370496514940426,0.45611354042364344,0.9648462519032457,0.9369565217391305,1.0,6.306521739130435,6.063565243857597,24.309085202649136,british_irish_lions,2025,south
gbdt_v3,british_irish_lions_2025,tackles,stable,starter,300,10,2.843214575184515,1.7791078649234797,1.9499103267817233,0.9124049657503231,0.8061806595565195,0.9290020083956531,0.98,1.0,7.87,7.603664229577287,22.479639577683614,british_irish_lions,2025,south
gbdt_v3,british_irish_lions_2025,tackles,stable,bench,160,10,1.9901630990056436,2.1552442056142427,2.2038759779288286,0.9779335258419172,0.5259876908457001,0.8970781726793957,0.85625,1.0,3.375,3.175879645633178,9.12068648147457,british_irish_lions,2025,south
gbdt_v3,british_irish_lions_2025,tackles,stable,zero_minute,6,5,2.21739220689374,3.71631490051533,3.6498455296987236,1.0182115572496826,-0.3423801999424622,0.34987041209857406,0.3333333333333333,1.0,0.6666666666666666,2.884058873560407,2.21739220689374,british_irish_lions,2025,south
gbdt_v3,british_irish_lions_2025,tackles,stable,low_history,8,5,2.8571246952798606,3.7516270229946738,3.7391913356090725,1.0033257692023336,1.012838529280288,0.8365022856397781,0.75,1.0,3.5,2.9732871187763323,4.349157089593296,british_irish_lions,2025,south
gbdt_v3,british_irish_lions_2025,tackles,stable,south,92,4,2.517847708744223,2.14134205532551,2.2855443598807597,0.9369068012476586,1.4184573592806902,0.7843836160143413,0.9239130434782609,1.0,6.239130434782608,6.145810515519202,20.331149543819812,british_irish_lions,2025,south
gbdt_v3,british_irish_lions_2025,tackles,stable,position:Back-row,80,10,3.4868112711890027,2.011311368561396,2.028192767747002,0.9916766298282591,1.3951579458963066,0.8767000376196725,0.9875,1.0,9.7,9.472843273341438,7.830434747656303,british_irish_lions,2025,south
gbdt_v3,british_irish_lions_2025,tackles,stable,position:Back-three,80,10,1.9135352371852927,2.240878831069049,2.7623274417726877,0.8112285303986243,0.045697466372184935,1.0997646932307465,0.85,1.0,3.6625,3.288705807605843,4.765896889957384,british_irish_lions,2025,south
gbdt_v3,british_irish_lions_2025,tackles,stable,position:Centre,40,10,1.8535069045797439,0.8395250375147949,0.9109559404067461,0.9215868740478744,2.0692908483471006,0.70686752528547,1.0,1.0,6.85,6.763232120081054,2.593949287232107,british_irish_lions,2025,south
gbdt_v3,british_irish_lions_2025,tackles,stable,position:Fly-half,40,10,2.0807936627433015,1.5574921044983818,1.8539634290469422,0.840087824870976,-1.0431475444867915,1.3661946922407695,0.95,1.0,4.175,3.8194757849104435,3.166160215873327,british_irish_lions,2025,south
gbdt_v3,british_irish_lions_2025,tackles,stable,position:Hooker,40,10,2.894121622499688,2.0407851760271027,1.788971559501944,1.1407588707532414,1.1605439146460803,0.8874163791034299,0.975,1.0,6.875,6.439430485976965,4.0768509577086345,british_irish_lions,2025,south
gbdt_v3,british_irish_lions_2025,tackles,stable,position:Prop,80,10,2.50137316838019,1.7970860999859215,1.8724816075765236,0.9597349809549353,0.669149248881445,0.8799132736401827,0.9375,1.0,5.85,5.887910668383808,4.784319847911678,british_irish_lions,2025,south
gbdt_v3,british_irish_lions_2025,tackles,stable,position:Scrum-half,40,10,1.8076860939362895,1.5013536444605862,1.554116509105238,0.9660496080341947,0.1407625293935299,0.9733595150677279,0.925,1.0,3.725,3.682336706141997,2.7395667192307354,british_irish_lions,2025,south
gbdt_v3,british_irish_lions_2025,tackles,stable,position:Second-row,60,10,3.2301427150922946,2.617718165099646,2.670546860216628,0.9802180235426774,1.2324588683248328,0.9060938747053587,0.9166666666666666,1.0,8.316666666666666,7.818403805726487,6.537994535854412,british_irish_lions,2025,south
gbdt_v3,british_irish_lions_2025,missed_tackles,stable,all,460,10,0.8231432784773242,1.2370446888009812,1.2655693033892843,0.977461041041441,0.05263785279549798,1.0456231332548456,0.558695652173913,1.0,1.0152173913043478,0.9205798034637054,7.272492002453245,british_irish_lions,2025,south
gbdt_v3,british_irish_lions_2025,missed_tackles,stable,starter,300,10,0.9515124717126207,1.3187796528842681,1.3793159324324888,0.9561113751209542,0.19624661094926113,0.9426098946732288,0.6833333333333333,1.0,1.3233333333333333,1.1957085627398336,5.997958222986889,british_irish_lions,2025,south
gbdt_v3,british_irish_lions_2025,missed_tackles,stable,bench,160,10,0.582451041161143,1.0837916311448186,1.0522943739332762,1.0299319829049467,0.4996800299179703,-0.1536396695001214,0.325,1.0,0.4375,0.404713379820965,1.7565108302117924,british_irish_lions,2025,south
gbdt_v3,british_irish_lions_2025,missed_tackles,stable,zero_minute,6,5,0.46473175517765436,0.9294635103553087,0.8791633437578722,1.0572136758823847,0.0,0.0,0.0,1.0,0.0,0.46473175517765436,0.46473175517765425,british_irish_lions,2025,south
gbdt_v3,british_irish_lions_2025,missed_tackles,stable,low_history,8,5,1.104209778714428,2.4593789697066866,1.7294369627848762,1.422069160443061,0.532778324612738,1.7656972348184514,0.625,1.0,1.375,0.4769909918751495,1.5396801538519487,british_irish_lions,2025,south
gbdt_v3,british_irish_lions_2025,missed_tackles,stable,south,92,4,0.8919574647705428,1.3756214674364098,1.3899686708546244,0.9896780382759324,0.05335558257980787,1.220321298861357,0.5652173913043478,1.0,1.1195652173913044,0.8737122230074511,10.682694015687119,british_irish_lions,2025,south
gbdt_v3,british_irish_lions_2025,missed_tackles,stable,position:Back-row,80,10,0.9000208044773974,1.3404798649958525,1.352588252257193,0.9910479872635785,0.15024502475946805,1.135026998810369,0.6125,1.0,1.2125,0.9358852048047226,2.1055640731845715,british_irish_lions,2025,south
gbdt_v3,british_irish_lions_2025,missed_tackles,stable,position:Back-three,80,10,0.9074856630288061,1.3672978290013067,1.4683271361649521,0.9311942790708625,-0.15878866754783816,1.2309991466635064,0.575,1.0,1.1,1.0225747686013045,1.9023596503402025,british_irish_lions,2025,south
gbdt_v3,british_irish_lions_2025,missed_tackles,stable,position:Centre,40,10,1.3094042076347314,1.9597769424077804,1.8772740360022362,1.04394824880295,1.6787171810729156,-0.058402926281161,0.65,1.0,1.6,1.3478293997454718,1.971972093788353,british_irish_lions,2025,south
gbdt_v3,british_irish_lions_2025,missed_tackles,stable,position:Fly-half,40,10,0.8099484371289579,1.1742885814430453,1.225920183368304,0.9578833902682007,0.17193807821517273,0.8185545372283625,0.525,1.0,1.05,1.0726981304849368,1.1781049188062294,british_irish_lions,2025,south
gbdt_v3,british_irish_lions_2025,missed_tackles,stable,position:Hooker,40,10,0.7397478915906633,1.1627678957647056,1.1710888935584012,0.992894648869556,0.01587219939801273,0.9677022851208307,0.475,1.0,0.75,0.7586298099010085,0.9616440441939049,british_irish_lions,2025,south
gbdt_v3,british_irish_lions_2025,missed_tackles,stable,position:Prop,80,10,0.6670460491585851,1.1046284568267268,1.1130895591012089,0.9923985431313235,0.011991774226531133,1.0791469681023995,0.475,1.0,0.6875,0.6259649943337193,1.6605249296879798,british_irish_lions,2025,south
gbdt_v3,british_irish_lions_2025,missed_tackles,stable,position:Scrum-half,40,10,0.7159721969887125,0.9717242682006614,1.056038763855301,0.9201596583947059,-0.09156402472722716,1.0672605366215602,0.55,1.0,0.925,0.9524984667241473,1.0193072503524836,british_irish_lions,2025,south
gbdt_v3,british_irish_lions_2025,missed_tackles,stable,position:Second-row,60,10,0.6279799572110573,0.8884292878315473,0.903810144763881,0.9829822037056777,-0.07309540545777224,1.1348827838379922,0.6,1.0,0.9,0.8574413316650368,1.2461993046886106,british_irish_lions,2025,south
gbdt_v3,british_irish_lions_2025,rucks_won,stable,all,460,10,1.854170103688388,1.6829530114513436,2.0837398505781106,0.807659848221661,-0.049849279186511476,0.9730130890837023,0.8673913043478261,1.0,3.6891304347826086,3.842681826089477,14.404683809882517,british_irish_lions,2025,south
gbdt_v3,british_irish_lions_2025,rucks_won,stable,starter,300,10,2.0946268229128076,1.624649879906584,2.0677915043653554,0.7856932753987786,-0.7340691968608288,1.090744344326072,0.9366666666666666,1.0,4.58,4.871965850204969,12.561011450586639,british_irish_lions,2025,south
gbdt_v3,british_irish_lions_2025,rucks_won,stable,bench,160,10,1.4033137551426003,1.7922713830977675,2.1136429997270265,0.8479536910108454,0.20837122661183738,0.946467542715997,0.7375,1.0,2.01875,1.9127742808729302,5.016168452516746,british_irish_lions,2025,south
gbdt_v3,british_irish_lions_2025,rucks_won,stable,zero_minute,6,5,1.2570953421157298,2.439261737567569,2.228400641360794,1.0946244101231324,-0.4976014338453724,0.5224596236257424,0.16666666666666666,1.0,0.3333333333333333,1.5904286754490633,1.25709534211573,british_irish_lions,2025,south
gbdt_v3,british_irish_lions_2025,rucks_won,stable,low_history,8,5,2.346746455366187,4.538104724268402,2.810779719184987,1.614535886001152,0.504935903943856,1.4860848923532328,0.75,1.0,2.625,1.4266103551453229,2.6911687606759083,british_irish_lions,2025,south
gbdt_v3,british_irish_lions_2025,rucks_won,stable,south,92,4,2.0363978604198043,1.7825045452144181,2.6173978072987927,0.6810216392188388,0.14373214078998695,1.011937388945996,0.8695652173913043,1.0,4.358695652173913,4.16524140468227,16.93966999546898,british_irish_lions,2025,south
gbdt_v3,british_irish_lions_2025,rucks_won,stable,position:Back-row,80,10,2.4250539130935196,1.8842249412764525,2.780187884372688,0.6777329517431525,-0.2606191896349361,1.0682090743467663,0.9375,1.0,5.7625,5.638520898465697,5.128707015009948,british_irish_lions,2025,south
gbdt_v3,british_irish_lions_2025,rucks_won,stable,position:Back-three,80,10,1.8726736950681406,1.99787557895071,1.9678929824849676,1.0152358876893204,1.0100623627570418,0.6353205404732915,0.875,1.0,3.525,3.9585334914080064,4.488127859388743,british_irish_lions,2025,south
gbdt_v3,british_irish_lions_2025,rucks_won,stable,position:Centre,40,10,2.318479679983956,1.9767266062634512,2.329983951225754,0.8483863612981275,-0.7784608043974423,1.1322756724639191,0.925,1.0,4.825,4.948848536332039,3.3786133891000922,british_irish_lions,2025,south
gbdt_v3,british_irish_lions_2025,rucks_won,stable,position:Fly-half,40,10,1.241739541543534,1.523004230787945,2.0416857720298847,0.7459542754582376,-0.09044155058023788,1.0205696599133816,0.65,1.0,1.775,1.8278434327927833,1.9631328913965393,british_irish_lions,2025,south
gbdt_v3,british_irish_lions_2025,rucks_won,stable,position:Hooker,40,10,1.698858578370692,1.5379435888403727,1.5423818074374256,0.997122490309694,-0.3411495849606662,1.0000628349822418,0.85,1.0,3.15,3.490930232421504,1.7124623349551549,british_irish_lions,2025,south
gbdt_v3,british_irish_lions_2025,rucks_won,stable,position:Prop,80,10,1.7571501189191796,1.5250474552622557,2.252971070110057,0.6769050324235888,-0.03161687662585068,0.9972487712279924,0.925,1.0,3.275,3.3157392338063745,3.002959591828938,british_irish_lions,2025,south
gbdt_v3,british_irish_lions_2025,rucks_won,stable,position:Scrum-half,40,10,0.9594042431406633,1.213344193201597,1.4313301395583458,0.8477039361275442,-0.06482545117171475,0.8723325860316397,0.65,1.0,1.35,1.6218876536619473,1.4454865927426674,british_irish_lions,2025,south
gbdt_v3,british_irish_lions_2025,rucks_won,stable,position:Second-row,60,10,1.9964791301439564,1.5257633744121664,1.7436818249742916,0.8750239593938888,0.8766879267804655,0.7543485639919957,0.95,1.0,4.133333333333334,4.317162598307039,4.783116138790961,british_irish_lions,2025,south
gbdt_v3,british_irish_lions_2025,rucks_lost,stable,all,460,10,0.25818417528376986,0.6106034566401801,0.6104282726159058,1.0002869854365093,0.053941397306543855,0.6569843402102886,0.1391304347826087,1.0,0.15434782608695652,0.1528292573127,1.5426503674704555,british_irish_lions,2025,south
gbdt_v3,british_irish_lions_2025,rucks_lost,stable,starter,300,10,0.30983295306187253,0.6656159894169327,0.6672369532503751,0.9975706324034571,0.06247066829866004,0.6204913070887497,0.16666666666666666,1.0,0.18333333333333332,0.19478542834345633,1.4540588036360427,british_irish_lions,2025,south
gbdt_v3,british_irish_lions_2025,rucks_lost,stable,bench,160,10,0.16134271694982724,0.5074549576837694,0.5039119964262762,1.0070309127042416,0.06357711014955773,0.4911297772202642,0.0875,1.0,0.1,0.07416143663003186,0.8774695802102125,british_irish_lions,2025,south
gbdt_v3,british_irish_lions_2025,rucks_lost,stable,zero_minute,6,5,0.06957394626970778,0.13914789253941556,0.13795987096609144,1.0086113560777112,0.0,0.0,0.0,1.0,0.0,0.06957394626970778,0.06957394626970778,british_irish_lions,2025,south
gbdt_v3,british_irish_lions_2025,rucks_lost,stable,low_history,8,5,0.28625196989931245,0.9958784343285146,0.8070898191779249,1.2339127698858643,0.1325919603257983,1.407383076370379,0.25,1.0,0.25,0.08342294407645952,0.45800315183889995,british_irish_lions,2025,south
gbdt_v3,british_irish_lions_2025,rucks_lost,stable,south,92,4,0.2735448602324165,0.631617233256585,0.6133977055673806,1.0297026342352418,0.06658014140911415,0.42781141130021744,0.10869565217391304,1.0,0.14130434782608695,0.174666230126655,0.8380078132329338,british_irish_lions,2025,south
gbdt_v3,british_irish_lions_2025,rucks_lost,stable,position:Back-row,80,10,0.32284801882770847,0.7321594494010636,0.7474116046667032,0.9795933657299299,0.04267309427580637,1.0340515464445188,0.2,1.0,0.225,0.17632284033722131,0.7493333097664173,british_irish_lions,2025,south
gbdt_v3,british_irish_lions_2025,rucks_lost,stable,position:Back-three,80,10,0.3232285314204756,0.7029218995176645,0.6771309900341073,1.0380885085207194,0.12979007679967006,0.26732912108289203,0.175,1.0,0.1875,0.2158759321339912,0.8550522833876789,british_irish_lions,2025,south
gbdt_v3,british_irish_lions_2025,rucks_lost,stable,position:Centre,40,10,0.3598826967381993,0.7609400507310558,0.7432873108397986,1.0237495509930237,0.29712717704359304,-0.33076388716138144,0.2,1.0,0.225,0.21806243016004284,0.6218787503336978,british_irish_lions,2025,south
gbdt_v3,british_irish_lions_2025,rucks_lost,stable,position:Fly-half,40,10,0.15867554959837543,0.36960230041893005,0.3592584328066802,1.0287922750523604,0.05996995229936628,-0.08326831910859275,0.05,1.0,0.05,0.11973283964534198,0.30084307780640834,british_irish_lions,2025,south
gbdt_v3,british_irish_lions_2025,rucks_lost,stable,position:Hooker,40,10,0.1537577278583046,0.3690451439792993,0.3452496078892178,1.0689227027238706,0.11346793080836494,-0.5599325974446123,0.05,1.0,0.05,0.1133492336363631,0.28586766700392985,british_irish_lions,2025,south
gbdt_v3,british_irish_lions_2025,rucks_lost,stable,position:Prop,80,10,0.2090808373941538,0.5887988895655158,0.5907040517944158,0.9967747601813252,0.16687528999691892,-0.3901047448101107,0.1125,1.0,0.125,0.10734370846297292,0.5505436794389048,british_irish_lions,2025,south
gbdt_v3,british_irish_lions_2025,rucks_lost,stable,position:Scrum-half,40,10,0.17496437173054058,0.39778293125673064,0.42944267406814784,0.9262771384327,-0.12420238432130573,2.1442691155323717,0.1,1.0,0.1,0.10455888334969628,0.32117064664419054,british_irish_lions,2025,south
gbdt_v3,british_irish_lions_2025,rucks_lost,stable,position:Second-row,60,10,0.27434859636883824,0.7178725653383792,0.741462544325747,0.9681845304690078,-0.020032601119974073,1.5045708737981072,0.15,1.0,0.18333333333333332,0.13516540695749,0.5885145795598552,british_irish_lions,2025,south
gbdt_v3,british_irish_lions_2025,passes,stable,all,460,10,3.0731218480376716,2.606430239057147,3.262477961089218,0.7989112172230456,-0.17984913794412405,1.0197342368782683,0.841304347826087,1.0,7.073913043478261,7.113384957661576,28.493970536167033,british_irish_lions,2025,south
gbdt_v3,british_irish_lions_2025,passes,stable,starter,300,10,3.251665024710489,2.1636917357714767,2.968190804457602,0.7289597867233009,-0.28351796720686695,1.030043930923406,0.9233333333333333,1.0,8.89,8.905948272500439,24.74170105601475,british_irish_lions,2025,south
gbdt_v3,british_irish_lions_2025,passes,stable,bench,160,10,2.73835339177614,3.43656493271778,3.8142663797734975,0.9009766467652565,0.2693786370117611,0.9059364454484108,0.6875,1.0,3.66875,3.752328742338707,16.95387086231865,british_irish_lions,2025,south
gbdt_v3,british_irish_lions_2025,passes,stable,zero_minute,6,5,7.507715627343761,14.952332223207208,11.266517716899363,1.3271476243967786,0.2844131236321278,-0.015342792742727674,0.16666666666666666,1.0,0.16666666666666666,7.674382294010428,7.507715627343761,british_irish_lions,2025,south
gbdt_v3,british_irish_lions_2025,passes,stable,low_history,8,5,1.947252755481438,2.0187439983331577,2.7155442446821563,0.7434030958200954,-0.1382739792037973,0.7237029409987827,0.625,1.0,3.125,4.509134610811654,2.214615377298647,british_irish_lions,2025,south
gbdt_v3,british_irish_lions_2025,passes,stable,south,92,4,2.5240749672231746,2.2280049958731194,3.12428977610917,0.7131236714693483,-0.6618561002657836,1.1000266871272577,0.782608695652174,1.0,6.782608695652174,6.767531081777048,16.628740331466076,british_irish_lions,2025,south
gbdt_v3,british_irish_lions_2025,passes,stable,position:Back-row,80,10,1.7795106039050832,1.3788976754256095,1.8409165407865302,0.7490278048327365,-0.3165794411634473,1.0951081079036318,0.9125,1.0,4.1625,4.090079699745589,3.7806222091717103,british_irish_lions,2025,south
gbdt_v3,british_irish_lions_2025,passes,stable,position:Back-three,80,10,2.3629064027792137,2.268135444913285,3.7818430577944353,0.5997434082407581,-1.0927895433465724,1.2285778357093953,0.85,1.0,4.6625,4.6845135701340395,6.608254912785128,british_irish_lions,2025,south
gbdt_v3,british_irish_lions_2025,passes,stable,position:Centre,40,10,2.9094534118484585,2.157554152350822,3.7212875071190936,0.5797870087229927,-1.1916561281769715,1.144347122253749,0.975,1.0,6.35,6.590357052957811,4.78090095565624,british_irish_lions,2025,south
gbdt_v3,british_irish_lions_2025,passes,stable,position:Fly-half,40,10,5.67863979240407,4.741997417255341,4.954931705057224,0.9570257875432363,1.5426186358982745,0.7953438885975459,0.925,1.0,12.0,13.148251358970702,7.015406934204826,british_irish_lions,2025,south
gbdt_v3,british_irish_lions_2025,passes,stable,position:Hooker,40,10,1.5009327461846582,2.143482619876159,2.081634331150646,1.0297114088675343,-0.23765713827416984,0.9516192998806111,0.6,1.0,1.575,1.9048133413241861,2.362484272989569,british_irish_lions,2025,south
gbdt_v3,british_irish_lions_2025,passes,stable,position:Prop,80,10,1.0907774150235303,1.5828410075505561,1.5663444514705689,1.0105318827314766,0.77028768999349,0.422884759022157,0.6625,1.0,1.3375,1.341292865030378,2.140684496405432,british_irish_lions,2025,south
gbdt_v3,british_irish_lions_2025,passes,stable,position:Scrum-half,40,10,12.362649751027883,8.39557797769736,10.223498509140134,0.8212040105636487,-0.2759844078286433,1.0350606763672126,0.925,1.0,36.0,35.047205672181164,14.220175400656284,british_irish_lions,2025,south
gbdt_v3,british_irish_lions_2025,passes,stable,position:Second-row,60,10,1.6152244717016686,1.3837248841324061,1.439290933303893,0.9613934557039591,0.0912724611316733,1.0167087030630593,0.9333333333333333,1.0,3.4,3.2543515452361667,2.8270298280247244,british_irish_lions,2025,south
gbdt_v3,british_irish_lions_2025,bad_passes,stable,all,460,10,0.5139429888189366,0.9366136369277698,0.993057407111492,0.9431616241120436,0.07889614632966083,0.756313176885249,0.29130434782608694,1.0,0.4326086956521739,0.4676800036450771,3.322949228994659,british_irish_lions,2025,south
gbdt_v3,british_irish_lions_2025,bad_passes,stable,starter,300,10,0.6118031208420501,1.0337767039635533,1.103599472645021,0.9367317850251216,0.0980282571815425,0.7373394980803978,0.3566666666666667,1.0,0.5433333333333333,0.6039349272771983,2.7793964824067663,british_irish_lions,2025,south
gbdt_v3,british_irish_lions_2025,bad_passes,stable,bench,160,10,0.33045524127559867,0.7544328862356756,0.7857910342361253,0.9600935278792876,0.04892784258250343,0.8297383592062477,0.16875,1.0,0.225,0.21220202183484976,1.3416860240058992,british_irish_lions,2025,south
gbdt_v3,british_irish_lions_2025,bad_passes,stable,zero_minute,6,5,0.38363172423865444,0.7672634484773089,0.4052469705377701,1.8933230949490785,0.0,0.0,0.0,1.0,0.0,0.38363172423865444,0.38363172423865444,british_irish_lions,2025,south
gbdt_v3,british_irish_lions_2025,bad_passes,stable,low_history,8,5,0.21291447416600398,0.42582894833200796,0.6349991297568939,0.6705976880551543,0.0,0.0,0.0,1.0,0.0,0.21291447416600398,0.34066315866560637,british_irish_lions,2025,south
gbdt_v3,british_irish_lions_2025,bad_passes,stable,south,92,4,0.46031061359577763,0.8327172272593732,0.8640825127945133,0.9637010527690206,-0.027210250497542512,0.8396454360586617,0.21739130434782608,1.0,0.32608695652173914,0.42076951990315886,2.8989219033535485,british_irish_lions,2025,south
gbdt_v3,british_irish_lions_2025,bad_passes,stable,position:Back-row,80,10,0.501956006704499,0.8949990685215485,1.0112604488257326,0.8850331974921141,-0.08859173216791918,1.4110904587509583,0.3125,1.0,0.4125,0.35510957434399054,0.9971289030420577,british_irish_lions,2025,south
gbdt_v3,british_irish_lions_2025,bad_passes,stable,position:Back-three,80,10,0.5871658563826497,0.9973755444091008,1.0792643101218669,0.9241253834257528,-0.0564361997003448,0.9901378081946631,0.325,1.0,0.475,0.5367295292655501,1.4467705047780053,british_irish_lions,2025,south
gbdt_v3,british_irish_lions_2025,bad_passes,stable,position:Centre,40,10,0.7148269768729664,1.144112938899948,1.4083748331524966,0.8123639474151731,-0.8673707905693904,2.454941002009148,0.45,1.0,0.725,0.6486391278919449,1.0306523395059108,british_irish_lions,2025,south
gbdt_v3,british_irish_lions_2025,bad_passes,stable,position:Fly-half,40,10,0.821665168145642,1.5703260338133285,1.5054606947122449,1.0430867038434917,0.4000302062189651,0.29992164007683014,0.4,1.0,0.675,0.916805448618501,0.8847618346094025,british_irish_lions,2025,south
gbdt_v3,british_irish_lions_2025,bad_passes,stable,position:Hooker,40,10,0.34395167575922236,0.8380578246546306,0.8452778692358247,0.9914583773644502,0.07829023004962932,0.5846424145718453,0.125,1.0,0.2,0.20817813917846376,0.6166649093702277,british_irish_lions,2025,south
gbdt_v3,british_irish_lions_2025,bad_passes,stable,position:Prop,80,10,0.2581330206733402,0.6284627538054297,0.6523329040058227,0.963408023642818,0.1850099414440317,-0.16216528923663678,0.1625,1.0,0.1625,0.13880862883785489,0.5626565137421161,british_irish_lions,2025,south
gbdt_v3,british_irish_lions_2025,bad_passes,stable,position:Scrum-half,40,10,0.8333754287252306,1.1464539330640562,1.186598308216297,0.9661685215002657,0.14701102391553084,0.7571287292749577,0.55,1.0,1.025,1.1596297196716463,1.411934508662697,british_irish_lions,2025,south
gbdt_v3,british_irish_lions_2025,bad_passes,stable,position:Second-row,60,10,0.33467690292915425,0.6869542405101533,0.6591554337056337,1.0421733712308803,0.028419469593721613,0.5403487462919959,0.15,1.0,0.16666666666666666,0.25584809444202644,0.5324287328337907,british_irish_lions,2025,south
gbdt_v3,british_irish_lions_2025,turnovers_conceded,stable,all,460,10,0.614556749932564,0.9799056325281481,0.9957220977857208,0.9841155827587383,-0.02827768827552542,1.1326444631166865,0.4282608695652174,1.0,0.6543478260869565,0.6026829570897373,2.90139670943911,british_irish_lions,2025,south
gbdt_v3,british_irish_lions_2025,turnovers_conceded,stable,starter,300,10,0.7400809790923685,1.0896966907466497,1.114371222997584,0.9778578881599603,0.05681004985505693,1.0500337465776368,0.56,1.0,0.8833333333333333,0.7871397335296652,2.5498623608279547,british_irish_lions,2025,south
gbdt_v3,british_irish_lions_2025,turnovers_conceded,stable,bench,160,10,0.37919882025793095,0.774047398368458,0.7732549880134776,1.0010247723807333,0.0260362349179586,0.7747010690179689,0.18125,1.0,0.225,0.2568265012648726,1.1227129598152905,british_irish_lions,2025,south
gbdt_v3,british_irish_lions_2025,turnovers_conceded,stable,zero_minute,6,5,0.3135133974914808,0.6270267949829617,0.4740121042358463,1.3228075599330738,0.0,0.0,0.0,1.0,0.0,0.3135133974914808,0.3135133974914808,british_irish_lions,2025,south
gbdt_v3,british_irish_lions_2025,turnovers_conceded,stable,low_history,8,5,0.2861764970025316,0.5122920680979512,0.6382213525818963,0.8026871335869543,-0.08266017249925771,1.2617960855158432,0.375,1.0,0.375,0.3627053354759447,0.34552734998143214,british_irish_lions,2025,south
gbdt_v3,british_irish_lions_2025,turnovers_conceded,stable,south,92,4,0.5532948464963432,0.8791536243734855,0.8850158314667347,0.9933761556744881,0.002138243447780851,0.934249679089078,0.42391304347826086,1.0,0.5760869565217391,0.6143418894546216,3.2071056948219763,british_irish_lions,2025,south
gbdt_v3,british_irish_lions_2025,turnovers_conceded,stable,position:Back-row,80,10,0.6543122578888447,1.0685731927352802,1.0907555742633614,0.9796632884108228,-0.059681879540626114,1.1810863858047294,0.425,1.0,0.625,0.5797051661670968,1.5070413800569467,british_irish_lions,2025,south
gbdt_v3,british_irish_lions_2025,turnovers_conceded,stable,position:Back-three,80,10,0.9145924912310452,1.3336516072968858,1.3332769777613875,1.0002809840278855,0.31369894884909105,0.9263470999119992,0.6375,1.0,1.2375,0.9972515175344837,1.8783261820863362,british_irish_lions,2025,south
gbdt_v3,british_irish_lions_2025,turnovers_conceded,stable,position:Centre,40,10,0.7279046993901254,1.045380085604646,1.0666173792455051,0.9800891171903819,-0.2522972253035991,1.577339686087115,0.675,1.0,1.0,0.7939299545617571,1.2044956910746276,british_irish_lions,2025,south
gbdt_v3,british_irish_lions_2025,turnovers_conceded,stable,position:Fly-half,40,10,0.6539281850716491,1.0344814101005626,1.01322073823952,1.0209832577035318,0.08910436127414437,0.7346135843686498,0.45,1.0,0.675,0.7975562271005282,0.6796618372167257,british_irish_lions,2025,south
gbdt_v3,british_irish_lions_2025,turnovers_conceded,stable,position:Hooker,40,10,0.44043778951605406,0.7156586937215605,0.6698918938394529,1.068319680090167,-0.29060733611766604,1.8307697090620636,0.325,1.0,0.375,0.36356693735044854,0.6179350830262236,british_irish_lions,2025,south
gbdt_v3,british_irish_lions_2025,turnovers_conceded,stable,position:Prop,80,10,0.3569804317785709,0.6889885155657588,0.7333186024397786,0.9395486672143158,0.02881556542278527,0.8689734161375122,0.225,1.0,0.2375,0.24015053936263464,0.5737173080884009,british_irish_lions,2025,south
gbdt_v3,british_irish_lions_2025,turnovers_conceded,stable,position:Scrum-half,40,10,0.5929070047657083,0.9431969611742701,0.9556362720104357,0.9869832161037628,-0.40407044879398196,1.4499259982505475,0.35,1.0,0.55,0.6580132020152373,0.9441584738331965,british_irish_lions,2025,south
gbdt_v3,british_irish_lions_2025,turnovers_conceded,stable,position:Second-row,60,10,0.5336363891226854,0.8985139948512095,0.9538236881812135,0.9420126654272232,-0.14409234865104412,1.3767925201932514,0.36666666666666664,1.0,0.48333333333333334,0.4557154929170514,1.0146493262418923,british_irish_lions,2025,south
gbdt_v3,british_irish_lions_2025,penalties_conceded,stable,all,460,10,0.5140306293798249,0.9010173935899236,0.9187234387770364,0.9807275569123584,-0.056661640430273046,1.0721767346689641,0.3108695652173913,1.0,0.41739130434782606,0.4421406746197152,1.921921178972075,british_irish_lions,2025,south
gbdt_v3,british_irish_lions_2025,penalties_conceded,stable,starter,300,10,0.5998707845770057,1.0228856656525684,1.0440765808583403,0.9797036773027217,-0.13334865687821676,1.162907078220611,0.3566666666666667,1.0,0.5033333333333333,0.5474917146310186,1.696307727130516,british_irish_lions,2025,south
gbdt_v3,british_irish_lions_2025,penalties_conceded,stable,bench,160,10,0.3530803383851107,0.6725143834724651,0.683686297374592,0.9836592982117267,-0.09614550507350436,1.4406571412091862,0.225,1.0,0.25625,0.24460747459852134,1.0625720280147184,british_irish_lions,2025,south
gbdt_v3,british_irish_lions_2025,penalties_conceded,stable,zero_minute,6,5,0.2240292941983191,0.4480585883966382,0.4654159546412926,0.9627056913894751,0.0,0.0,0.0,1.0,0.0,0.2240292941983191,0.2240292941983191,british_irish_lions,2025,south
gbdt_v3,british_irish_lions_2025,penalties_conceded,stable,low_history,8,5,0.4109557338110415,0.7469873996352951,0.7497780865082206,0.9962779828816791,0.09036383364857983,0.9659601428689023,0.375,1.0,0.375,0.2946665744469028,0.43580731238116766,british_irish_lions,2025,south
gbdt_v3,british_irish_lions_2025,penalties_conceded,stable,south,92,4,0.5270082024465426,0.9351856513162639,0.9206894354798609,1.015744957287196,-0.029887176062624837,1.0128359249384562,0.30434782608695654,1.0,0.41304347826086957,0.4373172825108951,1.7328403227557945,british_irish_lions,2025,south
gbdt_v3,british_irish_lions_2025,penalties_conceded,stable,position:Back-row,80,10,0.5676629291673976,0.942741030197239,0.9752152671545093,0.9667004424038357,0.01242479267326763,0.9988803424113967,0.4375,1.0,0.5625,0.5506917935723873,1.10000229031285,british_irish_lions,2025,south
gbdt_v3,british_irish_lions_2025,penalties_conceded,stable,position:Back-three,80,10,0.3803851542687597,0.6911022387339063,0.70147825757603,0.9852083528889717,-0.008922633651767035,0.7214618811074034,0.2,1.0,0.2125,0.3069082919694881,0.9927754280676668,british_irish_lions,2025,south
gbdt_v3,british_irish_lions_2025,penalties_conceded,stable,position:Centre,40,10,0.5875886289914852,1.0346283813680242,1.0014663987444308,1.0331134251385463,0.8479276947600883,-0.8482951885993201,0.4,1.0,0.5,0.4101493199962345,0.6789222564025634,british_irish_lions,2025,south
gbdt_v3,british_irish_lions_2025,penalties_conceded,stable,position:Fly-half,40,10,0.2684265151424873,0.556168929070461,0.582969702880086,0.9540271583973932,0.017400050544113893,0.7075974544852666,0.15,1.0,0.15,0.18739461061564225,0.4413354023081508,british_irish_lions,2025,south
gbdt_v3,british_irish_lions_2025,penalties_conceded,stable,position:Hooker,40,10,0.46090281748069684,0.8304414424081898,0.8249098630948895,1.0067056772633887,-0.09001648764667146,0.8788707083887765,0.2,1.0,0.25,0.38687884850550996,0.7134311373565664,british_irish_lions,2025,south
gbdt_v3,british_irish_lions_2025,penalties_conceded,stable,position:Prop,80,10,0.7245076708215837,1.226753507479628,1.2707381742819202,0.9653865228160416,0.12608695340181542,0.8462161025187497,0.45,1.0,0.6875,0.6634393329637042,1.6106703926343484,british_irish_lions,2025,south
gbdt_v3,british_irish_lions_2025,penalties_conceded,stable,position:Scrum-half,40,10,0.25449073065762695,0.5231522503751933,0.5793350647299029,0.9030218991130752,0.11553208260410498,-0.19568725215925972,0.075,1.0,0.075,0.2071268422284252,0.421858116783119,british_irish_lions,2025,south
gbdt_v3,british_irish_lions_2025,penalties_conceded,stable,position:Second-row,60,10,0.6632213580534715,1.1307436468271375,1.1211834123077944,1.0085269139860575,-0.001704188405458393,1.0605965114395517,0.38333333333333336,1.0,0.6,0.5673261998465027,1.193981453980803,british_irish_lions,2025,south
gbdt_v3,british_irish_lions_2025,yellow_cards,stable,all,460,10,0.04774289565985574,0.09525168739205633,0.09332816021614558,1.020610362097098,-0.004611517177669376,0.815510128131903,0.01956521739130435,1.0,0.01956521739130435,0.029646148753977596,0.5731250706964459,british_irish_lions,2025,south
gbdt_v3,british_irish_lions_2025,yellow_cards,stable,starter,300,10,0.05738801566831197,0.11042056535818214,0.10802098180063621,1.02221405061819,-0.012789079448436672,1.002299880384347,0.023333333333333334,1.0,0.023333333333333334,0.036039526182441835,0.5010031695900904,british_irish_lions,2025,south
gbdt_v3,british_irish_lions_2025,yellow_cards,stable,bench,160,10,0.02965829564400032,0.06681004120557046,0.0657791197452256,1.015672472729003,-0.0005226988115851021,0.7374720436431218,0.0125,1.0,0.0125,0.01765856607560715,0.21334839474720652,british_irish_lions,2025,south
gbdt_v3,british_irish_lions_2025,yellow_cards,stable,zero_minute,6,5,0.01567418824193404,0.01582268662589388,0.01274803652904312,1.241186169324661,0.0,0.0,0.0,1.0,0.0,0.01567418824193404,0.01567418824193404,british_irish_lions,2025,south
gbdt_v3,british_irish_lions_2025,yellow_cards,stable,low_history,8,5,0.01822428321718346,0.01843286483872373,0.01543862186456011,1.1939449648052465,0.0,0.0,0.0,1.0,0.0,0.01822428321718346,0.02915885314749354,british_irish_lions,2025,south
gbdt_v3,british_irish_lions_2025,yellow_cards,stable,south,92,4,0.038912221563712684,0.06533113593450786,0.06427505139307264,1.016430707071345,0.0006150170890122169,0.35597080129672465,0.010869565217391304,1.0,0.010869565217391304,0.028807273211802736,0.521115621202983,british_irish_lions,2025,south
gbdt_v3,british_irish_lions_2025,yellow_cards,stable,position:Back-row,80,10,0.0703593937375942,0.1503230384435646,0.155797815471901,0.9648597317507073,-0.03285676103508751,1.9316538478560175,0.0375,1.0,0.0375,0.03642306881907331,0.24794299731674757,british_irish_lions,2025,south
gbdt_v3,british_irish_lions_2025,yellow_cards,stable,position:Back-three,80,10,0.05069668256083495,0.11506227076600262,0.11225569956815536,1.02500159197835,0.011325478155658925,0.503264166149605,0.025,1.0,0.025,0.027171658075643822,0.1879568952263573,british_irish_lions,2025,south
gbdt_v3,british_irish_lions_2025,yellow_cards,stable,position:Centre,40,10,0.029816418495308018,0.03029209791899723,0.01537869240265127,1.9697447042880516,0.0,0.0,0.0,1.0,0.0,0.029816418495308018,0.059632836990616035,british_irish_lions,2025,south
gbdt_v3,british_irish_lions_2025,yellow_cards,stable,position:Fly-half,40,10,0.017968875919479287,0.018161825051001324,0.01456223901581199,1.2471863036502029,0.0,0.0,0.0,1.0,0.0,0.017968875919479287,0.03593775183895857,british_irish_lions,2025,south
gbdt_v3,british_irish_lions_2025,yellow_cards,stable,position:Hooker,40,10,0.04939237009478193,0.12938646347303012,0.13010436386357052,0.9944821190525692,0.09321389539081312,-2.710637944890183,0.025,1.0,0.025,0.025165255108821515,0.09582838086602466,british_irish_lions,2025,south
gbdt_v3,british_irish_lions_2025,yellow_cards,stable,position:Prop,80,10,0.05293254598346191,0.1173436895271229,0.11751602331259248,0.9985335294659251,0.022085273102474233,0.09905292870976429,0.025,1.0,0.025,0.029425953734959327,0.19055139943941585,british_irish_lions,2025,south
gbdt_v3,british_irish_lions_2025,yellow_cards,stable,position:Scrum-half,40,10,0.021520268107111863,0.021817598261830867,0.01538410104054394,1.4181913005076996,0.0,0.0,0.0,1.0,0.0,0.021520268107111863,0.043040536214223726,british_irish_lions,2025,south
gbdt_v3,british_irish_lions_2025,yellow_cards,stable,position:Second-row,60,10,0.05491208193858528,0.08685228188693875,0.08447024630519905,1.0281996997277973,-0.02618999578060353,1.063994635028083,0.016666666666666666,1.0,0.016666666666666666,0.04027902118711249,0.1564303318293941,british_irish_lions,2025,south
gbdt_v3,british_irish_lions_2025,red_cards,stable,all,460,10,0.0017007008647279861,0.0017028387749535188,0.0036399793255768474,0.46781550735419647,0.0,0.0,0.0,1.0,0.0,0.0017007008647279861,0.03911611988874369,british_irish_lions,2025,south
gbdt_v3,british_irish_lions_2025,red_cards,stable,starter,300,10,0.001964010419868969,0.0019667213987835186,0.004727396227800133,0.416026350238622,0.0,0.0,0.0,1.0,0.0,0.001964010419868969,0.02946015629803453,british_irish_lions,2025,south
gbdt_v3,british_irish_lions_2025,red_cards,stable,bench,160,10,0.0012069954488386444,0.0012080588552722692,0.0016010726339081855,0.754530949869165,0.0,0.0,0.0,1.0,0.0,0.0012069954488386444,0.009655963590709155,british_irish_lions,2025,south
gbdt_v3,british_irish_lions_2025,red_cards,stable,zero_minute,6,5,0.0010642477407015784,0.0010650239276146299,0.0014674860399209774,0.7257472293719266,0.0,0.0,0.0,1.0,0.0,0.0010642477407015784,0.0010642477407015784,british_irish_lions,2025,south
gbdt_v3,british_irish_lions_2025,red_cards,stable,low_history,8,5,0.0012554741361895066,0.001256486580623966,0.002609438378976552,0.48151609585690724,0.0,0.0,0.0,1.0,0.0,0.0012554741361895066,0.0020087586179032106,british_irish_lions,2025,south
gbdt_v3,british_irish_lions_2025,red_cards,stable,south,92,4,0.0017278577554533836,0.0017303041621466767,0.0036399793255768474,0.4753609862529826,0.0,0.0,0.0,1.0,0.0,0.0017278577554533836,0.039740728375427824,british_irish_lions,2025,south
gbdt_v3,british_irish_lions_2025,red_cards,stable,position:Back-row,80,10,0.0019591095381854074,0.0019615561642970167,0.00523453283395986,0.3747337587742522,0.0,0.0,0.0,1.0,0.0,0.0019591095381854074,0.00783643815274163,british_irish_lions,2025,south
gbdt_v3,british_irish_lions_2025,red_cards,stable,position:Back-three,80,10,0.0016057946662105943,0.001608118887502212,0.003220641865210175,0.4993162713536509,0.0,0.0,0.0,1.0,0.0,0.0016057946662105943,0.006423178664842377,british_irish_lions,2025,south
gbdt_v3,british_irish_lions_2025,red_cards,stable,position:Centre,40,10,0.002141027905038284,0.002144849232489687,0.00483092726966558,0.44398292765814373,0.0,0.0,0.0,1.0,0.0,0.002141027905038284,0.004282055810076569,british_irish_lions,2025,south
gbdt_v3,british_irish_lions_2025,red_cards,stable,position:Fly-half,40,10,0.0008549612834783879,0.0008554913738540674,0.0024174600272941203,0.3538802562173592,0.0,0.0,0.0,1.0,0.0,0.0008549612834783879,0.0017099225669567754,british_irish_lions,2025,south
gbdt_v3,british_irish_lions_2025,red_cards,stable,position:Hooker,40,10,0.001136096900689918,0.0011367929821814102,0.0007994106818509702,1.4220387692959755,0.0,0.0,0.0,1.0,0.0,0.001136096900689918,0.002272193801379836,british_irish_lions,2025,south
gbdt_v3,british_irish_lions_2025,red_cards,stable,position:Prop,80,10,0.0021186050768232947,0.0021213297248636625,0.0028114172361899522,0.7545410540836336,0.0,0.0,0.0,1.0,0.0,0.0021186050768232947,0.008474420307293179,british_irish_lions,2025,south
gbdt_v3,british_irish_lions_2025,red_cards,stable,position:Scrum-half,40,10,0.0008117375263157194,0.0008121576232527553,0.001605146086337271,0.5059711574950729,0.0,0.0,0.0,1.0,0.0,0.0008117375263157194,0.0016234750526314384,british_irish_lions,2025,south
gbdt_v3,british_irish_lions_2025,red_cards,stable,position:Second-row,60,10,0.00216481184427396,0.0021675634312411747,0.006449089538843887,0.33610378925359885,0.0,0.0,0.0,1.0,0.0,0.00216481184427396,0.006494435532821879,british_irish_lions,2025,south
gbdt_v3,british_irish_lions_2025,metres,stable,all,460,10,10.895626674757684,1.3387723531518765,1.4148588181526485,0.9462232810619815,-0.16222024689299702,0.8997228437942941,0.8326086956521739,1.0,16.806521739130435,18.859965713956047,102.36892345471306,british_irish_lions,2025,south
gbdt_v3,british_irish_lions_2025,metres,stable,starter,300,10,13.235199406489038,1.1065431241851702,1.199692470944088,0.9223556461218644,0.008574428484142338,0.8973258556642817,0.9266666666666666,1.0,22.343333333333334,24.89035478456704,91.462824007406,british_irish_lions,2025,south
gbdt_v3,british_irish_lions_2025,metres,stable,bench,160,10,6.508927802761394,1.7742021574644506,1.8182957191687001,0.9757500602133032,0.797286800774725,0.7450977726315855,0.65625,1.0,6.425,7.552986206560439,22.69928846040756,british_irish_lions,2025,south
gbdt_v3,british_irish_lions_2025,metres,stable,zero_minute,6,5,9.124332429925717,4.0800314958962325,4.007030611449843,1.0182181998404989,2.7936141597092203,0.12936867086766612,0.16666666666666666,1.0,3.8333333333333335,8.036869874682893,9.124332429925717,british_irish_lions,2025,south
gbdt_v3,british_irish_lions_2025,metres,stable,low_history,8,5,6.218815800607491,1.9016614960424272,1.8484605819102395,1.0287812002337688,-1.2366859361105453,1.0102577453207882,0.5,1.0,8.875,10.009015999080287,7.9933939617971195,british_irish_lions,2025,south
gbdt_v3,british_irish_lions_2025,metres,stable,south,92,4,10.476449788134941,1.7122289274236209,1.6678004149775674,1.0266389863241827,-1.7285312595115372,0.8090824697684389,0.7934782608695652,1.0,14.521739130434783,20.0848133498643,127.9507070468789,british_irish_lions,2025,south
gbdt_v3,british_irish_lions_2025,metres,stable,position:Back-row,80,10,11.27254212378965,1.0487158894611928,1.2630276823012558,0.8303190057959904,-7.008510847659514,1.2877572491668998,0.9125,1.0,18.8,20.04144093489363,33.92483888620199,british_irish_lions,2025,south
gbdt_v3,british_irish_lions_2025,metres,stable,position:Back-three,80,10,21.070601294767236,1.3057496183880961,1.3861158111970375,0.9420205785405926,2.339426398208126,0.8191260325157534,0.9375,1.0,35.675,40.69651345277048,56.757607159322255,british_irish_lions,2025,south
gbdt_v3,british_irish_lions_2025,metres,stable,position:Centre,40,10,14.81009130275712,0.9866788521896052,1.1164117551601471,0.8837947537090094,-7.496292518521863,1.227255454271568,0.95,1.0,27.625,28.617752234287643,24.531205148248766,british_irish_lions,2025,south
gbdt_v3,british_irish_lions_2025,metres,stable,position:Fly-half,40,10,11.369639790995127,2.318962126940215,2.5426460740484984,0.9120271006683501,0.6687388673211706,0.6144400098969285,0.725,1.0,11.75,18.03473236473923,15.970442027410698,british_irish_lions,2025,south
gbdt_v3,british_irish_lions_2025,metres,stable,position:Hooker,40,10,7.678065901057297,1.6385828936869669,1.5304222551798194,1.0706737229813996,-0.8900430465514302,1.0642121443580406,0.75,1.0,10.425,10.632319041404045,8.139581855137797,british_irish_lions,2025,south
gbdt_v3,british_irish_lions_2025,metres,stable,position:Prop,80,10,4.734122981810529,1.1343131736276544,1.1623709072933681,0.97586163462139,0.2669089082748475,0.9108282117312964,0.725,1.0,5.2875,5.512116365150834,12.061276346879684,british_irish_lions,2025,south
gbdt_v3,british_irish_lions_2025,metres,stable,position:Scrum-half,40,10,9.979621874572313,2.0349457143398197,2.0552064426027825,0.9901417551818765,-6.272513910533721,1.3570403062913798,0.725,1.0,11.875,13.372862859268048,14.109037748509115,british_irish_lions,2025,south
gbdt_v3,british_irish_lions_2025,metres,stable,position:Second-row,60,10,4.871836726397779,0.9594367407573908,0.9354407201205928,1.0256521018602918,-1.2479303511736457,1.0156642142720942,0.85,1.0,8.05,9.154531803443803,9.721472952042527,british_irish_lions,2025,south
gbdt_v3,british_irish_lions_2025,dominant_tackles,extended,all,460,10,0.29792521629461893,0.6602569309680204,0.67396022438472,0.9796675042222116,0.06546859021929828,0.4925899216865462,0.14565217391304347,1.0,0.1673913043478261,0.20691189494815765,3.060577847948181,british_irish_lions,2025,south
gbdt_v3,british_irish_lions_2025,dominant_tackles,extended,starter,300,10,0.36297028239218293,0.7368880519483567,0.7663247025797417,0.9615872351076639,0.06837607466221468,0.48564957618742854,0.17333333333333334,1.0,0.2,0.2710265421646066,2.5940275747643384,british_irish_lions,2025,south
gbdt_v3,british_irish_lions_2025,dominant_tackles,extended,bench,160,10,0.17596571736168642,0.5165735791298901,0.5007768277690541,1.0315444934447349,0.07000862491297297,0.41802373503370177,0.09375,1.0,0.10625,0.086696931417316,0.8809820964300412,british_irish_lions,2025,south
gbdt_v3,british_irish_lions_2025,dominant_tackles,extended,zero_minute,6,5,0.19145061501129534,0.466374420932869,0.5498916128880732,0.8481206295972302,-0.19901150898595013,5.137904459201765,0.16666666666666666,1.0,0.16666666666666666,0.07117263050652939,0.19145061501129534,british_irish_lions,2025,south
gbdt_v3,british_irish_lions_2025,dominant_tackles,extended,low_history,8,5,0.2737877773858517,0.8298179386075883,0.7273137825454169,1.140935258649207,-0.5983519216081826,12.102355190172975,0.125,1.0,0.25,0.07009808489979194,0.38090294102089667,british_irish_lions,2025,south
gbdt_v3,british_irish_lions_2025,dominant_tackles,extended,south,92,4,0.3835237013860588,0.8771780496805739,0.815247358980797,1.0759655214059216,0.15578894216275205,0.3728022435031105,0.20652173913043478,1.0,0.25,0.25271054420696365,4.91142278909762,british_irish_lions,2025,south
gbdt_v3,british_irish_lions_2025,dominant_tackles,extended,position:Back-row,80,10,0.4146054163886214,0.8522137190687434,0.9028052583375572,0.9439618469192637,0.04805600404252383,0.4547782117549642,0.15,1.0,0.2,0.3341057069799641,1.1465546379637117,british_irish_lions,2025,south
gbdt_v3,british_irish_lions_2025,dominant_tackles,extended,position:Back-three,80,10,0.27942631280299024,0.6488749606025068,0.6800783941714282,0.9541178872371942,-0.02244787083758884,1.1360601129165597,0.1375,1.0,0.175,0.17380054857369234,0.6928049971726649,british_irish_lions,2025,south
gbdt_v3,british_irish_lions_2025,dominant_tackles,extended,position:Centre,40,10,0.40181940013695494,0.7999846877350324,0.7917551520751351,1.0103940411860008,0.044986077330846544,0.9763608432475746,0.275,1.0,0.3,0.2611881912643333,0.5798449092375356,british_irish_lions,2025,south
gbdt_v3,british_irish_lions_2025,dominant_tackles,extended,position:Fly-half,40,10,0.1956793904961039,0.649218584385939,0.6702728557659962,0.9685885066075128,-0.03666153585091428,2.7265262641404755,0.125,1.0,0.15,0.0684613012190288,0.3745557132451,british_irish_lions,2025,south
gbdt_v3,british_irish_lions_2025,dominant_tackles,extended,position:Hooker,40,10,0.33532391235110787,0.7828473545425368,0.7061062516069679,1.108682089644328,0.3314350471291287,-0.6506752768685908,0.2,1.0,0.2,0.20199791171053366,0.5480550832247759,british_irish_lions,2025,south
gbdt_v3,british_irish_lions_2025,dominant_tackles,extended,position:Prop,80,10,0.21810894419693622,0.4379131596727512,0.4301370899275126,1.0180781195747362,-0.02936037548225898,0.5787665206636858,0.075,1.0,0.075,0.18031515603664566,0.6415048712597464,british_irish_lions,2025,south
gbdt_v3,british_irish_lions_2025,dominant_tackles,extended,position:Scrum-half,40,10,0.15926761470886772,0.45126861590771183,0.46192893000358526,0.9769221769768984,0.049589249158217275,0.6470073973117569,0.1,1.0,0.1,0.07791371636743835,0.29827691443718213,british_irish_lions,2025,south
gbdt_v3,british_irish_lions_2025,dominant_tackles,extended,position:Second-row,60,10,0.33984554861199145,0.687754523248675,0.7296252707330662,0.9426133535063514,0.07532451004951612,0.4117415426938141,0.16666666666666666,1.0,0.18333333333333332,0.2623218987745834,0.6862509035035596,british_irish_lions,2025,south
gbdt_v3,british_irish_lions_2025,tackle_turnover,extended,all,460,10,0.18870571120302956,0.4865352838808732,0.4904693840662111,0.9919789077297293,0.014317157799672258,0.9280182980847058,0.10217391304347827,1.0,0.1108695652173913,0.1040414910104564,1.3927769940594976,british_irish_lions,2025,south
gbdt_v3,british_irish_lions_2025,tackle_turnover,extended,starter,300,10,0.24319247535921287,0.5875148068319792,0.6016716046741133,0.9764708892157178,0.027057173120437258,0.8443615905339594,0.13,1.0,0.14333333333333334,0.13770896440157243,1.1846436985285318,british_irish_lions,2025,south
gbdt_v3,british_irish_lions_2025,tackle_turnover,extended,bench,160,10,0.08654302841018584,0.2971986783475494,0.2819652204263945,1.0540260174574672,-0.04156489570856609,2.237930931031256,0.05,1.0,0.05,0.04091497840211374,0.4599216018689981,british_irish_lions,2025,south
gbdt_v3,british_irish_lions_2025,tackle_turnover,extended,zero_minute,6,5,0.040889169253827344,0.08177833850765469,0.09964802077352876,0.8206719799634886,0.0,0.0,0.0,1.0,0.0,0.040889169253827344,0.040889169253827344,british_irish_lions,2025,south
gbdt_v3,british_irish_lions_2025,tackle_turnover,extended,low_history,8,5,0.1743493111559994,0.7405711314128182,0.8070447813542997,0.9176332571905957,0.22863774918077254,-1.8232639947271039,0.125,1.0,0.125,0.056841877797452214,0.19255921478413424,british_irish_lions,2025,south
gbdt_v3,british_irish_lions_2025,tackle_turnover,extended,south,92,4,0.22242806565807677,0.6096266921699903,0.6514536593427472,0.9357944090528922,-0.04237968947559418,1.850862886776304,0.13043478260869565,1.0,0.15217391304347827,0.10511508113814497,1.2948287000263567,british_irish_lions,2025,south
gbdt_v3,british_irish_lions_2025,tackle_turnover,extended,position:Back-row,80,10,0.2055615811499774,0.47067463675628946,0.4792584864917938,0.982089310930436,-0.007582553821005659,0.9512692912422714,0.1125,1.0,0.1125,0.12623402744788348,0.49343132238859794,british_irish_lions,2025,south
gbdt_v3,british_irish_lions_2025,tackle_turnover,extended,position:Back-three,80,10,0.25599005263893826,0.6687585077214969,0.7079208505523706,0.9446797720390402,-0.054745017167182386,1.6176296626047535,0.125,1.0,0.1625,0.13429836395146735,0.7569451637625401,british_irish_lions,2025,south
gbdt_v3,british_irish_lions_2025,tackle_turnover,extended,position:Centre,40,10,0.27218464518157914,0.5838074976044869,0.5695437551173358,1.0250441557105872,0.7032743573228162,-3.2193028022540133,0.15,1.0,0.15,0.17186154621287514,0.4346251581921424,british_irish_lions,2025,south
gbdt_v3,british_irish_lions_2025,tackle_turnover,extended,position:Fly-half,40,10,0.13616434343609857,0.30878852541054147,0.32724112498991503,0.9436116118353333,-0.07639137955874498,1.8363319664154996,0.075,1.0,0.075,0.0824422720551226,0.26165203176937074,british_irish_lions,2025,south
gbdt_v3,british_irish_lions_2025,tackle_turnover,extended,position:Hooker,40,10,0.09547905721779042,0.21403182955572153,0.20186787179083093,1.0602570268214573,-0.025999624182685026,0.6733111831768246,0.025,1.0,0.025,0.07574450782483373,0.18632128023522765,british_irish_lions,2025,south
gbdt_v3,british_irish_lions_2025,tackle_turnover,extended,position:Prop,80,10,0.11938551825916885,0.3663237225586665,0.36959828525479377,0.9911402113408891,-0.09470980974201598,3.0905038467853068,0.075,1.0,0.075,0.054913314512954045,0.38459089454739603,british_irish_lions,2025,south
gbdt_v3,british_irish_lions_2025,tackle_turnover,extended,position:Scrum-half,40,10,0.26854073973452,0.8943075948055114,0.857100439199894,1.043410496487845,0.07511102757481611,1.877295989879473,0.2,1.0,0.225,0.07984301529073583,0.4966508448104439,british_irish_lions,2025,south
gbdt_v3,british_irish_lions_2025,tackle_turnover,extended,position:Second-row,60,10,0.15724839277912178,0.3884710554539162,0.38072632071035695,1.0203419998100187,0.07466470167891882,-0.07705513509806401,0.06666666666666667,1.0,0.06666666666666667,0.10379626227471425,0.40226678541700733,british_irish_lions,2025,south
gbdt_v3,british_irish_lions_2025,tackle_try_saver,extended,all,460,10,0.043695701551682675,0.2199156669311416,0.21026965613048215,1.045874478411063,0.02380385636382671,0.2723452879978557,0.02608695652173913,1.0,0.02826086956521739,0.016365303156725654,0.8809769065060612,british_irish_lions,2025,south
gbdt_v3,british_irish_lions_2025,tackle_try_saver,extended,starter,300,10,0.05423421197555143,0.2452608949863343,0.24326951060002638,1.0081859184958943,0.03489713576779383,-0.07035956660138473,0.03,1.0,0.03333333333333333,0.022225867923832653,0.7045340418674095,british_irish_lions,2025,south
gbdt_v3,british_irish_lions_2025,tackle_try_saver,extended,bench,160,10,0.02393599450692874,0.17239336432765512,0.14839492900008683,1.1617200499321256,0.026338653249528936,-1.4113844626566792,0.01875,1.0,0.01875,0.005376744218400032,0.18928375244445345,british_irish_lions,2025,south
gbdt_v3,british_irish_lions_2025,tackle_try_saver,extended,zero_minute,6,5,0.004172014877985387,0.008344029755970773,0.027678025313985735,0.30146766835112787,0.0,0.0,0.0,1.0,0.0,0.004172014877985387,0.004172014877985387,british_irish_lions,2025,south
gbdt_v3,british_irish_lions_2025,tackle_try_saver,extended,low_history,8,5,0.0067629811150507185,0.013525962230101437,0.026436529289699917,0.5116391067026851,0.0,0.0,0.0,1.0,0.0,0.0067629811150507185,0.01082076978408115,british_irish_lions,2025,south
gbdt_v3,british_irish_lions_2025,tackle_try_saver,extended,south,92,4,0.038717653965427014,0.15280628531671478,0.16790151213980528,0.9100947535807702,0.0034081447725248914,1.0093519630549477,0.021739130434782608,1.0,0.021739130434782608,0.018161143320885184,0.6853840833474596,british_irish_lions,2025,south
gbdt_v3,british_irish_lions_2025,tackle_try_saver,extended,position:Back-row,80,10,0.04855358308520576,0.217715301306111,0.19747496337276024,1.1024957168628229,0.04291360798692168,-0.7373991739226758,0.025,1.0,0.025,0.02429295911958823,0.18272419022063896,british_irish_lions,2025,south
gbdt_v3,british_irish_lions_2025,tackle_try_saver,extended,position:Back-three,80,10,0.05258979861920097,0.2905676376963499,0.28884642969902263,1.0059589034876448,0.01815417157322977,1.2099568543371828,0.025,1.0,0.0375,0.01598885807987585,0.20139000460529574,british_irish_lions,2025,south
gbdt_v3,british_irish_lions_2025,tackle_try_saver,extended,position:Centre,40,10,0.043856043461052784,0.21399040595559,0.18942039269652172,1.129711552749407,0.07185250763477438,-2.413883899210198,0.025,1.0,0.025,0.01940959449213946,0.08501969462982162,british_irish_lions,2025,south
gbdt_v3,british_irish_lions_2025,tackle_try_saver,extended,position:Fly-half,40,10,0.03581192760575809,0.15811435887311712,0.16831941461852215,0.9393708933189098,-0.016085132536700752,3.4027994643660855,0.025,1.0,0.025,0.012073921183702369,0.07123109201373487,british_irish_lions,2025,south
gbdt_v3,british_irish_lions_2025,tackle_try_saver,extended,position:Hooker,40,10,0.01220237357832378,0.02440474715664756,0.028503723764387267,0.8561950487023385,0.0,0.0,0.0,1.0,0.0,0.01220237357832378,0.024404747156647557,british_irish_lions,2025,south
gbdt_v3,british_irish_lions_2025,tackle_try_saver,extended,position:Prop,80,10,0.021683240963007482,0.1316670123791983,0.11077049060840419,1.188647009289392,0.03488110399775565,-2.410981847827637,0.0125,1.0,0.0125,0.009282983203677651,0.08344093520105575,british_irish_lions,2025,south
gbdt_v3,british_irish_lions_2025,tackle_try_saver,extended,position:Scrum-half,40,10,0.06492732789622688,0.4009274736660071,0.3351605937728551,1.1962249772648497,0.0677187495843023,-1.099653057196058,0.05,1.0,0.05,0.016113036260256775,0.12575817713793364,british_irish_lions,2025,south
gbdt_v3,british_irish_lions_2025,tackle_try_saver,extended,position:Second-row,60,10,0.06669976664544051,0.30112885419563196,0.3350087688585897,0.8988685735648347,0.011999801635251377,1.947232913901864,0.05,1.0,0.05,0.019514973321092765,0.19690885010252426,british_irish_lions,2025,south
