engine,fold,target,tier,cohort,n,fixtures,mae,loss,naive_loss,relative_loss,calibration_intercept,calibration_slope,actual_positive_rate,predicted_positive_rate,actual_mean,predicted_mean,team_total_mae,tournament,calendar_year,fold_hemisphere
gbdt_v3,rugby_championship_2025,minutes,minutes,all,552,12,11.35073951672441,11.35073951672441,11.93310556549664,0.9511974443219474,4.671941197884771,0.8927931669992817,0.9945652173913043,1.0,51.242753623188406,52.163047553141794,25.148109349176224,rugby_championship,2025,south
gbdt_v3,rugby_championship_2025,minutes,minutes,starter,360,12,11.747785602628873,11.747785602628873,12.310182203123036,0.9543145185656565,-11.202103086229915,1.1235432368183018,1.0,1.0,64.6138888888889,67.47937194639498,50.49294635565075,rugby_championship,2025,south
gbdt_v3,rugby_championship_2025,minutes,minutes,bench,192,12,10.606278105653535,10.606278105653535,11.226086869947139,0.9447885294783469,-0.2717455009629538,1.1279031327306968,0.984375,1.0,26.171875,23.444939315792084,41.86624420028593,rugby_championship,2025,south
gbdt_v3,rugby_championship_2025,minutes,minutes,zero_minute,3,3,17.820445020546313,17.820445020546313,18.892350717274578,0.9432624498258891,0.0,0.0,0.0,1.0,0.0,17.820445020546313,17.820445020546313,rugby_championship,2025,south
gbdt_v3,rugby_championship_2025,minutes,minutes,low_history,14,6,5.745565883675977,5.745565883675977,6.251034362401489,0.9191384258314453,1.6621747259207007,0.9636383747221794,1.0,1.0,26.428571428571427,25.700924073090135,7.899977812026662,rugby_championship,2025,south
gbdt_v3,rugby_championship_2025,minutes,minutes,south,552,12,11.35073951672441,11.35073951672441,11.93310556549664,0.9511974443219474,4.671941197884771,0.8927931669992817,0.9945652173913043,1.0,51.242753623188406,52.163047553141794,25.148109349176224,rugby_championship,2025,south
gbdt_v3,rugby_championship_2025,minutes,minutes,position:Back-row,96,12,9.438699647759694,9.438699647759694,10.567434852666679,0.8931873987733031,-2.1101241174015573,1.0432992186857712,1.0,1.0,58.552083333333336,58.14459204440907,14.924305031132088,rugby_championship,2025,south
gbdt_v3,rugby_championship_2025,minutes,minutes,position:Back-three,96,12,12.161578036552399,12.161578036552399,12.632458684835584,0.9627245447595688,9.11573945197464,0.8309379428177108,0.9895833333333334,1.0,59.635416666666664,60.79837568059511,15.512063294469177,rugby_championship,2025,south
gbdt_v3,rugby_championship_2025,minutes,minutes,position:Centre,48,12,10.414401975498432,10.414401975498432,10.206189859363434,1.0204005724961092,37.82850660441763,0.46647417452741113,1.0,1.0,71.8125,72.8528935819692,13.453183551071922,rugby_championship,2025,south
gbdt_v3,rugby_championship_2025,minutes,minutes,position:Fly-half,48,12,12.833252619493907,12.833252619493907,13.15531630103762,0.9755183627535956,4.218824509982863,0.8852425598714412,0.9583333333333334,1.0,44.375,45.36177688502553,10.139167480118815,rugby_championship,2025,south
gbdt_v3,rugby_championship_2025,minutes,minutes,position:Hooker,48,12,9.409540046014872,9.409540046014872,8.606489117983964,1.0933076097607406,-16.124660049208373,1.346278363710392,1.0,1.0,40.166666666666664,41.812546523242126,3.751554752194192,rugby_championship,2025,south
gbdt_v3,rugby_championship_2025,minutes,minutes,position:Prop,96,12,9.561512992305572,9.561512992305572,10.33426695568769,0.9252241144247956,12.369790788796726,0.6850588029599434,1.0,1.0,39.385416666666664,39.43548460532605,5.460941292004482,rugby_championship,2025,south
gbdt_v3,rugby_championship_2025,minutes,minutes,position:Scrum-half,48,12,15.066383079957818,15.066383079957818,15.728751229105212,0.9578880650155037,16.16416981101537,0.5843655043768771,1.0,1.0,40.583333333333336,41.78748290140212,7.45580083216267,rugby_championship,2025,south
gbdt_v3,rugby_championship_2025,minutes,minutes,position:Second-row,72,12,13.657563578753564,13.657563578753564,14.977097672894132,0.9118965421098449,10.1033728810157,0.7632305871638299,1.0,1.0,51.47222222222222,54.20229487255411,11.091091860628124,rugby_championship,2025,south
gbdt_v3,rugby_championship_2025,tries,stable,all,552,12,0.30337675308446244,0.6286028280873114,0.5688254735990543,1.105089095447916,0.03718476511967473,0.45891569755629147,0.12318840579710146,1.0,0.14855072463768115,0.24267193323528927,2.678723809321132,rugby_championship,2025,south
gbdt_v3,rugby_championship_2025,tries,stable,starter,360,12,0.3684385706744264,0.7121044271145569,0.6182511963976134,1.1518043657073396,0.021527296666934207,0.48636962727908317,0.14166666666666666,1.0,0.175,0.3155474658062926,2.4567941661725965,rugby_championship,2025,south
gbdt_v3,rugby_championship_2025,tries,stable,bench,192,12,0.18138584510327996,0.4720373299112257,0.476152243351756,0.9913579879167126,0.03682322279709452,0.5860127234632571,0.08854166666666667,1.0,0.09895833333333333,0.1060303096646581,0.7400978912818325,rugby_championship,2025,south
gbdt_v3,rugby_championship_2025,tries,stable,zero_minute,3,3,0.05587950571981378,0.11175901143962756,0.1584336588192747,0.7053994225249262,0.0,0.0,0.0,1.0,0.0,0.05587950571981378,0.05587950571981378,rugby_championship,2025,south
gbdt_v3,rugby_championship_2025,tries,stable,low_history,14,6,0.08983531399413118,0.17967062798826236,0.13327713581582007,1.3480979080804598,0.0,0.0,0.0,1.0,0.0,0.08983531399413118,0.20961573265297276,rugby_championship,2025,south
gbdt_v3,rugby_championship_2025,tries,stable,south,552,12,0.30337675308446244,0.6286028280873114,0.5688254735990543,1.105089095447916,0.03718476511967473,0.45891569755629147,0.12318840579710146,1.0,0.14855072463768115,0.24267193323528927,2.678723809321132,rugby_championship,2025,south
gbdt_v3,rugby_championship_2025,tries,stable,position:Back-row,96,12,0.2955890408732507,0.6025494270877173,0.559647530110997,1.076658780157953,-0.011491581370810256,0.5169289973641614,0.09375,1.0,0.11458333333333333,0.24389213092514428,0.7371581448315103,rugby_championship,2025,south
gbdt_v3,rugby_championship_2025,tries,stable,position:Back-three,96,12,0.49396659093650647,0.9311504180134311,0.8494723287651872,1.096151559600503,0.22845394905419428,0.19147205151163912,0.2708333333333333,1.0,0.3125,0.43894683470656104,1.188711856876875,rugby_championship,2025,south
gbdt_v3,rugby_championship_2025,tries,stable,position:Centre,48,12,0.49726090171538445,1.0246711907369532,0.7941903547324789,1.2902085559602536,0.4862716895236565,-0.6719718038231612,0.1875,1.0,0.22916666666666666,0.3826128141005314,0.7568718989542432,rugby_championship,2025,south
gbdt_v3,rugby_championship_2025,tries,stable,position:Fly-half,48,12,0.26665022564905616,0.5916401915883293,0.657698819049,0.8995609760160612,-0.0700936985946679,1.0486426304134853,0.08333333333333333,1.0,0.125,0.18604402771394243,0.5110539622990735,rugby_championship,2025,south
gbdt_v3,rugby_championship_2025,tries,stable,position:Hooker,48,12,0.3696986863506965,0.7724060549335343,0.7642835241689633,1.0106276408004515,0.009121198814452383,0.7254098795494451,0.16666666666666666,1.0,0.20833333333333334,0.274620101180056,0.594476490458185,rugby_championship,2025,south
gbdt_v3,rugby_championship_2025,tries,stable,position:Prop,96,12,0.11002597109139893,0.3107084154253413,0.22692723666718206,1.3691984267231663,0.07227533953125312,-0.5067888381049221,0.03125,1.0,0.03125,0.08095154519318652,0.40180465465833515,rugby_championship,2025,south
gbdt_v3,rugby_championship_2025,tries,stable,position:Scrum-half,48,12,0.33010072329549806,0.6665648154624985,0.6954470768614011,0.9584695049273193,0.03761096919725706,0.6651949927432725,0.14583333333333334,1.0,0.1875,0.2253309667659983,0.5224079330163665,rugby_championship,2025,south
gbdt_v3,rugby_championship_2025,tries,stable,position:Second-row,72,12,0.15063927843891356,0.3232224994865233,0.2385193203270322,1.3551208306453126,0.03127674602124547,-0.026979018238256,0.027777777777777776,1.0,0.027777777777777776,0.12969220053034325,0.34435648213657427,rugby_championship,2025,south
gbdt_v3,rugby_championship_2025,try_assists,stable,all,552,12,0.19886056769764493,0.42517874153223206,0.37703947779493174,1.1276769849641124,0.01143970934471992,0.4165368883324189,0.07065217391304347,1.0,0.08152173913043478,0.16824927575150478,2.3539983045229,rugby_championship,2025,south
gbdt_v3,rugby_championship_2025,try_assists,stable,starter,360,12,0.25642746148143825,0.5266265661234624,0.4686994914947853,1.1235910763289607,0.017099742753976792,0.4109346572222162,0.09166666666666666,1.0,0.10833333333333334,0.22201483612033554,2.0185429608285035,rugby_championship,2025,south
gbdt_v3,rugby_championship_2025,try_assists,stable,bench,192,12,0.09092264185303245,0.23496407042367506,0.20517695210770662,1.145177701539946,0.011974032724233032,0.28582882505606694,0.03125,1.0,0.03125,0.06743885005994713,0.5960748443155408,rugby_championship,2025,south
gbdt_v3,rugby_championship_2025,try_assists,stable,zero_minute,3,3,0.05764884574506879,0.11529769149013758,0.16931078606089392,0.6809825538738559,0.0,0.0,0.0,1.0,0.0,0.05764884574506879,0.05764884574506879,rugby_championship,2025,south
gbdt_v3,rugby_championship_2025,try_assists,stable,low_history,14,6,0.1089529796155101,0.2179059592310202,0.17156766756439462,1.27008755393398,0.0,0.0,0.0,1.0,0.0,0.1089529796155101,0.2542236191028569,rugby_championship,2025,south
gbdt_v3,rugby_championship_2025,try_assists,stable,south,552,12,0.19886056769764493,0.42517874153223206,0.37703947779493174,1.1276769849641124,0.01143970934471992,0.4165368883324189,0.07065217391304347,1.0,0.08152173913043478,0.16824927575150478,2.3539983045229,rugby_championship,2025,south
gbdt_v3,rugby_championship_2025,try_assists,stable,position:Back-row,96,12,0.14563717277911778,0.3071546702660173,0.2875248086690027,1.0682718882168265,-0.027177676119844802,0.7124457244006781,0.052083333333333336,1.0,0.052083333333333336,0.11125199680277949,0.4426640477559851,rugby_championship,2025,south
gbdt_v3,rugby_championship_2025,try_assists,stable,position:Back-three,96,12,0.32392448237815624,0.6444834995489352,0.6188319061079234,1.0414516336146027,-0.008698761023793314,0.5761804431253832,0.11458333333333333,1.0,0.14583333333333334,0.2682008669348376,0.821249456613573,rugby_championship,2025,south
gbdt_v3,rugby_championship_2025,try_assists,stable,position:Centre,48,12,0.3979186277808173,0.8925603894402956,0.6993308378054772,1.2763063505696086,0.39713140848707545,-0.8443369491982146,0.10416666666666667,1.0,0.14583333333333334,0.2976277129555635,0.7177225163237676,rugby_championship,2025,south
gbdt_v3,rugby_championship_2025,try_assists,stable,position:Fly-half,48,12,0.38218988398140424,0.8491350972818422,0.6370502180274009,1.3329170499480452,0.09134253665346707,0.21381979532194464,0.14583333333333334,1.0,0.16666666666666666,0.35227856195346813,0.6609038510518995,rugby_championship,2025,south
gbdt_v3,rugby_championship_2025,try_assists,stable,position:Hooker,48,12,0.04807048681284059,0.09614097362568118,0.078569171070883,1.2236475492269783,0.0,0.0,0.0,1.0,0.0,0.04807048681284059,0.09614097362568118,rugby_championship,2025,south
gbdt_v3,rugby_championship_2025,try_assists,stable,position:Prop,96,12,0.02947004381370917,0.11372228544549712,0.11429358402449936,0.9950014816327767,0.02438303220395523,-0.7251193225774784,0.010416666666666666,1.0,0.010416666666666666,0.019260782470455085,0.11400094480417089,rugby_championship,2025,south
gbdt_v3,rugby_championship_2025,try_assists,stable,position:Scrum-half,48,12,0.3431824012935151,0.6351714186572974,0.590797043624628,1.0751093383278054,-0.011368380757106718,0.49985517955280584,0.16666666666666666,1.0,0.16666666666666666,0.3561732571883159,0.5975273992440476,rugby_championship,2025,south
gbdt_v3,rugby_championship_2025,try_assists,stable,position:Second-row,72,12,0.07831448714158194,0.19055115872976847,0.19260408434031703,0.9893412145563788,-0.032685474015286015,1.0889131323615147,0.027777777777777776,1.0,0.027777777777777776,0.0555262398773149,0.21790452880046587,rugby_championship,2025,south
gbdt_v3,rugby_championship_2025,conversion_goals,stable,all,552,12,0.1424385304779583,0.22828830350233736,0.2979686419273065,0.7661487531900468,0.0062011153324450586,0.636255014720355,0.04891304347826087,1.0,0.11413043478260869,0.16963217098980388,2.0927583166524584,rugby_championship,2025,south
gbdt_v3,rugby_championship_2025,conversion_goals,stable,starter,360,12,0.16296086428290948,0.24140424745727615,0.2554229974821431,0.9451155527769304,-0.010186568442920752,0.6134709876552958,0.05277777777777778,1.0,0.12777777777777777,0.2248913950242407,2.1813422769207524,rugby_championship,2025,south
gbdt_v3,rugby_championship_2025,conversion_goals,stable,bench,192,12,0.10395915459367477,0.2036959085868272,0.3777417252619879,0.5392465141243031,0.002893018990913215,1.297291533209321,0.041666666666666664,1.0,0.08854166666666667,0.06602112592523485,0.8156965258488912,rugby_championship,2025,south
gbdt_v3,rugby_championship_2025,conversion_goals,stable,zero_minute,3,3,0.11195528257154164,0.22391056514308327,0.3721926656005949,0.6015985424693049,0.0,0.0,0.0,1.0,0.0,0.11195528257154164,0.11195528257154164,rugby_championship,2025,south
gbdt_v3,rugby_championship_2025,conversion_goals,stable,low_history,14,6,0.004975879056748273,0.009951758113496545,0.09160810407066713,0.10863403641472254,0.0,0.0,0.0,1.0,0.0,0.004975879056748273,0.011610384465745966,rugby_championship,2025,south
gbdt_v3,rugby_championship_2025,conversion_goals,stable,south,552,12,0.1424385304779583,0.22828830350233736,0.2979686419273065,0.7661487531900468,0.0062011153324450586,0.636255014720355,0.04891304347826087,1.0,0.11413043478260869,0.16963217098980388,2.0927583166524584,rugby_championship,2025,south
gbdt_v3,rugby_championship_2025,conversion_goals,stable,position:Back-row,96,12,0.001719405990818269,0.003438811981636538,1.9999999999999997e-08,171940.59908182692,0.0,0.0,0.0,1.0,0.0,0.001719405990818269,0.006877623963273076,rugby_championship,2025,south
gbdt_v3,rugby_championship_2025,conversion_goals,stable,position:Back-three,96,12,0.1890523784281184,0.3408921496097725,0.5864046404776059,0.5813258048778875,-0.03751600489913919,0.5759876633614535,0.052083333333333336,1.0,0.08333333333333333,0.20981237259006225,0.7167615751432299,rugby_championship,2025,south
gbdt_v3,rugby_championship_2025,conversion_goals,stable,position:Centre,48,12,0.054324415530393085,0.11408273926597218,0.1621059732306975,0.7037540751420546,0.012355166585391151,0.20995732120101715,0.020833333333333332,1.0,0.020833333333333332,0.040380429219827076,0.10826758165836252,rugby_championship,2025,south
gbdt_v3,rugby_championship_2025,conversion_goals,stable,position:Fly-half,48,12,1.174449941166526,1.7671204779046328,2.035398694697714,0.8681937757492154,0.3767637857766026,0.512630721797379,0.4375,1.0,1.125,1.4596008050394282,1.7313721859397295,rugby_championship,2025,south
gbdt_v3,rugby_championship_2025,conversion_goals,stable,position:Hooker,48,12,0.0009857130029355921,0.0019714260058711843,0.0014792999408284023,1.332674971086116,0.0,0.0,0.0,1.0,0.0,0.0009857130029355921,0.001971426005871184,rugby_championship,2025,south
gbdt_v3,rugby_championship_2025,conversion_goals,stable,position:Prop,96,12,0.000940037522627443,0.001880075045254886,1.9999999999999997e-08,94003.75226274431,0.0,0.0,0.0,1.0,0.0,0.000940037522627443,0.003760150090509772,rugby_championship,2025,south
gbdt_v3,rugby_championship_2025,conversion_goals,stable,position:Scrum-half,48,12,0.02307931777004035,0.0461586355400807,0.0548460233395739,0.841604053119657,0.0,0.0,0.0,1.0,0.0,0.02307931777004035,0.046158635540080685,rugby_championship,2025,south
gbdt_v3,rugby_championship_2025,conversion_goals,stable,position:Second-row,72,12,0.0011867127623316626,0.002373425524663325,1.9999999999999997e-08,118671.27623316627,0.0,0.0,0.0,1.0,0.0,0.0011867127623316626,0.0035601382869949877,rugby_championship,2025,south
gbdt_v3,rugby_championship_2025,missed_conversion_goals,stable,all,552,12,0.056811411189643654,0.10906906243459767,0.08410310380740373,1.2968494323867765,0.004083951598399661,0.5860859105208545,0.02355072463768116,1.0,0.034420289855072464,0.051760906911604385,1.123245402992123,rugby_championship,2025,south
gbdt_v3,rugby_championship_2025,missed_conversion_goals,stable,starter,360,12,0.07415825247228196,0.13498746683452578,0.09865367129680067,1.3682964360080883,0.005961284134588401,0.5862657579969935,0.030555555555555555,1.0,0.04722222222222222,0.07037923932075438,1.0806907887135893,rugby_championship,2025,south
gbdt_v3,rugby_championship_2025,missed_conversion_goals,stable,bench,192,12,0.024286083784696825,0.06047205418473247,0.05682078976478449,1.0642593042980002,0.0018817667733285624,0.5064761506825818,0.010416666666666666,1.0,0.010416666666666666,0.01685153364444814,0.19118877804610332,rugby_championship,2025,south
gbdt_v3,rugby_championship_2025,missed_conversion_goals,stable,zero_minute,3,3,0.03460839283450657,0.06921678566901314,0.10633412199404801,0.6509367301014392,0.0,0.0,0.0,1.0,0.0,0.03460839283450657,0.03460839283450657,rugby_championship,2025,south
gbdt_v3,rugby_championship_2025,missed_conversion_goals,stable,low_history,14,6,0.006793764015773827,0.013587528031547653,0.022375123150121325,0.607260480328305,0.0,0.0,0.0,1.0,0.0,0.006793764015773827,0.015852116036805596,rugby_championship,2025,south
gbdt_v3,rugby_championship_2025,missed_conversion_goals,stable,south,552,12,0.056811411189643654,0.10906906243459767,0.08410310380740373,1.2968494323867765,0.004083951598399661,0.5860859105208545,0.02355072463768116,1.0,0.034420289855072464,0.051760906911604385,1.123245402992123,rugby_championship,2025,south
gbdt_v3,rugby_championship_2025,missed_conversion_goals,stable,position:Back-row,96,12,0.0004725223248564904,0.0009450446497129808,1.9999999999999997e-08,47252.232485649045,0.0,0.0,0.0,1.0,0.0,0.0004725223248564904,0.0018900892994259616,rugby_championship,2025,south
gbdt_v3,rugby_championship_2025,missed_conversion_goals,stable,position:Back-three,96,12,0.06236007027025662,0.12472014054051324,0.05407941417066566,2.3062405991846946,0.0,0.0,0.0,1.0,0.0,0.06236007027025662,0.24944028108102648,rugby_championship,2025,south
gbdt_v3,rugby_championship_2025,missed_conversion_goals,stable,position:Centre,48,12,0.014920843712628551,0.029841687425257103,0.02223869532987398,1.3418812112223943,0.0,0.0,0.0,1.0,0.0,0.014920843712628551,0.029841687425257096,rugby_championship,2025,south
gbdt_v3,rugby_championship_2025,missed_conversion_goals,stable,position:Fly-half,48,12,0.5017329739937941,0.9510977086236574,0.8263956306332507,1.1508987624908542,0.21940675812739988,0.397668681071882,0.2708333333333333,1.0,0.3958333333333333,0.44365217479634245,0.8923289347061578,rugby_championship,2025,south
gbdt_v3,rugby_championship_2025,missed_conversion_goals,stable,position:Hooker,48,12,0.00035841337010079373,0.0007168267402015875,1.9999999999999997e-08,35841.337010079376,0.0,0.0,0.0,1.0,0.0,0.00035841337010079373,0.0007168267402015875,rugby_championship,2025,south
gbdt_v3,rugby_championship_2025,missed_conversion_goals,stable,position:Prop,96,12,0.00034146307520007275,0.0006829261504001455,1.9999999999999997e-08,34146.30752000728,0.0,0.0,0.0,1.0,0.0,0.00034146307520007275,0.001365852300800291,rugby_championship,2025,south
gbdt_v3,rugby_championship_2025,missed_conversion_goals,stable,position:Scrum-half,48,12,0.009322260808508365,0.01864452161701673,0.0103924094806868,1.7940518656107243,0.0,0.0,0.0,1.0,0.0,0.009322260808508365,0.01864452161701673,rugby_championship,2025,south
gbdt_v3,rugby_championship_2025,missed_conversion_goals,stable,position:Second-row,72,12,0.0004324169701625501,0.0008648339403251002,1.9999999999999997e-08,43241.69701625501,0.0,0.0,0.0,1.0,0.0,0.0004324169701625501,0.0012972509104876501,rugby_championship,2025,south
gbdt_v3,rugby_championship_2025,penalty_goals,stable,all,552,12,0.07834852811924557,0.2060833419611197,0.22492345114196202,0.9162376840423311,0.02594382680783964,1.1920980820145994,0.04710144927536232,1.0,0.08333333333333333,0.048141597903175584,1.3198327116482858,rugby_championship,2025,south
gbdt_v3,rugby_championship_2025,penalty_goals,stable,starter,360,12,0.09512213633809657,0.21643240119198176,0.21022686821334946,1.0295182677236794,0.026510314816442303,1.1651739467759188,0.058333333333333334,1.0,0.10555555555555556,0.06783986284437127,1.170678632630419,rugby_championship,2025,south
gbdt_v3,rugby_championship_2025,penalty_goals,stable,bench,192,12,0.046898012708899935,0.18667885590325337,0.2524795441331105,0.7393821014063374,-0.003298276352033833,4.012093710930598,0.026041666666666668,1.0,0.041666666666666664,0.011207351138433646,0.37259934423880386,rugby_championship,2025,south
gbdt_v3,rugby_championship_2025,penalty_goals,stable,zero_minute,3,3,0.0338638616773864,0.0677277233547728,0.14867343781998493,0.45554689760236866,0.0,0.0,0.0,1.0,0.0,0.0338638616773864,0.0338638616773864,rugby_championship,2025,south
gbdt_v3,rugby_championship_2025,penalty_goals,stable,low_history,14,6,0.003709832749862712,0.007419665499725424,0.03864961444881037,0.1919725618363523,0.0,0.0,0.0,1.0,0.0,0.003709832749862712,0.008656276416346328,rugby_championship,2025,south
gbdt_v3,rugby_championship_2025,penalty_goals,stable,south,552,12,0.07834852811924557,0.2060833419611197,0.22492345114196202,0.9162376840423311,0.02594382680783964,1.1920980820145994,0.04710144927536232,1.0,0.08333333333333333,0.048141597903175584,1.3198327116482858,rugby_championship,2025,south
gbdt_v3,rugby_championship_2025,penalty_goals,stable,position:Back-row,96,12,0.0008329009221326889,0.0016658018442653778,1.9999999999999997e-08,83290.0922132689,0.0,0.0,0.0,1.0,0.0,0.0008329009221326889,0.0033316036885307557,rugby_championship,2025,south
gbdt_v3,rugby_championship_2025,penalty_goals,stable,position:Back-three,96,12,0.1093151468808063,0.2639270948239563,0.5980069068647117,0.441344559392631,0.03264467585990877,1.0101070583017246,0.07291666666666667,1.0,0.09375,0.060493908678181586,0.4104291021329762,rugby_championship,2025,south
gbdt_v3,rugby_championship_2025,penalty_goals,stable,position:Centre,48,12,0.00999388441952303,0.01998776883904606,0.07709414381022982,0.2592644246526263,0.0,0.0,0.0,1.0,0.0,0.00999388441952303,0.01998776883904606,rugby_championship,2025,south
gbdt_v3,rugby_championship_2025,penalty_goals,stable,position:Fly-half,48,12,0.6603561075324939,1.7980608987505284,1.2660072054925962,1.4202611888381103,0.4643811020995299,0.7463179150891952,0.3958333333333333,1.0,0.7708333333333334,0.41061888645293826,1.25715125922536,rugby_championship,2025,south
gbdt_v3,rugby_championship_2025,penalty_goals,stable,position:Hooker,48,12,0.0004946506959553731,0.0009893013919107462,1.9999999999999997e-08,49465.069595537316,0.0,0.0,0.0,1.0,0.0,0.0004946506959553731,0.0009893013919107464,rugby_championship,2025,south
gbdt_v3,rugby_championship_2025,penalty_goals,stable,position:Prop,96,12,0.0004854090649848215,0.000970818129969643,1.9999999999999997e-08,48540.90649848216,0.0,0.0,0.0,1.0,0.0,0.0004854090649848215,0.001941636259939286,rugby_championship,2025,south
gbdt_v3,rugby_championship_2025,penalty_goals,stable,position:Scrum-half,48,12,0.00792929089807515,0.0158585817961503,0.047504395100313644,0.33383399078468834,0.0,0.0,0.0,1.0,0.0,0.00792929089807515,0.0158585817961503,rugby_championship,2025,south
gbdt_v3,rugby_championship_2025,penalty_goals,stable,position:Second-row,72,12,0.0006448173929527494,0.0012896347859054989,1.9999999999999997e-08,64481.73929527495,0.0,0.0,0.0,1.0,0.0,0.0006448173929527494,0.0019344521788582482,rugby_championship,2025,south
gbdt_v3,rugby_championship_2025,missed_penalty_goals,stable,all,552,12,0.021917837864026696,0.07282013287619507,0.07374720327335385,0.9874290772258513,-0.0004487177929476975,2.5088056637587273,0.016304347826086956,1.0,0.018115942028985508,0.00739979986896209,0.4558621425001809,rugby_championship,2025,south
gbdt_v3,rugby_championship_2025,missed_penalty_goals,stable,starter,360,12,0.032751418563838244,0.10994567142149375,0.10973209590146947,1.0019463359217713,0.0014039660657339129,2.5140837245168304,0.025,1.0,0.027777777777777776,0.01049042697140585,0.4534079192247351,rugby_championship,2025,south
gbdt_v3,rugby_championship_2025,missed_penalty_goals,stable,bench,192,12,0.0016048740518800422,0.0032097481037600844,0.0062755295956370945,0.511470475096091,0.0,0.0,0.0,1.0,0.0,0.0016048740518800422,0.012838992415040338,rugby_championship,2025,south
gbdt_v3,rugby_championship_2025,missed_penalty_goals,stable,zero_minute,3,3,0.005178678009271449,0.010357356018542898,0.021658395169852535,0.4782143800275585,0.0,0.0,0.0,1.0,0.0,0.005178678009271449,0.005178678009271449,rugby_championship,2025,south
gbdt_v3,rugby_championship_2025,missed_penalty_goals,stable,low_history,14,6,0.0005597564061125296,0.0011195128122250592,0.009934018434955493,0.11269485954301783,0.0,0.0,0.0,1.0,0.0,0.0005597564061125296,0.0013060982809292357,rugby_championship,2025,south
gbdt_v3,rugby_championship_2025,missed_penalty_goals,stable,south,552,12,0.021917837864026696,0.07282013287619507,0.07374720327335385,0.9874290772258513,-0.0004487177929476975,2.5088056637587273,0.016304347826086956,1.0,0.018115942028985508,0.00739979986896209,0.4558621425001809,rugby_championship,2025,south
gbdt_v3,rugby_championship_2025,missed_penalty_goals,stable,position:Back-row,96,12,0.00019201349941867112,0.00038402699883734225,1.9999999999999997e-08,19201.349941867116,0.0,0.0,0.0,1.0,0.0,0.00019201349941867112,0.0007680539976746846,rugby_championship,2025,south
gbdt_v3,rugby_championship_2025,missed_penalty_goals,stable,position:Back-three,96,12,0.019602816153348086,0.06205307861934747,0.09911974469775754,0.6260415501327592,0.002453572211605573,0.7786555436784766,0.010416666666666666,1.0,0.010416666666666666,0.010226722868294671,0.07534832771686735,rugby_championship,2025,south
gbdt_v3,rugby_championship_2025,missed_penalty_goals,stable,position:Centre,48,12,0.022652615282466437,0.15342215989877098,0.16290902423200412,0.9417658759055447,-0.020886302444111604,18.549770753904312,0.020833333333333332,1.0,0.020833333333333332,0.0022490647637067912,0.0452065499153344,rugby_championship,2025,south
gbdt_v3,rugby_championship_2025,missed_penalty_goals,stable,position:Fly-half,48,12,0.18746526527998544,0.5544399658044596,0.46171928120474415,1.2008161416993102,0.005487824171091805,2.7014617940749677,0.14583333333333334,1.0,0.16666666666666666,0.059663565425608966,0.37131838093366065,rugby_championship,2025,south
gbdt_v3,rugby_championship_2025,missed_penalty_goals,stable,position:Hooker,48,12,0.00012735095344923705,0.0002547019068984741,1.9999999999999997e-08,12735.095344923706,0.0,0.0,0.0,1.0,0.0,0.00012735095344923705,0.0002547019068984741,rugby_championship,2025,south
gbdt_v3,rugby_championship_2025,missed_penalty_goals,stable,position:Prop,96,12,0.00012107199757243486,0.00024214399514486972,1.9999999999999997e-08,12107.199757243488,0.0,0.0,0.0,1.0,0.0,0.00012107199757243486,0.00048428799028973945,rugby_championship,2025,south
gbdt_v3,rugby_championship_2025,missed_penalty_goals,stable,position:Scrum-half,48,12,0.0017385987852313997,0.0034771975704627994,0.02522491281130589,0.13784775378507189,0.0,0.0,0.0,1.0,0.0,0.0017385987852313997,0.0034771975704627994,rugby_championship,2025,south
gbdt_v3,rugby_championship_2025,missed_penalty_goals,stable,position:Second-row,72,12,0.00015966788966406432,0.00031933577932812863,1.9999999999999997e-08,15966.788966406433,0.0,0.0,0.0,1.0,0.0,0.00015966788966406432,0.00047900366899219295,rugby_championship,2025,south
gbdt_v3,rugby_championship_2025,drop_goals_converted,stable,all,552,12,0.0,1.9999999999999997e-08,0.0029672003692787115,6.740360444502689e-06,0.0,,0.0,0.0,0.0,0.0,0.0,rugby_championship,2025,south
gbdt_v3,rugby_championship_2025,drop_goals_converted,stable,starter,360,12,0.0,1.9999999999999997e-08,0.0035649613165966328,5.610159051906187e-06,0.0,,0.0,0.0,0.0,0.0,0.0,rugby_championship,2025,south
gbdt_v3,rugby_championship_2025,drop_goals_converted,stable,bench,192,12,0.0,1.9999999999999997e-08,0.0018463985930576071,1.0831897335277054e-05,0.0,,0.0,0.0,0.0,0.0,0.0,rugby_championship,2025,south
gbdt_v3,rugby_championship_2025,drop_goals_converted,stable,zero_minute,3,3,0.0,2.0000000000000004e-08,0.009847372496307237,2.0309986250139317e-06,0.0,,0.0,0.0,0.0,0.0,0.0,rugby_championship,2025,south
gbdt_v3,rugby_championship_2025,drop_goals_converted,stable,low_history,14,6,0.0,2e-08,0.002110166963494408,9.477923001353537e-06,0.0,,0.0,0.0,0.0,0.0,0.0,rugby_championship,2025,south
gbdt_v3,rugby_championship_2025,drop_goals_converted,stable,south,552,12,0.0,1.9999999999999997e-08,0.0029672003692787115,6.740360444502689e-06,0.0,,0.0,0.0,0.0,0.0,0.0,rugby_championship,2025,south
gbdt_v3,rugby_championship_2025,drop_goals_converted,stable,position:Back-row,96,12,0.0,1.9999999999999997e-08,1.9999999999999997e-08,1.0,0.0,,0.0,0.0,0.0,0.0,0.0,rugby_championship,2025,south
gbdt_v3,rugby_championship_2025,drop_goals_converted,stable,position:Back-three,96,12,0.0,1.9999999999999997e-08,0.0022244241794364805,8.991090901136784e-06,0.0,,0.0,0.0,0.0,0.0,0.0,rugby_championship,2025,south
gbdt_v3,rugby_championship_2025,drop_goals_converted,stable,position:Centre,48,12,0.0,1.9999999999999997e-08,1.9999999999999997e-08,1.0,0.0,,0.0,0.0,0.0,0.0,0.0,rugby_championship,2025,south
gbdt_v3,rugby_championship_2025,drop_goals_converted,stable,position:Fly-half,48,12,0.0,1.9999999999999997e-08,0.029673785887832215,6.739955621301773e-07,0.0,,0.0,0.0,0.0,0.0,0.0,rugby_championship,2025,south
gbdt_v3,rugby_championship_2025,drop_goals_converted,stable,position:Hooker,48,12,0.0,1.9999999999999997e-08,1.9999999999999997e-08,1.0,0.0,,0.0,0.0,0.0,0.0,0.0,rugby_championship,2025,south
gbdt_v3,rugby_championship_2025,drop_goals_converted,stable,position:Prop,96,12,0.0,1.9999999999999997e-08,1.9999999999999997e-08,1.0,0.0,,0.0,0.0,0.0,0.0,0.0,rugby_championship,2025,south
gbdt_v3,rugby_championship_2025,drop_goals_converted,stable,position:Scrum-half,48,12,0.0,1.9999999999999997e-08,1.9999999999999997e-08,1.0,0.0,,0.0,0.0,0.0,0.0,0.0,rugby_championship,2025,south
gbdt_v3,rugby_championship_2025,drop_goals_converted,stable,position:Second-row,72,12,0.0,1.9999999999999997e-08,1.9999999999999997e-08,1.0,0.0,,0.0,0.0,0.0,0.0,0.0,rugby_championship,2025,south
gbdt_v3,rugby_championship_2025,drop_goal_missed,stable,all,552,12,0.0018115942028985507,0.06311842849258105,0.014757729574701051,4.2769741899041165,0.0018115942028985507,,0.0018115942028985507,0.0,0.0018115942028985507,0.0,0.041666666666666664,rugby_championship,2025,south
gbdt_v3,rugby_championship_2025,drop_goal_missed,stable,starter,360,12,0.002777777777777778,0.09678157968862426,0.02105409541287046,4.596805409624071,0.002777777777777778,,0.002777777777777778,0.0,0.002777777777777778,0.0,0.041666666666666664,rugby_championship,2025,south
gbdt_v3,rugby_championship_2025,drop_goal_missed,stable,bench,192,12,0.0,1.9999999999999997e-08,0.0029520436281334013,6.774967622225198e-06,0.0,,0.0,0.0,0.0,0.0,0.0,rugby_championship,2025,south
gbdt_v3,rugby_championship_2025,drop_goal_missed,stable,zero_minute,3,3,0.0,2.0000000000000004e-08,0.009841556174283853,2.03219893742621e-06,0.0,,0.0,0.0,0.0,0.0,0.0,rugby_championship,2025,south
gbdt_v3,rugby_championship_2025,drop_goal_missed,stable,low_history,14,6,0.0,2e-08,0.0021101612492086938,9.477948667430018e-06,0.0,,0.0,0.0,0.0,0.0,0.0,rugby_championship,2025,south
gbdt_v3,rugby_championship_2025,drop_goal_missed,stable,south,552,12,0.0018115942028985507,0.06311842849258105,0.014757729574701051,4.2769741899041165,0.0018115942028985507,,0.0018115942028985507,0.0,0.0018115942028985507,0.0,0.041666666666666664,rugby_championship,2025,south
gbdt_v3,rugby_championship_2025,drop_goal_missed,stable,position:Back-row,96,12,0.0,1.9999999999999997e-08,1.9999999999999997e-08,1.0,0.0,,0.0,0.0,0.0,0.0,0.0,rugby_championship,2025,south
gbdt_v3,rugby_championship_2025,drop_goal_missed,stable,position:Back-three,96,12,0.0,1.9999999999999997e-08,0.014071948404557033,1.421267291850163e-06,0.0,,0.0,0.0,0.0,0.0,0.0,rugby_championship,2025,south
gbdt_v3,rugby_championship_2025,drop_goal_missed,stable,position:Centre,48,12,0.0,1.9999999999999997e-08,0.0014825796886582653,1.3489999999999998e-05,0.0,,0.0,0.0,0.0,0.0,0.0,rugby_championship,2025,south
gbdt_v3,rugby_championship_2025,drop_goal_missed,stable,position:Fly-half,48,12,0.020833333333333332,0.725861717664682,0.13861016873684365,5.23671332543254,0.020833333333333332,,0.020833333333333332,0.0,0.020833333333333332,0.0,0.041666666666666664,rugby_championship,2025,south
gbdt_v3,rugby_championship_2025,drop_goal_missed,stable,position:Hooker,48,12,0.0,1.9999999999999997e-08,1.9999999999999997e-08,1.0,0.0,,0.0,0.0,0.0,0.0,0.0,rugby_championship,2025,south
gbdt_v3,rugby_championship_2025,drop_goal_missed,stable,position:Prop,96,12,0.0,1.9999999999999997e-08,1.9999999999999997e-08,1.0,0.0,,0.0,0.0,0.0,0.0,0.0,rugby_championship,2025,south
gbdt_v3,rugby_championship_2025,drop_goal_missed,stable,position:Scrum-half,48,12,0.0,1.9999999999999997e-08,0.0014771148744460857,1.3539908334820571e-05,0.0,,0.0,0.0,0.0,0.0,0.0,rugby_championship,2025,south
gbdt_v3,rugby_championship_2025,drop_goal_missed,stable,position:Second-row,72,12,0.0,1.9999999999999997e-08,1.9999999999999997e-08,1.0,0.0,,0.0,0.0,0.0,0.0,0.0,rugby_championship,2025,south
gbdt_v3,rugby_championship_2025,defenders_beaten,stable,all,552,12,1.0120330274651166,1.5291518170106047,1.7332685923054667,0.8822359233871763,0.02989345960751214,0.9181976268767207,0.4583333333333333,1.0,1.1105072463768115,1.1768858414991148,7.592845616218713,rugby_championship,2025,south
gbdt_v3,rugby_championship_2025,defenders_beaten,stable,starter,360,12,1.1826454177816565,1.6108047303257909,1.7824106193608587,0.9037225838024895,-0.08758485440319826,0.9547939771909263,0.5472222222222223,1.0,1.3916666666666666,1.549288701445239,6.585820640657848,rugby_championship,2025,south
gbdt_v3,rugby_championship_2025,defenders_beaten,stable,bench,192,12,0.6921347956216044,1.376052604544631,1.6411272915766066,0.8384801176651433,-0.22048365289499577,1.6794103621223142,0.2916666666666667,1.0,0.5833333333333334,0.47863047910013184,3.079130760288615,rugby_championship,2025,south
gbdt_v3,rugby_championship_2025,defenders_beaten,stable,zero_minute,3,3,0.46083524133508824,0.9216704826701765,1.2409583607476447,0.7427086289300588,0.0,0.0,0.0,1.0,0.0,0.46083524133508824,0.46083524133508824,rugby_championship,2025,south
gbdt_v3,rugby_championship_2025,defenders_beaten,stable,low_history,14,6,0.48500806962657744,1.1946039770671786,1.1500395431406945,1.0387503492312804,-0.029065036952373505,1.2730994557153528,0.21428571428571427,1.0,0.35714285714285715,0.30336034813416907,0.777758510146041,rugby_championship,2025,south
gbdt_v3,rugby_championship_2025,defenders_beaten,stable,south,552,12,1.0120330274651166,1.5291518170106047,1.7332685923054667,0.8822359233871763,0.02989345960751214,0.9181976268767207,0.4583333333333333,1.0,1.1105072463768115,1.1768858414991148,7.592845616218713,rugby_championship,2025,south
gbdt_v3,rugby_championship_2025,defenders_beaten,stable,position:Back-row,96,12,1.096014672870121,1.6262507127799708,2.3100351404378827,0.7039939281926698,-0.3963266757582922,1.2558110506433924,0.5208333333333334,1.0,1.3020833333333333,1.3524407260323725,1.8615125100229284,rugby_championship,2025,south
gbdt_v3,rugby_championship_2025,defenders_beaten,stable,position:Back-three,96,12,1.5135819478365098,1.8320300102069382,1.8864117823738733,0.9711718445171601,0.746304595507001,0.5879579241449188,0.71875,1.0,2.0208333333333335,2.167720997518505,3.545189239775578,rugby_championship,2025,south
gbdt_v3,rugby_championship_2025,defenders_beaten,stable,position:Centre,48,12,1.6855343961719116,2.0284586632756008,2.097854360368585,0.9669206316682576,1.6220539730470496,0.235550184557527,0.7708333333333334,1.0,2.1458333333333335,2.2236423260299487,2.5324372341693753,rugby_championship,2025,south
gbdt_v3,rugby_championship_2025,defenders_beaten,stable,position:Fly-half,48,12,1.1690840762288761,1.8129735447311557,2.1183487215090824,0.8558428205529911,-0.20849540025621172,1.4174634568278506,0.5833333333333334,1.0,1.5208333333333333,1.2200164492844285,1.752684812268163,rugby_championship,2025,south
gbdt_v3,rugby_championship_2025,defenders_beaten,stable,position:Hooker,48,12,0.6666406878000489,1.2238611170156377,1.2459303752130535,0.9822869249867658,-0.1430761199107257,0.9525632242656589,0.25,1.0,0.4166666666666667,0.5876174644563926,0.9738541269142944,rugby_championship,2025,south
gbdt_v3,rugby_championship_2025,defenders_beaten,stable,position:Prop,96,12,0.5299680823595865,1.21785129576131,1.2454399500152442,0.9778482661861002,0.2788942012514398,0.2626489031287799,0.23958333333333334,1.0,0.3645833333333333,0.3262497237229231,1.1226234676585465,rugby_championship,2025,south
gbdt_v3,rugby_championship_2025,defenders_beaten,stable,position:Scrum-half,48,12,0.8330903885914006,1.320388305703217,1.8874679200135933,0.6995553628766882,0.2154643370353391,0.7599931669051052,0.4583333333333333,1.0,0.875,0.8678178853245037,1.320777223988984,rugby_championship,2025,south
gbdt_v3,rugby_championship_2025,defenders_beaten,stable,position:Second-row,72,12,0.6699339072827805,1.2315334849332698,1.1328091258363664,1.0871500386475206,-0.060536292267267,0.5606719412065712,0.16666666666666666,1.0,0.2916666666666667,0.6281801050646297,1.216287722866866,rugby_championship,2025,south
gbdt_v3,rugby_championship_2025,clean_breaks,stable,all,552,12,0.34896439008423397,0.6528308805712325,0.6178309587438194,1.0566496730733197,0.017811454371043513,0.6170496443634232,0.17572463768115942,1.0,0.22644927536231885,0.33812161289958403,3.938909798108998,rugby_championship,2025,south
gbdt_v3,rugby_championship_2025,clean_breaks,stable,starter,360,12,0.4432356379981894,0.7749816446644804,0.7227504116202242,1.072267316911196,0.011141241322204381,0.6216344663912641,0.225,1.0,0.2972222222222222,0.46020772072177085,3.312218693200768,rugby_championship,2025,south
gbdt_v3,rugby_championship_2025,clean_breaks,stable,bench,192,12,0.1722058002455674,0.42379819789639267,0.42110698460056034,1.006390806598435,0.0055730977355698905,0.8074056632882409,0.08333333333333333,1.0,0.09375,0.10921016073298366,0.9115072783984576,rugby_championship,2025,south
gbdt_v3,rugby_championship_2025,clean_breaks,stable,zero_minute,3,3,0.1002502397955039,0.2005004795910078,0.32570235102228146,0.6155942042226508,0.0,0.0,0.0,1.0,0.0,0.1002502397955039,0.1002502397955039,rugby_championship,2025,south
gbdt_v3,rugby_championship_2025,clean_breaks,stable,low_history,14,6,0.11644159585074822,0.19674422533885494,0.19759956000441808,0.9956713736328966,-0.17020570531546195,2.5305660011506075,0.07142857142857142,1.0,0.07142857142857142,0.09548625747527084,0.2023186418705549,rugby_championship,2025,south
gbdt_v3,rugby_championship_2025,clean_breaks,stable,south,552,12,0.34896439008423397,0.6528308805712325,0.6178309587438194,1.0566496730733197,0.017811454371043513,0.6170496443634232,0.17572463768115942,1.0,0.22644927536231885,0.33812161289958403,3.938909798108998,rugby_championship,2025,south
gbdt_v3,rugby_championship_2025,clean_breaks,stable,position:Back-row,96,12,0.3370455590855171,0.6619236908098812,0.6440859452713404,1.0276946666349411,0.06637150966519546,0.539775727721909,0.1875,1.0,0.19791666666666666,0.243703357238106,0.9236688959817005,rugby_championship,2025,south
gbdt_v3,rugby_championship_2025,clean_breaks,stable,position:Back-three,96,12,0.7319758402400861,1.1842975467348003,1.0592635917941469,1.1180385655744807,0.2611651479446494,0.44619246938061,0.46875,1.0,0.6666666666666666,0.9088040398461259,1.8340213841556066,rugby_championship,2025,south
gbdt_v3,rugby_championship_2025,clean_breaks,stable,position:Centre,48,12,0.6374106892706687,1.1480311956060694,1.0357695023088413,1.1083848221510526,0.4220140784489235,-0.07902555868385687,0.2708333333333333,1.0,0.375,0.59492244321871,0.972722199313614,rugby_championship,2025,south
gbdt_v3,rugby_championship_2025,clean_breaks,stable,position:Fly-half,48,12,0.38460007063864426,0.7518066449152633,0.752752843330426,0.9987430158204698,-0.005579264890755946,0.5346478571064732,0.125,1.0,0.16666666666666666,0.32216706616878943,0.6434378361026606,rugby_championship,2025,south
gbdt_v3,rugby_championship_2025,clean_breaks,stable,position:Hooker,48,12,0.14788155331836317,0.31251015433278884,0.28667830556211,1.09010744192878,-0.02337647260581167,0.5427651608131747,0.041666666666666664,1.0,0.041666666666666664,0.119836614374862,0.2827019598229747,rugby_championship,2025,south
gbdt_v3,rugby_championship_2025,clean_breaks,stable,position:Prop,96,12,0.0726803640345734,0.2528432677933985,0.2606954845218312,0.9698797363412899,0.019540889368041867,0.2671053269695288,0.020833333333333332,1.0,0.03125,0.04383705396221435,0.2664959270040432,rugby_championship,2025,south
gbdt_v3,rugby_championship_2025,clean_breaks,stable,position:Scrum-half,48,12,0.31986657904883314,0.5913580018090951,0.5977502509631613,0.9893061539601762,0.06870317912100639,0.28078870422242047,0.14583333333333334,1.0,0.14583333333333334,0.274691086402215,0.4910226875479678,rugby_championship,2025,south
gbdt_v3,rugby_championship_2025,clean_breaks,stable,position:Second-row,72,12,0.15995204464788557,0.3371467461531985,0.3360100534764987,1.0033829126984122,-0.01559812964851933,0.5797659592881875,0.05555555555555555,1.0,0.05555555555555555,0.12272829072516503,0.3884944830324355,rugby_championship,2025,south
gbdt_v3,rugby_championship_2025,offload,stable,all,552,12,0.4448041976617064,0.8056353069191652,0.7933241211984301,1.0155184815282525,0.03433801940216548,0.677481454416785,0.23369565217391305,1.0,0.3061594202898551,0.4012233827443869,3.1159057019908913,rugby_championship,2025,south
gbdt_v3,rugby_championship_2025,offload,stable,starter,360,12,0.5637888428150262,0.9946144466110556,0.9429317624587271,1.0548106302173597,0.14753255427689585,0.5103833619709623,0.3111111111111111,1.0,0.41388888888888886,0.5218750344513529,2.9171375719994717,rugby_championship,2025,south
gbdt_v3,rugby_championship_2025,offload,stable,bench,192,12,0.22170798799923186,0.4512994199968708,0.5128097938353728,0.8800522638648186,-0.10022058132445646,1.167916881780498,0.08854166666666667,1.0,0.10416666666666667,0.17500153579382582,0.9372111477872981,rugby_championship,2025,south
gbdt_v3,rugby_championship_2025,offload,stable,zero_minute,3,3,0.13045627143274338,0.26091254286548676,0.34249370741704177,0.7618024425417642,0.0,0.0,0.0,1.0,0.0,0.13045627143274338,0.13045627143274338,rugby_championship,2025,south
gbdt_v3,rugby_championship_2025,offload,stable,low_history,14,6,0.16770874435943656,0.3354174887188731,0.27636096813033667,1.2136934205581607,0.0,0.0,0.0,1.0,0.0,0.16770874435943656,0.39132040350535197,rugby_championship,2025,south
gbdt_v3,rugby_championship_2025,offload,stable,south,552,12,0.4448041976617064,0.8056353069191652,0.7933241211984301,1.0155184815282525,0.03433801940216548,0.677481454416785,0.23369565217391305,1.0,0.3061594202898551,0.4012233827443869,3.1159057019908913,rugby_championship,2025,south
gbdt_v3,rugby_championship_2025,offload,stable,position:Back-row,96,12,0.5378074795206133,0.9834124618471242,0.9923654587897192,0.9909781251823154,0.20438610933519055,0.4029979229887864,0.3020833333333333,1.0,0.3958333333333333,0.4750575947843534,0.9450627034088965,rugby_championship,2025,south
gbdt_v3,rugby_championship_2025,offload,stable,position:Back-three,96,12,0.5899134095792623,0.9987205283670532,0.9802113719644877,1.018882821534166,0.08233472177026299,0.7143372716688534,0.3645833333333333,1.0,0.5,0.5846891864594669,1.376162790457385,rugby_championship,2025,south
gbdt_v3,rugby_championship_2025,offload,stable,position:Centre,48,12,0.6627830126190393,1.0713279791864732,0.9820052399281421,1.0909595342534701,0.4438035276159322,0.08275309680386939,0.3958333333333333,1.0,0.5,0.6790860348979727,0.8925530289404735,rugby_championship,2025,south
gbdt_v3,rugby_championship_2025,offload,stable,position:Fly-half,48,12,0.5254576607433107,1.030223004304137,0.9021934960660993,1.1419091456503445,0.17561335335296188,0.43399189214420875,0.2708333333333333,1.0,0.375,0.4594248193484342,0.8324417308706981,rugby_championship,2025,south
gbdt_v3,rugby_championship_2025,offload,stable,position:Hooker,48,12,0.2820431588764589,0.5509157709713436,0.513607116077471,1.0726404555661277,-0.16317729801581055,1.3277715566984107,0.10416666666666667,1.0,0.125,0.21703831247325575,0.4893140831712543,rugby_championship,2025,south
gbdt_v3,rugby_championship_2025,offload,stable,position:Prop,96,12,0.15842070029715052,0.3351473553163056,0.39274247208400065,0.8533514430917558,-0.1742642156105435,2.226450668622421,0.07291666666666667,1.0,0.07291666666666667,0.11102014778982251,0.4562529588367934,rugby_championship,2025,south
gbdt_v3,rugby_championship_2025,offload,stable,position:Scrum-half,48,12,0.4665054825076073,0.8178299199300243,0.8301760444589575,0.9851283054825083,-0.06627856067732477,0.8800374297959327,0.20833333333333334,1.0,0.2916666666666667,0.40673863999965726,0.7539230701791005,rugby_championship,2025,south
gbdt_v3,rugby_championship_2025,offload,stable,position:Second-row,72,12,0.4041171863794368,0.7732991094116382,0.7764045943832405,0.996000171825272,0.06788367664479762,0.3720571872172883,0.1527777777777778,1.0,0.19444444444444445,0.34016482451589625,0.7462777605291732,rugby_championship,2025,south
gbdt_v3,rugby_championship_2025,runs,stable,all,552,12,2.24783224012692,1.6844104022868336,1.757990560172269,0.9581453054684065,0.2712557805159021,0.839543358911762,0.9420289855072463,1.0,5.007246376811594,5.641150687481598,24.08523263421931,rugby_championship,2025,south
gbdt_v3,rugby_championship_2025,runs,stable,starter,360,12,2.6347971839022817,1.7076590283423805,1.7199773236670302,0.9928381059708469,-0.3480462835083573,0.9144971452930315,0.9888888888888889,1.0,6.2972222222222225,7.266582011692609,22.409747247296085,rugby_championship,2025,south
gbdt_v3,rugby_championship_2025,runs,stable,bench,192,12,1.5222729705481168,1.6408192284326837,1.8292653786195918,0.8969826071222569,0.17758756333991624,0.9296259198766843,0.8541666666666666,1.0,2.5885416666666665,2.5934669545859523,6.028787598640785,rugby_championship,2025,south
gbdt_v3,rugby_championship_2025,runs,stable,zero_minute,3,3,1.8487579118660837,3.6975158237321675,4.304783234496572,0.8589319420550516,0.0,0.0,0.0,1.0,0.0,1.8487579118660837,1.8487579118660837,rugby_championship,2025,south
gbdt_v3,rugby_championship_2025,runs,stable,low_history,14,6,0.9265245155271271,0.8331568019964527,0.7739936610176492,1.0764387926653245,-0.23418280434541663,1.3097427189553366,0.8571428571428571,1.0,2.2142857142857144,1.8694270891492744,0.9554034495304888,rugby_championship,2025,south
gbdt_v3,rugby_championship_2025,runs,stable,south,552,12,2.24783224012692,1.6844104022868336,1.757990560172269,0.9581453054684065,0.2712557805159021,0.839543358911762,0.9420289855072463,1.0,5.007246376811594,5.641150687481598,24.08523263421931,rugby_championship,2025,south
gbdt_v3,rugby_championship_2025,runs,stable,position:Back-row,96,12,2.528900418962649,1.5861057230946762,1.9820975765734563,0.8002157622515489,0.3691973023836549,0.8595025798467464,0.9791666666666666,1.0,7.020833333333333,7.73893666745677,5.826932076453178,rugby_championship,2025,south
gbdt_v3,rugby_championship_2025,runs,stable,position:Back-three,96,12,2.5369735505956412,1.7441569789634697,1.7000161030793495,1.0259649751576851,0.8249335948158669,0.7879235603449036,0.9479166666666666,1.0,6.0,6.567980278339196,6.152597167659103,rugby_championship,2025,south
gbdt_v3,rugby_championship_2025,runs,stable,position:Centre,48,12,2.743668829125816,1.4727610157633333,1.58157318760394,0.9312000401287432,-0.4421812940891908,0.95726760445263,1.0,1.0,7.5625,8.362010013559692,4.432805863328778,rugby_championship,2025,south
gbdt_v3,rugby_championship_2025,runs,stable,position:Fly-half,48,12,2.2303430742543497,1.8719694293930775,2.075097130091829,0.9021117143129767,-0.0032605572783892915,0.9548560645447447,0.9166666666666666,1.0,4.541666666666667,4.75980348526349,2.85617105478905,rugby_championship,2025,south
gbdt_v3,rugby_championship_2025,runs,stable,position:Hooker,48,12,2.646816058024433,2.771661198254872,2.634569721079778,1.0520356231524999,-0.4090113441539253,0.8335216498107123,0.8333333333333334,1.0,3.375,4.539787712788571,3.228031188487037,rugby_championship,2025,south
gbdt_v3,rugby_championship_2025,runs,stable,position:Prop,96,12,1.685340782624323,1.4584646845881197,1.4683554531975307,0.9932640502080933,2.080246632121227,0.3158660484822684,0.9375,1.0,3.1770833333333335,3.4724741911401704,4.153569876309975,rugby_championship,2025,south
gbdt_v3,rugby_championship_2025,runs,stable,position:Scrum-half,48,12,1.44541578946365,1.190259764141914,1.4689465673481203,0.8102811842167154,0.40488233030565596,0.7781644560508036,0.8958333333333334,1.0,3.0,3.3349218786792236,2.0601163454674514,rugby_championship,2025,south
gbdt_v3,rugby_championship_2025,runs,stable,position:Second-row,72,12,2.1875983374840677,1.6577422969685707,1.4371777134378352,1.1534706400387527,1.2195975534691106,0.5865568049934946,0.9722222222222222,1.0,4.472222222222222,5.545285027916751,4.861317843167924,rugby_championship,2025,south
gbdt_v3,rugby_championship_2025,tackles,stable,all,552,12,2.420567984900923,1.795512347773156,2.054703673848875,0.8738546441637489,0.016325703348602075,1.0567318477041883,0.9547101449275363,1.0,6.144927536231884,5.7995808929181285,25.28204602698843,rugby_championship,2025,south
gbdt_v3,rugby_championship_2025,tackles,stable,starter,360,12,2.683849580855716,1.7163134713484898,2.0802920946182346,0.8250348476488633,-0.6041238540592138,1.1285661193694716,0.9777777777777777,1.0,7.488888888888889,7.1710576846571135,22.160202026566797,rugby_championship,2025,south
gbdt_v3,rugby_championship_2025,tackles,stable,bench,192,12,1.9269149924856876,1.9440102410694056,2.0067253849063267,0.9687475205583007,0.5705306076498305,0.9462239198061116,0.9114583333333334,1.0,3.625,3.2280619084075326,8.110235532356556,rugby_championship,2025,south
gbdt_v3,rugby_championship_2025,tackles,stable,zero_minute,3,3,1.6475881076521184,3.2951762153042368,3.5226075476137564,0.9354366533213206,0.0,0.0,0.0,1.0,0.0,1.6475881076521184,1.6475881076521184,rugby_championship,2025,south
gbdt_v3,rugby_championship_2025,tackles,stable,low_history,14,6,1.6986913141944,1.5738257369015403,1.0099163781902567,1.5583723275404189,2.736210969632673,0.24997392154211936,1.0,1.0,3.4285714285714284,2.769730756982568,3.2244339119400607,rugby_championship,2025,south
gbdt_v3,rugby_championship_2025,tackles,stable,south,552,12,2.420567984900923,1.795512347773156,2.054703673848875,0.8738546441637489,0.016325703348602075,1.0567318477041883,0.9547101449275363,1.0,6.144927536231884,5.7995808929181285,25.28204602698843,rugby_championship,2025,south
gbdt_v3,rugby_championship_2025,tackles,stable,position:Back-row,96,12,3.4332419749585896,2.1168809915845226,2.500950955136806,0.8464304296877848,-0.5893860542731011,1.134079688471765,0.9791666666666666,1.0,9.229166666666666,8.657727336754268,9.11110923352926,rugby_championship,2025,south
gbdt_v3,rugby_championship_2025,tackles,stable,position:Back-three,96,12,1.7097614325519652,1.518979600891446,1.9322540092024214,0.786117970855414,-0.6699971240442352,1.273931741487461,0.9166666666666666,1.0,3.5729166666666665,3.3305660362593783,3.6566436938497624,rugby_championship,2025,south
gbdt_v3,rugby_championship_2025,tackles,stable,position:Centre,48,12,2.584132775829263,1.5412263676227864,1.8690323898285202,0.8246119093549742,-1.8629195295058119,1.424539126949563,1.0,1.0,7.916666666666667,6.865087810619843,3.665952630273198,rugby_championship,2025,south
gbdt_v3,rugby_championship_2025,tackles,stable,position:Fly-half,48,12,1.5801544912387433,1.6338587708643573,1.7957935896203203,0.909825483456481,1.1547497498345618,0.567488751908912,0.8958333333333334,1.0,3.1041666666666665,3.4351639751002643,2.2512331780906485,rugby_championship,2025,south
gbdt_v3,rugby_championship_2025,tackles,stable,position:Hooker,48,12,2.32112977154559,1.7329708299485196,1.8106312857520488,0.9571086303353734,-3.693015588061579,1.5688687478338683,0.9375,1.0,6.354166666666667,6.404093566527064,2.614599431569714,rugby_championship,2025,south
gbdt_v3,rugby_championship_2025,tackles,stable,position:Prop,96,12,2.3399537620154205,1.7203795243992488,1.891087470019366,0.9097302751319223,1.7182937657840922,0.6909414387561283,0.9791666666666666,1.0,5.572916666666667,5.578798266640199,4.4406849737890015,rugby_championship,2025,south
gbdt_v3,rugby_championship_2025,tackles,stable,position:Scrum-half,48,12,2.1407830076495418,2.000754918752992,1.9099685336134364,1.0475329218999219,1.569351151179953,0.7620469081006024,0.9166666666666666,1.0,4.229166666666667,3.4903566791134804,2.622628459912621,rugby_championship,2025,south
gbdt_v3,rugby_championship_2025,tackles,stable,position:Second-row,72,12,2.829611627363686,2.01806725230147,2.3967210544870357,0.8420117345417956,1.177680709482833,0.9278290748961293,0.9861111111111112,1.0,8.208333333333334,7.577529971926757,5.115335228276627,rugby_championship,2025,south
gbdt_v3,rugby_championship_2025,missed_tackles,stable,all,552,12,0.861379144607529,1.3024028426716658,1.3399557423575517,0.9719745223675714,0.1685666792535577,1.0968671736398827,0.6177536231884058,1.0,1.1177536231884058,0.8653617928823888,8.615658193608398,rugby_championship,2025,south
gbdt_v3,rugby_championship_2025,missed_tackles,stable,starter,360,12,0.9568165403944835,1.2866894379557692,1.3337222514913836,0.9647356760502258,0.0913438576701249,1.15900087270704,0.7222222222222222,1.0,1.3805555555555555,1.1123474781121276,6.437333090638269,rugby_championship,2025,south
gbdt_v3,rugby_championship_2025,missed_tackles,stable,bench,192,12,0.682434027506989,1.331865476513972,1.351643537731617,0.9853673985296172,0.016636378678955347,1.5123505365575896,0.421875,1.0,0.625,0.40226363307662877,2.5329978818914882,rugby_championship,2025,south
gbdt_v3,rugby_championship_2025,missed_tackles,stable,zero_minute,3,3,0.31611733014903537,0.6322346602980707,0.7745824673315816,0.816226401917028,0.0,0.0,0.0,1.0,0.0,0.31611733014903537,0.31611733014903537,rugby_championship,2025,south
gbdt_v3,rugby_championship_2025,missed_tackles,stable,low_history,14,6,0.5017822498475574,0.7640097441920692,0.8680032562839105,0.8801922558020605,-0.4267043347742863,1.833751860449455,0.2857142857142857,1.0,0.42857142857142855,0.46640757770578917,0.6391402161747213,rugby_championship,2025,south
gbdt_v3,rugby_championship_2025,missed_tackles,stable,south,552,12,0.861379144607529,1.3024028426716658,1.3399557423575517,0.9719745223675714,0.1685666792535577,1.0968671736398827,0.6177536231884058,1.0,1.1177536231884058,0.8653617928823888,8.615658193608398,rugby_championship,2025,south
gbdt_v3,rugby_championship_2025,missed_tackles,stable,position:Back-row,96,12,0.816795252082151,1.0821705529433714,1.1432376505386523,0.9465840741279747,-0.42644179340983335,1.7997041220704924,0.6770833333333334,1.0,1.2395833333333333,0.9257216818653875,1.9944021373808425,rugby_championship,2025,south
gbdt_v3,rugby_championship_2025,missed_tackles,stable,position:Back-three,96,12,0.9230205663113402,1.4346892317036752,1.4836297501555153,0.9670129839020078,0.15555867085639485,0.9809648940554176,0.5729166666666666,1.0,1.0729166666666667,0.9351588434707506,2.190003729263944,rugby_championship,2025,south
gbdt_v3,rugby_championship_2025,missed_tackles,stable,position:Centre,48,12,0.8701631923236902,0.8698246002120196,0.8777964444367218,0.9909183452778535,0.4051632115867501,0.7639318723163634,0.8541666666666666,1.0,1.5,1.4331602438494029,1.486596002819632,rugby_championship,2025,south
gbdt_v3,rugby_championship_2025,missed_tackles,stable,position:Fly-half,48,12,0.9180513711818202,1.4332092030601629,1.3911029450914245,1.0302682544935386,-0.09246942468600995,1.4046455914608884,0.5416666666666666,1.0,1.1458333333333333,0.8815766521798983,1.4384801492875745,rugby_championship,2025,south
gbdt_v3,rugby_championship_2025,missed_tackles,stable,position:Hooker,48,12,0.7141853086390926,1.1500142043720232,1.0870364767890475,1.0579352477379629,-0.4363264347010366,1.91259719662352,0.5208333333333334,1.0,0.8333333333333334,0.6638406509618519,1.0665230348806962,rugby_championship,2025,south
gbdt_v3,rugby_championship_2025,missed_tackles,stable,position:Prop,96,12,0.7088613944721036,1.2313929318580776,1.1484903473606123,1.0721839627890533,0.6698732973389038,0.048585864744201485,0.4895833333333333,1.0,0.6979166666666666,0.5771919358728582,1.5133882291744263,rugby_championship,2025,south
gbdt_v3,rugby_championship_2025,missed_tackles,stable,position:Scrum-half,48,12,1.0377263129741914,1.8008157516956533,1.9249871955366535,0.9354949247824044,0.43147901106336406,0.9012506675037516,0.5625,1.0,1.1666666666666667,0.8157415934454691,1.322323777567487,rugby_championship,2025,south
gbdt_v3,rugby_championship_2025,missed_tackles,stable,position:Second-row,72,12,0.9789197014243991,1.4848423322493665,1.7185683194322918,0.8639995951629471,0.5580416749501999,1.0540439575768414,0.7638888888888888,1.0,1.4583333333333333,0.8541310368619048,2.2897540265571235,rugby_championship,2025,south
gbdt_v3,rugby_championship_2025,rucks_won,stable,all,552,12,1.7724932212916251,1.4483940394309982,1.745111993968041,0.8299719699580056,0.3573228709357156,0.865196630449756,0.9057971014492754,1.0,3.802536231884058,3.982000437469824,17.057174770908315,rugby_championship,2025,south
gbdt_v3,rugby_championship_2025,rucks_won,stable,starter,360,12,2.034547624217089,1.4358995861241295,1.7518298973739774,0.8196569702780887,0.25436029414673506,0.8798811089326005,0.9666666666666667,1.0,4.716666666666667,5.071487871734443,15.521520673107327,rugby_championship,2025,south
gbdt_v3,rugby_championship_2025,rucks_won,stable,bench,192,12,1.2811412158063804,1.4718211393813772,1.7325159250819109,0.84952820235219,0.15724083376752732,0.9959206794453463,0.7916666666666666,1.0,2.0885416666666665,1.9392114982236643,4.930814806559579,rugby_championship,2025,south
gbdt_v3,rugby_championship_2025,rucks_won,stable,zero_minute,3,3,1.1638110120985736,2.3276220241971473,2.2172680386167793,1.0497702504426172,0.0,0.0,0.0,1.0,0.0,1.1638110120985736,1.1638110120985736,rugby_championship,2025,south
gbdt_v3,rugby_championship_2025,rucks_won,stable,low_history,14,6,0.8603625238035352,0.9247724886652218,0.6790512695608274,1.3618595975283474,0.15799510880081957,1.3858378933025153,0.7857142857142857,1.0,1.7142857142857142,1.1229961404621314,1.4011286985853235,rugby_championship,2025,south
gbdt_v3,rugby_championship_2025,rucks_won,stable,south,552,12,1.7724932212916251,1.4483940394309982,1.745111993968041,0.8299719699580056,0.3573228709357156,0.865196630449756,0.9057971014492754,1.0,3.802536231884058,3.982000437469824,17.057174770908315,rugby_championship,2025,south
gbdt_v3,rugby_championship_2025,rucks_won,stable,position:Back-row,96,12,2.300250411789227,1.5521210225208526,2.391899920965533,0.6489071758045425,0.5930903423706352,0.868031819146096,0.96875,1.0,6.020833333333333,6.252930907880888,5.304093485594899,rugby_championship,2025,south
gbdt_v3,rugby_championship_2025,rucks_won,stable,position:Back-three,96,12,1.704022157995217,1.4766573400345429,1.573755044018409,0.9383018949785616,0.216672548874159,0.937127781667453,0.8854166666666666,1.0,3.6770833333333335,3.692570908848724,3.7475853750550896,rugby_championship,2025,south
gbdt_v3,rugby_championship_2025,rucks_won,stable,position:Centre,48,12,2.1707575818743323,1.2811305518090281,1.8645296992307567,0.6871065407741053,0.5257895396275293,0.9138856861568924,1.0,1.0,5.5,5.442924137799136,3.077328443440743,rugby_championship,2025,south
gbdt_v3,rugby_championship_2025,rucks_won,stable,position:Fly-half,48,12,1.325902872271778,1.2606362035481251,1.6343071183587246,0.771358203967279,-0.16766584866226497,1.1762024765450678,0.8333333333333334,1.0,2.4791666666666665,2.2503204746717045,1.5439118723858567,rugby_championship,2025,south
gbdt_v3,rugby_championship_2025,rucks_won,stable,position:Hooker,48,12,2.1686361678084136,2.2834082087371352,2.0902961386058627,1.092385029357644,0.3832723438070542,0.6451374487529489,0.8541666666666666,1.0,2.8333333333333335,3.7977348769045247,2.937927129073195,rugby_championship,2025,south
gbdt_v3,rugby_championship_2025,rucks_won,stable,position:Prop,96,12,1.5737696427508474,1.4493161011561473,1.53090861018669,0.9467032137074514,2.143589829378527,0.26581348439910435,0.9270833333333334,1.0,2.9479166666666665,3.025906827512513,3.5386352639113485,rugby_championship,2025,south
gbdt_v3,rugby_championship_2025,rucks_won,stable,position:Scrum-half,48,12,0.9460848475633266,1.0008207892498155,1.3212136919690882,0.7575010729401609,0.4536423453582135,0.7568053636599085,0.7291666666666666,1.0,1.5625,1.4651820770394053,1.3437181342731748,rugby_championship,2025,south
gbdt_v3,rugby_championship_2025,rucks_won,stable,position:Second-row,72,12,1.744137433510171,1.2495645151261954,1.4435427547511843,0.8656234884719961,0.4459883555276013,0.782346531477037,0.9583333333333334,1.0,4.041666666666667,4.596017450669306,3.836788915435465,rugby_championship,2025,south
gbdt_v3,rugby_championship_2025,rucks_lost,stable,all,552,12,0.24959949148427985,0.5813975179356372,0.5827058333931949,0.9977547582629486,-0.005327311411475202,1.0412659992147462,0.1322463768115942,1.0,0.14855072463768115,0.14777975672421959,1.3275943309535536,rugby_championship,2025,south
gbdt_v3,rugby_championship_2025,rucks_lost,stable,starter,360,12,0.3192485356648184,0.7090097252388884,0.7152340782906422,0.991297460173277,0.030849738922051274,0.8770398641423444,0.17222222222222222,1.0,0.19722222222222222,0.18969774362863903,1.195447442037424,rugby_championship,2025,south
gbdt_v3,rugby_championship_2025,rucks_lost,stable,bench,192,12,0.11900753364576981,0.3421246292420414,0.33421537421048114,1.0236651442209812,0.12522814569156518,-0.9819747238903466,0.057291666666666664,1.0,0.057291666666666664,0.06918353127843313,0.6093168524559941,rugby_championship,2025,south
gbdt_v3,rugby_championship_2025,rucks_lost,stable,zero_minute,3,3,0.05560955842364321,0.11121911684728641,0.12400709358919056,0.8968770545960215,0.0,0.0,0.0,1.0,0.0,0.05560955842364321,0.05560955842364321,rugby_championship,2025,south
gbdt_v3,rugby_championship_2025,rucks_lost,stable,low_history,14,6,0.3098635118789658,1.2656951344402654,1.0540390739154983,1.2008047573971963,0.3240386860539708,-0.7132583315016653,0.2857142857142857,1.0,0.2857142857142857,0.05373144434078795,0.6136159468880836,rugby_championship,2025,south
gbdt_v3,rugby_championship_2025,rucks_lost,stable,south,552,12,0.24959949148427985,0.5813975179356372,0.5827058333931949,0.9977547582629486,-0.005327311411475202,1.0412659992147462,0.1322463768115942,1.0,0.14855072463768115,0.14777975672421959,1.3275943309535536,rugby_championship,2025,south
gbdt_v3,rugby_championship_2025,rucks_lost,stable,position:Back-row,96,12,0.2885810218998655,0.6591484549820695,0.655092188055865,1.0061919024530614,0.021822673598918943,0.7339283259953359,0.125,1.0,0.15625,0.18316138189485187,0.6932669515303004,rugby_championship,2025,south
gbdt_v3,rugby_championship_2025,rucks_lost,stable,position:Back-three,96,12,0.3029560677646265,0.6617430455679298,0.680386962231038,0.9725980688960096,-0.10943415927610281,1.6097844544395754,0.15625,1.0,0.1875,0.18445584963701014,0.6379083219722972,rugby_championship,2025,south
gbdt_v3,rugby_championship_2025,rucks_lost,stable,position:Centre,48,12,0.36394618905769044,0.7135769693106235,0.7260517639771038,0.9828183122947778,-0.2800530919956214,2.6267729992179443,0.2708333333333333,1.0,0.2708333333333333,0.2097198446508197,0.5307130779736212,rugby_championship,2025,south
gbdt_v3,rugby_championship_2025,rucks_lost,stable,position:Fly-half,48,12,0.18076776258809021,0.39030687969370864,0.401993605923956,0.9709280793076641,-0.018606604737207544,0.8105835601446857,0.08333333333333333,1.0,0.08333333333333333,0.12576117143597768,0.333821287531912,rugby_championship,2025,south
gbdt_v3,rugby_championship_2025,rucks_lost,stable,position:Hooker,48,12,0.2556084319835968,0.6420167135745957,0.6515289245818565,0.9854001708161066,-0.23314862017241544,3.6242072253992346,0.16666666666666666,1.0,0.1875,0.11606638197297829,0.45214262795392496,rugby_championship,2025,south
gbdt_v3,rugby_championship_2025,rucks_lost,stable,position:Prop,96,12,0.18299651736008835,0.5083405726924294,0.49981790491792655,1.01705154555418,0.034191323405080944,0.7181768790289641,0.09375,1.0,0.10416666666666667,0.09743469235071772,0.5160726077105043,rugby_championship,2025,south
gbdt_v3,rugby_championship_2025,rucks_lost,stable,position:Scrum-half,48,12,0.21154952812017935,0.5734843682587444,0.5699397077679026,1.0062193604736263,0.05917300077172879,0.8733352518756337,0.14583333333333334,1.0,0.14583333333333334,0.0992291704422636,0.3952108735642308,rugby_championship,2025,south
gbdt_v3,rugby_championship_2025,rucks_lost,stable,position:Second-row,72,12,0.20630335084700002,0.4721482526248661,0.45400598090750804,1.0399604244884475,0.016470033660597298,0.45883354303478086,0.06944444444444445,1.0,0.08333333333333333,0.14572452404088443,0.49585546125211327,rugby_championship,2025,south
gbdt_v3,rugby_championship_2025,passes,stable,all,552,12,3.35513937760899,3.335843511998588,3.923787524227677,0.8501590596843506,0.4650501797621851,0.9249510109235474,0.8623188405797102,1.0,6.771739130434782,6.8184032194045425,32.453925316083854,rugby_championship,2025,south
gbdt_v3,rugby_championship_2025,passes,stable,starter,360,12,3.5191206556945556,2.8585308824833886,3.314185709546935,0.8625137916227885,0.2594884863895836,0.8947551830643116,0.9472222222222222,1.0,7.963888888888889,8.610623943092085,30.279742641072943,rugby_championship,2025,south
gbdt_v3,rugby_championship_2025,passes,stable,bench,192,12,3.0476744811985554,4.230804692339587,5.066790926754068,0.8350067633538535,-0.6087882922151356,1.4879301484730219,0.703125,1.0,4.536458333333333,3.4579893624904017,16.164386956872576,rugby_championship,2025,south
gbdt_v3,rugby_championship_2025,passes,stable,zero_minute,3,3,3.2896811328010287,6.579362265602057,9.623861125998353,0.683650998228586,0.0,0.0,0.0,1.0,0.0,3.2896811328010287,3.2896811328010287,rugby_championship,2025,south
gbdt_v3,rugby_championship_2025,passes,stable,low_history,14,6,4.63456109119303,3.234511152767699,2.8276463396080422,1.143888154420349,-2.6576913522429413,1.4392290401652181,0.7142857142857143,1.0,10.428571428571429,9.09255053616214,10.31752612641435,rugby_championship,2025,south
gbdt_v3,rugby_championship_2025,passes,stable,south,552,12,3.35513937760899,3.335843511998588,3.923787524227677,0.8501590596843506,0.4650501797621851,0.9249510109235474,0.8623188405797102,1.0,6.771739130434782,6.8184032194045425,32.453925316083854,rugby_championship,2025,south
gbdt_v3,rugby_championship_2025,passes,stable,position:Back-row,96,12,1.691705426913522,1.4040879640610096,1.8314834850887294,0.7666397079157862,-0.7289908704076656,1.1145200066451588,0.875,1.0,3.8541666666666665,4.112225451089206,4.134521858825532,rugby_championship,2025,south
gbdt_v3,rugby_championship_2025,passes,stable,position:Back-three,96,12,2.5102285147279173,2.434148763240037,3.7539883482018737,0.6484167071019206,-0.7372697788708161,1.0566812135167623,0.8854166666666666,1.0,4.197916666666667,4.67045915306149,7.042614756499188,rugby_championship,2025,south
gbdt_v3,rugby_championship_2025,passes,stable,position:Centre,48,12,2.9334794011131256,2.1540789267418394,2.7697933292073667,0.7777038467192328,-0.6352751832248328,1.020610288129046,1.0,1.0,6.208333333333333,6.705408123117863,5.004340878316989,rugby_championship,2025,south
gbdt_v3,rugby_championship_2025,passes,stable,position:Fly-half,48,12,5.894248665679136,5.862275406167329,6.164732432673376,0.9509375257062236,1.9104492051581274,0.8313755224158661,0.875,1.0,10.875,10.782793759421844,6.942205734908,rugby_championship,2025,south
gbdt_v3,rugby_championship_2025,passes,stable,position:Hooker,48,12,1.1272787766817889,1.2559833314347237,1.1231489869975788,1.118269567060947,-0.28370653894163955,1.0587493897982114,0.7708333333333334,1.0,1.8958333333333333,2.0585984684160015,1.9338770286208138,rugby_championship,2025,south
gbdt_v3,rugby_championship_2025,passes,stable,position:Prop,96,12,0.9827147783728809,1.431550849503371,1.5587702197233853,0.918384782689401,0.6409483147419229,0.5130575491589368,0.6875,1.0,1.3125,1.3089207757666983,2.333459345246643,rugby_championship,2025,south
gbdt_v3,rugby_championship_2025,passes,stable,position:Scrum-half,48,12,15.071269197788368,15.733732427976994,17.09861008055503,0.9201761051835313,12.351095286307444,0.6653844786562514,0.9583333333333334,1.0,34.354166666666664,33.068206557499785,11.330130926505703,rugby_championship,2025,south
gbdt_v3,rugby_championship_2025,passes,stable,position:Second-row,72,12,2.125686240808218,1.8777034280360263,2.452525062104642,0.7656204852090969,1.035088462480001,0.7588720950609863,0.9444444444444444,1.0,3.875,3.7422795699079803,3.5922623794921513,rugby_championship,2025,south
gbdt_v3,rugby_championship_2025,bad_passes,stable,all,552,12,0.5002277127727581,0.8980766203415693,0.95400981868341,0.9413704164816336,0.04506780873900522,0.9447869411987501,0.32608695652173914,1.0,0.46195652173913043,0.44125156140618904,2.420361868792916,rugby_championship,2025,south
gbdt_v3,rugby_championship_2025,bad_passes,stable,starter,360,12,0.5923216126655954,0.9775878850562274,1.0391423226437573,0.9407641896146384,0.03393120370175794,0.9555770339925618,0.3972222222222222,1.0,0.5805555555555556,0.5720358824132779,2.5072432704061636,rugby_championship,2025,south
gbdt_v3,rugby_championship_2025,bad_passes,stable,bench,192,12,0.32755165047368817,0.7489929990015852,0.7943863737577587,0.9428573094205468,0.053710633190321426,0.948180331311605,0.19270833333333334,1.0,0.23958333333333334,0.19603095951789748,1.3131176081117293,rugby_championship,2025,south
gbdt_v3,rugby_championship_2025,bad_passes,stable,zero_minute,3,3,0.22733919859271667,0.45467839718543335,0.5709554994923813,0.7963464711167046,0.0,0.0,0.0,1.0,0.0,0.22733919859271667,0.22733919859271667,rugby_championship,2025,south
gbdt_v3,rugby_championship_2025,bad_passes,stable,low_history,14,6,0.6173165280024488,1.2400653791058225,1.2355661225394345,1.003641453487848,-0.4122806165410196,2.8448340460065062,0.21428571428571427,1.0,0.5714285714285714,0.34578789906936513,1.2667162276007364,rugby_championship,2025,south
gbdt_v3,rugby_championship_2025,bad_passes,stable,south,552,12,0.5002277127727581,0.8980766203415693,0.95400981868341,0.9413704164816336,0.04506780873900522,0.9447869411987501,0.32608695652173914,1.0,0.46195652173913043,0.44125156140618904,2.420361868792916,rugby_championship,2025,south
gbdt_v3,rugby_championship_2025,bad_passes,stable,position:Back-row,96,12,0.4830221241817667,0.8933866386384718,0.9263151996379069,0.9644520990130501,-0.01878907482793923,1.091021455982336,0.28125,1.0,0.3645833333333333,0.35138851400139615,1.0644565283239455,rugby_championship,2025,south
gbdt_v3,rugby_championship_2025,bad_passes,stable,position:Back-three,96,12,0.5759125800017202,0.9640614325242364,1.1404328630812843,0.8453469412653386,-0.09000354268670573,1.1261741512157455,0.375,1.0,0.5,0.5239008034856559,1.097538714730245,rugby_championship,2025,south
gbdt_v3,rugby_championship_2025,bad_passes,stable,position:Centre,48,12,0.599048347360454,0.9321158442668752,0.9105146880579295,1.023724116142508,0.37819154533136723,0.32862028232536,0.5,1.0,0.6041666666666666,0.6876481260872574,0.5849516846743249,rugby_championship,2025,south
gbdt_v3,rugby_championship_2025,bad_passes,stable,position:Fly-half,48,12,0.8106520844206274,1.2316646093348018,1.202639982855106,1.0241340940709376,0.1328269189762374,1.085672000154953,0.5208333333333334,1.0,0.9583333333333334,0.7603644694155096,1.1464892996862823,rugby_championship,2025,south
gbdt_v3,rugby_championship_2025,bad_passes,stable,position:Hooker,48,12,0.25361295401691714,0.5372891642016134,0.5267213791067112,1.0200633304705127,-0.1269331469674503,1.4388455366851787,0.10416666666666667,1.0,0.125,0.17509394896401145,0.47435530450118674,rugby_championship,2025,south
gbdt_v3,rugby_championship_2025,bad_passes,stable,position:Prop,96,12,0.2337139061234402,0.6215758036142622,0.6295536853554391,0.987327718148973,0.14877087807512027,0.06613068753159722,0.15625,1.0,0.15625,0.11309608600857561,0.6620467262779276,rugby_championship,2025,south
gbdt_v3,rugby_championship_2025,bad_passes,stable,position:Scrum-half,48,12,0.7863853398825998,1.151975826590034,1.1745167763787798,0.9808083202879033,0.1137533464102778,0.8303584964509173,0.5416666666666666,1.0,0.9791666666666666,1.0422164931837288,1.1741755232734832,rugby_championship,2025,south
gbdt_v3,rugby_championship_2025,bad_passes,stable,position:Second-row,72,12,0.4784151670615103,1.0111919599871884,1.1760777282076185,0.8598002799766292,0.17610235238486924,0.786522870441362,0.3055555555555556,1.0,0.4027777777777778,0.28819940768627395,0.9564378172999529,rugby_championship,2025,south
gbdt_v3,rugby_championship_2025,turnovers_conceded,stable,all,552,12,0.5939136313845275,1.0125864749356495,1.0453804109342233,0.9686296627949371,-0.01137579929159768,1.0321730148584902,0.40217391304347827,1.0,0.6105072463768116,0.6024988414889616,2.121382282946303,rugby_championship,2025,south
gbdt_v3,rugby_championship_2025,turnovers_conceded,stable,starter,360,12,0.6703840570400966,1.0172413366785447,1.051959128098255,0.9669970149101956,-0.19546945370752672,1.2058176638802793,0.49444444444444446,1.0,0.7583333333333333,0.7910008416791274,2.078759292956295,rugby_championship,2025,south
gbdt_v3,rugby_championship_2025,turnovers_conceded,stable,bench,192,12,0.45053158328033566,1.0038586091677206,1.0330453162516646,0.9717469247236452,-0.18251172065218277,2.071187839086137,0.22916666666666666,1.0,0.3333333333333333,0.24905759113240103,1.4245971387650769,rugby_championship,2025,south
gbdt_v3,rugby_championship_2025,turnovers_conceded,stable,zero_minute,3,3,0.2675334862587373,0.5350669725174746,0.6889554094427233,0.7766351278818977,0.0,0.0,0.0,1.0,0.0,0.2675334862587373,0.2675334862587373,rugby_championship,2025,south
gbdt_v3,rugby_championship_2025,turnovers_conceded,stable,low_history,14,6,0.43032992059992065,0.9839331712398601,0.9185829588281343,1.0711424175505009,0.19205299101122825,0.9258531336489476,0.35714285714285715,1.0,0.42857142857142855,0.2554599957209626,0.8425474994400101,rugby_championship,2025,south
gbdt_v3,rugby_championship_2025,turnovers_conceded,stable,south,552,12,0.5939136313845275,1.0125864749356495,1.0453804109342233,0.9686296627949371,-0.01137579929159768,1.0321730148584902,0.40217391304347827,1.0,0.6105072463768116,0.6024988414889616,2.121382282946303,rugby_championship,2025,south
gbdt_v3,rugby_championship_2025,turnovers_conceded,stable,position:Back-row,96,12,0.5880240234516954,0.9583338427786924,0.9671119321320484,0.9909233987693604,0.023757938432557132,0.7582954203404602,0.3541666666666667,1.0,0.4583333333333333,0.5730951067931548,1.3547538615985173,rugby_championship,2025,south
gbdt_v3,rugby_championship_2025,turnovers_conceded,stable,position:Back-three,96,12,0.8463683647886668,1.260660744991421,1.3226310629622688,0.9531461798333586,0.06930295352214194,1.0846060418595789,0.6145833333333334,1.0,1.125,0.9733460867208917,1.3033964702061571,rugby_championship,2025,south
gbdt_v3,rugby_championship_2025,turnovers_conceded,stable,position:Centre,48,12,0.6209270585787072,0.887548991210488,1.0313431103719288,0.8605758668329253,-1.1588669322020198,2.4119775246196697,0.6875,1.0,0.9791666666666666,0.8864235164072763,0.9963930118430763,rugby_championship,2025,south
gbdt_v3,rugby_championship_2025,turnovers_conceded,stable,position:Fly-half,48,12,0.7553804207694627,1.2870570612683385,1.328377033763805,0.9688943941025606,0.3237619845013886,0.5670766423031006,0.4791666666666667,1.0,0.7916666666666666,0.8251171839223531,0.9756272273563503,rugby_championship,2025,south
gbdt_v3,rugby_championship_2025,turnovers_conceded,stable,position:Hooker,48,12,0.42134919370204904,0.7506690175099018,0.7239673745126834,1.0368823843963848,-0.2581429785059857,1.3793860945868264,0.1875,1.0,0.22916666666666666,0.3532800911108345,0.7429724769771638,rugby_championship,2025,south
gbdt_v3,rugby_championship_2025,turnovers_conceded,stable,position:Prop,96,12,0.3170264488172502,0.7170250375557868,0.7053530166105935,1.0165477720663627,0.24368669480066998,-0.4182450428129543,0.125,1.0,0.15625,0.20905614137732412,0.8335391884576177,rugby_championship,2025,south
gbdt_v3,rugby_championship_2025,turnovers_conceded,stable,position:Scrum-half,48,12,0.6330551751273727,1.1909260979258631,1.2421652456221133,0.9587501357996954,0.29044045423590725,0.6740941171759744,0.4791666666666667,1.0,0.7083333333333334,0.6199325412423585,1.039135962152164,rugby_championship,2025,south
gbdt_v3,rugby_championship_2025,turnovers_conceded,stable,position:Second-row,72,12,0.5976381590861674,1.1043360287957176,1.1372199587088117,0.9710839317747904,0.28895869829900883,0.5455681645718197,0.4027777777777778,1.0,0.5555555555555556,0.48865911643833015,1.2922609395355094,rugby_championship,2025,south
gbdt_v3,rugby_championship_2025,penalties_conceded,stable,all,552,12,0.5305386377432598,0.9487364765558376,0.949525980713103,0.9991685281147626,0.0682272438958197,0.8904508780653831,0.33695652173913043,1.0,0.4420289855072464,0.4197892896950791,2.254255103621562,rugby_championship,2025,south
gbdt_v3,rugby_championship_2025,penalties_conceded,stable,starter,360,12,0.6164303086797922,1.0694932705454856,1.0651899012489088,1.0040400019672842,0.16756690696541315,0.719975080315618,0.39444444444444443,1.0,0.5361111111111111,0.5118846668750504,2.3504280566211175,rugby_championship,2025,south
gbdt_v3,rugby_championship_2025,penalties_conceded,stable,bench,192,12,0.3694917547372614,0.7223174878252477,0.7326561297084672,0.9858888208751719,-0.03284134572443677,1.2078256370247422,0.22916666666666666,1.0,0.265625,0.24711045748263308,0.9857620338153664,rugby_championship,2025,south
gbdt_v3,rugby_championship_2025,penalties_conceded,stable,zero_minute,3,3,0.10256611942579513,0.20513223885159027,0.22930564451590318,0.8945799798546328,0.0,0.0,0.0,1.0,0.0,0.10256611942579513,0.10256611942579513,rugby_championship,2025,south
gbdt_v3,rugby_championship_2025,penalties_conceded,stable,low_history,14,6,0.4935357553211759,0.8488987183119885,0.7477029600910338,1.135342192852405,-0.18039108209561622,2.4070262104132447,0.42857142857142855,1.0,0.5714285714285714,0.3123437751827029,0.7564973277016027,rugby_championship,2025,south
gbdt_v3,rugby_championship_2025,penalties_conceded,stable,south,552,12,0.5305386377432598,0.9487364765558376,0.949525980713103,0.9991685281147626,0.0682272438958197,0.8904508780653831,0.33695652173913043,1.0,0.4420289855072464,0.4197892896950791,2.254255103621562,rugby_championship,2025,south
gbdt_v3,rugby_championship_2025,penalties_conceded,stable,position:Back-row,96,12,0.6248799136444286,1.0344568043840756,1.0248392264718815,1.0093844748168974,0.058589201989732116,1.017700277421854,0.4270833333333333,1.0,0.5833333333333334,0.5156175575317113,1.2268709291146453,rugby_championship,2025,south
gbdt_v3,rugby_championship_2025,penalties_conceded,stable,position:Back-three,96,12,0.4670158237554766,0.8984338804360231,0.8691123488578653,1.033737331677188,0.0461566293611915,1.0466543423825607,0.28125,1.0,0.3541666666666667,0.29428057079888853,1.0893075095484486,rugby_championship,2025,south
gbdt_v3,rugby_championship_2025,penalties_conceded,stable,position:Centre,48,12,0.6609182932239396,1.193831641351903,1.1161761656937008,1.0695727771699366,0.8581290112886785,-0.5300889574293327,0.4791666666666667,1.0,0.6458333333333334,0.40049066289717405,0.8876200063169429,rugby_championship,2025,south
gbdt_v3,rugby_championship_2025,penalties_conceded,stable,position:Fly-half,48,12,0.39602376186918037,0.9131659266129288,0.9624843988493152,0.9487591982837869,0.16252312479357753,0.6408034243122525,0.22916666666666666,1.0,0.2916666666666667,0.2015337886368093,0.6562995041673537,rugby_championship,2025,south
gbdt_v3,rugby_championship_2025,penalties_conceded,stable,position:Hooker,48,12,0.46742392532630644,0.8673014434994757,0.8476651316835883,1.0231651758246643,0.010190337750815626,0.7764050853658812,0.22916666666666666,1.0,0.2916666666666667,0.3625379769160129,0.7103012635815421,rugby_championship,2025,south
gbdt_v3,rugby_championship_2025,penalties_conceded,stable,position:Prop,96,12,0.6602225596982889,1.0724210935846357,1.0796742932915264,0.9932820483436922,0.13779071082786382,0.8849759037895589,0.4895833333333333,1.0,0.6770833333333334,0.6093867869126856,1.487039381627542,rugby_championship,2025,south
gbdt_v3,rugby_championship_2025,penalties_conceded,stable,position:Scrum-half,48,12,0.27253327918009423,0.5494032191695969,0.5673716050420011,0.9683304809181029,0.08008947364809432,0.11184598280749211,0.10416666666666667,1.0,0.10416666666666667,0.21527096829229642,0.4708221220581404,rugby_championship,2025,south
gbdt_v3,rugby_championship_2025,penalties_conceded,stable,position:Second-row,72,12,0.5333723201677188,0.9174291286325066,0.9857331597930218,0.930707382132851,-0.032997297733700186,0.7048293183664252,0.2916666666666667,1.0,0.3472222222222222,0.5394490695096978,0.9290183622280299,rugby_championship,2025,south
gbdt_v3,rugby_championship_2025,yellow_cards,stable,all,552,12,0.05393585196301508,0.13620474383275102,0.13613563810458357,1.000507624080877,0.011873065611866058,0.761104470984579,0.030797101449275364,1.0,0.030797101449275364,0.024863913639777753,0.6766235241141111,rugby_championship,2025,south
gbdt_v3,rugby_championship_2025,yellow_cards,stable,starter,360,12,0.06919153432017851,0.1772651879613595,0.176740238560106,1.0029701747917183,0.044881811392213825,-0.10716355510799463,0.041666666666666664,1.0,0.041666666666666664,0.03000222157903469,0.6302581963992399,rugby_championship,2025,south
gbdt_v3,rugby_championship_2025,yellow_cards,stable,bench,192,12,0.02533144754333363,0.0592164110916101,0.06000201225047899,0.9869070864558777,0.011210586841263354,-0.05213012102711093,0.010416666666666666,1.0,0.010416666666666666,0.01522958625367099,0.1853367165185342,rugby_championship,2025,south
gbdt_v3,rugby_championship_2025,yellow_cards,stable,zero_minute,3,3,0.012087489831947974,0.012171576231582486,0.011384192178935647,1.069164683823921,0.0,0.0,0.0,1.0,0.0,0.012087489831947974,0.012087489831947974,rugby_championship,2025,south
gbdt_v3,rugby_championship_2025,yellow_cards,stable,low_history,14,6,0.016425019319012076,0.01657089242442757,0.01617722014844019,1.024334976737356,0.0,0.0,0.0,1.0,0.0,0.016425019319012076,0.038325045077694846,rugby_championship,2025,south
gbdt_v3,rugby_championship_2025,yellow_cards,stable,south,552,12,0.05393585196301508,0.13620474383275102,0.13613563810458357,1.000507624080877,0.011873065611866058,0.761104470984579,0.030797101449275364,1.0,0.030797101449275364,0.024863913639777753,0.6766235241141111,rugby_championship,2025,south
gbdt_v3,rugby_championship_2025,yellow_cards,stable,position:Back-row,96,12,0.05806853030612125,0.14030515073548927,0.14393024497417758,0.9748135338799799,0.0023988451549169128,0.9984606430988607,0.03125,1.0,0.03125,0.028895635541066046,0.2124546950275985,rugby_championship,2025,south
gbdt_v3,rugby_championship_2025,yellow_cards,stable,position:Back-three,96,12,0.08444076483466749,0.24622052233339362,0.23454862257424156,1.049763241544757,0.0069909707423208125,2.1721144453724603,0.0625,1.0,0.0625,0.025555296764375082,0.30781103680932304,rugby_championship,2025,south
gbdt_v3,rugby_championship_2025,yellow_cards,stable,position:Centre,48,12,0.08630751646644952,0.2426235660148628,0.2727395045816366,0.8895798442804626,-0.13493194399588448,7.096504886829921,0.0625,1.0,0.0625,0.027821011490077246,0.16568852798686304,rugby_championship,2025,south
gbdt_v3,rugby_championship_2025,yellow_cards,stable,position:Fly-half,48,12,0.05889703903505106,0.17989618586669912,0.19070851629465402,0.9433044174532336,0.017247456616178148,1.2878756261170583,0.041666666666666664,1.0,0.041666666666666664,0.01896084494130258,0.11367269994124533,rugby_championship,2025,south
gbdt_v3,rugby_championship_2025,yellow_cards,stable,position:Hooker,48,12,0.04157782813877243,0.10474105398054974,0.09462245359491062,1.1069365673919003,0.04818664709656768,-1.271845510939724,0.020833333333333332,1.0,0.020833333333333332,0.021506789565207407,0.08146198501834427,rugby_championship,2025,south
gbdt_v3,rugby_championship_2025,yellow_cards,stable,position:Prop,96,12,0.040699486993930736,0.09887377075194076,0.09869628138038743,1.0017983389958662,0.0034072760404168403,0.8361401089252929,0.020833333333333332,1.0,0.020833333333333332,0.020841073292506618,0.1544777384324059,rugby_championship,2025,south
gbdt_v3,rugby_championship_2025,yellow_cards,stable,position:Scrum-half,48,12,0.019089804825228648,0.019317174794186726,0.015658355245452716,1.2336656367402672,0.0,0.0,0.0,1.0,0.0,0.019089804825228648,0.038179609650457295,rugby_championship,2025,south
gbdt_v3,rugby_championship_2025,yellow_cards,stable,position:Second-row,72,12,0.03198169655982186,0.03265179051912745,0.024987140418962675,1.3067437878705037,0.0,0.0,0.0,1.0,0.0,0.03198169655982186,0.09594508967946556,rugby_championship,2025,south
gbdt_v3,rugby_championship_2025,red_cards,stable,all,552,12,0.0018532754050553134,0.0018574424570962837,0.0035481496850074015,0.5234960816182165,0.0,0.0,0.0,1.0,0.0,0.0018532754050553134,0.04262533431627221,rugby_championship,2025,south
gbdt_v3,rugby_championship_2025,red_cards,stable,starter,360,12,0.0022506207905184346,0.0022565666111784843,0.00465338098734427,0.4849305520686216,0.0,0.0,0.0,1.0,0.0,0.0022506207905184346,0.033759311857776524,rugby_championship,2025,south
gbdt_v3,rugby_championship_2025,red_cards,stable,bench,192,12,0.0011082528073119607,0.0011090846681921578,0.001475840993125774,0.7514933338741049,0.0,0.0,0.0,1.0,0.0,0.0011082528073119607,0.008866022458495685,rugby_championship,2025,south
gbdt_v3,rugby_championship_2025,red_cards,stable,zero_minute,3,3,0.0005351299349290638,0.0005353273065050718,1.0000000494736474e-07,5353.272800204787,0.0,0.0,0.0,1.0,0.0,0.0005351299349290638,0.0005351299349290638,rugby_championship,2025,south
gbdt_v3,rugby_championship_2025,red_cards,stable,low_history,14,6,0.0009648653693046601,0.0009653630525803175,0.0017428247662031322,0.5539071232522301,0.0,0.0,0.0,1.0,0.0,0.0009648653693046601,0.00225135252837754,rugby_championship,2025,south
gbdt_v3,rugby_championship_2025,red_cards,stable,south,552,12,0.0018532754050553134,0.0018574424570962837,0.0035481496850074015,0.5234960816182165,0.0,0.0,0.0,1.0,0.0,0.0018532754050553134,0.04262533431627221,rugby_championship,2025,south
gbdt_v3,rugby_championship_2025,red_cards,stable,position:Back-row,96,12,0.002647846762776892,0.00265890756992156,0.005195321371467888,0.511788853818356,0.0,0.0,0.0,1.0,0.0,0.002647846762776892,0.01059138705110757,rugby_championship,2025,south
gbdt_v3,rugby_championship_2025,red_cards,stable,position:Back-three,96,12,0.0015713163483098613,0.0015738825542504227,0.0033391351408138883,0.471344371485007,0.0,0.0,0.0,1.0,0.0,0.0015713163483098613,0.0062852653932394436,rugby_championship,2025,south
gbdt_v3,rugby_championship_2025,red_cards,stable,position:Centre,48,12,0.003273663519312566,0.003281713838626575,0.004451045924259424,0.7372904918235808,0.0,0.0,0.0,1.0,0.0,0.003273663519312566,0.006547327038625132,rugby_championship,2025,south
gbdt_v3,rugby_championship_2025,red_cards,stable,position:Fly-half,48,12,0.0009753414600862503,0.0009759811232214897,0.0022272251746926278,0.4382049620807567,0.0,0.0,0.0,1.0,0.0,0.0009753414600862503,0.001950682920172501,rugby_championship,2025,south
gbdt_v3,rugby_championship_2025,red_cards,stable,position:Hooker,48,12,0.0010720978826494986,0.0010727217010693885,0.00073696980915275,1.455584323464529,0.0,0.0,0.0,1.0,0.0,0.0010720978826494986,0.002144195765298997,rugby_championship,2025,south
gbdt_v3,rugby_championship_2025,red_cards,stable,position:Prop,96,12,0.0016563034924908003,0.0016585850040457366,0.0025908191303633554,0.640177843604669,0.0,0.0,0.0,1.0,0.0,0.0016563034924908003,0.006625213969963202,rugby_championship,2025,south
gbdt_v3,rugby_championship_2025,red_cards,stable,position:Scrum-half,48,12,0.0008074542104606486,0.0008078667872550898,0.0014792974941716889,0.5461151596876347,0.0,0.0,0.0,1.0,0.0,0.0008074542104606486,0.0016149084209212971,rugby_championship,2025,south
gbdt_v3,rugby_championship_2025,red_cards,stable,position:Second-row,72,12,0.0022887845856480217,0.002293036366666187,0.006439087793345576,0.35611198981257985,0.0,0.0,0.0,1.0,0.0,0.0022887845856480217,0.006866353756944066,rugby_championship,2025,south
gbdt_v3,rugby_championship_2025,metres,stable,all,552,12,12.618514649801075,1.3808954788328136,1.3216215681153516,1.0448493821132077,1.153550434628993,0.7465978622337179,0.8496376811594203,1.0,17.320652173913043,21.654363824340873,142.47861452837253,rugby_championship,2025,south
gbdt_v3,rugby_championship_2025,metres,stable,starter,360,12,15.595117897407802,1.1717342163043274,1.0939803906679486,1.0710742407264766,1.5740224090484058,0.7401714968368022,0.9305555555555556,1.0,22.822222222222223,28.707130582547617,111.02965985188382,rugby_championship,2025,south
gbdt_v3,rugby_championship_2025,metres,stable,bench,192,12,7.037383560538462,1.773072846073725,1.7484487758292324,1.014083380985991,2.422823908770103,0.5435531183787053,0.6979166666666666,1.0,7.005208333333333,8.430426152703216,37.2327795646543,rugby_championship,2025,south
gbdt_v3,rugby_championship_2025,metres,stable,zero_minute,3,3,8.290619591872963,4.737951650939657,6.150001790629184,0.7703984181206124,0.0,0.0,0.0,1.0,0.0,8.290619591872963,8.290619591872963,rugby_championship,2025,south
gbdt_v3,rugby_championship_2025,metres,stable,low_history,14,6,4.3623211976030625,1.5755993109044797,1.7116977793268866,0.920489194958279,-2.048453239411128,1.176530094499138,0.6428571428571429,1.0,5.071428571428571,6.05159344765483,4.45061189987961,rugby_championship,2025,south
gbdt_v3,rugby_championship_2025,metres,stable,south,552,12,12.618514649801075,1.3808954788328136,1.3216215681153516,1.0448493821132077,1.153550434628993,0.7465978622337179,0.8496376811594203,1.0,17.320652173913043,21.654363824340873,142.47861452837253,rugby_championship,2025,south
gbdt_v3,rugby_championship_2025,metres,stable,position:Back-row,96,12,11.955404333373542,0.8087872864835647,0.8731407247534589,0.9262966020877503,5.387666407428968,0.6919839659933954,0.9583333333333334,1.0,21.510416666666668,23.299311908321858,27.25757459397954,rugby_championship,2025,south
gbdt_v3,rugby_championship_2025,metres,stable,position:Back-three,96,12,24.32515830881393,1.6133706865382127,1.615938381404355,0.998411019321225,6.522404987513556,0.6411636876245193,0.90625,1.0,35.125,44.610441240766,63.99732316694415,rugby_championship,2025,south
gbdt_v3,rugby_championship_2025,metres,stable,position:Centre,48,12,18.769425034851363,1.241995740083618,1.085562193695931,1.1441037163012187,5.440141112490553,0.6164657770792493,0.9791666666666666,1.0,27.416666666666668,35.649222343369324,31.766144616842457,rugby_championship,2025,south
gbdt_v3,rugby_championship_2025,metres,stable,position:Fly-half,48,12,15.882431337135856,1.8405501888893125,1.8279738911679682,1.0068799110217646,-2.8559411413165425,1.0060167924201124,0.7916666666666666,1.0,19.6875,22.408613167465308,22.496078910796992,rugby_championship,2025,south
gbdt_v3,rugby_championship_2025,metres,stable,position:Hooker,48,12,8.208798388397064,2.309504890755078,1.9799702114728035,1.16643416015696,-4.5398108258466205,1.091333810476248,0.6666666666666666,1.0,7.958333333333333,11.45217351391861,10.582186429639064,rugby_championship,2025,south
gbdt_v3,rugby_championship_2025,metres,stable,position:Prop,96,12,4.380325544192491,1.227147029034391,1.198268213148116,1.024100460622588,1.4569507378598465,0.6269891593769786,0.71875,1.0,4.65625,5.102638880262629,10.302588113831758,rugby_championship,2025,south
gbdt_v3,rugby_championship_2025,metres,stable,position:Scrum-half,48,12,10.218931764183258,1.5404294820516198,1.6979309077891696,0.9072392021282961,3.2213224074615616,0.423390670775646,0.7916666666666666,1.0,9.9375,15.862837932244682,18.862662294035275,rugby_championship,2025,south
gbdt_v3,rugby_championship_2025,metres,stable,position:Second-row,72,12,7.141037050256592,1.099471800456927,0.8216774603925407,1.3380819767548149,4.330055589109482,0.289835083370472,0.9166666666666666,1.0,7.736111111111111,11.751701976147416,15.947589947620644,rugby_championship,2025,south
gbdt_v3,rugby_championship_2025,dominant_tackles,extended,all,552,12,0.3088827351072997,0.6349773596081897,0.6310434331360816,1.006234002709699,0.06507041948275276,0.480501443661553,0.15760869565217392,1.0,0.17391304347826086,0.22651882826011394,3.0207725062711854,rugby_championship,2025,south
gbdt_v3,rugby_championship_2025,dominant_tackles,extended,starter,360,12,0.3809323947404687,0.7393257235618855,0.7199047804465768,1.0269770998093128,0.12030889425519775,0.328154672458948,0.2,1.0,0.21666666666666667,0.2936352290504814,2.4616486381420057,rugby_championship,2025,south
gbdt_v3,rugby_championship_2025,dominant_tackles,extended,bench,192,12,0.17378962329510797,0.4393241771950101,0.4644284069289031,0.9459459642016772,-0.039226004205619475,1.3208367755231663,0.078125,1.0,0.09375,0.10067557677817496,0.9353657567367062,rugby_championship,2025,south
gbdt_v3,rugby_championship_2025,dominant_tackles,extended,zero_minute,3,3,0.045945293028576355,0.09189058605715271,0.12365141849635315,0.7431421909637279,0.0,0.0,0.0,1.0,0.0,0.045945293028576355,0.045945293028576355,rugby_championship,2025,south
gbdt_v3,rugby_championship_2025,dominant_tackles,extended,low_history,14,6,0.09457648599851036,0.18915297199702072,0.22100150275437988,0.8558899810163034,0.0,0.0,0.0,1.0,0.0,0.09457648599851036,0.22067846732985755,rugby_championship,2025,south
gbdt_v3,rugby_championship_2025,dominant_tackles,extended,south,552,12,0.3088827351072997,0.6349773596081897,0.6310434331360816,1.006234002709699,0.06507041948275276,0.480501443661553,0.15760869565217392,1.0,0.17391304347826086,0.22651882826011394,3.0207725062711854,rugby_championship,2025,south
gbdt_v3,rugby_championship_2025,dominant_tackles,extended,position:Back-row,96,12,0.41142000453171823,0.7458660777422402,0.7487038984257994,0.9962096889177071,0.01840554166668693,0.4720209872040408,0.1875,1.0,0.19791666666666666,0.38030327012214477,1.053351291709946,rugby_championship,2025,south
gbdt_v3,rugby_championship_2025,dominant_tackles,extended,position:Back-three,96,12,0.3058198214140395,0.6502003958224017,0.622389634907845,1.044683843294843,0.047774576178467254,0.774265437446733,0.17708333333333334,1.0,0.19791666666666666,0.19391552719093016,0.7932711663527484,rugby_championship,2025,south
gbdt_v3,rugby_championship_2025,dominant_tackles,extended,position:Centre,48,12,0.4038269726852269,0.7733899589850127,0.7488826919071941,1.0327251081413105,0.3379513805347386,-0.36484241641741205,0.20833333333333334,1.0,0.22916666666666666,0.29816904223003676,0.6100061912518244,rugby_championship,2025,south
gbdt_v3,rugby_championship_2025,dominant_tackles,extended,position:Fly-half,48,12,0.15496145520892377,0.3923207781362413,0.39678745418259415,0.9887429000103986,0.02921663012078526,0.6116193563199401,0.08333333333333333,1.0,0.08333333333333333,0.08848101789675777,0.29943231292286215,rugby_championship,2025,south
gbdt_v3,rugby_championship_2025,dominant_tackles,extended,position:Hooker,48,12,0.36043301943894884,0.7657431843485272,0.7214954575480658,1.0613277967831332,0.2760077055757558,-0.2147994929255592,0.20833333333333334,1.0,0.22916666666666666,0.21806866613657463,0.5958567250188475,rugby_championship,2025,south
gbdt_v3,rugby_championship_2025,dominant_tackles,extended,position:Prop,96,12,0.22230783838564339,0.5078350584536021,0.5337426824400848,0.9514604605574317,0.016788495909718197,0.40358504634856457,0.0625,1.0,0.08333333333333333,0.16488429892455003,0.7642119773729971,rugby_championship,2025,south
gbdt_v3,rugby_championship_2025,dominant_tackles,extended,position:Scrum-half,48,12,0.12005904360160474,0.27867738261230296,0.2976570456500277,0.9362364730985061,0.015370129168015244,0.30170596391300925,0.041666666666666664,1.0,0.041666666666666664,0.08715948852185597,0.23372968703299946,rugby_championship,2025,south
gbdt_v3,rugby_championship_2025,dominant_tackles,extended,position:Second-row,72,12,0.4225170894242936,0.8562035115837398,0.8550029334863984,1.0014041800914597,0.25287468625355886,0.18170741157470258,0.2777777777777778,1.0,0.3055555555555556,0.28992141182055686,0.7105242357610954,rugby_championship,2025,south
gbdt_v3,rugby_championship_2025,tackle_turnover,extended,all,552,12,0.16190097958505556,0.39040024063237255,0.384503705737486,1.015335443604053,0.0032039925117258975,0.5951569382113742,0.06159420289855073,1.0,0.06884057971014493,0.11028450310211746,1.4767459900043949,rugby_championship,2025,south
gbdt_v3,rugby_championship_2025,tackle_turnover,extended,starter,360,12,0.2091216903642557,0.48037611251156087,0.47872726084472195,1.0034442401795325,-0.004985399241436274,0.6468013586991442,0.07777777777777778,1.0,0.08888888888888889,0.145136195012216,1.2717956984649506,rugby_championship,2025,south
gbdt_v3,rugby_championship_2025,tackle_turnover,extended,bench,192,12,0.07336214687405526,0.22169548085889434,0.20783453991141862,1.0666921915547984,0.027358234064091717,0.08660381509561113,0.03125,1.0,0.03125,0.04493758077068268,0.4547191810203854,rugby_championship,2025,south
gbdt_v3,rugby_championship_2025,tackle_turnover,extended,zero_minute,3,3,0.032622843128087047,0.06524568625617409,0.09964912280701754,0.6547542458806203,0.0,0.0,0.0,1.0,0.0,0.032622843128087047,0.032622843128087047,rugby_championship,2025,south
gbdt_v3,rugby_championship_2025,tackle_turnover,extended,low_history,14,6,0.10769776856007975,0.4238388479980662,0.34812467241793593,1.2174915528228714,0.11079892212313977,-0.9584751660750713,0.07142857142857142,1.0,0.07142857142857142,0.04107602584612473,0.24357321194484083,rugby_championship,2025,south
gbdt_v3,rugby_championship_2025,tackle_turnover,extended,south,552,12,0.16190097958505556,0.39040024063237255,0.384503705737486,1.015335443604053,0.0032039925117258975,0.5951569382113742,0.06159420289855073,1.0,0.06884057971014493,0.11028450310211746,1.4767459900043949,rugby_championship,2025,south
gbdt_v3,rugby_championship_2025,tackle_turnover,extended,position:Back-row,96,12,0.173872031042103,0.3587184788062519,0.3536478593976941,1.0143380463752663,-0.03066728089670628,0.5917520113669966,0.052083333333333336,1.0,0.052083333333333336,0.13984002190187536,0.5796359847153746,rugby_championship,2025,south
gbdt_v3,rugby_championship_2025,tackle_turnover,extended,position:Back-three,96,12,0.22682620116330218,0.5288752617799434,0.5445349710066983,0.9712420504457144,-0.014829705349387165,0.9960911380154364,0.11458333333333333,1.0,0.125,0.1403784252392579,0.6335205574899295,rugby_championship,2025,south
gbdt_v3,rugby_championship_2025,tackle_turnover,extended,position:Centre,48,12,0.25973752757912943,0.5789842005592275,0.551452783325383,1.0499252484824249,0.7138210378831038,-3.267417248608631,0.08333333333333333,1.0,0.10416666666666667,0.18658601728201296,0.45698498873260585,rugby_championship,2025,south
gbdt_v3,rugby_championship_2025,tackle_turnover,extended,position:Fly-half,48,12,0.1372811795659832,0.357835941398201,0.3568686758339011,1.0027104243936225,-0.04299882223492265,1.2373232614934508,0.041666666666666664,1.0,0.0625,0.08526375080638626,0.2691375975958457,rugby_championship,2025,south
gbdt_v3,rugby_championship_2025,tackle_turnover,extended,position:Hooker,48,12,0.1298720246123161,0.345253987771551,0.3401994324596345,1.0148576241746559,0.028952568470791307,0.430107987878952,0.0625,1.0,0.0625,0.07799769470603313,0.24210744812629584,rugby_championship,2025,south
gbdt_v3,rugby_championship_2025,tackle_turnover,extended,position:Prop,96,12,0.09365112425474702,0.27555748594933066,0.26339936959744537,1.0461584869032399,-0.06280796459327588,1.8419367248389438,0.03125,1.0,0.041666666666666664,0.05671998926514571,0.3376336744094899,rugby_championship,2025,south
gbdt_v3,rugby_championship_2025,tackle_turnover,extended,position:Scrum-half,48,12,0.12427427630933714,0.3557242128514533,0.3311627026294648,1.0741675014334877,0.11679997676569648,-0.8731037427651833,0.041666666666666664,1.0,0.041666666666666664,0.08605313025125412,0.22678490929918757,rugby_championship,2025,south
gbdt_v3,rugby_championship_2025,tackle_turnover,extended,position:Second-row,72,12,0.14799836282737916,0.3503346477471995,0.3459630811526867,1.0126359338110515,0.012612941395078526,0.4064115440569228,0.05555555555555555,1.0,0.05555555555555555,0.10566287987740429,0.4031646941264504,rugby_championship,2025,south
gbdt_v3,rugby_championship_2025,tackle_try_saver,extended,all,552,12,0.04885903260940371,0.19051395599328838,0.18943762818678658,1.005681700181764,0.016252463925991556,0.4635919102212786,0.02717391304347826,1.0,0.02717391304347826,0.023558325494234266,0.9365621171587928,rugby_championship,2025,south
gbdt_v3,rugby_championship_2025,tackle_try_saver,extended,starter,360,12,0.06608430951580575,0.2353240524420033,0.23708126409365404,0.9925881462697255,0.025832915667821046,0.31335335375613366,0.03611111111111111,1.0,0.03611111111111111,0.032800655617967474,0.8246934533765137,rugby_championship,2025,south
gbdt_v3,rugby_championship_2025,tackle_try_saver,extended,bench,192,12,0.016561638409899885,0.10649502515194793,0.10010581086141009,1.0638246095362365,0.03397895487865665,-3.7827023138964817,0.010416666666666666,1.0,0.010416666666666666,0.006228956512234501,0.12495913249337436,rugby_championship,2025,south
gbdt_v3,rugby_championship_2025,tackle_try_saver,extended,zero_minute,3,3,0.0032688216327188316,0.006537643265437663,0.018245614035087718,0.35831314050956425,0.0,0.0,0.0,1.0,0.0,0.0032688216327188316,0.0032688216327188316,rugby_championship,2025,south
gbdt_v3,rugby_championship_2025,tackle_try_saver,extended,low_history,14,6,0.0743515491397507,0.4392081772704795,0.38833226783209346,1.1310112850585563,-0.25181804036951444,58.26447286081094,0.07142857142857142,1.0,0.07142857142857142,0.005547919614244096,0.16940525190438335,rugby_championship,2025,south
gbdt_v3,rugby_championship_2025,tackle_try_saver,extended,south,552,12,0.04885903260940371,0.19051395599328838,0.18943762818678658,1.005681700181764,0.016252463925991556,0.4635919102212786,0.02717391304347826,1.0,0.02717391304347826,0.023558325494234266,0.9365621171587928,rugby_championship,2025,south
gbdt_v3,rugby_championship_2025,tackle_try_saver,extended,position:Back-row,96,12,0.08038178799187327,0.28884337581167846,0.3148255589934003,0.9174711758956441,0.022513122219420086,0.8982623961513204,0.052083333333333336,1.0,0.052083333333333336,0.03291934655242084,0.29751576521163364,rugby_championship,2025,south
gbdt_v3,rugby_championship_2025,tackle_try_saver,extended,position:Back-three,96,12,0.058227659713517364,0.26555379220863246,0.28468544589983125,0.9327972189420234,-0.019326833679273514,3.074153500377941,0.041666666666666664,1.0,0.041666666666666664,0.01984074651394002,0.21881395396106953,rugby_championship,2025,south
gbdt_v3,rugby_championship_2025,tackle_try_saver,extended,position:Centre,48,12,0.02668487259634421,0.05336974519268842,0.035864978902953586,1.4880740718431946,0.0,0.0,0.0,1.0,0.0,0.02668487259634421,0.053369745192688424,rugby_championship,2025,south
gbdt_v3,rugby_championship_2025,tackle_try_saver,extended,position:Fly-half,48,12,0.09828518573911423,0.5597459469576416,0.5440842226958067,1.0287854777046002,0.06723953690433734,0.8622665563649202,0.08333333333333333,1.0,0.08333333333333333,0.01866452584783415,0.193785988479077,rugby_championship,2025,south
gbdt_v3,rugby_championship_2025,tackle_try_saver,extended,position:Hooker,48,12,0.02026901409371064,0.04053802818742128,0.029544898186269056,1.3720821758073027,0.0,0.0,0.0,1.0,0.0,0.02026901409371064,0.04053802818742128,rugby_championship,2025,south
gbdt_v3,rugby_championship_2025,tackle_try_saver,extended,position:Prop,96,12,0.013187113645590135,0.02637422729118027,0.024261603375527425,1.0870768466103868,0.0,0.0,0.0,1.0,0.0,0.013187113645590135,0.05274845458236055,rugby_championship,2025,south
gbdt_v3,rugby_championship_2025,tackle_try_saver,extended,position:Scrum-half,48,12,0.043069079718837694,0.17086880747671065,0.15150308511303037,1.1278239472762703,0.023333259256148486,-0.10868603104547214,0.020833333333333332,1.0,0.020833333333333332,0.02300135444056493,0.08523724193474103,rugby_championship,2025,south
gbdt_v3,rugby_championship_2025,tackle_try_saver,extended,position:Second-row,72,12,0.046651733438782955,0.13656345032358144,0.11332688180831212,1.205040217682624,0.014846045191608719,-0.028483085829674876,0.013888888888888888,1.0,0.013888888888888888,0.033604375187558766,0.1378622429566298,rugby_championship,2025,south
