engine,fold,target,tier,cohort,n,fixtures,mae,loss,naive_loss,relative_loss,calibration_intercept,calibration_slope,actual_positive_rate,predicted_positive_rate,actual_mean,predicted_mean,team_total_mae,tournament,calendar_year,fold_hemisphere
gbdt_v3,summer_internationals_2022,minutes,minutes,all,765,19,9.89789083195963,9.89789083195963,10.00335473002992,0.989457147035515,0.5688467232752346,0.9945246068131831,0.9751633986928104,1.0,51.37647058823529,51.08734717762893,24.66874839694592,summer_internationals,2022,mixed
gbdt_v3,summer_internationals_2022,minutes,minutes,starter,495,19,10.028734650955995,10.028734650955995,9.993128368878612,1.0035630766225592,-9.337373896962264,1.139534330768018,1.0,1.0,67.99595959595959,67.86397864889342,33.68772832389164,summer_internationals,2022,mixed
gbdt_v3,summer_internationals_2022,minutes,minutes,bench,270,19,9.658010497132961,9.658010497132961,10.022103058807325,0.9636710419421997,6.073290615352411,0.7296595443156837,0.9296296296296296,1.0,20.90740740740741,20.330189480310665,32.790656416990615,summer_internationals,2022,mixed
gbdt_v3,summer_internationals_2022,minutes,minutes,zero_minute,19,10,18.93644534371415,18.93644534371415,17.83623195935992,1.0616841823352086,0.0,0.0,0.0,1.0,0.0,18.93644534371415,27.67634319465914,summer_internationals,2022,mixed
gbdt_v3,summer_internationals_2022,minutes,minutes,low_history,231,19,10.054850246950338,10.054850246950338,10.08434996770767,0.9970747027967298,0.5900748917875865,0.9589194209235639,0.9523809523809523,1.0,42.97402597402598,44.19970036837628,25.672551540102198,summer_internationals,2022,mixed
gbdt_v3,summer_internationals_2022,minutes,minutes,north,394,17,9.937927770269631,9.937927770269631,10.097985719128598,0.9841495172095788,-0.08991343995190117,1.0084670660344475,0.9619289340101523,1.0,51.4492385786802,51.10643049683056,24.698898892561868,summer_internationals,2022,mixed
gbdt_v3,summer_internationals_2022,minutes,minutes,south,371,16,9.855371819306962,9.855371819306962,9.90285712974723,0.9952048878603299,1.310750594860182,0.9788779777714709,0.9892183288409704,1.0,51.299191374663074,51.067080795511814,24.636713495353973,summer_internationals,2022,mixed
gbdt_v3,summer_internationals_2022,minutes,minutes,position:Back-row,133,19,10.815505615800081,10.815505615800081,11.158922483352963,0.9692249078649666,2.0520954323537794,0.9696064484834878,0.9924812030075187,1.0,57.41353383458647,57.096813339907825,17.596027263649106,summer_internationals,2022,mixed
gbdt_v3,summer_internationals_2022,minutes,minutes,position:Back-three,132,19,10.16180073718747,10.16180073718747,10.140129233511585,1.0021372019208852,3.414927179666485,0.9683261319682898,0.9848484848484849,1.0,61.36363636363637,59.84420668910293,13.974552816451798,summer_internationals,2022,mixed
gbdt_v3,summer_internationals_2022,minutes,minutes,position:Centre,66,19,8.58364351269863,8.58364351269863,8.1039996946798,1.0591860607218078,79.8169116634321,-0.07060750652275187,1.0,1.0,74.74242424242425,71.8689509219919,12.346362422770866,summer_internationals,2022,mixed
gbdt_v3,summer_internationals_2022,minutes,minutes,position:Fly-half,67,19,11.099729736621573,11.099729736621573,11.113975576662142,0.9987182048455745,-2.035712946361935,1.0605475120651897,0.8955223880597015,1.0,43.40298507462686,42.844566135944866,10.003918441290088,summer_internationals,2022,mixed
gbdt_v3,summer_internationals_2022,minutes,minutes,position:Hooker,66,19,7.041599343100245,7.041599343100245,8.34026264453673,0.8442898794935226,5.797804516072856,0.8281686301149399,0.9848484848484849,1.0,39.71212121212121,40.950979622762915,6.296383879982107,summer_internationals,2022,mixed
gbdt_v3,summer_internationals_2022,minutes,minutes,position:Prop,134,19,9.964109826587228,9.964109826587228,10.04322429631355,0.9921226025236376,1.5195809940798441,0.9382049988021586,0.9626865671641791,1.0,38.708955223880594,39.63885747494613,10.1353777920295,summer_internationals,2022,mixed
gbdt_v3,summer_internationals_2022,minutes,minutes,position:Scrum-half,68,19,9.130538651892829,9.130538651892829,9.020517023620778,1.012196820646084,0.5499323910555007,0.955610057076775,0.9558823529411765,1.0,39.36764705882353,40.62087289716473,7.357358541405379,summer_internationals,2022,mixed
gbdt_v3,summer_internationals_2022,minutes,minutes,position:Second-row,99,19,10.717689659708975,10.717689659708975,10.513007353803374,1.0194694342938466,1.7768422098607664,0.9744345173092763,1.0,1.0,52.93939393939394,52.50486391923932,9.005149501833491,summer_internationals,2022,mixed
gbdt_v3,summer_internationals_2022,tries,stable,all,759,19,0.18627418516509248,0.5286032991661502,0.5130897586053949,1.0302355295551444,0.034230990698828845,0.9886239859701497,0.11198945981554677,1.0,0.1251646903820817,0.09198006620688894,1.4920546811106787,summer_internationals,2022,mixed
gbdt_v3,summer_internationals_2022,tries,stable,starter,492,19,0.22237968172369668,0.5679068246717176,0.5778598387729919,0.9827760757307376,0.029552972493220298,0.9655710303503049,0.12601626016260162,1.0,0.1443089430894309,0.11884777710716711,1.250786265727931,summer_internationals,2022,mixed
gbdt_v3,summer_internationals_2022,tries,stable,bench,267,19,0.11974270836047345,0.456178825200835,0.39373815020667635,1.1585842645966185,0.0020318498391577854,2.0686053316646835,0.08614232209737828,1.0,0.0898876404494382,0.04247102589626391,0.6871723765574556,summer_internationals,2022,mixed
gbdt_v3,summer_internationals_2022,tries,stable,zero_minute,16,8,0.14290951354616102,0.5998099694893538,0.4172653767573534,1.437478407987234,-0.06270709973946881,5.031495721066367,0.125,1.0,0.125,0.037306421419292496,0.19683772195100557,summer_internationals,2022,mixed
gbdt_v3,summer_internationals_2022,tries,stable,low_history,229,19,0.16913144210327516,0.48416434984832907,0.44496089975166764,1.0881053821100704,0.009924097696997687,1.371099265419179,0.10043668122270742,1.0,0.11790393013100436,0.07875420486130486,0.892137130418883,summer_internationals,2022,mixed
gbdt_v3,summer_internationals_2022,tries,stable,north,391,17,0.1961948992940937,0.5197173677954265,0.5171358327140929,1.004991986472461,0.027931812343484935,0.9601577242784386,0.11253196930946291,1.0,0.1278772378516624,0.10409271620794057,1.4948849508783157,summer_internationals,2022,mixed
gbdt_v3,summer_internationals_2022,tries,stable,south,368,16,0.1757334264030286,0.5380446012475442,0.5087908048649029,1.0574967080830182,0.03402846662033135,1.1155823926687534,0.11141304347826086,1.0,0.12228260869565218,0.07911037558077154,1.4890475194825652,summer_internationals,2022,mixed
gbdt_v3,summer_internationals_2022,tries,stable,position:Back-row,132,19,0.1718079163494957,0.43294711015183174,0.45793244996780397,0.9454388091131588,-0.008195408731023963,1.1065252900389917,0.09090909090909091,1.0,0.09848484848484848,0.09641013917730988,0.5441342184055884,summer_internationals,2022,mixed
gbdt_v3,summer_internationals_2022,tries,stable,position:Back-three,132,19,0.31503359482187726,0.7335924653506775,0.7936909149526364,0.9242797813736531,0.056959508721949006,1.0128618834954533,0.19696969696969696,1.0,0.22727272727272727,0.16815048658264858,0.630721266676368,summer_internationals,2022,mixed
gbdt_v3,summer_internationals_2022,tries,stable,position:Centre,66,19,0.3054792235523869,0.7452360110463689,0.7368039781779712,1.0114440653391275,0.10462087267838302,0.8321533064034556,0.21212121212121213,1.0,0.22727272727272727,0.1473909358414284,0.5232114967289279,summer_internationals,2022,mixed
gbdt_v3,summer_internationals_2022,tries,stable,position:Fly-half,66,19,0.1456384697404764,0.48741807374108076,0.46928440514523406,1.0386411063249261,0.03395216328000505,1.2660261305112037,0.10606060606060606,1.0,0.10606060606060606,0.05695652012449736,0.2724752715815487,summer_internationals,2022,mixed
gbdt_v3,summer_internationals_2022,tries,stable,position:Hooker,66,19,0.32704169705978337,1.1911461547861297,0.8700793176191686,1.3690086991672308,0.3238621702879281,-0.5963160198738466,0.21212121212121213,1.0,0.25757575757575757,0.11115987245520216,0.5661414109107396,summer_internationals,2022,mixed
gbdt_v3,summer_internationals_2022,tries,stable,position:Prop,132,19,0.08302016626563555,0.2860964409959729,0.2970831645856824,0.9630180202064571,-0.018544267153849093,1.5177786109447071,0.03787878787878788,1.0,0.045454545454545456,0.042166105219100386,0.29655101257086836,summer_internationals,2022,mixed
gbdt_v3,summer_internationals_2022,tries,stable,position:Scrum-half,66,19,0.1361444932032679,0.4877237835296971,0.4626698645640191,1.054150747400172,0.1053584332106249,-0.4299635266274438,0.07575757575757576,1.0,0.07575757575757576,0.06884504293941608,0.2596253100464628,summer_internationals,2022,mixed
gbdt_v3,summer_internationals_2022,tries,stable,position:Second-row,99,19,0.05875059397908774,0.1747612562069913,0.17618773296226756,0.9919036545207052,0.02847992083411174,-0.20706855406542057,0.020202020202020204,1.0,0.020202020202020204,0.03997661870704061,0.16502081856946274,summer_internationals,2022,mixed
gbdt_v3,summer_internationals_2022,try_assists,stable,all,759,19,0.12727739101070001,0.3188763360257284,0.31622717323200455,1.008377404024607,0.008156496061748692,0.8939677242239426,0.06719367588932806,1.0,0.0764163372859025,0.07635604661612423,0.9957059106672559,summer_internationals,2022,mixed
gbdt_v3,summer_internationals_2022,try_assists,stable,starter,492,19,0.1666805189359815,0.3992291127448894,0.40006539529881285,0.9979096353652412,0.014056818958498517,0.8626272612029434,0.08739837398373984,1.0,0.1016260162601626,0.10151452572869987,1.060388895252754,summer_internationals,2022,mixed
gbdt_v3,summer_internationals_2022,try_assists,stable,bench,267,19,0.054669380002316185,0.17081054521738662,0.16173876403024529,1.0560890967699301,-0.0072479399340457055,1.240490066210946,0.0299625468164794,1.0,0.0299625468164794,0.02999660195924331,0.3649562319356761,summer_internationals,2022,mixed
gbdt_v3,summer_internationals_2022,try_assists,stable,zero_minute,16,8,0.03897223365765909,0.07794446731531818,0.1284653081856412,0.6067355336328082,0.0,0.0,0.0,1.0,0.0,0.03897223365765909,0.0566868853202314,summer_internationals,2022,mixed
gbdt_v3,summer_internationals_2022,try_assists,stable,low_history,229,19,0.11596373674807495,0.3195443138329173,0.2986177647998548,1.0700780445767797,-0.00409476838047293,1.322991574773955,0.06550218340611354,1.0,0.07423580786026202,0.059207161809869006,0.6388539705763588,summer_internationals,2022,mixed
gbdt_v3,summer_internationals_2022,try_assists,stable,north,391,17,0.13624962820996717,0.349665982476371,0.33877494454333223,1.0321482981798429,0.02652244251759961,0.5942947812748649,0.06649616368286446,1.0,0.07672634271099744,0.08447642781870274,1.1871059144934029,summer_internationals,2022,mixed
gbdt_v3,summer_internationals_2022,try_assists,stable,south,368,16,0.11774438898647871,0.28616233667192054,0.29227016621371876,0.9791021108280619,-0.035611631259337924,1.649219735865802,0.06793478260869565,1.0,0.07608695652173914,0.06772814158838457,0.7923434066019746,summer_internationals,2022,mixed
gbdt_v3,summer_internationals_2022,try_assists,stable,position:Back-row,132,19,0.0771457534115022,0.2193137833980957,0.2210675523261224,0.9920668188995936,0.028765442329644064,0.030751143240823314,0.030303030303030304,1.0,0.030303030303030304,0.05000100195770966,0.28593136052002394,summer_internationals,2022,mixed
gbdt_v3,summer_internationals_2022,try_assists,stable,position:Back-three,132,19,0.18048513812046998,0.43903117329777086,0.439941825568412,0.997930062072492,0.01486908231303616,0.8618261186751012,0.10606060606060606,1.0,0.10606060606060606,0.10581197502781657,0.5184784930917129,summer_internationals,2022,mixed
gbdt_v3,summer_internationals_2022,try_assists,stable,position:Centre,66,19,0.17546300665452133,0.3788566570724769,0.4148104296094459,0.9133248106350161,-0.017581156407523307,0.734437880978228,0.07575757575757576,1.0,0.07575757575757576,0.1270886681944801,0.30375062052318275,summer_internationals,2022,mixed
gbdt_v3,summer_internationals_2022,try_assists,stable,position:Fly-half,66,19,0.29780927296889775,0.7226719113429797,0.7040399559293289,1.0264643437588095,0.05150357972294513,0.967802822613008,0.15151515151515152,1.0,0.21212121212121213,0.16596111175271155,0.5405487873225051,summer_internationals,2022,mixed
gbdt_v3,summer_internationals_2022,try_assists,stable,position:Hooker,66,19,0.055510733497035114,0.2517032063182551,0.228823708201634,1.0999874457783905,0.058140935213969354,-1.065403138224517,0.030303030303030304,1.0,0.030303030303030304,0.026128987152535182,0.10975837884038489,summer_internationals,2022,mixed
gbdt_v3,summer_internationals_2022,try_assists,stable,position:Prop,132,19,0.014791069420265474,0.029582138840530948,0.020202030202020205,1.4643151477702836,0.0,0.0,0.0,1.0,0.0,0.014791069420265474,0.059164277681061896,summer_internationals,2022,mixed
gbdt_v3,summer_internationals_2022,try_assists,stable,position:Scrum-half,66,19,0.34982140162021463,0.8000560703528564,0.7923455064518782,1.0097313152383562,0.1696441602698466,0.5369612433106145,0.22727272727272727,1.0,0.2727272727272727,0.19197495860571048,0.5921444862068289,summer_internationals,2022,mixed
gbdt_v3,summer_internationals_2022,try_assists,stable,position:Second-row,99,19,0.026827773318604156,0.0919572187576754,0.08944671718843729,1.0280670062373474,0.006244758803927755,0.2247868663792037,0.010101010101010102,1.0,0.010101010101010102,0.017155145045605356,0.07930540327753571,summer_internationals,2022,mixed
gbdt_v3,summer_internationals_2022,conversion_goals,stable,all,759,19,0.08424689440624045,0.187842360312664,0.3754672534460072,0.5002895954005641,0.009120327610214076,1.2857908172422847,0.043478260869565216,1.0,0.09090909090909091,0.06360969622904471,1.1439647715195143,summer_internationals,2022,mixed
gbdt_v3,summer_internationals_2022,conversion_goals,stable,starter,492,19,0.10556137923185889,0.22072571339823926,0.5031438177063505,0.4386930846223003,0.01004917498143411,1.2676369855494443,0.056910569105691054,1.0,0.12195121951219512,0.08827609623764501,1.1535593515153162,summer_internationals,2022,mixed
gbdt_v3,summer_internationals_2022,conversion_goals,stable,bench,267,19,0.04497076506465137,0.1272483164246377,0.14019807885391375,0.9076323831600452,-0.011270923416170288,2.4772142138968283,0.018726591760299626,1.0,0.033707865168539325,0.01815700407836548,0.34213092926589206,summer_internationals,2022,mixed
gbdt_v3,summer_internationals_2022,conversion_goals,stable,zero_minute,16,8,0.2002459978244057,0.5571891683547523,0.782193824666946,0.7123415588099287,-0.18905988115374886,6.909630719618275,0.0625,1.0,0.1875,0.0544978301205874,0.2912669059264083,summer_internationals,2022,mixed
gbdt_v3,summer_internationals_2022,conversion_goals,stable,low_history,229,19,0.06088710210499305,0.1425131390658775,0.13609535903980133,1.0471564943239489,-0.011231185770645035,2.0682332375758503,0.034934497816593885,1.0,0.06550218340611354,0.037100926424863324,0.3868030332152919,summer_internationals,2022,mixed
gbdt_v3,summer_internationals_2022,conversion_goals,stable,north,391,17,0.08688130046609709,0.2034032957352853,0.3693042559072717,0.5507743073135818,0.020428704262913253,1.0806916660698387,0.04859335038363171,1.0,0.09207161125319693,0.0662935684984303,1.0419258214094844,summer_internationals,2022,mixed
gbdt_v3,summer_internationals_2022,conversion_goals,stable,south,368,16,0.08144783796764272,0.1713088664261289,0.38201543833091356,0.44843440666849665,-0.006866126839202767,1.5889250745856625,0.03804347826086957,1.0,0.08967391304347826,0.06075808194282252,1.252381156011421,summer_internationals,2022,mixed
gbdt_v3,summer_internationals_2022,conversion_goals,stable,position:Back-row,132,19,0.001155592606237187,0.002311185212474374,1.9999999999999997e-08,115559.26062371871,0.0,0.0,0.0,1.0,0.0,0.001155592606237187,0.004622370424948749,summer_internationals,2022,mixed
gbdt_v3,summer_internationals_2022,conversion_goals,stable,position:Back-three,132,19,0.13168263218711354,0.2802134309876654,0.9401976179958811,0.2980367378349314,-0.007177696007737882,1.8930702766681875,0.06060606060606061,1.0,0.1590909090909091,0.08783012820384058,0.5175490738903094,summer_internationals,2022,mixed
gbdt_v3,summer_internationals_2022,conversion_goals,stable,position:Centre,66,19,0.03592296557839901,0.041917618302838335,0.4050689125064127,0.10348268407829182,-0.013978916199453394,1.9355697489072874,0.045454545454545456,1.0,0.06060606060606061,0.03853386159172023,0.07012962344416757,summer_internationals,2022,mixed
gbdt_v3,summer_internationals_2022,conversion_goals,stable,position:Fly-half,66,19,0.6276889215020559,1.3922409427588889,1.4993323077882055,0.9285739629079984,0.24417478018747393,0.8307532271320753,0.3181818181818182,1.0,0.6515151515151515,0.49032655910816914,0.9516954532706029,summer_internationals,2022,mixed
gbdt_v3,summer_internationals_2022,conversion_goals,stable,position:Hooker,66,19,0.0008176522584514524,0.0016353045169029048,1.9999999999999997e-08,81765.22584514525,0.0,0.0,0.0,1.0,0.0,0.0008176522584514524,0.0016353045169029048,summer_internationals,2022,mixed
gbdt_v3,summer_internationals_2022,conversion_goals,stable,position:Prop,132,19,0.0008190726998327342,0.0016381453996654684,1.9999999999999997e-08,81907.26998327344,0.0,0.0,0.0,1.0,0.0,0.0008190726998327342,0.003276290799330937,summer_internationals,2022,mixed
gbdt_v3,summer_internationals_2022,conversion_goals,stable,position:Scrum-half,66,19,0.035455240952636094,0.15278793402968466,0.5330768283427016,0.28661522299645176,0.019004464900596617,-0.18718235909984823,0.015151515151515152,1.0,0.015151515151515152,0.020583936261996765,0.07052659490595015,summer_internationals,2022,mixed
gbdt_v3,summer_internationals_2022,conversion_goals,stable,position:Second-row,99,19,0.0010932735959036453,0.0021865471918072906,1.9999999999999994e-08,109327.35959036456,0.0,0.0,0.0,1.0,0.0,0.0010932735959036453,0.0032798207877109357,summer_internationals,2022,mixed
gbdt_v3,summer_internationals_2022,missed_conversion_goals,stable,all,759,19,0.04048831109034434,0.09648971412103231,0.13487048782877079,0.7154249656421052,0.0023812876054756706,1.1090706576891496,0.023715415019762844,1.0,0.034255599472990776,0.02873965842169895,0.6687165970234923,summer_internationals,2022,mixed
gbdt_v3,summer_internationals_2022,missed_conversion_goals,stable,starter,492,19,0.05933360505059232,0.14259899217988542,0.1941835618366935,0.734351511688769,0.007142718628502533,1.1090449490443917,0.036585365853658534,1.0,0.052845528455284556,0.041209159165425946,0.6614811475891775,summer_internationals,2022,mixed
gbdt_v3,summer_internationals_2022,missed_conversion_goals,stable,bench,267,19,0.0057621514332581985,0.011524302866516397,0.02557448628608179,0.4506171790746069,0.0,0.0,0.0,1.0,0.0,0.0057621514332581985,0.0466210434145436,summer_internationals,2022,mixed
gbdt_v3,summer_internationals_2022,missed_conversion_goals,stable,zero_minute,16,8,0.01364671916128326,0.02729343832256652,0.07887627137626263,0.3460285057386768,0.0,0.0,0.0,1.0,0.0,0.01364671916128326,0.019849773325502924,summer_internationals,2022,mixed
gbdt_v3,summer_internationals_2022,missed_conversion_goals,stable,low_history,229,19,0.0418068605171401,0.139119853574836,0.09006210161682782,1.5447102729928068,-0.006087639033356972,3.7772696925277747,0.017467248908296942,1.0,0.039301310043668124,0.012016337929699292,0.343794301463771,summer_internationals,2022,mixed
gbdt_v3,summer_internationals_2022,missed_conversion_goals,stable,north,391,17,0.03875755307836314,0.07215815760005063,0.1087586530590388,0.66347049701765,0.0016126072829563993,1.0856486023114917,0.028132992327365727,1.0,0.03580562659846547,0.031495475831413156,0.6111894993676972,summer_internationals,2022,mixed
gbdt_v3,summer_internationals_2022,missed_conversion_goals,stable,south,368,16,0.04232724147807437,0.1223419929245753,0.16261431227161108,0.7523445582097976,0.003069528921440952,1.144414292675106,0.019021739130434784,1.0,0.03260869565217391,0.025811602423877613,0.7298391382827749,summer_internationals,2022,mixed
gbdt_v3,summer_internationals_2022,missed_conversion_goals,stable,position:Back-row,132,19,0.0006882592791188349,0.0013765185582376698,1.9999999999999997e-08,68825.9279118835,0.0,0.0,0.0,1.0,0.0,0.0006882592791188349,0.0027530371164753396,summer_internationals,2022,mixed
gbdt_v3,summer_internationals_2022,missed_conversion_goals,stable,position:Back-three,132,19,0.047482885668280204,0.11795069747995976,0.29631850882704536,0.39805376298247036,-0.002508014309340051,1.514831010379147,0.03787878787878788,1.0,0.045454545454545456,0.03166198700400311,0.18578921516683203,summer_internationals,2022,mixed
gbdt_v3,summer_internationals_2022,missed_conversion_goals,stable,position:Centre,66,19,0.03297429452835321,0.056505341124854704,0.21623022143036563,0.26132027591273393,-0.01761278959713369,2.492984860579744,0.030303030303030304,1.0,0.030303030303030304,0.01922026108454633,0.06499824674082168,summer_internationals,2022,mixed
gbdt_v3,summer_internationals_2022,missed_conversion_goals,stable,position:Fly-half,66,19,0.3238611687946029,0.7895962905482101,0.7421432209464078,1.063940582171307,0.057153595237715404,0.9206747162636786,0.16666666666666666,1.0,0.2727272727272727,0.234147493877542,0.6245336627340278,summer_internationals,2022,mixed
gbdt_v3,summer_internationals_2022,missed_conversion_goals,stable,position:Hooker,66,19,0.0005552120358554538,0.0011104240717109077,1.9999999999999997e-08,55521.203585545394,0.0,0.0,0.0,1.0,0.0,0.0005552120358554538,0.0011104240717109077,summer_internationals,2022,mixed
gbdt_v3,summer_internationals_2022,missed_conversion_goals,stable,position:Prop,132,19,0.0005455321805377008,0.0010910643610754017,1.9999999999999997e-08,54553.21805377009,0.0,0.0,0.0,1.0,0.0,0.0005455321805377008,0.002182128722150803,summer_internationals,2022,mixed
gbdt_v3,summer_internationals_2022,missed_conversion_goals,stable,position:Scrum-half,66,19,0.009911949418350588,0.019823898836701177,1.9999999999999997e-08,991194.941835059,0.0,0.0,0.0,1.0,0.0,0.009911949418350588,0.019823898836701177,summer_internationals,2022,mixed
gbdt_v3,summer_internationals_2022,missed_conversion_goals,stable,position:Second-row,99,19,0.0005863990039495521,0.0011727980078991042,1.9999999999999994e-08,58639.90039495523,0.0,0.0,0.0,1.0,0.0,0.0005863990039495521,0.001759197011848656,summer_internationals,2022,mixed
gbdt_v3,summer_internationals_2022,penalty_goals,stable,all,759,19,0.08288736602599396,0.15854319056974622,0.3382579663251338,0.4687049718065011,0.003846674690298877,1.051229597180381,0.04216073781291173,1.0,0.08959156785243742,0.0815662852264857,1.3298309556113723,summer_internationals,2022,mixed
gbdt_v3,summer_internationals_2022,penalty_goals,stable,starter,492,19,0.1123785773774318,0.20040454183122047,0.46966080245538905,0.4267005906890771,0.00744118172754396,1.0481511101474261,0.06097560975609756,1.0,0.13008130081300814,0.11700614338729699,1.244207528922618,summer_internationals,2022,mixed
gbdt_v3,summer_internationals_2022,penalty_goals,stable,bench,267,19,0.028544010277277074,0.08140541970590598,0.09612240311882073,0.846893305458432,-0.005186519923854928,1.2402265826073644,0.00749063670411985,1.0,0.0149812734082397,0.016261378053754737,0.2199607913493445,summer_internationals,2022,mixed
gbdt_v3,summer_internationals_2022,penalty_goals,stable,zero_minute,16,8,0.22065147478720037,0.8491367954742157,0.8834690532775115,0.9611392638192258,-0.04162664112043201,4.400133422154375,0.0625,1.0,0.1875,0.05207265760778866,0.3209475996904733,summer_internationals,2022,mixed
gbdt_v3,summer_internationals_2022,penalty_goals,stable,low_history,229,19,0.07216931415393735,0.12419398991938395,0.13009474713429395,0.9546426174392824,-0.012414493782844215,0.8473862897971522,0.021834061135371178,1.0,0.05240174672489083,0.07648960254390104,0.5500877903102236,summer_internationals,2022,mixed
gbdt_v3,summer_internationals_2022,penalty_goals,stable,north,391,17,0.09631200933981383,0.19406840335253026,0.46086105022263624,0.4210995988026721,0.004309627015043987,1.2030265846792967,0.04092071611253197,1.0,0.09718670076726342,0.07720284400612688,1.4994480455825479,summer_internationals,2022,mixed
gbdt_v3,summer_internationals_2022,penalty_goals,stable,south,368,16,0.06862368250506037,0.12079765198803821,0.2079921896840374,0.5807797502951572,0.0021783803485691663,0.9204305281839162,0.043478260869565216,1.0,0.08152173913043478,0.08620244152311692,1.149612797516998,summer_internationals,2022,mixed
gbdt_v3,summer_internationals_2022,penalty_goals,stable,position:Back-row,132,19,0.0009265909307471978,0.0018531818614943955,1.9999999999999997e-08,92659.09307471979,0.0,0.0,0.0,1.0,0.0,0.0009265909307471978,0.003706363722988791,summer_internationals,2022,mixed
gbdt_v3,summer_internationals_2022,penalty_goals,stable,position:Back-three,132,19,0.10061135315268362,0.18557194294572174,0.453801834949899,0.4089272643999102,-0.0006291191318735029,0.7416554091622568,0.045454545454545456,1.0,0.07575757575757576,0.1029948598038711,0.3933351478632118,summer_internationals,2022,mixed
gbdt_v3,summer_internationals_2022,penalty_goals,stable,position:Centre,66,19,0.07988083424456505,0.07980597958373448,1.3123020336280062,0.060813728500520484,-0.0202827364604722,1.5975490010275557,0.045454545454545456,1.0,0.18181818181818182,0.12650686654910812,0.14757980327835551,summer_internationals,2022,mixed
gbdt_v3,summer_internationals_2022,penalty_goals,stable,position:Fly-half,66,19,0.6110418432227923,1.1620313225776262,1.1318065487062052,1.0267048939644072,0.23037756245929145,0.8070362569443212,0.3333333333333333,1.0,0.6818181818181818,0.5593808400482261,1.1337767975289963,summer_internationals,2022,mixed
gbdt_v3,summer_internationals_2022,penalty_goals,stable,position:Hooker,66,19,0.0006539063150832535,0.001307812630166507,1.9999999999999997e-08,65390.631508325365,0.0,0.0,0.0,1.0,0.0,0.0006539063150832535,0.001307812630166507,summer_internationals,2022,mixed
gbdt_v3,summer_internationals_2022,penalty_goals,stable,position:Prop,132,19,0.0006571843459548258,0.0013143686919096515,1.9999999999999997e-08,65718.43459548258,0.0,0.0,0.0,1.0,0.0,0.0006571843459548258,0.002628737383819303,summer_internationals,2022,mixed
gbdt_v3,summer_internationals_2022,penalty_goals,stable,position:Scrum-half,66,19,0.05584996325127795,0.19984677894942146,0.5382542305050285,0.3712869637121309,0.01810542674860307,-0.07217779139185015,0.015151515151515152,1.0,0.015151515151515152,0.04092549162458105,0.11160867509381621,summer_internationals,2022,mixed
gbdt_v3,summer_internationals_2022,penalty_goals,stable,position:Second-row,99,19,0.0009252702709605141,0.0018505405419210281,1.9999999999999994e-08,92527.02709605143,0.0,0.0,0.0,1.0,0.0,0.0009252702709605141,0.002775810812881543,summer_internationals,2022,mixed
gbdt_v3,summer_internationals_2022,missed_penalty_goals,stable,all,759,19,0.030654736506967192,0.10151881703364703,0.10841104851707929,0.9364250085419435,0.010904656562881716,1.4325502956335243,0.022397891963109356,1.0,0.026350461133069828,0.010782033005938848,0.5612221105490468,summer_internationals,2022,mixed
gbdt_v3,summer_internationals_2022,missed_penalty_goals,stable,starter,492,19,0.044423781802171436,0.13677133466136354,0.1515129457522506,0.9027039503608352,0.016252132685585778,1.41719003723744,0.032520325203252036,1.0,0.03861788617886179,0.015781760318379103,0.5288087884719249,summer_internationals,2022,mixed
gbdt_v3,summer_internationals_2022,missed_penalty_goals,stable,bench,267,19,0.005282563154006556,0.03655912162976494,0.028987327769123147,1.261210482075107,0.003044131684676263,0.4468854539557801,0.003745318352059925,1.0,0.003745318352059925,0.0015690523403186084,0.042649996586347334,summer_internationals,2022,mixed
gbdt_v3,summer_internationals_2022,missed_penalty_goals,stable,zero_minute,16,8,0.0034876324225206904,0.006975264845041381,0.01450758450757576,0.48080125546736924,0.0,0.0,0.0,1.0,0.0,0.0034876324225206904,0.005072919887302823,summer_internationals,2022,mixed
gbdt_v3,summer_internationals_2022,missed_penalty_goals,stable,low_history,229,19,0.02352519904056658,0.09689473163303022,0.07150257046435558,1.355122354396095,-0.01608491880789638,7.474194431414345,0.021834061135371178,1.0,0.021834061135371178,0.005073319979995773,0.19337423502318282,summer_internationals,2022,mixed
gbdt_v3,summer_internationals_2022,missed_penalty_goals,stable,north,391,17,0.032251216389374726,0.12239942083118052,0.11609247833198552,1.0543268831005508,0.015173691657757615,1.3839081372466469,0.02557544757033248,1.0,0.028132992327365727,0.009364278105475465,0.544149256065465,summer_internationals,2022,mixed
gbdt_v3,summer_internationals_2022,missed_penalty_goals,stable,south,368,16,0.028958476631909178,0.07933317549876771,0.10024952933874143,0.7913570868816978,0.0064692208834539675,1.4637629298150556,0.019021739130434784,1.0,0.024456521739130436,0.012288397587681193,0.5793620184378521,summer_internationals,2022,mixed
gbdt_v3,summer_internationals_2022,missed_penalty_goals,stable,position:Back-row,132,19,0.00034228828772497476,0.0006845765754499495,1.9999999999999997e-08,34228.82877249748,0.0,0.0,0.0,1.0,0.0,0.00034228828772497476,0.001369153150899899,summer_internationals,2022,mixed
gbdt_v3,summer_internationals_2022,missed_penalty_goals,stable,position:Back-three,132,19,0.03681259624966804,0.07122961422724078,0.1635328343714027,0.4355676613876194,0.0043658228191529235,0.7145830741406813,0.022727272727272728,1.0,0.022727272727272728,0.025695332806756285,0.1464199626596352,summer_internationals,2022,mixed
gbdt_v3,summer_internationals_2022,missed_penalty_goals,stable,position:Centre,66,19,0.03965032038006671,0.08219962292312978,0.2939329724748666,0.279654311086717,-0.015738023732418484,5.222225092570596,0.045454545454545456,1.0,0.045454545454545456,0.01171771957398381,0.07770834287864416,summer_internationals,2022,mixed
gbdt_v3,summer_internationals_2022,missed_penalty_goals,stable,position:Fly-half,66,19,0.23493345340948352,0.934166537426857,0.6257282667287398,1.4929268615442437,0.13720740531963652,1.3243963781810821,0.16666666666666666,1.0,0.21212121212121213,0.056564490839564,0.4675935047525417,summer_internationals,2022,mixed
gbdt_v3,summer_internationals_2022,missed_penalty_goals,stable,position:Hooker,66,19,0.00021391800058236373,0.00042783600116472745,1.9999999999999997e-08,21391.800058236375,0.0,0.0,0.0,1.0,0.0,0.00021391800058236373,0.00042783600116472745,summer_internationals,2022,mixed
gbdt_v3,summer_internationals_2022,missed_penalty_goals,stable,position:Prop,132,19,0.00021303460679308452,0.00042606921358616904,1.9999999999999997e-08,21303.460679308457,0.0,0.0,0.0,1.0,0.0,0.00021303460679308452,0.000852138427172338,summer_internationals,2022,mixed
gbdt_v3,summer_internationals_2022,missed_penalty_goals,stable,position:Scrum-half,66,19,0.002568024132069817,0.005136048264139634,1.9999999999999997e-08,256802.41320698173,0.0,0.0,0.0,1.0,0.0,0.002568024132069817,0.005136048264139634,summer_internationals,2022,mixed
gbdt_v3,summer_internationals_2022,missed_penalty_goals,stable,position:Second-row,99,19,0.00028527707969872913,0.0005705541593974583,1.9999999999999994e-08,28527.70796987292,0.0,0.0,0.0,1.0,0.0,0.00028527707969872913,0.0008558312390961875,summer_internationals,2022,mixed
gbdt_v3,summer_internationals_2022,drop_goals_converted,stable,all,759,19,0.0013175230566534915,0.045904317085513485,0.01077753959178942,4.259257569369957,0.0013175230566534915,,0.0013175230566534915,0.0,0.0013175230566534915,0.0,0.030303030303030304,summer_internationals,2022,mixed
gbdt_v3,summer_internationals_2022,drop_goals_converted,stable,starter,492,19,0.0020325203252032522,0.07081579538192022,0.015928279566532165,4.445916150964314,0.0020325203252032522,,0.0020325203252032522,0.0,0.0020325203252032522,0.0,0.030303030303030304,summer_internationals,2022,mixed
gbdt_v3,summer_internationals_2022,drop_goals_converted,stable,bench,267,19,0.0,2e-08,0.0012862884023758182,1.5548612553031906e-05,0.0,,0.0,0.0,0.0,0.0,0.0,summer_internationals,2022,mixed
gbdt_v3,summer_internationals_2022,drop_goals_converted,stable,zero_minute,16,8,0.0,2e-08,0.004419203169191919,4.525702764568105e-06,0.0,,0.0,0.0,0.0,0.0,0.0,summer_internationals,2022,mixed
gbdt_v3,summer_internationals_2022,drop_goals_converted,stable,low_history,229,19,0.0,1.9999999999999997e-08,0.0012791852092982224,1.563495251088172e-05,0.0,,0.0,0.0,0.0,0.0,0.0,summer_internationals,2022,mixed
gbdt_v3,summer_internationals_2022,drop_goals_converted,stable,north,391,17,0.0025575447570332483,0.08910836140129091,0.019706901164758806,4.521683072153445,0.0025575447570332483,,0.0025575447570332483,0.0,0.0025575447570332483,0.0,0.058823529411764705,summer_internationals,2022,mixed
gbdt_v3,summer_internationals_2022,drop_goals_converted,stable,south,368,16,0.0,1.9999999999999997e-08,0.0012900929205094424,1.5502759283495823e-05,0.0,,0.0,0.0,0.0,0.0,0.0,summer_internationals,2022,mixed
gbdt_v3,summer_internationals_2022,drop_goals_converted,stable,position:Back-row,132,19,0.0,1.9999999999999997e-08,1.9999999999999997e-08,1.0,0.0,,0.0,0.0,0.0,0.0,0.0,summer_internationals,2022,mixed
gbdt_v3,summer_internationals_2022,drop_goals_converted,stable,position:Back-three,132,19,0.0,1.9999999999999997e-08,1.9999999999999997e-08,1.0,0.0,,0.0,0.0,0.0,0.0,0.0,summer_internationals,2022,mixed
gbdt_v3,summer_internationals_2022,drop_goals_converted,stable,position:Centre,66,19,0.0,1.9999999999999997e-08,1.9999999999999997e-08,1.0,0.0,,0.0,0.0,0.0,0.0,0.0,summer_internationals,2022,mixed
gbdt_v3,summer_internationals_2022,drop_goals_converted,stable,position:Fly-half,66,19,0.015151515151515152,0.5278994364834053,0.12394149530557833,4.259263091685854,0.015151515151515152,,0.015151515151515152,0.0,0.015151515151515152,0.0,0.030303030303030304,summer_internationals,2022,mixed
gbdt_v3,summer_internationals_2022,drop_goals_converted,stable,position:Hooker,66,19,0.0,1.9999999999999997e-08,1.9999999999999997e-08,1.0,0.0,,0.0,0.0,0.0,0.0,0.0,summer_internationals,2022,mixed
gbdt_v3,summer_internationals_2022,drop_goals_converted,stable,position:Prop,132,19,0.0,1.9999999999999997e-08,1.9999999999999997e-08,1.0,0.0,,0.0,0.0,0.0,0.0,0.0,summer_internationals,2022,mixed
gbdt_v3,summer_internationals_2022,drop_goals_converted,stable,position:Scrum-half,66,19,0.0,1.9999999999999997e-08,1.9999999999999997e-08,1.0,0.0,,0.0,0.0,0.0,0.0,0.0,summer_internationals,2022,mixed
gbdt_v3,summer_internationals_2022,drop_goals_converted,stable,position:Second-row,99,19,0.0,1.9999999999999994e-08,1.9999999999999994e-08,1.0,0.0,,0.0,0.0,0.0,0.0,0.0,summer_internationals,2022,mixed
gbdt_v3,summer_internationals_2022,drop_goal_missed,stable,all,759,19,0.0,1.9999999999999997e-08,0.009457146222511459,2.114802872815131e-06,0.0,,0.0,0.0,0.0,0.0,0.0,summer_internationals,2022,mixed
gbdt_v3,summer_internationals_2022,drop_goal_missed,stable,starter,492,19,0.0,2e-08,0.013247905087167068,1.5096726515178259e-06,0.0,,0.0,0.0,0.0,0.0,0.0,summer_internationals,2022,mixed
gbdt_v3,summer_internationals_2022,drop_goal_missed,stable,bench,267,19,0.0,2e-08,0.0024719276404494388,8.090851719415079e-06,0.0,,0.0,0.0,0.0,0.0,0.0,summer_internationals,2022,mixed
gbdt_v3,summer_internationals_2022,drop_goal_missed,stable,zero_minute,16,8,0.0,2e-08,0.0025000175,7.999944000391998e-06,0.0,,0.0,0.0,0.0,0.0,0.0,summer_internationals,2022,mixed
gbdt_v3,summer_internationals_2022,drop_goal_missed,stable,low_history,229,19,0.0,1.9999999999999997e-08,0.007273305329947708,2.749781439485339e-06,0.0,,0.0,0.0,0.0,0.0,0.0,summer_internationals,2022,mixed
gbdt_v3,summer_internationals_2022,drop_goal_missed,stable,north,391,17,0.0,1.9999999999999994e-08,0.009656770901714556,2.0710856872921156e-06,0.0,,0.0,0.0,0.0,0.0,0.0,summer_internationals,2022,mixed
gbdt_v3,summer_internationals_2022,drop_goal_missed,stable,south,368,16,0.0,1.9999999999999997e-08,0.009245045000858166,2.163321000400053e-06,0.0,,0.0,0.0,0.0,0.0,0.0,summer_internationals,2022,mixed
gbdt_v3,summer_internationals_2022,drop_goal_missed,stable,position:Back-row,132,19,0.0,1.9999999999999997e-08,1.9999999999999997e-08,1.0,0.0,,0.0,0.0,0.0,0.0,0.0,summer_internationals,2022,mixed
gbdt_v3,summer_internationals_2022,drop_goal_missed,stable,position:Back-three,132,19,0.0,1.9999999999999997e-08,0.017647554806070824,1.133301481127568e-06,0.0,,0.0,0.0,0.0,0.0,0.0,summer_internationals,2022,mixed
gbdt_v3,summer_internationals_2022,drop_goal_missed,stable,position:Centre,66,19,0.0,1.9999999999999997e-08,1.9999999999999997e-08,1.0,0.0,,0.0,0.0,0.0,0.0,0.0,summer_internationals,2022,mixed
gbdt_v3,summer_internationals_2022,drop_goal_missed,stable,position:Fly-half,66,19,0.0,1.9999999999999997e-08,0.07346190194674013,2.7224996181694283e-07,0.0,,0.0,0.0,0.0,0.0,0.0,summer_internationals,2022,mixed
gbdt_v3,summer_internationals_2022,drop_goal_missed,stable,position:Hooker,66,19,0.0,1.9999999999999997e-08,1.9999999999999997e-08,1.0,0.0,,0.0,0.0,0.0,0.0,0.0,summer_internationals,2022,mixed
gbdt_v3,summer_internationals_2022,drop_goal_missed,stable,position:Prop,132,19,0.0,1.9999999999999997e-08,1.9999999999999997e-08,1.0,0.0,,0.0,0.0,0.0,0.0,0.0,summer_internationals,2022,mixed
gbdt_v3,summer_internationals_2022,drop_goal_missed,stable,position:Scrum-half,66,19,0.0,1.9999999999999997e-08,1.9999999999999997e-08,1.0,0.0,,0.0,0.0,0.0,0.0,0.0,summer_internationals,2022,mixed
gbdt_v3,summer_internationals_2022,drop_goal_missed,stable,position:Second-row,99,19,0.0,1.9999999999999994e-08,1.9999999999999994e-08,1.0,0.0,,0.0,0.0,0.0,0.0,0.0,summer_internationals,2022,mixed
gbdt_v3,summer_internationals_2022,defenders_beaten,stable,all,759,19,0.7898674781988009,1.3165077136654622,1.3791998608859686,0.9545445522447817,0.11491253438420407,0.8108936901940749,0.39789196310935443,1.0,0.7918313570487484,0.8347812183648058,6.202086134177309,summer_internationals,2022,mixed
gbdt_v3,summer_internationals_2022,defenders_beaten,stable,starter,492,19,0.9804562245378028,1.5114907196683394,1.620211808793948,0.9328969900506167,0.22989736531387936,0.75092472522264,0.5142276422764228,1.0,1.0711382113821137,1.1202732015766508,5.58239996341241,summer_internationals,2022,mixed
gbdt_v3,summer_internationals_2022,defenders_beaten,stable,bench,267,19,0.43867023775389885,0.9572131857500481,0.9350879568757586,1.023661120551924,0.08189932505031043,0.6324922991718033,0.18352059925093633,1.0,0.27715355805243447,0.3087061032328666,1.6084967506025993,summer_internationals,2022,mixed
gbdt_v3,summer_internationals_2022,defenders_beaten,stable,zero_minute,16,8,0.31088957313702903,0.5918681688710657,0.7675254199296053,0.7711381975144872,0.015451466467762192,0.16187951307578652,0.0625,1.0,0.0625,0.29063920837352214,0.4522030154720423,summer_internationals,2022,mixed
gbdt_v3,summer_internationals_2022,defenders_beaten,stable,low_history,229,19,0.682559997301301,1.1417921782369265,1.232262501678551,0.9265819390605585,-0.03821329604410044,0.8590531958156107,0.3056768558951965,1.0,0.5807860262008734,0.7205599435053343,2.7497284489349574,summer_internationals,2022,mixed
gbdt_v3,summer_internationals_2022,defenders_beaten,stable,north,391,17,0.7579019324072833,1.1960721373295489,1.2184272535441034,0.9816524817960784,0.10074286997541278,0.7422497900432986,0.391304347826087,1.0,0.731457800511509,0.8497340639184334,5.539862653122755,summer_internationals,2022,mixed
gbdt_v3,summer_internationals_2022,defenders_beaten,stable,south,368,16,0.8238308706022884,1.4444705135223694,1.5500207561867003,0.9319039811286132,0.12147195674099388,0.896949380031703,0.4048913043478261,1.0,0.8559782608695652,0.8188938199640764,6.905698582797772,summer_internationals,2022,mixed
gbdt_v3,summer_internationals_2022,defenders_beaten,stable,position:Back-row,132,19,0.927756976773453,1.7379867124076749,1.9170770909480759,0.9065815457364663,-0.0023205800436923415,1.0183297549310322,0.4393939393939394,1.0,0.8560606060606061,0.8429304770363243,2.1456773546077663,summer_internationals,2022,mixed
gbdt_v3,summer_internationals_2022,defenders_beaten,stable,position:Back-three,132,19,1.3125724184905154,1.90098257337629,1.8177401290907038,1.0457944691616765,0.547909702520867,0.6234885746259322,0.6287878787878788,1.0,1.5984848484848484,1.684995024318262,2.6115951174725107,summer_internationals,2022,mixed
gbdt_v3,summer_internationals_2022,defenders_beaten,stable,position:Centre,66,19,1.1304730065709556,1.5159725375134938,1.4313075409707603,1.0591522046235506,1.1449205168082472,0.13045442100551982,0.6515151515151515,1.0,1.3484848484848484,1.5604249369822973,1.6233452179545214,summer_internationals,2022,mixed
gbdt_v3,summer_internationals_2022,defenders_beaten,stable,position:Fly-half,66,19,0.8173682318115585,1.2682107959144706,1.3431172563481457,0.9442293961456938,-0.02925382837559503,1.0202980321648936,0.3939393939393939,1.0,0.8181818181818182,0.8305765764923646,1.249823211449802,summer_internationals,2022,mixed
gbdt_v3,summer_internationals_2022,defenders_beaten,stable,position:Hooker,66,19,0.5024135952471801,0.9163194857665179,0.9189406202128916,0.9971476563461016,0.08311843867985852,1.0514952255400025,0.3939393939393939,1.0,0.5,0.3964654819103428,0.5748638311505101,summer_internationals,2022,mixed
gbdt_v3,summer_internationals_2022,defenders_beaten,stable,position:Prop,132,19,0.36194276989648894,0.6624880038217725,0.8521640128232347,0.7774184239803061,-0.1459526247197761,1.2782970311747432,0.18181818181818182,1.0,0.26515151515151514,0.32160298416205396,0.8952144019670583,summer_internationals,2022,mixed
gbdt_v3,summer_internationals_2022,defenders_beaten,stable,position:Scrum-half,66,19,0.6507404632000635,1.2455776042885018,1.17994770610247,1.055621022733979,0.35739684966646795,0.13857728338834818,0.30303030303030304,1.0,0.4393939393939394,0.5917065750068381,1.0110877008661827,summer_internationals,2022,mixed
gbdt_v3,summer_internationals_2022,defenders_beaten,stable,position:Second-row,99,19,0.5186242480903588,1.0605624696389038,1.2090152072202274,0.8772118525104025,-0.24656211740372747,1.783312024971409,0.2222222222222222,1.0,0.37373737373737376,0.34783564651342813,1.140031129732502,summer_internationals,2022,mixed
gbdt_v3,summer_internationals_2022,clean_breaks,stable,all,759,19,0.25813466423944165,0.5669585775122893,0.6346312486771823,0.8933669413443647,0.029393963318832376,0.7386391027943676,0.13438735177865613,1.0,0.16205533596837945,0.17960242308817917,1.3228315494100629,summer_internationals,2022,mixed
gbdt_v3,summer_internationals_2022,clean_breaks,stable,starter,492,19,0.3400773676001624,0.716535107327491,0.8108766529143926,0.883654874945744,0.0527392724765017,0.6722355972575433,0.17886178861788618,1.0,0.21747967479674796,0.24506349112174716,1.2245403879803565,summer_internationals,2022,mixed
gbdt_v3,summer_internationals_2022,clean_breaks,stable,bench,267,19,0.10713912096800134,0.29133441021236667,0.3098644363749075,0.940199571208226,-0.061685281229219645,2.061977964797868,0.052434456928838954,1.0,0.0599250936329588,0.058977533678008856,0.5613904535519989,summer_internationals,2022,mixed
gbdt_v3,summer_internationals_2022,clean_breaks,stable,zero_minute,16,8,0.060325746202900356,0.12065149240580071,0.2198931489592424,0.5486823622147668,0.0,0.0,0.0,1.0,0.0,0.060325746202900356,0.08774653993149141,summer_internationals,2022,mixed
gbdt_v3,summer_internationals_2022,clean_breaks,stable,low_history,229,19,0.26886929626212686,0.56957228480881,0.6202805974612415,0.918249397353429,-0.006448930599710593,0.8822212235073641,0.11353711790393013,1.0,0.1572052401746725,0.18550241868333034,0.9666383547313651,summer_internationals,2022,mixed
gbdt_v3,summer_internationals_2022,clean_breaks,stable,north,391,17,0.25920910594081076,0.5494586909662563,0.6143398879169756,0.8943887606407749,0.018147925503099425,0.7699318702593321,0.1329923273657289,1.0,0.16112531969309463,0.18570135840959126,1.399994921765765,summer_internationals,2022,mixed
gbdt_v3,summer_internationals_2022,clean_breaks,stable,south,368,16,0.256993069931737,0.5855522069674491,0.6561908194849021,0.8923505016834844,0.04163905220910502,0.7012639216894234,0.1358695652173913,1.0,0.16304347826086957,0.1731223043091788,1.2408454662821293,summer_internationals,2022,mixed
gbdt_v3,summer_internationals_2022,clean_breaks,stable,position:Back-row,132,19,0.23631956707846402,0.5533425380101372,0.5846146916697217,0.9465080948098176,0.12030916575187085,0.006052023136603851,0.11363636363636363,1.0,0.12121212121212122,0.14919894386872629,0.6168152548315546,summer_internationals,2022,mixed
gbdt_v3,summer_internationals_2022,clean_breaks,stable,position:Back-three,132,19,0.535549717718221,0.9845905599208531,1.2055271290478453,0.8167303216962912,0.10763462468450163,0.6676856111249843,0.29545454545454547,1.0,0.4015151515151515,0.4401480606051855,0.833404383891359,summer_internationals,2022,mixed
gbdt_v3,summer_internationals_2022,clean_breaks,stable,position:Centre,66,19,0.49227683548306755,0.9825714753392863,0.9387065959895912,1.0467290626667565,0.4319113694103213,-0.35520512245808095,0.25757575757575757,1.0,0.3181818181818182,0.3201799299556126,0.7575322441378004,summer_internationals,2022,mixed
gbdt_v3,summer_internationals_2022,clean_breaks,stable,position:Fly-half,66,19,0.2693374343570565,0.5920917234174177,0.6379101292086795,0.9281741993216206,0.009612620489905303,1.1485588427808568,0.18181818181818182,1.0,0.19696969696969696,0.1631236202284319,0.4722387009459501,summer_internationals,2022,mixed
gbdt_v3,summer_internationals_2022,clean_breaks,stable,position:Hooker,66,19,0.10990576402663496,0.27154130894174894,0.3494891044492054,0.7769664504125182,0.03896921942339976,-0.10282335948331228,0.030303030303030304,1.0,0.030303030303030304,0.08428229892426277,0.21242222578073394,summer_internationals,2022,mixed
gbdt_v3,summer_internationals_2022,clean_breaks,stable,position:Prop,132,19,0.0784758925005603,0.22252772177509092,0.24093979387856013,0.9235822700473075,-0.05586826718976378,2.4961806658003227,0.045454545454545456,1.0,0.045454545454545456,0.04059113750559529,0.27283014270121236,summer_internationals,2022,mixed
gbdt_v3,summer_internationals_2022,clean_breaks,stable,position:Scrum-half,66,19,0.19630083995512468,0.4525731489944309,0.6693632939892789,0.6761248384224662,0.08756461554951628,-0.26465747120085736,0.045454545454545456,1.0,0.045454545454545456,0.159111586398451,0.35396974762008077,summer_internationals,2022,mixed
gbdt_v3,summer_internationals_2022,clean_breaks,stable,position:Second-row,99,19,0.13335827355813656,0.4668828968575199,0.4270846713057262,1.093185797163168,0.04114457832156234,0.9466435516983649,0.08080808080808081,1.0,0.09090909090909091,0.052569430698858576,0.3515185658250164,summer_internationals,2022,mixed
gbdt_v3,summer_internationals_2022,offload,stable,all,759,19,0.40115141974069857,0.7679522524013833,0.7488544649925575,1.0255026688116438,0.07728601669968459,0.5259254271980373,0.20553359683794467,1.0,0.25296442687747034,0.33403673048048693,3.356037825066042,summer_internationals,2022,mixed
gbdt_v3,summer_internationals_2022,offload,stable,starter,492,19,0.5123078152939718,0.9412381273705671,0.904757275084235,1.0403211483244892,0.16471839532770857,0.4014209104948396,0.27235772357723576,1.0,0.34146341463414637,0.4402984864155702,3.048219081819583,summer_internationals,2022,mixed
gbdt_v3,summer_internationals_2022,offload,stable,bench,267,19,0.19632390433916128,0.4486389547053594,0.4615728823517137,0.9719785798930477,0.016441792136412524,0.5313363106192135,0.08239700374531835,1.0,0.0898876404494382,0.13822855100460335,0.7462132479548161,summer_internationals,2022,mixed
gbdt_v3,summer_internationals_2022,offload,stable,zero_minute,16,8,0.28246194988234263,0.9783888723590124,1.078011634554167,0.9075865612189282,-0.18993694790802226,3.323385146297717,0.0625,1.0,0.1875,0.11357002913986378,0.41085374528340757,summer_internationals,2022,mixed
gbdt_v3,summer_internationals_2022,offload,stable,low_history,229,19,0.3196108755404627,0.606503093810806,0.6229297433534289,0.9736300125047923,-0.02842139617897671,0.9458299329348944,0.16593886462882096,1.0,0.2052401746724891,0.24704395866011336,1.3490791299739582,summer_internationals,2022,mixed
gbdt_v3,summer_internationals_2022,offload,stable,north,391,17,0.3872390234411812,0.7399412791686906,0.7112493623774115,1.0403401652204987,0.054115209989395174,0.5610829945769552,0.19948849104859334,1.0,0.24040920716112532,0.332025741240281,2.623067753120228,summer_internationals,2022,mixed
gbdt_v3,summer_internationals_2022,offload,stable,south,368,16,0.41593334080893585,0.7977139114611194,0.78880988652115,1.0112879225934126,0.09955221719433577,0.4960301064380586,0.21195652173913043,1.0,0.266304347826087,0.3361734065482058,4.134818526508467,summer_internationals,2022,mixed
gbdt_v3,summer_internationals_2022,offload,stable,position:Back-row,132,19,0.4849391798161042,0.9027773525803422,0.9367428829343457,0.9637408183474995,0.02690556506600199,0.8870144011373139,0.26515151515151514,1.0,0.3484848484848485,0.36254122030772395,1.1312608312638377,summer_internationals,2022,mixed
gbdt_v3,summer_internationals_2022,offload,stable,position:Back-three,132,19,0.5586824423123449,0.9438465935287734,0.926577885878738,1.0186370815807442,0.11671473050671366,0.5255050466446329,0.29545454545454547,1.0,0.3939393939393939,0.5275394883508134,1.2216993333499349,summer_internationals,2022,mixed
gbdt_v3,summer_internationals_2022,offload,stable,position:Centre,66,19,0.5399071466420989,0.9225239861445546,0.8418125203727908,1.095878195938475,0.22553537537567603,0.23544190739215243,0.3333333333333333,1.0,0.36363636363636365,0.5865607775198082,0.7957497278849464,summer_internationals,2022,mixed
gbdt_v3,summer_internationals_2022,offload,stable,position:Fly-half,66,19,0.5089011285123108,1.0735540199752056,0.9807841629797361,1.0945874337057238,0.23421931129041407,0.16857081577222485,0.21212121212121213,1.0,0.30303030303030304,0.4082022823741168,0.8604931780624268,summer_internationals,2022,mixed
gbdt_v3,summer_internationals_2022,offload,stable,position:Hooker,66,19,0.28810602690094184,0.6334086876891427,0.5988121805069674,1.0577752228635116,0.16007535466564715,-0.04425005674390066,0.15151515151515152,1.0,0.15151515151515152,0.19345067058418125,0.47898374360971885,summer_internationals,2022,mixed
gbdt_v3,summer_internationals_2022,offload,stable,position:Prop,132,19,0.2270345559311562,0.5460852296648524,0.522479901864114,1.0451793987032207,0.05720476531659592,0.499323005408354,0.11363636363636363,1.0,0.12878787878787878,0.14336033528585584,0.5962422202801924,summer_internationals,2022,mixed
gbdt_v3,summer_internationals_2022,offload,stable,position:Scrum-half,66,19,0.35639080439941323,0.6804364242246347,0.6915040421774734,0.9839948615224461,0.07861597143228657,0.4232264446493955,0.18181818181818182,1.0,0.19696969696969696,0.2796463383460258,0.5670076992786629,summer_internationals,2022,mixed
gbdt_v3,summer_internationals_2022,offload,stable,position:Second-row,99,19,0.25241590962937244,0.4907396220229565,0.4848747333486988,1.0120956780605022,-0.09755712136372352,0.9712097194714049,0.09090909090909091,1.0,0.10101010101010101,0.2044534958751213,0.5823879598866868,summer_internationals,2022,mixed
gbdt_v3,summer_internationals_2022,runs,stable,all,759,19,2.061660608821396,1.825304009777889,1.9971086517940224,0.9139733124375583,0.27421360909532755,0.8483447873657285,0.8827404479578392,1.0,4.169960474308301,4.592173987783912,18.61688116937531,summer_internationals,2022,mixed
gbdt_v3,summer_internationals_2022,runs,stable,starter,492,19,2.3342877048595234,1.7143155180018745,1.941169379775211,0.8831354625016771,0.5026966519180512,0.8150782592048897,0.9654471544715447,1.0,5.345528455284553,5.941554382876926,15.223248663733395,summer_internationals,2022,mixed
gbdt_v3,summer_internationals_2022,runs,stable,bench,267,19,1.5592915779196774,2.02982212945504,2.100187759783742,0.9664955525995695,0.24299034561781435,0.8361949193222773,0.7303370786516854,1.0,2.0037453183520597,2.105675282219258,6.663067549107337,summer_internationals,2022,mixed
gbdt_v3,summer_internationals_2022,runs,stable,zero_minute,16,8,1.7640343739708058,3.0088026868346316,3.3659007863022117,0.8939071225982602,-2.785278785457342,2.1505751483081594,0.25,1.0,1.0625,1.7891859247440676,2.1901310766902684,summer_internationals,2022,mixed
gbdt_v3,summer_internationals_2022,runs,stable,low_history,229,19,1.9104776755265875,1.965838035476873,2.051449300850595,0.9582679107213496,0.17205176137447753,0.7541139731867149,0.8034934497816594,1.0,3.1179039301310043,3.906375260901245,9.944826932899884,summer_internationals,2022,mixed
gbdt_v3,summer_internationals_2022,runs,stable,north,391,17,2.1024089669533543,1.9544656337970916,2.109577219888379,0.9264726673055872,0.18675527685313267,0.7780102173969714,0.8644501278772379,1.0,3.843989769820972,4.700753809126105,22.72278421150452,summer_internationals,2022,mixed
gbdt_v3,summer_internationals_2022,runs,stable,south,368,16,2.0183654783061895,1.6880697842574863,1.8776107981937684,0.899052021793538,0.26669936887659473,0.949248895120736,0.9021739130434783,1.0,4.516304347826087,4.476807927607831,14.254359187113028,summer_internationals,2022,mixed
gbdt_v3,summer_internationals_2022,runs,stable,position:Back-row,132,19,2.5028738467328715,1.851621210863441,2.2980487267631773,0.8057362706453428,0.07965301894150051,0.9015284858759328,0.9621212121212122,1.0,5.4393939393939394,5.945170900778437,5.815059543622738,summer_internationals,2022,mixed
gbdt_v3,summer_internationals_2022,runs,stable,position:Back-three,132,19,2.524988519280363,2.0081352108567074,2.1117195196393723,0.9509478849727381,0.40577192842541276,0.8293858877602609,0.9166666666666666,1.0,5.348484848484849,5.959485196218048,5.718262538482628,summer_internationals,2022,mixed
gbdt_v3,summer_internationals_2022,runs,stable,position:Centre,66,19,2.3527235050223294,1.5621975840415123,1.7712736503653872,0.8819628653761401,1.1873786629257763,0.6914381697578866,1.0,1.0,5.742424242424242,6.587784387277111,3.8438262524030162,summer_internationals,2022,mixed
gbdt_v3,summer_internationals_2022,runs,stable,position:Fly-half,66,19,1.9355661887047229,2.134375647103904,2.252461411498341,0.947574789165473,0.2188027722186638,0.7486649215010949,0.7575757575757576,1.0,2.9393939393939394,3.633923654016555,2.5662300362343857,summer_internationals,2022,mixed
gbdt_v3,summer_internationals_2022,runs,stable,position:Hooker,66,19,1.970077952722304,1.7843498589720033,1.7292237991116188,1.03187907770452,0.8056818719502187,0.9030683856704506,0.9393939393939394,1.0,4.015151515151516,3.5539608008960952,3.0571062007630516,summer_internationals,2022,mixed
gbdt_v3,summer_internationals_2022,runs,stable,position:Prop,132,19,1.7902487528280666,1.880208935439883,2.0023952558275866,0.9389799191582662,0.08552385593221164,0.9216655826816101,0.7954545454545454,1.0,3.0,3.1621839839001504,3.8982956607793,summer_internationals,2022,mixed
gbdt_v3,summer_internationals_2022,runs,stable,position:Scrum-half,66,19,1.5669370115723007,2.0148286676851295,1.9757629871707216,1.0197724528539476,1.373112162972208,0.294882929472805,0.803030303030303,1.0,2.1818181818181817,2.7424646801080934,2.3154027342571135,summer_internationals,2022,mixed
gbdt_v3,summer_internationals_2022,runs,stable,position:Second-row,99,19,1.4983800704945291,1.343542426882075,1.60913376201661,0.8349476336872774,-0.4554165234770329,1.0040495050054996,0.8686868686868687,1.0,3.6666666666666665,4.1054581169492455,3.063017500195624,summer_internationals,2022,mixed
gbdt_v3,summer_internationals_2022,tackles,stable,all,759,19,2.4633751237191626,2.1296065263002038,2.036048228189405,1.04595092435212,0.4305420795638493,0.9805484186302557,0.9090909090909091,1.0,5.256916996047431,4.922117893194528,32.04477166846217,summer_internationals,2022,mixed
gbdt_v3,summer_internationals_2022,tackles,stable,starter,492,19,2.7786645546329836,1.983222231430905,1.9221879540141669,1.0317525022926495,0.6076337621079484,0.9612839101176585,0.9715447154471545,1.0,6.638211382113822,6.273461520091123,24.598896541103752,summer_internationals,2022,mixed
gbdt_v3,summer_internationals_2022,tackles,stable,bench,267,19,1.8823923521476262,2.3993483730256533,2.245858171613439,1.068343675193855,0.953741722803446,0.7228074201902367,0.7940074906367042,1.0,2.7116104868913857,2.432001547003049,9.308551781786296,summer_internationals,2022,mixed
gbdt_v3,summer_internationals_2022,tackles,stable,zero_minute,16,8,2.861557389700873,5.3540398132517755,6.329950854016395,0.8458264426894567,-3.0944517112219168,2.556947288124506,0.3125,1.0,2.4375,2.1634985347232347,3.879993278590321,summer_internationals,2022,mixed
gbdt_v3,summer_internationals_2022,tackles,stable,low_history,229,19,2.0931238176297375,2.12313991878254,2.0452357225592355,1.0380905708637935,0.03451987056156053,1.000224083025857,0.834061135371179,1.0,4.039301310043668,4.003884236987101,9.23279032362582,summer_internationals,2022,mixed
gbdt_v3,summer_internationals_2022,tackles,stable,north,391,17,2.4660053076581105,2.0999894687904406,1.8269776699972524,1.1494335717817497,0.4646220882407465,1.0907810068795107,0.9156010230179028,1.0,5.657289002557545,4.760503603901116,32.89591908453902,summer_internationals,2022,mixed
gbdt_v3,summer_internationals_2022,tackles,stable,south,368,16,2.460580553284029,2.161074649904328,2.258185696268567,0.9569959872986948,0.19449746606700227,0.9103212068930346,0.9021739130434783,1.0,4.831521739130435,5.093833075568779,31.140427538880505,summer_internationals,2022,mixed
gbdt_v3,summer_internationals_2022,tackles,stable,position:Back-row,132,19,3.4878732224267104,2.535556314976852,2.292829206197613,1.1058635802977115,2.3290639161544373,0.8184724586290977,0.9848484848484849,1.0,8.454545454545455,7.484041122960828,10.897592708783254,summer_internationals,2022,mixed
gbdt_v3,summer_internationals_2022,tackles,stable,position:Back-three,132,19,1.6641253186620255,1.7560775364972427,1.9242376000350196,0.9126095116659624,-0.16163903493312387,1.110758986352876,0.8484848484848485,1.0,2.962121212121212,2.8122754669859162,3.8988891014858615,summer_internationals,2022,mixed
gbdt_v3,summer_internationals_2022,tackles,stable,position:Centre,66,19,2.5840889100262423,1.800551715281948,1.664869226548793,1.0814973852417342,5.113401157654756,0.10630452822731125,0.9848484848484849,1.0,5.787878787878788,6.34476857638457,4.183779071119957,summer_internationals,2022,mixed
gbdt_v3,summer_internationals_2022,tackles,stable,position:Fly-half,66,19,2.09579335111361,2.8443185661897066,2.6480280392106836,1.0741270575962378,1.2068193602581736,0.6955887786602102,0.7575757575757576,1.0,3.378787878787879,3.1224892999469924,2.778563672648552,summer_internationals,2022,mixed
gbdt_v3,summer_internationals_2022,tackles,stable,position:Hooker,66,19,2.5323568946749675,2.137070044901947,1.9315541010907598,1.1063992687003337,1.849671412629109,0.721545525819704,0.9545454545454546,1.0,5.4393939393939394,4.975046477748949,3.6956535418212444,summer_internationals,2022,mixed
gbdt_v3,summer_internationals_2022,tackles,stable,position:Prop,132,19,2.1801849972574288,1.8957171473197205,1.8629067181156787,1.0176124917501126,-0.11307868952935454,1.1115506856146744,0.9166666666666666,1.0,4.833333333333333,4.450010320606636,5.131857432901935,summer_internationals,2022,mixed
gbdt_v3,summer_internationals_2022,tackles,stable,position:Scrum-half,66,19,1.51151558741331,1.4573078942880964,1.6174540732452385,0.90098873185572,-0.42858687198482837,0.9999335641844713,0.8181818181818182,1.0,2.8484848484848486,3.277289449867,2.1748106058147996,summer_internationals,2022,mixed
gbdt_v3,summer_internationals_2022,tackles,stable,position:Second-row,99,19,3.2937947352332704,2.5843498894686765,2.2618014235907062,1.1426068895853425,1.1964654516510727,0.9268741039356553,0.9595959595959596,1.0,7.0,6.261405431121869,7.91656022165864,summer_internationals,2022,mixed
gbdt_v3,summer_internationals_2022,missed_tackles,stable,all,759,19,0.7380276934571668,1.2049245068719299,1.160647844816587,1.0381482309669388,0.23545755538064214,0.6320835266038485,0.47299077733860345,1.0,0.7430830039525692,0.8030986842820771,6.168604841809365,summer_internationals,2022,mixed
gbdt_v3,summer_internationals_2022,missed_tackles,stable,starter,492,19,0.8505429201689179,1.2922301951407988,1.261395764075181,1.0244446920972696,0.48742212370729726,0.43896703294144296,0.5711382113821138,1.0,0.943089430894309,1.038044483964234,5.12334980654431,summer_internationals,2022,mixed
gbdt_v3,summer_internationals_2022,missed_tackles,stable,bench,267,19,0.5306962644602322,1.0440466093877219,0.9749999935985039,1.0708170423000545,0.4007103886665843,-0.0707213377460392,0.29213483146067415,1.0,0.37453183520599254,0.37016485115990055,1.852007417732209,summer_internationals,2022,mixed
gbdt_v3,summer_internationals_2022,missed_tackles,stable,zero_minute,16,8,0.397765599701423,0.7694887309808806,0.945242176079419,0.814065168116481,-0.1727103308699542,1.2521880725944126,0.1875,1.0,0.25,0.3375773496980685,0.5425221905910358,summer_internationals,2022,mixed
gbdt_v3,summer_internationals_2022,missed_tackles,stable,low_history,229,19,0.6703498823851368,1.1171913974032301,1.0833088112120175,1.0312769413859972,0.18002786186967473,0.8435762671011847,0.47161572052401746,1.0,0.7205240174672489,0.6407199641295067,2.3561080276418385,summer_internationals,2022,mixed
gbdt_v3,summer_internationals_2022,missed_tackles,stable,north,391,17,0.7266757075340186,1.1858330081697857,1.1853294262009155,1.0004248455811007,0.06706177940215742,0.9688898744650084,0.48081841432225064,1.0,0.782608695652174,0.7385224421352523,6.118752774341603,summer_internationals,2022,mixed
gbdt_v3,summer_internationals_2022,missed_tackles,stable,south,368,16,0.7500891785005118,1.225209224242958,1.134423664595738,1.080027914156368,0.27091986063369045,0.493474471155208,0.46467391304347827,1.0,0.7010869565217391,0.8717109415630785,6.221572663493862,summer_internationals,2022,mixed
gbdt_v3,summer_internationals_2022,missed_tackles,stable,position:Back-row,132,19,0.7683841093539746,1.233366166695398,1.2179677662705986,1.0126426994631796,0.35418031943805783,0.4753239233438589,0.5,1.0,0.7651515151515151,0.8646128998143281,1.8179803248745465,summer_internationals,2022,mixed
gbdt_v3,summer_internationals_2022,missed_tackles,stable,position:Back-three,132,19,0.7521343694096516,1.2465200128389395,1.0918481338052957,1.141660615835449,0.5041411586276415,0.23630589523125142,0.49242424242424243,1.0,0.7196969696969697,0.912189731273451,1.4879031573308454,summer_internationals,2022,mixed
gbdt_v3,summer_internationals_2022,missed_tackles,stable,position:Centre,66,19,1.0982912588372848,1.6352904013105722,1.506449254522788,1.085526376942978,1.5362632987303746,-0.22496741911903897,0.6363636363636364,1.0,1.2575757575757576,1.2387906757607066,1.6697410871283542,summer_internationals,2022,mixed
gbdt_v3,summer_internationals_2022,missed_tackles,stable,position:Fly-half,66,19,0.8602738705566747,1.3592196114117854,1.330383625218636,1.021674940706227,0.0785991120326444,1.201816795157864,0.4393939393939394,1.0,0.9242424242424242,0.7036374559058317,1.1699080847789691,summer_internationals,2022,mixed
gbdt_v3,summer_internationals_2022,missed_tackles,stable,position:Hooker,66,19,0.5631746648856174,0.9371875825737545,0.9877914627421747,0.948770684828617,-0.04585987950307431,0.9405400386200952,0.45454545454545453,1.0,0.5909090909090909,0.677024841330939,0.8389957703181784,summer_internationals,2022,mixed
gbdt_v3,summer_internationals_2022,missed_tackles,stable,position:Prop,132,19,0.6442963435815432,1.0855059693510356,1.0993689862878449,0.9873900236319932,0.10576850699304595,0.8001476775452826,0.4015151515151515,1.0,0.5833333333333334,0.5968458570115147,1.0616451271409733,summer_internationals,2022,mixed
gbdt_v3,summer_internationals_2022,missed_tackles,stable,position:Scrum-half,66,19,0.5973928943128936,0.9776295219087394,0.9788346094648933,0.9987688547743395,0.05392141424105936,0.8469551143157943,0.5,1.0,0.696969696969697,0.7592471807058141,0.8455424055246957,summer_internationals,2022,mixed
gbdt_v3,summer_internationals_2022,missed_tackles,stable,position:Second-row,99,19,0.6923707609830727,1.2110136093677306,1.1504143271431866,1.0526760496585867,0.23459487195553866,0.5294535420262542,0.41414141414141414,1.0,0.6262626262626263,0.7397584928946714,1.1963442688689998,summer_internationals,2022,mixed
gbdt_v3,summer_internationals_2022,rucks_won,stable,all,759,19,1.7621140162948903,2.074592649247529,2.9202983579610513,0.7104043474160657,0.8122513291393837,0.781831969870385,0.8353096179183136,1.0,3.2028985507246377,3.0577506596226627,15.724446264561331,summer_internationals,2022,mixed
gbdt_v3,summer_internationals_2022,rucks_won,stable,starter,492,19,2.0096906345273564,2.0225816693685914,3.236002574696809,0.6250247404571653,1.338774727365813,0.6864036660698788,0.9186991869918699,1.0,4.07520325203252,3.9866170009472643,12.111400942839916,summer_internationals,2022,mixed
gbdt_v3,summer_internationals_2022,rucks_won,stable,bench,267,19,1.3059054164058506,2.1704331065525384,2.3385512619535866,0.928110126069845,0.8534931425478458,0.5512183016099451,0.6816479400749064,1.0,1.595505617977528,1.346131783473959,6.384550300537754,summer_internationals,2022,mixed
gbdt_v3,summer_internationals_2022,rucks_won,stable,zero_minute,16,8,0.892889673537195,1.5518967155644332,1.5838488196482805,0.9798262916968661,-0.6086741224119825,1.138252494835956,0.25,1.0,0.625,1.083831687616708,1.2170586088131599,summer_internationals,2022,mixed
gbdt_v3,summer_internationals_2022,rucks_won,stable,low_history,229,19,1.6835113671751774,2.958973677897837,1.7185238760348154,1.7218112120299056,1.5753878876632001,0.37805441322251804,0.759825327510917,1.0,2.1921397379912664,1.6313838134328396,8.68630108115931,summer_internationals,2022,mixed
gbdt_v3,summer_internationals_2022,rucks_won,stable,north,391,17,1.7563273687243994,2.000071009476925,2.799514654276889,0.7144349133594876,0.424658948839147,0.7863202764549424,0.8005115089514067,1.0,2.976982097186701,3.24590783777634,15.888941436916117,summer_internationals,2022,mixed
gbdt_v3,summer_internationals_2022,rucks_won,stable,south,368,16,1.7682623293385367,2.153771891503796,3.0486310431254737,0.7064718101458867,1.0952539104364238,0.821489685285358,0.8722826086956522,1.0,3.442934782608696,2.857833657834381,15.549670143934375,summer_internationals,2022,mixed
gbdt_v3,summer_internationals_2022,rucks_won,stable,position:Back-row,132,19,2.353912539649266,2.39446710479333,3.543705874202667,0.6756957800094188,1.6384288287159463,0.6939796664465459,0.946969696969697,1.0,4.5227272727272725,4.156171403090368,5.250265332176732,summer_internationals,2022,mixed
gbdt_v3,summer_internationals_2022,rucks_won,stable,position:Back-three,132,19,1.9547773792960677,2.3657512142676076,2.986058101732644,0.7922656337111771,1.4784690731700625,0.6133223174397558,0.8863636363636364,1.0,3.606060606060606,3.4689615433723873,4.695853463208847,summer_internationals,2022,mixed
gbdt_v3,summer_internationals_2022,rucks_won,stable,position:Centre,66,19,1.989578671515035,1.7839534803010515,3.2420782230403,0.5502499808990193,0.7668913596893753,0.7901664157812551,0.9242424242424242,1.0,4.136363636363637,4.264256502654302,3.0202791074665534,summer_internationals,2022,mixed
gbdt_v3,summer_internationals_2022,rucks_won,stable,position:Fly-half,66,19,1.2235993825380933,1.6096677151541978,2.160948087654818,0.7448895808048307,0.35114839924942354,0.8340024964645537,0.6818181818181818,1.0,1.696969696969697,1.6136897712241702,1.7863378596658275,summer_internationals,2022,mixed
gbdt_v3,summer_internationals_2022,rucks_won,stable,position:Hooker,66,19,1.754520012013355,2.075107772649752,3.218205731812431,0.6448027085829258,0.9523260593041412,0.8069044549424359,0.8939393939393939,1.0,3.227272727272727,2.8193507348164024,2.6096112925396917,summer_internationals,2022,mixed
gbdt_v3,summer_internationals_2022,rucks_won,stable,position:Prop,132,19,1.5898098727484313,1.9924674775314912,2.928460069468925,0.6803806199388692,0.7745886383527778,0.7500130144281099,0.7954545454545454,1.0,2.6515151515151514,2.5025252589697273,3.530301925591483,summer_internationals,2022,mixed
gbdt_v3,summer_internationals_2022,rucks_won,stable,position:Scrum-half,66,19,1.2725013686270912,2.262219079717014,2.2559007982695523,1.00280077982698,0.9654928572031434,0.20279367634290596,0.5606060606060606,1.0,1.2424242424242424,1.3655819560804876,1.7738244790461528,summer_internationals,2022,mixed
gbdt_v3,summer_internationals_2022,rucks_won,stable,position:Second-row,99,19,1.484741446206754,1.747663883559808,2.5265667899776756,0.6917148956807313,0.9140542710290444,0.742604661841735,0.8585858585858586,1.0,3.313131313131313,3.2306248066801984,2.886085613081869,summer_internationals,2022,mixed
gbdt_v3,summer_internationals_2022,rucks_lost,stable,all,759,19,0.2740225258334397,0.6923378695474077,0.6859381047051062,1.0093299450758066,0.09183746183952972,0.47359242582145633,0.155467720685112,1.0,0.1712779973649539,0.16774029987416453,1.531996892632832,summer_internationals,2022,mixed
gbdt_v3,summer_internationals_2022,rucks_lost,stable,starter,492,19,0.33714008541576684,0.7378940979354698,0.7643072882452239,0.9654416610753559,0.10983026874173385,0.4469691882831395,0.18902439024390244,1.0,0.20934959349593496,0.2226536579321414,1.4626416713971773,summer_internationals,2022,mixed
gbdt_v3,summer_internationals_2022,rucks_lost,stable,bench,267,19,0.15771601154690443,0.608391561057046,0.541527474361518,1.1234731197606609,0.13681197113052168,-0.5362508809845202,0.09363295880149813,1.0,0.10112359550561797,0.0665516400819375,0.7665554426636288,summer_internationals,2022,mixed
gbdt_v3,summer_internationals_2022,rucks_lost,stable,zero_minute,16,8,0.16750765209009122,0.4968001471940352,0.568193624369288,0.8743500910371853,0.05301108777865056,1.1317939433070283,0.125,1.0,0.125,0.06360602355849557,0.23911740686922076,summer_internationals,2022,mixed
gbdt_v3,summer_internationals_2022,rucks_lost,stable,low_history,229,19,0.2242661303813135,0.8148142740053064,0.6693233627137698,1.2173701373602799,0.16746135344885935,0.03477467120591371,0.16593886462882096,1.0,0.1703056768558952,0.08179296333798716,1.0844122985515847,summer_internationals,2022,mixed
gbdt_v3,summer_internationals_2022,rucks_lost,stable,north,391,17,0.2665143820151876,0.6725376014395265,0.6843330177837936,0.9827636311010296,0.07156304616043281,0.5563091304286086,0.14066496163682865,1.0,0.16112531969309463,0.16099371488592767,1.4225157836921691,summer_internationals,2022,mixed
gbdt_v3,summer_internationals_2022,rucks_lost,stable,south,368,16,0.28199992864033263,0.7133756544120314,0.6876435095590007,1.0374207630775623,0.11107031685393551,0.4058972645350395,0.17119565217391305,1.0,0.18206521739130435,0.17490854642416623,1.648320570882286,summer_internationals,2022,mixed
gbdt_v3,summer_internationals_2022,rucks_lost,stable,position:Back-row,132,19,0.3175131969327446,0.7117847908170776,0.8374149080566152,0.8499786473456905,0.06580984551157801,0.8702877276477126,0.19696969696969696,1.0,0.22727272727272727,0.1855281611261654,0.816604843413347,summer_internationals,2022,mixed
gbdt_v3,summer_internationals_2022,rucks_lost,stable,position:Back-three,132,19,0.290657502774375,0.6298604560160819,0.6143811523576056,1.0251949520246129,0.059122728633417415,0.5296556015383542,0.15151515151515152,1.0,0.16666666666666666,0.20304503099918927,0.7398545573847898,summer_internationals,2022,mixed
gbdt_v3,summer_internationals_2022,rucks_lost,stable,position:Centre,66,19,0.36262299114944285,0.8099434419671071,0.8171722303612032,0.991153898620734,0.17637111495747546,0.28625590980321325,0.22727272727272727,1.0,0.24242424242424243,0.23074851978488448,0.5123090694596073,summer_internationals,2022,mixed
gbdt_v3,summer_internationals_2022,rucks_lost,stable,position:Fly-half,66,19,0.30115211789693563,0.9517968813456219,1.0454559211485812,0.9104132102479637,0.18094692256118503,0.33285531258034334,0.19696969696969696,1.0,0.22727272727272727,0.13917700262140256,0.512129168141473,summer_internationals,2022,mixed
gbdt_v3,summer_internationals_2022,rucks_lost,stable,position:Hooker,66,19,0.2641751844448626,0.7538605470377611,0.7100989430333343,1.0616274737961022,0.15647244308559694,0.1885579258215526,0.18181818181818182,1.0,0.18181818181818182,0.13441884567913345,0.48575343507898405,summer_internationals,2022,mixed
gbdt_v3,summer_internationals_2022,rucks_lost,stable,position:Prop,132,19,0.17933093785231033,0.4431343586300269,0.3910605489232003,1.1331604782180504,0.03626559753501035,0.30497003348203894,0.07575757575757576,1.0,0.07575757575757576,0.12949461877175295,0.5278878822564836,summer_internationals,2022,mixed
gbdt_v3,summer_internationals_2022,rucks_lost,stable,position:Scrum-half,66,19,0.2172374106308849,0.7990378356869311,0.6343512205217103,1.2596142481286272,0.17423405868783326,-0.46635208094824687,0.10606060606060606,1.0,0.12121212121212122,0.11369508069504279,0.39209917329352506,summer_internationals,2022,mixed
gbdt_v3,summer_internationals_2022,rucks_lost,stable,position:Second-row,99,19,0.28737871189571423,0.7184583885542629,0.6636644469126991,1.08256271960395,0.08118005950620832,0.4941292017347389,0.15151515151515152,1.0,0.1717171717171717,0.18322558531880906,0.5898150472227695,summer_internationals,2022,mixed
gbdt_v3,summer_internationals_2022,passes,stable,all,759,19,2.7068256528327863,2.537958201076026,2.871577571584205,0.8838201782150965,0.25786937152551853,0.8923488243645942,0.7852437417654808,1.0,5.682476943346509,6.079021368895313,27.88047619431636,summer_internationals,2022,mixed
gbdt_v3,summer_internationals_2022,passes,stable,starter,492,19,3.019013254340008,2.3049381491546255,2.376137682757043,0.9700356026845194,0.3003378266450847,0.87775748209638,0.9044715447154471,1.0,7.134146341463414,7.785531487008099,25.14421169176079,summer_internationals,2022,mixed
gbdt_v3,summer_internationals_2022,passes,stable,bench,267,19,2.131558611853188,2.9673434652907407,3.78452298470392,0.7840733105028002,-0.37090613540435396,1.1512914577916729,0.5655430711610487,1.0,3.00749063670412,2.9344409265301787,10.159662829209458,summer_internationals,2022,mixed
gbdt_v3,summer_internationals_2022,passes,stable,zero_minute,16,8,5.6215047293569995,9.456019075017533,11.26138334602116,0.8396853907258656,-5.807916874327622,2.649935289264079,0.1875,1.0,4.5,3.889874939999104,8.023840343651147,summer_internationals,2022,mixed
gbdt_v3,summer_internationals_2022,passes,stable,low_history,229,19,3.0954755331095,3.5568734727923514,4.024332185655311,0.883841916795733,-0.29413625678524846,0.9697635608651471,0.6593886462882096,1.0,5.445414847161572,5.918505639484382,13.142806720000006,summer_internationals,2022,mixed
gbdt_v3,summer_internationals_2022,passes,stable,north,391,17,2.7188699289633123,2.6170086996857993,2.9226656855501254,0.895418423196496,0.32489242796526324,0.7503062824549174,0.7621483375959079,1.0,5.132992327365729,6.40818291387473,33.94298105052521,summer_internationals,2022,mixed
gbdt_v3,summer_internationals_2022,passes,stable,south,368,16,2.694028609444103,2.4539670463031418,2.817296450495415,0.8710361473928728,-0.2643878343258737,1.139878648598894,0.8097826086956522,1.0,6.266304347826087,5.729287227354684,21.439064784594454,summer_internationals,2022,mixed
gbdt_v3,summer_internationals_2022,passes,stable,position:Back-row,132,19,1.6721754222675829,1.5545951043940565,1.8872683192615645,0.8237276536292022,-0.43152166328374947,1.1028650712479908,0.8409090909090909,1.0,3.1136363636363638,3.2144984181142386,4.015646786652321,summer_internationals,2022,mixed
gbdt_v3,summer_internationals_2022,passes,stable,position:Back-three,132,19,1.8696904395100733,1.9448404506072143,2.503538686501054,0.776836587784199,-0.32437373622161936,0.9623628455301109,0.8409090909090909,1.0,3.212121212121212,3.674804118601208,4.947888616753322,summer_internationals,2022,mixed
gbdt_v3,summer_internationals_2022,passes,stable,position:Centre,66,19,2.115711621468839,1.4807130909589878,1.9957365582410906,0.7419381505262347,0.19771245335178259,0.9957318093074256,0.9848484848484849,1.0,5.166666666666667,4.990253567143752,2.983918539953916,summer_internationals,2022,mixed
gbdt_v3,summer_internationals_2022,passes,stable,position:Fly-half,66,19,5.179986727181914,5.486742575083116,5.3117882393618805,1.0329369936897659,3.3320577493899863,0.6515914979756652,0.8333333333333334,1.0,10.530303030303031,11.047174960502437,7.375168580661395,summer_internationals,2022,mixed
gbdt_v3,summer_internationals_2022,passes,stable,position:Hooker,66,19,1.0868480885157465,1.3368720678651946,1.2908445430388467,1.035656907777595,-0.009635671180409975,1.029274782988482,0.7272727272727273,1.0,1.6363636363636365,1.5991835559838696,1.6695068438768923,summer_internationals,2022,mixed
gbdt_v3,summer_internationals_2022,passes,stable,position:Prop,132,19,0.9792541532369973,1.384746664142129,1.4767907896974626,0.937672874047251,-0.07205478552587123,0.9908642283413563,0.5757575757575758,1.0,1.1742424242424243,1.25778807441108,2.324485635869597,summer_internationals,2022,mixed
gbdt_v3,summer_internationals_2022,passes,stable,position:Scrum-half,66,19,10.617645302112921,7.397643970335412,9.976182690497534,0.7415305232312737,4.1871901724928815,0.8177585376638585,0.8787878787878788,1.0,29.575757575757574,31.046532972671603,17.751910963748948,summer_internationals,2022,mixed
gbdt_v3,summer_internationals_2022,passes,stable,position:Second-row,99,19,2.0573754921788794,2.47745544656319,1.8089296341058994,1.3695698272905585,1.435451103346482,0.26082090437271,0.7272727272727273,1.0,2.292929292929293,3.2876129758275945,4.402588418432646,summer_internationals,2022,mixed
gbdt_v3,summer_internationals_2022,bad_passes,stable,all,759,19,0.4698477006617481,0.9207644424296061,0.9146779002416047,1.0066543011331024,0.11957005909228832,0.5782914268868095,0.2490118577075099,1.0,0.3530961791831357,0.40382082326210267,3.494923441488636,summer_internationals,2022,mixed
gbdt_v3,summer_internationals_2022,bad_passes,stable,starter,492,19,0.5935013103270186,1.1222665613686615,1.0975859308382898,1.0224862854350927,0.18464253537620876,0.5147771958909414,0.3089430894308943,1.0,0.45528455284552843,0.5257459336381651,3.0956406061112154,summer_internationals,2022,mixed
gbdt_v3,summer_internationals_2022,bad_passes,stable,bench,267,19,0.24199161094147467,0.5494571670812343,0.5776338888050161,0.951220449025121,0.0203703533791996,0.8061612528811309,0.13857677902621723,1.0,0.1647940074906367,0.17914983335565052,1.0164441604703236,summer_internationals,2022,mixed
gbdt_v3,summer_internationals_2022,bad_passes,stable,zero_minute,16,8,0.33068740525698526,0.6924814113483273,0.7027760904899061,0.9853514095301644,-0.017977815295337585,0.8345120084257556,0.125,1.0,0.1875,0.2462251150621022,0.45132436273408616,summer_internationals,2022,mixed
gbdt_v3,summer_internationals_2022,bad_passes,stable,low_history,229,19,0.408676492608036,1.002589968355169,0.8730346048157123,1.1483965959938143,0.1636627627328324,0.5751254435526104,0.18777292576419213,1.0,0.3056768558951965,0.2469271612904622,1.731157769677078,summer_internationals,2022,mixed
gbdt_v3,summer_internationals_2022,bad_passes,stable,north,391,17,0.4486057984130467,0.8106155058778497,0.7996102591904388,1.0137632634910827,0.07798868467171013,0.5464786576338105,0.23017902813299232,1.0,0.31202046035805625,0.42825419148055394,4.66167859779031,summer_internationals,2022,mixed
gbdt_v3,summer_internationals_2022,bad_passes,stable,south,368,16,0.4924172218009934,1.0377976875158472,1.0369372688584682,1.0008297692475903,0.14969143079509564,0.6538068544922486,0.26902173913043476,1.0,0.3967391304347826,0.3778603695299982,2.255246087918107,summer_internationals,2022,mixed
gbdt_v3,summer_internationals_2022,bad_passes,stable,position:Back-row,132,19,0.4069571382408958,0.8717939524517546,0.8915954544980998,0.9777909342780443,0.13877446338368232,0.32163709330551726,0.17424242424242425,1.0,0.23484848484848486,0.2987031765442038,0.9452637844879762,summer_internationals,2022,mixed
gbdt_v3,summer_internationals_2022,bad_passes,stable,position:Back-three,132,19,0.5034371941015219,1.0077025186651032,1.0213529843935252,0.986634918645166,0.21553419093633325,0.4210804450054016,0.30303030303030304,1.0,0.38636363636363635,0.4056931340639949,1.1386055978354381,summer_internationals,2022,mixed
gbdt_v3,summer_internationals_2022,bad_passes,stable,position:Centre,66,19,0.6934337850277273,1.1837071917953195,1.3264424207529086,0.8923924425784193,0.06712018614780124,0.7937084256554205,0.3939393939393939,1.0,0.5757575757575758,0.6408365757107303,1.0194223294796678,summer_internationals,2022,mixed
gbdt_v3,summer_internationals_2022,bad_passes,stable,position:Fly-half,66,19,0.7268677208523378,1.179278306378236,1.1594940930410929,1.017062797866657,0.18807285435932727,0.5019691520577968,0.3939393939393939,1.0,0.5909090909090909,0.8025119370350888,1.1158008890809086,summer_internationals,2022,mixed
gbdt_v3,summer_internationals_2022,bad_passes,stable,position:Hooker,66,19,0.3124167808307017,0.7548367104896282,0.932653197290829,0.8093434008292448,-0.04082500643094302,1.7094223684311938,0.18181818181818182,1.0,0.22727272727272727,0.15683527877882772,0.539196524127144,summer_internationals,2022,mixed
gbdt_v3,summer_internationals_2022,bad_passes,stable,position:Prop,132,19,0.2004706231746832,0.47684387039662846,0.5148513497081024,0.9261777611479071,-0.0026002714797340896,0.879632293183849,0.09090909090909091,1.0,0.10606060606060606,0.12352988672919188,0.640368175197102,summer_internationals,2022,mixed
gbdt_v3,summer_internationals_2022,bad_passes,stable,position:Scrum-half,66,19,0.9379974247785884,1.7297738128466555,1.3902508498420343,1.2442170512200723,0.6999964049938758,0.2892199820579022,0.5454545454545454,1.0,0.9848484848484849,0.9848976472088345,1.614383295359931,summer_internationals,2022,mixed
gbdt_v3,summer_internationals_2022,bad_passes,stable,position:Second-row,99,19,0.3405352900576973,0.685676255602439,0.5695704764347559,1.2038479590698783,0.12388126801281889,0.10285420784614861,0.1414141414141414,1.0,0.15151515151515152,0.26867042273727904,0.760781767485155,summer_internationals,2022,mixed
gbdt_v3,summer_internationals_2022,turnovers_conceded,stable,all,759,19,0.5679840862865414,0.9687514200886632,0.9596998584023421,1.0094316588744627,0.03100485968629214,0.8847936037312992,0.3702239789196311,1.0,0.5270092226613966,0.560587645393665,3.3593617866955263,summer_internationals,2022,mixed
gbdt_v3,summer_internationals_2022,turnovers_conceded,stable,starter,492,19,0.6868000866483644,1.089081942867035,1.0897359345426756,0.9993998622465222,0.0872032288548255,0.8268465785308428,0.47764227642276424,1.0,0.7012195121951219,0.7426000170809105,3.16132603546655,summer_internationals,2022,mixed
gbdt_v3,summer_internationals_2022,turnovers_conceded,stable,bench,267,19,0.34904224292318187,0.7470187713734608,0.7200828192224019,1.0374067418802553,0.0547319352570061,0.6716898883770863,0.17228464419475656,1.0,0.20599250936329588,0.22519406161042618,1.3233475888410504,summer_internationals,2022,mixed
gbdt_v3,summer_internationals_2022,turnovers_conceded,stable,zero_minute,16,8,0.29061461466910393,0.6114457089905798,0.5550114515582021,1.1016812486912437,0.48874474781659333,-1.7346657154176444,0.0625,1.0,0.0625,0.2457215497073274,0.37210029429749897,summer_internationals,2022,mixed
gbdt_v3,summer_internationals_2022,turnovers_conceded,stable,low_history,229,19,0.5109932483534844,0.9099070035225528,0.9048947671970959,1.0055390267544393,-0.053285515901565106,0.9629313501057847,0.31004366812227074,1.0,0.4497816593886463,0.5224330636186536,1.820544318728986,summer_internationals,2022,mixed
gbdt_v3,summer_internationals_2022,turnovers_conceded,stable,north,391,17,0.540291171556313,0.9224650151956674,0.9192020666635726,1.0035497619625011,-0.038308255293480135,0.9534683882632787,0.34782608695652173,1.0,0.4859335038363171,0.5498260514799986,3.73882979628796,summer_internationals,2022,mixed
gbdt_v3,summer_internationals_2022,turnovers_conceded,stable,south,368,16,0.5974078081874089,1.0179307252874714,1.0027287621247847,1.0151605935093293,0.10096991145958338,0.821091487231579,0.39402173913043476,1.0,0.5706521739130435,0.5720218389269355,2.956177026503565,summer_internationals,2022,mixed
gbdt_v3,summer_internationals_2022,turnovers_conceded,stable,position:Back-row,132,19,0.6618970741592864,1.2023159233018417,1.1557149989724926,1.0403221593306138,0.32935463112636476,0.4249588282303682,0.3787878787878788,1.0,0.553030303030303,0.5263466883024374,1.3154888313728041,summer_internationals,2022,mixed
gbdt_v3,summer_internationals_2022,turnovers_conceded,stable,position:Back-three,132,19,0.7018743554342378,1.06319050722232,1.0881518562689547,0.97706078530967,0.0050092986136838855,0.9221961217179608,0.5303030303030303,1.0,0.8484848484848485,0.9146379278844203,1.6362880113403908,summer_internationals,2022,mixed
gbdt_v3,summer_internationals_2022,turnovers_conceded,stable,position:Centre,66,19,0.6786569537796249,1.0989665168783596,1.1371240069983533,0.9664438619841319,-0.657499465701911,1.508585314782695,0.4696969696969697,1.0,0.6515151515151515,0.8677100356141412,1.0333498669077132,summer_internationals,2022,mixed
gbdt_v3,summer_internationals_2022,turnovers_conceded,stable,position:Fly-half,66,19,0.6608955947458305,1.0939927943087835,1.1288170909852497,0.9691497436080888,0.10227864431822213,0.8284377917625817,0.42424242424242425,1.0,0.6666666666666666,0.6812678368373977,0.9769860743721811,summer_internationals,2022,mixed
gbdt_v3,summer_internationals_2022,turnovers_conceded,stable,position:Hooker,66,19,0.38979922219287555,0.7064930145546118,0.6814535726222317,1.0367441641490385,0.10472286332730282,0.32707706486642996,0.21212121212121213,1.0,0.21212121212121213,0.3283579325189558,0.6891693159868131,summer_internationals,2022,mixed
gbdt_v3,summer_internationals_2022,turnovers_conceded,stable,position:Prop,132,19,0.3616661994530689,0.7408457315107512,0.6964821012228778,1.0636967270371773,0.11885717247531633,0.35082108158502595,0.17424242424242425,1.0,0.20454545454545456,0.24425066385119865,0.6641106408990198,summer_internationals,2022,mixed
gbdt_v3,summer_internationals_2022,turnovers_conceded,stable,position:Scrum-half,66,19,0.5548537714898413,0.9412817177957239,0.901162271425331,1.0445196693675798,0.006847512264707266,0.9420436370914183,0.3939393939393939,1.0,0.5454545454545454,0.5717431889384654,0.691732583099115,summer_internationals,2022,mixed
gbdt_v3,summer_internationals_2022,turnovers_conceded,stable,position:Second-row,99,19,0.5311574613292446,0.8581353089415479,0.8715290111114122,0.9846319491386935,-0.24684314141370156,1.8223481112279254,0.3939393939393939,1.0,0.5151515151515151,0.41813891202805,0.8987462899837698,summer_internationals,2022,mixed
gbdt_v3,summer_internationals_2022,penalties_conceded,stable,all,759,19,0.542008611817798,0.993425320746825,0.9702701518358169,1.0238646616792209,0.09329828158740651,0.7818188411077505,0.34914361001317523,1.0,0.4650856389986825,0.4755415677684288,2.169407509012095,summer_internationals,2022,mixed
gbdt_v3,summer_internationals_2022,penalties_conceded,stable,starter,492,19,0.6184786081958845,1.021156873231051,1.0013048412320469,1.0198261620053464,0.04209128953805359,0.8541455530123604,0.4186991869918699,1.0,0.5609756097560976,0.6074893422884036,2.0432166832137653,summer_internationals,2022,mixed
gbdt_v3,summer_internationals_2022,penalties_conceded,stable,bench,267,19,0.4010976072559305,0.9423244824612851,0.9130826342966966,1.0320254126693715,0.14631225267497677,0.6113430740526191,0.2209737827715356,1.0,0.2883895131086142,0.2324018484282504,1.4524630301074026,summer_internationals,2022,mixed
gbdt_v3,summer_internationals_2022,penalties_conceded,stable,zero_minute,16,8,0.40081356162465476,1.4261559884068538,1.4536627216081721,0.9810776373415644,0.4688820199061176,-1.1198802405882842,0.125,1.0,0.25,0.19545127413904262,0.583001544181316,summer_internationals,2022,mixed
gbdt_v3,summer_internationals_2022,penalties_conceded,stable,low_history,229,19,0.49848115328281756,0.9903060233328456,0.9300329268397788,1.0648074866530508,0.22400788678805925,0.4305340431372172,0.314410480349345,1.0,0.3930131004366812,0.3925478515406447,1.3799362493966958,summer_internationals,2022,mixed
gbdt_v3,summer_internationals_2022,penalties_conceded,stable,north,391,17,0.5418546063029427,0.9919925536610791,0.9581177852443149,1.0353555365931615,0.11047475708390266,0.7487627168114555,0.34271099744245526,1.0,0.46035805626598464,0.46728194570374915,1.9150194264830105,summer_internationals,2022,mixed
gbdt_v3,summer_internationals_2022,penalties_conceded,stable,south,368,16,0.5421722426773318,0.9949476357754301,0.983182041339288,1.0119668524662178,0.07324770550267216,0.8194233303715441,0.35597826086956524,1.0,0.4701086956521739,0.48431741621215096,2.4396948466992465,summer_internationals,2022,mixed
gbdt_v3,summer_internationals_2022,penalties_conceded,stable,position:Back-row,132,19,0.587973828191835,1.0089059492936352,0.9881983563945571,1.0209548951028715,0.21598389515877367,0.6174219103142188,0.42424242424242425,1.0,0.553030303030303,0.5458931765152282,1.2033785652557947,summer_internationals,2022,mixed
gbdt_v3,summer_internationals_2022,penalties_conceded,stable,position:Back-three,132,19,0.40824715944102213,0.7375164886006385,0.7168550779733104,1.0288222979263004,0.07080826827805317,0.47400244032357647,0.2196969696969697,1.0,0.23484848484848486,0.3460746245492957,0.8187405343330892,summer_internationals,2022,mixed
gbdt_v3,summer_internationals_2022,penalties_conceded,stable,position:Centre,66,19,0.567627271229314,0.9466038586035209,0.9301542378471225,1.017684831275372,0.6845639007792022,-0.5900553656975109,0.3333333333333333,1.0,0.3939393939393939,0.4925376900797396,0.671313895667233,summer_internationals,2022,mixed
gbdt_v3,summer_internationals_2022,penalties_conceded,stable,position:Fly-half,66,19,0.4650675033534839,1.1495846875269469,1.109011715912641,1.0365847998106288,0.26778812986762535,0.46119543201964075,0.2727272727272727,1.0,0.3787878787878788,0.2406783355033884,0.7983605683681277,summer_internationals,2022,mixed
gbdt_v3,summer_internationals_2022,penalties_conceded,stable,position:Hooker,66,19,0.4588947956705483,0.8049681040739569,0.8217872342089262,0.9795334735867979,-0.002909146351358831,1.1201993602041398,0.3484848484848485,1.0,0.3939393939393939,0.3542659944194514,0.6633316786694761,summer_internationals,2022,mixed
gbdt_v3,summer_internationals_2022,penalties_conceded,stable,position:Prop,132,19,0.7177676527839134,1.264400600910714,1.200987498860593,1.0528008010993308,0.24835414557162452,0.718495134192415,0.49242424242424243,1.0,0.7651515151515151,0.7192774800914534,1.5894749151308722,summer_internationals,2022,mixed
gbdt_v3,summer_internationals_2022,penalties_conceded,stable,position:Scrum-half,66,19,0.37751784682857886,0.8157057616481518,0.8349320080976855,0.9769726800948272,0.14705943527170226,0.40455323059193243,0.22727272727272727,1.0,0.25757575757575757,0.27318116368110695,0.5853766052233083,summer_internationals,2022,mixed
gbdt_v3,summer_internationals_2022,penalties_conceded,stable,position:Second-row,99,19,0.6240095586594739,1.123921799417291,1.1000931223924002,1.0216605999436392,0.12827519092303818,0.7066251172473316,0.37373737373737376,1.0,0.5454545454545454,0.59038285556086,1.0519516762088248,summer_internationals,2022,mixed
gbdt_v3,summer_internationals_2022,yellow_cards,stable,all,765,19,0.03877173189426242,0.1388839064293964,0.15628248868667283,0.8886722216706029,0.030507699806279272,-0.3301578799779708,0.026143790849673203,1.0,0.026143790849673203,0.013217642895263454,0.6453660221640362,summer_internationals,2022,mixed
gbdt_v3,summer_internationals_2022,yellow_cards,stable,starter,495,19,0.04345146700638874,0.14776373144080265,0.13402560631271565,1.1025037342195079,0.03450961739628911,-0.39119640339673983,0.028282828282828285,1.0,0.028282828282828285,0.01591729642551398,0.5222884979736767,summer_internationals,2022,mixed
gbdt_v3,summer_internationals_2022,yellow_cards,stable,bench,270,19,0.030192217522030832,0.1226042272418182,0.19708677303892763,0.6220824733763437,0.029065064746911264,-0.8276018840158703,0.022222222222222223,1.0,0.022222222222222223,0.008268278089804158,0.22764433622391478,summer_internationals,2022,mixed
gbdt_v3,summer_internationals_2022,yellow_cards,stable,zero_minute,19,10,0.059216716582968884,0.28009814865329014,0.8579312302092308,0.3264808865682396,0.07577600903552541,-3.227323012949592,0.05263157894736842,1.0,0.05263157894736842,0.007171401807408252,0.08654750885203141,summer_internationals,2022,mixed
gbdt_v3,summer_internationals_2022,yellow_cards,stable,low_history,231,19,0.018833219269162146,0.053726526619728196,0.052070467223199315,1.0318041969823355,0.011601436304318492,-0.2860206372830809,0.008658008658008658,1.0,0.008658008658008658,0.010290962478335655,0.13526508315071428,summer_internationals,2022,mixed
gbdt_v3,summer_internationals_2022,yellow_cards,stable,north,394,17,0.04069829364531712,0.16709898102678483,0.14883945129186596,1.1226793674421236,0.04371444397683661,-1.2411070330699407,0.030456852791878174,1.0,0.030456852791878174,0.010682069178324715,0.7481059425885866,summer_internationals,2022,mixed
gbdt_v3,summer_internationals_2022,yellow_cards,stable,south,371,16,0.03672573370041995,0.10891964930979789,0.1641869542757669,0.6633879639843824,0.01925046820427266,0.14536861902582832,0.0215633423180593,1.0,0.0215633423180593,0.015910408513791385,0.5362048567129512,summer_internationals,2022,mixed
gbdt_v3,summer_internationals_2022,yellow_cards,stable,position:Back-row,133,19,0.02475159798081602,0.04675536760978372,0.051112225947145824,0.914758978764348,0.005567984354263971,0.11117854466462546,0.007518796992481203,1.0,0.007518796992481203,0.017546664638415036,0.09779426189916339,summer_internationals,2022,mixed
gbdt_v3,summer_internationals_2022,yellow_cards,stable,position:Back-three,132,19,0.04725460138982545,0.18824011466545093,0.25022102765243714,0.7522953463644184,0.033424320077523356,0.4368406739262257,0.03787878787878788,1.0,0.03787878787878788,0.010197007895873663,0.17800655697741186,summer_internationals,2022,mixed
gbdt_v3,summer_internationals_2022,yellow_cards,stable,position:Centre,66,19,0.02778945335147655,0.09915227288435667,0.07963447564746515,1.2450923055398155,0.027362445815661916,-0.9584912524935029,0.015151515151515152,1.0,0.015151515151515152,0.012739741372057575,0.054595775592260885,summer_internationals,2022,mixed
gbdt_v3,summer_internationals_2022,yellow_cards,stable,position:Fly-half,67,19,0.06844709378196806,0.3164819401818064,0.4508661141086983,0.7019421736926241,0.06731468129649608,-0.8033863348070517,0.05970149253731343,1.0,0.05970149253731343,0.009476373233322536,0.13771114040436633,summer_internationals,2022,mixed
gbdt_v3,summer_internationals_2022,yellow_cards,stable,position:Hooker,66,19,0.01643374713154138,0.01665085547520523,0.02062152926702704,0.8074500809127307,0.0,0.0,0.0,1.0,0.0,0.01643374713154138,0.03286749426308276,summer_internationals,2022,mixed
gbdt_v3,summer_internationals_2022,yellow_cards,stable,position:Prop,134,19,0.050737408670778354,0.17648101003028588,0.16273938725084391,1.0844394403320496,0.022074470536755222,1.0275850349117295,0.03731343283582089,1.0,0.03731343283582089,0.014829879553836342,0.1924876691756267,summer_internationals,2022,mixed
gbdt_v3,summer_internationals_2022,yellow_cards,stable,position:Scrum-half,68,19,0.009203410426549135,0.009257722235005124,0.018024434653725618,0.5136206717635701,0.0,0.0,0.0,1.0,0.0,0.009203410426549135,0.01896460330319216,summer_internationals,2022,mixed
gbdt_v3,summer_internationals_2022,yellow_cards,stable,position:Second-row,99,19,0.05254013937418762,0.22277527748077497,0.20072057299501928,1.109877648098897,0.05850182767006222,-1.4237969302887303,0.04040404040404041,1.0,0.04040404040404041,0.012710932915378451,0.15334681380986032,summer_internationals,2022,mixed
gbdt_v3,summer_internationals_2022,red_cards,stable,all,765,19,0.004147886787705322,0.016878023503827753,0.03092855043376604,0.5457101373041163,0.0013948232781129833,0.7864038886415938,0.00261437908496732,1.0,0.00261437908496732,0.0015508008346206857,0.08671915323979706,summer_internationals,2022,mixed
gbdt_v3,summer_internationals_2022,red_cards,stable,starter,495,19,0.003811747230905526,0.012509319003723903,0.014571812911400249,0.8584600337503129,0.0005630273907149707,0.8042848325148606,0.00202020202020202,1.0,0.00202020202020202,0.0018117644030793364,0.051277226689774025,summer_internationals,2022,mixed
gbdt_v3,summer_internationals_2022,red_cards,stable,bench,270,19,0.004764142641838283,0.024887315087351463,0.06091590255810335,0.40855202077344616,0.002269733433648434,1.3372002619087708,0.003703703703703704,1.0,0.003703703703703704,0.0010723676257798267,0.03865358455071256,summer_internationals,2022,mixed
gbdt_v3,summer_internationals_2022,red_cards,stable,zero_minute,19,10,0.0007104161337853362,0.0007108061192043755,0.0002625969216383213,2.7068334037189494,0.0,0.0,0.0,1.0,0.0,0.0007104161337853362,0.001038300503224722,summer_internationals,2022,mixed
gbdt_v3,summer_internationals_2022,red_cards,stable,low_history,231,19,0.0009310303828569027,0.0009321371157065002,0.0029922162217973385,0.3115206410941092,0.0,0.0,0.0,1.0,0.0,0.0009310303828569027,0.00796548216444239,summer_internationals,2022,mixed
gbdt_v3,summer_internationals_2022,red_cards,stable,north,394,17,0.0012290967804194969,0.0012303585442027282,0.0034871419189675804,0.3528272071493419,0.0,0.0,0.0,1.0,0.0,0.0012290967804194969,0.028486125381487166,summer_internationals,2022,mixed
gbdt_v3,summer_internationals_2022,red_cards,stable,south,371,16,0.007247626040725848,0.03349575933696052,0.06007117834436063,0.5576011701475977,0.004047433798970071,0.7098748332510391,0.005390835579514825,1.0,0.005390835579514825,0.0018924488059286868,0.1485917453392513,summer_internationals,2022,mixed
gbdt_v3,summer_internationals_2022,red_cards,stable,position:Back-row,133,19,0.0019832358869651735,0.001988325955457577,0.003768949576678929,0.5275544060766191,0.0,0.0,0.0,1.0,0.0,0.0019832358869651735,0.007993041605041459,summer_internationals,2022,mixed
gbdt_v3,summer_internationals_2022,red_cards,stable,position:Back-three,132,19,0.0015194633871600425,0.0015280704365747638,0.0050590661046498895,0.3020459517558554,0.0,0.0,0.0,1.0,0.0,0.0015194633871600425,0.00607785354864017,summer_internationals,2022,mixed
gbdt_v3,summer_internationals_2022,red_cards,stable,position:Centre,66,19,0.001988257619541914,0.0019923244441396306,0.002522069432709835,0.7899562233697031,0.0,0.0,0.0,1.0,0.0,0.001988257619541914,0.003976515239083827,summer_internationals,2022,mixed
gbdt_v3,summer_internationals_2022,red_cards,stable,position:Fly-half,67,19,0.000773337391207772,0.0007741853457559067,0.00249391588904793,0.3104296135871116,0.0,0.0,0.0,1.0,0.0,0.000773337391207772,0.0015701092488157795,summer_internationals,2022,mixed
gbdt_v3,summer_internationals_2022,red_cards,stable,position:Hooker,66,19,0.0013769829413832688,0.0013784364630938847,0.002493820755521999,0.5527407934357955,0.0,0.0,0.0,1.0,0.0,0.0013769829413832688,0.002753965882766538,summer_internationals,2022,mixed
gbdt_v3,summer_internationals_2022,red_cards,stable,position:Prop,134,19,0.008807319903691995,0.049352877523290116,0.12277191337939676,0.40198833890270197,0.005398998981659542,1.5078064598106171,0.007462686567164179,1.0,0.007462686567164179,0.0013686687519324202,0.035461803610139016,summer_internationals,2022,mixed
gbdt_v3,summer_internationals_2022,red_cards,stable,position:Scrum-half,68,19,0.0006963945937264906,0.0006967539603992596,1.0000000494736471e-07,6967.539259283018,0.0,0.0,0.0,1.0,0.0,0.0006963945937264906,0.0014349949204061018,summer_internationals,2022,mixed
gbdt_v3,summer_internationals_2022,red_cards,stable,position:Second-row,99,19,0.012195340109322892,0.055661917527812334,0.05597666416656479,0.9943771812158028,0.003767636168618397,2.8848041420581265,0.010101010101010102,1.0,0.010101010101010102,0.002195425970191945,0.03554566164860648,summer_internationals,2022,mixed
gbdt_v3,summer_internationals_2022,metres,stable,all,759,19,11.386724618114998,1.4162534529165665,1.6048332041963134,0.8824926161879945,2.426695802955618,0.8203702268377533,0.7865612648221344,1.0,16.001317523056652,16.54694584959107,116.3304390464428,summer_internationals,2022,mixed
gbdt_v3,summer_internationals_2022,metres,stable,starter,492,19,14.143994274662148,1.2431465179787415,1.4056060768193572,0.8844202785404617,4.613721756095451,0.7589349303433132,0.9004065040650406,1.0,21.451219512195124,22.185693506666034,104.28821539662265,summer_internationals,2022,mixed
gbdt_v3,summer_internationals_2022,metres,stable,bench,267,19,6.305913116162945,1.7352370184199746,1.9719483602617152,0.8799606791882093,-0.7360139097450045,1.087448340463609,0.5767790262172284,1.0,5.9588014981273405,6.156444548913612,28.17463599041974,summer_internationals,2022,mixed
gbdt_v3,summer_internationals_2022,metres,stable,zero_minute,16,8,6.204141388755447,2.8445023271747516,3.4738269894032725,0.8188382253496669,3.9327246313023116,-0.14825592093127712,0.25,1.0,3.0625,5.869746218808343,8.007893133389445,summer_internationals,2022,mixed
gbdt_v3,summer_internationals_2022,metres,stable,low_history,229,19,10.725502605752189,1.7546464834794393,2.0193627851459044,0.8689109734943745,-0.9519650725748011,1.0443947069909585,0.6768558951965066,1.0,14.716157205240174,15.002108085128985,50.69927293073457,summer_internationals,2022,mixed
gbdt_v3,summer_internationals_2022,metres,stable,north,391,17,11.233555204374145,1.6116114046821313,1.8253450886898217,0.8829077935279065,2.677333690039558,0.6415382346406702,0.7544757033248082,1.0,13.836317135549873,17.394105047784933,114.34255086148526,summer_internationals,2022,mixed
gbdt_v3,summer_internationals_2022,metres,stable,south,368,16,11.549467120214658,1.208685629165654,1.3705393269219608,0.8819051051093824,1.1026013646982757,1.0992014967741495,0.8206521739130435,1.0,18.30163043478261,15.646839201510092,118.44257024296017,summer_internationals,2022,mixed
gbdt_v3,summer_internationals_2022,metres,stable,position:Back-row,132,19,12.392016464974079,1.3607994126085279,1.6171104051227265,0.8415006225287712,0.46404297627699503,0.9428084947040372,0.8636363636363636,1.0,16.795454545454547,17.32208784807803,32.373255985007226,summer_internationals,2022,mixed
gbdt_v3,summer_internationals_2022,metres,stable,position:Back-three,132,19,22.735899674229994,1.5892911288577105,1.7103326397600127,0.9292292574622875,12.868846659323214,0.5955722016526069,0.8863636363636364,1.0,35.10606060606061,37.33756190270982,55.68634286199663,summer_internationals,2022,mixed
gbdt_v3,summer_internationals_2022,metres,stable,position:Centre,66,19,16.754140904811162,1.2556834789843097,1.2992511889423186,0.9664670616976875,21.79973267737241,0.1495519008046338,0.9393939393939394,1.0,25.636363636363637,25.654177167585342,23.323186198603143,summer_internationals,2022,mixed
gbdt_v3,summer_internationals_2022,metres,stable,position:Fly-half,66,19,11.955721976447773,2.016775684144202,2.52946620744498,0.797312760379334,-0.7050393938855861,1.1253466539540906,0.6666666666666666,1.0,15.772727272727273,14.64239184318495,17.64693625112792,summer_internationals,2022,mixed
gbdt_v3,summer_internationals_2022,metres,stable,position:Hooker,66,19,6.42544006659379,1.0814755190639629,1.1147186106311051,0.9701780420187643,1.724325716697667,0.8290261258618223,0.8636363636363636,1.0,9.318181818181818,9.159972001593898,10.35269639528274,summer_internationals,2022,mixed
gbdt_v3,summer_internationals_2022,metres,stable,position:Prop,132,19,3.607457817825528,1.0513274588834707,1.150687690400574,0.9136514344022274,-0.021135345370927903,0.8942725835596864,0.6363636363636364,1.0,4.628787878787879,5.199671005958395,9.38150417533183,summer_internationals,2022,mixed
gbdt_v3,summer_internationals_2022,metres,stable,position:Scrum-half,66,19,8.38803434416576,2.052304320678119,2.511504722935126,0.8171612427945777,5.080074267626234,0.22078432568086714,0.7121212121212122,1.0,7.46969696969697,10.823334920635718,12.97750040471471,summer_internationals,2022,mixed
gbdt_v3,summer_internationals_2022,metres,stable,position:Second-row,99,19,6.635498601496533,1.251893136647002,1.3629197651582978,0.9185376635150636,0.476460924147922,1.1701936942771682,0.7272727272727273,1.0,8.505050505050505,6.860906549203264,13.517712813013883,summer_internationals,2022,mixed
gbdt_v3,summer_internationals_2022,dominant_tackles,extended,all,759,19,0.2792915114848702,0.6706652921170392,0.6719729309390233,0.9980540305095968,0.11810725437766294,0.32841654993278546,0.15810276679841898,1.0,0.17391304347826086,0.16992380290219655,1.8892203945226869,summer_internationals,2022,mixed
gbdt_v3,summer_internationals_2022,dominant_tackles,extended,starter,492,19,0.3393832477787556,0.7361763765511057,0.7368419007110485,0.9990967883893402,0.15660065104270438,0.23864657887687526,0.18699186991869918,1.0,0.20934959349593496,0.22103372569378146,1.8035081439315908,summer_internationals,2022,mixed
gbdt_v3,summer_internationals_2022,dominant_tackles,extended,bench,267,19,0.16856067157254218,0.5499482376542648,0.5524390989995612,0.995491156672641,0.11140935478295619,-0.03690236704027552,0.10486891385767791,1.0,0.10861423220973783,0.0757437204547816,0.8906459334845314,summer_internationals,2022,mixed
gbdt_v3,summer_internationals_2022,dominant_tackles,extended,zero_minute,16,8,0.11717659447970259,0.40524617415601305,0.3647496906863662,1.1110254086670854,0.10134148425502547,-0.6547779960029627,0.0625,1.0,0.0625,0.05932008175615255,0.17043868287956737,summer_internationals,2022,mixed
gbdt_v3,summer_internationals_2022,dominant_tackles,extended,low_history,229,19,0.20988970412571356,0.5752183564844524,0.6006091760387172,0.9577248890505995,0.0176245524517537,1.3805154015806758,0.13973799126637554,1.0,0.15283842794759825,0.09794448895030511,1.0758852735313178,summer_internationals,2022,mixed
gbdt_v3,summer_internationals_2022,dominant_tackles,extended,north,391,17,0.26410640339831076,0.6092868088160245,0.6006618010928633,1.0143591746761131,0.10270143613831799,0.2892310662751543,0.13810741687979539,1.0,0.15089514066496162,0.16662699877749476,1.99428304794845,summer_internationals,2022,mixed
gbdt_v3,summer_internationals_2022,dominant_tackles,extended,south,368,16,0.2954256888268396,0.7358799306243674,0.7477410064005684,0.9841374544465641,0.13778561961451877,0.34933467871331736,0.1793478260869565,1.0,0.1983695652173913,0.17342665728469217,1.777591325257814,summer_internationals,2022,mixed
gbdt_v3,summer_internationals_2022,dominant_tackles,extended,position:Back-row,132,19,0.42526149154643406,0.9581763084267566,0.9344230817159294,1.0254202054461325,0.3161115502994636,-0.02192026708688385,0.2803030303030303,1.0,0.3106060606060606,0.2511597906896506,0.7823745118415456,summer_internationals,2022,mixed
gbdt_v3,summer_internationals_2022,dominant_tackles,extended,position:Back-three,132,19,0.23600810635013034,0.6263931228657217,0.6829319583570506,0.9172116126658562,0.10145279988745945,0.25718303697778133,0.12121212121212122,1.0,0.13636363636363635,0.13574315353929384,0.6056574865274087,summer_internationals,2022,mixed
gbdt_v3,summer_internationals_2022,dominant_tackles,extended,position:Centre,66,19,0.40720532189647207,1.051271159676552,1.1757260010314552,0.8941463901914903,0.4493036566654076,-0.7637191130402975,0.24242424242424243,1.0,0.30303030303030304,0.1915276849008051,0.7004742937701962,summer_internationals,2022,mixed
gbdt_v3,summer_internationals_2022,dominant_tackles,extended,position:Fly-half,66,19,0.12830679155744681,0.4575566735739955,0.4907481755544262,0.9323655112055539,0.03120716783630815,1.2185025319951814,0.09090909090909091,1.0,0.09090909090909091,0.04899614198997726,0.24521169558249556,summer_internationals,2022,mixed
gbdt_v3,summer_internationals_2022,dominant_tackles,extended,position:Hooker,66,19,0.2455206832890549,0.5839672644171701,0.47784746510850157,1.2220788160602098,0.14888024824119708,-0.2552741620771557,0.10606060606060606,1.0,0.10606060606060606,0.1677398207173388,0.44161126366401765,summer_internationals,2022,mixed
gbdt_v3,summer_internationals_2022,dominant_tackles,extended,position:Prop,132,19,0.23166350645303344,0.4819488561612506,0.45209756956434644,1.066028416444861,0.014991885920221099,0.567863287459874,0.11363636363636363,1.0,0.11363636363636363,0.17371166598459287,0.7013913032705924,summer_internationals,2022,mixed
gbdt_v3,summer_internationals_2022,dominant_tackles,extended,position:Scrum-half,66,19,0.1119108179630838,0.34002828284614156,0.35004502177651853,0.971384426838751,0.05604040073426692,0.07783460881578146,0.06060606060606061,1.0,0.06060606060606061,0.05865848035029858,0.2068602601637402,summer_internationals,2022,mixed
gbdt_v3,summer_internationals_2022,dominant_tackles,extended,position:Second-row,99,19,0.35536170578050275,0.7645272692830893,0.7296112153688096,1.0478556979097835,0.18450006192506047,0.11320997701885646,0.1919191919191919,1.0,0.21212121212121213,0.2439815899931771,0.6739360647344136,summer_internationals,2022,mixed
gbdt_v3,summer_internationals_2022,tackle_turnover,extended,all,23,1,0.0906274656877734,0.2815194805612186,0.30928025689603117,0.910240709790458,0.05082217446180761,-0.14335266961195556,0.043478260869565216,1.0,0.043478260869565216,0.05122969535287909,0.1782829931162191,summer_internationals,2022,mixed
gbdt_v3,summer_internationals_2022,tackle_turnover,extended,starter,15,1,0.12125992410994918,0.3962588236379283,0.42006305790724785,0.9433317597888466,0.10913426695539066,-0.6979062217141427,0.06666666666666667,1.0,0.06666666666666667,0.06085000959644457,0.08724985605333146,summer_internationals,2022,mixed
gbdt_v3,summer_internationals_2022,tackle_turnover,extended,bench,8,1,0.03319160614619381,0.06638321229238762,0.101562505,0.6536192888545593,0.0,0.0,0.0,1.0,0.0,0.03319160614619381,0.2655328491695505,summer_internationals,2022,mixed
gbdt_v3,summer_internationals_2022,tackle_turnover,extended,low_history,9,1,0.02998772570387738,0.05997545140775476,0.17708333777777777,0.33868489356699427,0.0,0.0,0.0,1.0,0.0,0.02998772570387738,0.2698895313348964,summer_internationals,2022,mixed
gbdt_v3,summer_internationals_2022,tackle_turnover,extended,north,23,1,0.0906274656877734,0.2815194805612186,0.30928025689603117,0.910240709790458,0.05082217446180761,-0.14335266961195556,0.043478260869565216,1.0,0.043478260869565216,0.05122969535287909,0.1782829931162191,summer_internationals,2022,mixed
gbdt_v3,summer_internationals_2022,tackle_turnover,extended,position:Back-row,4,1,0.04055067654937443,0.08110135309874886,0.25,0.32440541239499543,0.0,0.0,0.0,1.0,0.0,0.04055067654937443,0.16220270619749774,summer_internationals,2022,mixed
gbdt_v3,summer_internationals_2022,tackle_turnover,extended,position:Back-three,4,1,0.09036107715426184,0.18072215430852367,0.25,0.7228886172340947,0.0,0.0,0.0,1.0,0.0,0.09036107715426184,0.3614443086170474,summer_internationals,2022,mixed
gbdt_v3,summer_internationals_2022,tackle_turnover,extended,position:Centre,2,1,0.5132384071458306,2.179519129926886,1.4317229343043585,1.5223051036657904,2.7723295798276797,-37.76889428555412,0.5,1.0,0.5,0.06016404829454597,0.8796719034109081,summer_internationals,2022,mixed
gbdt_v3,summer_internationals_2022,tackle_turnover,extended,position:Fly-half,2,1,0.015161995017937437,0.030323990035874875,0.12500001,0.24259190087964694,0.0,0.0,0.0,1.0,0.0,0.015161995017937437,0.030323990035874875,summer_internationals,2022,mixed
gbdt_v3,summer_internationals_2022,tackle_turnover,extended,position:Hooker,2,1,0.037806652701460206,0.07561330540292041,0.125,0.6049064432233633,0.0,0.0,0.0,1.0,0.0,0.037806652701460206,0.07561330540292041,summer_internationals,2022,mixed
gbdt_v3,summer_internationals_2022,tackle_turnover,extended,position:Prop,4,1,0.039003068793846574,0.07800613758769315,0.140625,0.5547103117347069,0.0,0.0,0.0,1.0,0.0,0.039003068793846574,0.1560122751753863,summer_internationals,2022,mixed
gbdt_v3,summer_internationals_2022,tackle_turnover,extended,position:Scrum-half,2,1,0.0509204099943669,0.1018408199887338,0.18750001,0.5431510109718597,0.0,0.0,0.0,1.0,0.0,0.0509204099943669,0.1018408199887338,summer_internationals,2022,mixed
gbdt_v3,summer_internationals_2022,tackle_turnover,extended,position:Second-row,3,1,0.0568391637032222,0.1136783274064444,0.2708333333333333,0.41973536273148704,0.0,0.0,0.0,1.0,0.0,0.0568391637032222,0.1705174911096666,summer_internationals,2022,mixed
gbdt_v3,summer_internationals_2022,tackle_try_saver,extended,all,23,1,0.010322557849859004,0.020645115699718008,0.07065217826086957,0.2922077734601457,0.0,0.0,0.0,1.0,0.0,0.010322557849859004,0.23741883054675705,summer_internationals,2022,mixed
gbdt_v3,summer_internationals_2022,tackle_try_saver,extended,starter,15,1,0.011655579696611186,0.023311159393222373,0.06666667066666668,0.34966736991829334,0.0,0.0,0.0,1.0,0.0,0.011655579696611186,0.17483369544916777,summer_internationals,2022,mixed
gbdt_v3,summer_internationals_2022,tackle_try_saver,extended,bench,8,1,0.00782314188719866,0.01564628377439732,0.078125005,0.20027241949485086,0.0,0.0,0.0,1.0,0.0,0.00782314188719866,0.06258513509758928,summer_internationals,2022,mixed
gbdt_v3,summer_internationals_2022,tackle_try_saver,extended,low_history,9,1,0.010909536004093624,0.021819072008187248,0.05902778222222222,0.3696407214834002,0.0,0.0,0.0,1.0,0.0,0.010909536004093624,0.09818582403684262,summer_internationals,2022,mixed
gbdt_v3,summer_internationals_2022,tackle_try_saver,extended,north,23,1,0.010322557849859004,0.020645115699718008,0.07065217826086957,0.2922077734601457,0.0,0.0,0.0,1.0,0.0,0.010322557849859004,0.23741883054675705,summer_internationals,2022,mixed
gbdt_v3,summer_internationals_2022,tackle_try_saver,extended,position:Back-row,4,1,0.014511120667608771,0.029022241335217542,0.09374999999999999,0.3095705742423205,0.0,0.0,0.0,1.0,0.0,0.014511120667608771,0.05804448267043509,summer_internationals,2022,mixed
gbdt_v3,summer_internationals_2022,tackle_try_saver,extended,position:Back-three,4,1,0.00952588080287759,0.01905176160575518,0.10937500000000001,0.1741875346811902,0.0,0.0,0.0,1.0,0.0,0.00952588080287759,0.03810352321151036,summer_internationals,2022,mixed
gbdt_v3,summer_internationals_2022,tackle_try_saver,extended,position:Centre,2,1,0.003372047150093595,0.00674409430018719,2e-08,337204.7150093595,0.0,0.0,0.0,1.0,0.0,0.003372047150093595,0.00674409430018719,summer_internationals,2022,mixed
gbdt_v3,summer_internationals_2022,tackle_try_saver,extended,position:Fly-half,2,1,0.006731330596298251,0.013462661192596502,0.03125001,0.43080502030548157,0.0,0.0,0.0,1.0,0.0,0.006731330596298251,0.013462661192596502,summer_internationals,2022,mixed
gbdt_v3,summer_internationals_2022,tackle_try_saver,extended,position:Hooker,2,1,0.01085112479122314,0.02170224958244628,0.06250001,0.34723593776139045,0.0,0.0,0.0,1.0,0.0,0.01085112479122314,0.02170224958244628,summer_internationals,2022,mixed
gbdt_v3,summer_internationals_2022,tackle_try_saver,extended,position:Prop,4,1,0.01057994083776195,0.0211598816755239,0.0625,0.3385581068083824,0.0,0.0,0.0,1.0,0.0,0.01057994083776195,0.0423197633510478,summer_internationals,2022,mixed
gbdt_v3,summer_internationals_2022,tackle_try_saver,extended,position:Scrum-half,2,1,0.012019905674504791,0.024039811349009583,0.15625,0.15385479263366134,0.0,0.0,0.0,1.0,0.0,0.012019905674504791,0.024039811349009583,summer_internationals,2022,mixed
gbdt_v3,summer_internationals_2022,tackle_try_saver,extended,position:Second-row,3,1,0.011000748296508087,0.022001496593016173,0.020833340000000002,1.0560714985218966,0.0,0.0,0.0,1.0,0.0,0.011000748296508087,0.03300224488952426,summer_internationals,2022,mixed
