engine,fold,target,tier,cohort,n,fixtures,mae,loss,naive_loss,relative_loss,calibration_intercept,calibration_slope,actual_positive_rate,predicted_positive_rate,actual_mean,predicted_mean,team_total_mae,tournament,calendar_year,fold_hemisphere
p3_event_50,pacific_nations_cup_2024,minutes,minutes,all,184,7,9.4649836564146,9.4649836564146,9.322973616615107,1.0152322687630915,-1.5280739271345924,1.0372930521272212,0.9836956521739131,1.0,51.41847826086956,51.04300282299632,28.235535976215374,pacific_nations_cup,2024,south
p3_event_50,pacific_nations_cup_2024,minutes,minutes,starter,120,7,9.920651679381447,9.920651679381447,9.847505418798324,1.0074278974696973,3.9454092810657233,0.9575730077467082,1.0,1.0,67.71666666666667,66.59675750015442,39.78727008738052,pacific_nations_cup,2024,south
p3_event_50,pacific_nations_cup_2024,minutes,minutes,bench,64,7,8.610606113351768,8.610606113351768,8.339476487521582,1.0325115882556752,9.591689516287238,0.5149832442956246,0.953125,1.0,20.859375,21.87971280332489,43.895784958098034,pacific_nations_cup,2024,south
p3_event_50,pacific_nations_cup_2024,minutes,minutes,zero_minute,3,3,21.45788177308125,21.45788177308125,20.0023165153093,1.0727698342668408,0.0,0.0,0.0,1.0,0.0,21.45788177308125,21.45788177308125,pacific_nations_cup,2024,south
p3_event_50,pacific_nations_cup_2024,minutes,minutes,low_history,55,7,7.926395645919235,7.926395645919235,7.742670159550388,1.0237289568821715,2.4302760382858457,0.9951672206272432,1.0,1.0,45.58181818181818,43.36109675752225,22.314644993248507,pacific_nations_cup,2024,south
p3_event_50,pacific_nations_cup_2024,minutes,minutes,south,184,7,9.4649836564146,9.4649836564146,9.322973616615107,1.0152322687630915,-1.5280739271345924,1.0372930521272212,0.9836956521739131,1.0,51.41847826086956,51.04300282299632,28.235535976215374,pacific_nations_cup,2024,south
p3_event_50,pacific_nations_cup_2024,minutes,minutes,position:Back-row,32,7,12.673145567297366,12.673145567297366,11.326892789885928,1.1188545528226013,0.35645097256774794,0.9920677845657256,1.0,1.0,56.4375,56.52945282562679,19.08825571339105,pacific_nations_cup,2024,south
p3_event_50,pacific_nations_cup_2024,minutes,minutes,position:Back-three,32,7,9.941764895809936,9.941764895809936,9.7661539501985,1.0179815868669433,2.64516902412741,0.9725265011351446,1.0,1.0,60.09375,59.07148124890985,11.004450851064362,pacific_nations_cup,2024,south
p3_event_50,pacific_nations_cup_2024,minutes,minutes,position:Centre,16,7,9.016720835395702,9.016720835395702,8.778360343183984,1.02715319067493,80.33921208629064,-0.08030838570073508,1.0,1.0,74.5,72.70986753550429,13.143977347131017,pacific_nations_cup,2024,south
p3_event_50,pacific_nations_cup_2024,minutes,minutes,position:Fly-half,16,7,10.99815962602846,10.99815962602846,10.187441042869997,1.0795801987709044,-0.014220220092550499,1.0325105432918729,0.9375,1.0,45.3125,43.899522880977926,16.724489772972,pacific_nations_cup,2024,south
p3_event_50,pacific_nations_cup_2024,minutes,minutes,position:Hooker,16,7,11.735996263178876,11.735996263178876,13.01720990920657,0.9015754024891661,-9.199073073691816,1.1904988227599367,0.9375,1.0,39.125,40.591449693047124,5.195333260011921,pacific_nations_cup,2024,south
p3_event_50,pacific_nations_cup_2024,minutes,minutes,position:Prop,32,7,7.431503600904609,7.431503600904609,7.300367379460564,1.0179629619480512,9.618579420842014,0.756715295508505,1.0,1.0,39.65625,39.69481092485778,5.536819602433891,pacific_nations_cup,2024,south
p3_event_50,pacific_nations_cup_2024,minutes,minutes,position:Scrum-half,16,7,5.124834979916352,5.124834979916352,5.298185664933296,0.9672811230145657,-5.240220652011295,1.0996750951986767,1.0,1.0,40.0,41.139624648712996,3.745845578685987,pacific_nations_cup,2024,south
p3_event_50,pacific_nations_cup_2024,minutes,minutes,position:Second-row,24,7,7.919181477483126,7.919181477483126,8.764114261193273,0.903591765405041,-10.800712783569738,1.2323583463501524,0.9583333333333334,1.0,53.333333333333336,52.04171847161776,3.874844585146729,pacific_nations_cup,2024,south
p3_event_50,pacific_nations_cup_2024,tries,stable,all,184,7,0.2685640813648699,0.7525801751497873,0.7730309441966758,0.9735446954608774,0.05465288263438561,1.566490515054147,0.18478260869565216,1.0,0.22826086956521738,0.11082606965215558,2.715522009468468,pacific_nations_cup,2024,south
p3_event_50,pacific_nations_cup_2024,tries,stable,starter,120,7,0.3360406923243248,0.8876888328484821,0.9230871655589783,0.9616522317379848,0.08403590444738468,1.4281146070596948,0.23333333333333334,1.0,0.2916666666666667,0.14538802501766104,2.194179624735084,pacific_nations_cup,2024,south
p3_event_50,pacific_nations_cup_2024,tries,stable,bench,64,7,0.14204543581589185,0.4992514419647344,0.4916755291423587,1.0154083585074705,-0.10620060110249417,4.684144795770438,0.09375,1.0,0.109375,0.04602240334183283,0.7890587316528008,pacific_nations_cup,2024,south
p3_event_50,pacific_nations_cup_2024,tries,stable,zero_minute,3,3,0.34484497231936717,1.3768628733152843,1.337885033175816,1.0291339234485226,-0.7891116466441195,23.704736526062916,0.3333333333333333,1.0,0.3333333333333333,0.04735108440219726,0.34484497231936717,pacific_nations_cup,2024,south
p3_event_50,pacific_nations_cup_2024,tries,stable,low_history,55,7,0.24776901238590093,0.6261585407727412,0.6109992795666931,1.0248106040596296,-0.018514451860988747,2.0548514344586075,0.18181818181818182,1.0,0.21818181818181817,0.11518899423751738,1.0167946030316006,pacific_nations_cup,2024,south
p3_event_50,pacific_nations_cup_2024,tries,stable,south,184,7,0.2685640813648699,0.7525801751497873,0.7730309441966758,0.9735446954608774,0.05465288263438561,1.566490515054147,0.18478260869565216,1.0,0.22826086956521738,0.11082606965215558,2.715522009468468,pacific_nations_cup,2024,south
p3_event_50,pacific_nations_cup_2024,tries,stable,position:Back-row,32,7,0.3949753333371604,1.448167013817169,1.3334200250935078,1.086054646371172,0.18063903371013001,1.6332200032266626,0.21875,1.0,0.34375,0.09987078652454706,1.1472351528049918,pacific_nations_cup,2024,south
p3_event_50,pacific_nations_cup_2024,tries,stable,position:Back-three,32,7,0.4554275248601801,1.1525105480587992,1.0995150893850623,1.0481989371363483,0.31360523934021134,0.417926922034252,0.34375,1.0,0.40625,0.22167693865913707,1.270856881039669,pacific_nations_cup,2024,south
p3_event_50,pacific_nations_cup_2024,tries,stable,position:Centre,16,7,0.4925523882658211,0.922128502592724,1.2362378116331714,0.7459151418241421,-0.35462911124189567,3.7090486392547763,0.4375,1.0,0.5,0.23041733726457916,0.7854795900192969,pacific_nations_cup,2024,south
p3_event_50,pacific_nations_cup_2024,tries,stable,position:Fly-half,16,7,0.1575973819859373,0.5638085035594287,0.5440443020060137,1.036328294369668,-0.04011301433500772,3.5424564387206,0.125,1.0,0.125,0.046609751507527414,0.3003524155658045,pacific_nations_cup,2024,south
p3_event_50,pacific_nations_cup_2024,tries,stable,position:Hooker,16,7,0.18826982901781258,0.5116557627813288,0.5498017419025865,0.9306186644857588,0.025047113265745262,1.0764932688581832,0.125,1.0,0.125,0.09285045213545365,0.3411592812339398,pacific_nations_cup,2024,south
p3_event_50,pacific_nations_cup_2024,tries,stable,position:Prop,32,7,0.045218956462571853,0.09043791292514371,0.09071636039875644,0.9969305704903859,0.0,0.0,0.0,1.0,0.0,0.045218956462571853,0.18087582585028741,pacific_nations_cup,2024,south
p3_event_50,pacific_nations_cup_2024,tries,stable,position:Scrum-half,16,7,0.22096984410255022,0.5222950970929616,0.5052581021294964,1.0337193899348867,-0.10109405393859652,3.1185050766655875,0.1875,1.0,0.1875,0.09254243518730172,0.41009878728943944,pacific_nations_cup,2024,south
p3_event_50,pacific_nations_cup_2024,tries,stable,position:Second-row,24,7,0.1585692420027051,0.5017021323959243,0.6714739672239007,0.7471654254447566,-0.11735934469089734,4.628330921260529,0.08333333333333333,1.0,0.125,0.05236430774161032,0.37968225127038574,pacific_nations_cup,2024,south
p3_event_50,pacific_nations_cup_2024,try_assists,stable,all,184,7,0.18039332866781205,0.5964429300004331,0.49779807545339827,1.1981623863394577,0.05216971647623566,1.1514405890676438,0.11413043478260869,1.0,0.14130434782608695,0.07741140289489563,1.4766439230828192,pacific_nations_cup,2024,south
p3_event_50,pacific_nations_cup_2024,try_assists,stable,starter,120,7,0.23818516390419295,0.7497028428527602,0.6277242838141122,1.194318687652953,0.0805752226402987,1.0690502569754199,0.15,1.0,0.19166666666666668,0.1039160163907264,1.3700697856508628,pacific_nations_cup,2024,south
p3_event_50,pacific_nations_cup_2024,try_assists,stable,bench,64,7,0.07203363759959791,0.30908059340231975,0.2541864347770595,1.2159602209827072,0.04746728853494625,-0.021370490238844565,0.046875,1.0,0.046875,0.027715252590212944,0.44001594393112137,pacific_nations_cup,2024,south
p3_event_50,pacific_nations_cup_2024,try_assists,stable,zero_minute,3,3,0.017727199747074568,0.035454399494149136,0.07610362218785288,0.4658700660348873,0.0,0.0,0.0,1.0,0.0,0.017727199747074568,0.017727199747074568,pacific_nations_cup,2024,south
p3_event_50,pacific_nations_cup_2024,try_assists,stable,low_history,55,7,0.20177785858150696,0.4670706029742687,0.4722521494704302,0.9890280086560286,0.022175267494124046,1.9916152781850744,0.2,1.0,0.2,0.08928668827441645,0.827310665869199,pacific_nations_cup,2024,south
p3_event_50,pacific_nations_cup_2024,try_assists,stable,south,184,7,0.18039332866781205,0.5964429300004331,0.49779807545339827,1.1981623863394577,0.05216971647623566,1.1514405890676438,0.11413043478260869,1.0,0.14130434782608695,0.07741140289489563,1.4766439230828192,pacific_nations_cup,2024,south
p3_event_50,pacific_nations_cup_2024,try_assists,stable,position:Back-row,32,7,0.12657140043191414,0.4785841214786244,0.4069730604539579,1.1759601997851847,0.07139016527639509,-0.13270655513449073,0.03125,1.0,0.0625,0.0669911540344437,0.4203260833965486,pacific_nations_cup,2024,south
p3_event_50,pacific_nations_cup_2024,try_assists,stable,position:Back-three,32,7,0.37954082161431646,1.6227281796063648,1.314317522373614,1.2346546036118968,0.2664554280524717,0.8629183630314272,0.25,1.0,0.34375,0.08957344664215143,1.2102739549918637,pacific_nations_cup,2024,south
p3_event_50,pacific_nations_cup_2024,try_assists,stable,position:Centre,16,7,0.3385894855370859,0.9655032354118557,0.9231951662914604,1.045827871142729,0.22399779898598443,0.16412777295936332,0.1875,1.0,0.25,0.1584265754976975,0.6532015537873113,pacific_nations_cup,2024,south
p3_event_50,pacific_nations_cup_2024,try_assists,stable,position:Fly-half,16,7,0.3301778894542482,1.0280310659776983,0.6380223583072,1.6112774930102276,-0.04793198027732913,4.294503580635286,0.3125,1.0,0.3125,0.08392867150060924,0.5980131383124416,pacific_nations_cup,2024,south
p3_event_50,pacific_nations_cup_2024,try_assists,stable,position:Hooker,16,7,0.02791831504778238,0.05583663009556476,0.07639442775198034,0.7308992519302867,0.0,0.0,0.0,1.0,0.0,0.02791831504778238,0.05583663009556476,pacific_nations_cup,2024,south
p3_event_50,pacific_nations_cup_2024,try_assists,stable,position:Prop,32,7,0.006136162550205458,0.012272325100410916,0.01813524440617109,0.6767113155770247,0.0,0.0,0.0,1.0,0.0,0.006136162550205458,0.024544650200821833,pacific_nations_cup,2024,south
p3_event_50,pacific_nations_cup_2024,try_assists,stable,position:Scrum-half,16,7,0.2830844027376,0.4420406757285612,0.5451879479844717,0.8108041958057951,-0.18133657619659319,1.9230374201207925,0.25,1.0,0.25,0.22429962708135934,0.47167821960995115,pacific_nations_cup,2024,south
p3_event_50,pacific_nations_cup_2024,try_assists,stable,position:Second-row,24,7,0.04683761180683336,0.09367522361366672,0.042017541940987335,2.229431310980338,0.0,0.0,0.0,1.0,0.0,0.04683761180683336,0.14051283542050005,pacific_nations_cup,2024,south
p3_event_50,pacific_nations_cup_2024,conversion_goals,stable,all,184,7,0.18800478131769607,0.370687312524954,0.4537321877538054,0.8169738064209995,-0.0692560079609853,2.822836669629034,0.043478260869565216,1.0,0.19021739130434784,0.09191938097482359,2.4729377299317625,pacific_nations_cup,2024,south
p3_event_50,pacific_nations_cup_2024,conversion_goals,stable,starter,120,7,0.27814159787655773,0.5481224122504436,0.652638335492671,0.8398562916728921,-0.08198545085099214,2.8564349734782266,0.06666666666666667,1.0,0.2916666666666667,0.13081065068415326,2.5978099488206325,pacific_nations_cup,2024,south
p3_event_50,pacific_nations_cup_2024,conversion_goals,stable,bench,64,7,0.018998250269830454,0.03799650053966091,0.08078316074343242,0.47035174397716273,0.0,0.0,0.0,1.0,0.0,0.018998250269830454,0.15198600215864366,pacific_nations_cup,2024,south
p3_event_50,pacific_nations_cup_2024,conversion_goals,stable,zero_minute,3,3,0.025168747153782128,0.050337494307564255,0.17490736377934699,0.28779516893906837,0.0,0.0,0.0,1.0,0.0,0.025168747153782128,0.025168747153782128,pacific_nations_cup,2024,south
p3_event_50,pacific_nations_cup_2024,conversion_goals,stable,low_history,55,7,0.05839747127649652,0.11679494255299304,0.21609083405992413,0.5404900354107784,0.0,0.0,0.0,1.0,0.0,0.05839747127649652,0.40148261502591365,pacific_nations_cup,2024,south
p3_event_50,pacific_nations_cup_2024,conversion_goals,stable,south,184,7,0.18800478131769607,0.370687312524954,0.4537321877538054,0.8169738064209995,-0.0692560079609853,2.822836669629034,0.043478260869565216,1.0,0.19021739130434784,0.09191938097482359,2.4729377299317625,pacific_nations_cup,2024,south
p3_event_50,pacific_nations_cup_2024,conversion_goals,stable,position:Back-row,32,7,0.0010684065556923923,0.0021368131113847846,2e-08,106840.65556923923,0.0,0.0,0.0,1.0,0.0,0.0010684065556923923,0.004273626222769569,pacific_nations_cup,2024,south
p3_event_50,pacific_nations_cup_2024,conversion_goals,stable,position:Back-three,32,7,0.33053588839817194,0.782533524736708,1.4645178856738756,0.5343284178305798,-0.022978105423229773,1.665490825983805,0.0625,1.0,0.25,0.163902497188468,1.2555713174175616,pacific_nations_cup,2024,south
p3_event_50,pacific_nations_cup_2024,conversion_goals,stable,position:Centre,16,7,0.013373432998496608,0.026746865996993215,0.061127029608404965,0.4375620109195609,0.0,0.0,0.0,1.0,0.0,0.013373432998496608,0.026746865996993212,pacific_nations_cup,2024,south
p3_event_50,pacific_nations_cup_2024,conversion_goals,stable,position:Fly-half,16,7,1.3813299989380154,2.4585306257252637,2.1800794186034897,1.1277252584220732,-0.6876674364739388,3.896178232695998,0.375,1.0,1.6875,0.6096146774143901,2.5966447724746047,pacific_nations_cup,2024,south
p3_event_50,pacific_nations_cup_2024,conversion_goals,stable,position:Hooker,16,7,0.001660714803494768,0.003321429606989536,0.0019047719047619047,1.7437413890272142,0.0,0.0,0.0,1.0,0.0,0.001660714803494768,0.003321429606989536,pacific_nations_cup,2024,south
p3_event_50,pacific_nations_cup_2024,conversion_goals,stable,position:Prop,32,7,0.0010514479547362122,0.0021028959094724245,2e-08,105144.79547362123,0.0,0.0,0.0,1.0,0.0,0.0010514479547362122,0.004205791818944849,pacific_nations_cup,2024,south
p3_event_50,pacific_nations_cup_2024,conversion_goals,stable,position:Scrum-half,16,7,0.0987185965579846,0.1974371931159692,0.045773057704354414,4.313393140375389,0.0,0.0,0.0,1.0,0.0,0.0987185965579846,0.1974371931159692,pacific_nations_cup,2024,south
p3_event_50,pacific_nations_cup_2024,conversion_goals,stable,position:Second-row,24,7,0.0011071706922080391,0.0022143413844160783,2.0000000000000004e-08,110717.0692208039,0.0,0.0,0.0,1.0,0.0,0.0011071706922080391,0.003321512076624117,pacific_nations_cup,2024,south
p3_event_50,pacific_nations_cup_2024,missed_conversion_goals,stable,all,184,7,0.05554941049434263,0.153316453907008,0.13254091664113865,1.156748103094233,-0.0005601509266156436,1.2753345627437882,0.021739130434782608,1.0,0.03804347826086957,0.030269413466245544,0.8508657450127093,pacific_nations_cup,2024,south
p3_event_50,pacific_nations_cup_2024,missed_conversion_goals,stable,starter,120,7,0.06588490575556966,0.13974505302969717,0.11240908313040457,1.2431829273758992,-0.012369917262547986,1.2589119235190045,0.025,1.0,0.041666666666666664,0.04292324420771833,0.7206962399604642,pacific_nations_cup,2024,south
p3_event_50,pacific_nations_cup_2024,missed_conversion_goals,stable,bench,64,7,0.03617035687954196,0.17876283055196585,0.17028810447376505,1.0497669881545157,-0.020425146718078515,7.897195405979839,0.015625,1.0,0.03125,0.006543480825984072,0.2865753700888626,pacific_nations_cup,2024,south
p3_event_50,pacific_nations_cup_2024,missed_conversion_goals,stable,zero_minute,3,3,0.008469160926622523,0.016938321853245047,0.04562738975918884,0.37123144546820935,0.0,0.0,0.0,1.0,0.0,0.008469160926622523,0.008469160926622523,pacific_nations_cup,2024,south
p3_event_50,pacific_nations_cup_2024,missed_conversion_goals,stable,low_history,55,7,0.053571497244829784,0.2309796394850131,0.24092972067903792,0.9587013127065376,0.024731508313395822,0.6091207865635949,0.01818181818181818,1.0,0.03636363636363636,0.01909658692796243,0.348867091198775,pacific_nations_cup,2024,south
p3_event_50,pacific_nations_cup_2024,missed_conversion_goals,stable,south,184,7,0.05554941049434263,0.153316453907008,0.13254091664113865,1.156748103094233,-0.0005601509266156436,1.2753345627437882,0.021739130434782608,1.0,0.03804347826086957,0.030269413466245544,0.8508657450127093,pacific_nations_cup,2024,south
p3_event_50,pacific_nations_cup_2024,missed_conversion_goals,stable,position:Back-row,32,7,0.00043909604018598343,0.0008781920803719669,2e-08,43909.604018598344,0.0,0.0,0.0,1.0,0.0,0.00043909604018598343,0.0017563841607439337,pacific_nations_cup,2024,south
p3_event_50,pacific_nations_cup_2024,missed_conversion_goals,stable,position:Back-three,32,7,0.0637207446280635,0.127441489256127,0.06013125611863813,2.119388442587774,0.0,0.0,0.0,1.0,0.0,0.0637207446280635,0.25488297851225394,pacific_nations_cup,2024,south
p3_event_50,pacific_nations_cup_2024,missed_conversion_goals,stable,position:Centre,16,7,0.0058273012882701265,0.011654602576540253,0.02865329512893983,0.4067456299212548,0.0,0.0,0.0,1.0,0.0,0.0058273012882701265,0.011654602576540253,pacific_nations_cup,2024,south
p3_event_50,pacific_nations_cup_2024,missed_conversion_goals,stable,position:Fly-half,16,7,0.48434843662777916,1.4541996518162696,1.3695720456979468,1.0617912773440086,0.15254636609627042,1.4716515227308589,0.25,1.0,0.4375,0.19362847080466267,0.8395415729785531,pacific_nations_cup,2024,south
p3_event_50,pacific_nations_cup_2024,missed_conversion_goals,stable,position:Hooker,16,7,0.000457508513034491,0.000915017026068982,2e-08,45750.8513034491,0.0,0.0,0.0,1.0,0.0,0.000457508513034491,0.0009150170260689819,pacific_nations_cup,2024,south
p3_event_50,pacific_nations_cup_2024,missed_conversion_goals,stable,position:Prop,32,7,0.000427442324232961,0.000854884648465922,2e-08,42744.2324232961,0.0,0.0,0.0,1.0,0.0,0.000427442324232961,0.0017097692969318442,pacific_nations_cup,2024,south
p3_event_50,pacific_nations_cup_2024,missed_conversion_goals,stable,position:Scrum-half,16,7,0.018335087513600055,0.03667017502720011,0.005732558308931719,6.39682547494815,0.0,0.0,0.0,1.0,0.0,0.018335087513600055,0.03667017502720011,pacific_nations_cup,2024,south
p3_event_50,pacific_nations_cup_2024,missed_conversion_goals,stable,position:Second-row,24,7,0.0004502138381943575,0.000900427676388715,2.0000000000000004e-08,45021.38381943574,0.0,0.0,0.0,1.0,0.0,0.0004502138381943575,0.0013506415145830724,pacific_nations_cup,2024,south
p3_event_50,pacific_nations_cup_2024,penalty_goals,stable,all,184,7,0.06471602727652423,0.10649838626700978,0.10450287430207092,1.019095283055763,-0.011708223621768522,0.8717334734251316,0.03804347826086957,1.0,0.05434782608695652,0.07577551134888048,0.8775946441316509,pacific_nations_cup,2024,south
p3_event_50,pacific_nations_cup_2024,penalty_goals,stable,starter,120,7,0.09260761274723155,0.15005026745587038,0.14123017506182045,1.0624518973384345,-0.012643600967693368,0.8759777897988305,0.058333333333333334,1.0,0.08333333333333333,0.10956548832484442,0.813702045732383,pacific_nations_cup,2024,south
p3_event_50,pacific_nations_cup_2024,penalty_goals,stable,bench,64,7,0.012419304518948078,0.024838609037896156,0.03563918537754056,0.6969465989407599,0.0,0.0,0.0,1.0,0.0,0.012419304518948078,0.09935443615158462,pacific_nations_cup,2024,south
p3_event_50,pacific_nations_cup_2024,penalty_goals,stable,zero_minute,3,3,0.01572003174759264,0.03144006349518528,0.07858049495564004,0.4001000949781966,0.0,0.0,0.0,1.0,0.0,0.01572003174759264,0.01572003174759264,pacific_nations_cup,2024,south
p3_event_50,pacific_nations_cup_2024,penalty_goals,stable,low_history,55,7,0.043051461477383035,0.08610292295476607,0.16640950079794106,0.5174159079974321,0.0,0.0,0.0,1.0,0.0,0.043051461477383035,0.2959787976570084,pacific_nations_cup,2024,south
p3_event_50,pacific_nations_cup_2024,penalty_goals,stable,south,184,7,0.06471602727652423,0.10649838626700978,0.10450287430207092,1.019095283055763,-0.011708223621768522,0.8717334734251316,0.03804347826086957,1.0,0.05434782608695652,0.07577551134888048,0.8775946441316509,pacific_nations_cup,2024,south
p3_event_50,pacific_nations_cup_2024,penalty_goals,stable,position:Back-row,32,7,0.0008139166488945954,0.0016278332977891908,2e-08,81391.66488945954,0.0,0.0,0.0,1.0,0.0,0.0008139166488945954,0.0032556665955783813,pacific_nations_cup,2024,south
p3_event_50,pacific_nations_cup_2024,penalty_goals,stable,position:Back-three,32,7,0.1436357611626538,0.28639389332430143,0.27343948833025833,1.0473757651945166,-0.01829764964233971,0.28331437226760575,0.03125,1.0,0.03125,0.1748857611626538,0.5745430446506152,pacific_nations_cup,2024,south
p3_event_50,pacific_nations_cup_2024,penalty_goals,stable,position:Centre,16,7,0.016807689843466183,0.033615379686932366,0.09933142311365807,0.33841637050209794,0.0,0.0,0.0,1.0,0.0,0.016807689843466183,0.03361537968693236,pacific_nations_cup,2024,south
p3_event_50,pacific_nations_cup_2024,penalty_goals,stable,position:Fly-half,16,7,0.3734067707717881,0.4848316142561432,0.5096683538446376,0.9512688213793525,0.044234337900159355,1.1830095898249502,0.375,1.0,0.5625,0.4380908376038847,0.6763418698002253,pacific_nations_cup,2024,south
p3_event_50,pacific_nations_cup_2024,penalty_goals,stable,position:Hooker,16,7,0.0008023775482918837,0.0016047550965837675,2e-08,80237.75482918837,0.0,0.0,0.0,1.0,0.0,0.0008023775482918837,0.0016047550965837675,pacific_nations_cup,2024,south
p3_event_50,pacific_nations_cup_2024,penalty_goals,stable,position:Prop,32,7,0.0007760864817197275,0.001552172963439455,2e-08,77608.64817197275,0.0,0.0,0.0,1.0,0.0,0.0007760864817197275,0.0031043459268789097,pacific_nations_cup,2024,south
p3_event_50,pacific_nations_cup_2024,penalty_goals,stable,position:Scrum-half,16,7,0.06153480400376063,0.12306960800752126,0.04590417085500342,2.6810114574612127,0.0,0.0,0.0,1.0,0.0,0.06153480400376063,0.12306960800752126,pacific_nations_cup,2024,south
p3_event_50,pacific_nations_cup_2024,penalty_goals,stable,position:Second-row,24,7,0.0008207619507904878,0.0016415239015809757,2.0000000000000004e-08,82076.19507904876,0.0,0.0,0.0,1.0,0.0,0.0008207619507904878,0.0024622858523714636,pacific_nations_cup,2024,south
p3_event_50,pacific_nations_cup_2024,missed_penalty_goals,stable,all,184,7,0.021218857138909884,0.04243771427781977,0.03776440605523517,1.1237490195330837,0.0,0.0,0.0,1.0,0.0,0.021218857138909884,0.48803371419492736,pacific_nations_cup,2024,south
p3_event_50,pacific_nations_cup_2024,missed_penalty_goals,stable,starter,120,7,0.030888570521172203,0.061777141042344406,0.0543575820011486,1.136495384232489,0.0,0.0,0.0,1.0,0.0,0.030888570521172203,0.4633285578175831,pacific_nations_cup,2024,south
p3_event_50,pacific_nations_cup_2024,missed_penalty_goals,stable,bench,64,7,0.003088144547168032,0.006176289094336064,0.006652201156647499,0.9284579568319489,0.0,0.0,0.0,1.0,0.0,0.003088144547168032,0.024705156377344255,pacific_nations_cup,2024,south
p3_event_50,pacific_nations_cup_2024,missed_penalty_goals,stable,zero_minute,3,3,0.003419350059798995,0.00683870011959799,0.01013943031685678,0.6744659123726771,0.0,0.0,0.0,1.0,0.0,0.003419350059798995,0.003419350059798995,pacific_nations_cup,2024,south
p3_event_50,pacific_nations_cup_2024,missed_penalty_goals,stable,low_history,55,7,0.010506529069466317,0.021013058138932634,0.0379009427193068,0.5544204611097588,0.0,0.0,0.0,1.0,0.0,0.010506529069466317,0.07223238735258092,pacific_nations_cup,2024,south
p3_event_50,pacific_nations_cup_2024,missed_penalty_goals,stable,south,184,7,0.021218857138909884,0.04243771427781977,0.03776440605523517,1.1237490195330837,0.0,0.0,0.0,1.0,0.0,0.021218857138909884,0.48803371419492736,pacific_nations_cup,2024,south
p3_event_50,pacific_nations_cup_2024,missed_penalty_goals,stable,position:Back-row,32,7,0.0002300178366535461,0.0004600356733070922,2e-08,23001.783665354607,0.0,0.0,0.0,1.0,0.0,0.0002300178366535461,0.0009200713466141844,pacific_nations_cup,2024,south
p3_event_50,pacific_nations_cup_2024,missed_penalty_goals,stable,position:Back-three,32,7,0.04202965810097216,0.08405931620194432,0.050623647856512646,1.6604752869686816,0.0,0.0,0.0,1.0,0.0,0.04202965810097216,0.16811863240388863,pacific_nations_cup,2024,south
p3_event_50,pacific_nations_cup_2024,missed_penalty_goals,stable,position:Centre,16,7,0.006221792932781059,0.012443585865562119,0.04011461318051576,0.3102008190772271,0.0,0.0,0.0,1.0,0.0,0.006221792932781059,0.012443585865562119,pacific_nations_cup,2024,south
p3_event_50,pacific_nations_cup_2024,missed_penalty_goals,stable,position:Fly-half,16,7,0.10058453919289907,0.20116907838579814,0.27191410631819707,0.7398258262864367,0.0,0.0,0.0,1.0,0.0,0.10058453919289907,0.20116907838579817,pacific_nations_cup,2024,south
p3_event_50,pacific_nations_cup_2024,missed_penalty_goals,stable,position:Hooker,16,7,0.0002392751275103245,0.000478550255020649,2e-08,23927.51275103245,0.0,0.0,0.0,1.0,0.0,0.0002392751275103245,0.000478550255020649,pacific_nations_cup,2024,south
p3_event_50,pacific_nations_cup_2024,missed_penalty_goals,stable,position:Prop,32,7,0.00022355463005477639,0.00044710926010955277,2e-08,22355.46300547764,0.0,0.0,0.0,1.0,0.0,0.00022355463005477639,0.0008942185202191055,pacific_nations_cup,2024,south
p3_event_50,pacific_nations_cup_2024,missed_penalty_goals,stable,position:Scrum-half,16,7,0.05164090949964442,0.10328181899928884,0.02101452442346634,4.914782600740509,0.0,0.0,0.0,1.0,0.0,0.05164090949964442,0.10328181899928884,pacific_nations_cup,2024,south
p3_event_50,pacific_nations_cup_2024,missed_penalty_goals,stable,position:Second-row,24,7,0.00024258613951188318,0.00048517227902376635,2.0000000000000004e-08,24258.613951188312,0.0,0.0,0.0,1.0,0.0,0.00024258613951188318,0.0007277584185356495,pacific_nations_cup,2024,south
p3_event_50,pacific_nations_cup_2024,drop_goals_converted,stable,all,184,7,0.0005042234080688476,0.0010084468161376953,0.0033240759344011126,0.30337658827260927,0.0,0.0,0.0,1.0,0.0,0.0005042234080688476,0.011597138385583496,pacific_nations_cup,2024,south
p3_event_50,pacific_nations_cup_2024,drop_goals_converted,stable,starter,120,7,0.000614926608144577,0.001229853216289154,0.0038294799764746084,0.3211541054776184,0.0,0.0,0.0,1.0,0.0,0.000614926608144577,0.009223899122168658,pacific_nations_cup,2024,south
p3_event_50,pacific_nations_cup_2024,drop_goals_converted,stable,bench,64,7,0.0002966549079268549,0.0005933098158537098,0.002376443355513308,0.2496629319934099,0.0,0.0,0.0,1.0,0.0,0.0002966549079268549,0.002373239263414839,pacific_nations_cup,2024,south
p3_event_50,pacific_nations_cup_2024,drop_goals_converted,stable,zero_minute,3,3,0.00047907785409270065,0.0009581557081854013,0.006337148948035488,0.1511966526338992,0.0,0.0,0.0,1.0,0.0,0.00047907785409270065,0.00047907785409270065,pacific_nations_cup,2024,south
p3_event_50,pacific_nations_cup_2024,drop_goals_converted,stable,low_history,55,7,0.0007777900933525009,0.0015555801867050017,0.003679915542246005,0.4227217089214952,0.0,0.0,0.0,1.0,0.0,0.0007777900933525009,0.0053473068917984454,pacific_nations_cup,2024,south
p3_event_50,pacific_nations_cup_2024,drop_goals_converted,stable,south,184,7,0.0005042234080688476,0.0010084468161376953,0.0033240759344011126,0.30337658827260927,0.0,0.0,0.0,1.0,0.0,0.0005042234080688476,0.011597138385583496,pacific_nations_cup,2024,south
p3_event_50,pacific_nations_cup_2024,drop_goals_converted,stable,position:Back-row,32,7,4.493958097170885e-05,8.98791619434177e-05,2e-08,4493.958097170885,0.0,0.0,0.0,1.0,0.0,4.493958097170885e-05,0.00017975832388683537,pacific_nations_cup,2024,south
p3_event_50,pacific_nations_cup_2024,drop_goals_converted,stable,position:Back-three,32,7,0.000531368974643198,0.001062737949286396,0.0028662470382165607,0.3707768155070311,0.0,0.0,0.0,1.0,0.0,0.000531368974643198,0.002125475898572792,pacific_nations_cup,2024,south
p3_event_50,pacific_nations_cup_2024,drop_goals_converted,stable,position:Centre,16,7,0.0001398552081164191,0.0002797104162328382,2e-08,13985.520811641909,0.0,0.0,0.0,1.0,0.0,0.0001398552081164191,0.00027971041623283814,pacific_nations_cup,2024,south
p3_event_50,pacific_nations_cup_2024,drop_goals_converted,stable,position:Fly-half,16,7,0.004188887535482194,0.008377775070964388,0.032494209169179666,0.25782363335405,0.0,0.0,0.0,1.0,0.0,0.004188887535482194,0.008377775070964388,pacific_nations_cup,2024,south
p3_event_50,pacific_nations_cup_2024,drop_goals_converted,stable,position:Hooker,16,7,4.224844257581952e-05,8.449688515163904e-05,2e-08,4224.844257581952,0.0,0.0,0.0,1.0,0.0,4.224844257581952e-05,8.449688515163904e-05,pacific_nations_cup,2024,south
p3_event_50,pacific_nations_cup_2024,drop_goals_converted,stable,position:Prop,32,7,3.405904433022613e-05,6.811808866045226e-05,2e-08,3405.904433022613,0.0,0.0,0.0,1.0,0.0,3.405904433022613e-05,0.00013623617732090452,pacific_nations_cup,2024,south
p3_event_50,pacific_nations_cup_2024,drop_goals_converted,stable,position:Scrum-half,16,7,0.000133796637637051,0.000267593275274102,2e-08,13379.6637637051,0.0,0.0,0.0,1.0,0.0,0.000133796637637051,0.00026759327527410207,pacific_nations_cup,2024,south
p3_event_50,pacific_nations_cup_2024,drop_goals_converted,stable,position:Second-row,24,7,4.86974460599991e-05,9.73948921199982e-05,2.0000000000000004e-08,4869.744605999909,0.0,0.0,0.0,1.0,0.0,4.86974460599991e-05,0.0001460923381799973,pacific_nations_cup,2024,south
p3_event_50,pacific_nations_cup_2024,drop_goal_missed,stable,all,184,7,0.0013369154155779028,0.0026738308311558055,0.007648735268326514,0.3495781638865401,0.0,0.0,0.0,1.0,0.0,0.0013369154155779028,0.030749054558291765,pacific_nations_cup,2024,south
p3_event_50,pacific_nations_cup_2024,drop_goal_missed,stable,starter,120,7,0.0016900952753498093,0.0033801905506996186,0.010208584521603947,0.33111255958612873,0.0,0.0,0.0,1.0,0.0,0.0016900952753498093,0.02535142913024714,pacific_nations_cup,2024,south
p3_event_50,pacific_nations_cup_2024,drop_goal_missed,stable,bench,64,7,0.0006747031785055782,0.0013494063570111564,0.0028490179184313246,0.47363912605861824,0.0,0.0,0.0,1.0,0.0,0.0006747031785055782,0.005397625428044626,pacific_nations_cup,2024,south
p3_event_50,pacific_nations_cup_2024,drop_goal_missed,stable,zero_minute,3,3,0.00080900289735764,0.00161800579471528,0.002534867579214195,0.6382999285575538,0.0,0.0,0.0,1.0,0.0,0.00080900289735764,0.00080900289735764,pacific_nations_cup,2024,south
p3_event_50,pacific_nations_cup_2024,drop_goal_missed,stable,low_history,55,7,0.002041902997931755,0.00408380599586351,0.007852738225607257,0.5200486605483028,0.0,0.0,0.0,1.0,0.0,0.002041902997931755,0.014038083110780815,pacific_nations_cup,2024,south
p3_event_50,pacific_nations_cup_2024,drop_goal_missed,stable,south,184,7,0.0013369154155779028,0.0026738308311558055,0.007648735268326514,0.3495781638865401,0.0,0.0,0.0,1.0,0.0,0.0013369154155779028,0.030749054558291765,pacific_nations_cup,2024,south
p3_event_50,pacific_nations_cup_2024,drop_goal_missed,stable,position:Back-row,32,7,6.802455505303204e-05,0.0001360491101060641,2e-08,6802.4555053032045,0.0,0.0,0.0,1.0,0.0,6.802455505303204e-05,0.0002720982202121282,pacific_nations_cup,2024,south
p3_event_50,pacific_nations_cup_2024,drop_goal_missed,stable,position:Back-three,32,7,0.0025823682173523473,0.005164736434704695,0.014311267963112922,0.3608860128967416,0.0,0.0,0.0,1.0,0.0,0.0025823682173523473,0.01032947286940939,pacific_nations_cup,2024,south
p3_event_50,pacific_nations_cup_2024,drop_goal_missed,stable,position:Centre,16,7,0.0005038723977746555,0.001007744795549311,0.0019102196752626551,0.5275544004700643,0.0,0.0,0.0,1.0,0.0,0.0005038723977746555,0.0010077447955493112,pacific_nations_cup,2024,south
p3_event_50,pacific_nations_cup_2024,drop_goal_missed,stable,position:Fly-half,16,7,0.007918495286300724,0.015836990572601448,0.05552641929985577,0.2852154122720927,0.0,0.0,0.0,1.0,0.0,0.007918495286300724,0.015836990572601444,pacific_nations_cup,2024,south
p3_event_50,pacific_nations_cup_2024,drop_goal_missed,stable,position:Hooker,16,7,7.431622295620685e-05,0.0001486324459124137,2e-08,7431.622295620685,0.0,0.0,0.0,1.0,0.0,7.431622295620685e-05,0.0001486324459124137,pacific_nations_cup,2024,south
p3_event_50,pacific_nations_cup_2024,drop_goal_missed,stable,position:Prop,32,7,6.0680151926774324e-05,0.00012136030385354865,2e-08,6068.015192677432,0.0,0.0,0.0,1.0,0.0,6.0680151926774324e-05,0.0002427206077070973,pacific_nations_cup,2024,south
p3_event_50,pacific_nations_cup_2024,drop_goal_missed,stable,position:Scrum-half,16,7,0.0013420085070921628,0.0026840170141843255,0.0019011506844106463,1.411785523469102,0.0,0.0,0.0,1.0,0.0,0.0013420085070921628,0.0026840170141843255,pacific_nations_cup,2024,south
p3_event_50,pacific_nations_cup_2024,drop_goal_missed,stable,position:Second-row,24,7,7.579267757188583e-05,0.00015158535514377166,2.0000000000000004e-08,7579.2677571885815,0.0,0.0,0.0,1.0,0.0,7.579267757188583e-05,0.00022737803271565747,pacific_nations_cup,2024,south
p3_event_50,pacific_nations_cup_2024,defenders_beaten,stable,all,184,7,1.0212048305948171,1.6827245197018699,1.6610204911335313,1.0130666832132378,0.4429025694414834,0.7619670995072573,0.5271739130434783,1.0,1.1956521739130435,0.9879030275169908,6.030456568657533,pacific_nations_cup,2024,south
p3_event_50,pacific_nations_cup_2024,defenders_beaten,stable,starter,120,7,1.2045767935773835,1.7724705687639322,1.7251714527423825,1.027417052343616,0.7092801204715828,0.6236285172894813,0.6666666666666666,1.0,1.5333333333333334,1.3213847507220937,5.218398069865351,pacific_nations_cup,2024,south
p3_event_50,pacific_nations_cup_2024,defenders_beaten,stable,bench,64,7,0.6773824000025058,1.5144506777105033,1.5407374381169356,0.9829388448958833,-0.16417261658123125,2.0039242312718044,0.265625,1.0,0.5625,0.3626247965074226,2.382075074443216,pacific_nations_cup,2024,south
p3_event_50,pacific_nations_cup_2024,defenders_beaten,stable,zero_minute,3,3,1.6314563489494176,5.375567193869256,5.033689176776682,1.0679179832298455,-2.9028610592738846,18.38327542459916,0.3333333333333333,1.0,1.6666666666666667,0.24856983428676394,1.6314563489494176,pacific_nations_cup,2024,south
p3_event_50,pacific_nations_cup_2024,defenders_beaten,stable,low_history,55,7,0.8652990773209635,1.2910573304836361,1.3157593614994607,0.9812260267807073,-0.46884638291444414,2.1110675574231363,0.509090909090909,1.0,1.2363636363636363,0.807747726159714,3.131289201642045,pacific_nations_cup,2024,south
p3_event_50,pacific_nations_cup_2024,defenders_beaten,stable,south,184,7,1.0212048305948171,1.6827245197018699,1.6610204911335313,1.0130666832132378,0.4429025694414834,0.7619670995072573,0.5271739130434783,1.0,1.1956521739130435,0.9879030275169908,6.030456568657533,pacific_nations_cup,2024,south
p3_event_50,pacific_nations_cup_2024,defenders_beaten,stable,position:Back-row,32,7,0.9412883844320502,1.3724014245584342,1.028857483134311,1.3339081914217614,0.9896369644186436,0.19601670841466065,0.71875,1.0,1.21875,1.168844418592533,1.7980589693175055,pacific_nations_cup,2024,south
p3_event_50,pacific_nations_cup_2024,defenders_beaten,stable,position:Back-three,32,7,1.636592117352259,2.6947865342278745,2.7891966426015955,0.9661515050851126,0.3592382616266203,1.1916196089421556,0.75,1.0,2.25,1.5867158648487492,4.988090580231548,pacific_nations_cup,2024,south
p3_event_50,pacific_nations_cup_2024,defenders_beaten,stable,position:Centre,16,7,2.0650799864508964,2.680135689865476,2.183050625452437,1.2277020324757781,3.162026034584555,-0.3254382859519512,0.75,1.0,2.4375,2.2263085379312963,3.1745919299003713,pacific_nations_cup,2024,south
p3_event_50,pacific_nations_cup_2024,defenders_beaten,stable,position:Fly-half,16,7,1.0788722519955927,2.2287602246837483,2.137767251609588,1.0425644901266258,1.336667922831651,0.041608895338492345,0.6875,1.0,1.375,0.9212471721855058,1.7521640461365273,pacific_nations_cup,2024,south
p3_event_50,pacific_nations_cup_2024,defenders_beaten,stable,position:Hooker,16,7,0.73800703365272,1.3595109652144945,1.4422107360723175,0.9426576374801885,0.01514278641170465,0.7092564817129527,0.25,1.0,0.5,0.6836133699015317,0.9358242336019182,pacific_nations_cup,2024,south
p3_event_50,pacific_nations_cup_2024,defenders_beaten,stable,position:Prop,32,7,0.3950145829853771,0.6266792362152075,0.9546309875545346,0.6564622816409545,-0.3557994425025974,2.190973092939582,0.3125,1.0,0.40625,0.3478132364830515,0.9977160261328226,pacific_nations_cup,2024,south
p3_event_50,pacific_nations_cup_2024,defenders_beaten,stable,position:Scrum-half,16,7,0.7843421601909981,1.287338644700855,1.2106656166055336,1.0633313006032974,-0.036792700565522515,1.5979928267095849,0.4375,1.0,0.8125,0.531474663947206,1.1054951693696422,pacific_nations_cup,2024,south
p3_event_50,pacific_nations_cup_2024,defenders_beaten,stable,position:Second-row,24,7,0.7545093000072121,1.6052347080692655,1.721780794476568,0.9323107292280297,0.09476832170476826,0.9259040336749241,0.25,1.0,0.5833333333333334,0.5276626884207908,1.6023608203151953,pacific_nations_cup,2024,south
p3_event_50,pacific_nations_cup_2024,clean_breaks,stable,all,184,7,0.3528643537478297,0.7292007314667304,0.7199147031183242,1.0128987896874222,-0.021626011957956826,1.5272107932663086,0.21739130434782608,1.0,0.30978260869565216,0.21700253960673738,2.35546525226729,pacific_nations_cup,2024,south
p3_event_50,pacific_nations_cup_2024,clean_breaks,stable,starter,120,7,0.45984332040152687,0.8887731397164155,0.8772897249851529,1.0130896491822663,-0.04848399195633848,1.560310702131204,0.2916666666666667,1.0,0.4166666666666667,0.29811412431361467,2.2697857438164633,pacific_nations_cup,2024,south
p3_event_50,pacific_nations_cup_2024,clean_breaks,stable,bench,64,7,0.1522787912721474,0.4300024659985708,0.4248365371180202,1.012159803663769,-0.08744794149596531,3.0318552098496405,0.078125,1.0,0.109375,0.06491831828134244,0.8909705182329353,pacific_nations_cup,2024,south
p3_event_50,pacific_nations_cup_2024,clean_breaks,stable,zero_minute,3,3,0.6451873477358042,2.679351389229964,2.6237687047004776,1.0211842928189172,-0.4189500723262254,22.009769742269505,0.3333333333333333,1.0,0.6666666666666666,0.049324311508265245,0.6451873477358042,pacific_nations_cup,2024,south
p3_event_50,pacific_nations_cup_2024,clean_breaks,stable,low_history,55,7,0.35059493804046865,0.6684048169457871,0.6189095379995911,1.0799717501626687,-0.09084464018648224,1.9776369047257074,0.23636363636363636,1.0,0.38181818181818183,0.23900384386800314,1.0901623211031644,pacific_nations_cup,2024,south
p3_event_50,pacific_nations_cup_2024,clean_breaks,stable,south,184,7,0.3528643537478297,0.7292007314667304,0.7199147031183242,1.0128987896874222,-0.021626011957956826,1.5272107932663086,0.21739130434782608,1.0,0.30978260869565216,0.21700253960673738,2.35546525226729,pacific_nations_cup,2024,south
p3_event_50,pacific_nations_cup_2024,clean_breaks,stable,position:Back-row,32,7,0.3435141024063887,0.711397527477152,0.6754659738603694,1.0531952089480237,0.09023513943867294,0.5672179720707977,0.1875,1.0,0.21875,0.22657050179870952,0.6906482738875932,pacific_nations_cup,2024,south
p3_event_50,pacific_nations_cup_2024,clean_breaks,stable,position:Back-three,32,7,0.7732801577683137,1.495306473732441,1.2972879812917353,1.1526403507134437,0.3105979307546793,1.176572806484273,0.53125,1.0,0.875,0.47970007987165275,2.1366209367522444,pacific_nations_cup,2024,south
p3_event_50,pacific_nations_cup_2024,clean_breaks,stable,position:Centre,16,7,0.7641712034304027,1.2969229052472042,1.3653615730712372,0.9498750593441067,0.19800778344563955,1.3998548701614844,0.5625,1.0,0.8125,0.4389685171316898,0.7470629657366205,pacific_nations_cup,2024,south
p3_event_50,pacific_nations_cup_2024,clean_breaks,stable,position:Fly-half,16,7,0.2978748424389421,0.8790889950045923,1.0693758575426144,0.8220580152470487,0.3499155877892745,-1.1375441321411168,0.125,1.0,0.1875,0.1427773949161617,0.49808786727786136,pacific_nations_cup,2024,south
p3_event_50,pacific_nations_cup_2024,clean_breaks,stable,position:Hooker,16,7,0.16435937159593833,0.4213309195977692,0.3327945171649339,1.2660392460400913,0.08319758017276824,-0.1860834274737216,0.0625,1.0,0.0625,0.11122742338616415,0.32106252070242625,pacific_nations_cup,2024,south
p3_event_50,pacific_nations_cup_2024,clean_breaks,stable,position:Prop,32,7,0.0673967693459199,0.19438827385029828,0.19549849108347123,0.9943210956410966,0.000836353022790426,0.7639279157462936,0.03125,1.0,0.03125,0.039812194776908984,0.2464566938692891,pacific_nations_cup,2024,south
p3_event_50,pacific_nations_cup_2024,clean_breaks,stable,position:Scrum-half,16,7,0.21011363782566989,0.3999278404057164,0.4624336441262591,0.8648329235675667,-0.0012975753035951913,0.3500572296272085,0.0625,1.0,0.0625,0.18224898646297374,0.39858495525662874,pacific_nations_cup,2024,south
p3_event_50,pacific_nations_cup_2024,clean_breaks,stable,position:Second-row,24,7,0.1686926358452291,0.39090213432822357,0.4750324009896876,0.8228957298782439,-0.07735963282856946,2.3687864611518417,0.125,1.0,0.125,0.0854275537906319,0.34257691238131566,pacific_nations_cup,2024,south
p3_event_50,pacific_nations_cup_2024,offload,stable,all,184,7,0.4524004194637341,0.9120709523434618,0.9893788607953539,0.9218621788727679,4.579024790799587e-05,1.2747205122635443,0.25,1.0,0.3804347826086957,0.29840972095547774,3.562002776165094,pacific_nations_cup,2024,south
p3_event_50,pacific_nations_cup_2024,offload,stable,starter,120,7,0.5826679462837988,1.139420645000682,1.2467914956646549,0.9138822721863897,0.03384734536107814,1.233052229686377,0.31666666666666665,1.0,0.5166666666666667,0.3915643714689947,3.359146732616585,pacific_nations_cup,2024,south
p3_event_50,pacific_nations_cup_2024,offload,stable,bench,64,7,0.2081488066761129,0.48579027861117396,0.5067301704154149,0.9586764455191714,0.035616117559411443,0.7223246363421787,0.125,1.0,0.125,0.12374475124263351,0.5119630224826901,pacific_nations_cup,2024,south
p3_event_50,pacific_nations_cup_2024,offload,stable,zero_minute,3,3,0.115937323865536,0.231874647731072,0.23868239179300624,0.9714778119542301,0.0,0.0,0.0,1.0,0.0,0.115937323865536,0.115937323865536,pacific_nations_cup,2024,south
p3_event_50,pacific_nations_cup_2024,offload,stable,low_history,55,7,0.3652751338300694,0.7341559694581086,0.7841845641635651,0.9362030356223365,-0.17232507684689183,2.021827411977723,0.2,1.0,0.3090909090909091,0.2381093376644282,1.4295417145325948,pacific_nations_cup,2024,south
p3_event_50,pacific_nations_cup_2024,offload,stable,south,184,7,0.4524004194637341,0.9120709523434618,0.9893788607953539,0.9218621788727679,4.579024790799587e-05,1.2747205122635443,0.25,1.0,0.3804347826086957,0.29840972095547774,3.562002776165094,pacific_nations_cup,2024,south
p3_event_50,pacific_nations_cup_2024,offload,stable,position:Back-row,32,7,0.4612520703392619,0.8670915810605063,1.0169302311659179,0.8526559192427385,-0.24596199290040147,2.2555807309943057,0.28125,1.0,0.40625,0.2891547990006519,1.0031222707633034,pacific_nations_cup,2024,south
p3_event_50,pacific_nations_cup_2024,offload,stable,position:Back-three,32,7,0.8143558277425749,1.8220205074372988,1.5761906956002625,1.1559645114789976,0.2797277577041232,1.1731079952529817,0.40625,1.0,0.78125,0.4275158334316211,2.149369532415432,pacific_nations_cup,2024,south
p3_event_50,pacific_nations_cup_2024,offload,stable,position:Centre,16,7,0.8157860942054409,1.2555253347154642,1.4448169430554838,0.8689857498904272,0.31709919486542876,0.6360087167196041,0.5,1.0,0.8125,0.7789214080111071,1.367476215363755,pacific_nations_cup,2024,south
p3_event_50,pacific_nations_cup_2024,offload,stable,position:Fly-half,16,7,0.46294874147242043,0.9702728969240915,1.081498146275187,0.8971563199306731,0.4519614336262003,-0.2510786148279995,0.375,1.0,0.375,0.30652325240412226,0.7086617542163915,pacific_nations_cup,2024,south
p3_event_50,pacific_nations_cup_2024,offload,stable,position:Hooker,16,7,0.1937387655671973,0.40269911023871663,0.4832198112844812,0.8333663083230658,-0.03897421507662897,0.6668203448297944,0.0625,1.0,0.0625,0.15217624336661512,0.3464246546021271,pacific_nations_cup,2024,south
p3_event_50,pacific_nations_cup_2024,offload,stable,position:Prop,32,7,0.22413577990265393,0.5467654318121251,0.6405504847912884,0.853586789478863,-0.023378593866028072,1.5373888429564087,0.125,1.0,0.15625,0.1168400529826932,0.8523352772147985,pacific_nations_cup,2024,south
p3_event_50,pacific_nations_cup_2024,offload,stable,position:Scrum-half,16,7,0.25123010600088,0.4714239143484791,0.5639281904126243,0.8359644407979318,-0.06641865050482704,0.5551868375857264,0.0625,1.0,0.0625,0.23220768537208109,0.41261755490125746,pacific_nations_cup,2024,south
p3_event_50,pacific_nations_cup_2024,offload,stable,position:Second-row,24,7,0.3196091737453481,0.6114264367354653,0.8913673233359042,0.6859421707845739,-0.246628861776425,2.526414796136119,0.16666666666666666,1.0,0.25,0.1965745540027574,0.8370024977304502,pacific_nations_cup,2024,south
p3_event_50,pacific_nations_cup_2024,runs,stable,all,184,7,2.179552725641487,1.6161444656834816,1.7404993351638642,0.9285521878876932,-0.35441511852197166,1.1883781816142347,0.9239130434782609,1.0,5.201086956521739,4.674860377777543,18.15492457456469,pacific_nations_cup,2024,south
p3_event_50,pacific_nations_cup_2024,runs,stable,starter,120,7,2.5225945909016265,1.5109720922167433,1.6368143524468597,0.9231175728377529,0.8490848907182927,1.0137189281285859,1.0,1.0,6.95,6.018349800910331,18.25225741874777,pacific_nations_cup,2024,south
p3_event_50,pacific_nations_cup_2024,runs,stable,bench,64,7,1.536349228278726,1.8133426659336154,1.9349086777582476,0.937172222533274,0.13614331446008382,0.8283314854269209,0.78125,1.0,1.921875,2.1558177094035655,3.489521308849942,pacific_nations_cup,2024,south
p3_event_50,pacific_nations_cup_2024,runs,stable,zero_minute,3,3,3.3664408509014954,5.891716285681473,5.910947179247546,0.9967465631170602,10.061297521714005,-3.246459765389671,0.3333333333333333,1.0,2.3333333333333335,2.3804281423007523,3.3664408509014954,pacific_nations_cup,2024,south
p3_event_50,pacific_nations_cup_2024,runs,stable,low_history,55,7,1.5967189402139517,1.3576700172119838,1.3023905342615583,1.0424446289313432,-0.8293431015631901,1.343271350224528,0.8545454545454545,1.0,4.254545454545455,3.7847070551001294,4.409341521078524,pacific_nations_cup,2024,south
p3_event_50,pacific_nations_cup_2024,runs,stable,south,184,7,2.179552725641487,1.6161444656834816,1.7404993351638642,0.9285521878876932,-0.35441511852197166,1.1883781816142347,0.9239130434782609,1.0,5.201086956521739,4.674860377777543,18.15492457456469,pacific_nations_cup,2024,south
p3_event_50,pacific_nations_cup_2024,runs,stable,position:Back-row,32,7,2.408171302794618,1.4195311639363513,1.0238467669712699,1.3864683756687437,2.4292510856350664,0.801849582097315,1.0,1.0,7.28125,6.05100884591604,6.437008785470006,pacific_nations_cup,2024,south
p3_event_50,pacific_nations_cup_2024,runs,stable,position:Back-three,32,7,2.1332767483171557,1.2678446951220523,1.4915112977097467,0.8500402893822259,0.2163149984888451,1.0486728004561403,1.0,1.0,6.21875,5.723839694230918,5.0650509305730225,pacific_nations_cup,2024,south
p3_event_50,pacific_nations_cup_2024,runs,stable,position:Centre,16,7,3.6646708546169173,2.575208664916475,2.0382030771646082,1.2634701094156466,11.660966898173593,-0.49615368203664173,1.0,1.0,8.375,6.622881210283795,3.5042375794324103,pacific_nations_cup,2024,south
p3_event_50,pacific_nations_cup_2024,runs,stable,position:Fly-half,16,7,2.5267689991191,2.537618966629531,2.7452322917049674,0.9243731302073184,1.944695151991956,0.929120208488362,0.9375,1.0,5.375,3.6919925071794553,3.605652405844403,pacific_nations_cup,2024,south
p3_event_50,pacific_nations_cup_2024,runs,stable,position:Hooker,16,7,2.1771786644840687,1.84418524845796,2.89068350706208,0.6379754974740492,-3.2044415556242445,1.7407481789018335,0.8125,1.0,4.0,4.138704060095142,3.5538852769853673,pacific_nations_cup,2024,south
p3_event_50,pacific_nations_cup_2024,runs,stable,position:Prop,32,7,1.5425683279668287,1.1923712637608457,1.407477445862145,0.8471690024350359,-1.5546463830708641,1.3373597189354478,0.90625,1.0,2.6875,3.1720309225760577,3.0084589842616403,pacific_nations_cup,2024,south
p3_event_50,pacific_nations_cup_2024,runs,stable,position:Scrum-half,16,7,1.0596898563449613,1.0122718636127825,1.317414932860966,0.7683774021101165,-1.2103778565563426,1.2017118506295208,0.75,1.0,2.0,2.67150386748252,1.5242303147470606,pacific_nations_cup,2024,south
p3_event_50,pacific_nations_cup_2024,runs,stable,position:Second-row,24,7,2.3123434747698997,1.90458824406986,2.119025016336997,0.898804039303973,-2.9729178938924443,1.8016582554952623,0.875,1.0,5.125,4.49470251596987,3.650184198090589,pacific_nations_cup,2024,south
p3_event_50,pacific_nations_cup_2024,tackles,stable,all,184,7,2.714407780757038,2.5263616420289408,2.5692779677248665,0.9832963477541012,0.1861839583063435,1.0437447425442008,0.8586956521739131,1.0,5.456521739130435,5.0494508532586915,27.19954754267736,pacific_nations_cup,2024,south
p3_event_50,pacific_nations_cup_2024,tackles,stable,starter,120,7,2.952226904991507,2.122703268290119,2.092005723575176,1.0146737383980393,0.5415891596568432,1.0021930208948513,0.9583333333333334,1.0,7.0,6.444278403152805,17.91629715676775,pacific_nations_cup,2024,south
p3_event_50,pacific_nations_cup_2024,tackles,stable,bench,64,7,2.268496922817409,3.2832210927892316,3.4641634255055367,0.9477673797419359,0.7555557072115444,0.74233095278696,0.671875,1.0,2.5625,2.434149197207229,14.680451956304292,pacific_nations_cup,2024,south
p3_event_50,pacific_nations_cup_2024,tackles,stable,zero_minute,3,3,1.5457328706129339,2.8890451617737476,4.7192164035577,0.6121874723938848,5.237755373143739,-2.298373101011719,0.3333333333333333,1.0,0.6666666666666666,1.9888366708020253,1.5457328706129339,pacific_nations_cup,2024,south
p3_event_50,pacific_nations_cup_2024,tackles,stable,low_history,55,7,2.612703839816978,2.89815288008063,2.6286339915314234,1.1025319193990135,0.13106418749824403,1.1518247732556732,0.8545454545454545,1.0,4.872727272727273,4.116653153609948,14.327704830463372,pacific_nations_cup,2024,south
p3_event_50,pacific_nations_cup_2024,tackles,stable,south,184,7,2.714407780757038,2.5263616420289408,2.5692779677248665,0.9832963477541012,0.1861839583063435,1.0437447425442008,0.8586956521739131,1.0,5.456521739130435,5.0494508532586915,27.19954754267736,pacific_nations_cup,2024,south
p3_event_50,pacific_nations_cup_2024,tackles,stable,position:Back-row,32,7,3.266306000519071,2.245123213337542,2.5614119020647026,0.8765178343740002,-0.31498887144573107,1.0664634196597609,0.9375,1.0,7.71875,7.533065572946492,7.689196002593505,pacific_nations_cup,2024,south
p3_event_50,pacific_nations_cup_2024,tackles,stable,position:Back-three,32,7,1.9804334459858681,2.2832466765017974,2.3685603194668015,0.9639808020662064,0.023636423477446197,0.7568243386289639,0.71875,1.0,2.34375,3.0655905975825117,6.3299593449429645,pacific_nations_cup,2024,south
p3_event_50,pacific_nations_cup_2024,tackles,stable,position:Centre,16,7,2.8628376516008824,2.4864737281570277,2.43968610245506,1.0191777235829171,5.737872244224456,0.08244581547392776,0.9375,1.0,6.25,6.211688887200036,3.8249427296761045,pacific_nations_cup,2024,south
p3_event_50,pacific_nations_cup_2024,tackles,stable,position:Fly-half,16,7,2.387978750509283,2.74807345368173,3.573333068260439,0.769050463862732,0.10976541434976533,1.3820503663455126,0.8125,1.0,5.3125,3.7645043280206707,3.978561242275538,pacific_nations_cup,2024,south
p3_event_50,pacific_nations_cup_2024,tackles,stable,position:Hooker,16,7,2.4932579343379953,3.181585469827182,3.0926863971431553,1.0287449360420593,2.082531678251113,0.737336493365605,0.8125,1.0,5.5,4.634882923195214,2.7358185117682323,pacific_nations_cup,2024,south
p3_event_50,pacific_nations_cup_2024,tackles,stable,position:Prop,32,7,2.799026005834758,2.672843599629645,2.4010264483665846,1.1132087284785959,1.7061188685772366,0.734694015417318,0.875,1.0,5.28125,4.866149793519188,5.065201813278178,pacific_nations_cup,2024,south
p3_event_50,pacific_nations_cup_2024,tackles,stable,position:Scrum-half,16,7,2.307361943580366,2.190475905918405,2.147200275354641,1.02015444533073,-0.6904402521983374,1.5088243073986545,0.875,1.0,4.125,3.1915182096320933,3.823581424347828,pacific_nations_cup,2024,south
p3_event_50,pacific_nations_cup_2024,tackles,stable,position:Second-row,24,7,3.3818148626653435,2.6960822312070047,2.4211956305509967,1.113533411834818,-0.3901994178867697,1.2274755500411927,0.9166666666666666,1.0,7.25,6.224319024220375,6.545295647234425,pacific_nations_cup,2024,south
p3_event_50,pacific_nations_cup_2024,missed_tackles,stable,all,184,7,0.724565213530123,0.9405404269847333,1.0970218417096973,0.8573579770471212,-0.20140531126259625,1.160090368274946,0.5815217391304348,1.0,1.0108695652173914,1.0449831406519134,4.460341756173282,pacific_nations_cup,2024,south
p3_event_50,pacific_nations_cup_2024,missed_tackles,stable,starter,120,7,0.8329311471722319,0.9673418044439779,1.2291936196235271,0.7869726859957602,-0.26492085629177126,1.2043759862419476,0.7416666666666667,1.0,1.375,1.361635299130189,3.3660775277144683,pacific_nations_cup,2024,south
p3_event_50,pacific_nations_cup_2024,missed_tackles,stable,bench,64,7,0.5213790879511688,0.8902878442486496,0.8491997581212664,1.0483844769554396,0.13578794953230225,0.42622192097299644,0.28125,1.0,0.328125,0.45126034350514677,1.610863395251056,pacific_nations_cup,2024,south
p3_event_50,pacific_nations_cup_2024,missed_tackles,stable,zero_minute,3,3,0.45758290050074146,0.71538784116093,0.7946634818627635,0.9002399852123516,-9.183110544823174,22.70128917752736,0.3333333333333333,1.0,0.3333333333333333,0.4192027952129302,0.45758290050074146,pacific_nations_cup,2024,south
p3_event_50,pacific_nations_cup_2024,missed_tackles,stable,low_history,55,7,0.6516626487278864,0.9875925989734378,0.9630767142046901,1.0254557964149231,0.22260665971833535,0.48743237129067557,0.4727272727272727,1.0,0.6181818181818182,0.8115488050496864,1.9996424638242112,pacific_nations_cup,2024,south
p3_event_50,pacific_nations_cup_2024,missed_tackles,stable,south,184,7,0.724565213530123,0.9405404269847333,1.0970218417096973,0.8573579770471212,-0.20140531126259625,1.160090368274946,0.5815217391304348,1.0,1.0108695652173914,1.0449831406519134,4.460341756173282,pacific_nations_cup,2024,south
p3_event_50,pacific_nations_cup_2024,missed_tackles,stable,position:Back-row,32,7,0.6111079731956399,0.5808708290744571,0.7271739517032858,0.7988058809228004,0.12411722352759501,1.017098063466278,0.75,1.0,1.28125,1.1376806406738091,1.6467980056855933,pacific_nations_cup,2024,south
p3_event_50,pacific_nations_cup_2024,missed_tackles,stable,position:Back-three,32,7,0.7937344193429893,1.0408937407534524,1.1416938787915805,0.9117100127182785,-0.1204428716517729,1.0262576428510313,0.65625,1.0,1.125,1.2135771950909193,2.047929710154712,pacific_nations_cup,2024,south
p3_event_50,pacific_nations_cup_2024,missed_tackles,stable,position:Centre,16,7,0.9061473954024146,1.3701523535921907,1.388147949699952,0.9870362549527584,-1.5946745729381404,1.6255964461196029,0.5625,1.0,0.9375,1.5576895354210416,1.3157429903498672,pacific_nations_cup,2024,south
p3_event_50,pacific_nations_cup_2024,missed_tackles,stable,position:Fly-half,16,7,0.9063534223611673,1.2768785487129954,1.3600376588900716,0.9388552885771249,-0.591949252753576,1.630304724969487,0.5,1.0,1.125,1.053146216444726,1.2615717259048702,pacific_nations_cup,2024,south
p3_event_50,pacific_nations_cup_2024,missed_tackles,stable,position:Hooker,16,7,0.64825759158786,0.8885084550662566,0.984709738002145,0.902304933907662,-0.4280054869368463,1.2696419276328943,0.4375,1.0,0.6875,0.8785984951021445,1.1332817398080834,pacific_nations_cup,2024,south
p3_event_50,pacific_nations_cup_2024,missed_tackles,stable,position:Prop,32,7,0.6877769722557855,1.054944370623554,1.079568448396853,0.977190813783169,-0.0999684639970013,1.1460370076111617,0.4375,1.0,0.65625,0.6598551870268907,1.4996728902403693,pacific_nations_cup,2024,south
p3_event_50,pacific_nations_cup_2024,missed_tackles,stable,position:Scrum-half,16,7,0.753623200997209,0.7988519086545872,1.1645603016090016,0.6859686935497136,-0.1886655496101556,1.4876323988242721,0.75,1.0,1.3125,1.0090971067829515,1.1551439538616113,pacific_nations_cup,2024,south
p3_event_50,pacific_nations_cup_2024,missed_tackles,stable,position:Second-row,24,7,0.6219197437726226,0.7522705089303175,1.2142819824512736,0.6195187936592021,-0.816095864573903,1.7785213167855778,0.5,1.0,0.9583333333333334,0.9976991454419353,0.9634104009753148,pacific_nations_cup,2024,south
p3_event_50,pacific_nations_cup_2024,rucks_won,stable,all,184,7,1.9599012688264295,1.8604962256586253,2.1763843056866854,0.8548564795276852,-0.11061582900520087,1.192730413798902,0.8695652173913043,1.0,3.7010869565217392,3.1957789802529546,17.74641671879334,pacific_nations_cup,2024,south
p3_event_50,pacific_nations_cup_2024,rucks_won,stable,starter,120,7,2.327208166897184,1.9219281277870062,2.3414313017882815,0.8208347288767869,0.5418368463250522,1.0728779196436786,0.9583333333333334,1.0,4.925,4.0854258191189805,17.273148110959653,pacific_nations_cup,2024,south
p3_event_50,pacific_nations_cup_2024,rucks_won,stable,bench,64,7,1.271200834943765,1.7453114091679114,1.8669211879961942,0.9348607859773614,1.129754734088209,0.18098898103601976,0.703125,1.0,1.40625,1.5276911573791558,2.7283646243949944,pacific_nations_cup,2024,south
p3_event_50,pacific_nations_cup_2024,rucks_won,stable,zero_minute,3,3,1.8948889253811878,3.2273406893769265,3.3491664000032197,0.9636250648441427,5.821991733528211,-2.861341452077822,0.3333333333333333,1.0,1.0,1.685220661108665,1.8948889253811878,pacific_nations_cup,2024,south
p3_event_50,pacific_nations_cup_2024,rucks_won,stable,low_history,55,7,1.7692098894690842,2.206163586216408,1.9572657961843523,1.1271660652923463,-0.5913714268859427,1.490296201743721,0.7272727272727273,1.0,2.7818181818181817,2.263435687990967,4.933190594579009,pacific_nations_cup,2024,south
p3_event_50,pacific_nations_cup_2024,rucks_won,stable,south,184,7,1.9599012688264295,1.8604962256586253,2.1763843056866854,0.8548564795276852,-0.11061582900520087,1.192730413798902,0.8695652173913043,1.0,3.7010869565217392,3.1957789802529546,17.74641671879334,pacific_nations_cup,2024,south
p3_event_50,pacific_nations_cup_2024,rucks_won,stable,position:Back-row,32,7,2.18106846485562,1.417377362716294,1.9321770797363174,0.7335649395601579,1.4843919436763167,0.9319987111578346,1.0,1.0,5.9375,4.7780195433870585,6.487577780784326,pacific_nations_cup,2024,south
p3_event_50,pacific_nations_cup_2024,rucks_won,stable,position:Back-three,32,7,1.8241230603638001,1.8454006558962215,1.9388273394248514,0.9518127882618239,0.7861677971773532,0.8164043754957387,0.90625,1.0,3.34375,3.1327394604783017,4.560898004387959,pacific_nations_cup,2024,south
p3_event_50,pacific_nations_cup_2024,rucks_won,stable,position:Centre,16,7,2.698282076663869,2.2965307737430045,2.018360541609174,1.1378198921348583,8.093935333234482,-0.7284997370133455,1.0,1.0,5.3125,3.8180320347645242,3.033018130323822,pacific_nations_cup,2024,south
p3_event_50,pacific_nations_cup_2024,rucks_won,stable,position:Fly-half,16,7,2.175042187648689,3.1530366550528917,4.430342806785929,0.7116913504353217,1.70914141085694,0.9696335943152814,0.875,1.0,3.625,1.9758583039771491,3.384765531207912,pacific_nations_cup,2024,south
p3_event_50,pacific_nations_cup_2024,rucks_won,stable,position:Hooker,16,7,2.106823931553459,2.0856476672413806,3.3317067090674155,0.6259997801022462,-3.098091132845,1.9743787290392263,0.75,1.0,3.4375,3.310201349274744,3.51291451680999,pacific_nations_cup,2024,south
p3_event_50,pacific_nations_cup_2024,rucks_won,stable,position:Prop,32,7,1.6733286638314588,1.5132515207261599,1.3301014756539111,1.1376962949253233,-0.6476635685140144,1.0337712175511309,0.875,1.0,2.1875,2.742544501509867,4.244003606535756,pacific_nations_cup,2024,south
p3_event_50,pacific_nations_cup_2024,rucks_won,stable,position:Scrum-half,16,7,0.8034037181478962,1.2335662090545028,1.2159227288642325,1.0145103630119248,0.1635095556476077,0.5423078872239199,0.5,1.0,0.8125,1.1967195381844464,1.4417015062211573,pacific_nations_cup,2024,south
p3_event_50,pacific_nations_cup_2024,rucks_won,stable,position:Second-row,24,7,2.2655148662588447,2.0499108075367083,2.4199166262933165,0.8470997658612062,-1.306285128268133,1.6323604858644842,0.875,1.0,4.291666666666667,3.4293600239717725,3.9011492639631498,pacific_nations_cup,2024,south
p3_event_50,pacific_nations_cup_2024,rucks_lost,stable,all,184,7,0.260131874751205,0.5874243736353351,0.6031132064753664,0.9739869187549086,0.04269379127710329,0.8530047427387092,0.16304347826086957,1.0,0.16847826086956522,0.14746045747484446,1.6958917177639725,pacific_nations_cup,2024,south
p3_event_50,pacific_nations_cup_2024,rucks_lost,stable,starter,120,7,0.32517588040473994,0.6972384169948456,0.7051064831185655,0.9888413079271079,0.18216112915073424,0.18438794131842098,0.20833333333333334,1.0,0.21666666666666667,0.18713554297102644,1.456554205022039,pacific_nations_cup,2024,south
p3_event_50,pacific_nations_cup_2024,rucks_lost,stable,bench,64,7,0.13817436415082684,0.38152304233625284,0.41187581276936835,0.9263060138709537,-0.08931240413388754,2.2914760551474096,0.078125,1.0,0.078125,0.07306967216950319,0.47250894435074664,pacific_nations_cup,2024,south
p3_event_50,pacific_nations_cup_2024,rucks_lost,stable,zero_minute,3,3,0.362751549704695,1.2628781545891525,1.3859745330450133,0.9111842421913658,8.174830417833538,-103.5626232902077,0.3333333333333333,1.0,0.3333333333333333,0.07571744356577782,0.362751549704695,pacific_nations_cup,2024,south
p3_event_50,pacific_nations_cup_2024,rucks_lost,stable,low_history,55,7,0.20624980863008524,0.47192485268079676,0.46155677316944,1.0224632810394283,0.044656106306862065,0.49043637384564653,0.10909090909090909,1.0,0.10909090909090909,0.13138259358455823,0.5146964096955082,pacific_nations_cup,2024,south
p3_event_50,pacific_nations_cup_2024,rucks_lost,stable,south,184,7,0.260131874751205,0.5874243736353351,0.6031132064753664,0.9739869187549086,0.04269379127710329,0.8530047427387092,0.16304347826086957,1.0,0.16847826086956522,0.14746045747484446,1.6958917177639725,pacific_nations_cup,2024,south
p3_event_50,pacific_nations_cup_2024,rucks_lost,stable,position:Back-row,32,7,0.2412668325665383,0.494848527413002,0.4940123286151611,1.0016926678736642,-0.025239719330687235,0.9056858791188678,0.125,1.0,0.125,0.16588501907179334,0.5225789824714817,pacific_nations_cup,2024,south
p3_event_50,pacific_nations_cup_2024,rucks_lost,stable,position:Back-three,32,7,0.2912556400454682,0.583492018403764,0.5940237623801686,0.982270500536535,0.08506170283768376,0.3513979509664324,0.15625,1.0,0.15625,0.20258597685766397,0.41189573511835403,pacific_nations_cup,2024,south
p3_event_50,pacific_nations_cup_2024,rucks_lost,stable,position:Centre,16,7,0.4678608765271925,1.0184637811094228,0.9812693596711988,1.0379043950283815,1.7027213434691675,-6.82278809914675,0.4375,1.0,0.4375,0.1854405156782451,0.787902674759485,pacific_nations_cup,2024,south
p3_event_50,pacific_nations_cup_2024,rucks_lost,stable,position:Fly-half,16,7,0.30071743011559854,0.6967493273239479,0.7512685437894381,0.9274304549069865,0.007160710504475197,1.741683540521366,0.25,1.0,0.25,0.13942790630198637,0.5686244428904481,pacific_nations_cup,2024,south
p3_event_50,pacific_nations_cup_2024,rucks_lost,stable,position:Hooker,16,7,0.17674477843192193,0.4419085694463926,0.42195978577096815,1.0472765044161159,0.22186638854249155,-1.2853035252815266,0.0625,1.0,0.0625,0.12399124829878985,0.31490914953276017,pacific_nations_cup,2024,south
p3_event_50,pacific_nations_cup_2024,rucks_lost,stable,position:Prop,32,7,0.223840022057889,0.5888292627151329,0.6958605218206467,0.8461886315586956,-0.2950030237851746,4.442801028186504,0.125,1.0,0.15625,0.1015694875647786,0.7059711426250154,pacific_nations_cup,2024,south
p3_event_50,pacific_nations_cup_2024,rucks_lost,stable,position:Scrum-half,16,7,0.11545061299059578,0.23090122598119156,0.17760733068193407,1.3000658536707486,0.0,0.0,0.0,1.0,0.0,0.11545061299059578,0.23090122598119156,pacific_nations_cup,2024,south
p3_event_50,pacific_nations_cup_2024,rucks_lost,stable,position:Second-row,24,7,0.27867858148917146,0.6886785172544005,0.6906024192808148,0.997214168423537,0.040879095624890296,1.3123097872432594,0.20833333333333334,1.0,0.20833333333333334,0.12760267380174806,0.6213022446029537,pacific_nations_cup,2024,south
p3_event_50,pacific_nations_cup_2024,passes,stable,all,184,7,3.459526597569327,2.9515885780913997,3.053231471769908,0.9667097320926057,-0.3806567260583095,1.3106550105951922,0.8315217391304348,1.0,7.853260869565218,6.282292082250051,42.044210792297775,pacific_nations_cup,2024,south
p3_event_50,pacific_nations_cup_2024,passes,stable,starter,120,7,3.979542565314031,2.791483158333144,3.3902510058147652,0.8233853934547475,-0.45481446594246955,1.365436948514778,0.9333333333333333,1.0,10.25,7.839845316611938,41.34921694182461,pacific_nations_cup,2024,south
p3_event_50,pacific_nations_cup_2024,passes,stable,bench,64,7,2.484496658048006,3.25178624013813,2.4213198454357996,1.3429808731249462,0.9185061012810234,0.7260428888867294,0.640625,1.0,3.359375,3.3618797678215095,10.479116250521678,pacific_nations_cup,2024,south
p3_event_50,pacific_nations_cup_2024,passes,stable,zero_minute,3,3,3.28018319453331,7.4514967047601415,2.3253360706626136,3.2044816225797454,-8.230684257440636,11.07873718064896,0.3333333333333333,1.0,3.3333333333333335,1.0438028632877618,3.28018319453331,pacific_nations_cup,2024,south
p3_event_50,pacific_nations_cup_2024,passes,stable,low_history,55,7,4.317991227362448,4.15100399011965,3.188288942252218,1.3019535134062743,1.0908976304898306,1.3323699726965155,0.8,1.0,10.8,7.287091850216653,24.45121248136381,pacific_nations_cup,2024,south
p3_event_50,pacific_nations_cup_2024,passes,stable,south,184,7,3.459526597569327,2.9515885780913997,3.053231471769908,0.9667097320926057,-0.3806567260583095,1.3106550105951922,0.8315217391304348,1.0,7.853260869565218,6.282292082250051,42.044210792297775,pacific_nations_cup,2024,south
p3_event_50,pacific_nations_cup_2024,passes,stable,position:Back-row,32,7,1.5970702971355952,1.435284456347576,1.5221339820325954,0.9429422595446926,0.19483026183229524,0.9605817366459372,0.90625,1.0,2.90625,2.822685082099486,3.206691331822083,pacific_nations_cup,2024,south
p3_event_50,pacific_nations_cup_2024,passes,stable,position:Back-three,32,7,2.3004299547532305,2.0960884293000515,5.315314298321598,0.3943489155405029,0.9835331185574946,0.9549786269710411,0.9375,1.0,5.84375,5.0893462368450315,3.9990251791607623,pacific_nations_cup,2024,south
p3_event_50,pacific_nations_cup_2024,passes,stable,position:Centre,16,7,2.9781172643929454,2.423043260543807,2.940089622076595,0.8241392515213204,-7.814473552486715,2.8185398811213735,0.9375,1.0,6.75,5.167382462827577,4.051390839596678,pacific_nations_cup,2024,south
p3_event_50,pacific_nations_cup_2024,passes,stable,position:Fly-half,16,7,8.0865747260604,8.651113542855418,3.44052873624086,2.514472107652753,3.636344232431135,1.4306321736743504,1.0,1.0,16.125,8.729466593424752,14.791066813150497,pacific_nations_cup,2024,south
p3_event_50,pacific_nations_cup_2024,passes,stable,position:Hooker,16,7,1.026706378960914,1.1900458095811008,1.1353325928797335,1.0481913555943894,0.7748844505222116,0.3812551879337369,0.6875,1.0,1.4375,1.7379843486692506,0.7645919033027451,pacific_nations_cup,2024,south
p3_event_50,pacific_nations_cup_2024,passes,stable,position:Prop,32,7,0.811634860463314,1.0758208645761504,1.1351742103873723,0.9477143285426051,-0.7774314064344567,1.6021005340234364,0.5625,1.0,1.0,1.1094381211962416,2.2986551907428887,pacific_nations_cup,2024,south
p3_event_50,pacific_nations_cup_2024,passes,stable,position:Scrum-half,16,7,15.98730562635036,10.239624884905846,8.958904084597107,1.1429550744393682,-10.399661907821391,1.5256846588436472,1.0,1.0,42.5,34.67273633590528,20.026965754200692,pacific_nations_cup,2024,south
p3_event_50,pacific_nations_cup_2024,passes,stable,position:Second-row,24,7,1.5250544343855712,1.4833690998115803,1.7947079387176739,0.8265239529009124,-1.0068111531230046,1.4143810132166157,0.75,1.0,2.6666666666666665,2.597233549844796,2.4722914532468065,pacific_nations_cup,2024,south
p3_event_50,pacific_nations_cup_2024,bad_passes,stable,all,184,7,0.5421080526907884,0.9579150657776784,0.9958021814674447,0.9619531706247774,0.03996784667368204,1.2872399213051384,0.3423913043478261,1.0,0.5706521739130435,0.4122652805090894,3.7036792970480947,pacific_nations_cup,2024,south
p3_event_50,pacific_nations_cup_2024,bad_passes,stable,starter,120,7,0.6672580718588591,1.0962104192981477,1.178194508052561,0.9304154889586738,0.09782198597294436,1.2598139789320468,0.45,1.0,0.7666666666666667,0.5309074925972056,3.536387611041916,pacific_nations_cup,2024,south
p3_event_50,pacific_nations_cup_2024,bad_passes,stable,bench,64,7,0.30745176675065566,0.6986112779267992,0.6538165691203518,1.06851265465284,0.05765312103797573,0.7664033019690241,0.140625,1.0,0.203125,0.1898111328438717,1.5750638571765019,pacific_nations_cup,2024,south
p3_event_50,pacific_nations_cup_2024,bad_passes,stable,zero_minute,3,3,0.6539683324724294,2.074191247762043,1.4961766175105715,1.386327806147116,-1.208875360193445,17.16575708593917,0.3333333333333333,1.0,0.6666666666666666,0.109260664558536,0.6539683324724294,pacific_nations_cup,2024,south
p3_event_50,pacific_nations_cup_2024,bad_passes,stable,low_history,55,7,0.6327152185383607,1.20243154135206,1.1571765180926412,1.0391081417155026,-0.06960021857679852,2.1516251553271886,0.32727272727272727,1.0,0.6909090909090909,0.3534580861368683,2.5658069124795904,pacific_nations_cup,2024,south
p3_event_50,pacific_nations_cup_2024,bad_passes,stable,south,184,7,0.5421080526907884,0.9579150657776784,0.9958021814674447,0.9619531706247774,0.03996784667368204,1.2872399213051384,0.3423913043478261,1.0,0.5706521739130435,0.4122652805090894,3.7036792970480947,pacific_nations_cup,2024,south
p3_event_50,pacific_nations_cup_2024,bad_passes,stable,position:Back-row,32,7,0.41189129660492596,0.7130527805603326,0.7314761289085872,0.9748134660583614,0.05468681176293056,0.8416169483895596,0.28125,1.0,0.3125,0.3063307942293666,0.5414486925161316,pacific_nations_cup,2024,south
p3_event_50,pacific_nations_cup_2024,bad_passes,stable,position:Back-three,32,7,0.7153754871393951,1.303629998975746,1.6147674222877404,0.8073175003300557,0.1003988058744145,1.232193146335414,0.4375,1.0,0.71875,0.5018297626184529,1.014904412051477,pacific_nations_cup,2024,south
p3_event_50,pacific_nations_cup_2024,bad_passes,stable,position:Centre,16,7,0.8753110553129443,1.4682050395012183,1.6580672948780903,0.8854918277663563,0.34090272208587113,0.8338867403876387,0.5,1.0,0.875,0.64049139055245,1.0023417972766673,pacific_nations_cup,2024,south
p3_event_50,pacific_nations_cup_2024,bad_passes,stable,position:Fly-half,16,7,0.9925646954185632,1.9076552723347895,1.2262850059843675,1.555637770196391,0.42278889508119555,1.6688314362161758,0.625,1.0,1.3125,0.5331341953481474,1.5587316093037051,pacific_nations_cup,2024,south
p3_event_50,pacific_nations_cup_2024,bad_passes,stable,position:Hooker,16,7,0.27178349176226624,0.5717233635298802,0.6322371874718673,0.9042861996397834,-0.02925668135927595,1.2907056829838923,0.1875,1.0,0.1875,0.1679365669624784,0.44621573716663765,pacific_nations_cup,2024,south
p3_event_50,pacific_nations_cup_2024,bad_passes,stable,position:Prop,32,7,0.16014613358784996,0.3913565278432063,0.37730481636239316,1.0372423326484037,-0.09866036779178125,2.1271144307496357,0.09375,1.0,0.09375,0.09045604928925809,0.5212782685602355,pacific_nations_cup,2024,south
p3_event_50,pacific_nations_cup_2024,bad_passes,stable,position:Scrum-half,16,7,0.989629086719749,1.2913320204576295,1.3877247339079675,0.9305390247106955,0.33029551573791405,0.9985723612400803,0.6875,1.0,1.5625,1.233966142155056,1.4529686064096474,pacific_nations_cup,2024,south
p3_event_50,pacific_nations_cup_2024,bad_passes,stable,position:Second-row,24,7,0.3534189613774677,0.6406859639074763,0.7335427530105872,0.8734132554346553,-0.09362800467483637,1.3995576873645135,0.20833333333333334,1.0,0.25,0.24552614570816114,0.9282238314727331,pacific_nations_cup,2024,south
p3_event_50,pacific_nations_cup_2024,turnovers_conceded,stable,all,184,7,0.6157429213292936,1.0049022737359476,1.02829656300446,0.9772494724672041,-0.03366711605666867,1.2297800694180936,0.45108695652173914,1.0,0.6902173913043478,0.5886292397823161,2.522034254837762,pacific_nations_cup,2024,south
p3_event_50,pacific_nations_cup_2024,turnovers_conceded,stable,starter,120,7,0.7149651393306821,1.030456927922967,1.1077343252237166,0.9302383292265112,-0.08765973945857462,1.2981126373600882,0.5666666666666667,1.0,0.9,0.7608428660452248,2.0947622655533733,pacific_nations_cup,2024,south
p3_event_50,pacific_nations_cup_2024,turnovers_conceded,stable,bench,64,7,0.4297012625766902,0.9569872971352869,0.8793507588433539,1.0882884759138112,0.29356366559528024,0.01246133565027794,0.234375,1.0,0.296875,0.26572869053936254,1.2639595661851224,pacific_nations_cup,2024,south
p3_event_50,pacific_nations_cup_2024,turnovers_conceded,stable,zero_minute,3,3,1.0647019672079707,3.658984709977419,2.918643028885887,1.2536595512929642,0.34148547087546943,3.1291270701597638,0.3333333333333333,1.0,1.0,0.21044672023846855,1.0647019672079707,pacific_nations_cup,2024,south
p3_event_50,pacific_nations_cup_2024,turnovers_conceded,stable,low_history,55,7,0.5296116779064759,0.9252904006553766,0.8921885914147902,1.0371018073522944,0.15129591987276134,0.7126307784398223,0.4,1.0,0.509090909090909,0.5020762504834215,1.195841873270935,pacific_nations_cup,2024,south
p3_event_50,pacific_nations_cup_2024,turnovers_conceded,stable,south,184,7,0.6157429213292936,1.0049022737359476,1.02829656300446,0.9772494724672041,-0.03366711605666867,1.2297800694180936,0.45108695652173914,1.0,0.6902173913043478,0.5886292397823161,2.522034254837762,pacific_nations_cup,2024,south
p3_event_50,pacific_nations_cup_2024,turnovers_conceded,stable,position:Back-row,32,7,0.7385468780231481,1.2640117409452147,1.297422346900282,0.9742484734944719,0.044894956968250764,0.9826218229367784,0.375,1.0,0.625,0.5903645018772121,1.5086495883715918,pacific_nations_cup,2024,south
p3_event_50,pacific_nations_cup_2024,turnovers_conceded,stable,position:Back-three,32,7,0.6875034534868272,0.8476135656792911,0.8821496278922929,0.9608501085065146,-0.13837187953804184,1.2256211124390057,0.65625,1.0,1.03125,0.9543095069653907,1.4402513394440812,pacific_nations_cup,2024,south
p3_event_50,pacific_nations_cup_2024,turnovers_conceded,stable,position:Centre,16,7,0.9143967576267732,1.2849127256184523,1.46525588574409,0.8769203646405723,0.44276848219997933,0.8308023181727249,0.6875,1.0,1.25,0.971628870241303,1.5862488030788011,pacific_nations_cup,2024,south
p3_event_50,pacific_nations_cup_2024,turnovers_conceded,stable,position:Fly-half,16,7,0.8801640500073122,1.8065630179861425,1.5540584134065507,1.16248076803374,0.3238787514755507,1.5699214147551264,0.6875,1.0,1.1875,0.5501047634662375,1.3421544112502244,pacific_nations_cup,2024,south
p3_event_50,pacific_nations_cup_2024,turnovers_conceded,stable,position:Hooker,16,7,0.5828729088750841,1.2436733524707118,1.3038811836772268,0.9538241429048651,0.18249983347902282,0.8950916476789316,0.3125,1.0,0.5,0.3547124669795423,0.9593713715191272,pacific_nations_cup,2024,south
p3_event_50,pacific_nations_cup_2024,turnovers_conceded,stable,position:Prop,32,7,0.3461117662179398,0.6100204507117473,0.6961460536249804,0.8762822794659845,-0.2131628296768799,1.7498346186875655,0.25,1.0,0.25,0.26468948821247323,0.33608776092586934,pacific_nations_cup,2024,south
p3_event_50,pacific_nations_cup_2024,turnovers_conceded,stable,position:Scrum-half,16,7,0.4476213415762159,0.5860072218789469,0.5769369854343438,1.0157213641586431,-0.5786678545454231,2.325575248898094,0.5,1.0,0.625,0.5175785454010773,0.26524666296824695,pacific_nations_cup,2024,south
p3_event_50,pacific_nations_cup_2024,turnovers_conceded,stable,position:Second-row,24,7,0.4744428944971076,0.7946188768910932,0.7825612996359793,1.0154078373933424,-0.31445212017551416,1.3670842164070585,0.2916666666666667,1.0,0.375,0.5043230781988821,0.8573229355593961,pacific_nations_cup,2024,south
p3_event_50,pacific_nations_cup_2024,penalties_conceded,stable,all,184,7,0.48307497590232373,0.8320144465729855,0.8136123100013323,1.0226178197471263,0.21203982267664306,0.3433162307892268,0.3423913043478261,1.0,0.3695652173913043,0.458834685306129,2.6937534142649513,pacific_nations_cup,2024,south
p3_event_50,pacific_nations_cup_2024,penalties_conceded,stable,starter,120,7,0.5406144129070125,0.8888476740729201,0.8666873325116567,1.0255690151799528,0.342730868289443,0.1466570526721602,0.39166666666666666,1.0,0.425,0.5609626691084737,2.124751788302694,pacific_nations_cup,2024,south
p3_event_50,pacific_nations_cup_2024,penalties_conceded,stable,bench,64,7,0.3751885315185324,0.7254521450106084,0.7140966427944739,1.0159019123401798,0.11428226913943458,0.5660958380174821,0.25,1.0,0.265625,0.2673447156767327,1.1385587710720932,pacific_nations_cup,2024,south
p3_event_50,pacific_nations_cup_2024,penalties_conceded,stable,zero_minute,3,3,0.41292273461866563,0.9503291192574949,1.2508043483848892,0.7597743967588654,3.1560636476832475,-15.587421897222914,0.3333333333333333,1.0,0.3333333333333333,0.18109026194080355,0.41292273461866563,pacific_nations_cup,2024,south
p3_event_50,pacific_nations_cup_2024,penalties_conceded,stable,low_history,55,7,0.42828830868726553,0.7608661491339911,0.7810797890049641,0.9741209026843165,0.10790758643503819,0.4859546968725797,0.2727272727272727,1.0,0.2909090909090909,0.3765814090321196,1.194664286168774,pacific_nations_cup,2024,south
p3_event_50,pacific_nations_cup_2024,penalties_conceded,stable,south,184,7,0.48307497590232373,0.8320144465729855,0.8136123100013323,1.0226178197471263,0.21203982267664306,0.3433162307892268,0.3423913043478261,1.0,0.3695652173913043,0.458834685306129,2.6937534142649513,pacific_nations_cup,2024,south
p3_event_50,pacific_nations_cup_2024,penalties_conceded,stable,position:Back-row,32,7,0.5533636908720299,0.9333396164240336,0.8888342315220534,1.050071636896532,0.17489688332579462,0.4576930493937883,0.375,1.0,0.4375,0.5737537789180365,0.9025498644312923,pacific_nations_cup,2024,south
p3_event_50,pacific_nations_cup_2024,penalties_conceded,stable,position:Back-three,32,7,0.39538938757936015,0.7237843196992175,0.737903380283933,0.9808659765465735,0.07306574723261312,0.6603241969782742,0.28125,1.0,0.28125,0.3152758201502595,0.7291210510421129,pacific_nations_cup,2024,south
p3_event_50,pacific_nations_cup_2024,penalties_conceded,stable,position:Centre,16,7,0.5021110614699639,0.7813656779548515,0.7498017929560938,1.0420963050439196,0.9835713934520668,-1.2840117990454856,0.375,1.0,0.375,0.47396090433473403,0.5153626639575957,pacific_nations_cup,2024,south
p3_event_50,pacific_nations_cup_2024,penalties_conceded,stable,position:Fly-half,16,7,0.3900767129492664,0.6681556811356191,0.6423143177358609,1.0402316477870963,-0.11765566585028725,2.118179396133122,0.375,1.0,0.375,0.23258448587955444,0.6910755825723358,pacific_nations_cup,2024,south
p3_event_50,pacific_nations_cup_2024,penalties_conceded,stable,position:Hooker,16,7,0.3724225271061953,0.60678151252549,0.6387437735001404,0.9499607474848544,-0.04039058795300354,0.9787814296590315,0.3125,1.0,0.3125,0.36054074715734696,0.45744087469987355,pacific_nations_cup,2024,south
p3_event_50,pacific_nations_cup_2024,penalties_conceded,stable,position:Prop,32,7,0.657276574994186,1.1266555752790461,1.030464632224953,1.0933471562691095,0.5545842651571237,-0.07888491554372472,0.40625,1.0,0.5,0.6919480711983319,1.3750543779651678,pacific_nations_cup,2024,south
p3_event_50,pacific_nations_cup_2024,penalties_conceded,stable,position:Scrum-half,16,7,0.35231800987386497,0.6949247485050417,0.6233097818044777,1.1148946619981466,0.09519712019099778,0.31775028792233745,0.1875,1.0,0.1875,0.29048873696555827,0.5248189937466756,pacific_nations_cup,2024,south
p3_event_50,pacific_nations_cup_2024,penalties_conceded,stable,position:Second-row,24,7,0.4842497363908535,0.8329196617758253,0.9253116073045801,0.9001504522374996,0.2972610897599317,0.15402614131832704,0.375,1.0,0.375,0.5047124441000228,0.5213012906944264,pacific_nations_cup,2024,south
p3_event_50,pacific_nations_cup_2024,yellow_cards,stable,all,184,7,0.037938834515391984,0.08475142437086902,0.08029187134181699,1.0555417747092593,0.016186175777592862,0.005283419814205234,0.016304347826086956,1.0,0.016304347826086956,0.022366583131700615,0.5198568182193223,pacific_nations_cup,2024,south
p3_event_50,pacific_nations_cup_2024,yellow_cards,stable,starter,120,7,0.05168993179157347,0.12342094621039498,0.11547166975708321,1.068841790112108,0.037539369973064105,-0.4508540814010482,0.025,1.0,0.025,0.02781247966991336,0.49829858224620016,pacific_nations_cup,2024,south
p3_event_50,pacific_nations_cup_2024,yellow_cards,stable,bench,64,7,0.012155527122551718,0.01224607092175788,0.014329749313192803,0.8545907296845335,0.0,0.0,0.0,1.0,0.0,0.012155527122551718,0.09724421698041374,pacific_nations_cup,2024,south
p3_event_50,pacific_nations_cup_2024,yellow_cards,stable,zero_minute,3,3,0.012055014368577874,0.01214514249685584,0.014014649799003557,0.8666033522806514,0.0,0.0,0.0,1.0,0.0,0.012055014368577874,0.012055014368577874,pacific_nations_cup,2024,south
p3_event_50,pacific_nations_cup_2024,yellow_cards,stable,low_history,55,7,0.03325900094691824,0.07938117003784426,0.08463624632119808,0.9379098611792093,-0.03682128644830316,3.399863253355865,0.01818181818181818,1.0,0.01818181818181818,0.01617803438883315,0.18583969605022527,pacific_nations_cup,2024,south
p3_event_50,pacific_nations_cup_2024,yellow_cards,stable,south,184,7,0.037938834515391984,0.08475142437086902,0.08029187134181699,1.0555417747092593,0.016186175777592862,0.005283419814205234,0.016304347826086956,1.0,0.016304347826086956,0.022366583131700615,0.5198568182193223,pacific_nations_cup,2024,south
p3_event_50,pacific_nations_cup_2024,yellow_cards,stable,position:Back-row,32,7,0.032086331719881886,0.032796650143827,0.02901481276512093,1.1303416089333607,0.0,0.0,0.0,1.0,0.0,0.032086331719881886,0.12834532687952754,pacific_nations_cup,2024,south
p3_event_50,pacific_nations_cup_2024,yellow_cards,stable,position:Back-three,32,7,0.023198007863372744,0.023516186444013085,0.031039515533105043,0.7576209241710623,0.0,0.0,0.0,1.0,0.0,0.023198007863372744,0.09279203145349099,pacific_nations_cup,2024,south
p3_event_50,pacific_nations_cup_2024,yellow_cards,stable,position:Centre,16,7,0.02718435284941649,0.027708566850366954,0.014402553327922776,1.9238649022494716,0.0,0.0,0.0,1.0,0.0,0.02718435284941649,0.05436870569883298,pacific_nations_cup,2024,south
p3_event_50,pacific_nations_cup_2024,yellow_cards,stable,position:Fly-half,16,7,0.010335867246371862,0.010401551123990683,0.013437977320824492,0.7740414257041246,0.0,0.0,0.0,1.0,0.0,0.010335867246371862,0.020671734492743725,pacific_nations_cup,2024,south
p3_event_50,pacific_nations_cup_2024,yellow_cards,stable,position:Hooker,16,7,0.13466990519824096,0.47847804551660433,0.462705296881693,1.0340881090862986,-0.1407472287960757,16.759995468460037,0.125,1.0,0.125,0.015856044191430413,0.2655996127006626,pacific_nations_cup,2024,south
p3_event_50,pacific_nations_cup_2024,yellow_cards,stable,position:Prop,32,7,0.01793987742325017,0.01814555689739693,0.019705694550044207,0.9208280810054585,0.0,0.0,0.0,1.0,0.0,0.01793987742325017,0.07175950969300068,pacific_nations_cup,2024,south
p3_event_50,pacific_nations_cup_2024,yellow_cards,stable,position:Scrum-half,16,7,0.01747901438437318,0.017703529251249843,0.015359462826936204,1.1526138284082956,0.0,0.0,0.0,1.0,0.0,0.01747901438437318,0.03495802876874635,pacific_nations_cup,2024,south
p3_event_50,pacific_nations_cup_2024,yellow_cards,stable,position:Second-row,24,7,0.06678601549039719,0.19428860036820536,0.17195412291798573,1.1298862572831252,0.05639814245642369,-0.5536484610516954,0.041666666666666664,1.0,0.041666666666666664,0.026607995553303666,0.19514558960627282,pacific_nations_cup,2024,south
p3_event_50,pacific_nations_cup_2024,red_cards,stable,all,184,7,0.009530897862447077,0.026313398502925998,0.03538922210645592,0.7435427211078977,0.003718257749263763,0.40057174378627225,0.005434782608695652,1.0,0.005434782608695652,0.004285187075870612,0.20266462262005955,pacific_nations_cup,2024,south
p3_event_50,pacific_nations_cup_2024,red_cards,stable,starter,120,7,0.014006153926659777,0.039738589069758676,0.053503169957934395,0.7427333576870717,0.006180542121801017,0.36104115922987806,0.008333333333333333,1.0,0.008333333333333333,0.005962730720575867,0.19473841128523323,pacific_nations_cup,2024,south
p3_event_50,pacific_nations_cup_2024,red_cards,stable,bench,64,7,0.0011397927420482574,0.001141166190114733,0.0014255698849337949,0.8004982443689389,0.0,0.0,0.0,1.0,0.0,0.0011397927420482574,0.00911834193638606,pacific_nations_cup,2024,south
p3_event_50,pacific_nations_cup_2024,red_cards,stable,zero_minute,3,3,0.0007434656125961523,0.0007437777678873167,0.0018993737048809062,0.39159106287298673,0.0,0.0,0.0,1.0,0.0,0.0007434656125961523,0.0007434656125961523,pacific_nations_cup,2024,south
p3_event_50,pacific_nations_cup_2024,red_cards,stable,low_history,55,7,0.0014443152970819782,0.0014460431073084362,0.0025686850641763793,0.5629507203803881,0.0,0.0,0.0,1.0,0.0,0.0014443152970819782,0.0099296676674386,pacific_nations_cup,2024,south
p3_event_50,pacific_nations_cup_2024,red_cards,stable,south,184,7,0.009530897862447077,0.026313398502925998,0.03538922210645592,0.7435427211078977,0.003718257749263763,0.40057174378627225,0.005434782608695652,1.0,0.005434782608695652,0.004285187075870612,0.20266462262005955,pacific_nations_cup,2024,south
p3_event_50,pacific_nations_cup_2024,red_cards,stable,position:Back-row,32,7,0.013411848844316046,0.013967103982475023,0.005743511907135583,2.431805523920421,0.0,0.0,0.0,1.0,0.0,0.013411848844316046,0.05364739537726419,pacific_nations_cup,2024,south
p3_event_50,pacific_nations_cup_2024,red_cards,stable,position:Back-three,32,7,0.0013147165828759498,0.0013158244310436037,0.0033450448806483053,0.3933652545757721,0.0,0.0,0.0,1.0,0.0,0.0013147165828759498,0.005258866331503799,pacific_nations_cup,2024,south
p3_event_50,pacific_nations_cup_2024,red_cards,stable,position:Centre,16,7,0.06406322927934519,0.255880069734033,0.36874623601872636,0.6939191366309659,-0.1517770921758482,57.33081620918693,0.0625,1.0,0.0625,0.0037375552337158514,0.12777680089970805,pacific_nations_cup,2024,south
p3_event_50,pacific_nations_cup_2024,red_cards,stable,position:Fly-half,16,7,0.0008168980493506366,0.0008173982955473219,0.0019120982192041708,0.42748760881516273,0.0,0.0,0.0,1.0,0.0,0.0008168980493506366,0.0016337960987012731,pacific_nations_cup,2024,south
p3_event_50,pacific_nations_cup_2024,red_cards,stable,position:Hooker,16,7,0.005314711097302441,0.005346057702297051,0.000947917582452074,5.639791687867909,0.0,0.0,0.0,1.0,0.0,0.005314711097302441,0.010629422194604882,pacific_nations_cup,2024,south
p3_event_50,pacific_nations_cup_2024,red_cards,stable,position:Prop,32,7,0.0010773306535479222,0.0010780918946686618,0.0033367564898960844,0.3230957661828768,0.0,0.0,0.0,1.0,0.0,0.0010773306535479222,0.004309322614191689,pacific_nations_cup,2024,south
p3_event_50,pacific_nations_cup_2024,red_cards,stable,position:Scrum-half,16,7,0.004209412047070075,0.004239741093091275,0.0009551601280620924,4.438775204837341,0.0,0.0,0.0,1.0,0.0,0.004209412047070075,0.008418824094140152,pacific_nations_cup,2024,south
p3_event_50,pacific_nations_cup_2024,red_cards,stable,position:Second-row,24,7,0.002395521855728796,0.002399183561537201,0.006376010480292282,0.3762828760951504,0.0,0.0,0.0,1.0,0.0,0.002395521855728796,0.007186565567186388,pacific_nations_cup,2024,south
p3_event_50,pacific_nations_cup_2024,metres,stable,all,184,7,13.275909814892826,1.0497227024651767,1.2768865569316719,0.8220955078324542,0.7950636907629487,1.2302528358955482,0.842391304347826,1.0,22.20108695652174,17.399694307696137,130.12916703880745,pacific_nations_cup,2024,south
p3_event_50,pacific_nations_cup_2024,metres,stable,starter,120,7,16.88661565087563,0.9223590664646468,1.0858762042474468,0.8494145675693082,2.830263295674876,1.1621779764129159,0.9583333333333334,1.0,29.891666666666666,23.285076744026167,126.188925517124,pacific_nations_cup,2024,south
p3_event_50,pacific_nations_cup_2024,metres,stable,bench,64,7,6.505836372425063,1.2885295199661706,1.6350309682145947,0.7880765227176135,-4.850078167610254,1.984621770872691,0.625,1.0,7.78125,6.364602239577332,17.565683786975047,pacific_nations_cup,2024,south
p3_event_50,pacific_nations_cup_2024,metres,stable,zero_minute,3,3,18.055513978530243,2.7432116889543647,3.108770822238047,0.8824103949159845,-42.26351520314339,10.606386156109084,0.3333333333333333,1.0,18.333333333333332,5.713241781374712,18.055513978530243,pacific_nations_cup,2024,south
p3_event_50,pacific_nations_cup_2024,metres,stable,low_history,55,7,10.558177688359176,0.8174773737515357,1.091605346899858,0.7488763004625788,-3.0760146921990956,1.5264387841835803,0.7636363636363637,1.0,22.072727272727274,16.475434341362888,46.26237118592539,pacific_nations_cup,2024,south
p3_event_50,pacific_nations_cup_2024,metres,stable,south,184,7,13.275909814892826,1.0497227024651767,1.2768865569316719,0.8220955078324542,0.7950636907629487,1.2302528358955482,0.842391304347826,1.0,22.20108695652174,17.399694307696137,130.12916703880745,pacific_nations_cup,2024,south
p3_event_50,pacific_nations_cup_2024,metres,stable,position:Back-row,32,7,15.459103150965873,0.6107179820825284,0.6197961987616875,0.9853529003609626,10.003618304446718,0.9740463886315719,1.0,1.0,28.1875,18.668393936658013,42.75041497463896,pacific_nations_cup,2024,south
p3_event_50,pacific_nations_cup_2024,metres,stable,position:Back-three,32,7,26.713719942780706,1.674236999138225,1.8988554239172888,0.8817085166412081,8.678077587877436,0.956788695577142,0.9375,1.0,42.9375,35.8066755705731,65.02967499119484,pacific_nations_cup,2024,south
p3_event_50,pacific_nations_cup_2024,metres,stable,position:Centre,16,7,19.868198685521083,0.38451726960575117,0.5803152628195332,0.6626006487189854,-34.335307730818045,2.3659232131271923,1.0,1.0,44.0,33.10982676706452,33.05361952592992,pacific_nations_cup,2024,south
p3_event_50,pacific_nations_cup_2024,metres,stable,position:Fly-half,16,7,11.439174173932749,0.830067677666714,1.0076223549186059,0.8237884695737676,10.247536992183159,0.5887119198821734,0.9375,1.0,18.875,14.65481284894581,13.204620113331949,pacific_nations_cup,2024,south
p3_event_50,pacific_nations_cup_2024,metres,stable,position:Hooker,16,7,8.37529834939232,1.4488152787997226,1.7178735505492968,0.8433771381697205,-3.1137494086801625,1.2485729857186045,0.75,1.0,10.0,10.502989860166377,14.679822077615864,pacific_nations_cup,2024,south
p3_event_50,pacific_nations_cup_2024,metres,stable,position:Prop,32,7,3.7683583093869917,0.9779843687114443,1.135674933467354,0.861148150664503,-1.6852525697240894,1.3584535985151458,0.6875,1.0,5.0625,4.967230810901236,12.458406768595852,pacific_nations_cup,2024,south
p3_event_50,pacific_nations_cup_2024,metres,stable,position:Scrum-half,16,7,7.078801640247542,1.1686775772138143,2.0364068363948955,0.5738919926642727,-7.594867367939341,1.63349871533102,0.6875,1.0,10.5625,11.115630026228606,10.859141872579873,pacific_nations_cup,2024,south
p3_event_50,pacific_nations_cup_2024,metres,stable,position:Second-row,24,7,9.352751477271092,1.1425697167994242,1.355549525159491,0.8428830489723288,-14.14636753409635,3.4424587276362137,0.7083333333333334,1.0,13.0,7.885749599890365,20.576906881128185,pacific_nations_cup,2024,south
p3_event_50,pacific_nations_cup_2024,dominant_tackles,extended,all,184,7,0.2764771359228997,0.6268841537293692,0.6726997748415526,0.9318929144535915,0.027345394477328817,0.6512257975149892,0.11956521739130435,1.0,0.14673913043478262,0.1833369261676181,3.76849788954022,pacific_nations_cup,2024,south
p3_event_50,pacific_nations_cup_2024,dominant_tackles,extended,starter,120,7,0.3382096418551849,0.7037947546996537,0.7772216534750636,0.905526437088946,-0.012079638597427887,0.785786760544809,0.13333333333333333,1.0,0.175,0.23807939760619026,3.304061762428659,pacific_nations_cup,2024,south
p3_event_50,pacific_nations_cup_2024,dominant_tackles,extended,bench,64,7,0.16072868729986492,0.48267677691008615,0.4767212524037196,1.012492676750486,0.14543374914790963,-0.6404843203116987,0.09375,1.0,0.09375,0.0806947922202954,0.8892536371673313,pacific_nations_cup,2024,south
p3_event_50,pacific_nations_cup_2024,dominant_tackles,extended,zero_minute,3,3,0.07003218339789259,0.14006436679578518,0.2147684910739643,0.6521644124581957,0.0,0.0,0.0,1.0,0.0,0.07003218339789259,0.07003218339789259,pacific_nations_cup,2024,south
p3_event_50,pacific_nations_cup_2024,dominant_tackles,extended,low_history,55,7,0.20634968829611663,0.511748381858457,0.5494719016922763,0.9313458618763988,0.07198342679524902,0.28918625219283184,0.10909090909090909,1.0,0.10909090909090909,0.1283168961673754,0.8114003139650328,pacific_nations_cup,2024,south
p3_event_50,pacific_nations_cup_2024,dominant_tackles,extended,south,184,7,0.2764771359228997,0.6268841537293692,0.6726997748415526,0.9318929144535915,0.027345394477328817,0.6512257975149892,0.11956521739130435,1.0,0.14673913043478262,0.1833369261676181,3.76849788954022,pacific_nations_cup,2024,south
p3_event_50,pacific_nations_cup_2024,dominant_tackles,extended,position:Back-row,32,7,0.3530134801323651,0.6932174030680825,0.7475555908715406,0.9273121778942117,0.19795964330834737,-0.15003825059359174,0.15625,1.0,0.15625,0.27799339930539607,0.7504686300359329,pacific_nations_cup,2024,south
p3_event_50,pacific_nations_cup_2024,dominant_tackles,extended,position:Back-three,32,7,0.15141955822521844,0.2873815735528574,0.4170755963960915,0.6890395315287992,-0.08096942493956524,0.7911721827370515,0.03125,1.0,0.03125,0.14183944707376267,0.5314053530913789,pacific_nations_cup,2024,south
p3_event_50,pacific_nations_cup_2024,dominant_tackles,extended,position:Centre,16,7,0.4382948037674685,0.955347937988904,0.8677815283810237,1.1009083585487796,1.2207641814934476,-3.5373238319874427,0.1875,1.0,0.25,0.2744346369181655,0.7908988034235684,pacific_nations_cup,2024,south
p3_event_50,pacific_nations_cup_2024,dominant_tackles,extended,position:Fly-half,16,7,0.25595233763227915,0.7989911818236706,0.8890819576019812,0.8986698863833632,-0.10142348150600315,3.008063412555655,0.125,1.0,0.1875,0.09604966447849365,0.459004625999913,pacific_nations_cup,2024,south
p3_event_50,pacific_nations_cup_2024,dominant_tackles,extended,position:Hooker,16,7,0.16379768541984063,0.32759537083968127,0.3950281124497992,0.8292963475639031,0.0,0.0,0.0,1.0,0.0,0.16379768541984063,0.3275953708396812,pacific_nations_cup,2024,south
p3_event_50,pacific_nations_cup_2024,dominant_tackles,extended,position:Prop,32,7,0.21068499748311398,0.49447058591761145,0.5154237407879076,0.959347710995489,0.08391081045710161,0.06785749315880894,0.09375,1.0,0.09375,0.14499783420928122,0.6883823167588351,pacific_nations_cup,2024,south
p3_event_50,pacific_nations_cup_2024,dominant_tackles,extended,position:Scrum-half,16,7,0.23945893733617832,0.8686714680643949,0.7506677409344827,1.1571983458127733,0.26599199644821797,-1.014791201102424,0.1875,1.0,0.1875,0.07734792769482807,0.457306543898944,pacific_nations_cup,2024,south
p3_event_50,pacific_nations_cup_2024,dominant_tackles,extended,position:Second-row,24,7,0.4344981515174567,0.872281789395995,0.9822521434663255,0.8880426428164871,-0.19132761469169596,2.1439037426423684,0.20833333333333334,1.0,0.3333333333333333,0.2447222501596005,1.0272550657255088,pacific_nations_cup,2024,south
p3_event_50,pacific_nations_cup_2024,tackle_turnover,extended,all,184,7,0.1791562334366603,0.4682989341076262,0.4659664817289381,1.0050056226577364,0.03268256563144178,0.7990428144454366,0.09782608695652174,1.0,0.10869565217391304,0.09513017972037838,0.870959085877534,pacific_nations_cup,2024,south
p3_event_50,pacific_nations_cup_2024,tackle_turnover,extended,starter,120,7,0.23731311703415509,0.6016370207387657,0.5795369982165315,1.0381339286193028,0.09332713563010922,0.45803148196939736,0.13333333333333333,1.0,0.15,0.12373137349907593,1.0432799505419132,pacific_nations_cup,2024,south
p3_event_50,pacific_nations_cup_2024,tackle_turnover,extended,bench,64,7,0.07011207669135747,0.2182900216742395,0.25302176331470055,0.8627321966875126,0.026679986564973637,0.11011300121110852,0.03125,1.0,0.03125,0.041502941385320485,0.4123784732271094,pacific_nations_cup,2024,south
p3_event_50,pacific_nations_cup_2024,tackle_turnover,extended,zero_minute,3,3,0.34158868217192045,1.4968484287204076,1.5678393804076631,0.9547205201155257,-3.0312812465021124,90.19774361906845,0.3333333333333333,1.0,0.3333333333333333,0.03730264688266705,0.34158868217192045,pacific_nations_cup,2024,south
p3_event_50,pacific_nations_cup_2024,tackle_turnover,extended,low_history,55,7,0.19614413558426064,0.585167972863382,0.6170143129231576,0.9483863836012152,-0.1352037214866151,3.5666182712915195,0.10909090909090909,1.0,0.14545454545454545,0.07869030145452893,0.6122796256466666,pacific_nations_cup,2024,south
p3_event_50,pacific_nations_cup_2024,tackle_turnover,extended,south,184,7,0.1791562334366603,0.4682989341076262,0.4659664817289381,1.0050056226577364,0.03268256563144178,0.7990428144454366,0.09782608695652174,1.0,0.10869565217391304,0.09513017972037838,0.870959085877534,pacific_nations_cup,2024,south
p3_event_50,pacific_nations_cup_2024,tackle_turnover,extended,position:Back-row,32,7,0.31851819389112845,0.8395094086735018,0.8001758640546561,1.0491561247792884,0.2064547304388029,0.3275785098275046,0.21875,1.0,0.25,0.13293078836010036,0.6667706637882587,pacific_nations_cup,2024,south
p3_event_50,pacific_nations_cup_2024,tackle_turnover,extended,position:Back-three,32,7,0.2053487325622294,0.5296523251606696,0.5760815232187454,0.9194051602303411,0.00011654831967372226,1.1448816976134673,0.09375,1.0,0.125,0.10907978696894946,0.7231840834262836,pacific_nations_cup,2024,south
p3_event_50,pacific_nations_cup_2024,tackle_turnover,extended,position:Centre,16,7,0.33038494009533137,0.8650965546813684,0.7525789531498539,1.1495093651776758,0.5856410343359021,-2.4054854795449025,0.25,1.0,0.25,0.13953151544253045,0.561402939895955,pacific_nations_cup,2024,south
p3_event_50,pacific_nations_cup_2024,tackle_turnover,extended,position:Fly-half,16,7,0.2286309105486602,0.715223609350726,0.6783107337620482,1.0544188286450247,0.011515461696409924,2.3691943737198473,0.1875,1.0,0.1875,0.07428032932024842,0.4098780684743034,pacific_nations_cup,2024,south
p3_event_50,pacific_nations_cup_2024,tackle_turnover,extended,position:Hooker,16,7,0.057424472924724655,0.11484894584944931,0.1332719883444521,0.8617635804503271,0.0,0.0,0.0,1.0,0.0,0.057424472924724655,0.11484894584944931,pacific_nations_cup,2024,south
p3_event_50,pacific_nations_cup_2024,tackle_turnover,extended,position:Prop,32,7,0.07790243370859254,0.23565494171493095,0.26709907599956784,0.8822753910062655,0.05582477418657541,-0.4993758452574785,0.03125,1.0,0.03125,0.04921097890488606,0.27760026493998524,pacific_nations_cup,2024,south
p3_event_50,pacific_nations_cup_2024,tackle_turnover,extended,position:Scrum-half,16,7,0.08406000586462548,0.16812001172925095,0.19195046439628483,0.8758510288475493,0.0,0.0,0.0,1.0,0.0,0.08406000586462548,0.16812001172925095,pacific_nations_cup,2024,south
p3_event_50,pacific_nations_cup_2024,tackle_turnover,extended,position:Second-row,24,7,0.10417175650956702,0.20834351301913404,0.21052631578947367,0.9896316868408868,0.0,0.0,0.0,1.0,0.0,0.10417175650956702,0.3125152695287011,pacific_nations_cup,2024,south
p3_event_50,pacific_nations_cup_2024,tackle_try_saver,extended,all,184,7,0.03906562550080075,0.189855805576833,0.19869904063071261,0.9554943243519982,-0.020000658582354416,3.6389444270213027,0.02717391304347826,1.0,0.02717391304347826,0.012963806557619776,0.7565993977352494,pacific_nations_cup,2024,south
p3_event_50,pacific_nations_cup_2024,tackle_try_saver,extended,starter,120,7,0.04783000319637814,0.21914611495152336,0.23654828898242228,0.9264328898519657,-0.043223175284710987,4.781619362588851,0.03333333333333333,1.0,0.03333333333333333,0.016010581941552825,0.6038343180212071,pacific_nations_cup,2024,south
p3_event_50,pacific_nations_cup_2024,tackle_try_saver,extended,bench,64,7,0.02263241732159315,0.1349364754992886,0.12773169997125716,1.0564055401255343,0.007472463701457672,1.1243167586376277,0.015625,1.0,0.015625,0.0072511027127453165,0.16931098801419642,pacific_nations_cup,2024,south
p3_event_50,pacific_nations_cup_2024,tackle_try_saver,extended,zero_minute,3,3,0.00422997384588347,0.00845994769176694,0.014409662500477774,0.5871024176649826,0.0,0.0,0.0,1.0,0.0,0.00422997384588347,0.00422997384588347,pacific_nations_cup,2024,south
p3_event_50,pacific_nations_cup_2024,tackle_try_saver,extended,low_history,55,7,0.08469704212965753,0.47286971805242567,0.48781838170818237,0.9693560878058525,-0.00716423499788825,5.392740876288867,0.07272727272727272,1.0,0.07272727272727272,0.014814638707458172,0.512493835105037,pacific_nations_cup,2024,south
p3_event_50,pacific_nations_cup_2024,tackle_try_saver,extended,south,184,7,0.03906562550080075,0.189855805576833,0.19869904063071261,0.9554943243519982,-0.020000658582354416,3.6389444270213027,0.02717391304347826,1.0,0.02717391304347826,0.012963806557619776,0.7565993977352494,pacific_nations_cup,2024,south
p3_event_50,pacific_nations_cup_2024,tackle_try_saver,extended,position:Back-row,32,7,0.04825607930799097,0.21732960184165445,0.2188620468753763,0.9929981234499079,0.013547539984465916,0.9683528684980592,0.03125,1.0,0.03125,0.0182810012666055,0.1803369062528933,pacific_nations_cup,2024,south
p3_event_50,pacific_nations_cup_2024,tackle_try_saver,extended,position:Back-three,32,7,0.04193209142858228,0.1889229854509062,0.22890871892150658,0.8253201815160583,-0.10316918439745988,10.890301650758094,0.03125,1.0,0.03125,0.01234301754975747,0.15972556140513236,pacific_nations_cup,2024,south
p3_event_50,pacific_nations_cup_2024,tackle_try_saver,extended,position:Centre,16,7,0.01275448268380083,0.02550896536760166,0.030959752321981424,0.8239395813735336,0.0,0.0,0.0,1.0,0.0,0.01275448268380083,0.025508965367601655,pacific_nations_cup,2024,south
p3_event_50,pacific_nations_cup_2024,tackle_try_saver,extended,position:Fly-half,16,7,0.01023491917304149,0.02046983834608298,0.027911969940955447,0.7333713238221652,0.0,0.0,0.0,1.0,0.0,0.01023491917304149,0.02046983834608298,pacific_nations_cup,2024,south
p3_event_50,pacific_nations_cup_2024,tackle_try_saver,extended,position:Hooker,16,7,0.13131843283810757,0.889819915986092,0.8726063316479125,1.0197266324044105,-0.0843438228332794,22.429914894906968,0.125,1.0,0.125,0.009333241958970333,0.25739246703581464,pacific_nations_cup,2024,south
p3_event_50,pacific_nations_cup_2024,tackle_try_saver,extended,position:Prop,32,7,0.010928338300381028,0.021856676600762057,0.02476780185758514,0.882463317755768,0.0,0.0,0.0,1.0,0.0,0.010928338300381028,0.04371335320152411,pacific_nations_cup,2024,south
p3_event_50,pacific_nations_cup_2024,tackle_try_saver,extended,position:Scrum-half,16,7,0.07431632528777869,0.35452948624201486,0.3744280504792302,0.9468561070364595,-0.11567223811460364,11.676609249966129,0.0625,1.0,0.0625,0.015258902160755311,0.14680375000812373,pacific_nations_cup,2024,south
p3_event_50,pacific_nations_cup_2024,tackle_try_saver,extended,position:Second-row,24,7,0.012265010135047662,0.024530020270095324,0.02270381836945305,1.080435892805562,0.0,0.0,0.0,1.0,0.0,0.012265010135047662,0.03679503040514299,pacific_nations_cup,2024,south
