engine,fold,target,tier,cohort,n,fixtures,mae,loss,naive_loss,relative_loss,calibration_intercept,calibration_slope,actual_positive_rate,predicted_positive_rate,actual_mean,predicted_mean,team_total_mae,tournament,calendar_year,fold_hemisphere
p3_event_50,six_nations_2025,minutes,minutes,all,690,15,10.029619433991574,10.029619433991574,11.011548451694738,0.9108273444002292,0.4950600466436288,0.9553716253320343,0.9927536231884058,1.0,51.16376811594203,53.03560072939026,43.968691786801784,six_nations,2025,north
p3_event_50,six_nations_2025,minutes,minutes,starter,450,15,10.520175067311978,10.520175067311978,11.404054603856615,0.92249427355024,0.06708388543034631,0.961591433460805,1.0,1.0,65.93111111111111,68.49481488061258,51.88648987672174,six_nations,2025,north
p3_event_50,six_nations_2025,minutes,minutes,bench,240,15,9.109827621515816,9.109827621515816,10.27559941639122,0.8865495094119947,1.3561804275409288,0.9197177210845313,0.9791666666666666,1.0,23.475,24.04957419584843,33.64465065500197,six_nations,2025,north
p3_event_50,six_nations_2025,minutes,minutes,zero_minute,5,3,22.487873534235373,22.487873534235373,20.258668737089728,1.1100370822029584,0.0,0.0,0.0,1.0,0.0,22.487873534235373,28.109841917794217,six_nations,2025,north
p3_event_50,six_nations_2025,minutes,minutes,north,690,15,10.029619433991574,10.029619433991574,11.011548451694738,0.9108273444002292,0.4950600466436288,0.9553716253320343,0.9927536231884058,1.0,51.16376811594203,53.03560072939026,43.968691786801784,six_nations,2025,north
p3_event_50,six_nations_2025,minutes,minutes,position:Back-row,120,15,13.457017157066328,13.457017157066328,13.971460423634335,0.9631789912457708,5.575601319386908,0.8495686166646071,0.9916666666666667,1.0,55.25,58.4701432070713,19.97691710006877,six_nations,2025,north
p3_event_50,six_nations_2025,minutes,minutes,position:Back-three,120,15,9.185535588860587,9.185535588860587,9.858031751811584,0.9317819033371023,2.296977056727279,0.9626556498048715,0.9916666666666667,1.0,61.44166666666667,61.439092599651715,15.251779643572256,six_nations,2025,north
p3_event_50,six_nations_2025,minutes,minutes,position:Centre,60,15,10.653188737643998,10.653188737643998,11.003164556962023,0.9681931668379361,138.0237022391033,-0.882998092806641,1.0,1.0,72.15,74.60231542485151,16.554949153830243,six_nations,2025,north
p3_event_50,six_nations_2025,minutes,minutes,position:Fly-half,60,15,10.263796900267304,10.263796900267304,10.774150855400856,0.9526316308372716,3.6387090789267478,0.9225123521785167,0.9833333333333333,1.0,46.5,46.46148186510046,10.732588356679662,six_nations,2025,north
p3_event_50,six_nations_2025,minutes,minutes,position:Hooker,60,15,8.158250372389999,8.158250372389999,10.134017700586494,0.8050361281604876,-0.0023794498763340137,0.9418641029486228,1.0,1.0,39.25,41.67520486978096,6.1873089292708885,six_nations,2025,north
p3_event_50,six_nations_2025,minutes,minutes,position:Prop,120,15,7.594986054490933,7.594986054490933,9.326910580934706,0.8143088741534599,-4.386277197861708,1.0670752231979486,0.9916666666666667,1.0,39.0,40.65906156815834,8.26228085174769,six_nations,2025,north
p3_event_50,six_nations_2025,minutes,minutes,position:Scrum-half,60,15,8.314262127518758,8.314262127518758,9.244413562722384,0.8993823211291181,-1.567955360917446,1.0105675262627722,0.9833333333333333,1.0,43.833333333333336,44.926526446136116,10.092325142496202,six_nations,2025,north
p3_event_50,six_nations_2025,minutes,minutes,position:Second-row,90,15,11.650698501498235,11.650698501498235,12.776170004037652,0.9119085373641918,-0.7556638158670408,0.941964243532363,1.0,1.0,50.17777777777778,54.07152335490417,14.511512579504048,six_nations,2025,north
p3_event_50,six_nations_2025,tries,stable,all,690,15,0.2406309904057853,0.5375790999715462,0.5677772176828093,0.9468134388440126,0.01714478788297798,0.7957523409068264,0.13043478260869565,1.0,0.15507246376811595,0.17332990277849222,1.5983212872039927,six_nations,2025,north
p3_event_50,six_nations_2025,tries,stable,starter,450,15,0.2965165941138227,0.6192551018043296,0.6372333888055336,0.9717869664128813,0.019344088999549702,0.7914652685612286,0.16444444444444445,1.0,0.19777777777777777,0.22544727591470326,1.4301202834078508,six_nations,2025,north
p3_event_50,six_nations_2025,tries,stable,bench,240,15,0.13584548345321518,0.38443659653507706,0.43754689682770154,0.878618039168637,0.014541500978328804,0.7996116444445746,0.06666666666666667,1.0,0.075,0.07560982814809658,0.7320510753949728,six_nations,2025,north
p3_event_50,six_nations_2025,tries,stable,zero_minute,5,3,0.11394338175531912,0.22788676351063825,0.12993057305986538,1.7539117864556761,0.0,0.0,0.0,1.0,0.0,0.11394338175531912,0.1424292271941489,six_nations,2025,north
p3_event_50,six_nations_2025,tries,stable,north,690,15,0.2406309904057853,0.5375790999715462,0.5677772176828093,0.9468134388440126,0.01714478788297798,0.7957523409068264,0.13043478260869565,1.0,0.15507246376811595,0.17332990277849222,1.5983212872039927,six_nations,2025,north
p3_event_50,six_nations_2025,tries,stable,position:Back-row,120,15,0.24195730404469556,0.5700537936249849,0.6380349151227445,0.8934523489444438,0.08916361998460962,0.4143023202011757,0.14166666666666666,1.0,0.15,0.14684054867433435,0.615306883198997,six_nations,2025,north
p3_event_50,six_nations_2025,tries,stable,position:Back-three,120,15,0.39326598120176104,0.7088939326895787,0.8265558380777946,0.8576479652459466,0.05649254134173459,0.8158218950414297,0.2916666666666667,1.0,0.35,0.3597690383675722,0.8721057246902261,six_nations,2025,north
p3_event_50,six_nations_2025,tries,stable,position:Centre,60,15,0.4341558485276337,1.0536221858873671,1.075213966613958,0.9799186195519881,0.17317139885309704,0.7185125383410111,0.25,1.0,0.3333333333333333,0.22290764034548055,0.6975860700076141,six_nations,2025,north
p3_event_50,six_nations_2025,tries,stable,position:Fly-half,60,15,0.13110746034582205,0.34916170901100885,0.2790753475596388,1.2511377735949696,0.0709998996199783,-0.37500886585921683,0.03333333333333333,1.0,0.03333333333333333,0.10044180209004828,0.25699942576585066,six_nations,2025,north
p3_event_50,six_nations_2025,tries,stable,position:Hooker,60,15,0.29814488065727146,0.5999407034094836,0.623433444307065,0.962317162943202,-0.03843366679438994,0.6441866328786232,0.08333333333333333,1.0,0.11666666666666667,0.24076925155676168,0.5260094544593755,six_nations,2025,north
p3_event_50,six_nations_2025,tries,stable,position:Prop,120,15,0.08679027910253563,0.2631339992060818,0.2409323258445242,1.0921490019395925,0.03766796114859197,-0.07636542953898691,0.03333333333333333,1.0,0.03333333333333333,0.0567616504146771,0.29204399912296103,six_nations,2025,north
p3_event_50,six_nations_2025,tries,stable,position:Scrum-half,60,15,0.2547866856283996,0.5397521133794211,0.5165079258028688,1.045002576757019,0.001827273144619908,0.7485174829096323,0.11666666666666667,1.0,0.13333333333333333,0.17568869557665365,0.4442987708641551,six_nations,2025,north
p3_event_50,six_nations_2025,tries,stable,position:Second-row,90,15,0.13668959053961316,0.37034632462947226,0.41610744065243327,0.890025720397573,0.024588261282672334,0.4979927994680916,0.05555555555555555,1.0,0.06666666666666667,0.08449601164703281,0.36713708058540634,six_nations,2025,north
p3_event_50,six_nations_2025,try_assists,stable,all,690,15,0.18459608285830764,0.4143606469504487,0.4470790536642042,0.9268174018764702,0.0038491854985841217,0.9360466854945761,0.10579710144927536,1.0,0.12608695652173912,0.13058939571862116,1.4402116617544463,six_nations,2025,north
p3_event_50,six_nations_2025,try_assists,stable,starter,450,15,0.22826654240332903,0.476648501419882,0.5089243178460728,0.9365803218781288,-0.009125160478921267,0.941706380419251,0.12666666666666668,1.0,0.15555555555555556,0.17487480116802465,1.3314905152600853,six_nations,2025,north
p3_event_50,six_nations_2025,try_assists,stable,bench,240,15,0.10271397121139263,0.2975709198202611,0.33111918332320045,0.8986822111414989,-0.008120951123218522,1.660298859129749,0.06666666666666667,1.0,0.07083333333333333,0.04755426050098956,0.6267567274648799,six_nations,2025,north
p3_event_50,six_nations_2025,try_assists,stable,zero_minute,5,3,0.08614309896664074,0.17228619793328148,0.127228634365093,1.3541464057445758,0.0,0.0,0.0,1.0,0.0,0.08614309896664074,0.10767887370830093,six_nations,2025,north
p3_event_50,six_nations_2025,try_assists,stable,north,690,15,0.18459608285830764,0.4143606469504487,0.4470790536642042,0.9268174018764702,0.0038491854985841217,0.9360466854945761,0.10579710144927536,1.0,0.12608695652173912,0.13058939571862116,1.4402116617544463,six_nations,2025,north
p3_event_50,six_nations_2025,try_assists,stable,position:Back-row,120,15,0.0692553424138486,0.15087868870427085,0.1540608445087818,0.979344811365554,0.006070927273855607,0.03639102225918747,0.008333333333333333,1.0,0.008333333333333333,0.06216934614708581,0.24742811807206377,six_nations,2025,north
p3_event_50,six_nations_2025,try_assists,stable,position:Back-three,120,15,0.34227518399716694,0.785995728145757,0.9291776742232493,0.8459046638231101,0.13702201392689475,0.5953960521268887,0.21666666666666667,1.0,0.25833333333333336,0.20374894823888598,0.6518000581402786,six_nations,2025,north
p3_event_50,six_nations_2025,try_assists,stable,position:Centre,60,15,0.3196010886224178,0.6966357306676432,0.6451480893241414,1.079807477066917,0.14621512550647173,0.09022364666892645,0.15,1.0,0.16666666666666666,0.22667606459359163,0.5047677088018517,six_nations,2025,north
p3_event_50,six_nations_2025,try_assists,stable,position:Fly-half,60,15,0.4539267337601254,0.967414872722644,0.9871086867498434,0.9800489912696004,0.2134152592884994,0.6038360625019206,0.3333333333333333,1.0,0.38333333333333336,0.2813976915204427,0.678249419865006,six_nations,2025,north
p3_event_50,six_nations_2025,try_assists,stable,position:Hooker,60,15,0.09298775873645812,0.3321275306169774,0.2978985345975797,1.1149015253318935,0.06110927457444004,-0.23746143893998764,0.05,1.0,0.05,0.046783488822568914,0.1739965426913062,six_nations,2025,north
p3_event_50,six_nations_2025,try_assists,stable,position:Prop,120,15,0.01752335053223624,0.03504670106447248,0.018586797457355832,1.8855696439841791,0.0,0.0,0.0,1.0,0.0,0.01752335053223624,0.07009340212894496,six_nations,2025,north
p3_event_50,six_nations_2025,try_assists,stable,position:Scrum-half,60,15,0.32530600174781094,0.5681910972372725,0.8564671867822138,0.6634125696887376,-0.08228409495728832,1.1812894907251403,0.21666666666666667,1.0,0.3,0.32361592815205814,0.5954881296638811,six_nations,2025,north
p3_event_50,six_nations_2025,try_assists,stable,position:Second-row,90,15,0.04861707741148145,0.17129064857108126,0.10075732487053074,1.7000317226681345,0.027150188637976212,-0.4264079975721581,0.011111111111111112,1.0,0.011111111111111112,0.03761439189271049,0.1449600289818645,six_nations,2025,north
p3_event_50,six_nations_2025,conversion_goals,stable,all,690,15,0.11124085321876355,0.1668282638359698,0.35877879364225507,0.464989198894284,-0.008837432839446008,0.8107017413166522,0.0463768115942029,1.0,0.1144927536231884,0.15212769404236792,1.8023255433952559,six_nations,2025,north
p3_event_50,six_nations_2025,conversion_goals,stable,starter,450,15,0.13737787182385275,0.1793070206263485,0.4672409110388738,0.3837571077148902,-0.012377394987146498,0.8177265212875131,0.06222222222222222,1.0,0.16,0.21080078791591325,1.7375244104536935,six_nations,2025,north
p3_event_50,six_nations_2025,conversion_goals,stable,bench,240,15,0.062233943334221345,0.14343059485400966,0.15541232352359494,0.9229036128028406,0.011117925397547997,0.42855195767731813,0.016666666666666666,1.0,0.029166666666666667,0.04211564302947045,0.4887952556830614,six_nations,2025,north
p3_event_50,six_nations_2025,conversion_goals,stable,zero_minute,5,3,0.01003412420848854,0.02006824841697708,0.12320743238389498,0.16288180046190376,0.0,0.0,0.0,1.0,0.0,0.01003412420848854,0.012542655260610677,six_nations,2025,north
p3_event_50,six_nations_2025,conversion_goals,stable,north,690,15,0.11124085321876355,0.1668282638359698,0.35877879364225507,0.464989198894284,-0.008837432839446008,0.8107017413166522,0.0463768115942029,1.0,0.1144927536231884,0.15212769404236792,1.8023255433952559,six_nations,2025,north
p3_event_50,six_nations_2025,conversion_goals,stable,position:Back-row,120,15,0.0009191972505688406,0.0018383945011376812,2.0000000000000004e-08,91919.72505688404,0.0,0.0,0.0,1.0,0.0,0.0009191972505688406,0.003676789002275363,six_nations,2025,north
p3_event_50,six_nations_2025,conversion_goals,stable,position:Back-three,120,15,0.1660217022296789,0.21118823970594594,1.1005989842694037,0.19188482156026726,-0.00041608328027479847,0.7289522912782588,0.10833333333333334,1.0,0.225,0.3092329717284999,0.6323002355150276,six_nations,2025,north
p3_event_50,six_nations_2025,conversion_goals,stable,position:Centre,60,15,0.08078789211373265,0.1615757842274653,0.055790363482671176,2.8961235263801735,0.0,0.0,0.0,1.0,0.0,0.08078789211373265,0.1615757842274653,six_nations,2025,north
p3_event_50,six_nations_2025,conversion_goals,stable,position:Fly-half,60,15,0.8252969777003485,1.2522896949896114,1.816593666586825,0.6893614780362649,-0.03437151726455468,0.892936474703586,0.31666666666666665,1.0,0.8666666666666667,1.0090731081741569,1.4382123785407122,six_nations,2025,north
p3_event_50,six_nations_2025,conversion_goals,stable,position:Hooker,60,15,0.001231589853421831,0.002463179706843662,0.0016863506408094434,1.4606569044628481,0.0,0.0,0.0,1.0,0.0,0.001231589853421831,0.0024631797068436615,six_nations,2025,north
p3_event_50,six_nations_2025,conversion_goals,stable,position:Prop,120,15,0.0008538641501994247,0.0017077283003988494,2.0000000000000004e-08,85386.41501994245,0.0,0.0,0.0,1.0,0.0,0.0008538641501994247,0.0034154566007976984,six_nations,2025,north
p3_event_50,six_nations_2025,conversion_goals,stable,position:Scrum-half,60,15,0.03504647017193064,0.07009294034386128,0.050687667636820186,1.3828401189433472,0.0,0.0,0.0,1.0,0.0,0.03504647017193064,0.07009294034386128,six_nations,2025,north
p3_event_50,six_nations_2025,conversion_goals,stable,position:Second-row,90,15,0.0008782366103019506,0.0017564732206039012,1.9999999999999997e-08,87823.66103019507,0.0,0.0,0.0,1.0,0.0,0.0008782366103019506,0.002634709830905852,six_nations,2025,north
p3_event_50,six_nations_2025,missed_conversion_goals,stable,all,690,15,0.0485980982785578,0.09911797055937115,0.14275917194813417,0.6943019436634285,-0.0020257609212234683,0.9922446412017177,0.030434782608695653,1.0,0.04057971014492753,0.0429384743409157,0.822202642763931,six_nations,2025,north
p3_event_50,six_nations_2025,missed_conversion_goals,stable,starter,450,15,0.059322630499092116,0.10749061526153841,0.165136105835762,0.650921339809505,-0.004668032195975593,0.9955262761427841,0.04,1.0,0.05333333333333334,0.05826201368992307,0.6904419351910196,six_nations,2025,north
p3_event_50,six_nations_2025,missed_conversion_goals,stable,bench,240,15,0.028489600365055986,0.0834192617428075,0.10080242090883201,0.8275521658180588,0.0026271644797812572,0.9882214554768085,0.0125,1.0,0.016666666666666666,0.014206838061526887,0.22523356594559427,six_nations,2025,north
p3_event_50,six_nations_2025,missed_conversion_goals,stable,zero_minute,5,3,0.0035266384100121687,0.007053276820024337,0.035004393592620885,0.20149690070652176,0.0,0.0,0.0,1.0,0.0,0.0035266384100121687,0.004408298012515211,six_nations,2025,north
p3_event_50,six_nations_2025,missed_conversion_goals,stable,north,690,15,0.0485980982785578,0.09911797055937115,0.14275917194813417,0.6943019436634285,-0.0020257609212234683,0.9922446412017177,0.030434782608695653,1.0,0.04057971014492753,0.0429384743409157,0.822202642763931,six_nations,2025,north
p3_event_50,six_nations_2025,missed_conversion_goals,stable,position:Back-row,120,15,0.0003839813596140964,0.0007679627192281928,2.0000000000000004e-08,38398.13596140964,0.0,0.0,0.0,1.0,0.0,0.0003839813596140964,0.0015359254384563856,six_nations,2025,north
p3_event_50,six_nations_2025,missed_conversion_goals,stable,position:Back-three,120,15,0.0691454070674937,0.13675508233688702,0.3529591040692062,0.38745305266321406,0.002036815739181066,0.8121185491566888,0.058333333333333334,1.0,0.058333333333333334,0.06932056613238438,0.2572852206943279,six_nations,2025,north
p3_event_50,six_nations_2025,missed_conversion_goals,stable,position:Centre,60,15,0.03356155637679244,0.06712311275358487,0.0253592561284869,2.64688807958303,0.0,0.0,0.0,1.0,0.0,0.03356155637679244,0.06712311275358487,six_nations,2025,north
p3_event_50,six_nations_2025,missed_conversion_goals,stable,position:Fly-half,60,15,0.36644356384958354,0.7580589923213065,0.9019897204361929,0.8404297467544497,0.03317720601903517,1.0525409494554931,0.23333333333333334,1.0,0.35,0.30100757043691806,0.6422739685109781,six_nations,2025,north
p3_event_50,six_nations_2025,missed_conversion_goals,stable,position:Hooker,60,15,0.00038743242416712596,0.0007748648483342519,2e-08,38743.242416712594,0.0,0.0,0.0,1.0,0.0,0.00038743242416712596,0.000774864848334252,six_nations,2025,north
p3_event_50,six_nations_2025,missed_conversion_goals,stable,position:Prop,120,15,0.0003808797735498267,0.0007617595470996534,2.0000000000000004e-08,38087.977354982664,0.0,0.0,0.0,1.0,0.0,0.0003808797735498267,0.001523519094199307,six_nations,2025,north
p3_event_50,six_nations_2025,missed_conversion_goals,stable,position:Scrum-half,60,15,0.018089040177014393,0.03617808035402879,0.008463162700450834,4.274770748777118,0.0,0.0,0.0,1.0,0.0,0.018089040177014393,0.03617808035402879,six_nations,2025,north
p3_event_50,six_nations_2025,missed_conversion_goals,stable,position:Second-row,90,15,0.000384000649694682,0.000768001299389364,1.9999999999999997e-08,38400.06496946821,0.0,0.0,0.0,1.0,0.0,0.000384000649694682,0.001152001949084046,six_nations,2025,north
p3_event_50,six_nations_2025,penalty_goals,stable,all,690,15,0.0750098843329639,0.13579138950724165,0.2827382614940906,0.48027242153103417,-0.00526377830570162,1.0721756323847484,0.028985507246376812,1.0,0.06231884057971015,0.06303316065399985,1.2315316595860175,six_nations,2025,north
p3_event_50,six_nations_2025,penalty_goals,stable,starter,450,15,0.1052852961898437,0.18875374433636857,0.41400903359150765,0.4559169704557876,0.0014475509908751325,1.0826844965902778,0.044444444444444446,1.0,0.09555555555555556,0.08692098654876544,1.2287544985331789,six_nations,2025,north
p3_event_50,six_nations_2025,penalty_goals,stable,bench,240,15,0.018243487101314324,0.03648697420262865,0.03660556381143366,0.9967603392365189,0.0,0.0,0.0,1.0,0.0,0.018243487101314324,0.14594789681051462,six_nations,2025,north
p3_event_50,six_nations_2025,penalty_goals,stable,zero_minute,5,3,0.005823872509247883,0.011647745018495767,0.05856889009829386,0.19887255843414167,0.0,0.0,0.0,1.0,0.0,0.005823872509247883,0.007279840636559854,six_nations,2025,north
p3_event_50,six_nations_2025,penalty_goals,stable,north,690,15,0.0750098843329639,0.13579138950724165,0.2827382614940906,0.48027242153103417,-0.00526377830570162,1.0721756323847484,0.028985507246376812,1.0,0.06231884057971015,0.06303316065399985,1.2315316595860175,six_nations,2025,north
p3_event_50,six_nations_2025,penalty_goals,stable,position:Back-row,120,15,0.0006355104086966649,0.0012710208173933298,2.0000000000000004e-08,63551.040869666474,0.0,0.0,0.0,1.0,0.0,0.0006355104086966649,0.0025420416347866595,six_nations,2025,north
p3_event_50,six_nations_2025,penalty_goals,stable,position:Back-three,120,15,0.15957362527097588,0.2780424755897233,1.026690308126741,0.2708143569573855,-0.011419267773590883,1.3977961025789545,0.075,1.0,0.19166666666666668,0.14529009922517383,0.603607546820665,six_nations,2025,north
p3_event_50,six_nations_2025,penalty_goals,stable,position:Centre,60,15,0.02249728088833068,0.04499456177666136,0.08791208791208789,0.5118131402095232,0.0,0.0,0.0,1.0,0.0,0.02249728088833068,0.04499456177666137,six_nations,2025,north
p3_event_50,six_nations_2025,penalty_goals,stable,position:Fly-half,60,15,0.4813681925318029,0.8813195746431713,1.0644915290057433,0.8279253997129895,0.09336766035179621,0.6447173264755961,0.18333333333333332,1.0,0.3333333333333333,0.3722029223153201,0.8899111911847007,six_nations,2025,north
p3_event_50,six_nations_2025,penalty_goals,stable,position:Hooker,60,15,0.000651623406213888,0.001303246812427776,2e-08,65162.340621388794,0.0,0.0,0.0,1.0,0.0,0.000651623406213888,0.0013032468124277758,six_nations,2025,north
p3_event_50,six_nations_2025,penalty_goals,stable,position:Prop,120,15,0.0006213984918226977,0.0012427969836453954,2.0000000000000004e-08,62139.84918226976,0.0,0.0,0.0,1.0,0.0,0.0006213984918226977,0.002485593967290791,six_nations,2025,north
p3_event_50,six_nations_2025,penalty_goals,stable,position:Scrum-half,60,15,0.03548513724163407,0.07097027448326813,0.04570564401072876,1.5527682853918183,0.0,0.0,0.0,1.0,0.0,0.03548513724163407,0.07097027448326813,six_nations,2025,north
p3_event_50,six_nations_2025,penalty_goals,stable,position:Second-row,90,15,0.0006335782787420282,0.0012671565574840565,1.9999999999999997e-08,63357.827874202834,0.0,0.0,0.0,1.0,0.0,0.0006335782787420282,0.001900734836226085,six_nations,2025,north
p3_event_50,six_nations_2025,missed_penalty_goals,stable,all,690,15,0.024601458307380326,0.06694477775981912,0.09403793589295732,0.7118911865103235,-0.0014021637618253549,1.1159236552056009,0.011594202898550725,1.0,0.014492753623188406,0.01424373191738216,0.48293636248785643,six_nations,2025,north
p3_event_50,six_nations_2025,missed_penalty_goals,stable,starter,450,15,0.03478480876727083,0.0967738046236313,0.1403770669077143,0.6893847175710807,0.0006948045670951991,1.138838350822066,0.017777777777777778,1.0,0.022222222222222223,0.01890296163594031,0.4673154063790112,six_nations,2025,north
p3_event_50,six_nations_2025,missed_penalty_goals,stable,bench,240,15,0.005507676195085633,0.011015352390171266,0.007152065240288035,1.5401638575835537,0.0,0.0,0.0,1.0,0.0,0.005507676195085633,0.04406140956068507,six_nations,2025,north
p3_event_50,six_nations_2025,missed_penalty_goals,stable,zero_minute,5,3,0.003947221070291925,0.00789444214058385,0.011443292384460856,0.6898750705088964,0.0,0.0,0.0,1.0,0.0,0.003947221070291925,0.004934026337864906,six_nations,2025,north
p3_event_50,six_nations_2025,missed_penalty_goals,stable,north,690,15,0.024601458307380326,0.06694477775981912,0.09403793589295732,0.7118911865103235,-0.0014021637618253549,1.1159236552056009,0.011594202898550725,1.0,0.014492753623188406,0.01424373191738216,0.48293636248785643,six_nations,2025,north
p3_event_50,six_nations_2025,missed_penalty_goals,stable,position:Back-row,120,15,0.00019194916226220743,0.00038389832452441486,2.0000000000000004e-08,19194.91622622074,0.0,0.0,0.0,1.0,0.0,0.00019194916226220743,0.0007677966490488297,six_nations,2025,north
p3_event_50,six_nations_2025,missed_penalty_goals,stable,position:Back-three,120,15,0.05970140998147678,0.12965972736625195,0.2805052510398073,0.46223636415224034,-0.016014283578404037,1.5987263734962076,0.03333333333333333,1.0,0.041666666666666664,0.03607931363447139,0.2296475429793491,six_nations,2025,north
p3_event_50,six_nations_2025,missed_penalty_goals,stable,position:Centre,60,15,0.0071673448301093155,0.014334689660218631,0.03550295857988168,0.4037604254294912,0.0,0.0,0.0,1.0,0.0,0.0071673448301093155,0.014334689660218631,six_nations,2025,north
p3_event_50,six_nations_2025,missed_penalty_goals,stable,position:Fly-half,60,15,0.13031766383813576,0.4231758376382719,0.3601370221088496,1.175041197265104,0.06277992553155748,0.05378717702644472,0.05,1.0,0.06666666666666667,0.07226148219673731,0.2545507995951927,six_nations,2025,north
p3_event_50,six_nations_2025,missed_penalty_goals,stable,position:Hooker,60,15,0.00019459750857417924,0.0003891950171483585,2e-08,19459.750857417923,0.0,0.0,0.0,1.0,0.0,0.00019459750857417924,0.0003891950171483584,six_nations,2025,north
p3_event_50,six_nations_2025,missed_penalty_goals,stable,position:Prop,120,15,0.00019238541608468921,0.00038477083216937843,2.0000000000000004e-08,19238.541608468917,0.0,0.0,0.0,1.0,0.0,0.00019238541608468921,0.0007695416643387569,six_nations,2025,north
p3_event_50,six_nations_2025,missed_penalty_goals,stable,position:Scrum-half,60,15,0.024763163823165187,0.07050340604590555,0.12478565000066341,0.5649961036828411,-0.002225880516950797,1.7253964608839982,0.016666666666666666,1.0,0.016666666666666666,0.010949684673595507,0.04944564462069577,six_nations,2025,north
p3_event_50,six_nations_2025,missed_penalty_goals,stable,position:Second-row,90,15,0.00020167427682798872,0.00040334855365597744,1.9999999999999997e-08,20167.427682798876,0.0,0.0,0.0,1.0,0.0,0.00020167427682798872,0.0006050228304839663,six_nations,2025,north
p3_event_50,six_nations_2025,drop_goals_converted,stable,all,690,15,0.0009404418587859363,0.0018808837175718727,0.0030891189081849067,0.6088738483288219,0.0,0.0,0.0,1.0,0.0,0.0009404418587859363,0.02163016275207653,six_nations,2025,north
p3_event_50,six_nations_2025,drop_goals_converted,stable,starter,450,15,0.0011420346929941496,0.002284069385988299,0.0036143052035490677,0.6319525489284792,0.0,0.0,0.0,1.0,0.0,0.0011420346929941496,0.017130520394912245,six_nations,2025,north
p3_event_50,six_nations_2025,drop_goals_converted,stable,bench,240,15,0.0005624552946455361,0.0011249105892910721,0.002104394604377105,0.5345530666878147,0.0,0.0,0.0,1.0,0.0,0.0005624552946455361,0.0044996423571642885,six_nations,2025,north
p3_event_50,six_nations_2025,drop_goals_converted,stable,zero_minute,5,3,0.00015839518862024803,0.00031679037724049606,0.0033670193670033667,0.09408629494235378,0.0,0.0,0.0,1.0,0.0,0.00015839518862024803,0.00019799398577531003,six_nations,2025,north
p3_event_50,six_nations_2025,drop_goals_converted,stable,north,690,15,0.0009404418587859363,0.0018808837175718727,0.0030891189081849067,0.6088738483288219,0.0,0.0,0.0,1.0,0.0,0.0009404418587859363,0.02163016275207653,six_nations,2025,north
p3_event_50,six_nations_2025,drop_goals_converted,stable,position:Back-row,120,15,3.253306483974676e-05,6.506612967949352e-05,2.0000000000000004e-08,3253.3064839746753,0.0,0.0,0.0,1.0,0.0,3.253306483974676e-05,0.00013013225935898707,six_nations,2025,north
p3_event_50,six_nations_2025,drop_goals_converted,stable,position:Back-three,120,15,0.0013597427178034722,0.0027194854356069444,0.002536645360766629,1.0720794785381655,0.0,0.0,0.0,1.0,0.0,0.0013597427178034722,0.005438970871213889,six_nations,2025,north
p3_event_50,six_nations_2025,drop_goals_converted,stable,position:Centre,60,15,0.00011092058511129069,0.00022184117022258138,2e-08,11092.05851112907,0.0,0.0,0.0,1.0,0.0,0.00011092058511129069,0.0002218411702225815,six_nations,2025,north
p3_event_50,six_nations_2025,drop_goals_converted,stable,position:Fly-half,60,15,0.0076420914491208865,0.015284182898241773,0.030451406722593166,0.5019204215252822,0.0,0.0,0.0,1.0,0.0,0.0076420914491208865,0.015284182898241775,six_nations,2025,north
p3_event_50,six_nations_2025,drop_goals_converted,stable,position:Hooker,60,15,3.0389394625167637e-05,6.077878925033527e-05,2e-08,3038.939462516764,0.0,0.0,0.0,1.0,0.0,3.0389394625167637e-05,6.077878925033527e-05,six_nations,2025,north
p3_event_50,six_nations_2025,drop_goals_converted,stable,position:Prop,120,15,2.885443768658522e-05,5.770887537317044e-05,2.0000000000000004e-08,2885.4437686585215,0.0,0.0,0.0,1.0,0.0,2.885443768658522e-05,0.00011541775074634088,six_nations,2025,north
p3_event_50,six_nations_2025,drop_goals_converted,stable,position:Scrum-half,60,15,0.0001440475530100769,0.0002880951060201538,2e-08,14404.75530100769,0.0,0.0,0.0,1.0,0.0,0.0001440475530100769,0.0002880951060201538,six_nations,2025,north
p3_event_50,six_nations_2025,drop_goals_converted,stable,position:Second-row,90,15,3.0247969007490662e-05,6.0495938014981325e-05,1.9999999999999997e-08,3024.7969007490665,0.0,0.0,0.0,1.0,0.0,3.0247969007490662e-05,9.074390702247199e-05,six_nations,2025,north
p3_event_50,six_nations_2025,drop_goal_missed,stable,all,690,15,0.004425876958268473,0.015558883252748243,0.013699315839678086,1.1357416264310214,0.0010403414264760808,0.1355671748933395,0.0014492753623188406,1.0,0.0014492753623188406,0.003016467195429116,0.09927804954359704,six_nations,2025,north
p3_event_50,six_nations_2025,drop_goal_missed,stable,starter,450,15,0.0061671851325841584,0.022618635247358968,0.01921138484622147,1.1773557933699736,0.0017024800776491752,0.12973800474754615,0.0022222222222222222,1.0,0.0022222222222222222,0.004006090162897144,0.0902437236814881,six_nations,2025,north
p3_event_50,six_nations_2025,drop_goal_missed,stable,bench,240,15,0.0011609241314265643,0.0023218482628531286,0.0033641864524092476,0.6901663435420908,0.0,0.0,0.0,1.0,0.0,0.0011609241314265643,0.009287393051412513,six_nations,2025,north
p3_event_50,six_nations_2025,drop_goal_missed,stable,zero_minute,5,3,0.0005190686401475101,0.0010381372802950202,0.005382686323854794,0.1928660185332073,0.0,0.0,0.0,1.0,0.0,0.0005190686401475101,0.0006488358001843877,six_nations,2025,north
p3_event_50,six_nations_2025,drop_goal_missed,stable,north,690,15,0.004425876958268473,0.015558883252748243,0.013699315839678086,1.1357416264310214,0.0010403414264760808,0.1355671748933395,0.0014492753623188406,1.0,0.0014492753623188406,0.003016467195429116,0.09927804954359704,six_nations,2025,north
p3_event_50,six_nations_2025,drop_goal_missed,stable,position:Back-row,120,15,7.566481892402652e-05,0.00015132963784805304,2.0000000000000004e-08,7566.48189240265,0.0,0.0,0.0,1.0,0.0,7.566481892402652e-05,0.00030265927569610607,six_nations,2025,north
p3_event_50,six_nations_2025,drop_goal_missed,stable,position:Back-three,120,15,0.006117573698090494,0.012235147396180987,0.015198999554726067,0.8049968915471492,0.0,0.0,0.0,1.0,0.0,0.006117573698090494,0.02447029479236197,six_nations,2025,north
p3_event_50,six_nations_2025,drop_goal_missed,stable,position:Centre,60,15,0.0009047858418867381,0.0018095716837734763,0.00169061707523246,1.070361650952011,0.0,0.0,0.0,1.0,0.0,0.0009047858418867381,0.0018095716837734763,six_nations,2025,north
p3_event_50,six_nations_2025,drop_goal_missed,stable,position:Fly-half,60,15,0.03672968185674581,0.15059135107992153,0.12376987428811176,1.2167044036045047,0.020472562213818983,-0.18545921048960254,0.016666666666666666,1.0,0.016666666666666666,0.0205214695840932,0.07331178917614117,six_nations,2025,north
p3_event_50,six_nations_2025,drop_goal_missed,stable,position:Hooker,60,15,6.722434062134811e-05,0.00013444868124269622,2e-08,6722.434062134811,0.0,0.0,0.0,1.0,0.0,6.722434062134811e-05,0.0001344486812426962,six_nations,2025,north
p3_event_50,six_nations_2025,drop_goal_missed,stable,position:Prop,120,15,6.661958913587257e-05,0.00013323917827174513,2.0000000000000004e-08,6661.958913587256,0.0,0.0,0.0,1.0,0.0,6.661958913587257e-05,0.00026647835654349027,six_nations,2025,north
p3_event_50,six_nations_2025,drop_goal_missed,stable,position:Scrum-half,60,15,0.000577888475046867,0.001155776950093734,0.0016835116835016836,0.6865274303827414,0.0,0.0,0.0,1.0,0.0,0.000577888475046867,0.001155776950093734,six_nations,2025,north
p3_event_50,six_nations_2025,drop_goal_missed,stable,position:Second-row,90,15,6.552552899059848e-05,0.00013105105798119697,1.9999999999999997e-08,6552.55289905985,0.0,0.0,0.0,1.0,0.0,6.552552899059848e-05,0.00019657658697179545,six_nations,2025,north
p3_event_50,six_nations_2025,defenders_beaten,stable,all,690,15,0.8989031794724235,1.3924380563528886,1.5079832887226754,0.9233776440137753,0.09969158660576447,0.832341353851543,0.4623188405797101,1.0,1.0115942028985507,1.095587299697515,6.062871290107733,six_nations,2025,north
p3_event_50,six_nations_2025,defenders_beaten,stable,starter,450,15,1.060541967840066,1.465570145881843,1.6509220411380794,0.8877282569148679,0.021177786348463606,0.8605342228616245,0.5511111111111111,1.0,1.2844444444444445,1.4680028109691046,5.828328789604358,six_nations,2025,north
p3_event_50,six_nations_2025,defenders_beaten,stable,bench,240,15,0.5958304512830934,1.2553153884861,1.2399731279437929,1.0123730588966462,0.10347979982256804,0.9980166131633015,0.29583333333333334,1.0,0.5,0.397308216063284,1.9938915141426332,six_nations,2025,north
p3_event_50,six_nations_2025,defenders_beaten,stable,zero_minute,5,3,0.5119462564248377,1.0238925128496754,0.91878038155733,1.114403978798699,0.0,0.0,0.0,1.0,0.0,0.5119462564248377,0.6399328205310472,six_nations,2025,north
p3_event_50,six_nations_2025,defenders_beaten,stable,north,690,15,0.8989031794724235,1.3924380563528886,1.5079832887226754,0.9233776440137753,0.09969158660576447,0.832341353851543,0.4623188405797101,1.0,1.0115942028985507,1.095587299697515,6.062871290107733,six_nations,2025,north
p3_event_50,six_nations_2025,defenders_beaten,stable,position:Back-row,120,15,0.9740553023514046,1.673894934867451,1.743808746126669,0.959907408759986,0.3995032804080376,0.462557170592577,0.5083333333333333,1.0,0.9583333333333334,1.208131855807973,2.3577222634744452,six_nations,2025,north
p3_event_50,six_nations_2025,defenders_beaten,stable,position:Back-three,120,15,1.6154478161220793,2.107397007283073,2.2971815978078096,0.9173837232956039,0.5220469448441106,0.8129519629153656,0.7166666666666667,1.0,2.2916666666666665,2.176782642207343,4.114824390899725,six_nations,2025,north
p3_event_50,six_nations_2025,defenders_beaten,stable,position:Centre,60,15,1.4502757005101814,2.024685856828955,2.1252575426523412,0.9526778831247569,0.5655489534372583,0.5391763591696301,0.6166666666666667,1.0,1.6,1.9185764156200567,2.128226999137717,six_nations,2025,north
p3_event_50,six_nations_2025,defenders_beaten,stable,position:Fly-half,60,15,0.7138210272972799,1.174174953275641,1.132093818077536,1.0371710670318517,0.262454318333055,0.8300621994878412,0.6,1.0,1.05,0.9487791181827953,0.9157421669573542,six_nations,2025,north
p3_event_50,six_nations_2025,defenders_beaten,stable,position:Hooker,60,15,0.6235445120573263,1.0735514063484877,1.2960729620927294,0.8283109344516045,0.08572646600941608,0.8347076669303971,0.35,1.0,0.5333333333333333,0.5362438672331511,0.8548372272558703,six_nations,2025,north
p3_event_50,six_nations_2025,defenders_beaten,stable,position:Prop,120,15,0.40237659459933456,0.788056156948137,0.8868223435952574,0.8886291179282726,0.08412929946813182,0.5682901235258908,0.2,1.0,0.2833333333333333,0.350532282048583,1.0186714078455452,six_nations,2025,north
p3_event_50,six_nations_2025,defenders_beaten,stable,position:Scrum-half,60,15,0.8328473071069225,1.304749076560026,1.5437229423432106,0.8451964020043343,-0.08365237232438219,0.8008292965078123,0.4,1.0,0.7833333333333333,1.0826098763349348,1.2652356622634726,six_nations,2025,north
p3_event_50,six_nations_2025,defenders_beaten,stable,position:Second-row,90,15,0.48875906054368085,0.8647867712318589,0.9260234533903193,0.9338713485773354,0.0024876665106533546,0.928548579697236,0.3333333333333333,1.0,0.4,0.4281007393484573,0.861404906806385,six_nations,2025,north
p3_event_50,six_nations_2025,clean_breaks,stable,all,690,15,0.3076436854686002,0.5906022104507063,0.6090337226304691,0.9697364669723779,0.007577039949585453,0.9936977706424632,0.2028985507246377,1.0,0.27391304347826084,0.26802515955779915,2.148227545640467,six_nations,2025,north
p3_event_50,six_nations_2025,clean_breaks,stable,starter,450,15,0.3911493923319751,0.6934569081759888,0.7139350270228906,0.971316551126094,-0.0017926291426383241,1.0000205759800926,0.26222222222222225,1.0,0.36666666666666664,0.36845171455416126,2.1698295983484774,six_nations,2025,north
p3_event_50,six_nations_2025,clean_breaks,stable,bench,240,15,0.15107048509977244,0.3977496522158014,0.4123437768946789,0.964606899638975,-0.00914081480541627,1.3689596706422766,0.09166666666666666,1.0,0.1,0.07972536893962005,0.6966704834544551,six_nations,2025,north
p3_event_50,six_nations_2025,clean_breaks,stable,zero_minute,5,3,0.11520579304123517,0.23041158608247034,0.23214466610107096,0.9925344827098199,0.0,0.0,0.0,1.0,0.0,0.11520579304123517,0.14400724130154396,six_nations,2025,north
p3_event_50,six_nations_2025,clean_breaks,stable,north,690,15,0.3076436854686002,0.5906022104507063,0.6090337226304691,0.9697364669723779,0.007577039949585453,0.9936977706424632,0.2028985507246377,1.0,0.27391304347826084,0.26802515955779915,2.148227545640467,six_nations,2025,north
p3_event_50,six_nations_2025,clean_breaks,stable,position:Back-row,120,15,0.24046541076003441,0.5329362511401021,0.6413167367460955,0.8310031854838331,-0.010876795566221214,0.8265995841997784,0.10833333333333334,1.0,0.125,0.16438043057783783,0.5757367840784101,six_nations,2025,north
p3_event_50,six_nations_2025,clean_breaks,stable,position:Back-three,120,15,0.7176526018415534,1.1384869570003482,1.1210795256787018,1.015527383136453,0.35250445395964786,0.7105057643256377,0.5583333333333333,1.0,0.8833333333333333,0.74711410663573,1.6346067596217313,six_nations,2025,north
p3_event_50,six_nations_2025,clean_breaks,stable,position:Centre,60,15,0.5715869012037147,0.9884164892940975,0.9725563839826078,1.0163076460889011,0.3209420682855207,0.494686969501538,0.4666666666666667,1.0,0.5666666666666667,0.4967274529764666,0.8702489776025633,six_nations,2025,north
p3_event_50,six_nations_2025,clean_breaks,stable,position:Fly-half,60,15,0.2653823604776803,0.5442099616295274,0.5269388837290785,1.0327762449000228,-0.014936857851528165,1.0946941013582059,0.2,1.0,0.2,0.19634421852173337,0.4622337729181559,six_nations,2025,north
p3_event_50,six_nations_2025,clean_breaks,stable,position:Hooker,60,15,0.1494089439505052,0.34495438323479555,0.338108912564941,1.020246347894008,0.010206050721805443,0.3291807860337108,0.05,1.0,0.05,0.12088782506922897,0.28143224678360246,six_nations,2025,north
p3_event_50,six_nations_2025,clean_breaks,stable,position:Prop,120,15,0.05367593803411207,0.18417870515128115,0.18453804687712524,0.9980527499237956,0.019530096395240913,0.17731843809175452,0.025,1.0,0.025,0.030847912172160312,0.20277962705699007,six_nations,2025,north
p3_event_50,six_nations_2025,clean_breaks,stable,position:Scrum-half,60,15,0.30864263023080285,0.6027419503493199,0.6925005419476286,0.8703848067095132,-0.021071291313012434,0.7656312323683717,0.15,1.0,0.16666666666666666,0.24520676540184808,0.47399424338248436,six_nations,2025,north
p3_event_50,six_nations_2025,clean_breaks,stable,position:Second-row,90,15,0.14619576383653338,0.400265872727946,0.3866096462815293,1.03532303598155,0.0505583929499424,0.17453575012282996,0.05555555555555555,1.0,0.06666666666666667,0.09229211611597085,0.37465785116597833,six_nations,2025,north
p3_event_50,six_nations_2025,offload,stable,all,690,15,0.45206222950977654,0.8799592870073658,0.9201160860783958,0.9563568122776972,0.08381017865714027,0.6453491334643556,0.23333333333333334,1.0,0.32463768115942027,0.37317397671160196,3.8557110483918624,six_nations,2025,north
p3_event_50,six_nations_2025,offload,stable,starter,450,15,0.5631788171960084,1.0358054937181147,1.053088788934703,0.9835879980888678,0.12179856364481444,0.5966620341557898,0.2911111111111111,1.0,0.41555555555555557,0.4923339765138143,3.3157389444027547,six_nations,2025,north
p3_event_50,six_nations_2025,offload,stable,bench,240,15,0.2437186275980921,0.5877476494247116,0.6707922682228197,0.8761992009566174,-0.0030582588701892075,1.04992320214839,0.125,1.0,0.15416666666666667,0.14974897708245383,1.21418849437232,six_nations,2025,north
p3_event_50,six_nations_2025,offload,stable,zero_minute,5,3,0.18579119332805338,0.37158238665610677,0.2843999666215253,1.3065486296297721,0.0,0.0,0.0,1.0,0.0,0.18579119332805338,0.23223899166006673,six_nations,2025,north
p3_event_50,six_nations_2025,offload,stable,north,690,15,0.45206222950977654,0.8799592870073658,0.9201160860783958,0.9563568122776972,0.08381017865714027,0.6453491334643556,0.23333333333333334,1.0,0.32463768115942027,0.37317397671160196,3.8557110483918624,six_nations,2025,north
p3_event_50,six_nations_2025,offload,stable,position:Back-row,120,15,0.4273082537619916,0.8236057792161308,0.8400320452787216,0.9804456673350591,0.12857969351414286,0.4172850735390895,0.24166666666666667,1.0,0.2916666666666667,0.3908286768307961,1.0070497574815371,six_nations,2025,north
p3_event_50,six_nations_2025,offload,stable,position:Back-three,120,15,0.694934902967944,1.2132872500584748,1.1770547417672235,1.0307823476730165,0.3830559033377184,0.40749974646627546,0.4166666666666667,1.0,0.625,0.5937282139690967,1.5810496256877407,six_nations,2025,north
p3_event_50,six_nations_2025,offload,stable,position:Centre,60,15,0.6622162031977357,1.2173950422918345,1.176112908007184,1.0351004856792188,0.23988846999849156,0.35158237315147595,0.31666666666666665,1.0,0.4666666666666667,0.6450215198088736,0.978464748026419,six_nations,2025,north
p3_event_50,six_nations_2025,offload,stable,position:Fly-half,60,15,0.47999596569331965,0.8946337071355298,0.928798949890832,0.9632156746523908,0.048363729781258705,0.6211958955087444,0.21666666666666667,1.0,0.3,0.4050836009028319,0.7882624259509026,six_nations,2025,north
p3_event_50,six_nations_2025,offload,stable,position:Hooker,60,15,0.3379257040284205,0.8082849927027719,0.847543789008331,0.9536793298296788,0.1991072580632023,-0.07529752948629445,0.13333333333333333,1.0,0.18333333333333332,0.20948794518869557,0.5625099858909688,six_nations,2025,north
p3_event_50,six_nations_2025,offload,stable,position:Prop,120,15,0.18381188408642135,0.5224841249921368,0.5126043234336618,1.019273738255455,0.07101045253707129,0.5451450570044564,0.125,1.0,0.125,0.0990370301798177,0.4991999758352657,six_nations,2025,north
p3_event_50,six_nations_2025,offload,stable,position:Scrum-half,60,15,0.6010526909751008,1.0380872599002984,1.2476452809750405,0.8320371789400177,-0.06258836561020582,0.9762449026436889,0.25,1.0,0.4,0.4738445899768676,1.035955542420061,six_nations,2025,north
p3_event_50,six_nations_2025,offload,stable,position:Second-row,90,15,0.336943329223427,0.6949176600138586,0.8812345607072996,0.7885728624352878,0.030044352940800045,0.6522118778255894,0.13333333333333333,1.0,0.2,0.26058348956448846,0.8227170295115559,six_nations,2025,north
p3_event_50,six_nations_2025,runs,stable,all,690,15,2.3427113503261414,1.9022174375233052,2.2380195688355338,0.849955676890283,0.4323006018469495,0.9221471807068377,0.9202898550724637,1.0,5.171014492753623,5.138782604393354,26.259248664201653,six_nations,2025,north
p3_event_50,six_nations_2025,runs,stable,starter,450,15,2.7347015781856734,1.9170661575897767,2.339152495558808,0.8195558695850662,0.46292576055320706,0.9171494770242806,0.9733333333333334,1.0,6.5377777777777775,6.623622614859477,22.043569619641808,six_nations,2025,north
p3_event_50,six_nations_2025,runs,stable,bench,240,15,1.607729673089518,1.8743760873986715,2.0483953312293948,0.9150460649965056,0.17150069936260648,1.034876962953937,0.8208333333333333,1.0,2.6083333333333334,2.354707584769373,7.597927524780598,six_nations,2025,north
p3_event_50,six_nations_2025,runs,stable,zero_minute,5,3,1.9498883815764902,3.8997767631529805,4.403338243875718,0.8856409721821611,0.0,0.0,0.0,1.0,0.0,1.9498883815764902,2.4373604769706128,six_nations,2025,north
p3_event_50,six_nations_2025,runs,stable,north,690,15,2.3427113503261414,1.9022174375233052,2.2380195688355338,0.849955676890283,0.4323006018469495,0.9221471807068377,0.9202898550724637,1.0,5.171014492753623,5.138782604393354,26.259248664201653,six_nations,2025,north
p3_event_50,six_nations_2025,runs,stable,position:Back-row,120,15,2.7315648726035504,2.041179149322368,2.6578118676973843,0.7679923376558474,0.5628347051295816,0.9030139211886113,0.9583333333333334,1.0,6.7,6.796313047745978,5.423261698105249,six_nations,2025,north
p3_event_50,six_nations_2025,runs,stable,position:Back-three,120,15,2.8001482804084654,2.2057401773988894,2.3229252730348766,0.9495527914753426,1.1181610791175147,0.9389348605361268,0.925,1.0,6.966666666666667,6.2288725590715535,7.949516811890841,six_nations,2025,north
p3_event_50,six_nations_2025,runs,stable,position:Centre,60,15,3.1888367459113707,2.157958968618972,1.774254871489383,1.2162621071500803,7.054917777415715,-0.04259320250745148,1.0,1.0,6.75,7.158836609254134,5.222470332842891,six_nations,2025,north
p3_event_50,six_nations_2025,runs,stable,position:Fly-half,60,15,2.0193234302936487,1.9216662690476976,1.9486355381738603,0.9861599213409417,0.8083097935366558,0.7953428590546562,0.9166666666666666,1.0,3.816666666666667,3.7824654347255238,2.999126470645684,six_nations,2025,north
p3_event_50,six_nations_2025,runs,stable,position:Hooker,60,15,2.026835331195183,1.6576274123401789,1.9645754614520106,0.8437585854376052,1.4515966881434341,0.6419704597284229,0.9666666666666667,1.0,4.216666666666667,4.307160768258649,2.9034207428389016,six_nations,2025,north
p3_event_50,six_nations_2025,runs,stable,position:Prop,120,15,1.6482989566774093,1.5032314744095003,2.2752265703711925,0.6606952881023428,-1.0239922538827029,1.3665157799009775,0.8583333333333333,1.0,3.6,3.3837825526008727,3.9524878784905177,six_nations,2025,north
p3_event_50,six_nations_2025,runs,stable,position:Scrum-half,60,15,1.7265862493822346,1.442732486307978,2.459560868895921,0.5865813302500662,-0.27915563355984624,1.0073402532399582,0.9166666666666666,1.0,3.566666666666667,3.8177986910152795,2.7424726208342283,six_nations,2025,north
p3_event_50,six_nations_2025,runs,stable,position:Second-row,90,15,2.4130497017262225,2.130142528627779,2.052180586260372,1.0379898060089705,1.0117777648429815,0.7024134322955174,0.8666666666666667,1.0,4.388888888888889,4.807868085622117,5.648221538219659,six_nations,2025,north
p3_event_50,six_nations_2025,tackles,stable,all,690,15,2.7368805694794465,2.0060176010263784,2.3135069394047574,0.8670895111049491,0.8516288913853715,0.8609576568823254,0.9550724637681159,1.0,6.3594202898550725,6.397284877417041,34.546949211226554,six_nations,2025,north
p3_event_50,six_nations_2025,tackles,stable,starter,450,15,3.034415697790836,1.893598558202446,2.1829561160922566,0.8674469194516864,1.0545409193629518,0.842268581704022,0.9866666666666667,1.0,7.815555555555555,8.0271480891691,25.920362687209554,six_nations,2025,north
p3_event_50,six_nations_2025,tackles,stable,bench,240,15,2.179002203895591,2.216803306321252,2.5582897331156973,0.8665176886049748,0.8416542616227763,0.8342619988987039,0.8958333333333334,1.0,3.629166666666667,3.3412913553819332,11.096125600133274,six_nations,2025,north
p3_event_50,six_nations_2025,tackles,stable,zero_minute,5,3,2.613071565535394,5.226143131070788,5.157570317056731,1.0132955655082934,0.0,0.0,0.0,1.0,0.0,2.613071565535394,3.2663394569192428,six_nations,2025,north
p3_event_50,six_nations_2025,tackles,stable,north,690,15,2.7368805694794465,2.0060176010263784,2.3135069394047574,0.8670895111049491,0.8516288913853715,0.8609576568823254,0.9550724637681159,1.0,6.3594202898550725,6.397284877417041,34.546949211226554,six_nations,2025,north
p3_event_50,six_nations_2025,tackles,stable,position:Back-row,120,15,3.905175777482546,2.465317998592504,2.556041844180781,0.9645061187887736,1.5323086787917628,0.7832468600045134,0.9916666666666667,1.0,9.591666666666667,10.289678005001466,9.942007251257296,six_nations,2025,north
p3_event_50,six_nations_2025,tackles,stable,position:Back-three,120,15,1.7423861276714674,1.6461361786300586,2.057405045271777,0.8001031116420777,0.2913653477001997,0.9696859320549315,0.8916666666666667,1.0,3.5166666666666666,3.326129845084478,3.3887226044290406,six_nations,2025,north
p3_event_50,six_nations_2025,tackles,stable,position:Centre,60,15,2.9523371934633937,1.8853181769192466,2.1618975944716246,0.8720663650953482,2.0983202381057455,0.7667826794291515,1.0,1.0,7.816666666666666,7.457584243840865,4.683158280131674,six_nations,2025,north
p3_event_50,six_nations_2025,tackles,stable,position:Fly-half,60,15,2.4124578781107124,2.3558052563969443,2.6287248757429027,0.8961779447273542,1.025989763163146,0.8408972171268938,0.9166666666666666,1.0,4.716666666666667,4.388975047525441,3.8970391088440333,six_nations,2025,north
p3_event_50,six_nations_2025,tackles,stable,position:Hooker,60,15,2.9575402818164616,2.128954046159884,2.5353901237164265,0.8396948565214177,1.3633763949740392,0.8416290111938809,0.9666666666666667,1.0,6.85,6.519052375871632,4.672842406867294,six_nations,2025,north
p3_event_50,six_nations_2025,tackles,stable,position:Prop,120,15,2.518404361582221,1.7590735933801345,1.9996085349710717,0.8797089843415691,0.26474276921290174,0.9945405089285075,0.9583333333333334,1.0,5.875,5.641054517559511,6.95660870910392,six_nations,2025,north
p3_event_50,six_nations_2025,tackles,stable,position:Scrum-half,60,15,1.9229876040372984,1.5184357985559136,2.1686015582403737,0.7001912328182539,1.2428238647622833,0.6820028089381666,0.9666666666666667,1.0,4.083333333333333,4.164952741167642,2.6773619599703578,six_nations,2025,north
p3_event_50,six_nations_2025,tackles,stable,position:Second-row,90,15,3.2645807054088647,2.293089061710646,2.589736534757417,0.8854526439020338,0.10280729482270579,0.9218572470867359,0.9666666666666667,1.0,7.8,8.34965796439965,6.338982794773655,six_nations,2025,north
p3_event_50,six_nations_2025,missed_tackles,stable,all,690,15,0.8032721637468723,1.1521551008723199,1.255841931304261,0.9174364003563278,0.07981501198983755,0.9981735099211002,0.5811594202898551,1.0,1.0130434782608695,0.9349361178146252,5.628134916291986,six_nations,2025,north
p3_event_50,six_nations_2025,missed_tackles,stable,starter,450,15,0.9142470262396857,1.2139184819655615,1.3352260884767504,0.9091482651828809,0.08010879489149164,0.9978119131064119,0.68,1.0,1.268888888888889,1.1913869521726381,4.667779854007111,six_nations,2025,north
p3_event_50,six_nations_2025,missed_tackles,stable,bench,240,15,0.5951942965728473,1.0363487613224913,1.1069966366058432,0.936180587232889,0.0744533335054176,1.0105467813899225,0.3958333333333333,1.0,0.5333333333333333,0.45409080339335167,2.182859771658309,six_nations,2025,north
p3_event_50,six_nations_2025,missed_tackles,stable,zero_minute,5,3,0.5481428491471864,1.0962856982943727,0.8101591265640236,1.353173299353973,0.0,0.0,0.0,1.0,0.0,0.5481428491471864,0.6851785614339829,six_nations,2025,north
p3_event_50,six_nations_2025,missed_tackles,stable,north,690,15,0.8032721637468723,1.1521551008723199,1.255841931304261,0.9174364003563278,0.07981501198983755,0.9981735099211002,0.5811594202898551,1.0,1.0130434782608695,0.9349361178146252,5.628134916291986,six_nations,2025,north
p3_event_50,six_nations_2025,missed_tackles,stable,position:Back-row,120,15,0.7895007598305313,1.1852092628488673,1.2932467517855433,0.9164602665442522,0.17682129985588643,0.7895817923872915,0.5666666666666667,1.0,0.925,0.9475632636892546,1.609137681224272,six_nations,2025,north
p3_event_50,six_nations_2025,missed_tackles,stable,position:Back-three,120,15,0.8558722899522891,1.2452779633231563,1.3287634779560098,0.9371705228072069,0.2683671070101952,0.8398862441468125,0.6333333333333333,1.0,1.1416666666666666,1.039783144137098,1.6696215139018258,six_nations,2025,north
p3_event_50,six_nations_2025,missed_tackles,stable,position:Centre,60,15,1.272695320013761,1.5915539118829287,1.6877542506510401,0.943000979715499,0.7300821494084309,0.6838246407291493,0.7666666666666667,1.0,1.85,1.637726668342079,1.912039302412501,six_nations,2025,north
p3_event_50,six_nations_2025,missed_tackles,stable,position:Fly-half,60,15,0.9280983464116016,1.21940933965405,1.5031564488412286,0.8112324838802262,0.08553567265534634,1.12973267200647,0.65,1.0,1.3166666666666667,1.0897542617978473,1.361639770884075,six_nations,2025,north
p3_event_50,six_nations_2025,missed_tackles,stable,position:Hooker,60,15,0.6432942952988793,0.944546128912262,0.9953203004184878,0.9489871034631991,-0.20577022252467114,1.277909753871744,0.5,1.0,0.7,0.7087904445368036,0.8975836081642817,six_nations,2025,north
p3_event_50,six_nations_2025,missed_tackles,stable,position:Prop,120,15,0.6511053536635275,1.021723322166707,1.156325929223243,0.8835945786090305,0.12439100906137357,0.9628989809944911,0.5083333333333333,1.0,0.7416666666666667,0.641059622856559,1.3453283829245803,six_nations,2025,north
p3_event_50,six_nations_2025,missed_tackles,stable,position:Scrum-half,60,15,0.8303189453003625,1.158605291091593,1.1926506186922339,0.9714540645289965,0.18207090138258697,1.042166894345455,0.65,1.0,1.1166666666666667,0.8967812836456139,1.3102688700198888,six_nations,2025,north
p3_event_50,six_nations_2025,missed_tackles,stable,position:Second-row,90,15,0.6468441127811546,0.9541652612089228,1.004418848977613,0.949967498300293,0.006404550632033141,0.8954235349830504,0.4666666666666667,1.0,0.7,0.7746004234533495,1.1443029542584933,six_nations,2025,north
p3_event_50,six_nations_2025,rucks_won,stable,all,690,15,1.9654505627335086,1.7439405244909683,2.281533095452678,0.7643722232067617,0.29104425264657996,0.9673320478065979,0.8768115942028986,1.0,3.889855072463768,3.720346935654001,19.502371159433668,six_nations,2025,north
p3_event_50,six_nations_2025,rucks_won,stable,starter,450,15,2.2988115414770385,1.8153067132558585,2.39919852547159,0.7566304722111478,0.2896800080517612,0.9638283662150275,0.9355555555555556,1.0,4.848888888888889,4.730311993971736,16.939222642697544,six_nations,2025,north
p3_event_50,six_nations_2025,rucks_won,stable,bench,240,15,1.340398727589389,1.6101289205567992,2.0609104141672177,0.7812706993415954,-0.09029624813036503,1.1945080018666405,0.7666666666666667,1.0,2.091666666666667,1.8266624513082454,5.772436022213177,six_nations,2025,north
p3_event_50,six_nations_2025,rucks_won,stable,zero_minute,5,3,1.4334778861635402,2.8669557723270804,2.647092242219146,1.0830585072183263,0.0,0.0,0.0,1.0,0.0,1.4334778861635402,1.7918473577044254,six_nations,2025,north
p3_event_50,six_nations_2025,rucks_won,stable,north,690,15,1.9654505627335086,1.7439405244909683,2.281533095452678,0.7643722232067617,0.29104425264657996,0.9673320478065979,0.8768115942028986,1.0,3.889855072463768,3.720346935654001,19.502371159433668,six_nations,2025,north
p3_event_50,six_nations_2025,rucks_won,stable,position:Back-row,120,15,2.717771982414149,2.123528057595501,3.1414840529601453,0.6759633414642202,0.521178704524488,0.9310877991644854,0.9416666666666667,1.0,5.85,5.723221054187744,4.9360274440182765,six_nations,2025,north
p3_event_50,six_nations_2025,rucks_won,stable,position:Back-three,120,15,2.142330317391253,1.9625997479505974,2.2248791527759533,0.8821152130900624,1.1180856511095103,0.8838761850165275,0.8916666666666667,1.0,4.275,3.5716703339297,5.030977061632872,six_nations,2025,north
p3_event_50,six_nations_2025,rucks_won,stable,position:Centre,60,15,2.199372770824505,1.6744844972753463,1.8251693199736985,0.9174406335624119,2.85243273460717,0.40942534772422023,0.9666666666666667,1.0,4.816666666666666,4.797538655038432,3.150798987439314,six_nations,2025,north
p3_event_50,six_nations_2025,rucks_won,stable,position:Fly-half,60,15,1.1859292815989255,1.425506415666498,1.7242936399987914,0.8267190590968585,0.4138805644113854,0.8379483300171473,0.7666666666666667,1.0,1.8666666666666667,1.7337418671453795,1.6291643269183682,six_nations,2025,north
p3_event_50,six_nations_2025,rucks_won,stable,position:Hooker,60,15,1.8030356608368703,1.426964214920376,1.900484473295222,0.7508423430822267,2.006715742471913,0.48019108928422066,0.9666666666666667,1.0,3.716666666666667,3.56098012302484,2.5425457247133476,six_nations,2025,north
p3_event_50,six_nations_2025,rucks_won,stable,position:Prop,120,15,1.6074206469807029,1.4956134565055275,2.4030959670974075,0.6223694255173722,-1.6027960390484708,1.6083868987470475,0.8416666666666667,1.0,3.2666666666666666,3.0275443735014904,3.973431480608301,six_nations,2025,north
p3_event_50,six_nations_2025,rucks_won,stable,position:Scrum-half,60,15,1.1531116457360282,1.4271506537996066,2.0890732866142714,0.6831501139496008,-0.4568115213603543,1.1824250533205722,0.7333333333333333,1.0,1.6666666666666667,1.7958670463415132,1.8574644220018235,six_nations,2025,north
p3_event_50,six_nations_2025,rucks_won,stable,position:Second-row,90,15,2.21745747924454,1.9584851505873713,2.106461021437868,0.9297514317404799,0.8266740725163977,0.742813829417763,0.8666666666666667,1.0,3.922222222222222,4.167327030155319,4.581159099093784,six_nations,2025,north
p3_event_50,six_nations_2025,rucks_lost,stable,all,690,15,0.2536953740433632,0.5692601495138072,0.5832026116418282,0.9760932789913779,-0.016662954339500678,1.1505195854314234,0.14202898550724638,1.0,0.1565217391304348,0.1505273753379822,1.5456090898005006,six_nations,2025,north
p3_event_50,six_nations_2025,rucks_lost,stable,starter,450,15,0.31453040937057597,0.6659179908568783,0.6811165924118073,0.9776857564119655,-0.04574388297552399,1.271837865663014,0.17555555555555555,1.0,0.19777777777777777,0.19147225234275667,1.4226297379767703,six_nations,2025,north
p3_event_50,six_nations_2025,rucks_lost,stable,bench,240,15,0.13962968280483937,0.38802669699554904,0.3996138976981173,0.9710040096970761,-0.06005844915710424,1.8876514953196826,0.07916666666666666,1.0,0.07916666666666666,0.07375573095402999,0.5412794300992395,six_nations,2025,north
p3_event_50,six_nations_2025,rucks_lost,stable,zero_minute,5,3,0.07598108156119408,0.15196216312238817,0.14579717750813598,1.042284670523942,0.0,0.0,0.0,1.0,0.0,0.07598108156119408,0.09497635195149261,six_nations,2025,north
p3_event_50,six_nations_2025,rucks_lost,stable,north,690,15,0.2536953740433632,0.5692601495138072,0.5832026116418282,0.9760932789913779,-0.016662954339500678,1.1505195854314234,0.14202898550724638,1.0,0.1565217391304348,0.1505273753379822,1.5456090898005006,six_nations,2025,north
p3_event_50,six_nations_2025,rucks_lost,stable,position:Back-row,120,15,0.3225072319721506,0.7002481763338456,0.7213114824857719,0.9707985985758354,0.06803058158598256,0.8589992163128521,0.20833333333333334,1.0,0.225,0.18273522889553875,0.7591755755978756,six_nations,2025,north
p3_event_50,six_nations_2025,rucks_lost,stable,position:Back-three,120,15,0.3455225312634846,0.7732837918720461,0.7656038478693896,1.0100312244041474,0.09499406359932909,0.7212604641718483,0.19166666666666668,1.0,0.23333333333333334,0.1918020973086962,0.7823264582040863,six_nations,2025,north
p3_event_50,six_nations_2025,rucks_lost,stable,position:Centre,60,15,0.3931449480497494,0.8373719963903085,0.9082954929531657,0.9219158334340494,-0.5046773409700361,3.8646846399760837,0.25,1.0,0.3,0.2082129373886029,0.604011040093858,six_nations,2025,north
p3_event_50,six_nations_2025,rucks_lost,stable,position:Fly-half,60,15,0.15365996707947296,0.34632889513794224,0.3207394554050843,1.0797826375945523,0.038713261210958694,-0.04193954646149717,0.03333333333333333,1.0,0.03333333333333333,0.12827816062733136,0.2888398863277447,six_nations,2025,north
p3_event_50,six_nations_2025,rucks_lost,stable,position:Hooker,60,15,0.20268638006561462,0.4485882792681955,0.45740077886038966,0.9807335273583259,-0.16206175919659196,2.2618160096195052,0.11666666666666667,1.0,0.11666666666666667,0.12323213943036325,0.3539202409179864,six_nations,2025,north
p3_event_50,six_nations_2025,rucks_lost,stable,position:Prop,120,15,0.16803085248145883,0.4309382834811774,0.4578345594890659,0.94125328582031,0.029111488748904804,0.6473281656585981,0.09166666666666666,1.0,0.09166666666666666,0.0966359587553519,0.47364375422211447,six_nations,2025,north
p3_event_50,six_nations_2025,rucks_lost,stable,position:Scrum-half,60,15,0.17516492809016873,0.41728807507440874,0.4109270968343595,1.0154795784679376,0.03722980409845314,0.4096174056987708,0.08333333333333333,1.0,0.08333333333333333,0.1125526615653251,0.33136769741288147,six_nations,2025,north
p3_event_50,six_nations_2025,rucks_lost,stable,position:Second-row,90,15,0.21381289785298874,0.4586493134425262,0.47997828675971327,0.9555626287572779,-0.1092439881919101,1.5271163561083023,0.1111111111111111,1.0,0.1111111111111111,0.14429489830399914,0.4914334554353726,six_nations,2025,north
p3_event_50,six_nations_2025,passes,stable,all,690,15,3.2806953136277612,2.9963405171056348,4.407362786269258,0.679848848939884,-0.30927922841493904,1.1062126471818594,0.8565217391304348,1.0,7.331884057971014,6.907499481091865,41.5130753263114,six_nations,2025,north
p3_event_50,six_nations_2025,passes,stable,starter,450,15,3.551484885064874,2.6696935982511385,3.215206298433449,0.8303335308692007,-0.6253157244725847,1.1371733580244348,0.9333333333333333,1.0,9.244444444444444,8.679204537523953,34.227966693207826,six_nations,2025,north
p3_event_50,six_nations_2025,passes,stable,bench,240,15,2.772964867183173,3.608803489957815,6.642656200961399,0.543277174187565,1.0041499794244035,0.7646473880088301,0.7125,1.0,3.745833333333333,3.5855525002816973,13.315927913518921,six_nations,2025,north
p3_event_50,six_nations_2025,passes,stable,zero_minute,5,3,7.329155478041497,14.658310956082994,9.96706917028207,1.4706741476008198,0.0,0.0,0.0,1.0,0.0,7.329155478041497,9.161444347551871,six_nations,2025,north
p3_event_50,six_nations_2025,passes,stable,north,690,15,3.2806953136277612,2.9963405171056348,4.407362786269258,0.679848848939884,-0.30927922841493904,1.1062126471818594,0.8565217391304348,1.0,7.331884057971014,6.907499481091865,41.5130753263114,six_nations,2025,north
p3_event_50,six_nations_2025,passes,stable,position:Back-row,120,15,2.0419385965444303,2.153698513910791,2.420822546414437,0.8896556738951013,0.6446381970681072,0.7851807395068953,0.8666666666666667,1.0,3.4916666666666667,3.625953014826292,5.331801773550358,six_nations,2025,north
p3_event_50,six_nations_2025,passes,stable,position:Back-three,120,15,2.8831444539741264,2.6393258672210314,4.993517169439501,0.5285504740774293,1.513878087751431,0.7066222706928355,0.9083333333333333,1.0,5.075,5.039640073552914,8.284371064715343,six_nations,2025,north
p3_event_50,six_nations_2025,passes,stable,position:Centre,60,15,3.5025097769658884,3.28914480448413,4.903653882544069,0.670753867068955,-0.8018567822585578,1.1275882269168462,0.9666666666666667,1.0,6.9,6.830380628678315,6.14379267885272,six_nations,2025,north
p3_event_50,six_nations_2025,passes,stable,position:Fly-half,60,15,8.036883938411155,7.785507887260895,10.052585949515151,0.7744781219837668,6.110764162036212,0.6785925019734279,0.9666666666666667,1.0,16.266666666666666,14.966128383523062,13.760662739377016,six_nations,2025,north
p3_event_50,six_nations_2025,passes,stable,position:Hooker,60,15,1.419843535477638,1.6742853498997665,1.8588877899585232,0.9006919938600083,0.8461161387745483,0.6809650739675573,0.85,1.0,2.2333333333333334,2.0371341315294464,1.8385866708484306,six_nations,2025,north
p3_event_50,six_nations_2025,passes,stable,position:Prop,120,15,0.9389037965809582,1.2382747747885972,1.4945324953630632,0.8285365347561654,0.3192758471519741,0.8732772098016506,0.6916666666666667,1.0,1.4583333333333333,1.3043481192416264,2.2485104168398506,six_nations,2025,north
p3_event_50,six_nations_2025,passes,stable,position:Scrum-half,60,15,10.236726258183234,6.781576716795891,12.84194713007614,0.5280800993887664,-2.8974478885357637,1.1817666724839089,0.9,1.0,33.8,31.053040116119398,15.908490438019074,six_nations,2025,north
p3_event_50,six_nations_2025,passes,stable,position:Second-row,90,15,1.869372602321537,1.9098685842888548,2.1399019117123834,0.8925028637226403,0.5529605203370689,0.9192020695542986,0.8222222222222222,1.0,3.3777777777777778,3.0731189049763623,3.9877828385528113,six_nations,2025,north
p3_event_50,six_nations_2025,bad_passes,stable,all,690,15,0.44785267889613967,0.7753142184975256,0.8604789401912852,0.9010263729698864,-0.03813820382791164,1.0392295823527555,0.2826086956521739,1.0,0.41304347826086957,0.43415015291167214,3.169094748645595,six_nations,2025,north
p3_event_50,six_nations_2025,bad_passes,stable,starter,450,15,0.540512963817158,0.8841433737869778,0.9771388511915227,0.9048287996213167,-0.049856369205760594,1.0603379444360261,0.36,1.0,0.5466666666666666,0.5625782223512777,3.239830584368465,six_nations,2025,north
p3_event_50,six_nations_2025,bad_passes,stable,bench,240,15,0.27411464466923047,0.5712595523298027,0.64174160706584,0.8901706637687181,0.02708215303819713,0.700385735809119,0.1375,1.0,0.1625,0.19334752271241185,1.048395183986644,six_nations,2025,north
p3_event_50,six_nations_2025,bad_passes,stable,zero_minute,5,3,0.27920168153690034,0.5584033630738007,0.4312227480337364,1.2949302086218197,0.0,0.0,0.0,1.0,0.0,0.27920168153690034,0.3490021019211254,six_nations,2025,north
p3_event_50,six_nations_2025,bad_passes,stable,north,690,15,0.44785267889613967,0.7753142184975256,0.8604789401912852,0.9010263729698864,-0.03813820382791164,1.0392295823527555,0.2826086956521739,1.0,0.41304347826086957,0.43415015291167214,3.169094748645595,six_nations,2025,north
p3_event_50,six_nations_2025,bad_passes,stable,position:Back-row,120,15,0.390756268480054,0.7604589690261156,0.7924097590307803,0.9596789544291522,0.026394991962359882,0.7229580753836141,0.2,1.0,0.24166666666666667,0.2977650876782587,0.8808633885853786,six_nations,2025,north
p3_event_50,six_nations_2025,bad_passes,stable,position:Back-three,120,15,0.5902278715845465,1.015767751332103,1.1633236746255369,0.8731600443522902,0.13254828886582343,0.824760019077111,0.39166666666666666,1.0,0.5583333333333333,0.51625325503042,1.1361577279191095,six_nations,2025,north
p3_event_50,six_nations_2025,bad_passes,stable,position:Centre,60,15,0.6096923597316855,1.0795949053277358,0.9850533737823643,1.0959760496858715,0.3050664612072665,0.19797310584253777,0.35,1.0,0.43333333333333335,0.6479004892113303,0.9774625458274702,six_nations,2025,north
p3_event_50,six_nations_2025,bad_passes,stable,position:Fly-half,60,15,0.7995459709304968,1.1941146081037735,1.4845684617471597,0.8043513242214799,-0.13430337968525108,1.3604608640494573,0.5833333333333334,1.0,1.1,0.9072685678081952,1.330086344410712,six_nations,2025,north
p3_event_50,six_nations_2025,bad_passes,stable,position:Hooker,60,15,0.30381585823497076,0.6179700527379745,0.7032019653923157,0.8787945471585955,0.012024519840576791,1.0564304349379943,0.21666666666666667,1.0,0.21666666666666667,0.1937109534695497,0.4517459151909659,six_nations,2025,north
p3_event_50,six_nations_2025,bad_passes,stable,position:Prop,120,15,0.18364046688173738,0.4101219820907629,0.4675410396815193,0.8771892674280118,-0.03956912495097004,1.2436868614171965,0.10833333333333334,1.0,0.10833333333333334,0.11892258644251229,0.5131339545614952,six_nations,2025,north
p3_event_50,six_nations_2025,bad_passes,stable,position:Scrum-half,60,15,0.64139363867626,0.7915455329105007,0.8779097738565503,0.9016251515612338,-0.1766433908078064,1.0448682002186125,0.4666666666666667,1.0,0.9,1.030410716473663,0.7965850286057048,six_nations,2025,north
p3_event_50,six_nations_2025,bad_passes,stable,position:Second-row,90,15,0.31107251055967833,0.5734606724957316,0.6654835271638114,0.8617203117554734,-0.16511225813859115,1.5278243262711686,0.15555555555555556,1.0,0.18888888888888888,0.2317027821460735,0.6805941092472463,six_nations,2025,north
p3_event_50,six_nations_2025,turnovers_conceded,stable,all,690,15,0.5873907138431861,0.9554946180266821,0.9344775877379036,1.022490673467787,0.013241583927373067,0.9310536269715796,0.3898550724637681,1.0,0.5710144927536231,0.5990771021863769,2.7551291169192873,six_nations,2025,north
p3_event_50,six_nations_2025,turnovers_conceded,stable,starter,450,15,0.7087269134076443,1.0832355359196597,1.0592593397359724,1.0226348688033882,0.06173351231025037,0.890003064881074,0.4955555555555556,1.0,0.76,0.7845663854911041,2.4539394933369274,six_nations,2025,north
p3_event_50,six_nations_2025,turnovers_conceded,stable,bench,240,15,0.359885339659827,0.7159803969773489,0.7005118027415244,1.0220818466944976,0.08675506787724414,0.5169896967962804,0.19166666666666668,1.0,0.21666666666666667,0.25128469599001335,1.158529412990552,six_nations,2025,north
p3_event_50,six_nations_2025,turnovers_conceded,stable,zero_minute,5,3,0.3128994298026046,0.6257988596052092,0.5631049679780645,1.1113360655514353,0.0,0.0,0.0,1.0,0.0,0.3128994298026046,0.39112428725325576,six_nations,2025,north
p3_event_50,six_nations_2025,turnovers_conceded,stable,north,690,15,0.5873907138431861,0.9554946180266821,0.9344775877379036,1.022490673467787,0.013241583927373067,0.9310536269715796,0.3898550724637681,1.0,0.5710144927536231,0.5990771021863769,2.7551291169192873,six_nations,2025,north
p3_event_50,six_nations_2025,turnovers_conceded,stable,position:Back-row,120,15,0.5795435860271271,0.9644290042193958,0.9183384259304816,1.0501890991245566,0.2619843459911398,0.4111168761143297,0.39166666666666666,1.0,0.48333333333333334,0.5384089055994807,1.0529011462871118,six_nations,2025,north
p3_event_50,six_nations_2025,turnovers_conceded,stable,position:Back-three,120,15,0.8613508865441893,1.2298343410702244,1.217916703055199,1.0097852652690693,0.13739817993676176,0.9749118218738557,0.5916666666666667,1.0,1.075,0.9617298703600655,1.425206766041485,six_nations,2025,north
p3_event_50,six_nations_2025,turnovers_conceded,stable,position:Centre,60,15,0.658511866303562,1.0439833691015126,0.9316024420365454,1.120631851092291,0.7651404437154588,-0.15023230880078006,0.5166666666666667,1.0,0.6333333333333333,0.8773552868505283,0.9788230174265643,six_nations,2025,north
p3_event_50,six_nations_2025,turnovers_conceded,stable,position:Fly-half,60,15,0.6663355103366884,0.973425000094782,0.9681511786034308,1.0054473119569598,-0.1129903225895449,1.235032668538438,0.5166666666666667,1.0,0.8333333333333334,0.766233703795687,1.083949778461051,six_nations,2025,north
p3_event_50,six_nations_2025,turnovers_conceded,stable,position:Hooker,60,15,0.4660361961717661,0.7922829268824786,0.8255369326166287,0.9597183306763175,-0.20492678891264873,1.635723348314665,0.3,1.0,0.36666666666666664,0.3494438446258318,0.6726780992382745,six_nations,2025,north
p3_event_50,six_nations_2025,turnovers_conceded,stable,position:Prop,120,15,0.291084514903167,0.5788872994650123,0.5793977707997636,0.9991189622044166,0.03109138529438341,0.6070247165253693,0.15,1.0,0.15833333333333333,0.2096157612284511,0.5897117601614343,six_nations,2025,north
p3_event_50,six_nations_2025,turnovers_conceded,stable,position:Scrum-half,60,15,0.5688755020300262,0.8763787590647877,0.8903511326023821,0.9843068953068494,0.0021164362186623215,0.8848250934964009,0.45,1.0,0.65,0.7322165347065546,0.9280333725463927,six_nations,2025,north
p3_event_50,six_nations_2025,turnovers_conceded,stable,position:Second-row,90,15,0.620850772937087,1.1705445084360115,1.133029849037344,1.033110036271808,0.3017203065449213,0.26512497380539013,0.28888888888888886,1.0,0.43333333333333335,0.49641882052582537,1.1838778363941498,six_nations,2025,north
p3_event_50,six_nations_2025,penalties_conceded,stable,all,690,15,0.5031274423320145,0.8935778262844731,0.899314945358023,0.9936205674072659,0.11637580087765559,0.650232542154115,0.33043478260869563,1.0,0.4115942028985507,0.4540197281466178,2.15642644369772,six_nations,2025,north
p3_event_50,six_nations_2025,penalties_conceded,stable,starter,450,15,0.573468652455164,0.9921196294200328,0.9837106014120107,1.0085482742545946,0.1871359389617795,0.5523858177855184,0.38666666666666666,1.0,0.49333333333333335,0.5543179866548369,1.9866448066094804,six_nations,2025,north
p3_event_50,six_nations_2025,penalties_conceded,stable,bench,240,15,0.37123767335110924,0.7088119454052989,0.741073090256796,0.9564669864880426,0.007194529463168115,0.9442710855976097,0.225,1.0,0.25833333333333336,0.26596049344370687,0.9954773929139296,six_nations,2025,north
p3_event_50,six_nations_2025,penalties_conceded,stable,zero_minute,5,3,0.19649841926987452,0.39299683853974904,0.46365591675833534,0.847604493624062,0.0,0.0,0.0,1.0,0.0,0.19649841926987452,0.24562302408734316,six_nations,2025,north
p3_event_50,six_nations_2025,penalties_conceded,stable,north,690,15,0.5031274423320145,0.8935778262844731,0.899314945358023,0.9936205674072659,0.11637580087765559,0.650232542154115,0.33043478260869563,1.0,0.4115942028985507,0.4540197281466178,2.15642644369772,six_nations,2025,north
p3_event_50,six_nations_2025,penalties_conceded,stable,position:Back-row,120,15,0.5681901137687582,0.9377537942793494,0.964739789827563,0.9720276951020781,0.06997899555557999,0.9032667306057944,0.43333333333333335,1.0,0.5416666666666666,0.5222019754837416,0.967085345252403,six_nations,2025,north
p3_event_50,six_nations_2025,penalties_conceded,stable,position:Back-three,120,15,0.4260516270291149,0.9020402080091205,0.8250841665000228,1.0932705348540894,0.21493223753112634,0.3505850045851047,0.24166666666666667,1.0,0.30833333333333335,0.26641497662668495,0.7728371495786217,six_nations,2025,north
p3_event_50,six_nations_2025,penalties_conceded,stable,position:Centre,60,15,0.5095227818671193,0.8789644697342516,0.8396670856448206,1.0468011486472077,0.32513091259224325,0.1387554693270239,0.35,1.0,0.38333333333333336,0.41946037171274647,0.8969426674933102,six_nations,2025,north
p3_event_50,six_nations_2025,penalties_conceded,stable,position:Fly-half,60,15,0.3097812002262886,0.6496862615528622,0.7146758786597942,0.9090642079192534,0.14004636133923706,0.2082538192321254,0.18333333333333332,1.0,0.18333333333333332,0.20785679779465396,0.4836515625095797,six_nations,2025,north
p3_event_50,six_nations_2025,penalties_conceded,stable,position:Hooker,60,15,0.4653337424602073,0.8063341401424904,0.842840342703788,0.9566866929456798,-0.0961812614841588,1.0284435933307086,0.2833333333333333,1.0,0.3333333333333333,0.41763553937505704,0.6112993932696613,six_nations,2025,north
p3_event_50,six_nations_2025,penalties_conceded,stable,position:Prop,120,15,0.6437213421335668,1.0636437676138764,1.0831945949657726,0.9819507709484887,0.1872296193141927,0.4365808941176494,0.39166666666666666,1.0,0.5083333333333333,0.7354964872388801,1.3643223308188033,six_nations,2025,north
p3_event_50,six_nations_2025,penalties_conceded,stable,position:Scrum-half,60,15,0.3588894221558785,0.676919419168687,0.7069132859889763,0.9575706562392194,-0.2562704868578731,1.945106260995627,0.2,1.0,0.23333333333333334,0.25171057746767855,0.5722785715221704,six_nations,2025,north
p3_event_50,six_nations_2025,penalties_conceded,stable,position:Second-row,90,15,0.5776748494971955,0.971576781245639,0.9946587840221116,0.9767940492284845,0.05414728501791186,0.9153016162631117,0.43333333333333335,1.0,0.5888888888888889,0.584224472424903,1.0736269213701195,six_nations,2025,north
p3_event_50,six_nations_2025,yellow_cards,stable,all,690,15,0.04621836924934216,0.11131685691131475,0.10903492680944461,1.02092843246328,0.016647722533570494,0.26940743683999613,0.02318840579710145,1.0,0.02318840579710145,0.024278035306855784,0.6666078023460188,six_nations,2025,north
p3_event_50,six_nations_2025,yellow_cards,stable,starter,450,15,0.052121809806195914,0.11688797639488706,0.11361035868844609,1.0288496378699867,0.017467155149666704,0.23877701260913275,0.024444444444444446,1.0,0.024444444444444446,0.029220942244550324,0.5386013033111343,six_nations,2025,north
p3_event_50,six_nations_2025,yellow_cards,stable,bench,240,15,0.035149418205241395,0.10087100787961668,0.10045599203631686,1.004131319943063,0.013315755744041879,0.5008351178637778,0.020833333333333332,1.0,0.020833333333333332,0.015010084798678514,0.2596889615354451,six_nations,2025,north
p3_event_50,six_nations_2025,yellow_cards,stable,zero_minute,5,3,0.010805341476298313,0.010865548647329132,0.012853884955545394,0.8453124238241717,0.0,0.0,0.0,1.0,0.0,0.010805341476298313,0.01350667684537289,six_nations,2025,north
p3_event_50,six_nations_2025,yellow_cards,stable,north,690,15,0.04621836924934216,0.11131685691131475,0.10903492680944461,1.02092843246328,0.016647722533570494,0.26940743683999613,0.02318840579710145,1.0,0.02318840579710145,0.024278035306855784,0.6666078023460188,six_nations,2025,north
p3_event_50,six_nations_2025,yellow_cards,stable,position:Back-row,120,15,0.051504141785931844,0.12900239682727474,0.12057817954900812,1.0698651887910005,0.04050569655992959,-0.561830270770015,0.025,1.0,0.025,0.02759854241865307,0.18609838707975168,six_nations,2025,north
p3_event_50,six_nations_2025,yellow_cards,stable,position:Back-three,120,15,0.04561198017094671,0.11512066845631873,0.11240131370129317,1.0241932648781336,0.018520312818804487,0.2967748274845864,0.025,1.0,0.025,0.02183368190663697,0.1690455712126922,six_nations,2025,north
p3_event_50,six_nations_2025,yellow_cards,stable,position:Centre,60,15,0.02514729390881948,0.025591198315966093,0.016163686658793926,1.5832525621277795,0.0,0.0,0.0,1.0,0.0,0.02514729390881948,0.05029458781763896,six_nations,2025,north
p3_event_50,six_nations_2025,yellow_cards,stable,position:Fly-half,60,15,0.03338677045063123,0.08027618372605196,0.08217676592251472,0.9768720248950313,0.006943874982772609,0.5561075808559491,0.016666666666666666,1.0,0.016666666666666666,0.01748365247768955,0.06590098575767964,six_nations,2025,north
p3_event_50,six_nations_2025,yellow_cards,stable,position:Hooker,60,15,0.07531957177598604,0.19532145126782183,0.20823696668991765,0.937976836546375,-0.010192728237612232,2.0431611097766638,0.05,1.0,0.05,0.029460588276463338,0.1432466295599864,six_nations,2025,north
p3_event_50,six_nations_2025,yellow_cards,stable,position:Prop,120,15,0.047156833547199545,0.11565607282834041,0.11681058556322599,0.9901163689119538,0.018360552196865453,0.28378381776336925,0.025,1.0,0.025,0.023396146600123586,0.1729066614037757,six_nations,2025,north
p3_event_50,six_nations_2025,yellow_cards,stable,position:Scrum-half,60,15,0.017310078583780388,0.01750064409559511,0.016169689602526717,1.0823116909344022,0.0,0.0,0.0,1.0,0.0,0.017310078583780388,0.03462015716756077,six_nations,2025,north
p3_event_50,six_nations_2025,yellow_cards,stable,position:Second-row,90,15,0.06120108042670769,0.16126406723387784,0.15438292787187025,1.044571893128744,0.05277507900774143,-0.6606988119664745,0.03333333333333333,1.0,0.03333333333333333,0.029426033954174317,0.1692791896643087,six_nations,2025,north
p3_event_50,six_nations_2025,red_cards,stable,all,690,15,0.006154393372224368,0.030919790656714297,0.0431242538051795,0.7169930590891901,0.0047855572133633515,-0.2406696343640368,0.004347826086956522,1.0,0.004347826086956522,0.0018188049670807987,0.13225600984847072,six_nations,2025,north
p3_event_50,six_nations_2025,red_cards,stable,starter,450,15,0.0067008285366425965,0.031307281369587325,0.029521009528575122,1.0605084944430225,0.005059947911788784,-0.2710093469656888,0.0044444444444444444,1.0,0.0044444444444444444,0.002271152173294838,0.09501651336383497,six_nations,2025,north
p3_event_50,six_nations_2025,red_cards,stable,bench,240,15,0.005129827438940193,0.030193245570077368,0.06863033682381266,0.4399402212987715,0.004356960438887633,-0.1960469755019653,0.004166666666666667,1.0,0.004166666666666667,0.0009706539554294759,0.039882140764804674,six_nations,2025,north
p3_event_50,six_nations_2025,red_cards,stable,zero_minute,5,3,0.0004874148320392891,0.0004876037373510155,0.0008400515382311031,0.580445026477498,0.0,0.0,0.0,1.0,0.0,0.0004874148320392891,0.0006092685400491114,six_nations,2025,north
p3_event_50,six_nations_2025,red_cards,stable,north,690,15,0.006154393372224368,0.030919790656714297,0.0431242538051795,0.7169930590891901,0.0047855572133633515,-0.2406696343640368,0.004347826086956522,1.0,0.004347826086956522,0.0018188049670807987,0.13225600984847072,six_nations,2025,north
p3_event_50,six_nations_2025,red_cards,stable,position:Back-row,120,15,0.0022230397823988822,0.002229493339118593,0.005500304229948018,0.40534000410003923,0.0,0.0,0.0,1.0,0.0,0.0022230397823988822,0.008892159129595529,six_nations,2025,north
p3_event_50,six_nations_2025,red_cards,stable,position:Back-three,120,15,0.0007788091509382327,0.0007795085275095127,0.0033841254961507823,0.23034267742025283,0.0,0.0,0.0,1.0,0.0,0.0007788091509382327,0.0031152366037529313,six_nations,2025,north
p3_event_50,six_nations_2025,red_cards,stable,position:Centre,60,15,0.01956472735473052,0.103046190465729,0.09529219952661455,1.0813706785826558,0.019151812394919122,-0.8338844290044188,0.016666666666666666,1.0,0.016666666666666666,0.0029802040208611333,0.03907887736857322,six_nations,2025,north
p3_event_50,six_nations_2025,red_cards,stable,position:Fly-half,60,15,0.01730241768984735,0.11832220608169498,0.0964750215977864,1.2264543103705288,0.01180707584979352,7.314603702571384,0.016666666666666666,1.0,0.016666666666666666,0.0006643682986085552,0.03455306216273241,six_nations,2025,north
p3_event_50,six_nations_2025,red_cards,stable,position:Hooker,60,15,0.0013337437117206595,0.0013364392151627871,0.0008396807598624864,1.5916039512226698,0.0,0.0,0.0,1.0,0.0,0.0013337437117206595,0.0026674874234413185,six_nations,2025,north
p3_event_50,six_nations_2025,red_cards,stable,position:Prop,120,15,0.0024900396848896037,0.002500107228078555,0.0029537772524901307,0.8464102111866705,0.0,0.0,0.0,1.0,0.0,0.0024900396848896037,0.009960158739558413,six_nations,2025,north
p3_event_50,six_nations_2025,red_cards,stable,position:Scrum-half,60,15,0.017546721682597133,0.1177967668168933,0.2694802845882615,0.4371257325814198,0.016758572435498234,-0.10099227081545388,0.016666666666666666,1.0,0.016666666666666666,0.0009100277485542599,0.03505064710142348,six_nations,2025,north
p3_event_50,six_nations_2025,red_cards,stable,position:Second-row,90,15,0.0026960907368207615,0.0027051811888806963,0.006776878886574253,0.3991780337464728,0.0,0.0,0.0,1.0,0.0,0.0026960907368207615,0.008088272210462285,six_nations,2025,north
p3_event_50,six_nations_2025,metres,stable,all,690,15,11.48293829231762,1.3271715243957074,1.5321129082242182,0.8662361091480874,-0.66403014521168,0.9949163530966191,0.8072463768115942,1.0,17.723188405797103,18.481170295150605,96.335756113846,six_nations,2025,north
p3_event_50,six_nations_2025,metres,stable,starter,450,15,14.265659298247378,1.2176944897258495,1.43718744585429,0.8472760412974732,-1.6643920810313506,1.019487985887871,0.8933333333333333,1.0,23.66888888888889,24.849023549657172,85.56214156943716,six_nations,2025,north
p3_event_50,six_nations_2025,metres,stable,bench,240,15,6.26533640619932,1.532440964401691,1.7100981501678343,0.8961128717970326,-0.02662766217743988,1.0092001408177307,0.6458333333333334,1.0,6.575,6.541445442950787,22.467037190409407,six_nations,2025,north
p3_event_50,six_nations_2025,metres,stable,zero_minute,5,3,8.718344212463231,4.982221868512201,4.955477415745271,1.0053969477657094,0.0,0.0,0.0,1.0,0.0,8.718344212463231,10.897930265579038,six_nations,2025,north
p3_event_50,six_nations_2025,metres,stable,north,690,15,11.48293829231762,1.3271715243957074,1.5321129082242182,0.8662361091480874,-0.66403014521168,0.9949163530966191,0.8072463768115942,1.0,17.723188405797103,18.481170295150605,96.335756113846,six_nations,2025,north
p3_event_50,six_nations_2025,metres,stable,position:Back-row,120,15,13.461192322052318,1.3270057227789906,1.733226791782827,0.765627284940599,-1.1914616118602477,1.0712509463342255,0.8833333333333333,1.0,19.45,19.26855857863596,26.566865208946602,six_nations,2025,north
p3_event_50,six_nations_2025,metres,stable,position:Back-three,120,15,23.93828338339621,1.5066789739075728,1.7433235326134577,0.8642566601787762,6.837814580441583,0.8783729808322127,0.9,1.0,41.71666666666667,39.70847561041689,63.966173861292305,six_nations,2025,north
p3_event_50,six_nations_2025,metres,stable,position:Centre,60,15,16.453356728016765,0.835194104340365,0.7925392278077051,1.0538205240018848,15.648390433738134,0.38837656561635786,1.0,1.0,27.45,30.387027980260807,26.296536395865044,six_nations,2025,north
p3_event_50,six_nations_2025,metres,stable,position:Fly-half,60,15,10.421447896717762,1.8244255816161854,2.1342371673084766,0.854837320594974,-2.4894851726973863,1.0579274051154428,0.7833333333333333,1.0,14.55,16.106478658465242,16.59284006610421,six_nations,2025,north
p3_event_50,six_nations_2025,metres,stable,position:Hooker,60,15,6.570643346639086,1.4699414368719086,1.4881093551884759,0.9877912747116181,2.4364435149412076,0.590700383960212,0.8166666666666667,1.0,8.55,10.349674134409545,10.367009343079182,six_nations,2025,north
p3_event_50,six_nations_2025,metres,stable,position:Prop,120,15,3.03337732306976,0.7937841098801958,1.1467748401176918,0.6921882850156801,-0.04832910755277403,0.9173266846737814,0.625,1.0,3.8583333333333334,4.258747190239419,7.6181717314590305,six_nations,2025,north
p3_event_50,six_nations_2025,metres,stable,position:Scrum-half,60,15,8.54863951047623,1.6339026352668429,1.7065573987959262,0.9574261237387355,-4.15302887720476,1.0578506414352087,0.7666666666666667,1.0,12.916666666666666,16.136205694135235,12.131192080886489,six_nations,2025,north
p3_event_50,six_nations_2025,metres,stable,position:Second-row,90,15,6.129331215177468,1.4960474395478773,1.50080331096665,0.9968311161202665,1.4609201210205356,0.6198061636424907,0.7333333333333333,1.0,6.866666666666666,8.72167277891772,12.41043927421565,six_nations,2025,north
p3_event_50,six_nations_2025,dominant_tackles,extended,all,690,15,0.35962241023864316,0.7364189394032352,0.7720266922957512,0.95387756246273,0.009005316136925087,0.9040973338590463,0.18985507246376812,1.0,0.2391304347826087,0.2545357784248939,3.1088847351212916,six_nations,2025,north
p3_event_50,six_nations_2025,dominant_tackles,extended,starter,450,15,0.43895274207284635,0.8355403610161269,0.8739086689716514,0.9560957462515238,-0.020287809176131384,0.96324871165056,0.2311111111111111,1.0,0.29777777777777775,0.33020089526919044,2.600383840228366,six_nations,2025,north
p3_event_50,six_nations_2025,dominant_tackles,extended,bench,240,15,0.21087803804951236,0.550566273879063,0.5809979860284382,0.9476216563892087,0.0031708487887251646,1.11833567856393,0.1125,1.0,0.12916666666666668,0.11266368434183774,0.9389655504914444,six_nations,2025,north
p3_event_50,six_nations_2025,dominant_tackles,extended,zero_minute,5,3,0.08408543183865995,0.1681708636773199,0.2008139479910999,0.8374461304090952,0.0,0.0,0.0,1.0,0.0,0.08408543183865995,0.10510678979832494,six_nations,2025,north
p3_event_50,six_nations_2025,dominant_tackles,extended,north,690,15,0.35962241023864316,0.7364189394032352,0.7720266922957512,0.95387756246273,0.009005316136925087,0.9040973338590463,0.18985507246376812,1.0,0.2391304347826087,0.2545357784248939,3.1088847351212916,six_nations,2025,north
p3_event_50,six_nations_2025,dominant_tackles,extended,position:Back-row,120,15,0.5289447440348016,0.9525809495210932,1.032686287132234,0.9224301333238452,0.04348088850084258,0.9230859772643725,0.3333333333333333,1.0,0.44166666666666665,0.4313636952279078,1.3164216026847975,six_nations,2025,north
p3_event_50,six_nations_2025,dominant_tackles,extended,position:Back-three,120,15,0.31896152330292077,0.6947462652429776,0.7706762086099722,0.9014762068444471,0.0237887375280505,0.9276077021586067,0.175,1.0,0.20833333333333334,0.19894681272679715,0.7364887127041887,six_nations,2025,north
p3_event_50,six_nations_2025,dominant_tackles,extended,position:Centre,60,15,0.49755616233337274,0.9930259452904234,1.0010613151752203,0.9919731491338366,0.22660714036112892,0.5814867347584093,0.31666666666666665,1.0,0.4,0.2981888481272247,0.7575994880493397,six_nations,2025,north
p3_event_50,six_nations_2025,dominant_tackles,extended,position:Fly-half,60,15,0.1604433108728623,0.4729656316565054,0.41487880894044593,1.1400091339068552,0.08406334584850766,-0.1651207651969301,0.05,1.0,0.06666666666666667,0.10535730718721519,0.31592115547424593,six_nations,2025,north
p3_event_50,six_nations_2025,dominant_tackles,extended,position:Hooker,60,15,0.3624583768240131,0.7437066420885955,0.8374454834750732,0.8880657389212991,-0.29480618538527403,2.478391883619965,0.2,1.0,0.25,0.2198224538201458,0.5717917788187076,six_nations,2025,north
p3_event_50,six_nations_2025,dominant_tackles,extended,position:Prop,120,15,0.2698180801719128,0.5761791325198663,0.5930018378584029,0.9716312762211817,-0.0688710879676489,0.9194779000765134,0.09166666666666666,1.0,0.11666666666666667,0.20178598595885364,0.7849274201991681,six_nations,2025,north
p3_event_50,six_nations_2025,dominant_tackles,extended,position:Scrum-half,60,15,0.25725136004207866,0.6529322623997597,0.7545549971472016,0.8653209704638442,0.027353382037390215,1.0592345213782246,0.13333333333333333,1.0,0.16666666666666666,0.1315226060117533,0.4481609556969978,six_nations,2025,north
p3_event_50,six_nations_2025,dominant_tackles,extended,position:Second-row,90,15,0.4149998751018666,0.7727830847560313,0.7184251263079858,1.075662663313842,0.1048798412756696,0.3464307283911263,0.18888888888888888,1.0,0.2222222222222222,0.33871816594188203,0.8060498803585955,six_nations,2025,north
p3_event_50,six_nations_2025,tackle_turnover,extended,all,690,15,0.19431260870940992,0.4701958168518215,0.47433934406122436,0.9912646351999255,0.017050279949574823,0.7007021847730349,0.0927536231884058,1.0,0.10289855072463767,0.12251748694471393,1.4329999140978475,six_nations,2025,north
p3_event_50,six_nations_2025,tackle_turnover,extended,starter,450,15,0.2556051833496604,0.6021743770435455,0.5989398227790131,1.0054004661929548,0.05329757636248738,0.5390627145437936,0.12444444444444444,1.0,0.14,0.16083921461881936,1.2562475109757971,six_nations,2025,north
p3_event_50,six_nations_2025,tackle_turnover,extended,bench,240,15,0.07938903125894022,0.2227360164923388,0.24071344646537057,0.9253160542669641,-0.02024655234227392,1.0575482368830573,0.03333333333333333,1.0,0.03333333333333333,0.050664247555766234,0.4456739026668729,six_nations,2025,north
p3_event_50,six_nations_2025,tackle_turnover,extended,zero_minute,5,3,0.057410185300915614,0.11482037060183123,0.10172792862964583,1.1287005657988987,0.0,0.0,0.0,1.0,0.0,0.057410185300915614,0.07176273162614452,six_nations,2025,north
p3_event_50,six_nations_2025,tackle_turnover,extended,north,690,15,0.19431260870940992,0.4701958168518215,0.47433934406122436,0.9912646351999255,0.017050279949574823,0.7007021847730349,0.0927536231884058,1.0,0.10289855072463767,0.12251748694471393,1.4329999140978475,six_nations,2025,north
p3_event_50,six_nations_2025,tackle_turnover,extended,position:Back-row,120,15,0.234485900302041,0.4860172106554936,0.48440438661914204,1.0033294992384527,-0.01747139688137607,0.8188533580244917,0.10833333333333334,1.0,0.11666666666666667,0.1638120699311227,0.6484910311170964,six_nations,2025,north
p3_event_50,six_nations_2025,tackle_turnover,extended,position:Back-three,120,15,0.2355139895930157,0.5419812662009299,0.5417526359086112,1.0004220197137301,0.024089674545523514,0.8258372540153774,0.13333333333333333,1.0,0.14166666666666666,0.14237307841158947,0.5594001102385701,six_nations,2025,north
p3_event_50,six_nations_2025,tackle_turnover,extended,position:Centre,60,15,0.30813017051372926,0.6418206969442247,0.644011278876717,0.9965985348326304,-0.13928159980745042,1.4399298974868466,0.15,1.0,0.16666666666666666,0.21247441768387315,0.5101693185475785,six_nations,2025,north
p3_event_50,six_nations_2025,tackle_turnover,extended,position:Fly-half,60,15,0.12489120542648657,0.33972970733985147,0.3463688933416833,0.9808320373755894,0.07431871864095749,-0.43486591296202776,0.03333333333333333,1.0,0.03333333333333333,0.0942483282454998,0.23386081391389432,six_nations,2025,north
p3_event_50,six_nations_2025,tackle_turnover,extended,position:Hooker,60,15,0.15294604086240937,0.4621945277392755,0.47342321448304575,0.9762819261914915,-0.09617848552716965,2.1916798539637226,0.05,1.0,0.08333333333333333,0.0819060404902889,0.29494408061164495,six_nations,2025,north
p3_event_50,six_nations_2025,tackle_turnover,extended,position:Prop,120,15,0.11832989251336867,0.39085496224449917,0.3970986820214595,0.9842766544951088,0.037193394784935704,0.7239476551759558,0.075,1.0,0.075,0.05222284366108678,0.38260475062412863,six_nations,2025,north
p3_event_50,six_nations_2025,tackle_turnover,extended,position:Scrum-half,60,15,0.1647207951313167,0.430476566389656,0.4352217145981231,0.989097170363274,0.07618451585231338,0.07288914978276408,0.08333333333333333,1.0,0.08333333333333333,0.09807793755759214,0.2854299977534861,six_nations,2025,north
p3_event_50,six_nations_2025,tackle_turnover,extended,position:Second-row,90,15,0.2048314822716143,0.4635490114540632,0.4729106308707235,0.9802042525467789,0.005360691024324392,0.6910386736945371,0.07777777777777778,1.0,0.1,0.1369522612529055,0.4991868530520181,six_nations,2025,north
p3_event_50,six_nations_2025,tackle_try_saver,extended,all,690,15,0.04492087503337932,0.17055267252946632,0.18298782071754832,0.9320438478401449,0.0006157868475547463,0.9539198893495969,0.021739130434782608,1.0,0.02318840579710145,0.02366301321690353,0.7583830277683566,six_nations,2025,north
p3_event_50,six_nations_2025,tackle_try_saver,extended,starter,450,15,0.051330931545176706,0.1644467574194494,0.17924814931733102,0.9174251340711024,-0.008911825126312571,1.125541367134032,0.024444444444444446,1.0,0.024444444444444446,0.02963575621897587,0.5431910430059937,six_nations,2025,north
p3_event_50,six_nations_2025,tackle_try_saver,extended,bench,240,15,0.032902019073759205,0.18200126336074815,0.1899997045929557,0.9579028754316069,0.019784627546922305,0.08413797195513031,0.016666666666666666,1.0,0.020833333333333332,0.012464120088017883,0.25121284765187746,six_nations,2025,north
p3_event_50,six_nations_2025,tackle_try_saver,extended,zero_minute,5,3,0.009889458536875246,0.019778917073750492,0.020966714444975314,0.9433484261760678,0.0,0.0,0.0,1.0,0.0,0.009889458536875246,0.012361823171094057,six_nations,2025,north
p3_event_50,six_nations_2025,tackle_try_saver,extended,north,690,15,0.04492087503337932,0.17055267252946632,0.18298782071754832,0.9320438478401449,0.0006157868475547463,0.9539198893495969,0.021739130434782608,1.0,0.02318840579710145,0.02366301321690353,0.7583830277683566,six_nations,2025,north
p3_event_50,six_nations_2025,tackle_try_saver,extended,position:Back-row,120,15,0.07319816993309461,0.24564225772942402,0.2684966569428218,0.9148801349200233,0.010786023187317953,0.8474611652186951,0.041666666666666664,1.0,0.041666666666666664,0.036439007174304774,0.2561842364022279,six_nations,2025,north
p3_event_50,six_nations_2025,tackle_try_saver,extended,position:Back-three,120,15,0.04384175765783078,0.16228672735521468,0.18940511135213592,0.8568233781901292,-0.01909439886702572,1.9637705958117888,0.025,1.0,0.025,0.022453945975699805,0.16155810488177552,six_nations,2025,north
p3_event_50,six_nations_2025,tackle_try_saver,extended,position:Centre,60,15,0.023261578998856565,0.04652315799771313,0.033248081841432235,1.399273444392756,0.0,0.0,0.0,1.0,0.0,0.023261578998856565,0.04652315799771314,six_nations,2025,north
p3_event_50,six_nations_2025,tackle_try_saver,extended,position:Fly-half,60,15,0.01612255805964286,0.03224511611928572,0.028178963893249608,1.1442974355423399,0.0,0.0,0.0,1.0,0.0,0.01612255805964286,0.032245116119285704,six_nations,2025,north
p3_event_50,six_nations_2025,tackle_try_saver,extended,position:Hooker,60,15,0.023425770699121884,0.04685154139824377,0.030690737833594977,1.5265694051499377,0.0,0.0,0.0,1.0,0.0,0.023425770699121884,0.04685154139824376,six_nations,2025,north
p3_event_50,six_nations_2025,tackle_try_saver,extended,position:Prop,120,15,0.033387336323174845,0.13884694182222854,0.13802833870448847,1.005930688765969,0.015079528270640961,0.09160119555855503,0.016666666666666666,1.0,0.016666666666666666,0.01732661223849575,0.12339348012410385,six_nations,2025,north
p3_event_50,six_nations_2025,tackle_try_saver,extended,position:Scrum-half,60,15,0.06784273710761664,0.386603639066236,0.4097137341265375,0.943594531656183,0.05887074361546692,-0.46358502115649014,0.03333333333333333,1.0,0.05,0.019135095420765247,0.13313460000318586,six_nations,2025,north
p3_event_50,six_nations_2025,tackle_try_saver,extended,position:Second-row,90,15,0.05672192679361582,0.23705361712909997,0.2737788043720657,0.865858179462804,0.02698972554481528,0.2521272143891412,0.03333333333333333,1.0,0.03333333333333333,0.02516034535933559,0.16506573719612097,six_nations,2025,north
p3_event_50,six_nations_2025,fifty_22,extended,all,674,15,0.01543881137022543,0.06314063671370788,0.09838366669830657,0.6417796655955972,0.004426363387705379,0.35565248620454887,0.00741839762611276,1.0,0.00741839762611276,0.008412802818666501,0.29614173348121015,six_nations,2025,north
p3_event_50,six_nations_2025,fifty_22,extended,starter,442,15,0.021405394587477002,0.09200823582195679,0.15002395184311906,0.6132903092578866,0.007827510221212811,0.32593166413620844,0.011312217194570135,1.0,0.011312217194570135,0.0106915263436971,0.2730359687441099,six_nations,2025,north
p3_event_50,six_nations_2025,fifty_22,extended,bench,232,15,0.00407144162011683,0.00814288324023366,2e-08,407144.162011683,0.0,0.0,0.0,1.0,0.0,0.00407144162011683,0.03148581519557016,six_nations,2025,north
p3_event_50,six_nations_2025,fifty_22,extended,north,674,15,0.01543881137022543,0.06314063671370788,0.09838366669830657,0.6417796655955972,0.004426363387705379,0.35565248620454887,0.00741839762611276,1.0,0.00741839762611276,0.008412802818666501,0.29614173348121015,six_nations,2025,north
p3_event_50,six_nations_2025,fifty_22,extended,position:Back-row,119,15,0.0033736368444711503,0.006747273688942301,1.999999999999999e-08,337363.68444711517,0.0,0.0,0.0,1.0,0.0,0.0033736368444711503,0.013382092816402229,six_nations,2025,north
p3_event_50,six_nations_2025,fifty_22,extended,position:Back-three,116,15,0.029596473165584402,0.11817953118500686,0.1338758043758783,0.8827549663358021,-0.014481560963374081,2.340146717752647,0.017241379310344827,1.0,0.017241379310344827,0.013555962125393506,0.11015241160928332,six_nations,2025,north
p3_event_50,six_nations_2025,fifty_22,extended,position:Centre,54,15,0.021556198993305076,0.20385849125610875,0.6452104179241621,0.3159566020523714,0.026335075326229737,-2.5188314253074124,0.018518518518518517,1.0,0.018518518518518517,0.003103247295224304,0.03873141272040635,six_nations,2025,north
p3_event_50,six_nations_2025,fifty_22,extended,position:Fly-half,59,15,0.03983884733273363,0.13052946878378732,0.13508159117925425,0.9663009418550139,0.0125286719060208,0.18433037906239427,0.01694915254237288,1.0,0.01694915254237288,0.023981291954354333,0.07768753194127412,six_nations,2025,north
p3_event_50,six_nations_2025,fifty_22,extended,position:Hooker,60,15,0.0012854177942982932,0.0025708355885965864,2e-08,128541.77942982932,0.0,0.0,0.0,1.0,0.0,0.0012854177942982932,0.0025708355885965864,six_nations,2025,north
p3_event_50,six_nations_2025,fifty_22,extended,position:Prop,117,15,0.0010933453254806662,0.0021866906509613324,1.9999999999999994e-08,109334.53254806665,0.0,0.0,0.0,1.0,0.0,0.0010933453254806662,0.004264046769374599,six_nations,2025,north
p3_event_50,six_nations_2025,fifty_22,extended,position:Scrum-half,59,15,0.04670255316970638,0.1480200871088401,0.13508159117925422,1.0957828214535643,0.01748876239805064,-0.01756353234229586,0.01694915254237288,1.0,0.01694915254237288,0.030723310388895655,0.09106284779371876,six_nations,2025,north
p3_event_50,six_nations_2025,fifty_22,extended,position:Second-row,90,15,0.001067570509005683,0.002135141018011366,1.9999999999999997e-08,106757.05090056831,0.0,0.0,0.0,1.0,0.0,0.001067570509005683,0.00320271152701705,six_nations,2025,north
p3_event_50,six_nations_2025,lineout_steals,extended,all,674,15,0.0505334491295824,0.13086497286415175,0.1682569678172272,0.7777685201501234,-0.008863177250330194,0.7927916951524645,0.019287833827893175,1.0,0.019287833827893175,0.03550871086358884,0.5781853377488102,six_nations,2025,north
p3_event_50,six_nations_2025,lineout_steals,extended,starter,442,15,0.057583583264672056,0.13502384701460401,0.12707922856001605,1.0625170497540117,-0.014237131897711006,0.8975391423077971,0.02262443438914027,1.0,0.02262443438914027,0.04106959189776501,0.534806287557647,six_nations,2025,north
p3_event_50,six_nations_2025,lineout_steals,extended,bench,232,15,0.037101728061868476,0.12294160056027285,0.24670766071243128,0.49832907581891717,0.010928049626510906,0.08039507306882376,0.01293103448275862,1.0,0.01293103448275862,0.02491427372089113,0.25456648462004156,six_nations,2025,north
p3_event_50,six_nations_2025,lineout_steals,extended,north,674,15,0.0505334491295824,0.13086497286415175,0.1682569678172272,0.7777685201501234,-0.008863177250330194,0.7927916951524645,0.019287833827893175,1.0,0.019287833827893175,0.03550871086358884,0.5781853377488102,six_nations,2025,north
p3_event_50,six_nations_2025,lineout_steals,extended,position:Back-row,119,15,0.04004005921554588,0.16766726357869408,0.3924157120050475,0.4272694962237838,0.031237755038454728,-0.6115952698636221,0.01680672268907563,1.0,0.01680672268907563,0.023595722629766332,0.15130008574989198,six_nations,2025,north
p3_event_50,six_nations_2025,lineout_steals,extended,position:Back-three,116,15,0.015852510854332518,0.031705021708665036,0.0427391986109762,0.741825367322695,0.0,0.0,0.0,1.0,0.0,0.015852510854332518,0.06129637530341906,six_nations,2025,north
p3_event_50,six_nations_2025,lineout_steals,extended,position:Centre,54,15,0.00442735590231753,0.00885471180463506,2e-08,442735.59023175295,0.0,0.0,0.0,1.0,0.0,0.00442735590231753,0.007969240624171554,six_nations,2025,north
p3_event_50,six_nations_2025,lineout_steals,extended,position:Fly-half,59,15,0.004635339238130435,0.00927067847626087,1.9999999999999997e-08,463533.92381304357,0.0,0.0,0.0,1.0,0.0,0.004635339238130435,0.00911616716832319,six_nations,2025,north
p3_event_50,six_nations_2025,lineout_steals,extended,position:Hooker,60,15,0.08709844919027873,0.20975266102017576,0.17670142291810395,1.1870456816716757,0.04827104544195389,-0.43801744448208857,0.016666666666666666,1.0,0.016666666666666666,0.0721532422359484,0.16666033029832944,six_nations,2025,north
p3_event_50,six_nations_2025,lineout_steals,extended,position:Prop,117,15,0.014606880066829534,0.029213760133659068,0.021367531111111105,1.3672033508105168,0.0,0.0,0.0,1.0,0.0,0.014606880066829534,0.056966832260635175,six_nations,2025,north
p3_event_50,six_nations_2025,lineout_steals,extended,position:Scrum-half,59,15,0.051883869279190205,0.15990229564578712,0.11513098580157767,1.3888728089358193,0.05293713639403773,-1.0035787722887681,0.01694915254237288,1.0,0.01694915254237288,0.03585965032878329,0.09899677782266941,six_nations,2025,north
p3_event_50,six_nations_2025,lineout_steals,extended,position:Second-row,90,15,0.18830293296781284,0.42344750354298605,0.4650573622661996,0.9105274701588403,-0.07141107988284794,1.4526899233036117,0.1,1.0,0.1,0.11799564183183436,0.42533988447194043,six_nations,2025,north
p3_event_50,six_nations_2025,potm,extended,all,674,15,0.048307605410029125,0.10638587709993784,0.1300123959224146,0.8182748756005084,0.013820187830288135,0.2967877010568507,0.02225519287833828,1.0,0.02225519287833828,0.028421006052519703,0.4118914456034315,six_nations,2025,north
p3_event_50,six_nations_2025,potm,extended,starter,442,15,0.06878986928131882,0.15728170285997095,0.19555806617190077,0.8042711095420433,0.026076759773989756,0.2043385050397297,0.033936651583710405,1.0,0.033936651583710405,0.03846505487642889,0.4221441279827107,six_nations,2025,north
p3_event_50,six_nations_2025,potm,extended,bench,232,15,0.009285361310416856,0.00942055388470231,0.005136593119514199,1.8340081967779596,0.0,0.0,0.0,1.0,0.0,0.009285361310416856,0.07180679413389034,six_nations,2025,north
p3_event_50,six_nations_2025,potm,extended,north,674,15,0.048307605410029125,0.10638587709993784,0.1300123959224146,0.8182748756005084,0.013820187830288135,0.2967877010568507,0.02225519287833828,1.0,0.02225519287833828,0.028421006052519703,0.4118914456034315,six_nations,2025,north
p3_event_50,six_nations_2025,potm,extended,position:Back-row,119,15,0.04210898421797406,0.11030231188001029,0.11093635303757189,0.9942846403347434,0.001951758051857846,1.2256191593018855,0.025210084033613446,1.0,0.025210084033613446,0.01897679699704073,0.1603721908207431,six_nations,2025,north
p3_event_50,six_nations_2025,potm,extended,position:Back-three,116,15,0.12197170351976906,0.16259104314211859,0.13240113425701353,1.2280185064464872,0.013765208188664883,0.11876989266007221,0.02586206896551724,1.0,0.02586206896551724,0.1018512394506782,0.4193741823111326,six_nations,2025,north
p3_event_50,six_nations_2025,potm,extended,position:Centre,54,15,0.07155017226486964,0.157907081025882,0.15928010592094552,0.9913798092541137,0.029604553363973846,0.19833693403745511,0.037037037037037035,1.0,0.037037037037037035,0.03747402726140564,0.12294586747186718,six_nations,2025,north
p3_event_50,six_nations_2025,potm,extended,position:Fly-half,59,15,0.05000263758924283,0.15198576473073652,0.12792847058342915,1.1880526988057618,0.030958751035939557,0.16922912185468839,0.03389830508474576,1.0,0.03389830508474576,0.017370261197303286,0.09762071166819314,six_nations,2025,north
p3_event_50,six_nations_2025,potm,extended,position:Hooker,60,15,0.0198788983150232,0.0880785162595771,0.26863502584931015,0.32787428214586,-0.003189700672295062,5.808531579909974,0.016666666666666666,1.0,0.016666666666666666,0.0034184831511701085,0.039549680937054195,six_nations,2025,north
p3_event_50,six_nations_2025,potm,extended,position:Prop,117,15,0.001588517151956395,0.0015908472591800989,1.0000000494736472e-07,15908.471804750867,0.0,0.0,0.0,1.0,0.0,0.001588517151956395,0.0061952168926299395,six_nations,2025,north
p3_event_50,six_nations_2025,potm,extended,position:Scrum-half,59,15,0.06706207764281495,0.1820385713447348,0.18107244034494022,1.0053356048990898,0.015531143146965973,1.5027879223395917,0.05084745762711865,1.0,0.05084745762711865,0.023500531216121986,0.1304657037822806,six_nations,2025,north
p3_event_50,six_nations_2025,potm,extended,position:Second-row,90,15,0.013894682327253875,0.06680318598224413,0.17909005056620847,0.3730145017606515,0.008471480547709085,0.9249754360515571,0.011111111111111112,1.0,0.011111111111111112,0.002853730445718443,0.04110580369290757,six_nations,2025,north
