engine,fold,target,tier,cohort,n,fixtures,mae,loss,naive_loss,relative_loss,calibration_intercept,calibration_slope,actual_positive_rate,predicted_positive_rate,actual_mean,predicted_mean,team_total_mae,tournament,calendar_year,fold_hemisphere
v1,rugby_championship_2024,minutes,minutes,all,552,12,9.683393875379744,9.683393875379744,10.054115348229562,0.9631273901273574,1.665993526924274,0.9514661327872057,0.9855072463768116,1.0,51.606884057971016,52.488353300343846,23.924889614424558,rugby_championship,2024,south
v1,rugby_championship_2024,minutes,minutes,starter,360,12,10.118732665178085,10.118732665178085,10.440259009703059,0.9692032214692996,-12.358130313598522,1.1537362794354415,1.0,1.0,66.45833333333333,68.31410700329124,47.226681120764226,rugby_championship,2024,south
v1,rugby_championship_2024,minutes,minutes,bench,192,12,8.867133644507858,8.867133644507858,9.330095982966757,0.9503796810553616,4.7854180330222995,0.8316872445636146,0.9583333333333334,1.0,23.760416666666668,22.81506510731749,35.52565124612067,rugby_championship,2024,south
v1,rugby_championship_2024,minutes,minutes,zero_minute,8,7,21.41715530577458,21.41715530577458,19.86085936933111,1.0783599494615366,0.0,0.0,0.0,1.0,0.0,21.41715530577458,21.41715530577458,rugby_championship,2024,south
v1,rugby_championship_2024,minutes,minutes,low_history,10,6,13.361896131837685,13.361896131837685,13.881933707836144,0.9625385348364757,18.77279058786197,0.4704926844501479,1.0,1.0,37.7,40.2284882160447,11.358658827695244,rugby_championship,2024,south
v1,rugby_championship_2024,minutes,minutes,south,552,12,9.683393875379744,9.683393875379744,10.054115348229562,0.9631273901273574,1.665993526924274,0.9514661327872057,0.9855072463768116,1.0,51.606884057971016,52.488353300343846,23.924889614424558,rugby_championship,2024,south
v1,rugby_championship_2024,minutes,minutes,position:Back-row,96,12,10.166503697438552,10.166503697438552,10.844186105112925,0.9375073056561752,0.3789551520477253,0.9724297866149487,0.9895833333333334,1.0,58.03125,59.28684583865052,14.691918782707054,rugby_championship,2024,south
v1,rugby_championship_2024,minutes,minutes,position:Back-three,96,12,10.041994623069415,10.041994623069415,9.955737572627504,1.0086640542513965,5.391652121982948,0.9090197885761024,0.9895833333333334,1.0,60.6875,60.83019156781285,11.411497345579136,rugby_championship,2024,south
v1,rugby_championship_2024,minutes,minutes,position:Centre,48,12,7.8823795787073765,7.8823795787073765,8.0172838012262,0.9831733257966755,11.83506033165934,0.8602689140831656,1.0,1.0,75.22916666666667,73.6910346255738,10.791054978694632,rugby_championship,2024,south
v1,rugby_championship_2024,minutes,minutes,position:Fly-half,48,12,10.126280245644248,10.126280245644248,10.71771459998204,0.9448171204018827,2.613428085202962,0.9335047859804189,0.9375,1.0,45.395833333333336,45.82987242341549,12.477969055942976,rugby_championship,2024,south
v1,rugby_championship_2024,minutes,minutes,position:Hooker,48,12,10.845828302728755,10.845828302728755,11.028181524547804,0.9834647968558419,3.822199355305082,0.8587420716961129,1.0,1.0,39.458333333333336,41.49806461402646,6.075783852335113,rugby_championship,2024,south
v1,rugby_championship_2024,minutes,minutes,position:Prop,96,12,8.397526161459913,8.397526161459913,8.860643640916923,0.9477332010827731,1.6450679736075082,0.9181155024727116,0.9791666666666666,1.0,38.916666666666664,40.59576228990529,8.355392644535796,rugby_championship,2024,south
v1,rugby_championship_2024,minutes,minutes,position:Scrum-half,48,12,6.87481393259204,6.87481393259204,7.264766396319696,0.9463227800517846,4.744168390061235,0.8394371916180903,1.0,1.0,40.0625,42.07382275004937,4.99784383154966,rugby_championship,2024,south
v1,rugby_championship_2024,minutes,minutes,position:Second-row,72,12,12.278452362172589,12.278452362172589,12.848830363499674,0.9556085662904082,4.31599538955651,0.9050646837845284,0.9861111111111112,1.0,52.041666666666664,52.73177943210114,11.332589703843434,rugby_championship,2024,south
v1,rugby_championship_2024,tries,stable,all,552,12,0.3295534159140514,0.6171639258767058,0.5132812438311785,1.2023893981984173,0.004808898234320225,0.42926424796842566,0.12318840579710146,1.0,0.13949275362318841,0.31375511943117795,4.028818472460789,rugby_championship,2024,south
v1,rugby_championship_2024,tries,stable,starter,360,12,0.410731565199709,0.7543463899257611,0.601026668608962,1.2550963698027706,0.022008961542261122,0.3917316630356627,0.16111111111111112,1.0,0.18055555555555555,0.4047326498569523,3.458818345129988,rugby_championship,2024,south
v1,rugby_championship_2024,tries,stable,bench,192,12,0.17734438600344363,0.359946805784727,0.3487585723728346,1.0320801674802471,-0.07013434814522324,0.926397037510758,0.052083333333333336,1.0,0.0625,0.14317224988285118,0.835007526902662,rugby_championship,2024,south
v1,rugby_championship_2024,tries,stable,zero_minute,8,7,0.10746269124927776,0.21492538249855553,0.10865680230621885,1.9780205006663858,0.0,0.0,0.0,1.0,0.0,0.10746269124927776,0.10746269124927776,rugby_championship,2024,south
v1,rugby_championship_2024,tries,stable,low_history,10,6,0.3273805499255614,0.6385614289967281,0.5205631135401549,1.2266743693269213,0.10995900436465561,-0.03630606735171431,0.1,1.0,0.1,0.27430688838254075,0.5021785648889924,rugby_championship,2024,south
v1,rugby_championship_2024,tries,stable,south,552,12,0.3295534159140514,0.6171639258767058,0.5132812438311785,1.2023893981984173,0.004808898234320225,0.42926424796842566,0.12318840579710146,1.0,0.13949275362318841,0.31375511943117795,4.028818472460789,rugby_championship,2024,south
v1,rugby_championship_2024,tries,stable,position:Back-row,96,12,0.34634127218396826,0.662685732665459,0.6778444491020986,0.9776368804720325,0.047078504591363826,0.47744976204385375,0.15625,1.0,0.17708333333333334,0.2722900691906273,0.7638121596437252,rugby_championship,2024,south
v1,rugby_championship_2024,tries,stable,position:Back-three,96,12,0.5425816160111742,0.95440620264097,0.7756910294621506,1.2303947917287854,0.015252242123556763,0.4541273226306343,0.22916666666666666,1.0,0.2916666666666667,0.6086716450838446,1.5311646553358227,rugby_championship,2024,south
v1,rugby_championship_2024,tries,stable,position:Centre,48,12,0.44943889755252214,0.8226475062587149,0.6278358864555024,1.3102906730977693,0.10592192743770719,0.18381250853286937,0.1875,1.0,0.1875,0.443811322817049,0.6782703725938225,rugby_championship,2024,south
v1,rugby_championship_2024,tries,stable,position:Fly-half,48,12,0.26245210230645927,0.4909356963352008,0.39698407248679946,1.2366634592160506,-0.027737640058048945,0.45105130633350476,0.08333333333333333,1.0,0.08333333333333333,0.24624908925384445,0.42604293235322893,rugby_championship,2024,south
v1,rugby_championship_2024,tries,stable,position:Hooker,48,12,0.4480383253107829,0.8330964512115786,0.7075802750204251,1.1773878959352426,0.14030593078344808,0.11595769658918854,0.16666666666666666,1.0,0.1875,0.4069938486597379,0.6677489906128448,rugby_championship,2024,south
v1,rugby_championship_2024,tries,stable,position:Prop,96,12,0.14436669701957222,0.2956126836431573,0.17973236181957067,1.6447382132546409,0.014389495644676589,0.04943394715055776,0.020833333333333332,1.0,0.020833333333333332,0.13035248164649224,0.4937356498443936,rugby_championship,2024,south
v1,rugby_championship_2024,tries,stable,position:Scrum-half,48,12,0.3267312922118775,0.6639318387753358,0.5257452690154821,1.2628393975253904,0.09429105085337816,0.0347550577304012,0.10416666666666667,1.0,0.10416666666666667,0.28414902630560174,0.48817033181189745,rugby_championship,2024,south
v1,rugby_championship_2024,tries,stable,position:Second-row,72,12,0.15774966346701355,0.30757627806807547,0.2520354135418028,1.2203692875765675,-0.09100459145752873,0.9738426719367086,0.041666666666666664,1.0,0.041666666666666664,0.13623479638692387,0.40135533228294357,rugby_championship,2024,south
v1,rugby_championship_2024,try_assists,stable,all,552,12,0.2421806450307312,0.47950895857333115,0.39273454140704217,1.2209492876674508,0.018022475690652878,0.32711002973831504,0.08695652173913043,1.0,0.09239130434782608,0.22735111092945584,3.175160981974304,rugby_championship,2024,south
v1,rugby_championship_2024,try_assists,stable,starter,360,12,0.2991299853099854,0.5780125467815008,0.4523828702405178,1.277706528706955,0.023078798064792367,0.31113537774758865,0.10833333333333334,1.0,0.11388888888888889,0.29186681206586224,2.671369801949116,rugby_championship,2024,south
v1,rugby_championship_2024,try_assists,stable,bench,192,12,0.1354006320071294,0.29481473068301306,0.2808939248442753,1.0495589423888585,0.0022120031923833854,0.4687852481449211,0.046875,1.0,0.052083333333333336,0.10638417129869375,0.7541684869027554,rugby_championship,2024,south
v1,rugby_championship_2024,try_assists,stable,zero_minute,8,7,0.10770767063209961,0.21541534126419923,0.08250954839873187,2.6107928772460722,0.0,0.0,0.0,1.0,0.0,0.10770767063209961,0.10770767063209961,rugby_championship,2024,south
v1,rugby_championship_2024,try_assists,stable,low_history,10,6,0.2883944212613592,0.9791050207571959,1.5117683204702954,0.6476554690950307,0.2660557094842051,-0.5966692344074725,0.2,1.0,0.2,0.11070741656355435,0.4512352429277742,rugby_championship,2024,south
v1,rugby_championship_2024,try_assists,stable,south,552,12,0.2421806450307312,0.47950895857333115,0.39273454140704217,1.2209492876674508,0.018022475690652878,0.32711002973831504,0.08695652173913043,1.0,0.09239130434782608,0.22735111092945584,3.175160981974304,rugby_championship,2024,south
v1,rugby_championship_2024,try_assists,stable,position:Back-row,96,12,0.18929823084033273,0.37727181754522454,0.32048321999024326,1.177196789138321,-0.0065556826933005985,0.43579565815193316,0.0625,1.0,0.0625,0.15845885887469188,0.47149650498224416,rugby_championship,2024,south
v1,rugby_championship_2024,try_assists,stable,position:Back-three,96,12,0.3916050967647209,0.7384324746912133,0.4814009163346102,1.5339241152959224,0.10817413756505034,0.01771202703523001,0.11458333333333333,1.0,0.11458333333333333,0.36185557731674717,1.1889165114533067,rugby_championship,2024,south
v1,rugby_championship_2024,try_assists,stable,position:Centre,48,12,0.43174888348906154,0.8272219555383976,0.7532853761271414,1.09815215024004,-0.04644750476519184,0.5309321528154572,0.14583333333333334,1.0,0.1875,0.4406354060958669,0.7762902815096583,rugby_championship,2024,south
v1,rugby_championship_2024,try_assists,stable,position:Fly-half,48,12,0.4193574082262604,0.7639647616564403,0.6396505798661166,1.1943470164856937,0.09079454089844972,0.22028413841945085,0.1875,1.0,0.1875,0.4390032791076856,0.7935867057691132,rugby_championship,2024,south
v1,rugby_championship_2024,try_assists,stable,position:Hooker,48,12,0.09277007957358757,0.1961255112215244,0.1568184342982981,1.250653420301703,-0.021239336137878186,0.5414320733858919,0.020833333333333332,1.0,0.020833333333333332,0.07770627478366118,0.18023093156372114,rugby_championship,2024,south
v1,rugby_championship_2024,try_assists,stable,position:Prop,96,12,0.03692423545615014,0.1083044098120733,0.08438868949075153,1.2833995937801925,0.01023636245391429,0.006658876527957661,0.010416666666666666,1.0,0.010416666666666666,0.02707727226888167,0.1424586140449912,rugby_championship,2024,south
v1,rugby_championship_2024,try_assists,stable,position:Scrum-half,48,12,0.45582413528284643,0.8783330497100814,0.7189232062831398,1.2217341741562309,0.10087742367374211,0.2753562047722529,0.20833333333333334,1.0,0.22916666666666666,0.465902858804408,0.6983150652807905,rugby_championship,2024,south
v1,rugby_championship_2024,try_assists,stable,position:Second-row,72,12,0.09981452343949668,0.26712689424656155,0.31681598531671934,0.843161035512511,0.011095679827781358,0.4751644838733661,0.041666666666666664,1.0,0.041666666666666664,0.06433769331765261,0.264293785685446,rugby_championship,2024,south
v1,rugby_championship_2024,conversion_goals,stable,all,552,12,0.15776205008909294,0.2587171275723217,0.2313434180895749,1.1183249979999337,-0.0011461189251961786,0.5091988819863268,0.04710144927536232,1.0,0.11413043478260869,0.22638807308084416,2.895076392638586,rugby_championship,2024,south
v1,rugby_championship_2024,conversion_goals,stable,starter,360,12,0.1882691521192005,0.30151122682910325,0.23393529483775113,1.2888659107135598,0.00017157944685238557,0.5118884218958794,0.05555555555555555,1.0,0.15,0.29269742026637047,2.5643637791501095,rugby_championship,2024,south
v1,rugby_championship_2024,conversion_goals,stable,bench,192,12,0.10056123378264138,0.1784781914658562,0.22648364918674438,0.7880400731211026,0.0022482856932241222,0.437267962413181,0.03125,1.0,0.046875,0.10205804710798239,0.7918918931731082,rugby_championship,2024,south
v1,rugby_championship_2024,conversion_goals,stable,zero_minute,8,7,0.10705318000284225,0.20682477243254804,0.8083247899035517,0.25586840217683554,-0.07455804077483717,0.8599668436881276,0.125,1.0,0.125,0.23205318000284222,0.10705318000284225,rugby_championship,2024,south
v1,rugby_championship_2024,conversion_goals,stable,low_history,10,6,0.004335253241725255,0.00867050648345051,0.02884865965588616,0.30055144976835746,0.0,0.0,0.0,1.0,0.0,0.004335253241725255,0.007225422069542092,rugby_championship,2024,south
v1,rugby_championship_2024,conversion_goals,stable,south,552,12,0.15776205008909294,0.2587171275723217,0.2313434180895749,1.1183249979999337,-0.0011461189251961786,0.5091988819863268,0.04710144927536232,1.0,0.11413043478260869,0.22638807308084416,2.895076392638586,rugby_championship,2024,south
v1,rugby_championship_2024,conversion_goals,stable,position:Back-row,96,12,0.002283072270873068,0.004566144541746136,1.9999999999999997e-08,228307.22708730685,0.0,0.0,0.0,1.0,0.0,0.002283072270873068,0.00913228908349227,rugby_championship,2024,south
v1,rugby_championship_2024,conversion_goals,stable,position:Back-three,96,12,0.20305495476655386,0.3947911850172255,0.4127917529624579,0.9563931018096926,0.010197567782730248,0.10142270829008757,0.020833333333333332,1.0,0.03125,0.20757118964971746,0.7180003030262446,rugby_championship,2024,south
v1,rugby_championship_2024,conversion_goals,stable,position:Centre,48,12,0.04389464460701514,0.08778928921403029,0.06207565470417071,1.414230580932269,0.0,0.0,0.0,1.0,0.0,0.04389464460701514,0.08778928921403027,rugby_championship,2024,south
v1,rugby_championship_2024,conversion_goals,stable,position:Fly-half,48,12,1.296536501848669,1.6745539689086428,1.4216413987271654,1.1779018044971938,0.17377010992035855,0.48845992113381914,0.4791666666666667,1.0,1.2083333333333333,2.118010462376388,2.2463480713075463,rugby_championship,2024,south
v1,rugby_championship_2024,conversion_goals,stable,position:Hooker,48,12,0.0022442333157346507,0.004488466631469301,0.0019342459767891682,2.3205252513540793,0.0,0.0,0.0,1.0,0.0,0.0022442333157346507,0.004488466631469301,rugby_championship,2024,south
v1,rugby_championship_2024,conversion_goals,stable,position:Prop,96,12,0.002274492412204145,0.00454898482440829,1.9999999999999997e-08,227449.24122041452,0.0,0.0,0.0,1.0,0.0,0.002274492412204145,0.00909796964881658,rugby_championship,2024,south
v1,rugby_championship_2024,conversion_goals,stable,position:Scrum-half,48,12,0.05288736911798516,0.3936510370889906,0.34921439269707033,1.1272474597874529,0.06739033382648414,-2.2213485075309762,0.020833333333333332,1.0,0.041666666666666664,0.011580203229077853,0.10512472579230414,rugby_championship,2024,south
v1,rugby_championship_2024,conversion_goals,stable,position:Second-row,72,12,0.0023171921572686482,0.0046343843145372965,1.9999999999999997e-08,231719.21572686484,0.0,0.0,0.0,1.0,0.0,0.0023171921572686482,0.006951576471805945,rugby_championship,2024,south
v1,rugby_championship_2024,missed_conversion_goals,stable,all,552,12,0.053716358083957985,0.1193484371035328,0.1141039638004458,1.0459622359154759,0.0031758689169839698,0.3880322774082209,0.021739130434782608,1.0,0.025362318840579712,0.0571768154746955,0.8935052584601596,rugby_championship,2024,south
v1,rugby_championship_2024,missed_conversion_goals,stable,starter,360,12,0.06633146229994032,0.14948306268944847,0.13649747918231167,1.095134236800027,0.004327251506168561,0.3857323368147672,0.027777777777777776,1.0,0.03333333333333333,0.07519743370930757,0.8407836548352726,rugby_championship,2024,south
v1,rugby_championship_2024,missed_conversion_goals,stable,bench,192,12,0.030063037678991142,0.06284601412994094,0.07211612245944721,0.871455813022683,0.00022422443344407547,0.435795028437004,0.010416666666666666,1.0,0.010416666666666666,0.02338815628479789,0.2148754554735729,rugby_championship,2024,south
v1,rugby_championship_2024,missed_conversion_goals,stable,zero_minute,8,7,0.13060556591007716,0.2394963815176836,0.8490927120422715,0.28206152063375667,-0.06412109412531766,2.9132282854635303,0.125,1.0,0.125,0.06491804815606003,0.13060556591007716,rugby_championship,2024,south
v1,rugby_championship_2024,missed_conversion_goals,stable,low_history,10,6,0.0023168407894864863,0.004633681578972973,0.006985787728331178,0.6633012280320039,0.0,0.0,0.0,1.0,0.0,0.0023168407894864863,0.0038614013158108106,rugby_championship,2024,south
v1,rugby_championship_2024,missed_conversion_goals,stable,south,552,12,0.053716358083957985,0.1193484371035328,0.1141039638004458,1.0459622359154759,0.0031758689169839698,0.3880322774082209,0.021739130434782608,1.0,0.025362318840579712,0.0571768154746955,0.8935052584601596,rugby_championship,2024,south
v1,rugby_championship_2024,missed_conversion_goals,stable,position:Back-row,96,12,0.0009087388062113034,0.0018174776124226068,1.9999999999999997e-08,90873.88062113036,0.0,0.0,0.0,1.0,0.0,0.0009087388062113034,0.003634955224845214,rugby_championship,2024,south
v1,rugby_championship_2024,missed_conversion_goals,stable,position:Back-three,96,12,0.057917807951494905,0.11402605337778393,0.12619336750452229,0.9035819840032216,0.0012889953969572431,0.17404655824599477,0.010416666666666666,1.0,0.010416666666666666,0.05244384813866015,0.22715369997235788,rugby_championship,2024,south
v1,rugby_championship_2024,missed_conversion_goals,stable,position:Centre,48,12,0.01822174182007298,0.03644348364014596,0.029097963142580018,1.2524410544330162,0.0,0.0,0.0,1.0,0.0,0.01822174182007298,0.036443483640145956,rugby_championship,2024,south
v1,rugby_championship_2024,missed_conversion_goals,stable,position:Fly-half,48,12,0.4324408900977153,0.7750762612869305,0.5880372642514119,1.3180733746076867,0.03855309252926396,0.36367723980320255,0.20833333333333334,1.0,0.22916666666666666,0.5241284118867315,0.7452977648237017,rugby_championship,2024,south
v1,rugby_championship_2024,missed_conversion_goals,stable,position:Hooker,48,12,0.0009053311097933717,0.0018106622195867433,1.9999999999999997e-08,90533.11097933717,0.0,0.0,0.0,1.0,0.0,0.0009053311097933717,0.0018106622195867433,rugby_championship,2024,south
v1,rugby_championship_2024,missed_conversion_goals,stable,position:Prop,96,12,0.0009106525948890573,0.0018213051897781145,1.9999999999999997e-08,91065.25948890574,0.0,0.0,0.0,1.0,0.0,0.0009106525948890573,0.003642610379556229,rugby_championship,2024,south
v1,rugby_championship_2024,missed_conversion_goals,stable,position:Scrum-half,48,12,0.04531659100499371,0.32108861672849287,0.44267349130209,0.725339608170427,-0.27332200434456877,72.04271369014627,0.020833333333333332,1.0,0.041666666666666664,0.004372248835128468,0.09031297231377455,rugby_championship,2024,south
v1,rugby_championship_2024,missed_conversion_goals,stable,position:Second-row,72,12,0.0009194434851672607,0.0018388869703345214,1.9999999999999997e-08,91944.34851672608,0.0,0.0,0.0,1.0,0.0,0.0009194434851672607,0.002758330455501782,rugby_championship,2024,south
v1,rugby_championship_2024,penalty_goals,stable,all,552,12,0.0742344759017836,0.169766005291782,0.1703591363603141,0.9965183489350544,0.01954464644029263,1.1262114248029178,0.03985507246376811,1.0,0.07789855072463768,0.051814342315481834,1.2813764298729255,rugby_championship,2024,south
v1,rugby_championship_2024,penalty_goals,stable,starter,360,12,0.09517030426140928,0.21454245365243668,0.1941906929848162,1.1048029663770333,0.030809742852038646,1.1266208167727232,0.05,1.0,0.10833333333333334,0.0688107208096562,1.2344803174628105,rugby_championship,2024,south
v1,rugby_championship_2024,penalty_goals,stable,bench,192,12,0.034979797727485405,0.08581016461555445,0.12567496768937275,0.6827944036369199,0.005239653849296487,0.7817896213936425,0.020833333333333332,1.0,0.020833333333333332,0.01994613263890492,0.27372798845022056,rugby_championship,2024,south
v1,rugby_championship_2024,penalty_goals,stable,zero_minute,8,7,0.075608954540292,0.151217909080584,0.09362191431554592,1.615197789813557,0.0,0.0,0.0,1.0,0.0,0.075608954540292,0.075608954540292,rugby_championship,2024,south
v1,rugby_championship_2024,penalty_goals,stable,low_history,10,6,0.0023526265822331506,0.004705253164466301,0.02755499859508409,0.1707586065820281,0.0,0.0,0.0,1.0,0.0,0.0023526265822331506,0.0039210443037219185,rugby_championship,2024,south
v1,rugby_championship_2024,penalty_goals,stable,south,552,12,0.0742344759017836,0.169766005291782,0.1703591363603141,0.9965183489350544,0.01954464644029263,1.1262114248029178,0.03985507246376811,1.0,0.07789855072463768,0.051814342315481834,1.2813764298729255,rugby_championship,2024,south
v1,rugby_championship_2024,penalty_goals,stable,position:Back-row,96,12,0.0015551888323430969,0.0031103776646861938,1.9999999999999997e-08,155518.8832343097,0.0,0.0,0.0,1.0,0.0,0.0015551888323430969,0.0062207553293723876,rugby_championship,2024,south
v1,rugby_championship_2024,penalty_goals,stable,position:Back-three,96,12,0.046674383933613395,0.1149532702446769,0.3465554144527952,0.3317024217503168,0.008552643985122775,0.40254311490985706,0.020833333333333332,1.0,0.020833333333333332,0.030507761512603735,0.17414886430393475,rugby_championship,2024,south
v1,rugby_championship_2024,penalty_goals,stable,position:Centre,48,12,0.013588283641922485,0.02717656728384497,0.1008729388942774,0.2694138545158093,0.0,0.0,0.0,1.0,0.0,0.013588283641922485,0.02717656728384497,rugby_championship,2024,south
v1,rugby_championship_2024,penalty_goals,stable,position:Fly-half,48,12,0.7108813266754108,1.5403444832937574,1.0227876682177912,1.506025669998358,0.42135139464959814,0.815128710623359,0.3958333333333333,1.0,0.8333333333333334,0.5054194918109038,1.276506677718744,rugby_championship,2024,south
v1,rugby_championship_2024,penalty_goals,stable,position:Hooker,48,12,0.0015258054713070295,0.003051610942614059,1.9999999999999997e-08,152580.54713070297,0.0,0.0,0.0,1.0,0.0,0.0015258054713070295,0.003051610942614058,rugby_championship,2024,south
v1,rugby_championship_2024,penalty_goals,stable,position:Prop,96,12,0.0015546332682767753,0.0031092665365535506,1.9999999999999997e-08,155463.32682767755,0.0,0.0,0.0,1.0,0.0,0.0015546332682767753,0.006218533073107102,rugby_championship,2024,south
v1,rugby_championship_2024,penalty_goals,stable,position:Scrum-half,48,12,0.025699913984785012,0.13452510838620432,0.1423585021259536,0.944974177005469,-0.25195996914822877,48.167273250615125,0.020833333333333332,1.0,0.020833333333333332,0.00566345744884113,0.051023346194140735,rugby_championship,2024,south
v1,rugby_championship_2024,penalty_goals,stable,position:Second-row,72,12,0.001621820685746296,0.003243641371492592,1.9999999999999997e-08,162182.06857462964,0.0,0.0,0.0,1.0,0.0,0.001621820685746296,0.004865462057238889,rugby_championship,2024,south
v1,rugby_championship_2024,missed_penalty_goals,stable,all,552,12,0.02928071846348094,0.13220651221447216,0.10805398706567955,1.2235227575092786,0.012872681756817153,1.2392276860045162,0.018115942028985508,1.0,0.02355072463768116,0.008616691671319792,0.5791887529224514,rugby_championship,2024,south
v1,rugby_championship_2024,missed_penalty_goals,stable,starter,360,12,0.03717425645469469,0.16603509557737997,0.11913965956569145,1.3936173410486474,0.01729088188495322,1.2277006236415184,0.022222222222222223,1.0,0.030555555555555555,0.01080448556852367,0.5276976055540179,rugby_championship,2024,south
v1,rugby_championship_2024,missed_penalty_goals,stable,bench,192,12,0.014480334729955151,0.06877791840902002,0.08726835112815723,0.7881198340509122,0.005193642203787272,1.1569241534685426,0.010416666666666666,1.0,0.010416666666666666,0.0045145781140625224,0.11480523333724742,rugby_championship,2024,south
v1,rugby_championship_2024,missed_penalty_goals,stable,zero_minute,8,7,0.0190355545326295,0.038071109065259,0.012546412719813126,3.034421863481154,0.0,0.0,0.0,1.0,0.0,0.0190355545326295,0.0190355545326295,rugby_championship,2024,south
v1,rugby_championship_2024,missed_penalty_goals,stable,low_history,10,6,0.000633207442760851,0.001266414885521702,0.006597689410090557,0.1919482423020455,0.0,0.0,0.0,1.0,0.0,0.000633207442760851,0.0010553457379347518,rugby_championship,2024,south
v1,rugby_championship_2024,missed_penalty_goals,stable,south,552,12,0.02928071846348094,0.13220651221447216,0.10805398706567955,1.2235227575092786,0.012872681756817153,1.2392276860045162,0.018115942028985508,1.0,0.02355072463768116,0.008616691671319792,0.5791887529224514,rugby_championship,2024,south
v1,rugby_championship_2024,missed_penalty_goals,stable,position:Back-row,96,12,0.00042805331818944947,0.0008561066363788989,1.9999999999999997e-08,42805.33181894496,0.0,0.0,0.0,1.0,0.0,0.00042805331818944947,0.0017122132727577979,rugby_championship,2024,south
v1,rugby_championship_2024,missed_penalty_goals,stable,position:Back-three,96,12,0.01730068844067134,0.06911669710170187,0.1463834158202394,0.4721620732404415,0.001768688777297083,1.1604892694451456,0.010416666666666666,1.0,0.010416666666666666,0.007452010214195574,0.06887410006292191,rugby_championship,2024,south
v1,rugby_championship_2024,missed_penalty_goals,stable,position:Centre,48,12,0.0035764476103797237,0.0071528952207594474,0.04073714839961202,0.1755865469667379,0.0,0.0,0.0,1.0,0.0,0.0035764476103797237,0.0071528952207594474,rugby_championship,2024,south
v1,rugby_championship_2024,missed_penalty_goals,stable,position:Fly-half,48,12,0.2725213794003014,1.1958419080963207,0.7504296766004209,1.5935429333148123,0.2149488204275114,0.18920485809731935,0.16666666666666666,1.0,0.22916666666666666,0.07514524934577632,0.5142515436712881,rugby_championship,2024,south
v1,rugby_championship_2024,missed_penalty_goals,stable,position:Hooker,48,12,0.0004237555191191596,0.0008475110382383192,1.9999999999999997e-08,42375.551911915965,0.0,0.0,0.0,1.0,0.0,0.0004237555191191596,0.0008475110382383192,rugby_championship,2024,south
v1,rugby_championship_2024,missed_penalty_goals,stable,position:Prop,96,12,0.0004295088657481207,0.0008590177314962414,1.9999999999999997e-08,42950.88657481207,0.0,0.0,0.0,1.0,0.0,0.0004295088657481207,0.0017180354629924828,rugby_championship,2024,south
v1,rugby_championship_2024,missed_penalty_goals,stable,position:Scrum-half,48,12,0.02322289940565586,0.17353437488124365,0.1586870646148031,1.0935634564952152,0.0011265324123699784,7.408355085204211,0.020833333333333332,1.0,0.020833333333333332,0.002660077803279344,0.046264070049932965,rugby_championship,2024,south
v1,rugby_championship_2024,missed_penalty_goals,stable,position:Second-row,72,12,0.0004448527635711731,0.0008897055271423462,1.9999999999999997e-08,44485.27635711732,0.0,0.0,0.0,1.0,0.0,0.0004448527635711731,0.001334558290713519,rugby_championship,2024,south
v1,rugby_championship_2024,drop_goals_converted,stable,all,552,12,0.0002788598328885925,0.000557719665777185,0.0033756928633099565,0.16521635360816744,0.0,0.0,0.0,1.0,0.0,0.0002788598328885925,0.006413776156437629,rugby_championship,2024,south
v1,rugby_championship_2024,drop_goals_converted,stable,starter,360,12,0.0003150220379843843,0.0006300440759687686,0.0038890517700739795,0.1620045484652377,0.0,0.0,0.0,1.0,0.0,0.0003150220379843843,0.004725330569765763,rugby_championship,2024,south
v1,rugby_championship_2024,drop_goals_converted,stable,bench,192,12,0.00021105569833398312,0.00042211139666796624,0.0024131449131274134,0.1749216942470785,0.0,0.0,0.0,1.0,0.0,0.00021105569833398312,0.0016884455866718647,rugby_championship,2024,south
v1,rugby_championship_2024,drop_goals_converted,stable,zero_minute,8,7,0.00048756207436177323,0.0009751241487235465,0.007239394739382239,0.13469691650033674,0.0,0.0,0.0,1.0,0.0,0.00048756207436177323,0.00048756207436177323,rugby_championship,2024,south
v1,rugby_championship_2024,drop_goals_converted,stable,low_history,10,6,0.00017301765507282444,0.00034603531014564887,0.00038811631824062096,0.8915762978332618,0.0,0.0,0.0,1.0,0.0,0.00017301765507282444,0.00028836275845470737,rugby_championship,2024,south
v1,rugby_championship_2024,drop_goals_converted,stable,south,552,12,0.0002788598328885925,0.000557719665777185,0.0033756928633099565,0.16521635360816744,0.0,0.0,0.0,1.0,0.0,0.0002788598328885925,0.006413776156437629,rugby_championship,2024,south
v1,rugby_championship_2024,drop_goals_converted,stable,position:Back-row,96,12,7.515278023478141e-05,0.00015030556046956281,1.9999999999999997e-08,7515.278023478142,0.0,0.0,0.0,1.0,0.0,7.515278023478141e-05,0.0003006111209391257,rugby_championship,2024,south
v1,rugby_championship_2024,drop_goals_converted,stable,position:Back-three,96,12,0.00029398884185212335,0.0005879776837042467,0.0029107423868046573,0.20200265278361318,0.0,0.0,0.0,1.0,0.0,0.00029398884185212335,0.0011759553674084934,rugby_championship,2024,south
v1,rugby_championship_2024,drop_goals_converted,stable,position:Centre,48,12,0.0001915009924084124,0.0003830019848168248,1.9999999999999997e-08,19150.099240841246,0.0,0.0,0.0,1.0,0.0,0.0001915009924084124,0.0003830019848168248,rugby_championship,2024,south
v1,rugby_championship_2024,drop_goals_converted,stable,position:Fly-half,48,12,0.0018089891804178339,0.0036179783608356678,0.03299881315445518,0.10963965109597293,0.0,0.0,0.0,1.0,0.0,0.0018089891804178339,0.0036179783608356678,rugby_championship,2024,south
v1,rugby_championship_2024,drop_goals_converted,stable,position:Hooker,48,12,6.767351902343309e-05,0.00013534703804686618,1.9999999999999997e-08,6767.35190234331,0.0,0.0,0.0,1.0,0.0,6.767351902343309e-05,0.00013534703804686618,rugby_championship,2024,south
v1,rugby_championship_2024,drop_goals_converted,stable,position:Prop,96,12,7.265185448265207e-05,0.00014530370896530414,1.9999999999999997e-08,7265.185448265208,0.0,0.0,0.0,1.0,0.0,7.265185448265207e-05,0.00029060741793060827,rugby_championship,2024,south
v1,rugby_championship_2024,drop_goals_converted,stable,position:Scrum-half,48,12,0.00014192116754260163,0.00028384233508520326,1.9999999999999997e-08,14192.116754260165,0.0,0.0,0.0,1.0,0.0,0.00014192116754260163,0.0002838423350852033,rugby_championship,2024,south
v1,rugby_championship_2024,drop_goals_converted,stable,position:Second-row,72,12,7.547751045827974e-05,0.00015095502091655948,1.9999999999999997e-08,7547.751045827975,0.0,0.0,0.0,1.0,0.0,7.547751045827974e-05,0.00022643253137483922,rugby_championship,2024,south
v1,rugby_championship_2024,drop_goal_missed,stable,all,552,12,0.010569547752163245,0.07634367334111809,0.07388684032407124,1.0332512935493123,0.002368227089808796,3.8812097336691416,0.009057971014492754,1.0,0.009057971014492754,0.0017236234019128221,0.22733443215227586,rugby_championship,2024,south
v1,rugby_championship_2024,drop_goal_missed,stable,starter,360,12,0.012965579515645908,0.08859126781576546,0.08668071299282573,1.022041291043578,0.0025878327980939,3.9365489397799154,0.011111111111111112,1.0,0.011111111111111112,0.002165165083275643,0.18410919122160183,rugby_championship,2024,south
v1,rugby_championship_2024,drop_goal_missed,stable,bench,192,12,0.006076988195633257,0.05337943370115431,0.04989832907015654,1.0697639519372157,0.002860963744727878,2.6206137827260556,0.005208333333333333,1.0,0.005208333333333333,0.0008957327493575336,0.04842345769394512,rugby_championship,2024,south
v1,rugby_championship_2024,drop_goal_missed,stable,zero_minute,8,7,0.0019453502909101382,0.0038907005818202764,0.0038591540325544375,1.0081744726952393,0.0,0.0,0.0,1.0,0.0,0.0019453502909101382,0.0019453502909101382,rugby_championship,2024,south
v1,rugby_championship_2024,drop_goal_missed,stable,low_history,10,6,0.00033698192160474904,0.0006739638432094981,0.001423045166882277,0.47360678276015145,0.0,0.0,0.0,1.0,0.0,0.00033698192160474904,0.000561636536007915,rugby_championship,2024,south
v1,rugby_championship_2024,drop_goal_missed,stable,south,552,12,0.010569547752163245,0.07634367334111809,0.07388684032407124,1.0332512935493123,0.002368227089808796,3.8812097336691416,0.009057971014492754,1.0,0.009057971014492754,0.0017236234019128221,0.22733443215227586,rugby_championship,2024,south
v1,rugby_championship_2024,drop_goal_missed,stable,position:Back-row,96,12,0.00014518477484860178,0.00029036954969720357,1.9999999999999997e-08,14518.477484860181,0.0,0.0,0.0,1.0,0.0,0.00014518477484860178,0.0005807390993944071,rugby_championship,2024,south
v1,rugby_championship_2024,drop_goal_missed,stable,position:Back-three,96,12,0.04443609430837498,0.37413886181084305,0.35416926876798943,1.0563843190356963,0.021462447987456477,6.034218550533647,0.041666666666666664,1.0,0.041666666666666664,0.0033482742645148966,0.1734286467662618,rugby_championship,2024,south
v1,rugby_championship_2024,drop_goal_missed,stable,position:Centre,48,12,0.0009230826789147559,0.0018461653578295118,0.0019398642095053346,0.9516982419611133,0.0,0.0,0.0,1.0,0.0,0.0009230826789147559,0.0018461653578295118,rugby_championship,2024,south
v1,rugby_championship_2024,drop_goal_missed,stable,position:Fly-half,48,12,0.03006542535803368,0.12445014945098465,0.1374896200508328,0.9051603270484916,-0.017089519182893666,3.607256299867595,0.020833333333333332,1.0,0.020833333333333332,0.010512935417873959,0.06001897234781026,rugby_championship,2024,south
v1,rugby_championship_2024,drop_goal_missed,stable,position:Hooker,48,12,0.00012917791841325372,0.00025835583682650744,1.9999999999999997e-08,12917.791841325374,0.0,0.0,0.0,1.0,0.0,0.00012917791841325372,0.00025835583682650744,rugby_championship,2024,south
v1,rugby_championship_2024,drop_goal_missed,stable,position:Prop,96,12,0.0001314751676719422,0.0002629503353438844,1.9999999999999997e-08,13147.516767194222,0.0,0.0,0.0,1.0,0.0,0.0001314751676719422,0.0005259006706877688,rugby_championship,2024,south
v1,rugby_championship_2024,drop_goal_missed,stable,position:Scrum-half,48,12,0.0007932409334691148,0.0015864818669382296,0.0019305119305019307,0.8217933501844489,0.0,0.0,0.0,1.0,0.0,0.0007932409334691148,0.0015864818669382294,rugby_championship,2024,south
v1,rugby_championship_2024,drop_goal_missed,stable,position:Second-row,72,12,0.00014224250617032633,0.00028448501234065265,1.9999999999999997e-08,14224.250617032634,0.0,0.0,0.0,1.0,0.0,0.00014224250617032633,0.00042672751851097895,rugby_championship,2024,south
v1,rugby_championship_2024,defenders_beaten,stable,all,552,12,0.9405210583825047,1.3457700970796698,1.3742048463136924,0.9793082164494624,0.07843466227155303,0.6951664003021678,0.4746376811594203,1.0,0.9891304347826086,1.3100399733289807,8.337663419281741,rugby_championship,2024,south
v1,rugby_championship_2024,defenders_beaten,stable,starter,360,12,1.1248676386162233,1.485610631987775,1.47235727489269,1.009001454552565,0.1713928543964232,0.6579800050527962,0.6055555555555555,1.0,1.3111111111111111,1.7321472506193196,8.498887423765133,rugby_championship,2024,south
v1,rugby_championship_2024,defenders_beaten,stable,bench,192,12,0.5948712204442828,1.0835690941269724,1.1901690427280716,0.9104329345041997,-0.17968237902208795,1.089686114955074,0.22916666666666666,1.0,0.3854166666666667,0.5185888284095949,2.4630291004395737,rugby_championship,2024,south
v1,rugby_championship_2024,defenders_beaten,stable,zero_minute,8,7,0.5631134269059046,1.1262268538118092,0.8167994236905198,1.3788291484379518,0.0,0.0,0.0,1.0,0.0,0.5631134269059046,0.5631134269059046,rugby_championship,2024,south
v1,rugby_championship_2024,defenders_beaten,stable,low_history,10,6,1.106512322916817,1.9091380867382461,1.71465588339139,1.113423460200185,0.3929908338173259,0.1056300670106169,0.3,1.0,0.5,1.0130559338935048,1.6829735473419352,rugby_championship,2024,south
v1,rugby_championship_2024,defenders_beaten,stable,south,552,12,0.9405210583825047,1.3457700970796698,1.3742048463136924,0.9793082164494624,0.07843466227155303,0.6951664003021678,0.4746376811594203,1.0,0.9891304347826086,1.3100399733289807,8.337663419281741,rugby_championship,2024,south
v1,rugby_championship_2024,defenders_beaten,stable,position:Back-row,96,12,1.1157751903161495,1.606431980057488,1.7310457450006116,0.9280124368157124,0.3166197726919949,0.5241754181042056,0.5520833333333334,1.0,1.0833333333333333,1.4627041523891473,2.48568493919491,rugby_championship,2024,south
v1,rugby_championship_2024,defenders_beaten,stable,position:Back-three,96,12,1.3370293215911548,1.4143945442979842,1.4909145556194112,0.9486757902838796,0.030183759237019315,0.7437552062353633,0.7291666666666666,1.0,1.8854166666666667,2.4944133390611216,3.8327437444509678,rugby_championship,2024,south
v1,rugby_championship_2024,defenders_beaten,stable,position:Centre,48,12,1.263119910128559,1.5994478678670607,1.3379546838273226,1.1954424818721936,1.9375113913513393,-0.08439797851195147,0.7916666666666666,1.0,1.75,2.2217521634690125,1.8843208218109797,rugby_championship,2024,south
v1,rugby_championship_2024,defenders_beaten,stable,position:Fly-half,48,12,1.1539785978007606,1.3696709420960385,1.5181746022946705,0.9021827529098605,0.2449226887049413,0.7109631980184545,0.625,1.0,1.375,1.5895018398205838,1.6913586384671568,rugby_championship,2024,south
v1,rugby_championship_2024,defenders_beaten,stable,position:Hooker,48,12,0.766453245660388,1.3356596307721293,1.3345165517200666,1.0008565491754968,0.3068344054016827,0.32605791692693004,0.3125,1.0,0.5208333333333334,0.656321827571536,1.1260810472044402,rugby_championship,2024,south
v1,rugby_championship_2024,defenders_beaten,stable,position:Prop,96,12,0.5497697091216529,1.0580327314015625,1.081445979220063,0.9783500532912554,0.05117796261711927,0.6229448917860477,0.21875,1.0,0.34375,0.46965958183563616,1.4778969466200362,rugby_championship,2024,south
v1,rugby_championship_2024,defenders_beaten,stable,position:Scrum-half,48,12,0.8058073343209795,1.577934777402264,1.358032532646244,1.161927081619703,0.028855351762853827,0.47697327475041273,0.2708333333333333,1.0,0.4583333333333333,0.9004235757133645,1.4533573022828261,rugby_championship,2024,south
v1,rugby_championship_2024,defenders_beaten,stable,position:Second-row,72,12,0.5476564276201357,0.9572829245097615,1.098576534959324,0.8713848275898283,-0.22999620328958192,1.1740969654597952,0.3055555555555556,1.0,0.4305555555555556,0.562604093424647,0.9639254835947796,rugby_championship,2024,south
v1,rugby_championship_2024,clean_breaks,stable,all,552,12,0.43783394583032276,0.7860125682235782,0.6767852505464466,1.1613913979197092,0.10304980935307406,0.3674796459191921,0.20108695652173914,1.0,0.2717391304347826,0.4590439850342169,5.005533225192572,rugby_championship,2024,south
v1,rugby_championship_2024,clean_breaks,stable,starter,360,12,0.5676683691148426,0.9836739717346371,0.8226748715240351,1.1957019787323093,0.16958445543818607,0.3252402258245435,0.26666666666666666,1.0,0.37222222222222223,0.623040296661683,4.413077809977563,rugby_championship,2024,south
v1,rugby_championship_2024,clean_breaks,stable,bench,192,12,0.19439440217184809,0.4153974366403432,0.40324221121346787,1.030143732696775,0.005056570780792726,0.5165047662144422,0.078125,1.0,0.08333333333333333,0.15155090073271796,1.0533866228098534,rugby_championship,2024,south
v1,rugby_championship_2024,clean_breaks,stable,zero_minute,8,7,0.1481682236617337,0.2963364473234674,0.1799482647375607,1.646786912647638,0.0,0.0,0.0,1.0,0.0,0.1481682236617337,0.1481682236617337,rugby_championship,2024,south
v1,rugby_championship_2024,clean_breaks,stable,low_history,10,6,0.4478841647396311,0.8957683294792622,0.25901719714484395,3.4583353512946218,0.0,0.0,0.0,1.0,0.0,0.4478841647396311,0.7464736078993851,rugby_championship,2024,south
v1,rugby_championship_2024,clean_breaks,stable,south,552,12,0.43783394583032276,0.7860125682235782,0.6767852505464466,1.1613913979197092,0.10304980935307406,0.3674796459191921,0.20108695652173914,1.0,0.2717391304347826,0.4590439850342169,5.005533225192572,rugby_championship,2024,south
v1,rugby_championship_2024,clean_breaks,stable,position:Back-row,96,12,0.36520079160604196,0.6938459531352098,0.7782429978340568,0.8915543796298405,-0.10610962920726934,1.1756248704980015,0.16666666666666666,1.0,0.21875,0.2763293269473426,0.8935803423405915,rugby_championship,2024,south
v1,rugby_championship_2024,clean_breaks,stable,position:Back-three,96,12,1.0201579031112,1.667980652036519,1.15432562087241,1.4449827863786837,0.5494865598931732,0.12116526350673497,0.4479166666666667,1.0,0.7083333333333334,1.3109926792783402,2.948695082485443,rugby_championship,2024,south
v1,rugby_championship_2024,clean_breaks,stable,position:Centre,48,12,0.7336284880593317,1.1518143456111607,1.1002524033339605,1.0468637397391347,0.46334844586924173,0.16548079246348346,0.4583333333333333,1.0,0.6041666666666666,0.8509641433370527,1.1610281166021406,rugby_championship,2024,south
v1,rugby_championship_2024,clean_breaks,stable,position:Fly-half,48,12,0.4689837032484703,0.8555832482881018,0.6390304890307573,1.3388770379106616,0.12028528430996194,0.2560493155897389,0.20833333333333334,1.0,0.22916666666666666,0.42523598278685704,0.7533782919948643,rugby_championship,2024,south
v1,rugby_championship_2024,clean_breaks,stable,position:Hooker,48,12,0.24155185786852473,0.5580169817593806,0.5288430274924486,1.0551656214609895,0.0406748303590031,0.37990129677879236,0.08333333333333333,1.0,0.10416666666666667,0.16712719026235226,0.4405509943294164,rugby_championship,2024,south
v1,rugby_championship_2024,clean_breaks,stable,position:Prop,96,12,0.08819471035188231,0.21203642718439478,0.19552925790778564,1.0844230139941213,7.691548166933565e-05,0.4792016477400095,0.03125,1.0,0.03125,0.06505212297442597,0.3226788694721543,rugby_championship,2024,south
v1,rugby_championship_2024,clean_breaks,stable,position:Scrum-half,48,12,0.36410118765029065,0.6681352597620523,0.5275524292308148,1.2664812495247364,0.019476212220510606,0.36665983507294175,0.14583333333333334,1.0,0.14583333333333334,0.34461675107579154,0.5717812188338606,rugby_championship,2024,south
v1,rugby_championship_2024,clean_breaks,stable,position:Second-row,72,12,0.18647888672256455,0.4385790896254722,0.4874375193117658,0.8997647334261857,0.07320085292247577,0.08157605568349653,0.08333333333333333,1.0,0.08333333333333333,0.12420900135414896,0.4366010769427045,rugby_championship,2024,south
v1,rugby_championship_2024,offload,stable,all,552,12,0.4299073546760151,0.7613210397504993,0.73197849294438,1.0400866242505145,-0.0658480254509912,0.7452430238888025,0.2028985507246377,1.0,0.26268115942028986,0.4408349683797927,4.6170450527427995,rugby_championship,2024,south
v1,rugby_championship_2024,offload,stable,starter,360,12,0.5384642199273048,0.9220203531320639,0.9030714166729495,1.0209827662677278,-0.06684844729893141,0.7462764371251542,0.2777777777777778,1.0,0.3638888888888889,0.5771820129376322,3.8251864939526907,rugby_championship,2024,south
v1,rugby_championship_2024,offload,stable,bench,192,12,0.226363232329847,0.4600098271600657,0.41117926095331203,1.1187573665401822,-0.06749022184881369,0.7582009866360135,0.0625,1.0,0.07291666666666667,0.18518425983384393,1.1334694947767276,rugby_championship,2024,south
v1,rugby_championship_2024,offload,stable,zero_minute,8,7,0.20052662447797487,0.40105324895594974,0.25397363425725494,1.5791137144169656,0.0,0.0,0.0,1.0,0.0,0.20052662447797487,0.20052662447797487,rugby_championship,2024,south
v1,rugby_championship_2024,offload,stable,low_history,10,6,0.4905160103013132,1.1661374500847825,1.1326911190268605,1.0295282010215256,0.3699790520239483,-0.5111062290056195,0.1,1.0,0.2,0.3325708871806365,0.8175266838355221,rugby_championship,2024,south
v1,rugby_championship_2024,offload,stable,south,552,12,0.4299073546760151,0.7613210397504993,0.73197849294438,1.0400866242505145,-0.0658480254509912,0.7452430238888025,0.2028985507246377,1.0,0.26268115942028986,0.4408349683797927,4.6170450527427995,rugby_championship,2024,south
v1,rugby_championship_2024,offload,stable,position:Back-row,96,12,0.5135787288814316,0.8821931287546002,0.950399847966637,0.9282336593824548,-0.13608586174924184,0.9228424332875699,0.25,1.0,0.3541666666666667,0.5312418574744271,1.181026916146574,rugby_championship,2024,south
v1,rugby_championship_2024,offload,stable,position:Back-three,96,12,0.5871677101521092,0.9598725600046817,1.0120102072116506,0.9484811053925813,-0.21082696499864223,1.004620843756702,0.34375,1.0,0.46875,0.6764511897418104,1.517987928640781,rugby_championship,2024,south
v1,rugby_championship_2024,offload,stable,position:Centre,48,12,0.6464888278229005,1.0909693550335886,0.9608277354990266,1.135447400950567,0.23708412225465136,0.2699835990689835,0.3541666666666667,1.0,0.4375,0.7423261206846137,0.9830845586413567,rugby_championship,2024,south
v1,rugby_championship_2024,offload,stable,position:Fly-half,48,12,0.491692711986216,0.8928055317701116,0.8461369894617122,1.0551548305884706,-0.01243384580095232,0.6144465666850377,0.22916666666666666,1.0,0.3125,0.5288236006492518,0.8219166671735145,rugby_championship,2024,south
v1,rugby_championship_2024,offload,stable,position:Hooker,48,12,0.275259062098162,0.5377406457294032,0.5167149129385008,1.0406911669557422,-0.053249152300656445,0.8228798608408224,0.125,1.0,0.125,0.21661625321407266,0.44854442554836754,rugby_championship,2024,south
v1,rugby_championship_2024,offload,stable,position:Prop,96,12,0.17788594669601024,0.3555931546424005,0.2826753556140366,1.2579559822962616,0.006022654937583618,0.22801993105312615,0.041666666666666664,1.0,0.041666666666666664,0.1563197197914176,0.582887962366221,rugby_championship,2024,south
v1,rugby_championship_2024,offload,stable,position:Scrum-half,48,12,0.45529772483689346,0.8272546069993619,0.7219856889292187,1.1458047156395417,0.003080766004264716,0.48540593867088866,0.16666666666666666,1.0,0.20833333333333334,0.4228472521186693,0.8320733707870688,rugby_championship,2024,south
v1,rugby_championship_2024,offload,stable,position:Second-row,72,12,0.3452876537139329,0.6740694205299409,0.5879443469648422,1.146485078068535,0.08135793889528609,0.20024073937396514,0.125,1.0,0.1388888888888889,0.2873089171237991,0.6740487180843182,rugby_championship,2024,south
v1,rugby_championship_2024,runs,stable,all,552,12,2.1970600562973344,1.7012504184297041,1.9222041797533638,0.8850518776043812,0.13318993913668453,0.8827013436016005,0.9166666666666666,1.0,5.094202898550725,5.620262159307589,20.361618553150223,rugby_championship,2024,south
v1,rugby_championship_2024,runs,stable,starter,360,12,2.4955391735131673,1.6401900192358874,1.8606342373885494,0.8815220027005085,0.13642888864044578,0.8799434061682342,0.9777777777777777,1.0,6.502777777777778,7.2349526623081095,18.938512017603173,rugby_championship,2024,south
v1,rugby_championship_2024,runs,stable,bench,192,12,1.6374117115176479,1.8157386669181104,2.0376478216873903,0.8910954324847384,-1.3112210582412507,1.4518921198865309,0.8020833333333334,1.0,2.453125,2.5927174661816115,6.503649930198077,rugby_championship,2024,south
v1,rugby_championship_2024,runs,stable,zero_minute,8,7,1.7712986875071908,3.063037849554034,2.6991523428959643,1.1348147345650192,-1.940473514077596,1.0705983888621142,0.375,1.0,0.625,2.3962986875071906,1.7712986875071908,rugby_championship,2024,south
v1,rugby_championship_2024,runs,stable,low_history,10,6,2.1477516044036236,2.1435895857361005,1.9934047856406991,1.075340844557635,2.1185408121196683,0.16537712627710274,0.9,1.0,2.7,3.515958953755482,3.398469525658053,rugby_championship,2024,south
v1,rugby_championship_2024,runs,stable,south,552,12,2.1970600562973344,1.7012504184297041,1.9222041797533638,0.8850518776043812,0.13318993913668453,0.8827013436016005,0.9166666666666666,1.0,5.094202898550725,5.620262159307589,20.361618553150223,rugby_championship,2024,south
v1,rugby_championship_2024,runs,stable,position:Back-row,96,12,2.3671085761198207,1.3257418839573816,2.2200623666351924,0.5971642526271568,0.33132918953111656,0.9613124736450606,0.9895833333333334,1.0,7.489583333333333,7.446334402236434,5.399926442419688,rugby_championship,2024,south
v1,rugby_championship_2024,runs,stable,position:Back-three,96,12,2.5401666239783682,1.765323321655749,1.5612932657744487,1.1306801613469428,0.5930299436450395,0.7054052276618862,0.9375,1.0,5.5625,7.044844383740403,7.180701633240016,rugby_championship,2024,south
v1,rugby_championship_2024,runs,stable,position:Centre,48,12,2.6384185386338364,1.4550596116184982,1.4931488263002552,0.974490677680044,3.2359646969204965,0.5340330077451519,1.0,1.0,7.354166666666667,7.711512041426903,4.403446644484002,rugby_championship,2024,south
v1,rugby_championship_2024,runs,stable,position:Fly-half,48,12,2.0146064561320625,1.7839632640089722,2.1502864397780304,0.8296398242613329,0.7110270207085955,0.8451355218837092,0.8958333333333334,1.0,4.729166666666667,4.754432327021472,2.322373783746203,rugby_championship,2024,south
v1,rugby_championship_2024,runs,stable,position:Hooker,48,12,2.2937957624497716,2.1858676468454736,2.0735502513163078,1.0541667101908265,1.3042295089533722,0.5317280067205958,0.8958333333333334,1.0,3.8958333333333335,4.87392763146621,3.0127811722170637,rugby_championship,2024,south
v1,rugby_championship_2024,runs,stable,position:Prop,96,12,1.6978861711972082,1.6116716564009292,1.682756720313354,0.9577567790671562,0.3553586907682481,0.7850686123332761,0.875,1.0,3.3020833333333335,3.7534612851317846,3.8313120215255143,rugby_championship,2024,south
v1,rugby_championship_2024,runs,stable,position:Scrum-half,48,12,1.6647949032786584,1.6620293721518653,1.9051590444147537,0.87238352988132,0.20224928312359644,0.7835988638975818,0.8125,1.0,2.8125,3.331105795499942,2.4254287159232564,rugby_championship,2024,south
v1,rugby_championship_2024,runs,stable,position:Second-row,72,12,2.2961681628894812,2.047990795525779,2.3699858666055635,0.8641362905927514,-0.907188390409543,1.129986702132564,0.8888888888888888,1.0,4.722222222222222,4.981837929603666,3.9771252392714875,rugby_championship,2024,south
v1,rugby_championship_2024,tackles,stable,all,552,12,2.4808747315901116,1.839416794981219,1.9276792473872617,0.9542131023479804,-0.6913538559868003,1.2472307317890516,0.9510869565217391,1.0,6.103260869565218,5.447760829149623,23.374835002652407,rugby_championship,2024,south
v1,rugby_championship_2024,tackles,stable,starter,360,12,2.8761057880562033,1.8852157804688057,1.9987143707221788,0.9432142021311611,-0.8088072251571037,1.2724135432944037,0.9805555555555555,1.0,7.627777777777778,6.630379759312949,21.21168091303116,rugby_championship,2024,south
v1,rugby_championship_2024,tackles,stable,bench,192,12,1.7398165007161912,1.7535436971919947,1.7944883911342915,0.9771830822954415,0.897097217712022,0.726761560023418,0.8958333333333334,1.0,3.2447916666666665,3.2303503350933886,7.379077129070896,rugby_championship,2024,south
v1,rugby_championship_2024,tackles,stable,zero_minute,8,7,2.109977611283489,3.691622227188399,3.1397169552457376,1.1757818554378145,-0.06784010590317555,0.42935286159496044,0.375,1.0,1.25,3.069363741999207,2.109977611283489,rugby_championship,2024,south
v1,rugby_championship_2024,tackles,stable,low_history,10,6,1.8671930406212525,1.170173971645914,1.7560992448070458,0.6663484282600945,3.178967080663704,0.3772447060855993,1.0,1.0,4.8,4.297032915734201,3.1003233828400405,rugby_championship,2024,south
v1,rugby_championship_2024,tackles,stable,south,552,12,2.4808747315901116,1.839416794981219,1.9276792473872617,0.9542131023479804,-0.6913538559868003,1.2472307317890516,0.9510869565217391,1.0,6.103260869565218,5.447760829149623,23.374835002652407,rugby_championship,2024,south
v1,rugby_championship_2024,tackles,stable,position:Back-row,96,12,3.5934744739897178,2.2581490305913205,2.3397766038509746,0.9651130910851465,-2.3481558291379034,1.4337519247093267,0.9791666666666666,1.0,9.510416666666666,8.27100720245501,9.129661216828206,rugby_championship,2024,south
v1,rugby_championship_2024,tackles,stable,position:Back-three,96,12,1.6143597795640536,1.3775909998344182,1.6150071650345401,0.8529937387645928,-0.02574857921315177,1.1041607969112026,0.90625,1.0,3.3958333333333335,3.098807639356579,3.5829550109471064,rugby_championship,2024,south
v1,rugby_championship_2024,tackles,stable,position:Centre,48,12,2.2901437860301974,1.3890937612644096,1.4215566014581598,0.9771638778502021,0.8137031320993169,1.056904520567108,1.0,1.0,7.520833333333333,6.3460133538223005,3.6992138442892326,rugby_championship,2024,south
v1,rugby_championship_2024,tackles,stable,position:Fly-half,48,12,1.863819988722846,1.905626968821749,2.28701175958232,0.8332388151645431,0.5964776486626233,0.7906795087067905,0.875,1.0,3.3541666666666665,3.487745651224008,2.9611319674368164,rugby_championship,2024,south
v1,rugby_championship_2024,tackles,stable,position:Hooker,48,12,2.6609824516822074,1.9593927525111925,2.1841611826921863,0.8970916469159362,-0.7556264330266672,1.234195332492423,0.9583333333333334,1.0,6.416666666666667,5.811311152189407,3.285075669205849,rugby_championship,2024,south
v1,rugby_championship_2024,tackles,stable,position:Prop,96,12,2.3152911784114423,1.7442351958969644,1.6863728273406535,1.0343117296591868,-1.1735801526683098,1.3184200955538499,0.96875,1.0,5.71875,5.227719280001528,5.293934839377418,rugby_championship,2024,south
v1,rugby_championship_2024,tackles,stable,position:Scrum-half,48,12,1.9275929614987242,1.9524455265336285,1.7953849256020165,1.087480182490085,1.56012693077383,0.663258934818154,0.9375,1.0,3.7916666666666665,3.3645076134626954,2.754568997199924,rugby_championship,2024,south
v1,rugby_championship_2024,tackles,stable,position:Second-row,72,12,3.160846240947924,2.1245224536717564,2.131922455444326,0.9965289535960034,-2.1206849434851325,1.4395179340043076,0.9722222222222222,1.0,7.902777777777778,6.9630690139306815,5.8756885740772615,rugby_championship,2024,south
v1,rugby_championship_2024,missed_tackles,stable,all,552,12,0.7934137609529909,1.2091097414326888,1.2136943038658055,0.9962226382553546,-0.05191871149607556,1.3190458450818416,0.5760869565217391,1.0,0.9891304347826086,0.7892440965265248,6.82613219776919,rugby_championship,2024,south
v1,rugby_championship_2024,missed_tackles,stable,starter,360,12,0.9040225646336462,1.2928057856724946,1.2944916061041492,0.9986976968999218,0.406907838570556,0.9040050396501562,0.7111111111111111,1.0,1.288888888888889,0.9756373157606002,5.792310806930143,rugby_championship,2024,south
v1,rugby_championship_2024,missed_tackles,stable,bench,192,12,0.5860222540517621,1.052179658483053,1.0621993621689105,0.9905670215566705,0.47557699591050134,-0.11027381821819102,0.3229166666666667,1.0,0.4270833333333333,0.4397568104626333,2.2578262513351777,rugby_championship,2024,south
v1,rugby_championship_2024,missed_tackles,stable,zero_minute,8,7,0.4992843919131641,0.8512600728569306,0.7066048991587837,1.2047186113064876,3.2096661521665832,-6.401752870964838,0.25,1.0,0.25,0.46232121292750217,0.4992843919131641,rugby_championship,2024,south
v1,rugby_championship_2024,missed_tackles,stable,low_history,10,6,0.5952208327993451,0.8227149797472878,0.648048111101292,1.269527625578859,-0.6340328555831373,2.905480284536716,0.6,1.0,0.8,0.49356137889326523,0.8113286659834156,rugby_championship,2024,south
v1,rugby_championship_2024,missed_tackles,stable,south,552,12,0.7934137609529909,1.2091097414326888,1.2136943038658055,0.9962226382553546,-0.05191871149607556,1.3190458450818416,0.5760869565217391,1.0,0.9891304347826086,0.7892440965265248,6.82613219776919,rugby_championship,2024,south
v1,rugby_championship_2024,missed_tackles,stable,position:Back-row,96,12,0.8318838234853408,1.176346634643149,1.1803004813797393,0.99665013545367,0.25055152746462933,0.9629571710976241,0.6354166666666666,1.0,1.0729166666666667,0.8539997041246051,1.7633615256695974,rugby_championship,2024,south
v1,rugby_championship_2024,missed_tackles,stable,position:Back-three,96,12,0.7860115626364602,1.110457017558154,1.2027339356740674,0.9232773638633576,-0.3881547050409739,1.7210411893062108,0.625,1.0,1.1041666666666667,0.8671038095893723,1.7618341227547596,rugby_championship,2024,south
v1,rugby_championship_2024,missed_tackles,stable,position:Centre,48,12,0.8888365633171489,1.0966152705288168,1.0472405929100825,1.047147406195869,0.015610920598513992,1.2472166081805236,0.7916666666666666,1.0,1.4791666666666667,1.1734575505719336,1.3313867887453932,rugby_championship,2024,south
v1,rugby_championship_2024,missed_tackles,stable,position:Fly-half,48,12,0.7880638071127363,1.2557454843907714,1.271863777688223,0.9873270285857589,0.01131179223778494,1.02559586614172,0.5,1.0,0.875,0.8421330821187883,1.37740689605355,rugby_championship,2024,south
v1,rugby_championship_2024,missed_tackles,stable,position:Hooker,48,12,0.6197471879435391,1.072098195257534,1.0545557969164665,1.0166348697644654,-0.20791108807730743,1.2956524902832365,0.4166666666666667,1.0,0.5833333333333334,0.6106918539844514,0.8089847121430092,rugby_championship,2024,south
v1,rugby_championship_2024,missed_tackles,stable,position:Prop,96,12,0.7092076593487433,1.1647877856787312,1.0964178111178189,1.0623575920307313,0.11396921120155236,1.0993517572910323,0.5,1.0,0.7395833333333334,0.569075473780465,1.7234481233920773,rugby_championship,2024,south
v1,rugby_championship_2024,missed_tackles,stable,position:Scrum-half,48,12,0.6470461236909856,1.010594728662925,1.0087432691848248,1.0018354119771193,-0.01921138128408759,0.8201508423396194,0.4375,1.0,0.6041666666666666,0.7600773123300869,0.9506811431374599,rugby_championship,2024,south
v1,rugby_championship_2024,missed_tackles,stable,position:Second-row,72,12,1.017572318635931,1.7110169812505367,1.744117734275942,0.981021491625881,-0.2667774838555676,2.1631121963591395,0.6388888888888888,1.0,1.3333333333333333,0.7397262240405938,2.211149783142615,rugby_championship,2024,south
v1,rugby_championship_2024,rucks_won,stable,all,552,12,1.6975250313165924,1.4032604229567125,1.9614226753942048,0.7154298971661917,0.06698722812795511,0.9605583773234783,0.8858695652173914,1.0,3.7010869565217392,3.7833200086390653,12.01038639426588,rugby_championship,2024,south
v1,rugby_championship_2024,rucks_won,stable,starter,360,12,1.916424232221162,1.3421127790595455,1.9842208938402168,0.6763928266383943,-0.014340677788524535,0.9722024157453176,0.9583333333333334,1.0,4.666666666666667,4.814848501344856,11.889608256179761,rugby_championship,2024,south
v1,rugby_championship_2024,rucks_won,stable,bench,192,12,1.2870890296205248,1.5179122552639004,1.9186760158079315,0.7911248396070275,-0.1540671840143779,1.1057147238662701,0.75,1.0,1.890625,1.8492040848157074,5.2677434343604,rugby_championship,2024,south
v1,rugby_championship_2024,rucks_won,stable,zero_minute,8,7,1.098611577091089,1.8068775002841218,1.4442505206950613,1.2510831565527443,-1.3119099619688857,1.1622445253559162,0.375,1.0,0.625,1.666525347904515,1.098611577091089,rugby_championship,2024,south
v1,rugby_championship_2024,rucks_won,stable,low_history,10,6,1.2366936847210055,1.2103685034918201,1.2917429635635393,0.9370041390841171,1.269598370427218,0.43035594160332147,0.9,1.0,2.2,2.1619351323616103,1.6170209699063804,rugby_championship,2024,south
v1,rugby_championship_2024,rucks_won,stable,south,552,12,1.6975250313165924,1.4032604229567125,1.9614226753942048,0.7154298971661917,0.06698722812795511,0.9605583773234783,0.8858695652173914,1.0,3.7010869565217392,3.7833200086390653,12.01038639426588,rugby_championship,2024,south
v1,rugby_championship_2024,rucks_won,stable,position:Back-row,96,12,1.9730768048332756,1.2328068637724845,2.737142569698523,0.45039921464824156,0.32854723035422306,0.9703700262774773,0.9791666666666666,1.0,6.020833333333333,5.8660984457813425,4.381892029830346,rugby_championship,2024,south
v1,rugby_championship_2024,rucks_won,stable,position:Back-three,96,12,1.5701319132911615,1.1969627079772909,1.1715071176647085,1.021728925013555,0.22682491572891791,0.7547346778007324,0.875,1.0,3.0729166666666665,3.7709831476554787,4.101094744078878,rugby_championship,2024,south
v1,rugby_championship_2024,rucks_won,stable,position:Centre,48,12,2.037718774554778,1.2568664125596862,1.5827905769888266,0.7940825721560755,3.5579102966049305,0.34157753414452036,1.0,1.0,5.125,4.587800855579801,3.118872451429885,rugby_championship,2024,south
v1,rugby_championship_2024,rucks_won,stable,position:Fly-half,48,12,1.3434468603353205,1.5105902703089267,2.03089298095639,0.7438059437270584,0.7507919819465113,0.7374878641501678,0.8333333333333334,1.0,2.3125,2.1176050399867887,1.8802969684716413,rugby_championship,2024,south
v1,rugby_championship_2024,rucks_won,stable,position:Hooker,48,12,2.0720921088043345,2.099176153667088,2.229455687697273,0.9415644209709562,1.0711560247303074,0.577259005285327,0.8541666666666666,1.0,3.25,3.7744651106702727,2.845478606712982,rugby_championship,2024,south
v1,rugby_championship_2024,rucks_won,stable,position:Prop,96,12,1.512233427297317,1.377166735941989,1.6808998362249152,0.8193032721300803,0.10041154804347631,0.9194554354306894,0.875,1.0,2.9270833333333335,3.0742890588990783,3.0886925551928415,rugby_championship,2024,south
v1,rugby_championship_2024,rucks_won,stable,position:Scrum-half,48,12,0.9111153546901477,1.0254263252936584,1.7515753847616151,0.585430883657466,-0.7015463296312605,1.5627836986031134,0.7083333333333334,1.0,1.6041666666666667,1.4753884356222027,1.3546890362429138,rugby_championship,2024,south
v1,rugby_championship_2024,rucks_won,stable,position:Second-row,72,12,2.030853647275149,1.7543753911928706,2.5216980596353036,0.6957119170114261,-0.7215600685416214,1.192706827756612,0.8888888888888888,1.0,4.152777777777778,4.086786235212257,3.511503254736702,rugby_championship,2024,south
v1,rugby_championship_2024,rucks_lost,stable,all,552,12,0.25062464778562393,0.5958598685392664,0.5998904837093819,0.9932810816647858,0.058352101239542126,0.7294338232302848,0.1539855072463768,1.0,0.15942028985507245,0.13855703615161663,1.2757138191480857,rugby_championship,2024,south
v1,rugby_championship_2024,rucks_lost,stable,starter,360,12,0.291865164798113,0.6359255136045453,0.6401524575410686,0.9933969730386418,0.06850475470194378,0.6682604163552179,0.17777777777777778,1.0,0.18333333333333332,0.17183208195643265,1.1299180088505578,rugby_championship,2024,south
v1,rugby_championship_2024,rucks_lost,stable,bench,192,12,0.17329867838720703,0.5207367840418685,0.5243992827749693,0.9930158204761077,-0.042038293480669106,2.0563106630622014,0.109375,1.0,0.11458333333333333,0.0761663252675867,0.7112211012465356,rugby_championship,2024,south
v1,rugby_championship_2024,rucks_lost,stable,zero_minute,8,7,0.07844029684344413,0.15688059368688825,0.12515323300441944,1.2535081189740296,0.0,0.0,0.0,1.0,0.0,0.07844029684344413,0.07844029684344413,rugby_championship,2024,south
v1,rugby_championship_2024,rucks_lost,stable,low_history,10,6,0.09885295100755062,0.19770590201510124,0.20160980748174664,0.9806363315584296,0.0,0.0,0.0,1.0,0.0,0.09885295100755062,0.16475491834591768,rugby_championship,2024,south
v1,rugby_championship_2024,rucks_lost,stable,south,552,12,0.25062464778562393,0.5958598685392664,0.5998904837093819,0.9932810816647858,0.058352101239542126,0.7294338232302848,0.1539855072463768,1.0,0.15942028985507245,0.13855703615161663,1.2757138191480857,rugby_championship,2024,south
v1,rugby_championship_2024,rucks_lost,stable,position:Back-row,96,12,0.3213210513959479,0.7568704590980951,0.7780357361259119,0.9727965232892701,0.29767097366739487,-0.41552125784063054,0.22916666666666666,1.0,0.22916666666666666,0.16486354358072894,0.7140323047912318,rugby_championship,2024,south
v1,rugby_championship_2024,rucks_lost,stable,position:Back-three,96,12,0.26441180161997074,0.5388561558069461,0.5419699946555286,0.9942545918052869,-0.10781799666137945,1.4289097114009823,0.13541666666666666,1.0,0.14583333333333334,0.17751389606416698,0.5696857357367838,rugby_championship,2024,south
v1,rugby_championship_2024,rucks_lost,stable,position:Centre,48,12,0.3264599039753236,0.6927068379971447,0.6868768796269187,1.008487632271729,0.2970842554287193,-0.3790616605949722,0.22916666666666666,1.0,0.22916666666666666,0.17917293100929768,0.4873709312219375,rugby_championship,2024,south
v1,rugby_championship_2024,rucks_lost,stable,position:Fly-half,48,12,0.22190008262583097,0.5349380060234993,0.49776901858518174,1.0746711547937708,-0.02495079856113861,1.4608554833688316,0.14583333333333334,1.0,0.14583333333333334,0.1169069314786924,0.3918282652791267,rugby_championship,2024,south
v1,rugby_championship_2024,rucks_lost,stable,position:Hooker,48,12,0.22506169412825527,0.5369485837401115,0.51840164742445,1.0357771554311357,-0.04189707246873021,1.5837186179540312,0.14583333333333334,1.0,0.14583333333333334,0.11853772739287993,0.3944255771907383,rugby_championship,2024,south
v1,rugby_championship_2024,rucks_lost,stable,position:Prop,96,12,0.22133081141132727,0.6391401573238042,0.6744023289649937,0.9477134491879552,0.09418839249124852,0.5033088791547716,0.125,1.0,0.14583333333333334,0.10261082802436232,0.6375033293161386,rugby_championship,2024,south
v1,rugby_championship_2024,rucks_lost,stable,position:Scrum-half,48,12,0.17991792743195567,0.4726370483625455,0.4693818333082634,1.0069351108698412,0.06450412745983777,0.4088688996974817,0.10416666666666667,1.0,0.10416666666666667,0.09700551750493829,0.33831657212137234,rugby_championship,2024,south
v1,rugby_championship_2024,rucks_lost,stable,position:Second-row,72,12,0.20981100834587865,0.4969496450803806,0.491663376146806,1.010751805381567,0.08402636402413464,0.21181330511741822,0.1111111111111111,1.0,0.1111111111111111,0.1278708486795111,0.4451271066849505,rugby_championship,2024,south
v1,rugby_championship_2024,passes,stable,all,552,12,2.715836252273656,2.1870315068952038,3.074989677965793,0.7112321457748754,-0.4789102145572415,0.9894910554813845,0.8315217391304348,1.0,6.561594202898551,7.1152784842816095,31.087513349767644,rugby_championship,2024,south
v1,rugby_championship_2024,passes,stable,starter,360,12,3.1029022307444953,2.1740973166919115,2.6793186562624185,0.8114366358067772,-0.5474640231052857,0.9867257002101149,0.925,1.0,8.127777777777778,8.79194876452062,29.92414314757561,rugby_championship,2024,south
v1,rugby_championship_2024,passes,stable,bench,192,12,1.9900875426408327,2.2112831135263775,3.81687284365962,0.5793441919868093,-0.491017303625208,1.036382929613694,0.65625,1.0,3.625,3.9715217088334653,9.832525917853845,rugby_championship,2024,south
v1,rugby_championship_2024,passes,stable,zero_minute,8,7,3.6960621199741754,6.882115617016744,4.872580271435694,1.412417083687971,0.6271111350045756,-0.03056525051294485,0.375,1.0,0.5,4.158681276004657,3.6960621199741754,rugby_championship,2024,south
v1,rugby_championship_2024,passes,stable,low_history,10,6,1.8984725795610977,2.0446980720543335,1.55394922720232,1.315807515626197,1.2759923069213477,0.078129586575609,0.8,1.0,1.5,2.8671301474489583,3.0923285238789604,rugby_championship,2024,south
v1,rugby_championship_2024,passes,stable,south,552,12,2.715836252273656,2.1870315068952038,3.074989677965793,0.7112321457748754,-0.4789102145572415,0.9894910554813845,0.8315217391304348,1.0,6.561594202898551,7.1152784842816095,31.087513349767644,rugby_championship,2024,south
v1,rugby_championship_2024,passes,stable,position:Back-row,96,12,1.8494899609364508,1.599998778244301,1.7531514576806373,0.9126415012431657,-0.48544013190881147,0.9385800217550863,0.8541666666666666,1.0,3.4375,4.179654415159142,5.638684424560714,rugby_championship,2024,south
v1,rugby_championship_2024,passes,stable,position:Back-three,96,12,2.770871020955267,2.554665573520909,3.9717834717239398,0.6432036367813537,-0.37127669026796406,0.9715706804657798,0.8854166666666666,1.0,4.427083333333333,4.938765773891938,6.856271090311471,rugby_championship,2024,south
v1,rugby_championship_2024,passes,stable,position:Centre,48,12,2.667155286614189,1.903338002700903,2.081516969323552,0.9143994647900694,1.2251064516140808,0.6288792368538725,1.0,1.0,5.375,6.598871937872858,4.501343044111212,rugby_championship,2024,south
v1,rugby_championship_2024,passes,stable,position:Fly-half,48,12,5.828571136635179,4.602450255125792,7.426816318686676,0.6197070262186944,-0.7067506547992157,0.9852385361782309,0.8541666666666666,1.0,11.9375,12.833694775933793,9.883690078905596,rugby_championship,2024,south
v1,rugby_championship_2024,passes,stable,position:Hooker,48,12,1.2175867553362898,1.4499383061790294,1.5298549687284175,0.9477619354886868,0.2527920830216655,0.8074351750722655,0.7708333333333334,1.0,1.9791666666666667,2.1380968242936533,1.4530036552585879,rugby_championship,2024,south
v1,rugby_championship_2024,passes,stable,position:Prop,96,12,0.9415637286328048,1.3599892731341614,1.3172502154632724,1.0324456638299793,-0.49856886565489505,1.1669815859434431,0.5625,1.0,1.0520833333333333,1.3287717798345622,1.854002514233497,rugby_championship,2024,south
v1,rugby_championship_2024,passes,stable,position:Scrum-half,48,12,8.182712563372496,4.248189432757513,7.999498880874555,0.5310569444436344,-0.041605964054366326,0.9870556269996271,0.9583333333333334,1.0,33.833333333333336,34.31917955866179,9.766054619595883,rugby_championship,2024,south
v1,rugby_championship_2024,passes,stable,position:Second-row,72,12,1.4748278254265665,1.2784260551552427,1.4935492461718145,0.8559651169400915,0.04733751152300402,0.878511400526817,0.9166666666666666,1.0,3.0,3.360983689803426,3.0013973798513454,rugby_championship,2024,south
v1,rugby_championship_2024,bad_passes,stable,all,552,12,0.46679513090683544,0.7898840379821249,0.8749138146112841,0.9028135397919884,-0.01872927215853163,1.0446529525413375,0.3061594202898551,1.0,0.4311594202898551,0.43065851807907934,2.9130912626937024,rugby_championship,2024,south
v1,rugby_championship_2024,bad_passes,stable,starter,360,12,0.5650449639611371,0.9069939586745465,1.0101436095389043,0.8978861521368807,0.007910779385689218,1.0192148104538663,0.39444444444444443,1.0,0.5694444444444444,0.5509473167964456,2.5284606296033783,rugby_championship,2024,south
v1,rugby_championship_2024,bad_passes,stable,bench,192,12,0.28257669393001983,0.5703029366838344,0.6213579491219962,0.9178331708634216,-0.04040952206843639,1.0349434755219524,0.140625,1.0,0.171875,0.2051170204840176,1.126559174256663,rugby_championship,2024,south
v1,rugby_championship_2024,bad_passes,stable,zero_minute,8,7,0.26620879235461736,0.47088044469956186,0.5386553395354092,0.8741776236836281,-0.05165348523204272,0.7762975775761909,0.125,1.0,0.125,0.2275589803894562,0.26620879235461736,rugby_championship,2024,south
v1,rugby_championship_2024,bad_passes,stable,low_history,10,6,0.27543415621348133,0.616853533786595,0.5715971164275985,1.0791753773039352,0.17920669421294527,-0.39520746573084337,0.1,1.0,0.1,0.20041801099701173,0.2330046831797893,rugby_championship,2024,south
v1,rugby_championship_2024,bad_passes,stable,south,552,12,0.46679513090683544,0.7898840379821249,0.8749138146112841,0.9028135397919884,-0.01872927215853163,1.0446529525413375,0.3061594202898551,1.0,0.4311594202898551,0.43065851807907934,2.9130912626937024,rugby_championship,2024,south
v1,rugby_championship_2024,bad_passes,stable,position:Back-row,96,12,0.462415135628712,0.8171094125159932,1.0179746249090698,0.8026815133913394,-0.28476127616406566,2.110013060142524,0.3229166666666667,1.0,0.4166666666666667,0.3324282470476051,0.8509652866353096,rugby_championship,2024,south
v1,rugby_championship_2024,bad_passes,stable,position:Back-three,96,12,0.5366057504828194,0.8980665301158028,1.0375892921112018,0.8655318023651637,-0.04810429109506599,1.0246033711934432,0.375,1.0,0.4791666666666667,0.5146098213082936,1.0507935798173396,rugby_championship,2024,south
v1,rugby_championship_2024,bad_passes,stable,position:Centre,48,12,0.7107883838520311,1.1434190523754892,1.2126336046482924,0.9429221225541758,0.6550093618966288,0.14810766723393992,0.5208333333333334,1.0,0.75,0.6413620569239714,1.0410969822371003,rugby_championship,2024,south
v1,rugby_championship_2024,bad_passes,stable,position:Fly-half,48,12,0.745307776289115,1.1168517947923882,1.2401878426733182,0.9005505104653583,-0.2437948241205417,1.4021656497389907,0.4375,1.0,0.8125,0.7533309807704733,1.173704120059603,rugby_championship,2024,south
v1,rugby_championship_2024,bad_passes,stable,position:Hooker,48,12,0.2666691853817855,0.5235678532011243,0.5631614883189853,0.9296939937493837,-0.13434202007540139,1.645475872623002,0.16666666666666666,1.0,0.16666666666666666,0.1829310850132608,0.4531006634395978,rugby_championship,2024,south
v1,rugby_championship_2024,bad_passes,stable,position:Prop,96,12,0.1866901635913686,0.4342448158949377,0.41311554401066997,1.0511461555746302,0.06965206449047928,0.10950710803522448,0.08333333333333333,1.0,0.08333333333333333,0.12493498448021549,0.5815786560069104,rugby_championship,2024,south
v1,rugby_championship_2024,bad_passes,stable,position:Scrum-half,48,12,0.7296586137139563,0.8695748982053618,0.9545282392432791,0.9109996566416246,-0.032871223558645996,0.9318506670986859,0.5833333333333334,1.0,0.9583333333333334,1.0636946368006486,1.2561384922042027,rugby_championship,2024,south
v1,rugby_championship_2024,bad_passes,stable,position:Second-row,72,12,0.3628652978572798,0.7542742141110702,0.7690925140560069,0.9807327471349466,0.004811212448358918,0.8311365509521766,0.16666666666666666,1.0,0.20833333333333334,0.24487206181921975,0.7437149752158811,rugby_championship,2024,south
v1,rugby_championship_2024,turnovers_conceded,stable,all,552,12,0.6027019490338706,1.0010690629451329,1.0217399194061747,0.9797689646176734,0.08337390271635026,0.9093807736123484,0.43478260869565216,1.0,0.6177536231884058,0.5876303260177044,2.0654328122893695,rugby_championship,2024,south
v1,rugby_championship_2024,turnovers_conceded,stable,starter,360,12,0.7026832254967899,1.0753257833463317,1.1033679384766764,0.9745849465509574,0.1126046153645127,0.8766719964367147,0.5333333333333333,1.0,0.7861111111111111,0.7682536895031505,2.193417921991753,rugby_championship,2024,south
v1,rugby_championship_2024,turnovers_conceded,stable,bench,192,12,0.415237055665897,0.8618377121928846,0.8686873836489845,0.9921149177655518,-0.005724542291433383,1.2363672758127273,0.25,1.0,0.3020833333333333,0.24896151948249282,0.9388638537740572,rugby_championship,2024,south
v1,rugby_championship_2024,turnovers_conceded,stable,zero_minute,8,7,0.27393253953754887,0.5478650790750977,0.5113059132899955,1.07150155090103,0.0,0.0,0.0,1.0,0.0,0.27393253953754887,0.27393253953754887,rugby_championship,2024,south
v1,rugby_championship_2024,turnovers_conceded,stable,low_history,10,6,0.40569355691235864,0.6989021053667432,0.7338683174483319,0.9523535609178952,0.15095190322537325,0.6101695237453691,0.4,1.0,0.4,0.4081621370498952,0.4972846249231037,rugby_championship,2024,south
v1,rugby_championship_2024,turnovers_conceded,stable,south,552,12,0.6027019490338706,1.0010690629451329,1.0217399194061747,0.9797689646176734,0.08337390271635026,0.9093807736123484,0.43478260869565216,1.0,0.6177536231884058,0.5876303260177044,2.0654328122893695,rugby_championship,2024,south
v1,rugby_championship_2024,turnovers_conceded,stable,position:Back-row,96,12,0.6324706270490004,1.0215707098746412,1.063382637512669,0.9606802611185857,-0.0803514885234396,1.256281247642223,0.4583333333333333,1.0,0.6354166666666666,0.5697515238195695,1.2068565128799429,rugby_championship,2024,south
v1,rugby_championship_2024,turnovers_conceded,stable,position:Back-three,96,12,0.7645560779360813,1.1830284093299952,1.1790761785007586,1.0033519724181537,0.23943759023311897,0.6823126330976291,0.5729166666666666,1.0,0.8854166666666666,0.9467494006389264,1.4592302357620117,rugby_championship,2024,south
v1,rugby_championship_2024,turnovers_conceded,stable,position:Centre,48,12,0.7047018367362456,1.0496620790398454,1.0503959875646791,0.9993013030004663,0.3925261508473277,0.490296205947427,0.5625,1.0,0.7916666666666666,0.8140803681073917,0.7529950396667221,rugby_championship,2024,south
v1,rugby_championship_2024,turnovers_conceded,stable,position:Fly-half,48,12,0.6931451032703366,1.0203022351586852,1.0695603892517525,0.9539454203913372,0.2120357578485021,0.9721561692377474,0.6041666666666666,1.0,0.9791666666666666,0.7891025465791769,1.141158049231563,rugby_championship,2024,south
v1,rugby_championship_2024,turnovers_conceded,stable,position:Hooker,48,12,0.40397392311609304,0.7413502164717417,0.6997884771261368,1.059391860117916,0.19401754952196706,-0.018876031987518034,0.1875,1.0,0.1875,0.34528175870208333,0.6105968544794885,rugby_championship,2024,south
v1,rugby_championship_2024,turnovers_conceded,stable,position:Prop,96,12,0.4340129758003301,0.9061442536150673,0.9567893539701178,0.9470676589942156,0.08088569732060709,1.080229732234146,0.28125,1.0,0.34375,0.24334111053926777,0.8499655850647466,rugby_championship,2024,south
v1,rugby_championship_2024,turnovers_conceded,stable,position:Scrum-half,48,12,0.5607906609214779,0.8803961413424707,0.8592274286592154,1.0246369144852465,-0.06535771640420594,1.094630725008422,0.4375,1.0,0.6041666666666666,0.6116440620335423,0.9282986573859254,rugby_championship,2024,south
v1,rugby_championship_2024,turnovers_conceded,stable,position:Second-row,72,12,0.6042543521830239,1.0660645374779174,1.1150269670680912,0.9560885691232042,-0.0209812164156922,1.2448770932084248,0.3888888888888889,1.0,0.5416666666666666,0.45197062919058584,1.0730330748908627,rugby_championship,2024,south
v1,rugby_championship_2024,penalties_conceded,stable,all,552,12,0.533905901313675,0.9378248174349822,0.9441747483071459,0.9932746232796962,0.008343318935625814,1.1050187403491811,0.3532608695652174,1.0,0.46195652173913043,0.4105027238363082,2.316189183849168,rugby_championship,2024,south
v1,rugby_championship_2024,penalties_conceded,stable,starter,360,12,0.6101530356564899,1.0259340678733357,1.0372141027594455,0.9891246803759225,0.09230236657050848,0.9510381424250491,0.41944444444444445,1.0,0.5583333333333333,0.4900234238497462,2.0143505417555434,rugby_championship,2024,south
v1,rugby_championship_2024,penalties_conceded,stable,bench,192,12,0.390942524420897,0.7726199728630697,0.7697259587090844,1.0037597980440192,-0.08147304103155614,1.3876093446177082,0.22916666666666666,1.0,0.28125,0.2614014113111121,1.1738246107951067,rugby_championship,2024,south
v1,rugby_championship_2024,penalties_conceded,stable,zero_minute,8,7,0.30454990913431595,0.4866606476865492,0.48955277964826904,0.9940922979463057,-0.13288358266512731,1.641197376938269,0.25,1.0,0.25,0.23329526847003282,0.30454990913431595,rugby_championship,2024,south
v1,rugby_championship_2024,penalties_conceded,stable,low_history,10,6,0.4521495449596675,0.758953284624552,0.8011229134806006,0.9473618490415706,0.16599559563431596,0.318272867758402,0.3,1.0,0.3,0.4210362174742629,0.48272548603637855,rugby_championship,2024,south
v1,rugby_championship_2024,penalties_conceded,stable,south,552,12,0.533905901313675,0.9378248174349822,0.9441747483071459,0.9932746232796962,0.008343318935625814,1.1050187403491811,0.3532608695652174,1.0,0.46195652173913043,0.4105027238363082,2.316189183849168,rugby_championship,2024,south
v1,rugby_championship_2024,penalties_conceded,stable,position:Back-row,96,12,0.6687716266954943,1.1959063277522095,1.1749805419004868,1.0178094743746786,0.5253276149885667,0.17653550455528383,0.4375,1.0,0.6145833333333334,0.5055964156876738,1.705353844284569,rugby_championship,2024,south
v1,rugby_championship_2024,penalties_conceded,stable,position:Back-three,96,12,0.4725869682866129,0.8871534747480222,0.9002580741628755,0.9854435080440251,-0.14129753084300106,1.801576468403569,0.3020833333333333,1.0,0.3854166666666667,0.2923629425379903,0.7190775037018211,rugby_championship,2024,south
v1,rugby_championship_2024,penalties_conceded,stable,position:Centre,48,12,0.5223239003777057,0.888166769575291,0.8885837258252742,0.9995307631257865,-0.31871430403334855,2.117638228894361,0.3958333333333333,1.0,0.4583333333333333,0.36694069211830677,0.6098014089916327,rugby_championship,2024,south
v1,rugby_championship_2024,penalties_conceded,stable,position:Fly-half,48,12,0.27242766132424595,0.5217620167678493,0.5181396615801189,1.0069910787695417,-0.0880557270148095,1.176753114613825,0.14583333333333334,1.0,0.14583333333333334,0.19875797008185367,0.4611910226955441,rugby_championship,2024,south
v1,rugby_championship_2024,penalties_conceded,stable,position:Hooker,48,12,0.5371916629504265,0.9287886070291757,0.9161321899417629,1.0138150555415122,-0.48119302244986584,2.6846468271869095,0.3958333333333333,1.0,0.5,0.36548309167280796,0.7504798543567173,rugby_championship,2024,south
v1,rugby_championship_2024,penalties_conceded,stable,position:Prop,96,12,0.7015836677867794,1.1519297541553375,1.1576788838660514,0.9950339167528781,-0.07152318714324576,1.2895777573324325,0.46875,1.0,0.6875,0.5885827223891716,1.3685751146255036,rugby_championship,2024,south
v1,rugby_championship_2024,penalties_conceded,stable,position:Scrum-half,48,12,0.335068357456309,0.6361239730343117,0.6564525758316786,0.9690326406723105,0.04715838893951035,0.6901099576581362,0.20833333333333334,1.0,0.20833333333333334,0.23354965771072844,0.5365662012433218,rugby_championship,2024,south
v1,rugby_championship_2024,penalties_conceded,stable,position:Second-row,72,12,0.5246811716405347,0.8934432805230205,0.941910968329676,0.9485432387600231,-0.14781299825589836,1.0814259703869251,0.3333333333333333,1.0,0.4166666666666667,0.5219771675361177,0.8069943867488233,rugby_championship,2024,south
v1,rugby_championship_2024,yellow_cards,stable,all,552,12,0.05228960409965775,0.152266845896616,0.15049207679214022,1.0117931066027288,0.012614270078191091,1.119326959488119,0.034420289855072464,1.0,0.034420289855072464,0.01948136743427811,0.7484493584005975,rugby_championship,2024,south
v1,rugby_championship_2024,yellow_cards,stable,starter,360,12,0.057846411421792886,0.15378288819938982,0.14996586838544987,1.0254525903462863,0.0032959477037995217,1.3787514235562313,0.03611111111111111,1.0,0.03611111111111111,0.023800637915332858,0.6007511867403484,rugby_championship,2024,south
v1,rugby_championship_2024,yellow_cards,stable,bench,192,12,0.04187059037065435,0.14942426657891508,0.15147871755468467,0.9864373622319061,0.006893407356180964,2.1397838076487825,0.03125,1.0,0.03125,0.011382735282300464,0.30138119846608613,rugby_championship,2024,south
v1,rugby_championship_2024,yellow_cards,stable,zero_minute,8,7,0.009912697343398351,0.009968200801990125,0.013100069890432216,0.7609272992711674,0.0,0.0,0.0,1.0,0.0,0.009912697343398351,0.009912697343398351,rugby_championship,2024,south
v1,rugby_championship_2024,yellow_cards,stable,low_history,10,6,0.012583777355270123,0.012672824014545708,0.023098703264693033,0.5486378983843845,0.0,0.0,0.0,1.0,0.0,0.012583777355270123,0.020972962258783538,rugby_championship,2024,south
v1,rugby_championship_2024,yellow_cards,stable,south,552,12,0.05228960409965775,0.152266845896616,0.15049207679214022,1.0117931066027288,0.012614270078191091,1.119326959488119,0.034420289855072464,1.0,0.034420289855072464,0.01948136743427811,0.7484493584005975,rugby_championship,2024,south
v1,rugby_championship_2024,yellow_cards,stable,position:Back-row,96,12,0.05487494602083439,0.1483950758101375,0.15629868570596195,0.9494326528714824,0.06079927104150939,-1.1873511015115585,0.03125,1.0,0.03125,0.024886717167223474,0.19786060777021275,rugby_championship,2024,south
v1,rugby_championship_2024,yellow_cards,stable,position:Back-three,96,12,0.12141649454089787,0.3878264816040134,0.37111162850210544,1.045039960535252,-0.017161873631073018,5.118223854077505,0.10416666666666667,1.0,0.10416666666666667,0.02370520394513063,0.435902199493665,rugby_championship,2024,south
v1,rugby_championship_2024,yellow_cards,stable,position:Centre,48,12,0.04666779390959683,0.11086504123362373,0.1029687630554026,1.076686151643606,0.04136140720451659,-0.7726816768584371,0.020833333333333332,1.0,0.020833333333333332,0.02656731029865508,0.09201128267801785,rugby_championship,2024,south
v1,rugby_championship_2024,yellow_cards,stable,position:Fly-half,48,12,0.03168644273410986,0.10615949061824681,0.11012336975489383,0.9640051049521133,0.031329405871884826,-0.9297861576939569,0.020833333333333332,1.0,0.020833333333333332,0.011288695203404328,0.062496866627607096,rugby_championship,2024,south
v1,rugby_championship_2024,yellow_cards,stable,position:Hooker,48,12,0.05610788636936412,0.2056405421074516,0.2059890967679658,0.9983078975247567,0.09425268496405173,-3.4330348999665445,0.041666666666666664,1.0,0.041666666666666664,0.015317647454704741,0.10813817716021447,rugby_championship,2024,south
v1,rugby_championship_2024,yellow_cards,stable,position:Prop,96,12,0.0345092399571136,0.10508794011152443,0.1014553574500754,1.0358047396682484,0.04144717075415264,-1.451102991152539,0.020833333333333332,1.0,0.020833333333333332,0.014205633608712194,0.1324114756009386,rugby_championship,2024,south
v1,rugby_championship_2024,yellow_cards,stable,position:Scrum-half,48,12,0.013458504432347746,0.013561463298142585,0.015599067094608161,0.8693765605271435,0.0,0.0,0.0,1.0,0.0,0.013458504432347746,0.02691700886469549,rugby_championship,2024,south
v1,rugby_championship_2024,yellow_cards,stable,position:Second-row,72,12,0.021205639108635863,0.021482130334845553,0.025498162080304403,0.8424972069433599,0.0,0.0,0.0,1.0,0.0,0.021205639108635863,0.06361691732590757,rugby_championship,2024,south
v1,rugby_championship_2024,red_cards,stable,all,552,12,0.0030502966039809773,0.013967372860371674,0.032828308505202755,0.42546733280997623,0.002158373667510195,-0.2792269119892415,0.0018115942028985507,1.0,0.0018115942028985507,0.0012419270841093053,0.06865380066745004,rugby_championship,2024,south
v1,rugby_championship_2024,red_cards,stable,starter,360,12,0.0014981852273822335,0.0015008916359569833,0.004792209173802055,0.31319409932313164,0.0,0.0,0.0,1.0,0.0,0.0014981852273822335,0.0224727784107335,rugby_championship,2024,south
v1,rugby_championship_2024,red_cards,stable,bench,192,12,0.005960505435103625,0.037342025156149226,0.08539599475157907,0.43728075613825823,0.0036481239524421396,2.0490164683854575,0.005208333333333333,1.0,0.005208333333333333,0.0007614430654725653,0.04726720931725481,rugby_championship,2024,south
v1,rugby_championship_2024,red_cards,stable,zero_minute,8,7,0.0005041555549058576,0.0005043195148924171,0.0012069768724737595,0.4178369332452817,0.0,0.0,0.0,1.0,0.0,0.0005041555549058576,0.0005041555549058576,rugby_championship,2024,south
v1,rugby_championship_2024,red_cards,stable,low_history,10,6,0.0014395040822331405,0.001440611529224296,0.004911404857190265,0.2933196450126179,0.0,0.0,0.0,1.0,0.0,0.0014395040822331405,0.0023991734703885676,rugby_championship,2024,south
v1,rugby_championship_2024,red_cards,stable,south,552,12,0.0030502966039809773,0.013967372860371674,0.032828308505202755,0.42546733280997623,0.002158373667510195,-0.2792269119892415,0.0018115942028985507,1.0,0.0018115942028985507,0.0012419270841093053,0.06865380066745004,rugby_championship,2024,south
v1,rugby_championship_2024,red_cards,stable,position:Back-row,96,12,0.012432173686851176,0.07519864343105183,0.1737296763145216,0.4328485784714846,0.015804337760704276,-2.648742106439268,0.010416666666666666,1.0,0.010416666666666666,0.0020340489475890564,0.04954073628569123,rugby_championship,2024,south
v1,rugby_championship_2024,red_cards,stable,position:Back-three,96,12,0.000957493698056121,0.0009600896971371399,0.0033969897201965847,0.2826295562300316,0.0,0.0,0.0,1.0,0.0,0.000957493698056121,0.0038299747922244842,rugby_championship,2024,south
v1,rugby_championship_2024,red_cards,stable,position:Centre,48,12,0.0012695720156502598,0.0012716647429538111,0.0029083878959570812,0.43724041924446827,0.0,0.0,0.0,1.0,0.0,0.0012695720156502598,0.0025391440313005196,rugby_championship,2024,south
v1,rugby_championship_2024,red_cards,stable,position:Fly-half,48,12,0.0005652168416798309,0.0005654920241441855,0.0019418000132012901,0.29122052750010236,0.0,0.0,0.0,1.0,0.0,0.0005652168416798309,0.0011304336833596617,rugby_championship,2024,south
v1,rugby_championship_2024,red_cards,stable,position:Hooker,48,12,0.0009642803993174604,0.0009649029028519794,0.0009625142047946705,1.0024817275894837,0.0,0.0,0.0,1.0,0.0,0.0009642803993174604,0.0019285607986349207,rugby_championship,2024,south
v1,rugby_championship_2024,red_cards,stable,position:Prop,96,12,0.0013993158112563867,0.0014006817769066234,0.003388443223370931,0.41337029561120425,0.0,0.0,0.0,1.0,0.0,0.0013993158112563867,0.005597263245025547,rugby_championship,2024,south
v1,rugby_championship_2024,red_cards,stable,position:Scrum-half,48,12,0.0005508592894224875,0.0005510429774633286,0.0009699824089157696,0.5680958462734137,0.0,0.0,0.0,1.0,0.0,0.0005508592894224875,0.001101718578844975,rugby_championship,2024,south
v1,rugby_championship_2024,red_cards,stable,position:Second-row,72,12,0.001433677338255896,0.001435236957779851,0.006475096513856489,0.22165491351495567,0.0,0.0,0.0,1.0,0.0,0.001433677338255896,0.004301032014767688,rugby_championship,2024,south
v1,rugby_championship_2024,metres,stable,all,552,12,14.877163802618115,1.5422582739927022,1.3273424781342797,1.1619143509672871,3.643323681478807,0.5738938417714523,0.855072463768116,1.0,18.653985507246375,26.15581616877749,209.66075054231996,rugby_championship,2024,south
v1,rugby_championship_2024,metres,stable,starter,360,12,18.403072505932247,1.3182794394974247,1.1277268527532278,1.1689705146942122,5.5567385205478645,0.5382653918476555,0.9333333333333333,1.0,24.247222222222224,34.72354712889344,193.1709944092557,rugby_championship,2024,south
v1,rugby_championship_2024,metres,stable,bench,192,12,8.266084983904113,1.9622185886713481,1.7016217757237524,1.1531461436762325,-1.1206067922014138,0.9203229002343661,0.7083333333333334,1.0,8.166666666666666,10.091320618560088,41.68737723603492,rugby_championship,2024,south
v1,rugby_championship_2024,metres,stable,zero_minute,8,7,8.563071110603104,3.8218829170764996,3.2880283274978233,1.1623631357169413,1.3443129697396428,0.027550556647394798,0.375,1.0,1.625,10.188071110603104,8.563071110603104,rugby_championship,2024,south
v1,rugby_championship_2024,metres,stable,low_history,10,6,17.210317366916126,2.034444708630061,0.7328414355560956,2.7761049115437655,4.212181141684345,0.10118985131440073,0.9,1.0,6.5,22.609173040558318,28.683862278193544,rugby_championship,2024,south
v1,rugby_championship_2024,metres,stable,south,552,12,14.877163802618115,1.5422582739927022,1.3273424781342797,1.1619143509672871,3.643323681478807,0.5738938417714523,0.855072463768116,1.0,18.653985507246375,26.15581616877749,209.66075054231996,rugby_championship,2024,south
v1,rugby_championship_2024,metres,stable,position:Back-row,96,12,12.012427970189437,0.8788016691746527,1.0606010298955755,0.8285883611306484,3.808428088466689,0.629270320862846,0.9479166666666666,1.0,20.010416666666668,25.7472632047608,34.81178137182797,rugby_championship,2024,south
v1,rugby_championship_2024,metres,stable,position:Back-three,96,12,30.447137736284088,1.6421936113764817,1.4789152300045803,1.1104041516777103,15.623934527977282,0.4186774795535059,0.90625,1.0,39.875,57.923023463991946,91.7712810677677,rugby_championship,2024,south
v1,rugby_championship_2024,metres,stable,position:Centre,48,12,24.252139856862726,1.4087725951405954,1.13222941554423,1.2442465950802373,21.532305555481997,0.20650138181184965,0.9583333333333334,1.0,30.395833333333332,42.92236545868342,40.153875107840314,rugby_championship,2024,south
v1,rugby_championship_2024,metres,stable,position:Fly-half,48,12,16.22898943109953,2.093834074308797,1.5747902541521082,1.3295955247298317,5.97719094689525,0.48988789383658654,0.8333333333333334,1.0,20.0,28.624526610127646,27.17479244869847,rugby_championship,2024,south
v1,rugby_championship_2024,metres,stable,position:Hooker,48,12,10.362289733921616,1.8568941608946448,1.3998102068175056,1.3265328055553531,0.4760977543656324,0.701448838242864,0.8333333333333334,1.0,9.958333333333334,13.518071542781065,14.346835386465552,rugby_championship,2024,south
v1,rugby_championship_2024,metres,stable,position:Prop,96,12,5.062783179270286,1.2608600430094308,0.9970328408584578,1.2646123491015746,2.332353491459685,0.31700154112226314,0.7604166666666666,1.0,4.510416666666667,6.870828348329492,14.310853312584117,rugby_championship,2024,south
v1,rugby_championship_2024,metres,stable,position:Scrum-half,48,12,12.032326404607822,2.4951148556401956,2.035423409259753,1.2258456124112398,4.036856985257143,0.3180368202149073,0.75,1.0,9.583333333333334,17.439730231009936,18.521511081296307,rugby_championship,2024,south
v1,rugby_championship_2024,metres,stable,position:Second-row,72,12,8.777960354752672,1.5450958785404767,1.3660580075022635,1.1310616899538335,-1.962777849196887,1.0889784801952604,0.8194444444444444,1.0,10.527777777777779,11.46997470944975,18.007054379806064,rugby_championship,2024,south
v1,rugby_championship_2024,dominant_tackles,extended,all,552,12,0.3937094763536111,0.7967672473199027,0.788263636371333,1.0107877752520906,-0.021254526805583495,0.9810701308832539,0.18840579710144928,1.0,0.2554347826086957,0.2820280637482839,4.5330166793091005,rugby_championship,2024,south
v1,rugby_championship_2024,dominant_tackles,extended,starter,360,12,0.4922104915203442,0.9763650572648277,0.9717302754660362,1.0047696175737333,0.029176645158958636,0.8816065468935966,0.24444444444444444,1.0,0.3416666666666667,0.3544551961516044,3.986754653552301,rugby_championship,2024,south
v1,rugby_championship_2024,dominant_tackles,extended,bench,192,12,0.2090200729159866,0.4600213536731683,0.44426368806876443,1.0354691729880134,-0.00143733260410836,0.6509550808150034,0.08333333333333333,1.0,0.09375,0.14622719049205785,0.8537637575411962,rugby_championship,2024,south
v1,rugby_championship_2024,dominant_tackles,extended,zero_minute,8,7,0.16263724719482164,0.3252744943896433,0.18440997061752798,1.763866093033943,0.0,0.0,0.0,1.0,0.0,0.16263724719482164,0.16263724719482164,rugby_championship,2024,south
v1,rugby_championship_2024,dominant_tackles,extended,low_history,10,6,0.18510558957951725,0.3702111791590345,0.3996789118647091,0.9262714848572011,0.0,0.0,0.0,1.0,0.0,0.18510558957951725,0.3085093159658621,rugby_championship,2024,south
v1,rugby_championship_2024,dominant_tackles,extended,south,552,12,0.3937094763536111,0.7967672473199027,0.788263636371333,1.0107877752520906,-0.021254526805583495,0.9810701308832539,0.18840579710144928,1.0,0.2554347826086957,0.2820280637482839,4.5330166793091005,rugby_championship,2024,south
v1,rugby_championship_2024,dominant_tackles,extended,position:Back-row,96,12,0.5929500668906948,1.0646262511998152,1.0636938098492115,1.0008766069163606,0.162880998597816,0.7368037768924168,0.3645833333333333,1.0,0.5,0.45754244477957934,1.4942331988949757,rugby_championship,2024,south
v1,rugby_championship_2024,dominant_tackles,extended,position:Back-three,96,12,0.30169384714709024,0.5738993429582459,0.5814779798234264,0.986966596968157,9.229198445049434e-05,0.6302212879932063,0.14583333333333334,1.0,0.15625,0.24778234406012767,0.7477159539831559,rugby_championship,2024,south
v1,rugby_championship_2024,dominant_tackles,extended,position:Centre,48,12,0.5428057852686633,1.158601206815205,1.1504948853704,1.0070459430527543,0.5135840184187105,-0.44883216445252705,0.22916666666666666,1.0,0.3541666666666667,0.3551825479051766,0.960828989709226,rugby_championship,2024,south
v1,rugby_championship_2024,dominant_tackles,extended,position:Fly-half,48,12,0.16163671470752486,0.334601446747914,0.290944928007064,1.150050798410172,1.0773275569972259e-05,0.310787686457533,0.041666666666666664,1.0,0.041666666666666664,0.13403328125996608,0.2992387338560299,rugby_championship,2024,south
v1,rugby_championship_2024,dominant_tackles,extended,position:Hooker,48,12,0.3581589663344886,0.6699973109324775,0.6489086248079811,1.032498699074522,0.11201561063693323,0.35792502582666935,0.20833333333333334,1.0,0.20833333333333334,0.2691002744888909,0.6122748744469808,rugby_championship,2024,south
v1,rugby_championship_2024,dominant_tackles,extended,position:Prop,96,12,0.3911644430663756,0.9351426178580362,0.9423161267739951,0.9923873648002637,-0.008334281649376723,1.1183025535372917,0.16666666666666666,1.0,0.25,0.23100571561089808,0.9254617907077637,rugby_championship,2024,south
v1,rugby_championship_2024,dominant_tackles,extended,position:Scrum-half,48,12,0.12400705186592442,0.26048644732386345,0.230811930927436,1.1285657820078492,0.0013109853035554633,0.17976898278695902,0.020833333333333332,1.0,0.020833333333333332,0.10859686541650766,0.24375206712234632,rugby_championship,2024,south
v1,rugby_championship_2024,dominant_tackles,extended,position:Second-row,72,12,0.5129558304544034,1.0612003388848177,1.045930410842788,1.0145993728490268,0.005409515849718211,0.9764505047661182,0.20833333333333334,1.0,0.3333333333333333,0.33583250342234194,1.11456086663062,rugby_championship,2024,south
v1,rugby_championship_2024,tackle_turnover,extended,all,552,12,0.18420536828737802,0.4267311213640739,0.41690711744147396,1.0235640110509243,-0.010508778771534565,0.8959678707797926,0.09239130434782608,1.0,0.09420289855072464,0.1168699020770967,1.0936880846318449,rugby_championship,2024,south
v1,rugby_championship_2024,tackle_turnover,extended,starter,360,12,0.23419486938994666,0.5256679522152667,0.5201856075811276,1.0105392086098501,0.029036287305810836,0.6778501942850814,0.125,1.0,0.12777777777777777,0.1456686024499973,1.0446397051098935,rugby_championship,2024,south
v1,rugby_championship_2024,tackle_turnover,extended,bench,192,12,0.09047505372006183,0.24122456351808721,0.22325994842962316,1.080465014951515,0.06422576262324509,-0.5244876079332881,0.03125,1.0,0.03125,0.0628723388779081,0.503725571274331,rugby_championship,2024,south
v1,rugby_championship_2024,tackle_turnover,extended,zero_minute,8,7,0.06275891775712746,0.1255178355142549,0.09036347453061151,1.3890328605252393,0.0,0.0,0.0,1.0,0.0,0.06275891775712746,0.06275891775712746,rugby_championship,2024,south
v1,rugby_championship_2024,tackle_turnover,extended,low_history,10,6,0.16031489760240572,0.3967001764268775,0.3644550728800774,1.0884748380424114,-0.03633808392822714,1.629057785969926,0.1,1.0,0.1,0.08369137369000859,0.2511144491051061,rugby_championship,2024,south
v1,rugby_championship_2024,tackle_turnover,extended,south,552,12,0.18420536828737802,0.4267311213640739,0.41690711744147396,1.0235640110509243,-0.010508778771534565,0.8959678707797926,0.09239130434782608,1.0,0.09420289855072464,0.1168699020770967,1.0936880846318449,rugby_championship,2024,south
v1,rugby_championship_2024,tackle_turnover,extended,position:Back-row,96,12,0.2361323236383773,0.5100318689357465,0.4999161783148192,1.020234773467477,-0.038197600967989374,1.1946022846908173,0.13541666666666666,1.0,0.13541666666666666,0.14533227489983438,0.561822797762138,rugby_championship,2024,south
v1,rugby_championship_2024,tackle_turnover,extended,position:Back-three,96,12,0.226213538874807,0.5043280697491922,0.48340626274464205,1.0432799668042407,0.06349782642238053,0.3449090519688485,0.11458333333333333,1.0,0.11458333333333333,0.14811297824554262,0.559509618296031,rugby_championship,2024,south
v1,rugby_championship_2024,tackle_turnover,extended,position:Centre,48,12,0.28033946201039067,0.587297322883196,0.5615648570558559,1.0458227852117545,0.8075400137782562,-3.5595385224760685,0.14583333333333334,1.0,0.14583333333333334,0.18589676056789237,0.47807393926508324,rugby_championship,2024,south
v1,rugby_championship_2024,tackle_turnover,extended,position:Fly-half,48,12,0.17621618765075997,0.4102258307984019,0.43125814529297335,0.9512303368084023,-0.16847340072669043,2.621715062743724,0.10416666666666667,1.0,0.10416666666666667,0.10399302016750404,0.3323095716741677,rugby_championship,2024,south
v1,rugby_championship_2024,tackle_turnover,extended,position:Hooker,48,12,0.1216319229393024,0.3212105726056974,0.31606199974819954,1.016289756002302,0.1802561601552773,-1.6296329889602057,0.041666666666666664,1.0,0.041666666666666664,0.08504337751350886,0.22634681739092918,rugby_championship,2024,south
v1,rugby_championship_2024,tackle_turnover,extended,position:Prop,96,12,0.08893281472989456,0.22404874835074073,0.1976791783390489,1.1333957892442477,-0.041834726810834125,1.1709999044816148,0.03125,1.0,0.03125,0.0624122397714351,0.3116315428498065,rugby_championship,2024,south
v1,rugby_championship_2024,tackle_turnover,extended,position:Scrum-half,48,12,0.15523143392015373,0.39192988218167485,0.3875394327844541,1.0113290391268717,-0.09643207413258591,1.5234221447635508,0.041666666666666664,1.0,0.0625,0.10432569506678241,0.3008090248706733,rugby_championship,2024,south
v1,rugby_championship_2024,tackle_turnover,extended,position:Second-row,72,12,0.1882569161987218,0.4799512754310134,0.49066945126563133,0.978156015608937,-0.006859366635977056,1.1563463141363333,0.1111111111111111,1.0,0.1111111111111111,0.10202002315820018,0.4618401276568622,rugby_championship,2024,south
v1,rugby_championship_2024,tackle_try_saver,extended,all,552,12,0.0270962997032115,0.10333033778557112,0.09539718266988653,1.083159218057168,0.014467618462212156,-0.21745733371751425,0.010869565217391304,1.0,0.010869565217391304,0.016546019319333957,0.5344262346265913,rugby_championship,2024,south
v1,rugby_championship_2024,tackle_try_saver,extended,starter,360,12,0.03526664083765972,0.14587781385667986,0.13443317057978546,1.0851325846704036,0.030701035122560397,-0.7351861455044433,0.016666666666666666,1.0,0.016666666666666666,0.01908954424904748,0.4631442295772244,rugby_championship,2024,south
v1,rugby_championship_2024,tackle_try_saver,extended,bench,192,12,0.011776910076121102,0.023553820152242205,0.022204705338826115,1.0607580597368744,0.0,0.0,0.0,1.0,0.0,0.011776910076121102,0.09421528060896883,rugby_championship,2024,south
v1,rugby_championship_2024,tackle_try_saver,extended,zero_minute,8,7,0.011966037092514661,0.023932074185029323,0.01903010216422294,1.257590420613832,0.0,0.0,0.0,1.0,0.0,0.011966037092514661,0.011966037092514661,rugby_championship,2024,south
v1,rugby_championship_2024,tackle_try_saver,extended,low_history,10,6,0.01051055055038497,0.02102110110076994,0.020320823244552054,1.034461096767112,0.0,0.0,0.0,1.0,0.0,0.01051055055038497,0.01751758425064162,rugby_championship,2024,south
v1,rugby_championship_2024,tackle_try_saver,extended,south,552,12,0.0270962997032115,0.10333033778557112,0.09539718266988653,1.083159218057168,0.014467618462212156,-0.21745733371751425,0.010869565217391304,1.0,0.010869565217391304,0.016546019319333957,0.5344262346265913,rugby_championship,2024,south
v1,rugby_championship_2024,tackle_try_saver,extended,position:Back-row,96,12,0.0393388724026242,0.16969955644073298,0.15764257142396013,1.076483052184851,0.031316630958870675,-0.5471082579057338,0.020833333333333332,1.0,0.020833333333333332,0.019161285676195395,0.155714432422317,rugby_championship,2024,south
v1,rugby_championship_2024,tackle_try_saver,extended,position:Back-three,96,12,0.016467074800260644,0.03293414960052129,0.03174613816777516,1.03742223468151,0.0,0.0,0.0,1.0,0.0,0.016467074800260644,0.06586829920104258,rugby_championship,2024,south
v1,rugby_championship_2024,tackle_try_saver,extended,position:Centre,48,12,0.019151449738306795,0.03830289947661359,0.031746031746031744,1.2065413335133282,0.0,0.0,0.0,1.0,0.0,0.019151449738306795,0.03830289947661359,rugby_championship,2024,south
v1,rugby_championship_2024,tackle_try_saver,extended,position:Fly-half,48,12,0.036210198484154445,0.1584557232901506,0.14543389242349639,1.0895378006437129,0.014042906895629021,0.4212945890357285,0.020833333333333332,1.0,0.020833333333333332,0.016118000597269585,0.07204130985353963,rugby_championship,2024,south
v1,rugby_championship_2024,tackle_try_saver,extended,position:Hooker,48,12,0.015583368453559414,0.03116673690711883,0.025397081351285978,1.227177897965063,0.0,0.0,0.0,1.0,0.0,0.015583368453559414,0.031166736907118825,rugby_championship,2024,south
v1,rugby_championship_2024,tackle_try_saver,extended,position:Prop,96,12,0.034661279417865926,0.1660022178964833,0.16565842030123132,1.0020753402973832,0.024844860972334192,-0.2786225639956024,0.020833333333333332,1.0,0.020833333333333332,0.014397712738958873,0.13643644735664828,rugby_championship,2024,south
v1,rugby_championship_2024,tackle_try_saver,extended,position:Scrum-half,48,12,0.036724288524214034,0.17709430069431756,0.149475700476313,1.1847698330230017,0.036398222019595826,-0.950784842579016,0.020833333333333332,1.0,0.020833333333333332,0.016370568807178854,0.07209175713998335,rugby_championship,2024,south
v1,rugby_championship_2024,tackle_try_saver,extended,position:Second-row,72,12,0.015335792096797366,0.030671584193594732,0.02328042328042328,1.3174839574066828,0.0,0.0,0.0,1.0,0.0,0.015335792096797366,0.04600737629039211,rugby_championship,2024,south
