fold,tournament,calendar_year,hemisphere,target,tier,naive_loss,weight_0.00,weight_0.01,weight_0.02,weight_0.03,weight_0.04,weight_0.05,weight_0.06,weight_0.07,weight_0.08,weight_0.09,weight_0.10,weight_0.11,weight_0.12,weight_0.13,weight_0.14,weight_0.15,weight_0.16,weight_0.17,weight_0.18,weight_0.19,weight_0.20,weight_0.21,weight_0.22,weight_0.23,weight_0.24,weight_0.25,weight_0.26,weight_0.27,weight_0.28,weight_0.29,weight_0.30,weight_0.31,weight_0.32,weight_0.33,weight_0.34,weight_0.35,weight_0.36,weight_0.37,weight_0.38,weight_0.39,weight_0.40,weight_0.41,weight_0.42,weight_0.43,weight_0.44,weight_0.45,weight_0.46,weight_0.47,weight_0.48,weight_0.49,weight_0.50,weight_0.51,weight_0.52,weight_0.53,weight_0.54,weight_0.55,weight_0.56,weight_0.57,weight_0.58,weight_0.59,weight_0.60,weight_0.61,weight_0.62,weight_0.63,weight_0.64,weight_0.65,weight_0.66,weight_0.67,weight_0.68,weight_0.69,weight_0.70,weight_0.71,weight_0.72,weight_0.73,weight_0.74,weight_0.75,weight_0.76,weight_0.77,weight_0.78,weight_0.79,weight_0.80,weight_0.81,weight_0.82,weight_0.83,weight_0.84,weight_0.85,weight_0.86,weight_0.87,weight_0.88,weight_0.89,weight_0.90,weight_0.91,weight_0.92,weight_0.93,weight_0.94,weight_0.95,weight_0.96,weight_0.97,weight_0.98,weight_0.99,weight_1.00
six_nations_2022,six_nations,2022,north,minutes,primary,10.1108320037421,1.03819827121634,1.03726091686143,1.03635330047603,1.03545356969894,1.03455383892184,1.03365410814475,1.03275437736766,1.031864818716,1.03098579401968,1.03012242961175,1.02927312726372,1.02849238469755,1.02772008029286,1.02695774978226,1.02623742252984,1.02556224741031,1.02488707229077,1.02421189717124,1.02353672205171,1.02287255505118,1.02221304760977,1.02155354016836,1.02089403272695,1.02024046694178,1.01959274354421,1.01894598796311,1.01832697281653,1.01772607741382,1.01714729820788,1.01661270087728,1.01610983365266,1.01561486160895,1.01511988956523,1.01462491752152,1.01414212648128,1.01372122450045,1.01330514008684,1.01288905567323,1.01247890976186,1.01211129033361,1.01175937008116,1.0114106108616,1.01106185164203,1.01071758137229,1.01047253105722,1.01025653895496,1.0100405468527,1.00982455475043,1.00964664690318,1.00950048708932,1.00935432727547,1.0092183340884,1.00908361588547,1.00899823727026,1.0089299418024,1.00886164633454,1.00881837469277,1.0087971825788,1.00877599046484,1.00876122529264,1.00875832128379,1.00876203567722,1.0087772567175,1.00882651512413,1.00891196797505,1.00899766945873,1.00909505999526,1.00920140395037,1.00931544461842,1.00942948528647,1.00956347725146,1.00972582172537,1.00991682981959,1.01010783791381,1.01029884600803,1.01048985410225,1.01068086219647,1.01087187029069,1.01106287838492,1.01127935897221,1.01152615122738,1.01178509219225,1.01207017290669,1.012356724905,1.01264509100798,1.01295004482759,1.01325499864721,1.01355995246683,1.01389724785949,1.01424370554337,1.01459016322726,1.01493662091115,1.01529799550083,1.01575769843023,1.01622452083704,1.01669212717297,1.01716258046601,1.01763473319557,1.01812262178481,1.01862667989286,1.01914085663565
six_nations_2022,six_nations,2022,north,tries,primary,0.476451381719367,0.97163005172058,0.970918730031301,0.970222502962193,0.969541043754019,0.968874049266256,0.968221237773454,0.967582347276813,0.966957133999129,0.966345371039696,0.96574684716923,0.96516136574779,0.964588743751147,0.964028810893016,0.963481408832371,0.962946390456443,0.962423619231281,0.961912968612786,0.961414321512032,0.960927569809464,0.960452613913212,0.959989362357356,0.959537731436451,0.959097644873072,0.9586690335155,0.958251835063013,0.957845993816525,0.957451460452572,0.957068191818879,0.956696150749921,0.95633530590109,0.955985631600221,0.955647107715371,0.955319719537895,0.95500345767994,0.954698317985614,0.954404301455161,0.954121414181572,0.953849667299133,0.953589076943482,0.953339664222833,0.95310145520006,0.952874480885427,0.952658777239772,0.952454385188046,0.952261350643134,0.952079724539942,0.951909562879797,0.951750926785249,0.951603882565409,0.951468501792033,0.951344861386583,0.951233043718579,0.951133136715598,0.951045233985339,0.950969434950235,0.950905844995169,0.950854575628905,0.950815744659939,0.950789476387555,0.950775901808938,0.950775158843341,0.950787392574345,0.95081275551145,0.950851407872264,0.950903517886803,0.950969262125488,0.951048825852649,0.951142403407522,0.951250198614944,0.951372425228187,0.951509307406667,0.95166108023153,0.9518279902625,0.952010296139737,0.952208269234892,0.95242219435608,0.952652370511985,0.952899111741055,0.953162748012384,0.953443626205814,0.953742111179691,0.954058586935892,0.954393457892993,0.95474715027998,0.955120113664665,0.955512822632979,0.955925778637764,0.956359512038473,0.956814584356515,0.957291590774965,0.95779116291601,0.958313971935148,0.958860731977882,0.959432204052804,0.960029200384793,0.960652589324114,0.96130330090193,0.961982333140927,0.962690759252353,0.963429735878971,0.964200512578986
six_nations_2022,six_nations,2022,north,try_assists,primary,0.329296923128266,1.09556222412187,1.09311612522565,1.09080257299838,1.08860783364113,1.08652055043557,1.08453120030307,1.08263170099085,1.08081512055225,1.07907545830447,1.07740747685877,1.07580657136841,1.07426866637674,1.07279013345527,1.07136772472389,1.06999851865934,1.06867987552191,1.06740940039036,1.06618491227379,1.06500441812084,1.06386609080826,1.06276825038765,1.06170934801908,1.06068795213498,1.05970273646695,1.0587524696376,1.05783600607436,1.05695227804588,1.05610028865596,1.05527910565844,1.05448785597862,1.05372572084563,1.05299193145476,1.05228576509165,1.05160654166018,1.05095362056455,1.05032639790309,1.04972430393738,1.04914680080536,1.04859338045095,1.04806356274699,1.04755689379066,1.04707294435372,1.04661130847179,1.0461716021591,1.04575346223661,1.04535654526285,1.04498052655848,1.04462509931591,1.04428997378721,1.04397487654349,1.04367954980051,1.04340375080513,1.04314725127862,1.0429098369126,1.04269130691452,1.04249147359953,1.04231016202627,1.04214720967431,1.04200246616153,1.04187579299959,1.04176706338653,1.04167616203527,1.04160298503752,1.04154743976232,1.04150944478944,1.04148892987726,1.04148583596582,1.04150011521546,1.04153173108199,1.04158065842959,1.04164688368301,1.04173040502086,1.04183123261242,1.04194938890048,1.04208490893353,1.04223784075102,1.04240824582589,1.04259619956953,1.04280179190489,1.04302512791449,1.04326632857102,1.04352553155964,1.04380289220219,1.04409858449552,1.04441280227784,1.04474576053945,1.04509769689691,1.04546887325284,1.04585957766771,1.04627012647447,1.04670086667248,1.04715217864446,1.04762447924806,1.04811822534451,1.04863391783921,1.0491721063251,1.04973339443956,1.05031844607027,1.05092799257742,1.05156284123974,1.05222388518394
six_nations_2022,six_nations,2022,north,conversion_goals,primary,0.216759349953855,0.699396940325081,0.69907904167886,0.698780567000295,0.698501312966056,0.698241136152904,0.697999900686954,0.69777747805847,0.697573746949878,0.697388593076413,0.697221909038803,0.697073594187498,0.696943554497961,0.696831702456607,0.696737956956995,0.696662243205944,0.696604492639246,0.696564642846726,0.696542637506382,0.69653842632742,0.696551965001996,0.696583215165508,0.696632144365338,0.696698726037935,0.696782939494171,0.696884769912954,0.697004208343057,0.6971412517132,0.697295902850417,0.69746817050677,0.697658069394522,0.697865620229877,0.698090849785438,0.698333790951582,0.698594482806938,0.698872970698226,0.699169306329733,0.699483547862726,0.699815760025163,0.700166014232068,0.700534388717016,0.700920968675189,0.701325846418511,0.701749121543448,0.702190901112071,0.702651299847078,0.703130440341494,0.703628453283882,0.704145477699915,0.704681661211289,0.705237160313013,0.705812140670207,0.70640677743566,0.707021255589489,0.707655770302373,0.708310527323971,0.708985743398276,0.709681646707813,0.710398477348785,0.711136487839444,0.711895943664195,0.712677123856174,0.713480321621317,0.714305845007212,0.715154017620367,0.7160251793959,0.716919687424022,0.717837916838203,0.71878026177035,0.719747136378932,0.720738975956628,0.721756238124759,0.722799404122607,0.723868980200606,0.72496549912744,0.726089521822234,0.72724163912436,0.728422473714875,0.729632682205337,0.730872957411687,0.732144030833164,0.733446675358765,0.734781708226755,0.736149994266147,0.737552449453052,0.738990044819363,0.740463810756647,0.741974841764297,0.743524301698377,0.745113429586124,0.746743546081235,0.748416060647022,0.750132479568712,0.751894414913149,0.753703594574347,0.755561873567733,0.757471246765261,0.759433863299168,0.761452042905521,0.763528294531794,0.765665337598047,0.767866126382192
six_nations_2022,six_nations,2022,north,missed_conversion_goals,primary,0.114338267972361,1.06331038349511,1.05912063148022,1.05504076016113,1.05106531796589,1.0471893891162,1.04340843523168,1.03971825683351,1.03611495976007,1.03259492574861,1.02915478656788,1.02579140119113,1.02250183558378,1.01928334474886,1.01613335672966,1.01304945831515,1.01002938223232,1.00707099564083,1.0041722897723,1.00133137057837,0.998546450270632,0.995815839651017,0.993137941144692,0.990511242458935,0.987934310801032,0.985405787596622,0.982924383657043,0.980488874750377,0.978098097536204,0.975750945828718,0.973446367156821,0.971183359593346,0.968960968828596,0.96677828546605,0.964634442520459,0.9625286131006,0.96046000826079,0.95842787500687,0.956431494443787,0.954470180053185,0.952543276090521,0.950650156092247,0.948790221484463,0.946962900285283,0.945167645893841,0.943403935959529,0.941671271325609,0.93996917504191,0.938297191441723,0.936654885278501,0.935041840918294,0.933457661584239,0.931901968649716,0.930374400977083,0.928874614299148,0.927402280640796,0.925957087778381,0.924538738734716,0.923146951307668,0.921781457630523,0.920442003762462,0.919128349307617,0.917840267061309,0.91657754268221,0.915339974389254,0.914127372682265,0.912939560085347,0.911776370912184,0.910637651052476,0.909523257778843,0.908433059573587,0.907366935974797,0.906324777441335,0.905306485236332,0.904311971328885,0.903341158313712,0.902393979348583,0.901470378109427,0.900570308763069,0.899693735957612,0.898840634830563,0.898010991034849,0.897204800782955,0.896422070909481,0.895662818952474,0.894927073254005,0.894214873080495,0.893526268763415,0.892861321861056,0.892220105342162,0.89160270379233,0.89100921364418,0.890439743432416,0.889894414075029,0.889373359182033,0.888876725393267,0.88840467274696,0.887957375080933,0.887535020468522,0.887137811691489,0.886765966752445,0.886419719429578
six_nations_2022,six_nations,2022,north,penalty_goals,primary,0.253834157781932,0.728583833065032,0.728130568207569,0.72768052901055,0.727233661891715,0.726789957988744,0.726349408623794,0.725912005302464,0.725477739712808,0.725046603724387,0.724618589387365,0.724193688931649,0.723771894766073,0.723353199477622,0.722937595830694,0.722525076766414,0.722115635401984,0.721709265030068,0.721305959118235,0.720905711308425,0.720508515416468,0.72011436543164,0.719723255516263,0.719335180005343,0.718950133406246,0.718568110398424,0.718189105833178,0.717813114733457,0.717440132293706,0.717070153879752,0.716703175028732,0.716339191449062,0.71597819902045,0.715620193793949,0.715265171992055,0.714913130008841,0.714564064410147,0.7142179719338,0.713874849489882,0.713534694161047,0.713197503202878,0.712863274044285,0.712532004287957,0.712203691710855,0.711878334264749,0.711555930076808,0.711236477450231,0.710919974864931,0.710606420978265,0.710295814625816,0.70998815482222,0.70968344076205,0.709381671820745,0.7090828475556,0.708786967706801,0.708494032198519,0.708204041140057,0.707916994827054,0.707632893742745,0.707351738559284,0.707073530139117,0.706798269536425,0.706525957998624,0.706256596967928,0.705990188082977,0.70572673318053,0.70546623429723,0.705208693671427,0.704954113745082,0.704702497165736,0.704453846788557,0.704208165678457,0.703965457112292,0.703725724581135,0.703488971792634,0.703255202673452,0.703024421371788,0.702796632259996,0.702571839937278,0.702350049232482,0.702131265206991,0.701915493157702,0.701702738620116,0.70149300737152,0.701286305434285,0.701082639079261,0.700882014829291,0.700684439462841,0.700489920017742,0.700298463795059,0.700110078363083,0.699924771561452,0.699742551505411,0.6995634265902,0.699387405495594,0.699214497190581,0.699044710938195,0.698878056300507,0.698714543143777,0.698554181643765,0.698396982291225,0.69824295589757
six_nations_2022,six_nations,2022,north,missed_penalty_goals,primary,0.0928052556371126,0.85980419049477,0.858459210257761,0.857128957630505,0.855813116721693,0.854511519063898,0.853224002836401,0.851950412648358,0.850690599334754,0.84944441976445,0.848211736659647,0.846992418426184,0.845786338994083,0.844593377667856,0.84341341898608,0.842246352589808,0.841092073099418,0.839950479999537,0.838821477531682,0.837704974594337,0.836600884650161,0.835509125640077,0.834429619904018,0.83336229410811,0.832307079178107,0.831263910238907,0.830232726560016,0.829213471506809,0.828206092497502,0.827210540965723,0.826226772328624,0.825254745960471,0.824294425171671,0.823345777193216,0.822408773166549,0.821483388138841,0.820569601063737,0.819667394807597,0.818776756161312,0.817897675857765,0.817030148595062,0.81617417306563,0.815329751991353,0.814496892164888,0.813675604497372,0.812865904072718,0.812067810208746,0.811281346525418,0.810506541020466,0.809743426152748,0.808992038933689,0.808252421027203,0.807524618858539,0.806808683732526,0.806104671961742,0.80541264500518,0.804732669618053,0.804064818013407,0.803409168036322,0.8027658033515,0.802134813645168,0.80151629484227,0.800910349340043,0.800317086259162,0.799736621713755,0.79916907910174,0.798614589417027,0.798073291585346,0.797545332825595,0.797030869038805,0.796530065227049,0.796043095944847,0.795570145785913,0.795111409908358,0.794667094601853,0.79423741790059,0.793822610246358,0.793422915206506,0.793038590252139,0.792669907602508,0.792317155142291,0.791980637419235,0.7916606767306,0.791357614307874,0.791071811610464,0.790803651740444,0.790553540992067,0.7903219105516,0.790109218365184,0.789915951194924,0.789742626886328,0.789589796873592,0.789458048953218,0.789348010361127,0.78926035119394,0.789195788221606,0.789155089146341,0.789139077372025,0.789148637359313,0.789184720654942,0.789248352699809,0.789340640539781
six_nations_2022,six_nations,2022,north,drop_goals_converted,primary,0.0129887337291191,1.0942104238785,1.09342171037674,1.092638084055,1.09185810929024,1.09108175671862,1.09030899732908,1.08953980245768,1.08877414378215,1.08801199331641,1.08725332340531,1.08649810671943,1.08574631624996,1.08499792530375,1.08425290749837,1.08351123675731,1.08277288730529,1.08203783366364,1.08130605064571,1.08057751335251,1.07985219716829,1.07913007775626,1.07841113105441,1.0776953332714,1.07698266088247,1.07627309062553,1.07556659949721,1.07486316474907,1.07416276388384,1.07346537465174,1.07277097504685,1.07207954330358,1.07139105789315,1.07070549752019,1.07002284111941,1.06934306785221,1.06866615710353,1.06799208847862,1.0673208417999,1.06665239710393,1.06598673463835,1.06532383485893,1.06466367842667,1.06400624620491,1.06335151925654,1.06269947884121,1.06205010641266,1.06140338361598,1.06075929228506,1.06011781443994,1.05947893228435,1.05884262820314,1.05820888475989,1.05757768469446,1.05694901092065,1.05632284652386,1.05569917475879,1.0550779790472,1.05445924297571,1.05384295029356,1.05322908491057,1.05261763089492,1.05200857247117,1.05140189401817,1.05079758006706,1.05019561529931,1.04959598454477,1.04899867277977,1.04840366512522,1.04781094684478,1.04722050334304,1.0466323201637,1.04604638298784,1.04546267763219,1.04488119004739,1.04430190631631,1.04372481265245,1.04314989539824,1.04257714102347,1.04200653612374,1.04143806741884,1.04087172175127,1.04030748608472,1.03974534750259,1.03918529320651,1.03862731051493,1.03807138686168,1.03751750979458,1.03696566697406,1.03641584617184,1.03586803526955,1.03532222225744,1.03477839523307,1.03423654240008,1.03369665206688,1.03315871264542,1.03262271265,1.03208864069607,1.03155648549899,1.03102623587293,1.0304978807297,1.02997140907758
six_nations_2022,six_nations,2022,north,drop_goal_missed,primary,0.0422409839962363,0.511811567726542,0.512180877077418,0.512564044465177,0.51296094520953,0.513371810340267,0.513796876837852,0.514236387841729,0.514690592867915,0.515159748036382,0.515644116308763,0.516143967736963,0.516659579723277,0.51719123729267,0.517739233377918,0.518303869118346,0.518885454172956,0.519484307048804,0.520100755445517,0.520735136616934,0.521387797750913,0.522059096368406,0.522749400743023,0.523459090342348,0.524188556292409,0.524938201866779,0.525708443001911,0.526499708840437,0.527312442304283,0.528147100699616,0.529004156355788,0.529884097300621,0.530787427974569,0.531714669986509,0.532666362914146,0.533643065152253,0.534645354812269,0.535673830677083,0.536729113215156,0.537811845658521,0.538922695149617,0.54006235396236,0.54123154080337,0.542431002199846,0.543661513981172,0.544923882862089,0.546218948135994,0.547547583487827,0.548910698936962,0.550309242921615,0.551744204537496,0.553216615944809,0.554727554959248,0.556278147844365,0.557869572324704,0.559503060841265,0.561179904073458,0.562901454754544,0.564669131810906,0.566484424859199,0.568348899099787,0.570264200649801,0.57223206236488,0.57425431020523,0.576332870209289,0.578469776147126,0.580667177936085,0.582927350913195,0.585252706073106,0.587645801396919,0.590109354417005,0.592646256186245,0.595259586847879,0.597952633035409,0.600728907371803,0.603592170385357,0.60654645521778,0.609596095571004,0.612745757426003,0.616000475173823,0.619365692931335,0.622847311979161,0.626451745466075,0.630185981785534,0.634057658362514,0.638075148015506,0.642247660610454,0.646585363444026,0.651099524743565,0.655802685936547,0.660708870047231,0.665833835903091,0.671195391046087,0.67681378074681,0.682712176930724,0.688917300111661,0.69546022113305,0.7023774101716,0.709712132314443,0.717516339445831,0.725853290364944,0.734801269531015
six_nations_2022,six_nations,2022,north,defenders_beaten,primary,1.33169231233063,1.039007630095,1.01111217478345,1.0088496568626,1.00727235788969,1.00600572357013,1.00492999796594,1.00399035557694,1.00315655874564,1.00240986126084,1.00173766280248,1.00113097736943,1.00058310057333,1.00008884984618,0.999644103361991,0.999245505785817,0.998890272534015,0.998576054955573,0.998300844684455,0.998062904031124,0.997860714189801,0.997692935945829,0.997558379350319,0.997455979955673,0.997384779936634,0.997343912907377,0.997332591575026,0.997350097598442,0.997395773181973,0.997469014049112,0.997569263524674,0.99769600751575,0.99784877022764,0.998027110485622,0.998230618559837,0.998458913410883,0.998711640289566,0.99898846863658,0.999289090237721,0.999613217598018,0.999960582504415,1.00033093475169,1.00072404101037,1.00113968381886,1.00157766068457,1.00203778328131,1.00251987673202,1.00302377896752,1.00354934015315,1.0040964221767,1.00466489819148,1.0052546522095,1.00586557874047,1.00649758247274,1.00715057799288,1.00782448954132,1.00851925080133,1.0092348047196,1.00997110335654,1.01072810776489,1.01150578789552,1.01230412252942,1.01312309923525,1.01396271435187,1.0148229729956,1.01570388909207,1.0166054854328,1.01752779375673,1.01847085485711,1.01943471871452,1.0204194446568,1.02142510154694,1.02245176800028,1.02349953263245,1.02456849434002,1.02565876261568,1.0267704579006,1.02790371197651,1.02905866840081,1.03023548298814,1.03143432434253,1.03265537444478,1.03389882930035,1.03516489965377,1.03645381177633,1.03776580833502,1.03910114935163,1.04046011326215,1.04184299808852,1.04325012273605,1.04468182843235,1.04613848032599,1.04762046926586,1.04912821378606,1.05066216232501,1.05222279571286,1.05381062996696,1.05542621944305,1.0570701603985,1.05874309503506,1.06044571610259,1.06217877216185
six_nations_2022,six_nations,2022,north,clean_breaks,primary,0.617908564670445,1.02544700789983,1.02410574555732,1.0227747449441,1.02145399929199,1.02014350583172,1.0188432654389,1.01755328252584,1.01627356494383,1.01500412389492,1.01374497385271,1.01249613249133,1.01125762062219,1.01002946213786,1.00881168396277,1.00760431601017,1.00640739114521,1.00522094515353,1.00404501671533,1.00287964738459,1.00172488157308,1.00058076653919,0.999447352381245,0.998324692035242,0.997212841276787,0.996111858727244,0.995021805863915,0.993942747034216,0.992874749473783,0.991817883328476,0.990772221680236,0.989737840576811,0.988714819065324,0.987703239229726,0.986703186232136,0.985714748358138,0.984738017066068,0.98377308704037,0.982820056249105,0.981879026005697,0.98095010103504,0.980033389544076,0.979129003296992,0.97823705769518,0.977357671862135,0.976490968733476,0.975637075152284,0.974796121969994,0.973968244153059,0.973153580895677,0.972352275738826,0.97156447669595,0.970790336385603,0.970030012171417,0.969283666309783,0.968551466105662,0.967833584076979,0.967130198128082,0.966441491732807,0.965767654127709,0.965108880516085,0.964465372283446,0.963837337225183,0.963224989787186,0.962628551320297,0.962048250349492,0.961484322858818,0.960937012593175,0.960406571378115,0.959893259458988,0.959397345860809,0.95891910877043,0.958458835942685,0.958016825132369,0.957593384554075,0.957188833372144,0.956803502223146,0.956437733773645,0.956091883316185,0.955766319406848,0.955461424548003,0.955177595920332,0.954915246168624,0.95467480424639,0.954456716324885,0.954261446772842,0.954089479213935,0.953941317669918,0.953817487798327,0.953718538234858,0.953645042051813,0.953597598345605,0.953576833968092,0.953583405418662,0.953618000916417,0.953681342674801,0.953774189404394,0.953897339073776,0.954051631963203,0.954237954051752,0.954457240785663,0.954710481284167
six_nations_2022,six_nations,2022,north,offload,primary,0.864464393916599,0.951270209733486,0.950258815919435,0.949268554263752,0.948299036468492,0.947349891730805,0.946420765551521,0.945511318793517,0.944621226814217,0.943750178665132,0.942897876352196,0.942064034151268,0.941248377973859,0.940450644778601,0.939670582024513,0.938907947162453,0.93816250716159,0.937434038067976,0.936722324592633,0.936027159726802,0.935348344382222,0.934685687054523,0.934039003507975,0.933408116480019,0.932792855404119,0.93219305614964,0.93160856077753,0.931039217310727,0.930484879518289,0.929945406712311,0.929420663556819,0.928910519887844,0.928414850543982,0.927933535206793,0.927466458250429,0.92701350859996,0.926574579597869,0.926149568878281,0.925738378248461,0.925340913577218,0.924957084689829,0.924586805269159,0.924229992762659,0.923886568294961,0.923556456585808,0.923239585873077,0.922935887840664,0.922645297551043,0.92236775338229,0.922103196969429,0.92185157314991,0.921612829913104,0.921386918353677,0.921173792628718,0.920973409918532,0.920785730390995,0.920610717169393,0.920448336303676,0.920298556745066,0.920161350323967,0.920036691731145,0.919924558502138,0.919824931004887,0.919737792430573,0.919663128787657,0.919600928899147,0.919551184403101,0.919513889756397,0.91948904224183,0.919476641978565,0.919476691936036,0.919489197951357,0.919514168750344,0.919551615972242,0.919601554198306,0.919664000984337,0.919738976897365,0.919826505556625,0.919926613679041,0.920039331129422,0.920164690975616,0.920302729548895,0.920453486509865,0.920617004920223,0.920793331320746,0.920982515815899,0.921184612165524,0.921399677884106,0.921627774348166,0.921868966912411,0.922123325035305,0.922390922414851,0.922671837135415,0.922966151826558,0.92327395383494,0.92359533541048,0.923930393908138,0.924279232006808,0.924641957947045,0.925018685789539,0.925409535696544,0.92581463423872
six_nations_2022,six_nations,2022,north,runs,primary,2.04806161879773,1.128468747314,1.001778454188,0.99284319931962,0.986430044108594,0.981093757368987,0.976379935626747,0.972085126326893,0.968100023447071,0.964358784740863,0.960818472547863,0.957449394906423,0.954230069606913,0.95114438479637,0.948179896975782,0.945326759174342,0.942577017936867,0.939924136176165,0.937362659737972,0.934887978446494,0.932496151048106,0.930183774454239,0.927947884375314,0.925785878636242,0.923695457168976,0.921674574461685,0.919721401445875,0.917834294627859,0.916011770847416,0.914252486455467,0.912555219997228,0.910918857702171,0.909342381240953,0.907824857328131,0.906365428839061,0.904963307177765,0.903617765685137,0.902328133917722,0.901093792659278,0.899914169552559,0.898788735258793,0.897717000068362,0.896698510899099,0.895732848629063,0.894819625719178,0.893958484088084,0.893149093207307,0.892391148389593,0.891684369247207,0.891028498300314,0.89042329971829,0.889868558179194,0.889364077834548,0.888909681368302,0.888505209140234,0.888150518405305,0.887845482601492,0.887589990699548,0.887383946608918,0.887227268634686,0.887119888981055,0.88706175329733,0.887052820262859,0.887093061207728,0.887182459766419,0.887321011561865,0.887508723917661,0.8877456155964,0.888031716562317,0.888367067766613,0.888751720954,0.889185738489146,0.889669193201855,0.890202168249906,0.890784756998615,0.891417062916269,0.892099199484655,0.892831290124021,0.893613468131854,0.894445876634936,0.895328668554206,0.896262006582003,0.897246063171339,0.898281020536873,0.899367070667328,0.900504415349122,0.901693266201037,0.902933844719777,0.904226382336316,0.905571120482964,0.906968310671121,0.908418214579719,0.909921104154381,0.911477261717381,0.913086980088491,0.914750562716846,0.916468323824021,0.918240588558479,0.92006769316167,0.921949985146012,0.923887823485086,0.925881578816379
six_nations_2022,six_nations,2022,north,tackles,primary,2.14762732485659,1.42840258424259,1.08387767665996,1.0649533915049,1.05271783340643,1.04327074004751,1.03538853340872,1.02852526539301,1.02238899765585,1.01680490849704,1.01165978415479,1.00687595549251,1.00239772017697,0.998183695371902,0.994202239960687,0.990428576471359,0.986842907027429,0.983429137500062,0.980173988225068,0.977066358534972,0.974096862697147,0.97125748448634,0.968541315666629,0.965942354977,0.963455351502754,0.961075681118607,0.9587992479226,0.95662240479794,0.954541888787808,0.952554768065588,0.950658398072271,0.948850384967989,0.947128554969069,0.945490928458626,0.943935697997507,0.942461209544208,0.941065946332082,0.939748514960453,0.938507633340839,0.937342120206069,0.93625088594288,0.935232924550711,0.934287306563251,0.93341317279663,0.932609728810386,0.931876239985469,0.931212027138463,0.930616462603517,0.930088966723659,0.929629004701679,0.929236083767863,0.928909750627835,0.92864958915879,0.928455218326658,0.928326290300365,0.928262488742439,0.928263527257826,0.928329147985092,0.928459120316073,0.928653239731775,0.928911326743755,0.929233225931473,0.929618805067254,0.930067954321399,0.930580585540894,0.931156631595869,0.931796045788642,0.932498801320742,0.93326489081384,0.934094325880986,0.934987136744918,0.935943371900646,0.936963097819785,0.938046398694466,0.939193376218885,0.940404149406851,0.941678854443881,0.943017644572646,0.944420690010763,0.945888177900099,0.94742031228699,0.949017314132887,0.950679421355186,0.952406888898103,0.954199988833682,0.956059010493151,0.957984260629049,0.959976063608705,0.962034761639865,0.96416071502943,0.966354302476515,0.96861592140126,0.970945988311056,0.973344939206168,0.975813230027003,0.978351337145642,0.980959757904621,0.983639011206409,0.986389638157488,0.989212202771552,0.992107292736952,0.995075520254311
six_nations_2022,six_nations,2022,north,missed_tackles,primary,1.23708719245633,0.995225163636829,0.993944070579635,0.992703101885443,0.991500282659917,0.990333860858837,0.989202274035756,0.988104122313842,0.987038146146582,0.986003207872159,0.984998276301467,0.984022413753073,0.983074765077772,0.982154548312965,0.981261046681415,0.980393601706135,0.979551607257545,0.978734504383755,0.977941776802225,0.977172946952794,0.976427572529471,0.975705243422375,0.975005579012558,0.974328225771652,0.973672855125882,0.973039161550168,0.972426860863212,0.97183568869873,0.971265399131577,0.970715763440468,0.970186568991568,0.96967761822931,0.969188727762614,0.968719727536246,0.968270460078308,0.967840779816044,0.967430552453051,0.967039654401864,0.966667972266568,0.96631540237074,0.965981850326563,0.96566723064141,0.965371466358633,0.965094488729648,0.964836236914717,0.964596657710118,0.964375705299656,0.964173341028655,0.963989533198794,0.963824256882327,0.963677493754355,0.963549231941991,0.963439465889362,0.963348196237507,0.963275429718354,0.96322117906201,0.963185462916737,0.96316830578101,0.963169737947158,0.963189795456157,0.963228520063165,0.963285959213512,0.963362166028831,0.963457199303147,0.963571123508719,0.963704008811529,0.963855931096313,0.964026972001118,0.964217218961351,0.964426765263396,0.964655710107852,0.964904158682542,0.965172222245428,0.965460018217676,0.965767670287082,0.966095308522196,0.966443069497459,0.966811096429754,0.967199539326827,0.967608555148067,0.968038307978205,0.968488969214567,0.968960717768557,0.969453740282148,0.969968231360212,0.970504393819639,0.971062438956249,0.971642586830645,0.972245066574239,0.972870116716829,0.973517985537229,0.974188931438612,0.974883223350406,0.975601141158757,0.976342976167786,0.977109031594122,0.977899623097433,0.978715079349974,0.979555742648547,0.980421969572565,0.981314131692427,0.982232616332831
six_nations_2022,six_nations,2022,north,rucks_won,primary,4.73515247336938,1.01737039676715,0.968254606665692,0.955271559597279,0.943564956182808,0.932588920521927,0.922158436093987,0.912181774271722,0.902603367823769,0.893385110962025,0.88449863166206,0.875921570330668,0.867635578902629,0.859625150611208,0.851876888450498,0.844379022438145,0.83712107645772,0.830093629521035,0.823288139151929,0.816696807124578,0.810312474988217,0.804128541116475,0.79813889368859,0.79233785571653,0.786720139354442,0.781280807483494,0.776015241087019,0.77091911129811,0.765988355265214,0.761219155173369,0.756607919901073,0.752151268899813,0.747846017964824,0.74368916662853,0.739677886957275,0.735809513570655,0.732081534733697,0.728491584396999,0.725037435080177,0.721716991510562,0.718528284942835,0.715469468096762,0.712538810659891,0.70973469531029,0.707055614221521,0.704500166018188,0.702067053155817,0.699755079703677,0.69756314951345,0.695490264760718,0.6935355248499,0.69169812567682,0.689977359246468,0.68837261364688,0.686883373383364,0.685509220080757,0.684249833564874,0.683104993338085,0.682074580467897,0.681158579911777,0.680357083306158,0.679670292252848,0.679098522141955,0.678642206557059,0.678301902315954,0.678078295208907,0.677972206506368,0.677984600319572,0.678116591910928,0.678369457066777,0.678744642663567,0.679243778580253,0.679868691135605,0.680621418259858,0.681504226647009,0.6825196311784,0.683670416961794,0.684959664395297,0.686390777745003,0.687967517822996,0.689694039473085,0.691574934721885,0.693615282640851,0.695820707201884,0.698197444710195,0.700752422783461,0.703493353343974,0.70642884273894,0.709568522957504,0.712923209048349,0.716505089369494,0.720327957384084,0.724407496593473,0.728761634236486,0.73341098514589,0.738379415532694,0.743694768915361,0.749389815346344,0.755503514695039,0.762082732527771,0.769184627155183,0.776880066519489
six_nations_2022,six_nations,2022,north,rucks_lost,primary,0.806336530249461,1.03229812110062,1.02596671382215,1.02002932071908,1.01444218259287,1.00916963821148,1.004182090652,0.999454604296602,0.994965904467472,0.990697644370447,0.986633855363022,0.982760526466761,0.979065277184951,0.97553709908262,0.972166148966008,0.968943581406036,0.965861411691146,0.962912402617051,0.960089970165281,0.957388104306654,0.954801302031541,0.952324510350602,0.949953077491433,0.947682710882404,0.945509440795737,0.94342958873952,0.941439739858531,0.939536718738004,0.93771756811122,0.935979530057261,0.934320029344202,0.932736658628996,0.931227165270957,0.929789439553327,0.928421504138394,0.927121504607362,0.925887700957703,0.924718459948676,0.923612248200935,0.922567625968952,0.921583241515948,0.920657826030307,0.919790189030513,0.918979214212499,0.918223855699309,0.917523134658179,0.916876136254684,0.916282006917636,0.915739951891967,0.915249233060032,0.914809167014599,0.914419123369474,0.914078523296034,0.913786838276253,0.913543589064873,0.913348344855447,0.913200722646938,0.913100386809544,0.913047048850412,0.91304046738196,0.913080448297679,0.913166845162596,0.913299559828061,0.913478543283276,0.913703796759042,0.913975373102641,0.914293378446748,0.91465797419974,0.915069379390123,0.915527873403897,0.916033799161013,0.916587566785694,0.91718965783575,0.917840630168425,0.918541123535385,0.919291866017769,0.920093681434671,0.920947497886131,0.921854357626085,0.922815428503692,0.923832017265613,0.924905585080433,0.926037765734328,0.927230387060362,0.928485496311438,0.929805390381027,0.931192652033835,0.932650193655527,0.934181310503024,0.935789746088906,0.937479773246821,0.939256295725445,0.941124977044292,0.943092406134197,0.945166313504836,0.947355858226813,0.949672016461082,0.952128119487322,0.954740618648858,0.957530207299104,0.960523528933493,0.963755898998059
six_nations_2022,six_nations,2022,north,passes,primary,3.47749083566525,0.932503577250695,0.917694999664363,0.91391427538752,0.910452114203181,0.907165011218657,0.904006828498986,0.90095616067408,0.898000934864239,0.895133428238892,0.892348243266333,0.889641353631195,0.887009604555548,0.884450429276238,0.881961677646705,0.879541507018495,0.877188309697913,0.874900662903459,0.872677293122994,0.870517050005864,0.86841888675997,0.866381845105437,0.864405043496366,0.862487667736873,0.860628963385434,0.858828229518594,0.857084813544781,0.855398106841408,0.853767541046313,0.852192584875853,0.850672741371868,0.849207545501674,0.847796562051608,0.846439383766932,0.84513562970031,0.843884943738307,0.842686993280953,0.841541468053879,0.840448079035999,0.839406557488548,0.838416654073521,0.837478138051409,0.836590796549625,0.835754433894255,0.834968870998787,0.834233944804343,0.833549507766648,0.832915427385586,0.832331585773695,0.831797879260425,0.831314218029322,0.830880525785665,0.830496739452335,0.830162808891971,0.829878696653652,0.829644377742569,0.829459839411281,0.82932508097133,0.829240113624098,0.82920496030992,0.829219655574567,0.829284245452313,0.829398787364876,0.829563350035616,0.829778013418429,0.830042868640858,0.830358017960982,0.830723574737724,0.831139663414246,0.831606419514174,0.832123989650413,0.832692531546383,0.833312214069529,0.833983217277011,0.834705732473498,0.835479962281059,0.836306120721148,0.837184433308734,0.838115137158661,0.839098481104341,0.840134725828954,0.841224144009317,0.84236702047266,0.843563652366565,0.844814349342354,0.846119433752277,0.847479240860864,0.848894119070848,0.850364430164145,0.851890549558365,0.853472866579424,0.855111784750858,0.856807722100495,0.858561111485195,0.860372400934439,0.862242054013609,0.86417055020787,0.866158385327632,0.868206071936688,0.870314139804161,0.87248313638153,0.874713627306102
six_nations_2022,six_nations,2022,north,bad_passes,primary,1.04603693966069,1.0135956439752,1.00775260852884,1.00214449166336,0.996753796923072,0.991565386526988,0.986566026263146,0.981744042957662,0.977089061102381,0.972591796665084,0.968243893130146,0.964037789331304,0.959966611624016,0.956024084970746,0.952204458918077,0.948502445439229,0.944913166332186,0.941432108388145,0.938055084934501,0.934778202649706,0.931597832770477,0.928510585983688,0.925513290428888,0.922602972342286,0.919776838956109,0.917032263333521,0.914366770872596,0.91177802725602,0.90926382765836,0.906822087051622,0.904450831473576,0.902148190143118,0.899912388323345,0.897741740846823,0.895634646229123,0.893589581306502,0.891605096341919,0.889679810550666,0.88781240800297,0.886001633866108,0.88424629095307,0.882545236548693,0.880897379487524,0.879301677460615,0.877757134531011,0.876262798839898,0.874817760487378,0.873421149573527,0.872072134386957,0.870769919729425,0.869513745366254,0.868302884593395,0.867136642912926,0.866014356809636,0.864935392622133,0.863899145502611,0.862905038460053,0.861952521482239,0.861041070732464,0.860170187817357,0.859339399122691,0.858548255214478,0.857796330303065,0.857083221768364,0.856408549744696,0.855771956764141,0.855173107457617,0.854611688313312,0.854087407492447,0.853599994702735,0.853149201130294,0.852734799431193,0.852356583784247,0.852014370007135,0.851707995738453,0.851437320688838,0.851202226964939,0.851002619470669,0.850838426390949,0.850709599763997,0.850616116149191,0.850557977398621,0.850535211541724,0.850547873793811,0.850596047700983,0.850679846435867,0.850799414260826,0.850954928177957,0.851146599788256,0.851374677385986,0.851639448318587,0.851941241647573,0.852280431152056,0.852657438723793,0.853072738211616,0.853526859783799,0.854020394890055,0.854554001920903,0.855128412681959,0.855744439825243,0.856402985410255,0.857105050806112
six_nations_2022,six_nations,2022,north,turnovers_conceded,primary,0.982127324872487,1.08887047509646,1.05299138954514,1.05016129024336,1.04820160981154,1.04661023949099,1.04522941737491,1.04398858401471,1.0428498870973,1.04179056862747,1.04079582124348,1.03985543263379,1.03896203640876,1.03811012618539,1.03729546481522,1.03651471250493,1.03576518301791,1.03504467829463,1.0343513729552,1.03368373158546,1.0330404481873,1.03242040098894,1.03182261813511,1.03124625123498,1.03069055468482,1.03015486930185,1.02963860922281,1.02914125130692,1.02866232648312,1.02820141262306,1.0277581286238,1.0273321294583,1.02692310200706,1.0265307615254,1.02615484863164,1.02579512672545,1.02545137976358,1.02512341033446,1.02481103798418,1.02451409775502,1.02423243890483,1.02396592378074,1.02371442682557,1.0234778336986,1.02325604049535,1.0230489530536,1.02285648633468,1.0226785638707,1.02251511726995,1.02236608577355,1.02223141585768,1.02211106087619,1.02200498073948,1.02191314162571,1.02183551572116,1.02177208098688,1.02172282094917,1.02168772451164,1.02166678578709,1.02166000394737,1.0216673830899,1.02168893211951,1.02172466464443,1.0217745988855,1.02183875759773,1.02191716800337,1.02200986173594,1.02211687479455,1.02223824750807,1.02237402450865,1.02252425471428,1.02268899132014,1.02286829179834,1.02306221790594,1.02327083570115,1.02349421556747,1.0237324322458,1.02398556487452,1.02425369703743,1.0245369168197,1.02483531687201,1.02514899448276,1.02547805165876,1.0258225952146,1.02618273687071,1.02655859336075,1.02695028654844,1.02735794355427,1.02778169689256,1.02822168461938,1.02867805049179,1.02915094413909,1.02964052124676,1.0301469437537,1.03067038006383,1.03121100527272,1.0317690014104,1.03234455770137,1.0329378708431,1.03354914530425,1.0341785936442,1.03482643685542
six_nations_2022,six_nations,2022,north,penalties_conceded,primary,0.908105997516781,1.07975033806021,1.03909638365701,1.03654725551504,1.03492749308811,1.03369453698059,1.03267819694353,1.03180255319721,1.03102702412592,1.03032732204147,1.02968773079,1.02909747970376,1.0285488545145,1.02803613332624,1.0275549496357,1.02710189183179,1.02667424100004,1.02626979335449,1.02588673646115,1.02552356078335,1.02517899508248,1.02485195833124,1.02454152330724,1.02424688860969,1.02396735685591,1.02370231748303,1.02345123302984,1.02321362808271,1.0229890802848,1.02277721296046,1.02257768901676,1.02239020586402,1.02221449115632,1.02205029919714,1.02189740788843,1.0217556161268,1.02162474156994,1.02150461871147,1.02139509721424,1.02129604046134,1.02120732429138,1.02112883589073,1.02106047281962,1.02100214215352,1.02095375972354,1.02091524944277,1.02088654270725,1.02086757786186,1.02085829972327,1.02085865915272,1.02086861267295,1.02088812212396,1.02091715435331,1.02095568093703,1.02100367792796,1.0210611256285,1.02112800838537,1.02120431440405,1.0212900355811,1.02138516735255,1.021489708557,1.02160366131197,1.0217270309024,1.02185982568039,1.02200205697498,1.02215373901156,1.02231488883979,1.02248552626978,1.02266567381558,1.02285535664593,1.02305460254138,1.02326344185769,1.02348190749516,1.02371003487337,1.02394786191134,1.02419542901265,1.02445277905558,1.02471995738779,1.0249970118257,1.0252839926583,1.02558095265528,1.02588794707953,1.02620503370388,1.02653227283206,1.02686972732396,1.02721746262502,1.02757554680008,1.02794405057142,1.02832304736133,1.02871261333915,1.02911282747295,1.02952377158605,1.02994553041833,1.03037819169286,1.03082184618769,1.03127658781326,1.03174251369568,1.03221972426605,1.03270832335623,1.03320841830147,1.03372012005012,1.03424354328101
six_nations_2022,six_nations,2022,north,yellow_cards,primary,0.0562569098643056,0.855816934070134,0.855147456616067,0.854491781429398,0.853850124337073,0.853222720685446,0.852609812717177,0.852011649841721,0.851428488919302,0.850860594559187,0.850308239433148,0.849771704605032,0.849251279877472,0.848747264156799,0.848259965837335,0.847789703206313,0.847336804870766,0.846901610207854,0.846484469840169,0.846085746137734,0.845705813748498,0.84534506015931,0.845003886289505,0.844682707119404,0.844381952356237,0.844102067140205,0.843843512793627,0.843606767616377,0.843392327731104,0.843200707982024,0.843032442891441,0.842888087678506,0.842768219345162,0.842673437834685,0.842604367268738,0.842561657269445,0.842545984373603,0.842558053546895,0.842598599806734,0.842668389963256,0.842768224488979,0.842898939528769,0.843061409062959,0.843256547237919,0.843485310879935,0.843748702210025,0.844047771779382,0.84438362164738,0.844757408826695,0.845170349023082,0.845623720700653,0.846118869507444,0.846657213100405,0.847240246414075,0.847869547423012,0.848546783454822,0.849273718118426,0.850052218921256,0.850884265659663,0.851771959679071,0.852717534114922,0.853723365242319,0.854791985082358,0.855926095436708,0.85712858355016,0.858402539634314,0.859751276525731,0.861178351800039,0.862687592721776,0.864283124480395,0.865969402249065,0.867751247708532,0.869633890808601,0.871623017701233,0.873724825980797,0.875946088619973,0.878294228309816,0.880777404320058,0.883404614519182,0.886185815871543,0.889132067614571,0.892255702487748,0.89557053294343,0.89909210137119,0.902837986236566,0.906828180004949,0.911085560294731,0.915636483654519,0.92051154290274,0.925746546057961,0.931383800744772,0.937473828043381,0.944077693617759,0.951270248946151,0.959144754364764,0.967819673379759,0.977449020366354,0.988238815633818,1.00047468927121,1.0145714427332,1.03117035747938,1.05135535432088
six_nations_2022,six_nations,2022,north,red_cards,primary,0.0344026951835518,1.02317474752703,0.862722347558782,0.833537440608217,0.816472791672856,0.80437110157295,0.794989352569162,0.787328446520809,0.780855435572355,0.775252198683556,0.770313542457436,0.765899363371161,0.761909732285159,0.758270866147864,0.754926734166026,0.751833783537154,0.748957489233483,0.746270019571111,0.743748610737801,0.741374406638279,0.73913161283103,0.737006867735235,0.734988767411826,0.733067500997162,0.731234567242327,0.729482551424909,0.727804947831657,0.726196017078466,0.724650670372569,0.723164374833488,0.721733075435778,0.720353130190297,0.719021255957907,0.71773448286905,0.716490115759448,0.715285701364617,0.714119000271093,0.712987962820042,0.711890708313213,0.710825506992655,0.709790764361709,0.708785007491525,0.707806873018821,0.706855096590293,0.705928503549378,0.705026000693942,0.704146568960478,0.703289256912583,0.702453174929922,0.701637490009177,0.700841421101241,0.700064234919666,0.699305242164343,0.698563794112047,0.697839279531901,0.697131121889326,0.69643877680671,0.695761729753035,0.695099493938161,0.694451608390393,0.693817636198558,0.693197162901975,0.692589795013678,0.691995158663879,0.691412898352137,0.69084267579796,0.69028416888069,0.689737070660495,0.689201088473154,0.688675943092076,0.688161367951674,0.687657108426798,0.687162921163454,0.686678573456523,0.68620384267059,0.685738515700356,0.685282388467472,0.684835265450889,0.684396959248105,0.68396729016493,0.683546085831575,0.683133180843115,0.68272841642248,0.68233164010435,0.681942705438422,0.681561471710674,0.681187803681349,0.680821571338488,0.680462649665957,0.680110918424957,0.67976626194813,0.679428568945416,0.679097732320888,0.67877364899985,0.678456219765559,0.678145349104925,0.67784094506267,0.67754291910339,0.677251185981052,0.676965663615477,0.676686272975384,0.676412937967624
six_nations_2022,six_nations,2022,north,metres,primary,1.47709951760714,0.877108367168616,0.876499466975589,0.875931438369521,0.875401124722872,0.874905760895721,0.874442911774614,0.874010422432634,0.873606377379117,0.873229066986424,0.872876959633499,0.872548678440241,0.872242981716537,0.871958746438388,0.871694954207225,0.87145067925897,0.871225078174988,0.871017381013933,0.870826883636087,0.870652941033469,0.870494961512182,0.870352401600152,0.870224761574882,0.870111581523309,0.870012437860066,0.869926940242129,0.869854728827407,0.869795471832813,0.869748863353917,0.869714621413823,0.869692486213505,0.86968221855972,0.869683598449906,0.869696423796209,0.86972050927319,0.869755685275723,0.869801796975342,0.869858703464759,0.869926276981548,0.870004402203076,0.870092975605713,0.870191904882178,0.870301108411583,0.870420514777373,0.870550062328891,0.870689698782781,0.870839380860865,0.870999073961498,0.87116875186172,0.871348396447832,0.871537997472271,0.871737552334872,0.871947065886848,0.87216655025595,0.872396024691478,0.872635515427935,0.872885055566253,0.873144684971652,0.873414450187283,0.873694404362931,0.873984607198109,0.87428512489901,0.874596030148803,0.874917402090887,0.875249326324733,0.87559189491406,0.875945206407104,0.87630936586883,0.876684484924978,0.877070681817887,0.877468081474099,0.877876815583797,0.878297022692175,0.878728848302898,0.879172444993852,0.879627972545453,0.880095598081813,0.880575496225147,0.881067849263833,0.881572847334619,0.882090688619531,0.882621579558088,0.883165735075533,0.883723378827826,0.884294743464272,0.884880070908707,0.885479612660288,0.886093630115035,0.886722394909372,0.887366189287068,0.888025306491091,0.888700051182066,0.889390739885175,0.890097701467545,0.890821277648368,0.891561823544237,0.892319708252428,0.893095315475179,0.893889044188309,0.894701309357926,0.895532542709362,0.896383193552958
summer_internationals_2022,summer_internationals,2022,mixed,minutes,primary,10.0033547300299,1.00359465744902,1.00245948215583,1.00132741445774,1.00021339292578,0.999099371393816,0.997985349861856,0.996908459533523,0.995980290131858,0.995140830749397,0.994323798066232,0.993509308118505,0.992695004237741,0.991902192731028,0.991112380657194,0.990322568583359,0.989532756509525,0.988742944435691,0.987953132361856,0.987163320288022,0.986379529091954,0.985605353868581,0.984859497865302,0.984161540398149,0.983502966236928,0.982856226962028,0.982223454219835,0.981619821441164,0.981045355717515,0.98049683101901,0.979948306320505,0.979412899668569,0.978885168165565,0.978361521610772,0.977856452379959,0.977363397879261,0.976871152997523,0.976378908115785,0.975886663234047,0.975417609803588,0.974952845310479,0.974504075386349,0.974112670053367,0.973729824300359,0.973351909532616,0.972973994764872,0.972596079997129,0.972234824460872,0.971875064561655,0.971521283907848,0.971196431714787,0.970911653844158,0.97066579201431,0.970471657407702,0.970293785425137,0.970131447704944,0.970002483417275,0.969891658759735,0.969822179665851,0.969784106977709,0.969746457045396,0.969709338703149,0.969731305435045,0.969790898632236,0.969899583694136,0.97001028565019,0.97013692133061,0.970309695673975,0.970541444278213,0.970812683845613,0.971104590190895,0.971410948866823,0.971717307542752,0.97202366621868,0.972342815665101,0.972675109137393,0.973044974453257,0.973463423766434,0.973881873079611,0.974322390415877,0.974767489106049,0.97521838987902,0.975715945825225,0.97621350177143,0.976711057717635,0.9772411646641,0.977778590378444,0.978336255161665,0.978903713908823,0.979480912266417,0.980062934460066,0.980648370679829,0.981233806899592,0.981823711551275,0.982454087045582,0.98315787299308,0.983964189711896,0.984770506430712,0.985592623598841,0.986540072766756,0.987547271988568,0.988622243027911
summer_internationals_2022,summer_internationals,2022,mixed,tries,primary,0.513089758605395,1.02777126695753,1.02663346112058,1.02553096882373,1.024461436506,1.02342287468156,1.02241358607806,1.0214321112082,1.02047718635527,1.01954771070998,1.01864272035627,1.01776136745442,1.0169029034178,1.01606666519379,1.01525206398365,1.01445857589706,1.01368573415583,1.01293312254844,1.01220036990257,1.01148714539252,1.01079315453607,1.0101181357645,1.00946185747223,1.00882411547021,1.00820473078119,1.00760354772622,1.00702043226051,1.00645527052403,1.00590796757817,1.00537844630409,1.00486664644296,1.00437252376082,1.00389604932389,1.00343720887216,1.00299600228111,1.00257244310285,1.00216655817928,1.00177838732125,1.00140798304826,1.00105541038457,1.00072074670795,1.00040408164808,1.00010551703231,0.999825166876743,0.999563157421447,0.999319627208591,0.999094727203144,0.998888620955862,0.998701484808823,0.998533508144067,0.998384893676302,0.998255857791001,0.998146630929604,0.99805745802394,0.997988598982409,0.997940329230948,0.997912940312263,0.997906740547398,0.997922055764281,0.997959230098581,0.998018626872939,0.998100629561514,0.998205642847707,0.998334093784039,0.998486433064411,0.99866313642038,0.998864706154778,0.999091672827869,0.99934459711351,0.99962407184534,0.999930724276099,1.00026521857673,1.00062825860619,1.00102059098788,1.00144300853463,1.00189635407133,1.00238152471296,1.00289947666619,1.00345123063541,1.00403787792968,1.00466058738607,1.00532061324858,1.00601930417132,1.00675811355142,1.00753861144413,1.0083624983717,1.0092316214143,1.01014799307004,1.01111381350082,1.0121314969517,1.01320370336043,1.01433337648308,1.01552379028549,1.01677860593925,1.01810194259111,1.01949846626615,1.02097350300421,1.02253318492191,1.02418464184212,1.0259362573041,1.02779801767893,1.02978199954703
summer_internationals_2022,summer_internationals,2022,mixed,try_assists,primary,0.316227173232004,1.01011813577963,1.00913226182746,1.008183927098,1.00727148909234,1.00639346834224,1.00554852819697,1.00473545809877,1.00395315931684,1.0032006327168,1.0024769682261,1.00178133572039,1.0011129771071,1.00047119942284,0.999855368793488,0.999264905131722,0.998699277467721,0.9981579998258,0.997640627573588,0.997146754181815,0.996676008342228,0.996228051398949,0.995802575055134,0.995399299322236,0.995017970683786,0.994658360449455,0.99432026327845,0.994003495854097,0.993707895693832,0.99343332008086,0.993179645105517,0.992946764805838,0.992734590398207,0.99254304959003,0.992372085967428,0.992221658451764,0.992091740819623,0.99198232128149,0.991893402115012,0.991824999349224,0.991777142496609,0.991749874330284,0.991743250703994,0.991757340412923,0.991792225093689,0.991847999162146,0.991924769787932,0.992022656904912,0.992141793256964,0.992282324478757,0.992444409211391,0.992628219253043,0.99283393974492,0.993061769393091,0.993311920726974,0.993584620395499,0.99388010950219,0.994198643980681,0.994540495012443,0.994905949488766,0.99529531051937,0.99570889799033,0.996147049174376,0.996610119396999,0.99709848276225,0.997612532942589,0.99815268403767,0.998719371507542,0.999313053186419,0.999934210383903,1.00058334908141,1.00126100123246,1.00196772617664,1.0027041121782,1.00347077810167,1.0042683752386,1.00509758930119,1.00595914260078,1.00685379643182,1.00778235368444,1.00874566171241,1.00974461548694,1.0107801610715,1.01185329945812,1.01296509081204,1.014116659179,1.01530919771879,1.01654397453899,1.01782233921632,1.01914573010837,1.02051568257783,1.02193383827473,1.02340195565096,1.02492192191739,1.02649576669821,1.02812567769375,1.0298140187339,1.03156335069561,1.0333764558755,1.03525636656172,1.03720639875101,1.03923019222599
summer_internationals_2022,summer_internationals,2022,mixed,conversion_goals,primary,0.375467253446007,0.55080500212355,0.549604313635395,0.548427268648598,0.54727327463333,0.546141811281749,0.545032397150304,0.543944586750236,0.542877967938395,0.54183215957354,0.54080680940796,0.539801592188316,0.538816207943012,0.537850380436319,0.536903855772002,0.535976401131348,0.535067803632382,0.534177869298622,0.533306422127199,0.53245330324732,0.531618370161167,0.530801496060241,0.530002569210987,0.529221492404271,0.5284581824639,0.527712569809989,0.526984598073444,0.526274223758329,0.525581415949254,0.524906156061356,0.524248437630706,0.523608266143363,0.52298565890153,0.522380644925569,0.521793264890847,0.521223571098661,0.520671627480695,0.520137509636672,0.519621304905094,0.51912311246717,0.518643043484232,0.518181221269145,0.517737781492459,0.51731287242423,0.516906655212703,0.516519304201259,0.516151007285309,0.515801966311068,0.515472397518436,0.515162532030539,0.514872616392806,0.514602913164856,0.514353701568841,0.51412527819839,0.513917957792771,0.513732074081444,0.513567980704837,0.513426052217827,0.51330668518323,0.513210299363484,0.513137339019686,0.513088274328308,0.513063602927189,0.513063851603864,0.513089578140982,0.513141373335466,0.513219863210306,0.513325711440363,0.513459622016566,0.513622342176216,0.513814665631108,0.514037436129763,0.514291551395437,0.514577967487911,0.514897703644454,0.515251847664149,0.515641561910167,0.516068090016911,0.516532764403776,0.517037014714946,0.517582377326041,0.518170506084234,0.51880318447993,0.519482339486458,0.520210057351472,0.520988601682023,0.521820434237773,0.522708238937392,0.5236549496973,0.524663782866435,0.525738275205393,0.526882328595796,0.528100262974112,0.529396879387794,0.530777535605267,0.532248237424041,0.533815749783684,0.535487733105732,0.537272912103489,0.539181286860991,0.541224399624519,0.543415676032502
summer_internationals_2022,summer_internationals,2022,mixed,missed_conversion_goals,primary,0.134870487828771,0.704317463354754,0.702619169779955,0.700980213853681,0.699398340756004,0.697871546372813,0.696397967205446,0.694975868009501,0.693603630820187,0.692279745180637,0.69100279941765,0.689771472832566,0.688584528694306,0.687440807937768,0.686339223484297,0.685278755112396,0.684258444816469,0.683277392599608,0.682334752653388,0.681429729883631,0.680561576746182,0.679729590361169,0.678933109877988,0.678171514066567,0.67744421911328,0.676750676602392,0.676090371666055,0.675462821287799,0.674867572746071,0.674304202185899,0.67377231330799,0.673271536165738,0.672801526061623,0.672361962535367,0.671952548437012,0.67157300907882,0.671223091460496,0.670902563562834,0.670611213705401,0.67034884996433,0.670115299646725,0.669910408818558,0.669734041883308,0.669586081208902,0.669466426800804,0.669374996019425,0.669311723340222,0.669276560155143,0.669269474614296,0.669290451506921,0.669339492180987,0.669416614500901,0.669521852843061,0.669655258129135,0.669816897897192,0.670006856410956,0.670225234807707,0.670472151285515,0.670747741330733,0.671052157986873,0.671385572166242,0.671748173005941,0.672140168270104,0.672561784800524,0.673013269018122,0.673494887478048,0.674006927481535,0.674549697748063,0.675123529151773,0.675728775526593,0.676365814545032,0.677035048676218,0.677736906229394,0.678471842489847,0.67924034095505,0.680042914679778,0.680880107739983,0.681752496826448,0.682660692980607,0.683605343486496,0.684587133934594,0.685606790475397,0.68666508228294,0.687762824251265,0.688900879950025,0.690080164869157,0.691301649986927,0.692566365700758,0.693875406166318,0.695229934097451,0.696631186088031,0.698080478526928,0.699579214189375,0.701128889602657,0.702731103301655,0.704387565111306,0.706100106619296,0.707870693034711,0.709701436668392,0.711594612320771,0.713552674925639,0.715578279877675
summer_internationals_2022,summer_internationals,2022,mixed,penalty_goals,primary,0.338257966325134,0.478532087770672,0.477279244909299,0.476053016200788,0.474852949208895,0.473678642394081,0.47252971098562,0.471405786318699,0.470306515214169,0.469231559398182,0.46818059495917,0.467153311839879,0.46614941336232,0.465168615783729,0.464210647881762,0.46327525056731,0.46236217652348,0.461471189869389,0.460602065847555,0.459754590533775,0.458928560568491,0.458123782908729,0.457340074599795,0.456577262565999,0.455835183419754,0.455113683288479,0.454412617658789,0.453731851237575,0.453071257829569,0.452430720231132,0.451810130140016,0.451209388080932,0.450628403346829,0.450067093955827,0.449525386623837,0.449003216752947,0.448500528435733,0.448017274475696,0.447553416424136,0.447108924633803,0.446683778329773,0.44627796569806,0.44589148399257,0.44552433966108,0.445176548491038,0.444848135776073,0.444539136504218,0.444249595568971,0.443979568004449,0.443729119246051,0.443498325418164,0.443287273650672,0.443096062426169,0.442924801960026,0.442773614615669,0.442642635357693,0.442532012245737,0.442441906972328,0.442372495448304,0.442323968439799,0.442296532261213,0.442290409529123,0.442305839982629,0.44234308137629,0.442402410452499,0.442484124001012,0.442588540014214,0.44271599894783,0.442866865097941,0.44304152810659,0.443240404609808,0.443463940043754,0.443712610626715,0.443986925537184,0.444287429310988,0.444614704483755,0.444969374508773,0.445352106984747,0.445763617233182,0.446204672271236,0.446676095233116,0.447178770301703,0.447713648222225,0.448281752482027,0.448884186255042,0.449522140227152,0.450196901439869,0.450909863315572,0.451662537059084,0.452456564669044,0.453293733840315,0.454175995097953,0.455105481577346,0.456084531958259,0.457115717178423,0.458201871702652,0.459346130316739,0.460551971665776,0.461823270084038,0.463164357695758,0.464580099342595,0.466075983670791
summer_internationals_2022,summer_internationals,2022,mixed,missed_penalty_goals,primary,0.108411048517079,0.742963261046932,0.74328245428433,0.743613908154635,0.743957625694019,0.744313732797605,0.74468235796587,0.745063632368207,0.745457689908697,0.745864667294181,0.746284704104731,0.746717942866607,0.74716452912781,0.747624611536348,0.748098341921309,0.748585875376883,0.749087370349435,0.749602988727791,0.750132895936849,0.750677261034681,0.751236256813272,0.751810059903059,0.752398850881454,0.753002814385513,0.753622139228965,0.754257018523788,0.754907649806548,0.755574235169737,0.756256981398336,0.756956100111872,0.757671807912215,0.758404326537418,0.759153883021899,0.759920709863263,0.76070504519613,0.761507132973308,0.762327223154693,0.763165571904312,0.764022441795924,0.764898102027641,0.76579282864606,0.766706904780417,0.767640620887307,0.768594275006581,0.769568173029017,0.770562628976454,0.771577965295098,0.77261451316276,0.773672612810844,0.774752613861963,0.775854875684117,0.776979767762427,0.778127670089522,0.779298973575716,0.78049408048022,0.78171340486474,0.782957373070873,0.784226424222869,0.785521010757422,0.786841598982284,0.788188669665656,0.789562718658462,0.790964257551757,0.792393814371776,0.793851934315248,0.795339180527919,0.796856134929405,0.79840339908782,0.799981595147909,0.801591366816753,0.803233380411496,0.804908325973948,0.806616918457372,0.808359898991295,0.81013803623071,0.811952127796702,0.813803001816229,0.815691518569537,0.817618572254639,0.819585092879198,0.821592048291331,0.823640446362052,0.825731337333513,0.827865816348779,0.830045026180681,0.83227016017935,0.834542465460349,0.836863246357993,0.839233868171472,0.841655761234891,0.84413042534631,0.846659434595507,0.849244442635476,0.851887188448847,0.854589502667571,0.857353314512549,0.860180659429633,0.863073687509865,0.866034672795291,0.869066023587582,0.872170293895566,0.875350196180255
summer_internationals_2022,summer_internationals,2022,mixed,drop_goals_converted,primary,0.0107775395917894,0.686336334949136,0.687429217078338,0.688547453051965,0.68968982097976,0.690856807610856,0.692048914571373,0.693266658976934,0.694510574077026,0.695781209933226,0.697079134133434,0.698404932544458,0.699759210105415,0.701142591664668,0.70255572286317,0.703999271067357,0.705473926354944,0.70698040255729,0.70851943836225,0.710091798481782,0.71169827488894,0.713339688129234,0.715016888711817,0.716730758586372,0.718482212712143,0.720272200726073,0.722101708717667,0.723971761118884,0.725883422718105,0.727837800808111,0.729836047478884,0.731879362067125,0.733968993775536,0.736106244476141,0.738292471713435,0.740529091924667,0.74281758389638,0.745159492478331,0.747556432578123,0.750010093462402,0.752522243393302,0.755094734631983,0.757729508844703,0.760428602950917,0.763194155457516,0.766028413328488,0.768933739445273,0.771912620719821,0.774967676930101,0.778101670356655,0.781317516308975,0.784618294642143,0.788007262377675,0.791487867558111,0.795063764482953,0.798738830494593,0.8025171845074,0.806403207501795,0.810401565238797,0.814517233490177,0.81875552612608,0.823122126457532,0.827623122297177,0.832265045280488,0.837054915084198,0.842000289292616,0.847109319800214,0.852390816806336,0.857854321662371,0.863510190082782,0.869369687541285,0.875445099058176,0.88174985606526,0.888298683638764,0.895107772154851,0.902194978396429,0.909580062390985,0.91728496787911,0.92533415642916,0.933755008002808,0.942578304490234,0.951838817732257,0.961576030352329,0.971835027103773,0.982667607549557,0.994133689488292,1.00630309934527,1.01925788507645,1.03309534598035,1.04793206379901,1.06390936047337,1.08120083491141,1.10002300806559,1.12065075404299,1.14344035682253,1.16886521551189,1.19757356247411,1.23048680037534,1.26897846665497,1.3152290088259,1.37301553669951,1.44979148068889
summer_internationals_2022,summer_internationals,2022,mixed,drop_goal_missed,primary,0.0094571462225114,0.664927359664348,0.662121472953691,0.659317149358201,0.656512825762711,0.65370850216722,0.65090417857173,0.64809985497624,0.645295531380749,0.642491207785259,0.639686884189768,0.636882560594278,0.634078236998788,0.631273913403297,0.628469589807807,0.625665266212317,0.622860942616826,0.620056619021336,0.617252295425846,0.614447971830355,0.611643648234865,0.608839324639375,0.606035001043884,0.603230677448394,0.600426353852904,0.597622030257413,0.594817706661923,0.592013383066433,0.589209059470942,0.586404735875452,0.583600412279962,0.580796088684471,0.577991765088981,0.57518744149349,0.572383117898,0.56957879430251,0.566774470707019,0.563970147111529,0.561165823516039,0.558361499920548,0.555557176325058,0.552752852729568,0.549948529134077,0.547144205538587,0.544339881943097,0.541535558347606,0.538731234752116,0.535926911156626,0.533122587561135,0.530318263965645,0.527513940370155,0.524709616774664,0.521905293179174,0.519100969583684,0.516296645988193,0.513492322392703,0.510687998797212,0.507883675201722,0.505079351606232,0.502275028010741,0.499470704415251,0.496666380819761,0.49386205722427,0.49105773362878,0.48825341003329,0.485449086437799,0.482644762842309,0.479840439246819,0.477036115651328,0.474231792055838,0.471427468460348,0.468623144864857,0.465818821269367,0.463014497673877,0.460210174078386,0.457405850482896,0.454601526887406,0.451797203291915,0.448992879696425,0.446188556100934,0.443384232505444,0.440579908909954,0.437775585314463,0.434971261718973,0.432166938123483,0.429362614527992,0.426558290932502,0.423753967337012,0.420949643741521,0.418145320146031,0.415340996550541,0.41253667295505,0.40973234935956,0.40692802576407,0.404123702168579,0.401319378573089,0.398515054977599,0.395710731382108,0.392906407786618,0.390102084191128,0.387297760595637,0.384493437000147
summer_internationals_2022,summer_internationals,2022,mixed,defenders_beaten,primary,1.37919986088597,0.97461725263579,0.973225957840288,0.97189674790543,0.970625929898242,0.969410284011056,0.968246978037349,0.967133501454229,0.966067613740589,0.965047303285263,0.96407075430383,0.963136319902205,0.962242499921355,0.961387922546233,0.960571328911177,0.959791560114749,0.959047546190028,0.958338296675458,0.957662892506124,0.957020479002314,0.956410259776126,0.955831491411037,0.955283478796107,0.954765571017692,0.954277157728424,0.953817665926761,0.953386557091376,0.952983324623572,0.952607491558195,0.952258608509527,0.951936251823618,0.951640021912639,0.951369541750302,0.951124455510287,0.950904427332086,0.950709140200704,0.950538294928493,0.95039160922882,0.950268816872636,0.950169666920085,0.950093923020258,0.950041362773054,0.950011777147825,0.950004969954093,0.950020757360248,0.950058967456552,0.950119439859289,0.950202025353211,0.950306585569857,0.950432992699564,0.950581129235334,0.950750887746935,0.950942170683872,0.951154890206105,0.951388968041553,0.951644335369661,0.95192093273049,0.952218709958946,0.952537626143986,0.952877649612784,0.953238757940048,0.953620937982845,0.954024185941506,0.954448507447371,0.954893917678353,0.955360441503551,0.955848113658361,0.956356978951865,0.956887092508527,0.957438520046614,0.958011338196139,0.958605634859532,0.959221509618776,0.959859074193303,0.960518452953573,0.961199783496046,0.9619032172861,0.962628920376473,0.963377074209989,0.964147876516709,0.964941542317294,0.965758305046301,0.966598417811416,0.967462154807395,0.968349812906767,0.969261713453293,0.970198204289001,0.97115966205142,0.972146494784765,0.973159144917593,0.974198092670241,0.975263859968838,0.976357014959501,0.97747817723754,0.978628023933359,0.979807296831167,0.981016810740829,0.98225746340076,0.983530247265124,0.984836263628432,0.986176739674105,0.987553049214065
summer_internationals_2022,summer_internationals,2022,mixed,clean_breaks,primary,0.634631248677182,0.994063803501412,0.992863054058244,0.991673637050345,0.990495425987658,0.989328306991319,0.988172177545024,0.987026945611102,0.985892528846775,0.984768853907549,0.983655855826684,0.982553477461305,0.981461668997098,0.980380387504677,0.979309596541671,0.978249265795371,0.977199370761526,0.976159892455383,0.975130817151638,0.974112136150346,0.973103845566234,0.97210594613916,0.971118443063752,0.970141345836478,0.969174668118638,0.968218427613903,0.967272645959237,0.966337348628124,0.9654125648452,0.964498327511433,0.963594673139163,0.96270164179633,0.961819277059341,0.960947625974077,0.960086739024607,0.959236670109214,0.958397476523428,0.957569218949763,0.956751961453914,0.955945771487231,0.95515071989528,0.954366880932374,0.953594332281958,0.952833155082789,0.952083433960862,0.951345257067067,0.950618716120587,0.949903906458085,0.949200927088728,0.948509880755163,0.947830874000537,0.947164017241729,0.946509424848956,0.945867215231956,0.945237510932983,0.944620438726881,0.944016129728525,0.943424719507981,0.942846348213735,0.942281160704421,0.941729306689499,0.94119094087939,0.940666223145622,0.940155318691611,0.939658398234745,0.939175638200527,0.938707220929594,0.938253334898526,0.937814174955432,0.93738994257144,0.936980846109292,0.936587101110402,0.936208930601869,0.935846565425109,0.935500244587939,0.935170215642156,0.934856735088913,0.93456006881441,0.934280492558764,0.934018292421246,0.933773765405467,0.933547220008534,0.933338976858746,0.933149369406948,0.932978744677398,0.93282746408475,0.932695904324729,0.932584458347121,0.932493536420987,0.93242356730348,0.932374999525424,0.932348302808856,0.932343969634232,0.932362516977912,0.932404488244095,0.932470455419593,0.93256102148501,0.932676823122087,0.932818533764674,0.932986867050105,0.933182580739412,0.933406481189195
summer_internationals_2022,summer_internationals,2022,mixed,offload,primary,0.748854464992557,1.11554403219078,1.07372397955594,1.07038510553001,1.06810707762473,1.06628977594543,1.06474379018709,1.06338380690154,1.06216361617158,1.06105509646682,1.06003968463808,1.05910436470846,1.05823957382056,1.05743801957784,1.05669396964857,1.0560028032703,1.0553607162096,1.05476451983118,1.05421150014609,1.05369931636784,1.05322592624692,1.05278953001595,1.05238852755888,1.05202148516391,1.05168710934618,1.05138422596961,1.05111176339901,1.05086873875814,1.0506542466105,1.05046744955138,1.05030757032289,1.05017388515458,1.05006571809867,1.04998243617957,1.04992344521472,1.04988818619331,1.04987613212135,1.0498867852594,1.04991967469263,1.04997435418381,1.0500504002685,1.05014741055856,1.05026500222574,1.05040281064149,1.05056048815313,1.05073770297928,1.05093413821016,1.05114949090036,1.05138347124347,1.0516358018194,1.05190621690655,1.05219446185185,1.05250029249269,1.05282347462563,1.05316378351709,1.05352100345219,1.05389492731803,1.05428535621834,1.0546920991167,1.05511497250582,1.05555380010076,1.05600841255399,1.05647864719068,1.05696434776254,1.05746536421883,1.05798155249333,1.05851277430607,1.05905889697872,1.05961979326296,1.06019534118073,1.06078542387577,1.06138992947573,1.06200875096424,1.06264178606236,1.06328893711901,1.06395011100983,1.06462521904414,1.06531417687958,1.06601690444427,1.06673332586593,1.06746336940809,1.06820696741277,1.06896405624984,1.0697345762726,1.07051847177963,1.07131569098276,1.07212618598111,1.07294991274109,1.07378683108251,1.07463690467055,1.07550010101386,1.07637639146882,1.07726575124983,1.07816815944609,1.07908359904474,1.0800120569607,1.08095352407331,1.08190799527019,1.0828754694984,1.08385594982336,1.08484944349594,1.08585596202805
summer_internationals_2022,summer_internationals,2022,mixed,runs,primary,1.99710865179402,1.48770103510325,1.17373189289732,1.15431272882354,1.14109366340343,1.13048086129789,1.12134407194355,1.1131771444531,1.10570813878037,1.09877328151535,1.09226582305879,1.08611200201521,1.08025850842362,1.0746654120206,1.06930192125904,1.06414371130484,1.05917117066403,1.05436821063842,1.04972143306151,1.04521953368791,1.04085286503115,1.03661310979256,1.03249303268915,1.02848628894978,1.02458727449146,1.02079100723618,1.01709303202658,1.01348934365804,1.00997632398361,1.00655069007007,1.00320945111943,0.999949872407272,0.996769444886646,0.993665859402979,0.990636984689654,0.987680848485083,0.984795621243797,0.981979602016413,0.979231206153434,0.976548954551062,0.973931464207406,0.971377439897664,0.968885666809175,0.966455004003469,0.964084378593755,0.96177278054379,0.959519258008449,0.957322913148224,0.955182898359793,0.953098412873025,0.951068699671781,0.949093042701629,0.947170764332583,0.945301223049132,0.943483811343393,0.941717953790271,0.940003105286112,0.938338749434583,0.936724397065461,0.935159584873668,0.933643874167356,0.932176849715118,0.930758118683502,0.929387309656947,0.928064071733164,0.92678807368767,0.925559003201883,0.924376566149754,0.923240485938424,0.922150502898853,0.921106373722792,0.920107870942805,0.9191547824524,0.918246911063614,0.917384074099642,0.916566103020375,0.91579284307889,0.915064153007151,0.914379904729366,0.91373998310158,0.91314428567626,0.912592722490765,0.912085215878694,0.911621700303274,0.911202122212001,0.910826439911919,0.910494623464963,0.910206654602917,0.909962526661644,0.909762244534294,0.90960582464332,0.909493294931199,0.909424694869856,0.909400075488854,0.909419499422524,0.909483040976284,0.909590786212502,0.90974283305633,0.909939291422081,0.910180283360776,0.910465943229651,0.910796417884509
summer_internationals_2022,summer_internationals,2022,mixed,tackles,primary,2.0360482281894,1.34586998871364,1.18778846236767,1.17657064358461,1.1684263014563,1.16159304281164,1.15551658046513,1.14994862250555,1.144755685212,1.13985729666263,1.1352009288617,1.13075022012147,1.12647883397546,1.12236699625405,1.11839941895826,1.1145639925218,1.11085092780234,1.10725217351688,1.1037610089587,1.10037175196934,1.09707954487617,1.09388019449687,1.09077005046935,1.08774591128472,1.08480495069901,1.08194465937432,1.079162798066,1.07645735967808,1.07382653821254,1.07126870313684,1.06878237805355,1.06636622281807,1.06401901844434,1.06173965428336,1.05952711706866,1.0573804815064,1.0552989021522,1.05328160636646,1.0513278881795,1.04943710292823,1.04760866255104,1.04584203144695,1.04413672282103,1.04249229545102,1.0409083508202,1.03938453057068,1.03792051423785,1.03651601723285,1.03517078904494,1.03388461163932,1.03265729802987,1.03148869100885,1.03037866201828,1.02932711014969,1.02833396126076,1.02739916719918,1.02652270512487,1.02570457692348,1.02494480870476,1.02424345038029,1.02360057531616,1.02301628005647,1.02249068411465,1.02202392982978,1.02161618228587,1.02126762929253,1.02097848142587,1.02074897212887,1.02057935787115,1.02046991836818,1.02042095686053,1.0204328004542,1.0205058005235,1.02064033317825,1.02083679979768,1.02109562763382,1.02141727048771,1.02180220946218,1.02225095379578,1.02276404178282,1.02334204178533,1.02398555334353,1.02469520839224,1.02547167259156,1.02631564678132,1.02722786857001,1.02820911407026,1.0292601997944,1.03038198472564,1.0315753725822,1.03284131429419,1.03418081071565,1.03559491559739,1.03708473884953,1.03865145012725,1.0402962827776,1.04202053819141,1.0438255906105,1.04571289244865,1.04768398019376,1.04974048096984,1.05188411985056
summer_internationals_2022,summer_internationals,2022,mixed,missed_tackles,primary,1.16064784481659,1.12094669602622,1.06226021750746,1.05828433153914,1.05563827271911,1.05354984608849,1.05177660578722,1.05021023689892,1.04879271719291,1.04748922286796,1.04627714077952,1.04514090831096,1.04406932444834,1.04305403477159,1.04208862412782,1.04116804586163,1.04028824791979,1.03944591945139,1.03863831402186,1.03786312315322,1.03711838386799,1.03640240978194,1.03571373886386,1.03505109322214,1.03441334772163,1.03379950518583,1.03320867657998,1.0326400650108,1.0320929526849,1.03156669018617,1.03106068758868,1.03057440703602,1.03010735650226,1.02965908451266,1.02922917564966,1.02881724670607,1.02842294337482,1.02804593738674,1.02768592402412,1.0273426199515,1.02701576131566,1.02670510207488,1.02641041252469,1.02613147799262,1.02586809767888,1.0256200836237,1.02538725978486,1.02516946121159,1.02496653330293,1.02477833114051,1.02460471888693,1.02444556924238,1.02430076295293,1.02417018836491,1.02405374102053,1.02395132329049,1.02386284403983,1.02378821832375,1.0237273671107,1.02368021703007,1.0236467001423,1.02362675372959,1.02362032010537,1.02362734644102,1.02364778460862,1.0236815910384,1.02372872658998,1.02378915643639,1.02386284996014,1.02394978066057,1.02404992607191,1.02416326769154,1.02428979091795,1.02442948499807,1.02458234298361,1.02474836169622,1.02492754170126,1.02511988729004,1.02532540647046,1.02554411096615,1.02577601622394,1.02602114143005,1.02627950953491,1.0265511472871,1.02683608527651,1.02713435798726,1.02744600386079,1.02777106536968,1.02810958910291,1.02846162586332,1.02882723077814,1.02920646342372,1.02959938796564,1.03000607331553,1.03042659330637,1.03086102688806,1.0313094583454,1.03177197754102,1.03224868018619,1.0327396681428,1.03324504976057,1.0337649402539
summer_internationals_2022,summer_internationals,2022,mixed,rucks_won,primary,2.92029835796105,0.971891850545887,0.805653885577627,0.791534203420973,0.781058064010096,0.77220504936843,0.76432971659992,0.757137278661904,0.750465716169637,0.744214985404456,0.738318115901915,0.732727529107387,0.727407844664133,0.722331786817386,0.717477706225155,0.712828002926212,0.708368080576206,0.704085628555758,0.699970114387057,0.696012415579277,0.692204546594193,0.688539452349472,0.685010849306653,0.681613101265921,0.678341120925471,0.675190290873788,0.672156399452043,0.669235588145505,0.66642430802163,0.663719283345698,0.661117480949307,0.658616084253406,0.656212471090299,0.653904194651621,0.651688967028145,0.649564644913893,0.647529217129652,0.645580793685679,0.643717596154265,0.641937949163374,0.640240272854941,0.638623076177536,0.637084950904299,0.635624566284321,0.634240664249868,0.632932055113582,0.631697613699495,0.630536275859887,0.629447035336806,0.628428940932847,0.627481093960675,0.626602645944957,0.625792796553912,0.625050791740817,0.624375922078423,0.623767521271615,0.623224964835669,0.62274766892927,0.622335089333092,0.621986720566166,0.621702095133612,0.621480782900488,0.621322390587685,0.621226561386813,0.621192974692076,0.621221345948096,0.621311426613638,0.621463004242141,0.621675902680977,0.621949982392358,0.622285140899893,0.622681313365962,0.623138473306261,0.623656633449249,0.624235846749689,0.624876207567106,0.625577853021842,0.626340964543445,0.627165769628499,0.628052543827687,0.629001612984996,0.63001335575556,0.63108820643279,0.632226658120335,0.633429266290123,0.634696652774468,0.636029510248204,0.637428607266329,0.638894793933951,0.640429008298998,0.642032283574609,0.643705756318099,0.64545067571778,0.647268414168853,0.649160479356524,0.651128528110385,0.65317438235154,0.65530004752621,0.657507734011295,0.659799882094694,0.662179191284465,0.664648654897812
summer_internationals_2022,summer_internationals,2022,mixed,rucks_lost,primary,0.685938104705106,1.02089157680962,1.01727537902048,1.01389163826409,1.01071146651048,1.00771225183652,1.00487580311327,1.00218716227601,0.999633808697612,0.997205106076613,0.994891905827844,0.992686255142963,0.990581177219998,0.988570502577211,0.986648737363089,0.984810959003038,0.983052732407342,0.981370041890816,0.979759235269686,0.978216977517513,0.976740212012052,0.975326127873733,0.973972132239632,0.972675826571489,0.971434986287664,0.970247543154404,0.969111569983518,0.968025267270275,0.966986951473194,0.965995044691003,0.965048065534713,0.964144621026935,0.963283399388213,0.962463163592557,0.961682745592763,0.96094104113114,0.960237005063811,0.959569647137073,0.958938028163009,0.958341256548805,0.957778485140339,0.957248908345831,0.956751759509716,0.9562863085107,0.955851859561142,0.955447749187709,0.955073344375607,0.954728040860768,0.954411261556165,0.954122455099976,0.953861094514675,0.953626675967334,0.953418717622446,0.953236758579496,0.953080357888346,0.952949093636169,0.952842562100352,0.952760376962311,0.9527021685777,0.95266758329892,0.95265628284625,0.952667943724289,0.952702256680703,0.952758926204611,0.952837670062155,0.952938218867093,0.953060315684452,0.953203715665492,0.953368185712418,0.95355350417146,0.95375946055309,0.953985855278325,0.95423249945018,0.954499214649508,0.954785832754556,0.955092195783748,0.955418155761275,0.955763574605253,0.95612832403829,0.956512285520463,0.95691535020481,0.957337418915595,0.957778402149734,0.958238220101912,0.958716802714086,0.959214089750241,0.959730030897411,0.960264585894242,0.960817724688506,0.961389427625295,0.961979685667826,0.962588500653138,0.963215885585253,0.963861864968789,0.964526475186421,0.965209764924094,0.96591179564845,0.966632642141578,0.967372393098966,0.96813115179738,0.968909036840457,0.969706182990946
summer_internationals_2022,summer_internationals,2022,mixed,passes,primary,2.87157757158421,1.23346226143497,1.11314732406633,1.10247785222563,1.09431773879206,1.08725825932834,1.08085459306522,1.07490621174769,1.06930435175841,1.06398270050329,1.0588973829669,1.05401755197004,1.04932047656406,1.04478876841547,1.04040871582065,1.03616923183979,1.03206116218361,1.02807681368214,1.02420962331679,1.02045391983254,1.01680474810088,1.01325773709859,1.00980899888574,1.00645505005792,1.00319274978658,1.00001925030203,0.996931956848239,0.993928494945169,0.991006683358981,0.988164511581502,0.985400120909662,0.982711788427106,0.980097913346728,0.97755700529014,0.975087674168841,0.972688621399719,0.970358632239965,0.968096569067237,0.965901365463032,0.963772020982565,0.961707596514715,0.959707210151852,0.957770033502513,0.955895288390581,0.954082243893406,0.95233021367849,0.950638553604362,0.949006659556224,0.947433965491118,0.945919941670863,0.944464093063988,0.943065957900365,0.941725106364433,0.94044113941471,0.939213687718902,0.938042410695271,0.936926995652128,0.93586715701836,0.93486263565883,0.93391319826927,0.933018636846062,0.932178768226906,0.93139343369898,0.93066249867174,0.929985852411984,0.929363407839263,0.928795101380164,0.928280892880377,0.927820765573862,0.927414726108812,0.927062804630475,0.92676505492128,0.92652155459911,0.926332405374908,0.926197733371295,0.926117689504217,0.926092449930181,0.926122216562104,0.926207217657345,0.92634770848212,0.926543972057157,0.926796319990214,0.927105093401962,0.927470663952686,0.92789343497843,0.928373842746507,0.92891235784184,0.929509486697396,0.930165773284129,0.93088180097839,0.931658194627816,0.932495622840434,0.933394800526206,0.934356491725798,0.935381512768235,0.936470735807655,0.937625092800234,0.938845579996088,0.940133263038691,0.941489282787361,0.94291486200858,0.944411313122181
summer_internationals_2022,summer_internationals,2022,mixed,bad_passes,primary,0.914677900241605,1.01514988770064,1.0115911961937,1.0081915370251,1.00494172623453,1.00183358682518,0.99885978583055,0.996013705994717,0.993289343067609,0.990681222500295,0.98818433107262,0.985794060181274,0.983506158352041,0.981316691134829,0.979222006970584,0.977218707935681,0.975303624505165,0.973473793654245,0.971726439753381,0.970058957817247,0.968468898749694,0.966953956291243,0.965511955426758,0.964140842051879,0.962838673729763,0.961603611396464,0.960433911895201,0.959327921237711,0.958284068505815,0.9573008603187,0.956376875801735,0.95551076200139,0.954701229698122,0.953947049575327,0.953247048707767,0.952600107337375,0.952005155908269,0.951461172336093,0.950967179489749,0.950522242866047,0.950125468439996,0.949776000675359,0.949473020681746,0.949215744506005,0.949003421546913,0.94883533308334,0.948710790907062,0.948629136052235,0.948589737614425,0.948591991652702,0.94863532016901,0.948719170159539,0.94884301273338,0.949006342294167,0.949208675780851,0.949449551964113,0.949728530795279,0.950045192804905,0.950399138548508,0.950789988097147,0.951217380570854,0.951680973713103,0.952180443504755,0.952715483816071,0.953285806095645,0.953891139095231,0.954531228629629,0.955205837371013,0.955914744677156,0.956657746453284,0.957434655047354,0.958245299178777,0.959089523900759,0.95996719059659,0.9608781770104,0.961822377313078,0.962799702204248,0.963810079051389,0.964853452067421,0.965929782528276,0.967039049032283,0.968181247803406,0.969356393040714,0.970564517316792,0.971805672028138,0.973079927901023,0.974387375556738,0.975728126140642,0.977102312020015,0.978510087556341,0.979951629958398,0.981427140223336,0.982936844173873,0.984480993600843,0.986059867521529,0.987673773565703,0.989323049502896,0.991008064926419,0.99272922311185,0.994486963070387,0.99628176182058,0.998114136905609
summer_internationals_2022,summer_internationals,2022,mixed,turnovers_conceded,primary,0.959699858402342,1.04317943022452,1.00801042329312,1.00550818446979,1.00381471313393,1.00246288698068,1.00130592777545,1.00027817335973,0.999344380799239,0.998483342235747,0.997681240225785,0.996928527029898,0.996218298240335,0.995545376289002,0.994905761438654,0.994296286310063,0.993714389479485,0.993157961959903,0.992625240030016,0.992114728513881,0.991625144639906,0.991155376155931,0.990704449537875,0.990271505484939,0.989855779767316,0.989456588067887,0.989073313846887,0.988705398524474,0.988352333461768,0.988013653352643,0.987688930733348,0.987377771386091,0.98707981046381,0.986794709201416,0.986522152107562,0.986261844552911,0.98601351068773,0.98577689163471,0.985551743913168,0.985337838058804,0.985134957409643,0.984942897033855,0.984761462779306,0.984590470427986,0.984429744941189,0.98427911978355,0.984138436315833,0.984007543247906,0.983886296144588,0.983774556978073,0.98367219372154,0.983579079979295,0.983495094649391,0.983420121615217,0.983354049463005,0.983296771222569,0.983248184128928,0.983208189402752,0.983176692047807,0.983153600663792,0.983138827273144,0.983132287160537,0.983133898723952,0.983143583336321,0.983161265216825,0.983186871311063,0.983220331179356,0.983261576892547,0.983310542934695,0.983367166112158,0.98343138546858,0.983503142205338,0.983582379607089,0.983669042972033,0.983763079546593,0.983864438464214,0.983973070688014,0.984088928957049,0.98421196773598,0.984342143167928,0.984479413030354,0.984623736693787,0.984775075083257,0.984933390642293,0.985098647299367,0.985270810436676,0.985449846861153,0.985635724777621,0.985828413764023,0.986027884748628,0.986234109989181,0.98644706305392,0.986666718804432,0.986893053380286,0.987126044185432,0.987365669876331,0.987611910351799,0.987864746744551,0.988124161414449,0.98839013794345,0.988662661132259,0.988941716998722
summer_internationals_2022,summer_internationals,2022,mixed,penalties_conceded,primary,0.970270151835817,1.07683000427806,1.03985018628581,1.03705689167054,1.03508629976628,1.03347427273953,1.03207379743476,1.03081831991124,1.0296715657044,1.02861130555087,1.02762275964353,1.02669549151902,1.02582178325577,1.02499571543669,1.02421261271587,1.02346869243986,1.02276083247024,1.02208641227831,1.02144320086733,1.02082927563795,1.0202429623029,1.0196827894892,1.01914745382271,1.01863579264542,1.01814676239146,1.01767942122744,1.01723291495343,1.01680646543147,1.01639936099675,1.01601094844226,1.01564062626461,1.01528783893071,1.01495207197783,1.01463284779976,1.01432972200199,1.01404228023214,1.01377013540992,1.01351292529514,1.01327031034322,1.01304197180668,1.01282761004798,1.01262694303498,1.01243970499484,1.01226564520585,1.01210452690999,1.01195612633148,1.01182023178862,1.01169664288819,1.01158516979305,1.01148563255478,1.01139786050441,1.01132169169515,1.01125697239158,1.01120355660087,1.01116130564167,1.01113008774712,1.01110977769875,1.01110025648841,1.01110141100567,1.01111313374842,1.01113532255464,1.01116788035363,1.01121071493489,1.01126373873334,1.01132686862954,1.01140002576365,1.01148313536221,1.01157612657655,1.01167893233222,1.0117914891884,1.01191373720679,1.01204561982908,1.01218708376267,1.01233807887384,1.0124985580881,1.01266847729711,1.01284779527176,1.0130364735812,1.01323447651722,1.01344177102387,1.01365832663197,1.01388411539812,1.01411911184823,1.01436329292506,1.01461663793976,1.01487912852716,1.01515074860461,1.01543148433429,1.01572132408879,1.01602025841981,1.01632828002999,1.01664538374756,1.01697156650397,1.01730682731413,1.01765116725949,1.01800458947361,1.0183670991304,1.01873870343479,1.01911941161592,1.01950923492282,1.0199081866224,1.02031628199997
summer_internationals_2022,summer_internationals,2022,mixed,yellow_cards,primary,0.156282488686673,0.988561576149493,0.984806534317768,0.981532022182015,0.978585036230754,0.975878893871375,0.97335945563702,0.970990473678602,0.96874637781558,0.966608380415167,0.964562219388115,0.96259677506726,0.960703183066501,0.958874243270192,0.957104013270236,0.955387520887629,0.953720555989805,0.952099516547822,0.950521292681453,0.948983177872678,0.947482799976325,0.946018066900976,0.944587123327435,0.94318831584703,0.941820164604469,0.940481340024096,0.939170643551576,0.937886991598861,0.93662940206815,0.935396982970102,0.934188922756416,0.933004482066467,0.931842986648739,0.930703821264971,0.929586424421774,0.928490283803473,0.927414932302869,0.926359944564997,0.925324933973704,0.924309550022826,0.923313476023515,0.922336427107266,0.921378148490825,0.920438413974684,0.919517024651505,0.918613807804735,0.917728615981032,0.916861326223004,0.916011839451316,0.915180079987409,0.914365995210135,0.913569555341392,0.912790753357585,0.912029605025334,0.911286149061433,0.910560447418619,0.909852585700277,0.909162673708883,0.908490846134679,0.907837263392998,0.90720211262067,0.906585608844268,0.905987996335516,0.905409550172147,0.904850578025897,0.904311422203263,0.903792461969308,0.903294116190228,0.902816846336903,0.902361159899381,0.901927614271557,0.901516821176538,0.901129451716833,0.900766242150236,0.900428000512739,0.900115614235246,0.899830058932435,0.899572408581749,0.899343847360482,0.899145683472464,0.898979365377343,0.898846500940631,0.89874888015989,0.898688502302915,0.89866760853373,0.898688721424679,0.898754693191448,0.898868765091835,0.89903464127272,0.89925658154575,0.899539519296754,0.899889213265825,0.900312445728806,0.900817285425016,0.901413442715031,0.902112759234531,0.902929899013988,0.903883350901021,0.904996929844314,0.906302113026697,0.907841848591953,0.90967713729711
summer_internationals_2022,summer_internationals,2022,mixed,red_cards,primary,0.030928550433766,0.72872977956696,0.72628630913036,0.723907205883449,0.721587557772461,0.719323250608474,0.717110589327914,0.714946242863491,0.712827197792505,0.710750719137157,0.708714317032123,0.706715718236104,0.704752841666419,0.702823777293549,0.700926767856672,0.699060192959456,0.697222555183688,0.695412467921094,0.69362864467437,0.691869889619563,0.690135089255434,0.688423204992942,0.686733266560635,0.685064366120441,0.683415653003975,0.681786328992429,0.680175644074057,0.678582892622391,0.677007409946098,0.675448569167927,0.673905778395773,0.672378478153659,0.670866139044473,0.669368259619832,0.667884364435405,0.666414002272664,0.664956744510248,0.663512183630074,0.662079931845046,0.660659619836661,0.659250895592121,0.657853423331671,0.656466882517911,0.655090966939643,0.653725383863658,0.652369853248471,0.651024107014669,0.649687888367042,0.648360951164158,0.647043059331421,0.645733986314105,0.644433514567092,0.643141435078435,0.641857546924064,0.640581656851236,0.639313578888518,0.638053133980312,0.636800149644086,0.635554459648628,0.634315903711812,0.633084327216454,0.631859580942989,0.63064152081777,0.629430007675924,0.628224907037748,0.627026088897744,0.625833427525427,0.624646801277139,0.623466092418142,0.622291186954319,0.621121974472879,0.619958347991469,0.6188002038152,0.617647441401059,0.616499963229277,0.615357674681222,0.614220483923413,0.613088301797309,0.611961041714516,0.610838619557099,0.609720953582706,0.608607964334227,0.607499574553722,0.606395709100393,0.605296294872359,0.60420126073203,0.603110537434888,0.602024057561481,0.600941755452458,0.599863567146492,0.598789430320929,0.597719284235024,0.596653069675624,0.59559072890519,0.594532205612006,0.593477444862504,0.592426393055563,0.591378997878711,0.590335208266111,0.589294974358276,0.588258247463388,0.587224980020186
summer_internationals_2022,summer_internationals,2022,mixed,metres,primary,1.60483320419631,0.910696260367402,0.909854251725122,0.909097144132933,0.908414653214157,0.907798487819555,0.907241839700958,0.906739029945426,0.906285257347372,0.905876415073541,0.905508954291583,0.905179780849741,0.904886175700829,0.904625732702687,0.904396309348963,0.904195987268408,0.90402304020643,0.903875907810427,0.903753173969309,0.903653548764913,0.903575853316292,0.903519006962136,0.903482016349007,0.903463966085243,0.903464010690507,0.903481367624925,0.903515311223499,0.90356516739423,0.903630308964131,0.903710151577803,0.903804150069624,0.903911795243801,0.904032611007236,0.904166151808863,0.904312000346288,0.904469765506457,0.904639080511955,0.904819601248637,0.905011004753682,0.905212987846026,0.905425265883577,0.905647571633629,0.905879654244663,0.906121278309218,0.906372223008763,0.90663228133265,0.906901259364133,0.907178975627294,0.907465260489408,0.907759955613935,0.90806291345983,0.908373996823394,0.908693078419255,0.909020040497495,0.909354774494223,0.909697180713229,0.910047168036576,0.91040465366226,0.91076956286725,0.911141828794432,0.911521392262138,0.911908201595109,0.912302212475882,0.912703387815728,0.91311169764438,0.913527119017932,0.913949635944352,0.914379239326218,0.914815926920323,0.91525970331393,0.91571057991754,0.916168574974116,0.916633713584818,0.91710602775136,0.917585556435251,0.918072345634196,0.918566448476104,0.919067925331207,0.919576843942912,0.920093279578126,0.920617315197897,0.921149041649368,0.921688557880149,0.922235971176383,0.922791397425946,0.923354961408372,0.923926797113338,0.924507048089712,0.925095867827451,0.925693420174864,0.92629987979409,0.926915432657947,0.927540276591706,0.928174621863739,0.928818691829486,0.929472723633732,0.930136968976743,0.930811694950575,0.931497184952591,0.932193739684163,0.932901678243543,0.933621339323079
rugby_championship_2022,rugby_championship,2022,south,minutes,primary,10.1011844183408,1.00389099705665,1.00296957719756,1.00207919822848,1.00120726946662,1.00033534070477,0.999471388428105,0.998608094451602,0.997767822955728,0.996961674816657,0.996174887173192,0.995388099529727,0.994601311886262,0.993829396754455,0.993073488342441,0.992317579930426,0.991576901142709,0.990851664030951,0.990149957674254,0.989467005093228,0.988815193703373,0.98818904297259,0.987562892241807,0.986949457429381,0.986362552737401,0.98577996228386,0.985200911963217,0.984621861642575,0.984076632156711,0.983542274370684,0.983007916584656,0.982475086507547,0.981989195333018,0.981505069493328,0.981020943653637,0.980536817813947,0.980067046912648,0.979618456673579,0.979193962119536,0.978848271240615,0.978507042512513,0.97817448790764,0.977841933302766,0.977509378697892,0.977176824093019,0.976864154450003,0.97657082215783,0.976298103657403,0.97602913336555,0.975773596703638,0.975531282018063,0.975288967332488,0.975052439276792,0.974842413889893,0.974649445916395,0.97447890363635,0.974340765452413,0.97425069165733,0.974160617862248,0.974098100711588,0.97412342060328,0.97420435873924,0.974298497912756,0.974422236646938,0.974556619405706,0.974691002164474,0.974825384923242,0.97495976768201,0.975094150440778,0.975242021660835,0.975436314380069,0.975632789517957,0.975829264655845,0.976037995320184,0.976254820807047,0.976509897946618,0.976795085581283,0.977096584767097,0.977421086980988,0.977761832205605,0.978125246450771,0.97850562699518,0.978900969298632,0.979296311602085,0.979730894606035,0.980203810415978,0.980715721293424,0.981279935357221,0.981880873182258,0.982485210905417,0.983091463872374,0.983753923294646,0.984430922807574,0.985115016867047,0.985897313577206,0.986723005649959,0.987557557098938,0.988392108547916,0.98929443654627,0.990232805067667,0.991186356811779,0.992139908555892
rugby_championship_2022,rugby_championship,2022,south,tries,primary,0.524888277612187,1.02029371664577,0.944212405159007,0.939580150638822,0.93695452884891,0.935160291569348,0.933828912096067,0.932796077084072,0.931974010910626,0.931310218660579,0.930770757897433,0.930332384950997,0.929978464081642,0.929696663898906,0.92947757876748,0.929313862361412,0.929199660696926,0.929130228373825,0.929101661238638,0.929110705470865,0.929154618264379,0.929231064207256,0.929338036901246,0.929473798772653,0.929636834222114,0.929825812707825,0.930039559330644,0.930277031157495,0.930537297985541,0.930819526580025,0.931122967656195,0.931446945048841,0.931790846640641,0.932154116715741,0.932536249476771,0.932936783518153,0.933355297090525,0.933791404023606,0.934244750200237,0.934715010494303,0.935201886101077,0.935705102201145,0.936224405909212,0.936759564467303,0.937310363648458,0.937876606342518,0.938458111300018,0.939054712013876,0.93966625572162,0.94029260251345,0.940933624533496,0.941589205263475,0.942259238879404,0.942943629673302,0.943642291532915,0.944355147473371,0.945082129215501,0.945823176806202,0.946578238276808,0.947347269335944,0.948130233093754,0.948927099814785,0.949737846697125,0.950562457675697,0.951400923247843,0.952253240319572,0.95311941207103,0.953999447839928,0.954893363021835,0.955801178986348,0.956722923008306,0.957658628213321,0.958608333536991,0.959572083697268,0.960549929179525,0.961541926233964,0.962548136885053,0.963568628952801,0.964603476085662,0.965652757805027,0.966716559561226,0.967794972801086,0.96888809504712,0.969996029988488,0.971118887583923,0.972256784176882,0.973409842623233,0.974578192431844,0.975761969918532,0.976961318373851,0.978176388245313,0.979407337334667,0.980654331010984,0.981917542440325,0.983197152832926,0.984493351708853,0.985806337183266,0.987136316272484,0.988483505222188,0.989848129859267,0.991230425968908,0.992630639698746
rugby_championship_2022,rugby_championship,2022,south,try_assists,primary,0.434300632281669,1.00025393088479,0.917303725491575,0.91106458426378,0.907254953486146,0.904453899394911,0.902215533701197,0.900340825403444,0.898723288124425,0.897299112417325,0.896026943891675,0.894878387552252,0.893833060408444,0.892875804567558,0.891995018622782,0.891181608329107,0.890428299491847,0.889729172506935,0.889079337803213,0.888474703817767,0.887911807474771,0.887387687935908,0.886899790965543,0.886445895378237,0.886024055691886,0.885632556860403,0.885269878138297,0.884934663938025,0.884625700105317,0.884341894437843,0.884082260560451,0.883845904480028,0.883632013297896,0.883439845673212,0.883268723718,0.883118026070857,0.882987181947364,0.882875666004848,0.882782993890003,0.882708718362287,0.882652425905262,0.88261373375351,0.882592287275118,0.882587757659753,0.882599839870475,0.882628250824117,0.882672727770494,0.882733026845256,0.88280892177491,0.882900202715689,0.883006675210534,0.883128159250677,0.883264488430122,0.883415509182958,0.883581080094699,0.883761071280041,0.88395536382037,0.88416384925521,0.884386429122511,0.884623014543307,0.884873525846826,0.885137892232585,0.88541605146644,0.885707949607912,0.886013540766422,0.886332786884371,0.88666565754523,0.887012129805037,0.887372188045908,0.887745823850311,0.888133035895078,0.888533829864202,0.888948218379664,0.889376220949617,0.889817863933401,0.890273180522928,0.890742210740131,0.891225001450223,0.891721606390615,0.892232086215457,0.8927565085558,0.893294948095535,0.893847486663273,0.894414213340479,0.894995224586236,0.895590624379097,0.896200524376599,0.896825044093096,0.897464311096682,0.898118461226077,0.898787638828472,0.89947199701946,0.900171697966317,0.900886913196028,0.901617823929651,0.902364621444764,0.903127507467939,0.903906694599428,0.904702406772447,0.905514879749764,0.906344361660532,0.907191113580709
rugby_championship_2022,rugby_championship,2022,south,conversion_goals,primary,0.341327519261812,0.61685378839825,0.614013397682562,0.611289807486975,0.608674757321081,0.606161095119451,0.603742555744137,0.60141361359371,0.599169365569009,0.597005437073548,0.594917905729429,0.592903238884965,0.590958241979039,0.589080015538961,0.587265919108081,0.58551354078364,0.583820671332823,0.582185282072497,0.580605505864406,0.579079620705822,0.577606035495539,0.576183277633419,0.574809982173679,0.573484882301441,0.572206800941675,0.57097464334155,0.569787390493212,0.568644093285111,0.567543867287427,0.566485888091487,0.565469387134929,0.56449364795432,0.563558002815197,0.562661829676488,0.561804549452134,0.560985623537739,0.560204551574288,0.559460869424605,0.558754147341328,0.558083988307809,0.557450026535696,0.556851926104907,0.556289379733427,0.555762107665921,0.555269856671399,0.554812399141382,0.554389532281026,0.554001077386531,0.553646879203016,0.5533268053577,0.55304074586392,0.552788612692046,0.55257033940391,0.552385880847827,0.552235212911711,0.55211833233221,0.55203525655815,0.551986023666908,0.551970692332699,0.551989341846049,0.552042072184036,0.552129004131187,0.552250279451192,0.552406061109896,0.552596533550313,0.552821903020698,0.553082397957013,0.553378269421441,0.5537097915989,0.554077262353883,0.554481003850271,0.554921363237175,0.555398713404262,0.555913453810468,0.556466011390459,0.557056841543773,0.557686429212088,0.558355290050734,0.559063971701252,0.559813055172552,0.560603156339112,0.561434927565568,0.562309059468142,0.563226282824531,0.564187370645211,0.565193140420609,0.566244456560328,0.567342233042472,0.568487436293354,0.569681088320311,0.570924270123199,0.572218125413355,0.573563864672542,0.574962769588645,0.576416197909809,0.577925588764394,0.579492468500756,0.581118457108527,0.582805275292088,0.584554752277462,0.586368834446301,0.588249594905314
rugby_championship_2022,rugby_championship,2022,south,missed_conversion_goals,primary,0.106799648110769,0.745733094772212,0.744447737496555,0.743192652055039,0.741966650635544,0.740768743680777,0.739598011552008,0.738453598320005,0.737334706245094,0.73624059085671,0.735170556556163,0.734123952677423,0.733100169950055,0.732098637316214,0.731118819060256,0.730160212215018,0.729222344213646,0.728304770759805,0.727407073892625,0.726528860225635,0.725669759341523,0.724829422326738,0.724007520431839,0.723203743845152,0.722417800568728,0.721649415386816,0.720898328918188,0.720164296744572,0.71944708860831,0.718746487673066,0.718062289842086,0.717394303129055,0.716742347077124,0.716106252222104,0.715485859596249,0.714881020269387,0.714291594924463,0.713717453464877,0.713158474651207,0.712614545765164,0.71208556229882,0.711571427667325,0.711072052943506,0.710587356612881,0.71011726434775,0.709661708799172,0.709220629405705,0.708793972217931,0.708381689737844,0.707983740772287,0.707600090299687,0.70723070934941,0.706875574893119,0.706534669747595,0.706207982488507,0.705895507374688,0.705597244282526,0.7053131986501,0.705043381430754,0.704787809055829,0.704546503406322,0.704319491793257,0.704106806946599,0.703908487012581,0.703724575559319,0.703555121590652,0.703400179568142,0.703259809441216,0.703134076685464,0.703023052349107,0.70292681310771,0.702845441327214,0.70277902513542,0.702727658502035,0.702691441327485,0.702670479540669,0.702664885205891,0.702674776639235,0.702700278534665,0.702741522100178,0.702798645204378,0.702871792533855,0.702961115761818,0.703066773728446,0.703188932633495,0.703327766241714,0.703483456101689,0.703656191778804,0.703846171103026,0.704053600432314,0.704278694932514,0.704521678874659,0.704782785950694,0.705062259608703,0.70536035340883,0.705677331401181,0.706013468527082,0.706369051045222,0.706744376984305,0.707139756623997,0.707555513006107,0.707991982478099
rugby_championship_2022,rugby_championship,2022,south,penalty_goals,primary,0.268621963008059,0.557733672477676,0.556270323286789,0.554839349509907,0.553440035681777,0.552071739492175,0.550733847347583,0.549425772655164,0.548146954248214,0.546896854938721,0.545674960184419,0.544480776859219,0.543313832117174,0.542173672341277,0.541059862169335,0.539971983590034,0.538909635103042,0.53787243093764,0.536860000324962,0.535871986819398,0.534908047665192,0.533967853204632,0.533051086324594,0.532157441938504,0.53128662650106,0.53043835755331,0.529612363295884,0.528808382188394,0.52802616257318,0.527265462321757,0.526526048502428,0.525807697067702,0.525110192560233,0.524433327836129,0.523776903804564,0.523140729182708,0.522524620265102,0.521928400706615,0.521351901318269,0.520794959875197,0.520257420936117,0.519739135673728,0.519239961715468,0.518759762994168,0.518298409608105,0.517855777690069,0.517431749285029,0.517026212236062,0.516639060078209,0.51627019193997,0.515919512452172,0.515586931663948,0.515272364965627,0.514975733018327,0.51469696169007,0.514435981998275,0.514192730058475,0.513967147039158,0.513759179122614,0.513568777471723,0.513395898202601,0.513240502363078,0.513102555916953,0.512982029734028,0.512878899585925,0.51279314614769,0.512724755005235,0.51267371666867,0.51264002659159,0.512623685196407,0.512624697905849,0.512643075180732,0.512678832564177,0.512731990732417,0.51280257555241,0.512890618146452,0.512996154964048,0.513119227861291,0.513259884188062,0.51341817688336,0.513594164579129,0.513787911712972,0.513999488650185,0.514228971815571,0.514476443835574,0.51474199369126,0.515025716882794,0.515327715606064,0.515648098942198,0.515986983060762,0.516344491437532,0.516720755087792,0.517115912816199,0.517530111484377,0.517963506297486,0.518416261111157,0.518888548760295,0.519380551411428,0.519892460940418,0.520424479337562,0.5209768191423,0.521549703909983
rugby_championship_2022,rugby_championship,2022,south,missed_penalty_goals,primary,0.0830358450212016,0.613006683304018,0.613092661732026,0.613185778096996,0.613285931978142,0.61339318343768,0.613507594386745,0.613629228632453,0.613758151927218,0.613894432020422,0.614038138712571,0.614189343912039,0.614348121694539,0.614514548365447,0.614688702525142,0.614870665137495,0.615060519601695,0.615258351827568,0.615464250314595,0.61567830623482,0.615900613519867,0.616131268952297,0.616370372261545,0.616618026224718,0.616874336772507,0.617139413100554,0.61741336778656,0.617696316913511,0.617988380199386,0.618289681133743,0.618600347121626,0.618920509635259,0.61925030437401,0.619589871433195,0.619939355482278,0.620298905953106,0.620668677238874,0.621048828904521,0.621439525909387,0.621840938842976,0.62225324417476,0.622676624519041,0.623111268915977,0.623557373129967,0.624015139966695,0.624484779610267,0.624966509981982,0.625460557122435,0.625967155598808,0.626486548939372,0.627018990097427,0.627564741947111,0.628124077813774,0.628697282041849,0.629284650603472,0.629886491751446,0.630503126720486,0.631134890481143,0.631782132551248,0.632445217870257,0.633124527742492,0.633820460855927,0.634533434383947,0.635263885178383,0.636012271063103,0.636779072238563,0.63756479280902,0.63836996244555,0.63919513819973,0.640040906484741,0.64090788524289,0.641796726321133,0.642708118079114,0.643642788257741,0.64460150714029,0.645585091042757,0.646594406175661,0.64763037292596,0.648693970615364,0.649786242800327,0.650908303189719,0.652061342268895,0.653246634734157,0.654465547859929,0.655719550943057,0.657010225995489,0.658339279889198,0.659708558197208,0.661120061023738,0.662575961177341,0.66407862511663,0.665630637193056,0.667234827834747,0.668894306467168,0.670612500160472,0.672393199243495,0.674240611449447,0.676159426584612,0.678154894275751,0.680232918106808,0.682400170476551,0.684664233906393
rugby_championship_2022,rugby_championship,2022,south,drop_goals_converted,primary,0.0136608774228985,1.35025399316105,1.35190664307515,1.35358031831742,1.35527402034091,1.35698810146753,1.35872292339909,1.3604788575533,1.36225628541485,1.36405559890257,1.36587720075341,1.36772150492435,1.36958893701304,1.37147993469841,1.37339494820227,1.37533444077328,1.37729888919433,1.37928878431498,1.38130463161033,1.38334695176788,1.38541628130415,1.38751317321289,1.38963819764674,1.3917919426346,1.39397501483679,1.39618804034064,1.39843166549883,1.40070655781362,1.40301340686972,1.40535292531924,1.40772584992211,1.41013294264588,1.41257499182893,1.41505281341162,1.41756725224001,1.42011918344761,1.42270951392061,1.42533918385283,1.42800916839705,1.43072047941991,1.43347416736837,1.43627132325631,1.43911308078067,1.44200061857735,1.44493516262819,1.44791798883132,1.45095042574825,1.45403385754264,1.45716972712699,1.46035953953504,1.46360486553976,1.4669073455386,1.47026869373009,1.47369070260835,1.47717524780514,1.48072429331197,1.48433989711894,1.48802421731051,1.49177951866375,1.4956081797993,1.49951270094164,1.50349571235219,1.50755998350624,1.51170843309405,1.51594413993647,1.52027035491736,1.52469051404854,1.52920825279891,1.53382742183724,1.53855210435953,1.54338663519617,1.54833562192298,1.55340396823357,1.55859689987026,1.56391999345703,1.56937920863337,1.57498092395285,1.58073197708878,1.58663970998203,1.59271201967869,1.59895741574009,1.60538508527222,1.61200496682088,1.6188278346241,1.6258653950139,1.63313039713258,1.6406367605923,1.64839972328805,1.65643601330654,1.66476404980422,1.67340417891722,1.6823789523002,1.69171345788574,1.70143571507145,1.71157715000744,1.72217317129269,1.73326387266252,1.74489489783975,1.75711851464017,1.76999496219148,1.78359415908508,1.79799789509987
rugby_championship_2022,rugby_championship,2022,south,drop_goal_missed,primary,0.0288496145688873,1.07181338614758,1.07211488839176,1.07243556039182,1.07277496113899,1.07313317406166,1.07351029130193,1.07390641385462,1.0743216517205,1.07475612407443,1.07520995944872,1.07568329593257,1.07617628138799,1.07668907368316,1.07722184094386,1.07777476182394,1.07834802579572,1.07894183346131,1.0795563968861,1.0801919399555,1.08084869875628,1.08152692198398,1.08222687137796,1.08294882218565,1.08369306365801,1.08445989957805,1.08524964882464,1.08606264597393,1.08689924194104,1.08775980466461,1.0886447198374,1.08955439168625,1.09048924380488,1.09144972004358,1.09243628546007,1.09344942733614,1.09448965626538,1.09555750731745,1.0966535412853,1.09777834602186,1.0989325378739,1.10011676322119,1.10133170012998,1.10257806013086,1.10385659013201,1.10516807448007,1.10651333718218,1.10789324430417,1.10930870656172,1.11076068212292,1.11225017964311,1.11377826155502,1.11534604764031,1.1169547189113,1.11860552183572,1.12029977294107,1.12203886383997,1.12382426672329,1.12565754037392,1.12754033676132,1.12947440828505,1.1314616157453,1.13350393712938,1.13560347731609,1.13776247881551,1.1399833336789,1.14226859673524,1.14462100033509,1.14704347081258,1.14953914691085,1.15211140045887,1.15476385963739,1.157500435233,1.16032535035246,1.16324317415927,1.16625886030341,1.16937779085022,1.17260582667983,1.17594936553552,1.17941540915729,1.1830116412618,1.18674651854166,1.19062937738232,1.19467055967078,1.19888156194701,1.20327521329576,1.20786588889108,1.21266976812717,1.21770514899458,1.22299283408057,1.2285566087137,1.23442383897632,1.24062622755695,1.2472007802337,1.2541910576019,1.26164881944024,1.26963621945973,1.27822878745597,1.28751956424156,1.29762496924099,1.30869335234338,1.32091785333183
rugby_championship_2022,rugby_championship,2022,south,defenders_beaten,primary,1.39928675041784,0.838010156133103,0.837931654759953,0.837894493415219,0.837896813198531,0.837936947385393,0.838013392733309,0.838124786466471,0.838269887482975,0.838447560849996,0.838656764891,0.838896540339465,0.839166001157165,0.839464326705918,0.839790755029468,0.840144577053215,0.84052513154844,0.840931800737716,0.841364006441497,0.841821206684229,0.842302892692811,0.8428085862318,0.843337837229054,0.843890221653029,0.844465339609064,0.845062813627008,0.845682287116672,0.846323422971045,0.846985902300007,0.847669423279735,0.84837370010495,0.849098462032867,0.849843452509162,0.850608428367481,0.851393159095058,0.852197426157936,0.853021022380018,0.85386375137088,0.854725426997841,0.85560587289828,0.856504922028656,0.857422416247032,0.858358205926293,0.859312149595474,0.860284113606956,0.861273971827446,0.862281605350905,0.863306902231756,0.864349757236858,0.865410071614899,0.866487752881948,0.867582714622071,0.868694876301984,0.869824163098815,0.870970505740146,0.872133840355564,0.873314108339028,0.874511256221417,0.875725235552683,0.876956002793084,0.878203519213024,0.879467750801042,0.880748668179592,0.88204624652822,0.883360465513823,0.884691309227706,0.886038766129157,0.887402828995299,0.888783494877021,0.890180765060775,0.891594645036089,0.893025144468634,0.894472277178728,0.895936061125152,0.897416518394212,0.898913675193938,0.900427561853402,0.901958212827077,0.903505666704248,0.905069966223431,0.906651158291842,0.908249294009909,0.909864428700886,0.911496621945616,0.913145937622507,0.914812443952827,0.9164962135514,0.918197323482843,0.919915855323468,0.921651895229025,0.923405534008449,0.925176867203816,0.926965995176741,0.928773023201436,0.93059806156473,0.932441225673323,0.934302636168606,0.936182419049414,0.938080705803082,0.93999763354524,0.941933345168806,0.943887989502685
rugby_championship_2022,rugby_championship,2022,south,clean_breaks,primary,0.642896000503678,0.929117035616336,0.929164788759897,0.9292196561104,0.929281629517534,0.929350703352023,0.929426874051813,0.929510140068198,0.929600501816323,0.929697961629822,0.929802523719299,0.929914194134449,0.930032980729583,0.930158893132393,0.93029194271575,0.93043214257241,0.930579507492454,0.930734053943362,0.930895800052573,0.931064765592454,0.931240971967554,0.931424442204079,0.931615200941502,0.931813274426236,0.932018690507319,0.932231478634042,0.932451669855494,0.932679296821966,0.932914393788185,0.933156996618363,0.933407142793011,0.933664871417533,0.933930223232565,0.934203240626063,0.934483967647132,0.934772450021608,0.935068735169392,0.935372872223552,0.935684912051211,0.936004907276241,0.936332912303791,0.93666898334668,0.93701317845369,0.937365557539796,0.937726182418395,0.938095116835555,0.938472426506378,0.938858179153502,0.939252444547839,0.939655294551599,0.940066803163694,0.94048704656761,0.940916103181817,0.941354053712849,0.941800981211137,0.942256971129716,0.942722111385938,0.943196492426309,0.943680207294612,0.944173351703441,0.944676024109342,0.945188325791699,0.945710360935591,0.946242236718782,0.94678406340309,0.947335954430347,0.947898026523195,0.948470399790997,0.949053197841131,0.94964654789597,0.950250580915893,0.950865431728645,0.951491239165452,0.952128146204275,0.952776300120639,0.953435852646517,0.954106960137757,0.954789783750595,0.955484489627848,0.956191249095415,0.956910238869756,0.957641641277102,0.958385644485179,0.95914244274832,0.959912236666893,0.960695233462065,0.961491647267005,0.962301699435715,0.963125618870813,0.963963642371672,0.964816015004472,0.965682990495868,0.966564831652102,0.96746181080562,0.968374210291378,0.969302322955306,0.970246452697597,0.971206915053754,0.972184037816679,0.973178161703352,0.974189641070085,0.975218844680724
rugby_championship_2022,rugby_championship,2022,south,offload,primary,0.84616058386077,0.976841992910289,0.976125817657103,0.975432179479614,0.974760335458908,0.974109602360219,0.97347934957479,0.972868993362017,0.97227799191432,0.971705841103608,0.971152070796112,0.970616241644098,0.970097942279994,0.969596786851941,0.969112412850501,0.968644479184871,0.968192664473873,0.967756665522641,0.967336195960516,0.966930985019438,0.966540776435252,0.966165327456921,0.965804407950778,0.965457799588796,0.965125295111321,0.964806697656027,0.964501820145908,0.964210484730088,0.963932522271948,0.963667771879827,0.963416080476054,0.963177302400623,0.962951299046235,0.9627379385218,0.96253709534182,0.962348650139385,0.962172489400711,0.962008505219423,0.961856595068932,0.961716661591461,0.961588612402392,0.961472359908767,0.961367821140872,0.961274917595947,0.961193575093167,0.961123723639097,0.961065297302924,0.961018234100833,0.960982475888931,0.96095796826421,0.960944660473071,0.960942505326974,0.960951459124825,0.960971481581756,0.961002535763975,0.961044588029388,0.961097607973758,0.961161568382149,0.961236445185453,0.961322217421823,0.961418867202834,0.961526379684247,0.961644743041233,0.961773948447963,0.961913990061468,0.962064865009704,0.96222657338375,0.962399118234105,0.962582505571069,0.962776744369159,0.962981846575608,0.963197827122921,0.963424703945545,0.963662498000684,0.963911233293325,0.964170936905545,0.964441639030189,0.964723373009028,0.965016175375517,0.965320085902288,0.965635147653548,0.965961407042543,0.966298913894298,0.96664772151385,0.967007886760208,0.967379470126316,0.967762535825317,0.968157151883416,0.968563390239737,0.968981326853515,0.969411041819087,0.96985261948912,0.970306148606598,0.970771722446116,0.971249438965089,0.971739400965554,0.972241716267269,0.972756497892928,0.973283864266365,0.973823939424694,0.974376853245447,0.974942741689876
rugby_championship_2022,rugby_championship,2022,south,runs,primary,1.93319163359351,1.29561851575738,0.990970739068227,0.973038196016802,0.961187347697524,0.951901574723994,0.944074455146095,0.937210148490561,0.931041966575291,0.925409067438866,0.920206424253862,0.915361311862947,0.910821041610408,0.90654604196502,0.902505708097956,0.898675786207818,0.895036656480825,0.891572166682666,0.88826881631876,0.885115171423238,0.882101435438027,0.879219128389293,0.876460842866791,0.873820055542968,0.87129097956301,0.868868447488276,0.866547817408114,0.864324896849543,0.862195880522422,0.86015729893762,0.858205975656211,0.856338991453822,0.854553654073199,0.852847472528896,0.851218135147815,0.849663490697062,0.848181532079869,0.846770382180717,0.845428281519488,0.844153577436571,0.842944714580197,0.841800226506825,0.840718728237205,0.839698909636574,0.838739529508445,0.837839410308693,0.836997433400864,0.836212534785352,0.83548370124489,0.834809966856976,0.834190409830691,0.833624149631154,0.833110344359749,0.832648188362398,0.83223691004169,0.8318757698517,0.831564058456931,0.831301095039018,0.831086225736799,0.83091882220699,0.830798280294151,0.830724018799931,0.830695478342611,0.830712120298999,0.830773425821517,0.830878894924105,0.831028045631192,0.831220413184579,0.831455549303592,0.831733021494302,0.832052412404039,0.832413319217747,0.832815353093103,0.833258138631558,0.833741313382745,0.834264527379932,0.834827442704382,0.835429733076702,0.836071083473406,0.83675118976708,0.837469758388688,0.838226506010658,0.839021159249523,0.839853454387002,0.840723137108462,0.841629962257849,0.842573693608206,0.843554103646995,0.844570973375502,0.845624092121666,0.846713257365739,0.847838274578219,0.848998957069585,0.850195125851357,0.851426609508106,0.852693244080038,0.853994872955839,0.855331346775492,0.856702523342833,0.858108267547612,0.859548451296905,0.861022953455711
rugby_championship_2022,rugby_championship,2022,south,tackles,primary,1.8845424049941,1.25873070419051,1.05854942488223,1.04665401317762,1.03869323918278,1.03237454733092,1.02697836339994,1.02218338637634,1.01781764634885,1.01377805241062,1.00999776580258,1.00643087732492,1.00304442269105,0.999813883744578,0.99672049418271,0.993749544705913,0.990889272811771,0.98813011042465,0.985464159050315,0.982884814389811,0.980386491938807,0.977964422522613,0.975614497328571,0.973333148654384,0.971117256878082,0.968964076981707,0.966871179863799,0.964836404981576,0.962857821775417,0.960933697974831,0.959062473350358,0.957242737815107,0.955473213030008,0.953752736853857,0.952080250120244,0.950454785330934,0.948875456937898,0.947341452950301,0.945852027652829,0.944406495261224,0.943004224372217,0.941644633090039,0.940327184731819,0.93905138403043,0.93781677376655,0.936622931772542,0.935469468259633,0.934356023427211,0.933282265319146,0.932247887897138,0.931252609305318,0.930296170303921,0.92937833285286,0.928498878828574,0.927657608859697,0.92685434126897,0.926088911110352,0.925361169291699,0.924670981774522,0.924018228843348,0.923402804438103,0.922824615543675,0.922283581631501,0.92177963414858,0.921312716049844,0.920882781370257,0.920489794833385,0.920133731493575,0.919814576409136,0.919532324344217,0.91928697949732,0.919078555254595,0.918907073966251,0.918772566744614,0.918675073282488,0.918614641690654,0.918591328353437,0.918605197801399,0.918656322600341,0.918744783255858,0.918870668132821,0.919034073389204,0.919235102923796,0.919473868337362,0.919750488906927,0.920065091572895,0.920417810938801,0.920808789283516,0.921238176585831,0.921706130561365,0.922212816711817,0.922758408386623,0.923343086857159,0.923967041403656,0.924630469415072,0.925333576502232,0.926076576624569,0.926859692230917,0.927683154414824,0.928547203084963,0.929452087151264,0.930398064727489
rugby_championship_2022,rugby_championship,2022,south,missed_tackles,primary,1.18492872848059,1.06459813746791,0.983488610185272,0.978919143247382,0.976143938394673,0.974119115728368,0.97251599384614,0.97118719518626,0.970053452801276,0.96906699862463,0.968196696962373,0.967421050652612,0.966724548620711,0.966095602649114,0.965525308070665,0.965006661624901,0.964534047313009,0.964102886676451,0.963709393898309,0.963350399958333,0.96302322358721,0.962725574733763,0.962455481119018,0.962211231505186,0.961991331278131,0.961794467243626,0.96161947941599,0.961465338181767,0.961331125643807,0.961216020251656,0.961119284040977,0.961040251963177,0.960978322903744,0.960932952075587,0.960903644540089,0.960889949659347,0.960891456322191,0.960907788816992,0.960938603248137,0.960983584411885,0.961042443062283,0.961114913509865,0.961200751505472,0.961299732369426,0.961411649332645,0.961536312061535,0.961673545342819,0.961823187908028,0.961985091380339,0.962159119328957,0.962345146418285,0.962543057640897,0.962752747624813,0.962974120006817,0.963207086864647,0.96345156820178,0.963707491479353,0.963974791190379,0.964253408472059,0.964543290752457,0.964844391428242,0.9651566695706,0.965480089656725,0.965814621324611,0.966160239149102,0.966516922437387,0.966884655042329,0.967263425192173,0.967653225335357,0.968054051999261,0.968465905661867,0.96888879063541,0.969322714961179,0.969767690314747,0.970223731920952,0.970690858478045,0.971169092090484,0.971658458209888,0.972158985583755,0.972670706211565,0.973193655307945,0.973727871272627,0.97427339566694,0.974830273196646,0.975398551700937,0.975978282147457,0.976569518633237,0.977172318391469,0.977786741804062,0.97841285241996,0.979050716979215,0.979700405442873,0.980361991028694,0.981035550252833,0.981721162977562,0.982418912465196,0.983128885438396,0.983851172147047,0.984585866441955,0.985333065855632,0.986092871690487,0.986865389114764
rugby_championship_2022,rugby_championship,2022,south,rucks_won,primary,2.32104750698959,0.905818761417487,0.743814724400081,0.733823995206619,0.727099561909726,0.72177391278198,0.717257727982224,0.713285842886786,0.709714946536023,0.706458131519002,0.703458308070386,0.700675691427659,0.698081263829606,0.695653079001505,0.693374040825889,0.691230500290412,0.68921133232308,0.68730730717918,0.685510649698244,0.683814722386796,0.682213792467311,0.680702857297119,0.679277511263007,0.677933842727129,0.676668353129876,0.675477892687916,0.674359608699853,0.673310903554933,0.672329400298299,0.671412914145397,0.67055942872716,0.669767076132069,0.669034120021761,0.668358941254609,0.667740025570997,0.667175952985277,0.666665388599732,0.666207074610628,0.665799823319374,0.665442510995759,0.665134072467228,0.664873496329835,0.664659820693948,0.664492129391969,0.664369548586879,0.664291243729913,0.66425641682349,0.664264303952016,0.664314173048563,0.664405321869962,0.664537076156632,0.664708787956676,0.664919834096477,0.665169614782343,0.665457552319713,0.665783089938117,0.666145690711546,0.666544836565111,0.666980027359984,0.667450780049514,0.667956627900279,0.668497119772478,0.669071819454779,0.669680305049211,0.670322168402226,0.670997014578476,0.67170446137421,0.672444138867582,0.673215689003427,0.674018765210364,0.67485303204834,0.675718164884933,0.676613849598966,0.677539782310181,0.678495669133882,0.679481225959651,0.680496178253395,0.681540260882127,0.682613217961069,0.683714802722774,0.68484477740815,0.686002913179396,0.687188990055039,0.688402796867383,0.689644131242911,0.690912799606289,0.692208617208882,0.693531408182842,0.694881005622115,0.696257251691914,0.697659997768523,0.699089104611612,0.700544442571575,0.702025891834839,0.703533342710542,0.705066695962505,0.706625863191057,0.708210767269946,0.709821342844439,0.711457536897645,0.713119309393242,0.714806634004112
rugby_championship_2022,rugby_championship,2022,south,rucks_lost,primary,0.723991920487063,1.18804327116084,1.0742563620254,1.06311880893576,1.05505523886417,1.04834586643716,1.04244288928744,1.03709643165853,1.03216908776253,1.02757584373833,1.02325962003204,1.01917972238695,1.01530578001986,1.01161429932128,1.00808657757878,1.00470737418194,1.00146402794726,0.998345849668416,0.995343691258619,0.992449632079076,0.989656745337433,0.98695892061441,0.984350726635714,0.981827303487288,0.979384276762675,0.977017688314311,0.974723939760501,0.972499745922903,0.970342096089293,0.968248221511411,0.966215567921519,0.964241772126573,0.962324641944016,0.960462138897979,0.958652363212654,0.956893540730509,0.955184011453691,0.953522219462417,0.951906704008014,0.950336091613253,0.948809089040677,0.947324477012372,0.945881104583072,0.944477884083635,0.943113786564403,0.941787837678255,0.940499113951767,0.93924673940007,0.938029882447057,0.936847753117635,0.935699600473116,0.934584710264441,0.93350240278113,0.932452030876516,0.931432978152152,0.93044465728628,0.929486508492987,0.928557998100176,0.927658617235808,0.926787880613003,0.925945325405615,0.92513051020676,0.924343014063583,0.923582435582214,0.922848392097504,0.922140518902649,0.921458468534312,0.920801910109281,0.920170528709093,0.91956402480939,0.918982113751111,0.918424525250875,0.917891002948202,0.917381303987424,0.916895198632372,0.916432469912106,0.915992913296139,0.915576336397782,0.915182558704374,0.914811411333312,0.914462736812938,0.914136388887456,0.913832232345175,0.913550142869494,0.913290006912157,0.9130517215884,0.912835194593739,0.912640344142237,0.912467098926199,0.912315398097349,0.91218519126964,0.91207643854398,0.91198911055524,0.91192318854206,0.911878664440057,0.911855540999212,0.911853831926308,0.911873562053484,0.911914767534102,0.911977496067311,0.912061807152892,0.91216777237817
rugby_championship_2022,rugby_championship,2022,south,passes,primary,3.33531672872444,1.09568346005462,0.966410030417183,0.956134613454676,0.948455502633871,0.941890800858732,0.935974399093973,0.93049741592033,0.925347444681235,0.920456601564942,0.91578045617561,0.911288135966831,0.906957168929649,0.902770577143299,0.898715135511449,0.894780275844053,0.890957368467747,0.887239234923495,0.883619807617346,0.880093886023106,0.876656958141477,0.873305067169354,0.870034710183589,0.866842759940911,0.863726403663099,0.860683094501033,0.857710512599522,0.854806533527756,0.851969202428712,0.849196712658209,0.846487387984692,0.843839667639841,0.841252093671805,0.838723300173624,0.836252004050501,0.83383699705908,0.831477138905286,0.829171351228746,0.826918612334262,0.824717952556348,0.822568450163164,0.820469227722394,0.818419448864691,0.816418315390874,0.814465064677672,0.812558967343876,0.810699325144545,0.808885469065731,0.80711675759619,0.80539257515584,0.803712330663602,0.802075456229542,0.80048140595828,0.79892965485232,0.797419697805389,0.795951048677132,0.794523239441566,0.793135819402618,0.791788354470886,0.790480426496429,0.789211632653019,0.787981584869823,0.786789909306935,0.785636245871604,0.784520247772376,0.783441581108684,0.782399924493744,0.781394968708844,0.780426416387406,0.779493981727381,0.778597390230789,0.777736378469372,0.77691069387556,0.776120094558084,0.775364349141789,0.774643236631336,0.773956546298683,0.773304077594402,0.772685640083076,0.772101053403208,0.771550147252288,0.771032761397881,0.770548745715855,0.770097960257116,0.769680275344537,0.769295571702122,0.76894374061879,0.768624684149672,0.768338315358285,0.76808455860358,0.767863349876561,0.767674637192014,0.767518381041883,0.767394554918031,0.767303145913541,0.767244155413478,0.767217599888119,0.767223511804277,0.767261940673527,0.767332954260115,0.767436639976313,0.767573106499208
rugby_championship_2022,rugby_championship,2022,south,bad_passes,primary,0.963162375815345,1.07519117632524,1.02726849114021,1.02181100862925,1.01755368024532,1.01384733425742,1.01048364943989,1.00736657866188,1.00444259287148,1.00167805943546,0.999050016950074,0.996541808305773,0.994140781152394,0.991836975319343,0.989622324463013,0.987490144834997,0.985434793656869,0.983451432493869,0.981535858263206,0.97968437931932,0.977893722484078,0.976160961878314,0.974483463468529,0.972858841174488,0.971284921637756,0.969759715585557,0.968281394291604,0.966848270028956,0.965458779687683,0.964111470929526,0.962804990397002,0.961538073601742,0.960309536197201,0.95911826640169,0.957963218384274,0.956843406462114,0.955757899985948,0.954705818812588,0.95368632928092,0.952698640621979,0.951742001745062,0.950815698351062,0.949919050331751,0.949051409419968,0.948212157060764,0.947400702477869,0.946616480913362,0.945858952021479,0.945127598399964,0.944421924244564,0.943741454114058,0.943085731794778,0.942454319254933,0.941846795680173,0.941262756582854,0.940701812978293,0.940163590622099,0.939647729303277,0.939153882188403,0.938681715212668,0.938230906514027,0.937801145907091,0.937392134393739,0.937003583707751,0.936635215891022,0.936286762899187,0.935957966234686,0.935648576605525,0.935358353608161,0.935087065433084,0.934834488591873,0.934600407664599,0.934384615066584,0.934186910833686,0.934007102425341,0.93384500454474,0.933700438975617,0.933573234435219,0.933463226443133,0.933370257205747,0.933294175516221,0.933234836669957,0.933192102395632,0.933165840802009,0.933155926340831,0.933162239786236,0.933184668231272,0.933223105102223,0.933277450191647,0.933347609711173,0.933433496365352,0.933535029448039,0.933652134963079,0.933784745771365,0.933932801766644,0.934096250082899,0.934275045336548,0.934469149907247,0.934678534261735,0.934903177325864,0.935143066910842,0.935398200200757
rugby_championship_2022,rugby_championship,2022,south,turnovers_conceded,primary,0.827496431804115,0.992187282356531,0.992743674899079,0.99330800221997,0.993880150063053,0.994460010803409,0.995047482702123,0.995642469508829,0.996244880100453,0.996854628152194,0.997471631837304,0.998095813552643,0.998727099667365,0.999365420292399,1.00001070906866,1.00066290297221,1.00132194213466,1.00198776967751,1.00266033155907,1.00333957643284,1.00402545551628,1.00471792246924,1.005416933281,1.00612244616532,1.00683442146286,1.00755282155027,1.00827761075556,1.00900875527904,1.00974622311968,1.01048998400624,1.01124000933297,1.01199627209939,1.01275874685407,1.01352740964194,1.01430223795493,1.01508321068584,1.01587030808498,1.01666351171967,1.01746280443618,1.01826817032417,1.01907959468325,1.01989706399174,1.02072056587735,1.02155008908978,1.02238562347501,1.02322715995134,1.0240746904869,1.02492820807873,1.02578770673326,1.0266531814481,1.0275246281951,1.02840204390471,1.02928542645142,1.03017477464031,1.03107008819473,1.03197136774497,1.03287861481785,1.03379183182737,1.03471102206618,1.03563618969795,1.03656733975065,1.03750447811056,1.03844761151717,1.0393967475588,1.04035189466903,1.04131306212386,1.04228026003958,1.04325349937138,1.0442327919127,1.04521815029518,1.04620958798941,1.0472071193063,1.04821075939912,1.04922052426623,1.05023643075454,1.05125849656349,1.05228674024986,1.05332118123316,1.05436183980173,1.05540873711949,1.0564618952334,1.05752133708161,1.05858708650232,1.05965916824333,1.06073760797231,1.06182243228783,1.06291366873114,1.06401134579867,1.0651154929554,1.06622614064892,1.06734332032441,1.0684670644404,1.06959740648548,1.07073438099576,1.07187802357342,1.0730283709061,1.0741854607873,1.07534933213783,1.07652002502828,1.07769758070259,1.07888204160276,1.08007345139474
rugby_championship_2022,rugby_championship,2022,south,penalties_conceded,primary,0.974440310715253,1.1058886832129,1.00933459197148,1.00377543095836,1.00037040806306,0.997853597673909,0.995828153292422,0.99411721890601,0.992626383206813,0.991299233586742,0.990099335233015,0.989001770793833,0.987988733787345,0.987047047396798,0.986166679725633,0.985339810759719,0.984560221928726,0.983822883010553,0.983123664431336,0.982459131872412,0.981826396439014,0.981223003266875,0.980646847301131,0.980096108655917,0.979569202328397,0.97906473859974,0.978581491504643,0.978118373470453,0.977674414729001,0.977248746460084,0.976840586881367,0.976449229685885,0.976074034365809,0.975714418063656,0.975369848669432,0.975039838940984,0.974723941470035,0.974421744351356,0.974132867439845,0.973856959101781,0.973593693383548,0.973342767534692,0.973103899833068,0.972876827668668,0.972661305849788,0.972457105101103,0.97226401072795,0.97208182142506,0.971910348211287,0.971749413474538,0.971598850113429,0.971458500764057,0.971328217101902,0.971207859210209,0.971097295007365,0.97099639972674,0.970905055443324,0.970823150642163,0.970750579824266,0.970687243146118,0.970633046089451,0.970587899158275,0.970551717600539,0.97052442115208,0.970505933800773,0.97049618356905,0.970495102313112,0.970502625537379,0.970518692222838,0.970543244668121,0.970576228342231,0.970617591747977,0.97066728629523,0.970725266183251,0.97079148829136,0.970865912077331,0.970948499482917,0.971039214845998,0.971138024818875,0.971244898292266,0.971359806324631,0.97148272207645,0.97161362074915,0.971752479528363,0.971899277531264,0.972053995757726,0.972216617045087,0.972387126026302,0.972565509091312,0.972751754351452,0.972945851606738,0.973147792315904,0.973357569569052,0.973575178062797,0.973800614077816,0.974033875458683,0.974274961595926,0.974523873410225,0.974780613338665,0.975045185323015,0.975317594799952,0.975597848693205
rugby_championship_2022,rugby_championship,2022,south,yellow_cards,primary,0.231680172111148,0.854588285736017,0.854910186463707,0.855246089460889,0.855595928506037,0.855959655099685,0.856337232439131,0.85672863492093,0.857133847701272,0.857552866308827,0.857985696305379,0.858432352990137,0.858892861144206,0.859367254812116,0.859855577117755,0.860357880112383,0.860874224652753,0.86140468030762,0.861949325291206,0.862508246422383,0.863081539108582,0.863669307353593,0.864271663788625,0.864888729726132,0.865520635236091,0.866167519244546,0.866829529654369,0.867506823488347,0.868199567054799,0.868907936136104,0.869632116200608,0.870372302638537,0.871128701022674,0.871901527394688,0.872691008578167,0.873497382519532,0.874320898658202,0.875161818327518,0.876020415188158,0.876896975695923,0.877791799606037,0.878705200516302,0.879637506451715,0.880589060493437,0.881560221455299,0.882551364611375,0.883562882478505,0.884595185658105,0.885648703742002,0.886723886287583,0.887821203868115,0.888941149204688,0.890084238387009,0.891251012191019,0.892442037502249,0.89365790885482,0.894899250097175,0.896166716196905,0.897460995198547,0.898782810349906,0.900132922414378,0.90151213218899,0.90292128325039,0.904361264953925,0.905833015714364,0.907337526600657,0.908875845281705,0.910449080365329,0.912058406178825,0.91370506804665,0.915390388129291,0.917115771897355,0.918882715326746,0.920692812914904,0.922547766634889,0.924449395964252,0.926399649150001,0.928400615900365,0.930454541729957,0.932563844228784,0.934731131579622,0.936959223715166,0.939251176589866,0.941610310146121,0.944040240687138,0.946544918537826,0.949128672092629,0.951796259631622,0.954552930656593,0.957404498989909,0.960357430537831,0.963418949515438,0.966597168164864,0.969901246727367,0.97334159289314,0.976930113531371,0.980680536815483,0.984608830939845,0.988733758263613,0.993077624123679,0.997667313738067,1.00253577037992
rugby_championship_2022,rugby_championship,2022,south,red_cards,primary,0.0126831502949563,1.23868066608,1.23681570889112,1.23496387418466,1.23312455975995,1.23129795244159,1.22948424408114,1.22768363173693,1.225896317862,1.22412251050064,1.22236242349385,1.2206162766945,1.2188842961924,1.21716671455018,1.21546377105027,1.2137757119539,1.21210279077267,1.21044526855345,1.20880341417745,1.20717750467423,1.20556782555171,1.20397467114295,1.20239834497094,1.2008391601324,1.19929743970181,1.19777351715711,1.19626773682817,1.19478045436989,1.19331203726122,1.1918628653321,1.19043333131999,1.1890238414582,1.18763481609811,1.18626669036762,1.18491991486855,1.18359495641564,1.18229229882013,1.18101244372147,1.17975591147029,1.17852324206695,1.17731499615959,1.17613175610637,1.17497412710697,1.17384273840874,1.1727382445936,1.17166132695218,1.17061269495236,1.16959308781031,1.16860327617243,1.16764406391798,1.1667162900928,1.16582083098578,1.16495860236092,1.16413056185913,1.16333771158559,1.16258110090002,1.16186182942944,1.16118105032482,1.16053997378593,1.15993987088118,1.15938207769263,1.15886799982008,1.15839911728194,1.15797698985589,1.15760326290739,1.15727967376054,1.15700805867295,1.15679036048483,1.15662863702185,1.15652507034281,1.15648197693619,1.15650181898471,1.15658721683515,1.15674096283151,1.15696603669442,1.15726562265892,1.15764312861748,1.15810220755674,1.15864678162561,1.15928106923242,1.16000961564011,1.16083732761598,1.16176951279829,1.16281192457178,1.16397081340405,1.16525298579206,1.16666587221407,1.16821760579018,1.16991711374244,1.17177422423842,1.17379979183134,1.17600584552168,1.17840576451929,1.18101448816741,1.18384876832005,1.18692747491077,1.19027196876027,1.19390656019788,1.19785907834908,1.202161584766,1.20685127767542,1.2119716514087
rugby_championship_2022,rugby_championship,2022,south,metres,primary,1.62990124799316,0.881727704933265,0.880129933469062,0.878777303559082,0.877614423415006,0.876604628893833,0.875722142988561,0.874947984192452,0.874267656709177,0.873669762508512,0.873145123714536,0.872686203646144,0.872286710946943,0.871941320483306,0.871645471291678,0.87139521689519,0.871187112152595,0.871018126184429,0.87088557429798,0.870787064009559,0.870720451700422,0.870683807413601,0.870675385967548,0.870693603031481,0.870737015141694,0.870804302880162,0.870894256614505,0.871005764330464,0.871137801187554,0.871289420504168,0.871459745936612,0.87164796466167,0.871853321407661,0.872075113206871,0.872312684764436,0.872565424356591,0.872832760185543,0.873114157129929,0.873409113839349,0.87371716012932,0.87403785463949,0.874370782723316,0.874715554541943,0.875071803338758,0.875439183874313,0.875817371003962,0.876206058382867,0.876604957284962,0.877013795524146,0.877432316467381,0.877860278130636,0.87829745234965,0.878743624018438,0.879198590389259,0.879662160428447,0.880134154223145,0.880614402434502,0.881102745793374,0.881599034634965,0.882103128469249,0.882614895584291,0.883134212679917,0.883660964529404,0.884195043667125,0.884736350100243,0.88528479104278,0.885840280670506,0.886402739895284,0.886972096157592,0.88754828323611,0.888131241073335,0.888720915616301,0.889317258671573,0.889920227773747,0.890529786066801,0.891145902197665,0.891768550221471,0.89239770951801,0.893033364718939,0.893675505645381,0.894324127255569,0.894979229602249,0.8956408177996,0.896308901999468,0.896983497376721,0.897664624123643,0.898352307453217,0.899046577611279,0.899747469897499,0.900455024695189,0.901169287510006,0.901890309017583,0.902618145120239,0.903352857012876,0.904094511258246,0.904843179871816,0.905598940416446,0.906361876107194,0.907132075926548,0.907909634750464,0.90869465348561,0.909487239218265
autumn_internationals_2022,autumn_internationals,2022,mixed,minutes,primary,10.29244427528,0.976591291648716,0.975753093696725,0.97491506623909,0.974121274503211,0.973345847990155,0.972609169739429,0.971877977176167,0.9711538467983,0.970452251805108,0.969750769779909,0.969084099167138,0.968431648222122,0.967791930777444,0.967171539042998,0.96658877121906,0.966042007818614,0.965524868194338,0.965034542284022,0.964575207612752,0.964132910889563,0.963693433746743,0.963285512393997,0.962903604209089,0.962544227251264,0.962198590366977,0.961863692536908,0.961543891447984,0.961234929980744,0.96092954034535,0.960683238680752,0.960470332645406,0.960271608276064,0.96009550042135,0.959919392566635,0.95976393141278,0.959636101116487,0.959512013923665,0.959415726297103,0.959326117721645,0.95924252975954,0.959170916986077,0.959113146631214,0.95906259683248,0.959041722707828,0.959020848583176,0.959004334199479,0.958999494375879,0.958994654552279,0.95901482087358,0.959063060189399,0.959116408065743,0.959169755942088,0.959223103818433,0.959287350329006,0.959383366472752,0.959512286109944,0.959656971386389,0.95980769897561,0.960014936493917,0.960225872102464,0.960436807711011,0.960647743319558,0.960878972835974,0.961118480599868,0.961379637936494,0.961674817504568,0.962041222298868,0.962436308096233,0.962886246295537,0.96337754667741,0.963870207197296,0.964372962763192,0.964880544490759,0.965413106060595,0.965972678148913,0.966560113204353,0.967157150652876,0.967754188101399,0.968357697763444,0.968975355002447,0.969617433886283,0.970284263277292,0.970961888806829,0.971645889789955,0.972339642014927,0.973067169538211,0.973823461027502,0.974595984837986,0.975408070320742,0.976255818333789,0.977104846791901,0.977953875250014,0.978802903708127,0.979651932166239,0.980500960624351,0.981349989082464,0.982199017540576,0.98305500422017,0.983977356068477,0.984917103841489,0.985872132069928
autumn_internationals_2022,autumn_internationals,2022,mixed,tries,primary,0.545466757230714,1.00308470398275,1.00196911088329,1.00093713692136,0.999977293180961,0.999080797419701,0.998240737743546,0.997451543510516,0.996708635970222,0.996008189173063,0.995346961283367,0.994722172403301,0.994131414043822,0.993572580692111,0.993043817162197,0.992543477449371,0.992070092122015,0.991622342152965,0.991199037679689,0.990799100587379,0.990421550093244,0.990065490713098,0.989730102138177,0.989414630658013,0.989118381845403,0.988840714279857,0.988581034131883,0.988338790465712,0.988113471145473,0.987904599251266,0.987711729928465,0.987534447607061,0.987372363538604,0.98722511360702,0.987092356376607,0.986973771346283,0.986869057383908,0.986777931318378,0.986700126670474,0.986635392506105,0.986583492397906,0.986544203483027,0.986517315606565,0.986502630541478,0.986499961276982,0.986509131368411,0.986529974342409,0.986562333152036,0.986606059677021,0.986661014264933,0.986727065309552,0.986804088863087,0.986891968279328,0.986990593885062,0.987099862677426,0.987219678045089,0.987349949511378,0.987490592497667,0.987641528105521,0.987802682916215,0.987973988806443,0.988155382779086,0.988346806808077,0.988548207696465,0.988759536946899,0.988980750643793,0.98921180934657,0.989452677993383,0.989703325814832,0.989963726257212,0.990233856914911,0.990513699471601,0.990803239649937,0.991102467169493,0.991411375712748,0.991729962898927,0.992058230265571,0.99239618325775,0.992743831224847,0.993101187424886,0.99346826903644,0.993845097178132,0.99423169693585,0.994628097397766,0.995034331697346,0.995450437064533,0.995876454885348,0.996312430770212,0.996758414631296,0.997214460769301,0.997680627970103,0.998156979611743,0.998643583782348,0.999140513409581,0.999647846402343,1.00016566580551,1.00069405996856,1.00123312272914,1.00178295361255,1.00234365804848,1.00291534760629,1.0034981402504
autumn_internationals_2022,autumn_internationals,2022,mixed,try_assists,primary,0.394351422581604,1.05933895254706,1.05859019550057,1.05786508672765,1.05716273268044,1.05648231030686,1.05582305937265,1.0551842759219,1.05456530660359,1.05396554372795,1.05338442094101,1.05282140942531,1.05227601455062,1.05174777291113,1.051236249696,1.05074103634859,1.05026174847653,1.04979802398062,1.04934952137537,1.0489159182776,1.04849691004334,1.04809220853557,1.04770154100798,1.0473246490918,1.0469612878745,1.04661122506046,1.04627424020515,1.04595012401529,1.04563867770826,1.04533971242516,1.04505304869215,1.04477851592569,1.04451595197761,1.04426520271639,1.04402612164144,1.0437985695277,1.04358241409777,1.04337752971958,1.04318379712733,1.04300110316401,1.04282934054389,1.04266840763343,1.04251820824933,1.04237865147261,1.04224965147753,1.04213112737455,1.04202300306632,1.04192520711614,1.04183767262796,1.04176033713762,1.04169314251448,1.04163603487322,1.04158896449526,1.04155188575954,1.04152475708227,1.04150754086544,1.04150020345394,1.04150271510102,1.04151504994208,1.04153718597673,1.04156910505895,1.04161079289563,1.04166223905331,1.04172343697339,1.0417943839959,1.04187508139214,1.04196553440636,1.04206575230683,1.04217574844675,1.0422955403354,1.0424251497201,1.04256460267946,1.0427139297289,1.04287316593885,1.04304235106687,1.04322152970451,1.04341075144008,1.04361007103874,1.04381954864128,1.04403924998327,1.04426924663651,1.04450961627489,1.04476044296712,1.04502181749897,1.04529383772837,1.04557660897675,1.04587024446079,1.04617486576926,1.0464906033904,1.04681759729585,1.04715599758851,1.0475059652224,1.04786767280433,1.04824130548842,1.04862706197676,1.04902515564141,1.04943581578609,1.0498592890689,1.05029584111161,1.05074575832612,1.05120934999439,1.05168695064626
autumn_internationals_2022,autumn_internationals,2022,mixed,conversion_goals,primary,0.39272943192879,0.503911811041322,0.503723534308959,0.503565707834872,0.503436735974816,0.503335234365389,0.503259974528035,0.503209862101198,0.503183918829763,0.503181267559928,0.503201119657792,0.503242764397436,0.503305559960839,0.503388925765725,0.503492335894346,0.5036153134404,0.503757425625982,0.50391827956776,0.504097518593339,0.504294819026142,0.504509887371132,0.504742457845026,0.504992290203885,0.505259167828474,0.505542896034057,0.505843300576359,0.506160226329741,0.506493536117177,0.506843109674586,0.507208842734628,0.507590646217152,0.507988445515329,0.508402179868008,0.508831801810207,0.509277276694721,0.509738582278887,0.510215708371358,0.510708656534515,0.511217439838804,0.511742082665881,0.512282620557986,0.512839100111424,0.513411578912504,0.514000125514675,0.514604819455977,0.515225751316297,0.51586302281428,0.51651674694405,0.517187048152289,0.517874062556513,0.518577938205785,0.519298835385418,0.520036926967662,0.520792398810735,0.521565450209013,0.522356294397699,0.52316515911577,0.523992287231648,0.524837937436631,0.525702385011909,0.526585922675773,0.527488861518584,0.528411532034144,0.529354285257305,0.530317494019091,0.531301554332215,0.53230688692174,0.533333938917856,0.534383185730256,0.535455133126616,0.536550319541192,0.537669318643711,0.538812742203657,0.539981243290948,0.541175519861007,0.542396318780709,0.543644440361862,0.544920743481307,0.546226151381802,0.547561658266448,0.548928336822291,0.550327346837189,0.551759945109631,0.553227496895955,0.554731489196278,0.556273546253167,0.557855447730845,0.559479150164929,0.561146812433338,0.562860826212705,0.564623852672057,0.566438867047337,0.568309213281778,0.570238671677095,0.572231543585407,0.574292758750076,0.57642801324855,0.578643949557137,0.580948395829872,0.583350690456303,0.585862132923057,0.588496627971575
autumn_internationals_2022,autumn_internationals,2022,mixed,missed_conversion_goals,primary,0.20384844102174,0.882569322727219,0.700296773596161,0.68617100134418,0.677896785201744,0.672022911158108,0.667467782923586,0.663749614621124,0.660611398939492,0.657899721551204,0.655515626263731,0.653391547991633,0.651479298613768,0.649743302533139,0.648156549130896,0.646698049455239,0.645351172463561,0.64410251929883,0.642941139432251,0.641857971190433,0.640845433747002,0.639897123891933,0.639007586864665,0.638172140554349,0.637386738819721,0.636647863931061,0.635952440996926,0.635297769199949,0.634681466034713,0.634101421710812,0.633555761581695,0.633042814968057,0.632561089119356,0.632109247336492,0.631686090489433,0.631290541323871,0.630921631074153,0.630578487995156,0.630260327500231,0.629966443650991,0.629696201791137,0.629449032153588,0.629224424299938,0.629021922275295,0.628841120381122,0.628681659484648,0.628543223796577,0.628425538059685,0.628328365099904,0.628251503699062,0.628194786754814,0.628158079698634,0.62814127914738,0.628144311767816,0.628167133336946,0.628209727983941,0.628272107602088,0.628354311421546,0.628456405735813,0.628578483776749,0.62872066573488,0.628883098923395,0.629065958085987,0.629269445850367,0.62949379333098,0.629739260886212,0.630006139037269,0.630294749557859,0.630605446746023,0.630938618891821,0.631294689957309,0.631674121488247,0.632077414780468,0.632505113327828,0.632957805583311,0.633436128070271,0.633940768887192,0.634472471656891,0.635032039980081,0.635620342463982,0.636238318409606,0.636886984257072,0.637567440907363,0.638280882062405,0.639028603754188,0.63981201526949,0.640632651721565,0.641492188576512,0.64239245851361,0.643335471090398,0.644323435801434,0.645358789273596,0.646444227543438,0.647582744631911,0.648777678995112,0.650032769925739,0.651352226666359,0.652740813960613,0.65420395914821,0.655747887919411,0.657379798833782,0.659108091256691
autumn_internationals_2022,autumn_internationals,2022,mixed,penalty_goals,primary,0.406763809576478,0.51215852212248,0.511453976401261,0.510776916563469,0.51012628983439,0.509501164355508,0.508900690501776,0.50832409171119,0.507770656647404,0.507239732467193,0.506730719009658,0.506243063759104,0.505776257461099,0.505329830293008,0.504903348507642,0.504496411482644,0.504108649119468,0.503739719544984,0.503389307076202,0.503057120414795,0.502742891043165,0.502446371798032,0.502167335601058,0.501905574328979,0.501660897808208,0.501433132921009,0.501222122812116,0.501027726186235,0.500849816688176,0.500688282358519,0.5005430251587,0.500413960560288,0.500301017193973,0.500204136554472,0.500123272758169,0.500058392350838,0.500009474163304,0.499976509213354,0.499959500652623,0.499958463757594,0.499973425964216,0.500004426946036,0.500051518736076,0.500114765893074,0.500194245713056,0.5002900484876,0.500402277810523,0.500531050935163,0.500676499184837,0.50083876841957,0.501018019562668,0.5012144291913,0.501428190195887,0.501659512513766,0.501908623943411,0.502175771046361,0.502461220144994,0.502765258425435,0.503088195156166,0.503430363034398,0.503792119673954,0.504173849250389,0.504575964321345,0.50499890784279,0.505443155404863,0.505909217714674,0.506397643357649,0.506909021874006,0.507443987192891,0.508003221473735,0.508587459412794,0.509197493082913,0.509834177386697,0.510498436217906,0.511191269443745,0.511913760842498,0.512667087157684,0.513452528462995,0.514271480073307,0.515125466288441,0.516016156321035,0.516945382841884,0.51791516368096,0.518927727357375,0.519985543287058,0.521091357747243,0.522248236981935,0.523459619241324,0.524729378101966,0.526061900174871,0.527462181366545,0.528935947352523,0.530489806069277,0.532131443169313,0.53386987606841,0.535715789362108,0.537681985574491,0.53978400320987,0.542040984016966,0.544476923027668,0.547122527957476,0.550018090766487
autumn_internationals_2022,autumn_internationals,2022,mixed,missed_penalty_goals,primary,0.129293760139774,0.849564979404525,0.712454015885419,0.701616572427581,0.695394096383616,0.691066081803684,0.687780025176028,0.68515625994926,0.682992313559295,0.681167375275174,0.679603562707313,0.678247737956821,0.677062036907139,0.676018536923224,0.675096066308436,0.674278199562725,0.6735519459972,0.672906862481474,0.672334435682504,0.671827641183092,0.671380621996812,0.670988449676206,0.670646943802646,0.670352533542979,0.670102150041997,0.669893141770075,0.669723207200019,0.669590340733534,0.669492788876684,0.669429014428416,0.669397666996091,0.669397558552523,0.669427643044489,0.669486999283019,0.669574816511842,0.669690382176786,0.669833071516028,0.67000233866628,0.670197709038753,0.670418772764974,0.670665179049139,0.670936631292941,0.67123288288231,0.671553733544442,0.671899026199012,0.672268644240023,0.672662509195227,0.673080578718603,0.673522844878616,0.673989332710968,0.674480099009678,0.674995231334624,0.675534847217423,0.676099093550759,0.676688146149052,0.67730220947091,0.677941516496017,0.678606328751204,0.679296936482313,0.680013658970342,0.680756844992045,0.681526873426947,0.682324154014469,0.683149128266672,0.684002270544048,0.684884089303826,0.685795128532514,0.686735969376893,0.687707231990435,0.688709577615355,0.689743710924086,0.690810382648249,0.691910392528092,0.693044592621191,0.694213891016075,0.695419256004651,0.69666172077711,0.697942388714869,0.699262439371491,0.700623135249094,0.70202582949933,0.703471974704709,0.704963132929223,0.706500987268809,0.708087355184649,0.709724203969022,0.711413668778848,0.713158073782554,0.714959957109863,0.716822100483707,0.718747564665572,0.720739732184654,0.722802359282459,0.724939639640228,0.727156283344902,0.729457615809323,0.731849703179436,0.734339513428955,0.73693512633753,0.739646011666047,0.742483404442672,0.745460821760107
autumn_internationals_2022,autumn_internationals,2022,mixed,drop_goals_converted,primary,0.0536991777109025,0.564198497046072,0.565162108633742,0.566135961362502,0.567119904558894,0.568114130254639,0.569118836033569,0.570134225248463,0.571160507248602,0.572197897618694,0.573246618429867,0.574306898503458,0.575378973688406,0.576463087153092,0.577559489692546,0.578668440052014,0.579790205267925,0.580925061027423,0.58207329204768,0.583235192476317,0.584411066314368,0.58560122786334,0.58680600219803,0.588025725666916,0.589260746422087,0.590511424980836,0.591778134821222,0.593061263014117,0.594361210894467,0.595678394774724,0.597013246703717,0.598366215274471,0.59973776648484,0.601128384655198,0.602538573407792,0.603968856712837,0.605419780006924,0.606891911389873,0.608385842906745,0.609902191922479,0.611441602597324,0.613004747472165,0.614592329173766,0.616205082251082,0.617843775155011,0.619509212375364,0.621202236750397,0.622923731966059,0.624674625264139,0.626455890380817,0.628268550739781,0.630113682927108,0.63199242047859,0.633905958014192,0.635855555758968,0.637842544495087,0.639868330995871,0.641934403999912,0.644042340791836,0.646193814466111,0.648390601961931,0.650634592970894,0.652927799835416,0.655272368575097,0.657670591201241,0.660124919507351,0.662637980556584,0.665212594127394,0.667851792427439,0.670558842445604,0.673337271385523,0.676190895714891,0.679123854478077,0.682140647661471,0.685246180580129,0.688445815482214,0.691745431860031,0.695151497334708,0.69867115147554,0.702312305566747,0.706083762203571,0.709995359772544,0.714058148473774,0.718284606764332,0.722688910226488,0.72728726933312,0.732098359089686,0.737143873199244,0.742449250080218,0.748044640927534,0.753966226602757,0.760258050588095,0.766974638734208,0.774184861195233,0.781977837688886,0.790472372514384,0.799832860600533,0.810297967120194,0.822237030241626,0.836274783545469,0.853617955826306,0.877178791359001
autumn_internationals_2022,autumn_internationals,2022,mixed,drop_goal_missed,primary,0.0116563957389349,0.847218196171532,0.845123883208353,0.843045459519323,0.840981927703876,0.838933564275321,0.836900653520669,0.834883487794788,0.832882367828599,0.830897603052133,0.82892951193331,0.826978422333383,0.825044671880017,0.823128608359086,0.821230590126306,0.819350986539942,0.817490178415883,0.815648558506486,0.81382653200471,0.812024517075137,0.810242945413645,0.808482262837579,0.80674292990847,0.805025422589452,0.80333023293973,0.801657869848652,0.800008859812094,0.798383747754149,0.796783097897315,0.795207494684656,0.793657543757712,0.792133872994257,0.790637133610338,0.789168001331453,0.78772717763812,0.786315391091602,0.784933398746033,0.783581987653814,0.782261976471763,0.780974217176209,0.779719596896043,0.778499039873577,0.777313509564063,0.776164010885811,0.775051592634051,0.773977350073058,0.772942427722558,0.771948022356184,0.770995386231613,0.770085830574229,0.769220729338556,0.768401523274481,0.767629724328384,0.766906920412833,0.766234780582522,0.765615060658676,0.765049609349395,0.764540374919338,0.764089412469013,0.763698891891776,0.763371106585683,0.763108483007814,0.76291359117074,0.762789156194881,0.762738071046835,0.762763410612835,0.762868447278893,0.763056668215392,0.763331794594947,0.763697803008926,0.764158949391595,0.764719795812662,0.765385240561097,0.766160552017622,0.767051406903275,0.76806393360051,0.769204761376129,0.770481076498005,0.77190068643762,0.773472093598145,0.775204580315955,0.777108307269559,0.779194427916558,0.781475222197026,0.783964253531753,0.78667655416207,0.789628845201489,0.792839799505074,0.796330357760561,0.800124111279571,0.80424776912564,0.808731732908355,0.813610810467251,0.81892511077214,0.824721178224529,0.831053447578605,0.837986134783204,0.845595730523438,0.853974342783526,0.86323426084235,0.873514318828781,0.884988983758852
autumn_internationals_2022,autumn_internationals,2022,mixed,defenders_beaten,primary,1.52384993307564,1.09824308655287,0.964117638162832,0.956009744629928,0.950773198671708,0.946770497593107,0.943479815740484,0.940664098437806,0.938194163298562,0.935991163064663,0.934003069614688,0.932193533310103,0.930536023114484,0.929010492871996,0.927601365101372,0.926296250218347,0.925085099427239,0.923959625199275,0.922912893273861,0.921939028238705,0.921032996460159,0.920190442996867,0.919407567009624,0.918681025153455,0.918007855660006,0.917385417955381,0.916811344105963,0.916283499383927,0.915799949945689,0.915358936117027,0.914958850140698,0.91459821750788,0.914275681191765,0.913989988249533,0.913739978371019,0.913524574038259,0.913342772026459,0.913193636028571,0.913076290226313,0.912989913662543,0.912933735295523,0.912907029636124,0.912909112885581,0.912939339504891,0.912997099157878,0.913081813979007,0.913192936124429,0.913329945570925,0.913492348132523,0.913679673668867,0.913891474463022,0.914127323749407,0.914386814375169,0.914669557580437,0.914975181884794,0.915303332068885,0.915653668241438,0.916025864983162,0.916419610559989,0.91683460619901,0.917270565421223,0.91772721342587,0.918204286521711,0.918701531601108,0.919218705653233,0.91975557531309,0.920311916443398,0.920887513746706,0.921482160405341,0.92209565774706,0.922727814934496,0.923378448676643,0.924047382960848,0.924734448803874,0.925439484020798,0.926162333010568,0.926902846557218,0.927660881645788,0.928436301292135,0.929228974385871,0.930038775545764,0.930865584987002,0.931709288399789,0.932569776838806,0.93344694662312,0.934340699246197,0.935250941295701,0.93617758438285,0.937120545081099,0.938079744874014,0.939055110112215,0.940046571979335,0.941054066466966,0.942077534358634,0.943116921222861,0.94417217741547,0.945243258091277,0.946330123225426,0.947432737644645,0.948551071068775,0.949685098162988,0.950834798601177
autumn_internationals_2022,autumn_internationals,2022,mixed,clean_breaks,primary,0.579106357158781,1.05177557973141,1.00954973153523,1.00674328096413,1.00497753180935,1.00364465352183,1.00255391861594,1.00162020590635,1.00079798886454,1.00006000239898,0.999388591418844,0.998771647947386,0.998200494020376,0.997668688917201,0.997171314881378,0.996704527848925,0.996265263197873,0.995851036376991,0.995459803859893,0.995089863724413,0.994739783003962,0.994408343577869,0.994094501181483,0.993797353882017,0.993516117502899,0.993250106228838,0.992998717128417,0.992761417677272,0.992537735606659,0.992327250573649,0.992129587272538,0.991944409697021,0.991771416329064,0.991610336079956,0.991460924846436,0.991322962573257,0.991196250735462,0.991080610170638,0.990975879204684,0.990881912025083,0.990798577263986,0.990725756760029,0.990663344473129,0.990611245530815,0.990569375388172,0.990537659086298,0.990516030596586,0.99050443224003,0.990502814172417,0.990511133927583,0.990529356012055,0.990557451545349,0.990595397940983,0.990643178623965,0.990700782781076,0.990768205140781,0.990845445780014,0.99093250995546,0.991029407957267,0.991136154983408,0.991252771033147,0.991379280818278,0.991515713691011,0.991662103587505,0.991818488986256,0.991984912880633,0.992161422765004,0.992348070634006,0.992544912994604,0.992752010890706,0.992969429940155,0.993197240384061,0.993435517148464,0.993684339918455,0.993943793224925,0.994213966544228,0.9944949544111,0.994786856545302,0.995089777992499,0.995403829280035,0.995729126588334,0.996065791938762,0.996413953398949,0.99677374530664,0.99714530851334,0.997528790649124,0.997924346410212,0.998332137871044,0.998752334822847,0.999185115140904,0.999630665183008,1.00008918022189,1.00056086491477,1.0010459338135,1.00154461191936,1.00205713528685,1.0025837516817,1.00312472129861,1.00368031754543,1.00425082790097,1.00483655485498,1.00543781693983
autumn_internationals_2022,autumn_internationals,2022,mixed,offload,primary,0.812508750125485,0.960074305392572,0.927791796646129,0.926219217245279,0.925396270399812,0.924889662638638,0.924563372124664,0.924356635868648,0.924236903075059,0.924184632059151,0.924187125590404,0.924235636376503,0.924323859145764,0.924447081345144,0.9246016747205,0.924784775651404,0.924994075871871,0.925227680730181,0.925484010374966,0.925761729126047,0.926059693878966,0.926376915683372,0.926712530639512,0.927065777513969,0.927435980285081,0.927822534361866,0.92822489557925,0.928642571318689,0.929075113275125,0.929522111513028,0.929983189541933,0.930458000205727,0.930946222227029,0.9314475572832,0.931961727516992,0.932488473405028,0.933027551922842,0.933578734957177,0.934141807925691,0.934716568571549,0.935302825906297,0.935900399279042,0.936509117553769,0.937128818379601,0.937759347541356,0.938400558379673,0.939052311271737,0.939714473164922,0.940386917156839,0.941069522116221,0.941762172339862,0.942464757241483,0.943177171068972,0.943899312646913,0.94463108514171,0.945372395846993,0.946123155987225,0.946883280537749,0.947652688059684,0.948431300548285,0.949219043293543,0.950015844751946,0.950821636428434,0.951636352767703,0.952459931054099,0.953292311319426,0.954133436258072,0.954983251148918,0.955841703783543,0.956708744400318,0.957584325623984,0.958468402410406,0.959360931996167,0.960261873852759,0.961171189645124,0.962088843194338,0.963014800444237,0.963949029431855,0.964891500261497,0.965842185082354,0.966801058069547,0.967768095408517,0.968743275282693,0.969726577864395,0.970717985308923,0.971717481751827,0.972725053309347,0.973740688082022,0.97476437616152,0.975796109640697,0.976835882626968,0.977883691259045,0.978939533727139,0.980003410296723,0.981075323335993,0.982155277347158,0.983243279001734,0.984339337180013,0.985443463014947,0.986555669940651,0.987675973745813,0.988804392632309
autumn_internationals_2022,autumn_internationals,2022,mixed,runs,primary,1.83821171558404,1.13845201341399,0.981669531973376,0.970499849426277,0.962508121321629,0.955934027006717,0.950210603049404,0.94507699989111,0.940389055968825,0.936057456140735,0.932022344245167,0.92824123569122,0.924682624844397,0.921322326922331,0.918141251888793,0.915123981149852,0.912257819814658,0.909532143799383,0.90693793686801,0.904467454095316,0.902113971886097,0.899871598734169,0.897735129539412,0.895699931768486,0.893761855299053,0.891917160152843,0.890162457930794,0.888494663877369,0.886910957286324,0.885408748522341,0.883985651341304,0.882639459492596,0.881368126810745,0.880169750172527,0.879042554824161,0.877984881682038,0.876995176287115,0.876071979153118,0.875213917296033,0.874419696769963,0.873688096064561,0.873017960243495,0.872408195723043,0.871857765605998,0.871365685499153,0.870931019753528,0.870552878075454,0.870230412464121,0.869962814437435,0.869749312513319,0.869589169917975,0.869481682496427,0.869426176803823,0.869422008358711,0.869468560041839,0.86956524062602,0.869711483424347,0.869906745045513,0.87015050424632,0.87044226087256,0.870781534880439,0.871167865431591,0.871600810055482,0.872079943873635,0.872604858880759,0.873175163278318,0.873790480856582,0.874450450421588,0.875154725263834,0.875902972665813,0.876694873445837,0.877530121535843,0.878408423591112,0.87932949863006,0.880293077702475,0.881298903584713,0.882346730500607,0.883436323866919,0.8845674600624,0.885739926219586,0.886953520038639,0.888208049622672,0.889503333334075,0.890839199671545,0.892215487167587,0.893632044306422,0.895088729462312,0.896585410858485,0.898121966546947,0.899698284409592,0.901314262181217,0.902969807495131,0.904664837952284,0.906399281214973,0.908173075126407,0.909986167857616,0.911838518083459,0.913730095189719,0.915660879513608,0.917630862620357,0.919640047618914,0.921688449520276
autumn_internationals_2022,autumn_internationals,2022,mixed,tackles,primary,2.10132425019899,1.01375657043538,0.996562877028757,0.993315102332283,0.990438160989145,0.987760510337146,0.985226044976312,0.982808171606877,0.980491553577958,0.978266180718758,0.976124943637937,0.974062479981585,0.972074562764858,0.970157748088838,0.968309158462723,0.966526342192322,0.964807177970992,0.963149807661698,0.961552587399335,0.960014051028792,0.958532882110107,0.957107892037213,0.955738002625416,0.95442223203566,0.953159683238147,0.951949534441586,0.950791031067377,0.949683478954839,0.948626238559637,0.947618719962505,0.946660378545864,0.945750711226049,0.944889253151654,0.944075574796016,0.943309279385267,0.942590000614048,0.941917400609266,0.941291168108947,0.940711016828622,0.940176683991972,0.939687929006048,0.93924453226428,0.93884629406289,0.938493033618364,0.938184588175288,0.937920812195303,0.937701576619108,0.937526768194481,0.937396288864156,0.937310055208131,0.93726799793566,0.937270061422696,0.937316203291092,0.937406394026243,0.93754061663026,0.937718866308069,0.937941150184139,0.938207487047781,0.938517907125197,0.938872451876652,0.939271173817352,0.939714136360721,0.940201413682989,0.940733090608069,0.941309262511874,0.941930035245318,0.942595525075341,0.943305858643416,0.944061172941075,0.944861615302063,0.945707343410846,0.946598525327234,0.947535339526991,0.948517974958344,0.949546631114403,0.950621518121559,0.951742856843992,0.952910879004507,0.954125827321975,0.955387955665735,0.95669752922739,0.958054824710499,0.959460130538766,0.960913747083396,0.962415986910395,0.96396717504868,0.96556764927998,0.967217760451609,0.968917872813332,0.970668364379672,0.972469627319152,0.974322068372128,0.976226109299057,0.978182187361224,0.98019075583618,0.982252284570389,0.984367260571838,0.986536188645685,0.988759592076325,0.991038013359685,0.993372014989921,0.995762180305239
autumn_internationals_2022,autumn_internationals,2022,mixed,missed_tackles,primary,1.2489570465514,1.04204662100427,0.999120061590959,0.996429538560134,0.994706835033024,0.99338818739735,0.992296641834473,0.991353187460617,0.990515539087126,0.989758352612139,0.989065201066569,0.988424806038583,0.987829073676904,0.987271987998934,0.986748948026233,0.986256350755399,0.985791317952518,0.98535151098622,0.984935001646029,0.984540179742004,0.984165685559949,0.983810359532299,0.983473204095153,0.983153354339608,0.98285005512034,0.982562642979878,0.982290531715341,0.982033200735792,0.981790185582815,0.981561070146078,0.981345480220246,0.981143078133127,0.980953558236608,0.980776643098018,0.980612080264282,0.980459639497721,0.980319110402715,0.980190300378238,0.980073032843639,0.979967145694755,0.979872489955164,0.979788928593578,0.97971633548329,0.979654594483643,0.979603598626712,0.979563249395087,0.9795334560788,0.9795141352013,0.979505210005817,0.979506609994779,0.979518270515919,0.979540132389657,0.979572141573046,0.979614248856189,0.979666409587632,0.979728583425594,0.979800734112395,0.979882829269686,0.979974840212428,0.980076741779798,0.98018851218141,0.980310132857446,0.980441588351426,0.980582866194518,0.9807339568004,0.98089485336978,0.981065551803825,0.981246050625767,0.981436350910091,0.981636456218743,0.981846372543861,0.982066108256598,0.982295674061631,0.982535082957017,0.982784350199081,0.983043493272049,0.983312531862204,0.983591487836322,0.983880385224211,0.984179250205192,0.984488111098359,0.984806998356523,0.9851359445637,0.985474984436096,0.985824154826482,0.986183494731945,0.986553045304938,0.986932849867642,0.987322953929612,0.987723405208718,0.98813425365541,0.988555551480328,0.988987353185329,0.989429715597968,0.989882697909537,0.990346361716742,0.990820771067133,0.99130599250842,0.991802095141802,0.992309150679506,0.992827233506674,0.99335642074785
autumn_internationals_2022,autumn_internationals,2022,mixed,rucks_won,primary,2.38575628797023,0.808535845120721,0.740978483917634,0.734588764881553,0.729619321034241,0.725303996281151,0.721393378072139,0.717771715886948,0.714374547330811,0.711161641888491,0.708105838371922,0.70518770876975,0.702392726873526,0.69970964369535,0.697129496642397,0.694644974832875,0.692249995807685,0.689939413527154,0.687708811062644,0.685554349729657,0.683472656903851,0.681460741005934,0.679515925984481,0.677635800062042,0.675818175095395,0.674061053956986,0.672362604063094,0.670721135672376,0.669135083929731,0.667602993882078,0.666123507875546,0.664695354878197,0.663317341372804,0.661988343539826,0.660707300508337,0.659473208496978,0.658285115701377,0.657142117811389,0.656043354062723,0.654988003744412,0.653975283097062,0.65300444254769,0.652074764235806,0.651185559792544,0.650336168340567,0.649525954687345,0.648754307688392,0.648020638760452,0.647324380527384,0.646664985583894,0.646041925364221,0.645454689104583,0.644902782889621,0.644385728774301,0.643903063973778,0.643454340114637,0.643039122541684,0.642656989675159,0.642307532413793,0.64199035357968,0.641705067401322,0.641451299031663,0.641228684098197,0.641036868282592,0.640875506927502,0.640744264668491,0.640642815089186,0.640570840397986,0.640528031124775,0.640514085836297,0.640528710868921,0.640571620077682,0.640642534600579,0.640741182637217,0.640867299240947,0.641020626123764,0.641200911473292,0.641407909781225,0.641641381682706,0.641901093806139,0.642186818632999,0.642498334367279,0.642835424814213,0.643197879268015,0.643585492408369,0.643998064205489,0.644435399833585,0.64489730959261,0.645383608838238,0.645894117920018,0.646428662127729,0.64698707164598,0.647569181517176,0.648174831612967,0.648803866614404,0.649456136001048,0.650131494049333,0.650829799840565,0.651550917278993,0.652294715120474,0.653061067012316,0.653849851545007
autumn_internationals_2022,autumn_internationals,2022,mixed,rucks_lost,primary,0.598431220714082,1.08322258701017,1.04079176317651,1.03539936537861,1.03124987387949,1.02770748296832,1.02455478291082,1.02168560624429,1.01903798289647,1.01657162086082,1.01425836206579,1.0120774852805,1.01001313903049,1.00805282534962,1.00618644900646,1.00440569232282,1.00270358790117,1.00107421710631,0.999512491463758,0.998013990469095,0.996574838820478,0.995191611851959,0.99386126155626,0.992581057913774,0.991348541784761,0.990161486663972,0.989017867316753,0.987915833821963,0.986853689909061,0.985829874739502,0.984842947475956,0.983891574126957,0.982974516263254,0.982090621284856,0.981238813981518,0.980418089178839,0.979627505300924,0.978866178711144,0.978133278716896,0.977428023143739,0.97674967440006,0.97609753596615,0.975470949252039,0.974869290776963,0.97429196963043,0.973738425180701,0.973208125001397,0.972700562991017,0.972215257663633,0.971751750591883,0.971309604985894,0.970888404393837,0.970487751511624,0.970107267090782,0.969746588934876,0.969405370975971,0.969083282423647,0.968780006979897,0.968495242114019,0.968228698392259,0.967980098857513,0.967749178454938,0.967535683499729,0.967339371183742,0.967160009117955,0.96699737490812,0.96685125576118,0.966721448120311,0.96660775732666,0.96650999730604,0.966427990279048,0.966361566493214,0.966310563975952,0.966274828307229,0.966254212410989,0.966248576364477,0.96625778722476,0.966281718871802,0.966320251867592,0.966373273330892,0.966440676827301,0.966522362274402,0.966618235861854,0.96672820998643,0.966852203202035,0.966990140184915,0.967141951714316,0.967307574669024,0.967486952040292,0.967680032961859,0.967886772757845,0.968107133009557,0.968341081642358,0.968588593034008,0.968849648146117,0.969124234680616,0.969412347263488,0.969713987658343,0.970029165012856,0.9703578961416,0.97070020584933,0.971056127299509
autumn_internationals_2022,autumn_internationals,2022,mixed,passes,primary,3.30496489699192,0.96401963492423,0.932061356227568,0.925734844732289,0.920243107415451,0.915211612186672,0.910505038452514,0.906054267896919,0.901817350531666,0.897766016146148,0.893879825406212,0.890143237975611,0.886543985440701,0.883072097213168,0.879719281959239,0.8764785158011,0.873343757344453,0.870309743986385,0.867371842271678,0.864525935338462,0.861768336516703,0.859095721810317,0.856505076301619,0.853993651011872,0.851558927745273,0.849198590119307,0.846910499453303,0.844692674518518,0.842543274391454,0.840460583826146,0.838443000690014,0.836489025104536,0.834597250005354,0.83276635289274,0.830995088586962,0.829282282837296,0.827626826660353,0.826027671304898,0.824483823757535,0.822994342717575,0.821558334980693,0.820174952180288,0.818843387843066,0.817562874721692,0.816332682372652,0.815152114951833,0.81402050920406,0.812937232625968,0.811901681784217,0.810913280773351,0.809971479799525,0.809075753877986,0.808225601633636,0.807420544195244,0.806660124174935,0.805943904725548,0.805271468669252,0.80464241769153,0.804056371595281,0.80351296761033,0.803011859754148,0.802552718239993,0.802135228929097,0.801759092823855,0.801424025599277,0.80112975717026,0.800876031292469,0.800662605194855,0.800489249242031,0.800355746624934,0.800261893078343,0.80020749662402,0.80019237733834,0.80021636714346,0.800279309621157,0.800381059848633,0.800521484255643,0.800700460502466,0.800917877378306,0.801173634719819,0.801467643349568,0.801799825034313,0.802170112463117,0.802578449245376,0.803024789928966,0.803509100038815,0.804031356136303,0.80459154590003,0.805189668228596,0.805825733366167,0.806499763051758,0.807211790693294,0.807961861567698,0.808750033048414,0.809576374862003,0.810440969375648,0.811343911917677,0.812285311133482,0.813265289379541,0.814283983158603,0.815341543599526,0.816438136985717
autumn_internationals_2022,autumn_internationals,2022,mixed,bad_passes,primary,0.80435825231767,1.0347195043785,1.03161184061797,1.02867557002344,1.02589127209414,1.02324373441199,1.0207207061468,1.0183120979723,1.01600944590903,1.01380553902424,1.01169415306161,1.00966985493201,1.00772785601426,1.00586389994072,1.00407417529454,1.00235524665953,1.0007039994292,0.999117595093767,0.997593434619866,0.996129128161159,0.994722469779326,0.993371416172867,0.992074068643049,0.990828657698106,0.98963352982546,0.988487136059231,0.987388022045013,0.986334819361659,0.985326237904892,0.984361059173061,0.983438130323559,0.982556358890888,0.981714708075524,0.980912192527434,0.980147874560049,0.979420860740364,0.978730298808928,0.978075374890214,0.977455310959478,0.976869362536898,0.976316816583734,0.975796989578602,0.975309225754773,0.974852895481816,0.97442739377698,0.974032138933471,0.973666571254294,0.973330151881663,0.973022361713114,0.972742700396433,0.972490685396399,0.972265851127085,0.972067748144109,0.971895942391839,0.971750014501038,0.971629559132904,0.971534184365867,0.97146351112183,0.971417172628915,0.971394813917981,0.971396091350507,0.971420672175621,0.971468234114246,0.971538464968573,0.971631062255161,0.971745732860185,0.971882192715441,0.972040166493856,0.972219387323371,0.972419596518159,0.972640543326224,0.972881984692558,0.973143685037043,0.973425416046432,0.973726956479769,0.974048091986685,0.974388614938074,0.974748324268705,0.975127025331396,0.975524529762409,0.975940655357803,0.976375225960507,0.976828071357969,0.977299027190222,0.977787934868347,0.97829464150328,0.978818999845028,0.979360868232394,0.97992011055336,0.980496596216363,0.981090200132752,0.981700802710806,0.982328289861738,0.982972553018253,0.983633489166273,0.984311000890586,0.985004996435269,0.985715389779911,0.986442100732766,0.987185055042178,0.9879441845278,0.988719427233357
autumn_internationals_2022,autumn_internationals,2022,mixed,turnovers_conceded,primary,0.933433846903642,1.02777643682285,1.02649697856938,1.02531445025288,1.02421293568348,1.02318075012939,1.02220897948335,1.02129061794879,1.02042002740385,1.01959258178991,1.01880442389462,1.01805229354212,1.01733340288208,1.01664534374606,1.01598601743833,1.0153535805963,1.01474640280055,1.01416303293295,1.01360217215394,1.01306265196042,1.01254341619435,1.01204350615921,1.01156204820767,1.01109824331311,1.01065135824817,1.01022071807552,1.00980569971845,1.00940572642608,1.00902026298472,1.00864881155523,1.00829090803854,1.00794611888926,1.00761403831119,1.00729428577993,1.00698650384688,1.00669035618627,1.00640552585295,1.00613171372362,1.00586863709838,1.00561602844258,1.00537363425225,1.00514121402842,1.00491853934765,1.00470539301809,1.00450156831143,1.00430686826256,1.00412110502978,1.00394409930918,1.00377567979769,1.0036156826999,1.00346395127438,1.00332033541562,1.00318469126823,1.00305688087044,1.00293677182415,1.00282423698913,1.00271915419932,1.00262140599921,1.00253087939862,1.00244746564434,1.00237106000719,1.00230156158325,1.00223887310824,1.00218290078373,1.0021335541146,1.0020907457566,1.00205439137339,1.0020244095024,1.00200072142863,1.00198325106612,1.00197192484633,1.00196667161293,1.00196742252281,1.0019741109525,1.00198667240996,1.00200504445122,1.00202916660164,1.0020589802813,1.00209442873458,1.00213545696334,1.00218201166368,1.00223404116599,1.00229149537807,1.00235432573118,1.00242248512889,1.00249592789836,1.00257460974423,1.00265848770468,1.0027475201097,1.00284166654145,1.00294088779646,1.00304514584976,1.0031544038207,1.00326862594043,1.00338777752093,1.00351182492557,1.00364073554101,1.00377447775055,1.00391302090862,1.00405633531665,1.00420439219998,1.00435716368595
autumn_internationals_2022,autumn_internationals,2022,mixed,penalties_conceded,primary,0.944593780144879,1.05584155609047,1.02842188398928,1.0264907407706,1.02521387891956,1.02421713747867,1.02338231193826,1.02265613056734,1.02200974548458,1.0214256247174,1.02089222608882,1.02040148925628,1.0199475243639,1.01952587014683,1.01913304748326,1.01876627702715,1.01842329313241,1.01810221692849,1.01780146716061,1.01751969594828,1.01725574146237,1.01700859237946,1.01677736071764,1.01656126075466,1.01635959243877,1.01617172817035,1.01599710214939,1.01583520170158,1.01568556014836,1.01554775089516,1.01542138249023,1.01530609446416,1.01520155380284,1.01510745193818,1.01502350216553,1.01494943741502,1.01488500831835,1.01482998152385,1.01478413822114,1.01474727284401,1.01471919192525,1.01469971308192,1.01468866411296,1.01468588219405,1.01469121315693,1.01470451084236,1.01472563651759,1.01475445835045,1.01479085093335,1.01483469485139,1.01488587628966,1.01494428667524,1.01500982235027,1.01508238427276,1.01516187774224,1.01524821214776,1.015341300736,1.01544106039751,1.01554741146941,1.01566027755294,1.01577958534455,1.01590526447927,1.0160372473853,1.01617546914884,1.01631986738825,1.0164703821369,1.01662695573373,1.01678953272122,1.01695805974993,1.0171324854892,1.01731276054356,1.01749883737437,1.0176906702263,1.0178882150584,1.01809142947922,1.01830027268599,1.01851470540726,1.01873468984907,1.01896018964413,1.01919116980407,1.01942759667432,1.01966943789175,1.01991666234451,1.02016924013433,1.02042714254086,1.02069034198805,1.02095881201243,1.02123252723316,1.02151146332377,1.02179559698554,1.02208490592237,1.02237936881701,1.02267896530882,1.02298367597263,1.02329348229901,1.02360836667558,1.02392831236954,1.0242533035112,1.02458332507857,1.02491836288294,1.02525840355543,1.02560343453433
autumn_internationals_2022,autumn_internationals,2022,mixed,yellow_cards,primary,0.160899603711559,0.941774197946091,0.93946983480159,0.93724698635281,0.935099309573692,0.9330213098852,0.931008187774737,0.929055720722339,0.927160170183104,0.925318207345826,0.923526853182994,0.921783429531791,0.920085518797639,0.918430930475151,0.916817673115651,0.915243930687649,0.913708042511548,0.912208486125921,0.910743862576224,0.90931288371907,0.907914361214377,0.906547196939468,0.905210374607881,0.90390295241427,0.902624056557632,0.901372875519976,0.900148654997684,0.898950693399235,0.897778337836435,0.896630980547422,0.895508055698886,0.894409036522665,0.893333432748272,0.892280788298332,0.891250679218471,0.890242711817088,0.889256520993755,0.888291768737808,0.887348142781178,0.886425355391569,0.885523142294001,0.884641261710273,0.88377949350739,0.882937638447184,0.882115517530557,0.881312971430715,0.880529860010743,0.87976606192166,0.879021474277949,0.878296012408222,0.877589609679484,0.876902217394062,0.876233804759041,0.87558435892867,0.87495388512097,0.874342406810487,0.873749965999927,0.873176623574282,0.872622459741941,0.872087574568366,0.871572088609014,0.871076143649513,0.870599903562594,0.870143555292983,0.869707309983443,0.869291404257516,0.868896101677202,0.868521694397106,0.868168505040421,0.867836888826741,0.867527235987312,0.867239974510056,0.866975573265036,0.86673454557108,0.866517453276941,0.866324911445855,0.866157593751997,0.866016238721963,0.865901656985789,0.865814739742301,0.865756468695642,0.865727927787863,0.865730317142202,0.865764969751313,0.86583337160609,0.865937186181122,0.866078284497838,0.866258782414783,0.866481087405711,0.866747957973605,0.867062580162028,0.867428667610093,0.867850594668506,0.868333576972337,0.86888392184702,0.869509384427052,0.870219689110292,0.871027319631782,0.871948765668328,0.873006588585333,0.874233058438265,0.875677070814521
autumn_internationals_2022,autumn_internationals,2022,mixed,red_cards,primary,0.0483748952771749,1.09558932563193,1.02282891303589,1.00757893192994,0.99845876699994,0.991851342471402,0.986623074398395,0.982269010435413,0.978519774975771,0.975214559839902,0.972249628279052,0.969554139543279,0.967077557493813,0.96478256119028,0.962640802924213,0.960630242762948,0.958733404902346,0.956936197897567,0.955227093177247,0.953596538714061,0.952036531427766,0.950540299390817,0.949102061646946,0.947716843951768,0.946380335503409,0.945088776185374,0.943838866841443,0.942627697158224,0.941452687165425,0.940311539380576,0.939202199355864,0.938122822917329,0.937071748779364,0.936047475510377,0.935048642046228,0.934074011116035,0.933122455073957,0.932192943730479,0.931284533854737,0.930396360080782,0.929527626999263,0.928677602254789,0.927845610500321,0.927031028085018,0.926233278372396,0.925451827602216,0.924686181223227,0.923935880635069,0.923200500287008,0.922479645088867,0.921772948096036,0.921080068435815,0.920400689446967,0.919734517008165,0.919081278034349,0.918440719122735,0.917812605332662,0.917196719085465,0.916592859172326,0.91600083985959,0.915420490082339,0.914851652718133,0.914294183933879,0.913747952599611,0.913212839763753,0.912688738185129,0.912175551917547,0.911673195943375,0.91118159585295,0.910700687567143,0.910230417100767,0.909770740364903,0.909321623006514,0.908883040284084,0.908454976978251,0.908037427336736,0.907630395053102,0.90723389327917,0.906847944671147,0.906472581469823,0.906107845615429,0.905753788898022,0.905410473144594,0.905077970444329,0.904756363413829,0.904445745504433,0.904146221354137,0.903857907187057,0.903580931263808,0.903315434386705,0.903061570464244,0.902819507139961,0.902589426491507,0.90237152580658,0.902166018443283,0.901973134783575,0.901793123289669,0.901626251674689,0.901472808200483,0.90133310311743,0.90120747026326,0.901096268840496
autumn_internationals_2022,autumn_internationals,2022,mixed,metres,primary,1.50660866461591,0.889351518841187,0.887692181733514,0.886362428078767,0.885284936962782,0.884407724947951,0.883694012650207,0.883116732947044,0.882655332513834,0.882293800737543,0.882019398327133,0.881821805781004,0.881692534732782,0.881624509899473,0.881611765197848,0.881649218320896,0.881732500502849,0.881857825908363,0.882021889994673,0.882221789407422,0.882454958118136,0.882719115976045,0.883012226864487,0.883332464370762,0.883678183393604,0.884047896486988,0.884440254014841,0.884854027396679,0.885288094878932,0.885741429384479,0.886213088083264,0.886702203396963,0.887207975205323,0.887729664064887,0.888266585284946,0.888818103732796,0.889383629262302,0.889962612677417,0.890554542156744,0.891158940076938,0.891775360182426,0.892403385056902,0.89304262385865,0.89369271028728,0.894353300754049,0.895024072731854,0.895704723264188,0.896394967615196,0.897094538045238,0.897803182698439,0.898520664590366,0.899246760685481,0.899981261055264,0.900723968109003,0.901474695890184,0.902233269432254,0.902999524168225,0.903773305389227,0.904554467747658,0.905342874801071,0.906138398593338,0.906940919270023,0.907750324725235,0.908566510277496,0.909389378372442,0.910218838310411,0.911054805997164,0.911897203716195,0.912745959921228,0.913601009047681,0.914462291342011,0.915329752707956,0.916203344568854,0.917083023745289,0.917968752347436,0.918860497681572,0.919758232170303,0.92066193328616,0.921571583498284,0.92248717023201,0.923408685841254,0.924336127593667,0.925269497668626,0.926208803168194,0.927154056141291,0.928105273621398,0.929062477678223,0.930025695483846,0.930994959393999,0.931970307045249,0.932951781468973,0.933939431223194,0.934933310543506,0.935933479514475,0.936940004263177,0.937952957176703,0.938972417145805,0.939998469837106,0.941031207996718,0.942070731788475,0.943117149170508,0.944170576314423
six_nations_2023,six_nations,2023,north,minutes,primary,9.66754427058104,0.996099511186158,0.995832850812078,0.995579316490128,0.995329969821472,0.995097976179424,0.994902012001571,0.994707438619355,0.994518067591767,0.9943336376259,0.994149207660034,0.993964777694168,0.993793623588241,0.993665017980973,0.993544064307395,0.99346527632742,0.993396750197149,0.993328224066878,0.993268965600485,0.993221012815181,0.993173060029877,0.993125107244573,0.993080175104186,0.993047999378021,0.993039021219169,0.993030043060317,0.993033883486187,0.993052369884782,0.993070856283378,0.993089342681973,0.993107829080569,0.993126315479164,0.993144801877759,0.993163288276354,0.993191445588584,0.993221273925956,0.993251102263328,0.9932809306007,0.993310758938073,0.993363905352336,0.993439755122941,0.993533874027745,0.993662218239498,0.993832550126769,0.99400288201404,0.994178994458913,0.994359618261629,0.994542126423828,0.994827077401337,0.995112028378846,0.995406763487008,0.995718901070309,0.996031038653609,0.99634317623691,0.99665531382021,0.99696745140351,0.997279588986811,0.997591726570111,0.997905497943509,0.998223206861238,0.998555614100221,0.998898980858569,0.999265323339989,0.999635299826329,1.00000527631267,1.00037525279901,1.00074522928535,1.00111520577169,1.00150832471142,1.00191483817385,1.00232135163628,1.00272891043737,1.00314014481857,1.00355558869635,1.0040137410108,1.00448463070069,1.00496701412474,1.00546258494461,1.0059682207894,1.00647385663419,1.00703909700336,1.00761828557449,1.00819747414563,1.00877666271676,1.0093558512879,1.00993503985903,1.01051422843017,1.01113336662123,1.01177617736373,1.01241898810623,1.01306427560338,1.0137239581552,1.01438364070703,1.01504332325886,1.01572986823457,1.01646078988393,1.01719171153328,1.01792645421137,1.01869249095698,1.01947259642203,1.02025270188708,1.02103592474822
six_nations_2023,six_nations,2023,north,tries,primary,0.499796183998862,0.964231019864758,0.963966707720901,0.963715394858403,0.963476884401494,0.963250989213852,0.963037531296538,0.962836341238977,0.962647257717344,0.962470127035366,0.962304802703234,0.962151145050769,0.962009020871515,0.961878303094764,0.961758870482896,0.961650607351695,0.961553403311567,0.961467153027809,0.961391755998283,0.961327116347002,0.961273142632319,0.961229747668518,0.961196848359738,0.961174365545264,0.961162223855319,0.961160351576554,0.961168680526543,0.961187145936621,0.961215686342477,0.961254243481985,0.961302762199764,0.961361190358043,0.961429478753423,0.961507581039153,0.961595453652615,0.961693055747675,0.961800349131652,0.961917298206615,0.962043869914806,0.962180033687951,0.962325761400265,0.962481027324986,0.962645808094249,0.962820082662174,0.96300383227101,0.963197040420228,0.963399692838428,0.963611777457981,0.963833284392287,0.964064205915587,0.964304536445234,0.964554272526369,0.964813412818931,0.965081958086953,0.965359911190105,0.965647277077421,0.965944062783205,0.966250277425069,0.966565932204082,0.966891040407032,0.967225617410765,0.967569680688614,0.967923249818914,0.968286346495604,0.968658994540928,0.969041219920266,0.969433050759085,0.969834517362075,0.970245652234467,0.9706664901056,0.971097067954761,0.971537425039355,0.971987602925463,0.972447645520845,0.972917599110459,0.973397512394571,0.973887436529539,0.974387425171356,0.974897534522065,0.975417823379128,0.975948353187889,0.976489188097239,0.977040395018625,0.977602043688549,0.978174206734712,0.978756959745966,0.979350381346276,0.979954553272862,0.980569560458762,0.981195491120014,0.98183243684773,0.982480492705319,0.98313975733113,0.983810333046856,0.984492325972003,0.985185846144798,0.985891007649937,0.986607928753567,0.987336732045994,0.988077544592582,0.9888304980934,0.989595729052201
six_nations_2023,six_nations,2023,north,try_assists,primary,0.400409353480266,0.968534873541409,0.967133878410709,0.965785635616424,0.964487235831605,0.963236065006995,0.962029763437403,0.960866191974006,0.959743403902844,0.958659621360416,0.957613215415216,0.956602689136058,0.955626663112731,0.95468386300463,0.953773108777675,0.952893305355494,0.952043434462301,0.951222547475356,0.950429759137227,0.949664242003755,0.948925221524495,0.948211971669193,0.947523811027627,0.946860099321404,0.946220234275587,0.945603648805749,0.945009808482425,0.944438209240335,0.943888375304216,0.943359857306946,0.942852230578804,0.942365093589504,0.941898066526933,0.941450789998535,0.94102292384301,0.940614146041451,0.940224151718348,0.939852652223981,0.939499374290688,0.939164059256341,0.938846462349096,0.938546352028125,0.93826350937561,0.937997727535771,0.93774881119715,0.937516576114756,0.937300848669025,0.937101465458874,0.936918272926364,0.936751127010788,0.936599892830171,0.936464444388409,0.936344664306419,0.936240443575866,0.936151681334162,0.936078284659567,0.936020168385361,0.935977254932147,0.935949474157474,0.93593676322204,0.93593906647185,0.935956335335773,0.935988528238024,0.936035610525179,0.936097554407398,0.936174338913598,0.9362659498604,0.936372379834721,0.936493628189952,0.936629701055753,0.936780611361515,0.936946378873649,0.937127030246904,0.937322599089997,0.937533126045907,0.937758658887255,0.937999252627291,0.938254969647071,0.938525879839515,0.938812060771128,0.93911359786228,0.93943058458703,0.939763122693665,0.94011132244718,0.940475302895157,0.940855192158624,0.941251127749668,0.941663256917807,0.942091737027338,0.942536735968147,0.942998432602766,0.943477017252798,0.943972692228186,0.944485672403275,0.945016185844043,0.945564474491485,0.946130794906745,0.946715419084325,0.947318635340549,0.947940749285414,0.948582084887128,0.949242985639901
six_nations_2023,six_nations,2023,north,conversion_goals,primary,0.2816926215548,0.413939122593915,0.411391841638415,0.408898392614565,0.406457393639409,0.404067565551789,0.401727688030168,0.399436596139513,0.397193177148532,0.394996367591946,0.392845150555267,0.390738553162055,0.388675644245768,0.386655532190225,0.38467736292438,0.382740318058541,0.380843613150501,0.378986496091189,0.377168245600449,0.375388169824504,0.373645605027427,0.371939914369712,0.370270486767643,0.368636735827789,0.367038098851428,0.365474035904221,0.363944028946859,0.36244758102281,0.360984215499624,0.359553475360612,0.358154922543974,0.356788137326739,0.355452717751128,0.354148279091181,0.352874453357693,0.35163088883971,0.350417249681027,0.349233215490294,0.348078480983504,0.346952755657802,0.345855763495704,0.344787242698939,0.343746945451319,0.342734637710122,0.34175009902566,0.340793122388816,0.339863514106484,0.338961093704992,0.338085693861718,0.337237160365284,0.336415352104858,0.335620141089267,0.334851412496796,0.334109064756753,0.333393009664076,0.332703172528492,0.332039492359965,0.331401922092478,0.330790428848444,0.330204994246416,0.32964561475511,0.329112302097175,0.328605083706611,0.32812400324427,0.327669121176431,0.327240515422176,0.326838282075991,0.326462536212955,0.326113412784839,0.325791067616616,0.325495678514213,0.325227446495867,0.324986597161252,0.324773382214595,0.324588081160482,0.324431003193841,0.324302489308997,0.324202914656599,0.32413269118194,0.324092270583735,0.324082147639053,0.32410286394811,0.324155012162149,0.324239240769266,0.324356259527096,0.324506845648469,0.324691850867204,0.324912209537252,0.325168947950664,0.325463195100153,0.325796195162679,0.326169322044501,0.326584096409791,0.327042205719643,0.327545527943977,0.328096159785871,0.328696450491273,0.32934904262761,0.33005692163277,0.330823476504693,0.33165257478562,0.332548656090078
six_nations_2023,six_nations,2023,north,missed_conversion_goals,primary,0.125368691421981,0.572792231041782,0.572959395194535,0.573138578318435,0.57332955171707,0.573532180970219,0.573746335639662,0.573971889149988,0.57420871867527,0.574456705031295,0.574715732573061,0.574985689097292,0.575266465749709,0.575557956936841,0.57586006024215,0.576172676346285,0.576495708951256,0.576829064708383,0.577172653149832,0.577526386623597,0.577890180231786,0.578263951772083,0.578647621682251,0.579041112987572,0.579444351251113,0.579857264526723,0.580279783314655,0.580711840519754,0.581153371412095,0.581604313590041,0.582064606945611,0.582534193632131,0.583013018034093,0.583501026739168,0.583998168512348,0.584504394272148,0.585019657068852,0.585543912064758,0.586077116516403,0.586619229758735,0.58717021319122,0.587730030265868,0.588298646477157,0.588876029353862,0.589462148452774,0.590056975354319,0.590660483660074,0.591272648992195,0.591893448994764,0.592522863337085,0.593160873718934,0.593807463877806,0.594462619598172,0.595126328722803,0.595798581166184,0.596479368930073,0.597168686121252,0.59786652897153,0.598572895860057,0.599287787338019,0.600011206155791,0.600743157292624,0.601483647988964,0.602232687781487,0.602990288540968,0.603756464513083,0.604531232362277,0.605314611218828,0.60610662272924,0.60690729111013,0.607716643205762,0.608534708549424,0.609361519428811,0.610197110955649,0.611041521139761,0.611894790967826,0.612756964487083,0.613628088894252,0.614508214629985,0.615397395479152,0.616295688677326,0.617203155023822,0.618119859001716,0.619045868905262,0.619981256975197,0.620926099542422,0.621880477180644,0.622844474868542,0.623818182162138,0.624801693378056,0.625795107788446,0.626798529828407,0.627812069316796,0.628835841691435,0.629869968259768,0.630914576466156,0.631969800177083,0.633035779985671,0.634112663537053,0.63520060587627,0.63629976982054,0.637410326357946
six_nations_2023,six_nations,2023,north,penalty_goals,primary,0.213851910137721,0.531650692942498,0.53059339262295,0.529544973912838,0.528505390054186,0.527474649209683,0.526452761565435,0.525439739297268,0.524435596539794,0.523440349358127,0.522454015722104,0.521476615482929,0.520508170352116,0.519548703882648,0.518598241452264,0.517656810248799,0.516724439257495,0.515801159250231,0.5148870027766,0.513982004156789,0.513086199476199,0.512199626581784,0.511322325080035,0.510454336336615,0.509595703477573,0.508746471392142,0.50790668673708,0.507076397942542,0.506255655219457,0.505444510568416,0.50464301779004,0.503851232496837,0.503069212126536,0.50229701595691,0.501534705122072,0.500782342630266,0.500039993383161,0.499307724196647,0.498585603823162,0.497873702975564,0.497172094352563,0.496480852665739,0.495800054668185,0.49512977918478,0.494470107144151,0.493821121612346,0.493182907828252,0.492555553240823,0.49193914754814,0.491333782738365,0.490739553132643,0.49015655543001,0.489584888754361,0.489024654703552,0.488475957400705,0.487938903547788,0.487413602481551,0.486900166231905,0.486398709582834,0.485909350135929,0.485432208376661,0.484967407743481,0.484515074699885,0.484075338809544,0.483648332814645,0.483234192717572,0.482833057866075,0.482445071042085,0.482070378554335,0.481709130334966,0.481361480040297,0.481027585155973,0.480707607106678,0.480401711370652,0.480110067599252,0.479832849741798,0.479570236175979,0.479322409844114,0.479089558395563,0.47887187433562,0.478669555181237,0.478482803623954,0.478311827700427,0.478156840970988,0.478018062706688,0.477895718085311,0.477790038396889,0.477701261259278,0.477629630844388,0.477575398115736,0.477538821078002,0.477520165039349,0.477519702887312,0.477537715379134,0.477574491447481,0.477630328522579,0.477705532871844,0.477800419958227,0.477915314818557,0.478050552463287,0.478206478299184,0.47838344857661
six_nations_2023,six_nations,2023,north,missed_penalty_goals,primary,0.0682819904070892,0.709901049328908,0.708857983941415,0.707844072221773,0.706858259151128,0.705899704222822,0.704967612225256,0.704061229924271,0.703179843052429,0.702322773571428,0.701489377178177,0.700679041028709,0.699891181657265,0.699125243070608,0.698380694999957,0.697657031295003,0.696953768446209,0.696270444223154,0.695606616418053,0.694961861684718,0.694335774464316,0.693727965990147,0.693138063364503,0.692565708701358,0.692010558329266,0.691472282049427,0.690950562444329,0.690445094232863,0.689955583668165,0.689481747974805,0.689023314822238,0.688580021831751,0.688151616114338,0.687737853837198,0.68733849981675,0.68695332713622,0.686582116786048,0.686224657325485,0.685880744563916,0.685550181260523,0.685232776841071,0.684928347130632,0.684636714101223,0.684357705633359,0.684091155290628,0.683836902106469,0.683594790382369,0.68336466949678,0.683146393724094,0.682939822063078,0.682744818074187,0.682561249725247,0.682388989245015,0.682227912984168,0.682077901283295,0.681938838347506,0.681810612127296,0.681693114205319,0.68158623968876,0.681489887107007,0.681403958314352,0.681328358397465,0.681262995587391,0.681207781175857,0.681162629435678,0.681127457545056,0.681102185515602,0.681086736123902,0.681081034846462,0.681085009797897,0.681098591672203,0.681121713687,0.681154311530604,0.681196323311831,0.681247689512411,0.681308352941915,0.681378258695101,0.681457354111599,0.681545588737829,0.681642914291107,0.681749284625839,0.681864655701753,0.681988985554098,0.68212223426576,0.682264363941231,0.682415338682396,0.682575124566076,0.682743689623298,0.682921003820246,0.683107039040859,0.683301769071054,0.683505169584527,0.683717218130122,0.683937894120741,0.684167178823773,0.684405055353026,0.684651508662152,0.684906525539545,0.685170094604719,0.685442206306135,0.685722852920505,0.686012028553544
six_nations_2023,six_nations,2023,north,drop_goals_converted,primary,0.0191413413896619,0.479157448635444,0.479930811465203,0.480717157833923,0.48151594243046,0.482327393818951,0.483151746922121,0.483989243259352,0.484840131195999,0.485704666204597,0.486583111138641,0.487475736519688,0.488382820838543,0.489304650871387,0.49024152201174,0.491193738619207,0.492161614386059,0.493145472722736,0.49414564716346,0.495162481793243,0.496196331697637,0.497247563436715,0.498316555544852,0.499403699058023,0.500509398070446,0.501634070322552,0.50277814782243,0.503942077503055,0.505126321917795,0.50633135997692,0.507557687728026,0.508805819183576,0.510076287198996,0.511369644405092,0.512686464198857,0.514027341797125,0.515392895357909,0.516783767174709,0.518200624949571,0.519644163151194,0.521115104465019,0.522614201342859,0.524142237660397,0.525700030491677,0.527288432010653,0.528908331530864,0.530560657695448,0.532246380831008,0.533966515480248,0.535722123129927,0.537514315152501,0.539344255981843,0.541213166545768,0.543122327980685,0.545073085656673,0.54706685354464,0.549105118961053,0.551189447730103,0.553321489808171,0.555502985421178,0.557735771771989,0.56002179038261,0.562363095144673,0.564761861161804,0.567220394479238,0.569741142809691,0.572326707380485,0.574979856045566,0.577703537828041,0.580500899084686,0.583375301514486,0.586330342269525,0.589369876469845,0.592498042475515,0.595719290331336,0.599038413874435,0.602460587085776,0.605991405377043,0.609636932639475,0.613403755047381,0.617299042814532,0.621330621357167,0.625507053637117,0.629837735861408,0.634333009225509,0.63900429104013,0.643864229421888,0.648926886819243,0.654207959074449,0.659725038612255,0.665497932871171,0.671549052503636,0.677903888532899,0.684591604107942,0.691645775557671,0.699105330359281,0.707015748351576,0.715430620150126,0.724413698333549,0.734041641076136,0.744407749177702,0.755627162040393
six_nations_2023,six_nations,2023,north,drop_goal_missed,primary,0.012680147951588,0.666155031132455,0.66503184368965,0.663931219085449,0.662852411639859,0.66179585397664,0.660761991716606,0.659751284003509,0.658764204056797,0.657801239752909,0.656862894236883,0.655949686566215,0.655062152389002,0.654200844658614,0.653366334387263,0.652559211441039,0.651780085379188,0.651029586340617,0.65030836598085,0.649617098462919,0.648956481505965,0.648327237495623,0.647730114660615,0.647165888320345,0.646635362208702,0.646139369879723,0.645678776201265,0.645254478943398,0.644867410468787,0.644518539533063,0.644208873203857,0.64393945890801,0.643711386617393,0.643525791184726,0.643383854841933,0.643286809874807,0.643235941489105,0.643232590884776,0.643278158556717,0.643374107842388,0.643521968738775,0.643723342013629,0.643979903638619,0.644293409575143,0.644665700947001,0.645098709638065,0.645594464357565,0.646155097220654,0.646782850897698,0.647480086392307,0.648249291515656,0.649093090133253,0.650014252270226,0.651015705172586,0.652100545435084,0.653272052321527,0.654533702421045,0.655889185804432,0.657342423868621,0.658897589085513,0.660559126904342,0.662331780095701,0.664220615871297,0.666231056168129,0.668368911550765,0.67064041926316,0.67305228605481,0.675611736518629,0.678326567814315,0.681205211816971,0.68425680593381,0.687491274081431,0.690919419624846,0.694553032463337,0.698405012928535,0.702489515765077,0.706822118231289,0.711420017337272,0.716302262499279,0.721490031526817,0.727006960003531,0.732879536958308,0.73913758351012,0.745814836284042,0.752949664383561,0.760585958375566,0.768774243317125,0.777573087192711,0.787050904148624,0.797288293250842,0.808381115732037,0.820444609526364,0.833618991200769,0.848077241146745,0.864036180070649,0.881772662016712,0.901648011437428,0.924146317764882,0.949937237801654,0.979984928028779,1.01575088362494,1.0596084773348
six_nations_2023,six_nations,2023,north,defenders_beaten,primary,1.52459701130701,0.937521927010532,0.93659044530667,0.93574020199931,0.934963866176658,0.934255650051344,0.933610868442976,0.9330256476413,0.932496726475595,0.932021316448587,0.931597000928338,0.931221660892077,0.930893419163459,0.930610597810285,0.93037168508895,0.93017530943465,0.930020218733307,0.929905263609399,0.929829383807142,0.929791596982905,0.929790989397956,0.929826708124132,0.929897954465479,0.930003978365766,0.930144073621939,0.930317573761483,0.930523848470665,0.930762300482969,0.931032362854446,0.931333496566324,0.931665188406018,0.93202694908627,0.932418311568998,0.932838829566016,0.933288076193268,0.933765642758905,0.934271137668557,0.934804185433632,0.935364425770547,0.935951512780525,0.936565114201022,0.937204910721068,0.937870595353845,0.938561872860655,0.939278459221229,0.940020081145911,0.940786475625817,0.941577389517547,0.94239257915941,0.943231810016491,0.944094856352187,0.944981500924117,0.945891534702525,0.94682475660953,0.947780973277731,0.948759998826866,0.949761654657332,0.950785769259545,0.951832178038204,0.952900723150628,0.953991253358456,0.955103623892056,0.956237696327083,0.957393338472713,0.958570424271109,0.959768833707789,0.960988452732588,0.962229173190976,0.963490892765564,0.964773514927666,0.966076948898837,0.967401109622388,0.968745917744894,0.970111299607797,0.971497187249251,0.972903518416406,0.974330236588404,0.975777291010421,0.977244636739149,0.978732234700198,0.98024005175798,0.981768060798713,0.983316240827295,0.984884577078897,0.986473061146253,0.988081691123739,0.98971047176952,0.991359414687165,0.993028538528369,0.994717869218605,0.996427440207786,0.998157292748315,0.999907476203197,1.00167804838728,1.00346907594515,1.00528063476956,1.00711281046519,1.00896569886269,1.0108394065893,1.0127340517029,1.01464976439756,1.01658668778993
six_nations_2023,six_nations,2023,north,clean_breaks,primary,0.589820125800137,0.936639840566097,0.936362862169993,0.936098638208768,0.935847072854268,0.935608075023018,0.935381558209993,0.935167440332757,0.934965643585291,0.934776094300887,0.934598722823526,0.934433463387211,0.934280254002766,0.934139036351665,0.934009755686464,0.933892360737472,0.933786803625296,0.933693039778952,0.933611027859242,0.933540729687113,0.933482110176761,0.933435137273235,0.933399781894334,0.933376017876592,0.933363821925175,0.933363173567517,0.933374055110543,0.933396451601335,0.933430350791109,0.933475743102388,0.933532621599254,0.933600981960587,0.933680822456188,0.933772143925721,0.933874949760382,0.933989245887237,0.934115040756165,0.93425234532936,0.934401173073338,0.934561539953411,0.934733464430601,0.934916967460956,0.935112072497248,0.935318805493053,0.93553719490917,0.935767271722406,0.93600906943671,0.93626262409666,0.936527974303322,0.936805161232492,0.93709422865534,0.937395222961491,0.937708193184559,0.938033191030191,0.938370270906645,0.938719489957966,0.939080908099804,0.939454588057936,0.939840595409567,0.940238998627467,0.940649869127042,0.94107328131641,0.941509312649592,0.941958043682898,0.942419558134642,0.942893942948289,0.943381288359161,0.94388168796485,0.944395238799471,0.944922041411921,0.94546219994831,0.946015822238743,0.946583019888648,0.947163908374856,0.947758607146649,0.948367239732029,0.948989933849435,0.949626821525206,0.950278039217055,0.950943727943892,0.951624033422302,0.952319106210046,0.953029101856974,0.953754181063746,0.954494509848805,0.955250259724077,0.956021607879905,0.95680873737975,0.957611837365252,0.958431103272291,0.959266737058698,0.960118947444382,0.960987950164622,0.961873968237412,0.962777232245754,0.963697980635892,0.964636460032581,0.965592925572535,0.966567641257325,0.967560880327107,0.96857292565665,0.969604070175299
six_nations_2023,six_nations,2023,north,offload,primary,0.874323620373278,0.978598473600165,0.977930916465985,0.977286908240591,0.976665933902391,0.976067501755684,0.975491141754439,0.974936403995809,0.974402857361568,0.973890088288987,0.973397699655456,0.972925309763398,0.972472551413966,0.972039071059582,0.971624528026712,0.97122859380143,0.970850951371245,0.970491294617515,0.970149327753445,0.969824764803271,0.969517329118771,0.969226752929632,0.968952776924657,0.968695149861078,0.968453628199554,0.96822797576269,0.968017963415138,0.967823368763517,0.967643975874592,0.967479575010298,0.967329962378298,0.967194939896943,0.967074314973556,0.966967900295088,0.966875513630269,0.966796977642457,0.966732119712447,0.966680771770587,0.966642770137572,0.966617955373365,0.966606172133723,0.966607269033851,0.966621098518751,0.966647516739852,0.966686383437555,0.966737561829345,0.966800918503143,0.966876323315613,0.966963649295134,0.967062772549195,0.967173572175961,0.967295930179799,0.967429731390554,0.967574863386382,0.967731216419959,0.967898683347898,0.968077159563229,0.968266542930775,0.968466733725306,0.968677634572334,0.968899150391425,0.969131188341932,0.969373657771023,0.96962647016392,0.969889539096256,0.970162780188452,0.970446111062045,0.970739451297888,0.971042722396144,0.971355847738016,0.97167875254915,0.972011363864638,0.972353610495588,0.972705422997196,0.973066733638269,0.973437476372171,0.973817586809127,0.97420700218987,0.974605661360578,0.975013504749073,0.975430474342256,0.975856513664741,0.976291567758673,0.976735583164692,0.977188507904038,0.977650291461766,0.97812088477106,0.978600240198625,0.979088311531157,0.979585053962864,0.980090424084039,0.980604379870681,0.981126880675151,0.981657887217863,0.982197361580013,0.982745267197351,0.983301568854978,0.98386623268321,0.984439226154475,0.985020518081297,0.985610078615332,0.986207879247519
six_nations_2023,six_nations,2023,north,runs,primary,2.17223240277125,1.08022848500025,1.07552186724205,1.07090986831661,1.06638855775148,1.06195449217909,1.05760462658666,1.05333624573476,1.04914691040649,1.04503441473874,1.04099675195529,1.03703208655451,1.03313873151585,1.02931512945184,1.02555983689385,1.02187151109018,1.01824889883596,1.01469082695962,1.01119619417025,1.00776396403089,1.00439315886933,1.00108285447481,0.997832175456936,0.994640291165941,0.991506412091274,0.988429786669625,0.985409698445208,0.982445463534377,0.979536428354309,0.976681967581708,0.973881482312675,0.971134398399113,0.968440164940622,0.965798252913789,0.963208153923263,0.960669379061142,0.958181457862922,0.955743937349829,0.953356381148596,0.951018368680876,0.948729494415414,0.946489367176937,0.944297609506394,0.942153857067819,0.940057758097602,0.938008972892423,0.936007173332505,0.934052042437198,0.932143273950218,0.930280571952128,0.928463650497916,0.926692233277703,0.924966053298832,0.923284852587747,0.921648381910223,0.920056400508626,0.918508675855041,0.917004983419167,0.91554510645,0.914128835770415,0.912755969583825,0.91142631329215,0.910139679324449,0.908895886975544,0.9076947622541,0.906536137739601,0.905419852447764,0.904345751703931,0.903313687024036,0.902323516002775,0.90137510220863,0.900468315085436,0.899603029860192,0.898779127456868,0.89799649441594,0.897255022819452,0.896554610221389,0.895895159583175,0.895276579214137,0.894698782716769,0.894161688936671,0.893665221917026,0.893209310857516,0.89279389007758,0.892418898983913,0.89208428204216,0.891789988752715,0.8915359736306,0.891322196189371,0.891148620929025,0.891015217327897,0.890921959838531,0.890868827887547,0.890855805879497,0.890882883204756,0.89095005425148,0.891057318421676,0.891204680151459,0.891392148935555,0.891619739356154,0.89188747111621,0.892195369077292
six_nations_2023,six_nations,2023,north,tackles,primary,2.46684673184543,0.993841302499279,0.991756788558095,0.989704090913672,0.987682777467608,0.985692437180674,0.9837326784504,0.981803127663402,0.979903427899116,0.97803323776525,0.976192230348299,0.974380092264924,0.972596522802107,0.970841233135681,0.96911394561829,0.967414393129043,0.965742318478162,0.964097473860776,0.962479620354761,0.960888527458172,0.95932397266232,0.957785741057059,0.956273624965211,0.954787423603421,0.953326942767056,0.95189199453698,0.950482397006314,0.949097974025468,0.947738554963905,0.946403974487268,0.945094072348632,0.943808693192755,0.942547686372329,0.941310905775313,0.940098209662512,0.938909460514664,0.937744524888336,0.936603273280015,0.935485579997816,0.934391323040297,0.933320383981894,0.932272647864548,0.931248003095113,0.930246341348194,0.929267557474059,0.92831154941132,0.927378218104098,0.92646746742341,0.925579204092514,0.924713337616016,0.923869780212496,0.923048446750487,0.922249254687607,0.921472124012688,0.920716977190743,0.919983739110626,0.919272337035247,0.918582700554232,0.917914761538895,0.917268454099418,0.916643714544146,0.9160404813409,0.915458695080208,0.914898298440394,0.914359236154434,0.913841454978511,0.913344903662202,0.912869532920248,0.912415295405828,0.911982145685302,0.911570040214367,0.911178937315579,0.910808797157197,0.910459581733321,0.910131254845273,0.909823782084192,0.909537130814822,0.909271270160451,0.90902617098898,0.908801805900112,0.908598149213613,0.908415176958657,0.908252866864212,0.908111198350474,0.907990152521322,0.907889712157795,0.907809861712571,0.907750587305459,0.907711876719881,0.907693719400355,0.90769610645098,0.907719030634911,0.907762486374851,0.907826469754544,0.907910978521289,0.90801601208949,0.908141571545243,0.908287659651989,0.908454280857233,0.908641441300377,0.908849148821656,0.909077412972241
six_nations_2023,six_nations,2023,north,missed_tackles,primary,1.31570844717851,0.915331331961074,0.914455217522109,0.91359871647841,0.912761317281775,0.911942548606995,0.911141974257022,0.910359188905289,0.909593814511681,0.908845497285092,0.908113905092921,0.907398725238652,0.906699662544653,0.906016437689631,0.905348785759871,0.904696454980895,0.904059205602257,0.903436808912903,0.902829046368425,0.902235708814608,0.90165659579422,0.901091514926038,0.900540281346809,0.900002717208241,0.899478651222292,0.898967918248961,0.898470358921646,0.897985819305763,0.897514150586933,0.897055208785518,0.896608854494685,0.896174952639574,0.895753372255394,0.895343986282575,0.894946671377313,0.894561307736016,0.894187778932387,0.89382597176594,0.893475776120963,0.893137084834975,0.892809793575887,0.892493800727101,0.892189007279909,0.891895316732587,0.891612634995659,0.891340870302827,0.89107993312716,0.890829736102118,0.890590193947068,0.89036122339696,0.890142743135867,0.889934673734115,0.889736937588762,0.889549458867187,0.889372163453599,0.889204978898255,0.88904783436924,0.888900660606612,0.888763389878802,0.888635955941103,0.888518293996141,0.888410340656204,0.88831203390732,0.888223313074994,0.888144118791496,0.888074392964632,0.888014078747912,0.88796312051203,0.88792146381761,0.887889055389132,0.887865843089998,0.887851775898663,0.8878468038858,0.887850878192431,0.887863951008996,0.887885975555306,0.887916906061347,0.887956697748896,0.888005306813916,0.888062690409694,0.888128806630698,0.888203614497118,0.888287073940076,0.888379145787456,0.888479791750368,0.888588974410186,0.888706657206166,0.888832804423616,0.888967381182594,0.889110353427131,0.889261687914951,0.88942135220768,0.889589314661533,0.889765544418454,0.889950011397714,0.890142686287943,0.890343540539591,0.890552546357815,0.890769676695766,0.89099490524829,0.89122820644602,0.891469555449857
six_nations_2023,six_nations,2023,north,rucks_won,primary,3.01622226653477,0.637524527317504,0.635364794775704,0.633261740983849,0.631213382170402,0.629217910840772,0.627273671656688,0.625379141558667,0.62353291324505,0.621733681332456,0.619980230677866,0.618271426457943,0.616606205688046,0.614983569929395,0.613402578983427,0.611862345411643,0.610362029749839,0.608900836309721,0.607478009480039,0.606092830454641,0.604744614327113,0.603432707501641,0.602156485377772,0.600915350273414,0.599708729555833,0.598536073954922,0.597396856036744,0.596290568818508,0.595216724508725,0.594174853358507,0.593164502611853,0.592185235544323,0.591236630580876,0.59031828048478,0.589429791610491,0.588570783214285,0.587740886817093,0.586939745614701,0.586167013930973,0.585422356710268,0.58470544904562,0.584015975739644,0.583353630895428,0.582718117534976,0.582109147243005,0.581526439834127,0.580969723041653,0.580438732226406,0.579933210104118,0.579452906490114,0.578997578060088,0.578566988125936,0.578160906425674,0.577779108926578,0.57742137764076,0.577087500452479,0.57677727095655,0.576490488307276,0.57622695707739,0.575986487126553,0.575768893478998,0.575573996209962,0.575401620340588,0.575251595741041,0.575123757041584,0.575017943551453,0.57493399918536,0.574871772397521,0.574831116123137,0.574811887727282,0.574813948961226,0.5748371659262,0.574881409044726,0.574946553039609,0.575032476920791,0.575139063980262,0.575266201795329,0.575413782240551,0.57558170150874,0.575769860141491,0.575978163069764,0.576206519665129,0.576454843802391,0.576723053934386,0.577011073179876,0.577318829425585,0.577646255443574,0.577993289025316,0.578359873134004,0.578745956076878,0.579151491699553,0.579576439604668,0.58002076539746,0.580484440961274,0.580967444766457,0.581469762216587,0.581991386036611,0.582532316708161,0.583092562958148,0.583672142307729,0.584271081689915,0.584889418145454
six_nations_2023,six_nations,2023,north,rucks_lost,primary,0.582374832087018,1.05250921192499,1.05018042937559,1.04792545337762,1.04574069160752,1.04362284591301,1.04156887920342,1.03957598704289,1.03764157314772,1.03576322814579,1.03393871107779,1.03216593321626,1.03044294385415,1.02876791777515,1.02713914416704,1.02555501677829,1.02401402515046,1.02251474678503,1.02105584012486,1.01963603824839,1.01825414318942,1.01690902080786,1.0155995961469,1.01432484922127,1.01308381118819,1.01187556085919,1.01069922151621,1.009553958,1.00843897404272,1.00735350982012,1.00629683970141,1.00526827017765,1.00426713795158,1.00329280817371,1.0023446728112,1.00142214913739,1.00052467833148,0.999651724178348,0.998802771860169,0.99797732683193,0.997174913773814,0.996395075614196,0.995637372617513,0.99490138153184,0.994186694791498,0.993492919770443,0.992819678082555,0.992166604925332,0.991533348463763,0.99091956925146,0.990324939686374,0.989749143498649,0.989191875268356,0.988652839971071,0.988131752549398,0.98762833750869,0.987142328535395,0.986673468136532,0.986221507298951,0.985786205167129,0.985367328738334,0.984964652574101,0.984577958527017,0.984207035481916,0.983851679110622,0.983511691639457,0.983186881628791,0.982877063763943,0.982582058656818,0.982301692657685,0.982035797676553,0.981784211013648,0.981546775198503,0.981323337837243,0.981113751467637,0.980917873421549,0.980735565694437,0.98056669482155,0.980411131760548,0.980268751780225,0.980139434355092,0.980023063065566,0.979919525503533,0.979828713183073,0.979750521456144,0.979684849433056,0.979631599907542,0.979590679286296,0.979561997522805,0.979545468055368,0.979541007749171,0.979548536842295,0.979567978895583,0.979599260746252,0.979642312465187,0.979697067317835,0.979763461728644,0.979841435248988,0.979930930528552,0.980031893290113,0.980144272307722,0.980268019388245
six_nations_2023,six_nations,2023,north,passes,primary,3.42614334337686,1.01974536844761,1.01434831447404,1.00904480220199,1.003832102136,0.998707685814828,0.993669203371826,0.988714464534801,0.983841422398093,0.979048159455542,0.974332875496665,0.969693877052753,0.96512956814305,0.960638442119794,0.95621907444836,0.951870116288188,0.94759028876337,0.943378377830343,0.939233229665062,0.935153746504168,0.93113888288457,0.927187642234058,0.923299073772318,0.919472269687374,0.915706362557211,0.912000522990355,0.908353957462508,0.904765906329274,0.901235641997417,0.897762467239233,0.89434571363642,0.890984740141382,0.887678931745296,0.884427698243423,0.881230473089192,0.878086712329483,0.874995893614329,0.871957515274966,0.86897109546475,0.866036171358035,0.86315229840257,0.860319049621413,0.857536014960734,0.85480280068024,0.852119028783233,0.849484336483623,0.846898375707432,0.844360812626581,0.841871327222928,0.839429612880719,0.837035376005797,0.834688335670035,0.832388223279625,0.830134782265975,0.827927767798081,0.825766946515353,0.823652096279978,0.821583005947993,0.819559475158341,0.817581314139243,0.815648343531338,0.813760394227072,0.811917307225943,0.810118933505221,0.808365133905895,0.80665577903362,0.804990749174518,0.803369934225789,0.801793233641092,0.80026055639081,0.79877182093731,0.797326955225453,0.79592589668864,0.794568592270813,0.793254998464887,0.791985081368224,0.790758816755849,0.789576190172244,0.788437197042697,0.78734184280532,0.786290143065041,0.785282123771042,0.784317821419373,0.783397283282669,0.782520567669221,0.78168774421396,0.780898894204297,0.780154110944175,0.779453500160228,0.778797180454509,0.778185283808963,0.777617956147614,0.777095357963462,0.776617665018194,0.77618506912425,0.77579777902047,0.775456021354567,0.775160041788226,0.774910106243662,0.774706502314346,0.774549540867325,0.774439557870634
six_nations_2023,six_nations,2023,north,bad_passes,primary,0.889961884515797,0.978070717513652,0.975640441164289,0.973305364043804,0.971058119965055,0.968892519772044,0.966803282503029,0.964785842882793,0.962836209928011,0.960950860789854,0.959126659510269,0.957360793787048,0.955650725013554,0.953994148275252,0.952388959931799,0.95083323105986,0.949325185482001,0.947863181425951,0.946445696088262,0.945071312544194,0.943738708569913,0.942446647036247,0.941193967603865,0.939979579503842,0.938802455229454,0.937661624997706,0.936556171864844,0.93548522740053,0.934447967841666,0.933443610660024,0.932471411488488,0.931530661359395,0.930620684215604,0.929740834660796,0.928890495920383,0.92806907798847,0.927276015939713,0.926510768387784,0.925772816074568,0.925061660576259,0.924376823114288,0.923717843460485,0.923084278927177,0.922475703434002,0.92189170664421,0.921331893163996,0.920795881799163,0.920283304864029,0.919793807538022,0.919327047265908,0.918882693197994,0.918460425667047,0.918059935698955,0.917680924554482,0.917323103299718,0.916986192403028,0.916669921356542,0.91637402832038,0.916098259787996,0.915842370271136,0.915606122003063,0.915389284658822,0.915191635091386,0.915012957082672,0.914853041108461,0.914711684116353,0.914588689315952,0.914483865980559,0.914397029259673,0.914328000001688,0.914276604586213,0.914242674765481,0.914226047514353,0.914226564888471,0.914244073890149,0.914278426341605,0.914329478765192,0.914397092270288,0.914481132446562,0.914581469263318,0.914697976974678,0.914830534030362,0.914979022991844,0.91514333045371,0.915323346970003,0.91551896698543,0.915730088771256,0.91595661436576,0.916198449519144,0.916455503642778,0.916727689762693,0.917014924477252,0.917317127918915,0.917634223720064,0.917966138982838,0.918312804252942,0.918674153497425,0.91905012408642,0.919440656778843,0.919845695712083,0.920265188395719,0.92069908570929
six_nations_2023,six_nations,2023,north,turnovers_conceded,primary,0.91710001610743,1.00121267893214,1.00114543312466,1.00108908668029,1.00104334865217,1.00100794941403,1.00098263829757,1.00096718156266,1.00096136064484,1.00096497063552,1.00097781895824,1.00099972421097,1.00103051514978,1.0010700297932,1.00111811463038,1.00117462391851,1.00123941905755,1.00131236803213,1.00139334491179,1.00148222940247,1.00157890644273,1.00168326583944,1.00179520193821,1.00191461332467,1.00204140255296,1.00217547589857,1.00231674313281,1.00246511731662,1.00262051461177,1.00278285410761,1.00295205766182,1.00312804975383,1.0033107573497,1.00350010977732,1.00369603861098,1.00389847756457,1.00410736239251,1.00432263079779,1.00454422234655,1.00477207838856,1.00500614198324,1.00524635783065,1.00549267220712,1.0057450329052,1.00600338917752,1.00626769168431,1.00653789244433,1.00681394478896,1.00709580331922,1.00738342386555,1.0076767634501,1.0079757802515,1.00828043357182,1.00859068380566,1.00890649241128,1.00922782188354,1.00955463572871,1.00988689844089,1.0102245754801,1.0105676332519,1.01091603908844,1.01126976123095,1.01162876881361,1.01199303184867,1.01236252121289,1.01273720863514,1.0131170666853,1.01350206876423,1.01389218909495,1.01428740271494,1.01468768546954,1.01509301400648,1.01550336577152,1.01591871900521,1.01633905274071,1.0167643468028,1.01719458180799,1.01762973916581,1.01806980108125,1.01851475055846,1.01896457140563,1.01941924824125,1.01987876650159,1.02034311244965,1.02081227318554,1.02128623665835,1.02176499167964,1.02224852793856,1.0227368360188,1.02322990741736,1.02372773456532,1.02423031085077,1.02473763064389,1.02524968932461,1.02576648331268,1.02628801010066,1.02681426828986,1.02734525762946,1.02788097905923,1.02842143475594,1.02896662818392,1.02951656415012
six_nations_2023,six_nations,2023,north,penalties_conceded,primary,0.95759480831072,1.00090596367451,1.00073276150643,1.00056567067179,1.00040458439092,1.00024940134027,1.00010002528203,0.999956364726279,0.99981833262201,0.999685846074262,0.999558826084646,0.999437197312978,0.999320887857969,0.999209829055134,0.999103955290327,0.999003203827438,0.998907514648984,0.998816830308419,0.99873109579315,0.998650258397328,0.998574267603567,0.998503074972864,0.998436634042015,0.998374900227944,0.998317830738364,0.998265384488288,0.998217522021926,0.998174205439552,0.998135398328972,0.998101065701238,0.99807117393031,0.998045690696366,0.998024584932505,0.998007826774605,0.997995387514108,0.997987239553544,0.997983356364594,0.997983712448531,0.99798828329888,0.997997045366153,0.998009976024525,0.998027053540325,0.998048257042235,0.998073566493083,0.998102962663149,0.998136427104865,0.998173942128861,0.998215490781247,0.998261056822081,0.998310624704947,0.99836417955758,0.998421707163483,0.998483193944481,0.998548626944161,0.998617993812153,0.998691282789206,0.998768482693017,0.998849582904782,0.998934573356424,0.999023444518469,0.999116187388543,0.99921279348045,0.999313254813817,0.999417563904269,0.999525713754117,0.999637697843537,0.999753510122208,0.999873145001406,0.999996597346528,1.00012386247002,1.00025493612471,1.00038981449752,1.00052849420352,1.0006709722804,1.0008172461832,1.00096731377943,1.0011211733445,1.0012788235574,1.00144026349679,1.00160549263726,1.00177451084596,1.00194731837945,1.00212391588085,1.00230430437724,1.00248848527732,1.00267646036929,1.00286823181899,1.00306380216832,1.00326317433384,1.00346635160561,1.00367333764627,1.00388413649037,1.00409875254384,1.00431719058379,1.00453945575842,1.00476555358722,1.00499548996138,1.00522927114434,1.00546690377266,1.00570839485701,1.00595375178343,1.00620298231479
six_nations_2023,six_nations,2023,north,yellow_cards,primary,0.0850793123311808,1.05943013361428,1.05792158414808,1.05647705554477,1.05509316111508,1.053766809913,1.05249517249915,1.05127565166195,1.05010585724433,1.04898358439209,1.04790679467154,1.04687359960642,1.04588224626572,1.04493110459883,1.04401865626601,1.04314348475467,1.04230426660543,1.04149976360013,1.04072881578675,1.03999033523484,1.03928330043106,1.03860675123717,1.03795978434398,1.03734154916371,1.03675124411123,1.03618811323103,1.03565144313242,1.03514056020029,1.03465482805272,1.03419364522043,1.03375644302587,1.03334268364259,1.03295185831762,1.03258348574172,1.03223711055388,1.03191230196828,1.03160865251289,1.03132577687028,1.03106331081218,1.03082091022028,1.03059825018635,1.0303950241859,1.03021094331977,1.03004573561894,1.02989914540821,1.02977093272498,1.0296608727896,1.02956875552435,1.02949438511825,1.02943757963552,1.02939817066533,1.02937600301132,1.02937093441914,1.02938283534078,1.02941158873467,1.02945708990051,1.02951924634842,1.02959797770171,1.02969321563328,1.02980490383539,1.02993299802307,1.03007746597158,1.03023828758837,1.03041545502046,1.03060897279819,1.03081885801667,1.03104514055638,1.03128786334486,1.03154708266143,1.03182286848753,1.03211530490537,1.03242449054816,1.03275053910543,1.03309357988772,1.03345375845509,1.03383123731494,1.03422619669481,1.03463883539715,1.03506937174347,1.0355180446164,1.03598511460958,1.03647086529614,1.03697560462833,1.03749966648247,1.03804341236523,1.03860723329981,1.03919155191263,1.03979682474499,1.04042354481683,1.04107224447463,1.04174349855972,1.04243792793953,1.04315620345068,1.04389905031102,1.04466725306729,1.04546166115647,1.04628319517251,1.04713285394682,1.04801172257079,1.048920981513,1.04986191701352,1.05083593297434
six_nations_2023,six_nations,2023,north,red_cards,primary,0.0263347422722893,1.2523796049068,1.25038518133156,1.24842749594953,1.2465050299707,1.24461636563026,1.2427601773468,1.24093522383416,1.23914034104599,1.23737443584952,1.23563648033962,1.23392550671697,1.23224060266414,1.23058090716261,1.22894560670106,1.22733393183167,1.22574515403688,1.22417858287321,1.22263356336358,1.22110947361226,1.21960572262012,1.21812174828023,1.21665701553624,1.21521101468788,1.21378325982958,1.21237328741004,1.21098065490142,1.20960493956844,1.20824573732851,1.20690266169473,1.20557534279495,1.2042634264601,1.2029665733762,1.20168445829476,1.20041676929671,1.19916320710576,1.19792348444705,1.19669732544778,1.19548446507643,1.19428464861769,1.19309763118046,1.19192317723642,1.19076106018695,1.18961106195642,1.18847297260985,1.18734658999338,1.18623171939581,1.18512817322996,1.18403577073227,1.18295433767968,1.18188370612244,1.18082371413195,1.1797742055626,1.17873502982674,1.17770604168198,1.17668710102998,1.17567807272614,1.17467882639951,1.17368923628215,1.17270918104768,1.17173854365822,1.1707772112194,1.1698250748429,1.16888202951618,1.16794797397893,1.16702281060593,1.16610644529597,1.16519878736651,1.16429974945375,1.16340924741791,1.16252720025343,1.16165353000379,1.16078816168084,1.15993102318836,1.15908204524963,1.15824116133893,1.15740830761669,1.1565834228682,1.15576644844571,1.15495732821381,1.15415600849789,1.15336243803564,1.15257656793147,1.15179835161366,1.15102774479431,1.15026470543178,1.14950919369578,1.14876117193483,1.14802060464617,1.14728745844794,1.14656170205363,1.14584330624881,1.14513224386997,1.14442848978545,1.14373202087855,1.14304281603264,1.14236085611827,1.14168612398235,1.14101860443926,1.14035828426396,1.139705152187,1.13905919889162
six_nations_2023,six_nations,2023,north,metres,primary,1.33744583062809,0.969424616068418,0.968976969271972,0.968552711182537,0.968150674590257,0.967769800135213,0.967409122340961,0.967067757933915,0.966744896008519,0.966439789694272,0.966151749053513,0.965880134994597,0.965624354028082,0.965383853726975,0.965158118778328,0.964946667534134,0.964749048985955,0.964564840100879,0.96439364346697,0.964235085204996,0.964088813110188,0.963954494993496,0.963831817196527,0.963720483258235,0.963620212714663,0.963530740015719,0.963451813545248,0.963383194732538,0.963324657245002,0.963275986253156,0.963236977760131,0.963207437988982,0.963187182821864,0.963176037285893,0.963173835081126,0.963180418146633,0.963195636261105,0.963219346674832,0.963251413770273,0.963291708748713,0.963340109340797,0.963396499538957,0.963460769349969,0.963532814566048,0.963612536553073,0.963699842054658,0.963794643010929,0.96389685639099,0.964006404038136,0.964123212527001,0.964247213031887,0.964378341205605,0.964516537068231,0.964661744905239,0.964813913174528,0.964972994421918,0.965138945204748,0.965311726023216,0.96549130125921,0.965677639122341,0.965870711602998,0.966070494432225,0.966276967048298,0.966490112569883,0.966709917775703,0.96693637309068,0.967169472578535,0.967409213940884,0.967655598522875,0.967908631325472,0.968168321024519,0.968434679996749,0.968707724352952,0.968987473978564,0.969273952581973,0.969567187750901,0.969867211017284,0.970174057931103,0.970487768143736,0.970808385501434,0.97113595814963,0.971470538648897,0.971812184103446,0.97216095630322,0.972516921880745,0.972880152484073,0.973250724967342,0.973628721600667,0.974014230301334,0.974407344888538,0.974808165364231,0.975216798223015,0.975633356794458,0.976057961621719,0.976490740880958,0.97693183084673,0.977381376409363,0.977839531651359,0.978306460490974,0.978782337402583,0.979267348225108,0.979761691071813
rugby_championship_2023,rugby_championship,2023,south,minutes,primary,9.78452622081854,0.933563508851122,0.933183970226883,0.932804431602643,0.932424892978404,0.932080455677457,0.931747530336736,0.931414604996014,0.931081679655292,0.93074875431457,0.930436133515505,0.930193580918685,0.929951028321864,0.929708475725045,0.929465923128224,0.929223370531404,0.928980817934584,0.928738265337764,0.928495712740944,0.928253160144124,0.928010607547304,0.927768054950484,0.927530289496507,0.92732454064559,0.927196994211621,0.927069730731091,0.927015905541554,0.927023621625186,0.927031337708818,0.927059806217983,0.927124606094676,0.927206694069285,0.927309112529671,0.927411530990057,0.927513949450443,0.927616367910829,0.927718786371215,0.927821204831601,0.927923623291987,0.928026041752373,0.928128460212759,0.928230878673145,0.928333297133531,0.928435715593917,0.928619032551211,0.928827089584194,0.929035146617177,0.92924320365016,0.929451260683143,0.929659317716126,0.929867374749108,0.930075431782091,0.930283488815074,0.930508074482007,0.930733239098769,0.930993364795657,0.93130489885886,0.931616432922064,0.931967276193093,0.932348391876716,0.932729507560338,0.933113994126982,0.93350720724923,0.933900420371477,0.934293633493725,0.934686846615973,0.935080059738221,0.935473272860468,0.935866485982716,0.936259699104964,0.936652912227212,0.937056540313028,0.937468143182964,0.937883983874986,0.938305417982922,0.938726852090858,0.939148286198794,0.93956972030673,0.939991154414666,0.940500332885771,0.941112788222433,0.941725243559095,0.942337698895757,0.94295015423242,0.943576814253996,0.944212658746927,0.944848503239857,0.945484347732788,0.946120192225719,0.94675603671865,0.947391881211581,0.948067362455744,0.94879040527506,0.949525342921812,0.950277511672505,0.951029680423198,0.951781849173891,0.952534017924584,0.953286186675277,0.95403835542597,0.954790524176663,0.955542692927356
rugby_championship_2023,rugby_championship,2023,south,tries,primary,0.497271984526533,0.926606829091635,0.926673936326548,0.926752184143774,0.926841444181753,0.926941592997247,0.927052511869314,0.927174086614704,0.927306207413899,0.9274487686471,0.927601668739503,0.927764810015279,0.927938098559698,0.92812144408889,0.928314759826786,0.928517962388781,0.928730971671747,0.928953710749999,0.929186105776893,0.929428085891716,0.929679583131592,0.929940532348112,0.930210871128446,0.930490539720702,0.930779480963295,0.931077640218142,0.931384965307483,0.931701406454151,0.932026916225128,0.932361449478236,0.932704963311823,0.9330574170173,0.93341877203442,0.933788991909181,0.934168042254237,0.934555890711739,0.93495250691849,0.935357862473348,0.935771930906796,0.936194687652598,0.936626110021485,0.937066177176799,0.937514870112056,0.937972171630358,0.938438066325618,0.938912540565564,0.93939558247646,0.939887181929542,0.940387330529111,0.940896021602287,0.941413250190368,0.941939013041815,0.942473308606811,0.943016137033423,0.943567500165319,0.944127401541074,0.944695846395045,0.945272841659822,0.945858395970268,0.946452519669157,0.947055224814422,0.947666525188045,0.948286436306593,0.948914975433441,0.949552161592717,0.950198015584986,0.950852560004734,0.951515819259689,0.952187819592022,0.952868589101498,0.953558157770625,0.954256557491872,0.954963822097033,0.955679987388808,0.956405091174695,0.95713917330328,0.957882275703027,0.958634442423688,0.95939571968043,0.960166155900836,0.96094580177489,0.961734710308113,0.962532936878017,0.96334053929403,0.964157577861103,0.964984115447194,0.965820217554852,0.966665952397134,0.967521390978129,0.968386607178354,0.969261677845334,0.970146682889693,0.97104170538711,0.97194683168654,0.972862151525103,0.973787758150117,0.97472374844876,0.975670223085913,0.976627286650777,0.977595047812899,0.978573619488335,0.979563119016703
rugby_championship_2023,rugby_championship,2023,south,try_assists,primary,0.417244844322551,0.908083311292602,0.908230502431539,0.908389364223523,0.908559662727622,0.908741172892086,0.908933678102093,0.909136969756841,0.909350846873704,0.909575115717368,0.909809589452054,0.910054087815096,0.910308436810304,0.910572468419664,0.910846020332064,0.91112893568783,0.911421062837975,0.911722255117132,0.912032370629243,0.912351272045149,0.912678826411268,0.913014904968657,0.913359382981767,0.913712139576263,0.914073057585351,0.914442023404064,0.914818926851011,0.915203661037145,0.915596122241109,0.915996209790776,0.916403825950601,0.916818875814466,0.917241267203676,0.917670910569826,0.918107718902251,0.91855160763981,0.919002494586754,0.919460299832466,0.919924945674841,0.920396356547135,0.920874458948072,0.921359181375063,0.921850454260344,0.922348209909911,0.922852382445092,0.923362907746616,0.92387972340108,0.924402768649656,0.924931984338971,0.92546731287401,0.926008698172978,0.926556085624015,0.927109422043666,0.927668655637045,0.928233735959592,0.928804613880365,0.929381241546795,0.929963572350824,0.930551560896387,0.931145162968162,0.931744335501528,0.932349036553705,0.93295922527599,0.933574861887072,0.934195907647359,0.934822324834295,0.935454076718604,0.936091127541446,0.936733442492425,0.937380987688437,0.938033730153307,0.938691637798202,0.939354679402764,0.940022824596971,0.940696043843661,0.941374308421726,0.942057590409928,0.942745862671333,0.943439098838324,0.94413727329819,0.944840361179248,0.945548338337511,0.946261181343849,0.946978867471657,0.947701374684992,0.948428681627173,0.94916076760983,0.94989761260239,0.950639197221971,0.951385502723696,0.952136510991399,0.952892204528711,0.953652566450523,0.954417580474812,0.95518723091482,0.955961502671577,0.956740381226761,0.957523852635881,0.958311903521785,0.959104521068477,0.959901693015237,0.960703407651044
rugby_championship_2023,rugby_championship,2023,south,conversion_goals,primary,0.246071474503623,0.713278128470083,0.713813744891965,0.714366875087365,0.714937170022184,0.715524342727748,0.716128121410091,0.716748248576258,0.717384480231109,0.718036585138231,0.718704344139191,0.719387549526039,0.720086004462447,0.720799522449405,0.721527926831751,0.722271050342251,0.723028734680226,0.723800830122047,0.724587195161074,0.725387696174857,0.726202207117625,0.727030609236274,0.72787279080826,0.728728646899931,0.729598079143979,0.730480995534849,0.731377310241004,0.732286943433109,0.73320982112725,0.734145875042411,0.735095042471523,0.736057266165454,0.737032494229392,0.738020680031136,0.739021782120876,0.740035764162093,0.741062594873267,0.742102247980145,0.743154702178349,0.744219941106175,0.745297953327474,0.746388732324535,0.747492276500981,0.748608589194671,0.749737678700717,0.750879558304713,0.752034246326351,0.753201766173658,0.7543821464081,0.755575420820892,0.756781628520895,0.758000814034527,0.759233027418202,0.760478324383855,0.761736766438207,0.763008421036479,0.764293361751364,0.765591668458152,0.766903427537001,0.768228732093467,0.769567682198511,0.770920385149341,0.772286955752599,0.773667516631551,0.775062198559135,0.776471140818893,0.77789449159607,0.779332408401376,0.780785058530215,0.782252619560462,0.783735279892246,0.785233239333567,0.78674670973604,0.788275915685519,0.789821095252964,0.791382500811522,0.792960399926531,0.794555076325996,0.796166830960014,0.797795983158727,0.799442871899625,0.801107857196454,0.802791321623623,0.80449367199195,0.806215341193769,0.807956790238026,0.809718510498991,0.811501026205725,0.813304897203598,0.815130722024003,0.816979141304157,0.818850841605725,0.820746559689091,0.822667087309834,0.824613276615574,0.826586046235405,0.828586388171107,0.830615375619955,0.832674171884208,0.834764040553327,0.836886357183273,0.839042622744787
rugby_championship_2023,rugby_championship,2023,south,missed_conversion_goals,primary,0.165737700156362,0.706196267330068,0.706643844783847,0.707116072661666,0.707612369256061,0.708132249848846,0.70867525683875,0.709240958215751,0.709828946162851,0.710438835773722,0.71107026387594,0.711722887950678,0.712396385140668,0.713090451339186,0.71380480035353,0.714539163137182,0.715293287085458,0.71606693538999,0.716859886447875,0.717671933321761,0.718502883247569,0.719352557186851,0.720220789421173,0.72110742718616,0.722012330343137,0.722935371086542,0.723876433685527,0.724835414258354,0.725812220578423,0.726806771910949,0.727818998879465,0.72884884336154,0.729896258413222,0.730961208221917,0.732043668087562,0.733143624432082,0.734261074837335,0.735396028111855,0.736548504386901,0.737718535242482,0.738906163864197,0.740111445231933,0.741334446341634,0.742575246461594,0.743833937424929,0.745110623960139,0.746405424061926,0.747718469404731,0.749049905801765,0.750399893712658,0.751768608803227,0.75315624256131,0.754563002973067,0.75598911526469,0.757434822715071,0.758900387545616,0.760386091894168,0.761892238880861,0.763419153774651,0.764967185270407,0.766536706887658,0.768128118503535,0.769741848034041,0.771378353279672,0.773038123953544,0.774721683912642,0.776429593615665,0.778162452834262,0.779920903648284,0.781705633760174,0.783517380168872,0.785356933249761,0.787225141294453,0.789122915572767,0.791051235989444,0.793011157420229,0.795003816826424,0.797030441264369,0.799092356927235,0.8011909993818,0.803327925193734,0.805504825172473,0.807723539513078,0.809986075169527,0.812294625864904,0.814651595232617,0.817059623694402,0.819521619822217,0.822040797111523,0.824620717325344,0.827265341869166,0.829979093049898,0.83276692759121,0.835634425469646,0.83858789806898,0.841634520922676,0.844782498071865,0.848041267527277,0.851421760821676,0.854936734693731,0.858601200379805,0.862432987148432
rugby_championship_2023,rugby_championship,2023,south,penalty_goals,primary,0.190976195904804,0.824605295698673,0.823034498283261,0.821559195629678,0.820172687080039,0.818869098298357,0.817643205288093,0.816490339194949,0.815406308072119,0.814387332096948,0.813429989548264,0.812531171461918,0.811688043338076,0.810898012619086,0.810158700920689,0.809467920202904,0.808823652225158,0.808224030754273,0.80766732609179,0.807151931564912,0.806676351687546,0.806239191748052,0.805839148620785,0.805475002631534,0.805145610333968,0.804849898076369,0.804586856256264,0.804355534175818,0.80415503542349,0.803984513718085,0.803843169160251,0.803730244843989,0.803645023787088,0.803586826144825,0.803555006675876,0.803548952433274,0.803568080656703,0.803611836845239,0.803679692992213,0.803771145965997,0.803885716022414,0.804022945436091,0.804182397239503,0.8043636540597,0.804566317043778,0.804790004865148,0.805034352803449,0.805299011891728,0.805583648125148,0.805887941726058,0.806211586460786,0.806554289003958,0.806915768346561,0.807295755244321,0.807693991703295,0.808110230499865,0.808544234732576,0.8089957774035,0.809464641027002,0.809950617263992,0.810453506579906,0.810973117924808,0.811509268434147,0.812061783148841,0.812630494753451,0.813215243331336,0.813815876135753,0.814432247375971,0.815064218017528,0.815711655595857,0.816374434042543,0.81705243352356,0.81774554028888,0.8184536465329,0.819176650265179,0.819914455191029,0.820666970601534,0.82143411127262,0.822215797372825,0.823011954379464,0.823822513002902,0.824647409118685,0.82548658370731,0.826339982801433,0.82720755744035,0.828089263631603,0.82898506231959,0.829894919361072,0.830818805507517,0.831756696394208,0.832708572536095,0.833674419330362,0.834654227065739,0.835647990938569,0.836655711075688,0.837677392564191,0.838713045488172,0.839762684972553,0.84082633123415,0.841904009640116,0.842995750773966,0.844101590509385
rugby_championship_2023,rugby_championship,2023,south,missed_penalty_goals,primary,0.124914724485027,0.923203205597329,0.922146122365077,0.921122259112283,0.920130789004093,0.919171007812688,0.918242241740427,0.917343845856148,0.916475202638788,0.915635720619856,0.914824833117106,0.914041997052428,0.913286691847634,0.912558418392357,0.911856698078823,0.911181071898679,0.910531099597516,0.909906358883066,0.909306444683426,0.908730968451938,0.908179557515677,0.907651854464706,0.907147516579529,0.906666215294375,0.906207635694127,0.905771476042908,0.905357447342489,0.904965272918832,0.904594688035226,0.904245439530604,0.903917285481732,0.903609994888085,0.903323347378324,0.903057132937374,0.902811151653204,0.902585213482473,0.902379138034314,0.902192754371567,0.902025900828859,0.901878424847001,0.901750182823219,0.901641039976795,0.901550870229783,0.901479556102461,0.901426988623304,0.901393067253262,0.901377699824202,0.90138080249143,0.901402299700242,0.901442124166516,0.901500216871424,0.901576527070352,0.901671012316229,0.901783638497462,0.901914379890791,0.902063219229381,0.902230147786568,0.902415165475747,0.902618280966909,0.902839511820487,0.903078884639163,0.903336435238457,0.903612208836929,0.903906260267001,0.90421865420744,0.904549465438706,0.904898779122487,0.905266691106843,0.905653308258589,0.906058748824642,0.906483142824306,0.906926632474596,0.90738937265097,0.907871531386062,0.908373290409248,0.908894845730212,0.90943640826997,0.909998204543195,0.910580477396066,0.91118348680434,0.911807510736823,0.912452846090012,0.913119809700269,0.913808739440656,0.914519995410309,0.915253961225172,0.916011045419921,0.916791682972084,0.917596336960658,0.918425500373059,0.919279698075938,0.920159488967357,0.921065468330077,0.921998270408289,0.922958571233088,0.923947091725431,0.924964601109312,0.926011920672473,0.92708992791738,0.928199561151458,0.929341824572933,0.930517793917292
rugby_championship_2023,rugby_championship,2023,south,drop_goals_converted,primary,0.0023806770098719,1.42613364592843,1.41439702069186,1.4026666048691,1.39093618904634,1.37920577322357,1.36747535740081,1.35574494157805,1.34401452575529,1.33228410993252,1.32055369410976,1.308823278287,1.29709286246424,1.28536244664147,1.27363203081871,1.26190161499595,1.25017119917318,1.23844078335042,1.22671036752766,1.2149799517049,1.20324953588213,1.19151912005937,1.17978870423661,1.16805828841385,1.15632787259108,1.14459745676832,1.13286704094556,1.1211366251228,1.10940620930003,1.09767579347727,1.08594537765451,1.07421496183174,1.06248454600898,1.05075413018622,1.03902371436346,1.02729329854069,1.01556288271793,1.00383246689517,0.992102051072406,0.980371635249644,0.968641219426881,0.956910803604118,0.945180387781355,0.933449971958593,0.92171955613583,0.909989140313068,0.898258724490305,0.886528308667542,0.87479789284478,0.863067477022017,0.851337061199254,0.839606645376492,0.827876229553729,0.816145813730966,0.804415397908203,0.792684982085441,0.780954566262678,0.769224150439915,0.757493734617153,0.74576331879439,0.734032902971628,0.722302487148865,0.710572071326102,0.698841655503339,0.687111239680577,0.675380823857814,0.663650408035051,0.651919992212289,0.640189576389526,0.628459160566763,0.616728744744001,0.604998328921238,0.593267913098475,0.581537497275713,0.56980708145295,0.558076665630187,0.546346249807425,0.534615833984662,0.522885418161899,0.511155002339137,0.499424586516374,0.487694170693611,0.475963754870849,0.464233339048086,0.452502923225323,0.440772507402561,0.429042091579798,0.417311675757035,0.405581259934273,0.39385084411151,0.382120428288747,0.370390012465985,0.358659596643222,0.346929180820459,0.335198764997697,0.323468349174934,0.311737933352171,0.300007517529409,0.288277101706646,0.276546685883883,0.264816270061121,0.253085854238358
rugby_championship_2023,rugby_championship,2023,south,drop_goal_missed,primary,0.0068785094146326,0.971080172230851,0.965171264897913,0.959264464526346,0.953357664154779,0.947450863783212,0.941544063411644,0.935637263040077,0.92973046266851,0.923823662296943,0.917916861925375,0.912010061553808,0.906103261182241,0.900196460810674,0.894289660439106,0.888382860067539,0.882476059695972,0.876569259324404,0.870662458952837,0.86475565858127,0.858848858209703,0.852942057838136,0.847035257466568,0.841128457095001,0.835221656723434,0.829314856351866,0.823408055980299,0.817501255608732,0.811594455237164,0.805687654865597,0.79978085449403,0.793874054122463,0.787967253750895,0.782060453379328,0.776153653007761,0.770246852636194,0.764340052264626,0.758433251893059,0.752526451521492,0.746619651149925,0.740712850778357,0.73480605040679,0.728899250035223,0.722992449663656,0.717085649292088,0.711178848920521,0.705272048548954,0.699365248177387,0.693458447805819,0.687551647434252,0.681644847062685,0.675738046691117,0.66983124631955,0.663924445947983,0.658017645576416,0.652110845204848,0.646204044833281,0.640297244461714,0.634390444090147,0.628483643718579,0.622576843347012,0.616670042975445,0.610763242603878,0.60485644223231,0.598949641860743,0.593042841489176,0.587136041117609,0.581229240746041,0.575322440374474,0.569415640002907,0.56350883963134,0.557602039259772,0.551695238888205,0.545788438516638,0.539881638145071,0.533974837773503,0.528068037401936,0.522161237030369,0.516254436658801,0.510347636287234,0.504440835915667,0.4985340355441,0.492627235172532,0.486720434800965,0.480813634429398,0.474906834057831,0.469000033686263,0.463093233314696,0.457186432943129,0.451279632571561,0.445372832199994,0.439466031828427,0.43355923145686,0.427652431085292,0.421745630713725,0.415838830342158,0.409932029970591,0.404025229599023,0.398118429227456,0.392211628855889,0.386304828484322,0.380398028112754
rugby_championship_2023,rugby_championship,2023,south,defenders_beaten,primary,1.48445180441684,0.818360860297427,0.817537062315851,0.816764620621696,0.816041836019072,0.815367147358508,0.814739113621351,0.814156399088881,0.813617760957028,0.813122038909475,0.812668146273579,0.81225506246661,0.811881826502322,0.811547531375402,0.811251319177839,0.810992376829521,0.810769932327505,0.810583251435773,0.810431634751172,0.810314415092229,0.810230955166486,0.810180645479173,0.810162902451929,0.810177166725112,0.810222901621172,0.810299591749904,0.810406741739087,0.810543875076347,0.81071053304999,0.810906273778171,0.811130671317167,0.811383314840671,0.811663807883036,0.811971767640262,0.812306824323241,0.812668620558439,0.813056810831715,0.813471060971483,0.813911047667822,0.814376458024524,0.814866989141368,0.815382347724205,0.815922249720687,0.816486419979674,0.817074591932576,0.81768650729504,0.818321915787537,0.818980574873576,0.819662249514355,0.820366711938792,0.821093741427979,0.821843124113175,0.822614652786554,0.823408126723982,0.82422335151918,0.825060138928667,0.82591830672696,0.82679767857154,0.82769808387715,0.828619357699022,0.829561340624695,0.830523878674099,0.831506823207618,0.832510030841908,0.833533363373229,0.834576687708127,0.835639875801297,0.836722804600514,0.837825355998506,0.838947416791736,0.840088878645993,0.841249638068825,0.84242959638877,0.843628659741451,0.844846739062569,0.846083750087889,0.847339613360328,0.848614254244284,0.849907602947377,0.851219594549799,0.852550169041524,0.853899271367622,0.855266851482006,0.856652864409949,0.858057270319768,0.859480034604093,0.860921127971231,0.862380526547155,0.863858211988708,0.865354171608701,0.866868398513629,0.868400891754829,0.869951656493963,0.871520704183823,0.873108052765569,0.874713726883584,0.876337758119307,0.877980185245525,0.879641054502749,0.881320419899514,0.883018343538605,0.884734895971454
rugby_championship_2023,rugby_championship,2023,south,clean_breaks,primary,0.647755675444683,1.01676842863293,1.01689896725314,1.01703903777959,1.01718858614994,1.01734756021619,1.01751590970116,1.01769358615698,1.01788054292572,1.01807673510205,1.01828211949765,1.01849665460756,1.01872030057813,1.01895301917675,1.01919477376304,1.01944552926162,1.01970525213636,1.01997391036597,1.02025147342103,1.02053791224222,1.0208331992199,1.02113730817486,1.02145021434028,1.0217718943448,1.02210232619671,1.02244148926924,1.02278936428687,1.02314593331267,1.02351117973664,1.02388508826507,1.02426764491072,1.02465883698413,1.02505865308567,1.02546708309859,1.02588411818295,1.02630975077041,1.02674397455989,1.02718678451406,1.02763817685678,1.02809814907126,1.0285666998991,1.02904382934026,1.0295295386537,1.030023830359,1.03052670823872,1.03103817734165,1.03155824398688,1.03208691576872,1.03262420156247,1.03317011153108,1.03372465713258,1.03428785112856,1.03485970759336,1.0354402419243,1.03602947085275,1.03662741245619,1.0372340861712,1.03784951280739,1.03847371456243,1.03910671503799,1.03974853925675,1.04039921368058,1.04105876622967,1.0417272263029,1.04240462479933,1.04309099414093,1.04378636829649,1.04449078280688,1.04520427481157,1.04592688307657,1.04665864802374,1.04739961176162,1.04814981811776,1.0489093126726,1.04967814279509,1.0504563576799,1.05124400838651,1.05204114788012,1.05284783107446,1.05366411487671,1.05449005823441,1.0553257221847,1.05617116990573,1.05702646677061,1.05789168040378,1.0587668807401,1.05965214008663,1.06054753318745,1.06145313729137,1.06236903222299,1.06329530045705,1.06423202719641,1.06517930045364,1.06613721113673,1.06710585313876,1.06808532343211,1.06907572216721,1.07007715277619,1.07108972208172,1.07211354041129,1.07314872171728,1.07419538370323
rugby_championship_2023,rugby_championship,2023,south,offload,primary,0.795464407203635,0.954637711957963,0.95328033242189,0.951990483593411,0.950763805853036,0.949596476822779,0.948485119410022,0.94742672934373,0.946418617370269,0.945458362630742,0.944543774676805,0.943672862238625,0.942843807327237,0.942054943592813,0.941304738109304,0.940591775940781,0.93991474698372,0.939272434684948,0.938663706315806,0.938087504545657,0.937542840106704,0.937028785380455,0.936544468766661,0.936089069719791,0.935661814357685,0.935261971562775,0.934888849509121,0.934541792558986,0.93422017848136,0.933923415951909,0.933650942299825,0.933402221471939,0.933176742188629,0.932974016269561,0.932793577110186,0.932634978292479,0.932497792315496,0.932381609433135,0.932286036588061,0.932210696432095,0.93215522642448,0.932119278000501,0.932102515803723,0.932104616975935,0.932125270499489,0.932164176587332,0.932221046116507,0.932295600101362,0.932387569203072,0.93249669327244,0.932622720923246,0.93276540913365,0.932924522873462,0.933099834755209,0.933291124707221,0.933498179667036,0.933720793293643,0.933958765697178,0.934211903184822,0.934480018021767,0.934762928206195,0.935060457257337,0.93537243401571,0.93569869245476,0.936039071503156,0.936393414877072,0.936761570921832,0.937143392462351,0.937538736661841,0.937947464888305,0.938369442588375,0.938804539168067,0.939252627880098,0.939713585717393,0.940187293312473,0.940673634842417,0.941172497939133,0.941683773604676,0.94220735613137,0.942743143026547,0.943291034941673,0.943850935605695,0.944422751762436,0.94500639311189,0.945601772255264,0.94620880464365,0.946827408530209,0.947457504925753,0.948099017557638,0.948751872831886,0.949415999798448,0.950091330119558,0.950777798041109,0.951475340367013,0.952183896436496,0.952903408104309,0.953633819723827,0.954375078133013,0.955127132643266,0.95588993503113,0.956663439532891,0.957447602842075
rugby_championship_2023,rugby_championship,2023,south,runs,primary,2.25573253322086,1.00398857530533,0.998368341223197,0.992883879950608,0.98753155963108,0.982307957396238,0.977209839530721,0.97223414425941,0.967377966721694,0.962638545782843,0.958013252398864,0.953499579303194,0.949095131824691,0.944797619679144,0.940604849602789,0.936514718717637,0.932525208535667,0.928634379523157,0.924840366158094,0.921141372423258,0.917535667685683,0.914021582919899,0.910597507238061,0.907261884694879,0.904013211339295,0.90085003248838,0.897770940201831,0.894774570938063,0.891859603375025,0.889024756380835,0.886268787120921,0.883590489289835,0.880988691457144,0.878462255517896,0.876010075239136,0.873631074894797,0.871324207982022,0.869088456012678,0.866922827374354,0.864826356255721,0.862798101631555,0.860837146303158,0.858942595990289,0.857113578471044,0.855349242766424,0.853648758366614,0.852011314496223,0.850436119415975,0.848922399758511,0.84746939989618,0.846076381338844,0.844742622159854,0.84346741644852,0.842250073787514,0.841089918753738,0.839986290441323,0.838938542005499,0.837946040226167,0.837008165090093,0.836124309390707,0.835293878344558,0.83451628922355,0.833790971002123,0.833117364018618,0.832494919650087,0.831923099999885,0.831401377597391,0.830929235109282,0.830506165061769,0.830131669573294,0.829805260097179,0.829526457173753,0.829294790191532,0.829109797157015,0.82897102447273,0.828878026723132,0.82883036646802,0.828827614043144,0.82886934736767,0.828955151758234,0.829084619749275,0.829257350919411,0.829472951723582,0.829731035330728,0.83003122146679,0.830373136262788,0.830756412107806,0.831180687506665,0.831645606942103,0.832150820741301,0.83269598494657,0.833280761190045,0.833904816572243,0.834567823544326,0.835269459793941,0.836009408134508,0.836787356397819,0.837602997329836,0.838456028489578,0.839346152150976,0.840273075207609,0.841236509080196
rugby_championship_2023,rugby_championship,2023,south,tackles,primary,2.77499507634453,1.01818676336007,1.01616281597221,1.0141812476395,1.01224133627944,1.01034239543644,1.00848377196571,1.0066648439175,1.00488501860069,1.00314373080735,1.00144044118198,0.999774634721222,0.998145819391386,0.99655352485255,0.994997301279368,0.993476718269698,0.991991363833151,0.990540843452518,0.989124779211756,0.987742808984841,0.986394585680417,0.985079776537614,0.983798062468925,0.982549137446363,0.981332707927532,0.980148492318526,0.978996220470866,0.977875633209938,0.976786481892622,0.975728527992,0.974701542707229,0.973705306596812,0.972739609233651,0.971804248880434,0.970899032183969,0.970023773887252,0.969178296558104,0.968362430333353,0.967576012677561,0.96681888815544,0.966090908217102,0.965391930995411,0.964721821114712,0.964080449510314,0.963467693258099,0.962883435413726,0.962327564860904,0.961799976168259,0.961300569454356,0.960829250260468,0.960385929430709,0.95997052299918,0.959582952083814,0.959223142786593,0.958891026099888,0.958586537818633,0.958309618458126,0.958060213177196,0.957838271706568,0.95764374828222,0.957476601583549,0.957336794676212,0.95722429495947,0.957139074117914,0.957081108077452,0.957050376965441,0.957046865074868,0.957070560832489,0.957121456770851,0.957199549504123,0.95730483970768,0.957437332101384,0.957597035436534,0.957783962486432,0.957998130040554,0.958239558902318,0.958508273890415,0.958804303843735,0.959127681629878,0.959478444157275,0.959856632390944,0.960262291371924,0.960695470240417,0.96115622226271,0.961644604861925,0.962160679652674,0.962704512479717,0.963276173460686,0.963875737033013,0.964503282005154,0.965158891612245,0.96584265357634,0.966554660171364,0.967295008292974,0.968063799533489,0.968861140262103,0.969687141710597,0.970541920064772,0.971425596561875,0.972338297594276,0.973280154819712,0.974251305278402
rugby_championship_2023,rugby_championship,2023,south,missed_tackles,primary,1.23078853453949,0.892705484524304,0.89250417399953,0.892320684004393,0.892154597776435,0.892005523935237,0.891873094277133,0.891756961819164,0.891656799058425,0.891572296418271,0.891503160857235,0.891449114620101,0.891409894113604,0.89138524889174,0.891374940737747,0.891378742831621,0.891396438993503,0.891427822994569,0.891472697928086,0.891530875634293,0.891602176173479,0.891686427342367,0.891783464229471,0.891893128805608,0.892015269546178,0.892149741082219,0.892296403877573,0.892455123929772,0.892625772492545,0.892808225818031,0.893002364917004,0.893208075335581,0.893425246947043,0.893653773757521,0.893893553724445,0.89414448858673,0.894406483705791,0.894679447916555,0.89496329338772,0.89525793549057,0.89556329267572,0.895879286357233,0.896205840803568,0.896542883034905,0.896890342726394,0.897248152116942,0.897616245923154,0.897994561258118,0.89838303755469,0.898781616493029,0.899190241932088,0.899608859844841,0.900037418257013,0.900475867189103,0.900924158601517,0.901382246342625,0.901850086099588,0.902327635351792,0.902814853326757,0.903311700958387,0.903818140847433,0.904334137224071,0.904859655912474,0.905394664297289,0.905939131291932,0.906493027308601,0.907056324229949,0.907628995382325,0.908211015510529,0.908802360754008,0.90940300862444,0.910012937984648,0.91063212902879,0.911260563263792,0.911898223491953,0.912545093794713,0.913201159517521,0.913866407255777,0.91454082484182,0.915224401332924,0.915917127000281,0.916618993318939,0.917329992958679,0.9180501197758,0.91877936880581,0.919517736256984,0.920265219504789,0.921021817087159,0.921787528700601,0.922562355197134,0.92334629858204,0.924139362012425,0.924941549796588,0.925752867394184,0.926573321417189,0.927402919631655,0.928241670960265,0.929089585485681,0.929946674454694,0.930812950283175,0.931688426561838,0.932573118062814
rugby_championship_2023,rugby_championship,2023,south,rucks_won,primary,2.64634891741157,0.685344648280295,0.683266799804357,0.681239108673868,0.679260037154076,0.677328150200713,0.675442105826492,0.673600646627351,0.6718025923011,0.670046833019078,0.668332323534161,0.666658077926953,0.665023164907215,0.663426703600105,0.661867859757195,0.660345842340901,0.658859900438177,0.657409320465431,0.655993423631758,0.654611563631898,0.653263124544077,0.651947518911002,0.650664185985002,0.649412590120616,0.64819221929995,0.647002583777818,0.645843214835221,0.644713663630986,0.643613500142535,0.642542312187768,0.641499704520865,0.640485297995622,0.639498728790591,0.638539647690878,0.637607719421995,0.636702622031619,0.63582404631553,0.634971695284357,0.634145283668113,0.633344537455766,0.632569193467393,0.631818998956655,0.631093711241604,0.630393097361968,0.629716933761276,0.629065005992338,0.628437108444722,0.627833044093017,0.627252624264807,0.626695668427364,0.626162003992188,0.625651466136635,0.625163897641922,0.624699148746937,0.62425707701731,0.623837547229326,0.623440431268292,0.623065608041065,0.62271296340252,0.622382390095786,0.622073787706154,0.621787062628641,0.621522128049227,0.621278903939889,0.621057317067602,0.620857301017547,0.620678796230854,0.62052175005728,0.620386116823295,0.620271857916164,0.620178941884663,0.620107344557216,0.620057049178311,0.620028046564204,0.620020335279011,0.620033921832473,0.620068820900804,0.620125055572219,0.62020265761893,0.620301667797607,0.620422136180546,0.62056412252004,0.620727696648772,0.620912938919349,0.621119940686513,0.621348804835963,0.62159964636423,0.621872593014575,0.622167785974527,0.622485380641393,0.622825547462871,0.623188472860856,0.623574360247613,0.623983431144722,0.624415926416646,0.624872107632457,0.625352258571192,0.625856686888562,0.626385725965425,0.626939736961527,0.627519111101677,0.628124272225887
rugby_championship_2023,rugby_championship,2023,south,rucks_lost,primary,0.671128955390223,0.887273047248733,0.887735951338825,0.888205011375956,0.888680203652951,0.889161505846023,0.889648896991876,0.890142357466396,0.890641868964849,0.891147414483562,0.891658978303035,0.892176545972429,0.892700104295436,0.893229641317444,0.893765146314016,0.894306609780631,0.894854023423672,0.895407380152642,0.895966674073599,0.896531900483778,0.897103055867411,0.897680137892728,0.898263145410134,0.898852078451561,0.899446938231004,0.900047727146236,0.900654448781708,0.901267107912661,0.901885710510443,0.902510263749058,0.903140776012971,0.903777256906183,0.904419717262601,0.905068169157755,0.905722625921861,0.906383102154302,0.907049613739546,0.907722177864557,0.908400813037755,0.909085539109568,0.909776377294645,0.910473350195805,0.911176481829775,0.911885797654816,0.912601324600311,0.913323091098415,0.914051127117862,0.914785464200043,0.91552613549748,0.916273175814807,0.917026621652421,0.917786511252938,0.918552884650619,0.919325783723957,0.920105252251602,0.92089133597185,0.921684082645906,0.922483542125183,0.923289766422901,0.924102809790277,0.924922728797627,0.925749582420728,0.926583432132816,0.92742434200264,0.928272378799014,0.92912761210238,0.9299901144239,0.930859961332691,0.931737231591853,0.932622007303999,0.933514374067081,0.934414421141392,0.935322241628686,0.936237932664493,0.937161595624806,0.938093336348422,0.939033265376409,0.939981498210289,0.94093815559074,0.941903363798799,0.942877254981824,0.943859967506691,0.944851646343051,0.945852443479791,0.946862518378256,0.947882038466243,0.948911179677304,0.949950127040505,0.950999075326485,0.952058229756474,0.953127806781885,0.954208034943195,0.955299155818099,0.956401425070484,0.957515113613513,0.958640508902227,0.9597779163736,0.960927661054911,0.962090089364902,0.963265571136407,0.964454501894326,0.965657305428993
rugby_championship_2023,rugby_championship,2023,south,passes,primary,4.04721016082783,0.872669642346522,0.868370117756625,0.864151742664126,0.86001275211526,0.85595147192685,0.851966310237835,0.848055750215918,0.844218343719285,0.840452705754094,0.836757509599759,0.833131482498438,0.829573401824222,0.826082091662609,0.822656419742869,0.819295294675551,0.815997663455146,0.81276250919428,0.809588849060968,0.806475732394719,0.803422238980816,0.800427477465004,0.797490583893293,0.794610720363615,0.791787073777822,0.789018854683974,0.786305296200118,0.783645653011833,0.781039200436711,0.778485233549766,0.775983066364402,0.773532031064198,0.77113147728126,0.768780771417334,0.766479296004286,0.764226449100879,0.762021643723077,0.759864307305404,0.757753881191069,0.755689820148832,0.753671591914734,0.751698676756995,0.749770567062527,0.747886766943653,0.746046791863724,0.744250168280442,0.7424964333058,0.740785134381627,0.739115828969801,0.737488084256285,0.735901476868177,0.734355592603053,0.732850026169903,0.731384380941051,0.729958268714444,0.728571309485786,0.72722313122999,0.725913369691485,0.724641668182923,0.723407677391878,0.722211055195151,0.721051466480309,0.719928582974123,0.71884208307759,0.717791651707229,0.716776980142381,0.715797765878237,0.714853712484354,0.713944529468429,0.713069932145088,0.712229641509513,0.711423384115691,0.710650891959102,0.709911902363682,0.709206157872888,0.708533406144706,0.707893399850472,0.707285896577348,0.706710658734337,0.706167453461702,0.705656052543683,0.705176232324395,0.704727773626798,0.704310461674658,0.703924086017385,0.703568440457674,0.703243322981862,0.702948535692922,0.702683884746024,0.702449180286586,0.702244236390762,0.702068871008296,0.701922905907687,0.701806166623611,0.701718482406562,0.701659686174637,0.701629614467456,0.701628107402155,0.701655008631416,0.701710165303517,0.701793428024346,0.701904650821381
rugby_championship_2023,rugby_championship,2023,south,bad_passes,primary,0.994706667254768,0.925252445446116,0.924134506724237,0.923055806798302,0.922015041472573,0.921010990374234,0.920042509197677,0.919108522885702,0.918208019609655,0.917340045434318,0.916503699572455,0.915698130149416,0.914922530410779,0.914176135316365,0.913458218472469,0.912768089361187,0.912105090831635,0.911468596822723,0.910858010291318,0.91027276132309,0.909712305406309,0.909176121851369,0.908663712340957,0.908174599597642,0.907708326157221,0.907264453237552,0.906842559693757,0.906442241051727,0.906063108612749,0.905704788622844,0.90536692150111,0.905049161121933,0.904751174146495,0.90447263939943,0.904213247286931,0.90397269925293,0.903750707270358,0.903546993364697,0.903361289167377,0.903193335496736,0.903042881964499,0.9029096866059,0.902793515531744,0.902694142600854,0.90261134911147,0.902544923510298,0.902494661118016,0.902460363870139,0.902441840072225,0.902438904168505,0.902451376523071,0.902479083212849,0.902521855831612,0.902579531304373,0.902651951711535,0.90273896412222,0.902840420436254,0.902956177234296,0.903086095635683,0.903230041163538,0.903387883616766,0.903559496948565,0.903744759151114,0.903943552146118,0.904155761680926,0.904381277229932,0.904619991901022,0.90487180234682,0.90513660868051,0.905414314396036,0.905704826292487,0.906008054402484,0.906323911924408,0.906652315158316,0.906993183445397,0.907346439110841,0.907712007409992,0.908089816477682,0.908479797280622,0.908881883572775,0.909296011853601,0.909722121329113,0.910160153875648,0.9106100540063,0.911071768839948,0.911545248072825,0.912030443952577,0.912527311254768,0.913035807261801,0.91355589174421,0.914087526944306,0.914630677562159,0.915185310743886,0.915751396072248,0.916328905559545,0.916917813642808,0.917518097181302,0.918129735456333,0.918752710173398,0.919387005466677,0.920032607905917,0.920689506505719
rugby_championship_2023,rugby_championship,2023,south,turnovers_conceded,primary,1.06272111618039,0.992697522889662,0.992929757459781,0.993165764470242,0.993405526141863,0.993649025443496,0.993896246070363,0.994147172423471,0.99440178959005,0.994660083324964,0.994922040033039,0.995187646752263,0.99545689113782,0.99572976144691,0.996006246524318,0.996286335788701,0.996570019219558,0.996857287344845,0.997148131229212,0.997442542462838,0.997740513150824,0.998042035903138,0.998347103825074,0.998655710508211,0.998967850021854,0.999283516904925,0.999602706158308,0.999925413237616,1.00025163404636,1.00058136492952,1.0009146026675,1.00125134447045,1.00159158797295,1.00193533122901,1.00228257270747,1.00263331128764,1.00298754625533,1.00334527729916,1.00370650450718,1.00407122836373,1.0044394497467,1.00481116992493,1.00518639055602,1.00556511368431,1.00594734173916,1.00633307753353,1.00672232426273,1.00711508550353,1.00751136521343,1.0079111677302,1.00831449777175,1.0087213604361,1.00913176120172,1.00954570592806,1.0099632008563,1.0103842526104,1.01080886819835,1.01123705501369,1.01166882083723,1.01210417383908,1.01254312258087,1.01298567601828,1.01343184350375,1.0138816347895,1.01433506003077,1.01479212978942,1.0152528550376,1.01571724716193,1.01618531796776,1.01665707968385,1.01713254496722,1.0176117269084,1.01809463903695,1.01858129532719,1.01907171020445,1.01956589855142,1.02006387571503,1.02056565751351,1.02107126024395,1.02158070069011,1.02209399613069,1.02261116434792,1.02313222363663,1.02365719281366,1.02418609122778,1.02471893876996,1.02525575588424,1.02579656357894,1.02634138343848,1.02689023763568,1.02744314894455,1.02800014075378,1.02856123708068,1.02912646258582,1.02969584258827,1.03026940308153,1.03084717075015,1.0314291729871,1.03201543791186,1.03260599438934,1.0332008720497,1.03380010130888
rugby_championship_2023,rugby_championship,2023,south,penalties_conceded,primary,0.904056790317546,0.970893603894618,0.971295916121624,0.971701077156099,0.972109083451481,0.972519931687992,0.97293361876971,0.973350141821764,0.973769498187656,0.974191685426694,0.974616701311553,0.975044543825935,0.975475211162348,0.975908701719989,0.976345014102731,0.97678414711721,0.977226099771013,0.977670871270964,0.978118461021501,0.97856886862315,0.979022093871087,0.979478136753787,0.979936997451771,0.980398676336421,0.980863173968897,0.981330491099125,0.981800628664872,0.982273587790901,0.982749369788205,0.983227976153317,0.983709408567703,0.984193668897223,0.984680759191681,0.985170681684434,0.985663438792091,0.986159033114274,0.986657467433463,0.987158744714904,0.9876628681066,0.988169840939368,0.988679666726973,0.989192349166331,0.989707892137788,0.990226299705471,0.990747576117712,0.991271725807542,0.991798753393267,0.99232866367911,0.992861461655929,0.993397152502016,0.993935741583963,0.994477234457611,0.995021636869075,0.995568954755846,0.996119194247969,0.996672361669313,0.997228463538903,0.997787506572359,0.998349497683394,0.998914443985414,0.999482352793202,1.00005323162469,1.0006270882028,1.00120393045743,1.00178376652749,1.00236660476301,1.00295245372743,1.00354132219992,1.00413321917783,1.00472815387921,1.00532613574553,1.00592717444438,1.00653127987241,1.00713846215829,1.00774873166586,1.00836209899735,1.00897857499678,1.00959817075343,1.0102208976055,1.0108467671439,1.01147579121613,1.01210798193042,1.01274335165988,1.01338191304693,1.01402367900784,1.01466866273744,1.01531687771402,1.01596833770439,1.01662305676918,1.01728104926827,1.01794232986644,1.01860691353928,1.01927481557925,1.01994605160201,1.02062063755298,1.0212985897141,1.02197992471092,1.02266465951992,1.02335281147605,1.02404439828067,1.02473943800967,1.02543794912201
rugby_championship_2023,rugby_championship,2023,south,yellow_cards,primary,0.114160863649723,1.04717708240233,1.04592584691451,1.04469383929566,1.0434804137107,1.04228496593027,1.04110692998453,1.03994577515367,1.03880100325553,1.03767214619604,1.03655876375279,1.03546044156589,1.03437678931347,1.03330743905215,1.03225204370521,1.03121027568312,1.03018182562321,1.02916640123651,1.0281637262514,1.0271735394447,1.02619559375202,1.02522965545012,1.02427550340451,1.02333292837675,1.022401732386,1.02148172812029,1.02057273839324,1.01967459564252,1.01878714146663,1.01791022619698,1.01704370850247,1.01618745502419,1.01534134003795,1.01450524514256,1.01367905897219,1.012862676931,1.01205600094865,1.01125893925532,1.01047140617502,1.00969332193609,1.00892461249787,1.00816520939273,1.0074150495826,1.00667407532927,1.00594223407785,1.00521947835286,1.00450576566633,1.00380105843764,1.0031053239246,1.0024185341654,1.0017406659314,1.00107170069026,1.00041162457939,0.999760428389618,0.999118107558946,0.998484662176349,0.997860096995723,0.997244421459974,0.996637649735394,0.996039800756482,0.995450898281422,0.994870970958475,0.994300052403615,0.993738181289763,0.993185401448064,0.992641761981699,0.992107317392774,0.991582127722951,0.991066258708491,0.990559781950528,0.990062775101444,0.989575322068321,0.989097513234564,0.988629445700889,0.988171223547026,0.987722958115583,0.98728476831973,0.986856780976496,0.986439131167673,0.986031962630538,0.985635428180864,0.985249690170895,0.984874920985346,0.984511303578738,0.984159032057811,0.983818312313154,0.983489362704673,0.983172414806054,0.982867714213994,0.982575521428647,0.98229611281254,0.982029781636104,0.98177683921896,0.981537616177327,0.981312463789207,0.981101755490591,0.980905888517694,0.980725285712296,0.980560397509673,0.980411704131364,0.9802797180083,0.980164986463593
rugby_championship_2023,rugby_championship,2023,south,red_cards,primary,0.0036925471817233,1.12864702229699,1.12272368715365,1.11680380261499,1.11088736484811,1.10497437002838,1.09906481433943,1.09315869397315,1.08725600512962,1.08135674401711,1.07546090685206,1.06956848985904,1.06367948927074,1.05779390132791,1.05191172227937,1.04603294838199,1.04015757590061,1.0342856011081,1.02841702028524,1.02255182972078,1.01669002571137,1.01083160456152,1.00497656258363,0.999124896097914,0.993276601432409,0.987431674922929,0.981590112913056,0.975751911754105,0.969917067805106,0.964085577432778,0.958257437011513,0.952432642923334,0.946611191557892,0.94079307931243,0.93497830259176,0.929166857808248,0.92335874138178,0.917553949739751,0.91175247931703,0.905954326555941,0.900159487906246,0.894367959825117,0.888579738777111,0.882794821234156,0.877013203675516,0.87123488258778,0.865459854464837,0.859688115807848,0.853919663125232,0.848154492932635,0.842392601752919,0.83663398611613,0.830878642559484,0.825126567627337,0.819377757871172,0.813632209849574,0.807889920128204,0.802150885279788,0.796415101884086,0.790682566527874,0.784953275804924,0.779227226315986,0.773504414668759,0.767784837477874,0.762068491364879,0.756355372958209,0.75064547889317,0.744938805811921,0.739235350363447,0.733535109203544,0.727838078994799,0.722144256406565,0.716453638114943,0.710766220802767,0.705082001159575,0.699400975881597,0.693723141671731,0.688048495239522,0.682377033301151,0.676708752579402,0.671043649803653,0.665381721709853,0.659722965040503,0.654067376544637,0.648414952977798,0.64276569110203,0.637119587685847,0.63147663950422,0.62583684333856,0.620200195976694,0.614566694212849,0.608936334847633,0.603309114688015,0.597685030547311,0.592064079245161,0.58644625760751,0.580831562466594,0.575219990660917,0.569611539035237,0.564006204440546,0.558403983734049,0.552804873779155
rugby_championship_2023,rugby_championship,2023,south,metres,primary,1.32936525692838,0.872434926539095,0.87261110367656,0.872818474672912,0.873056015261356,0.873322757599258,0.873617785608326,0.873940230830002,0.874289268726258,0.874664115367001,0.875064024454343,0.875488284641473,0.875936217110098,0.876407173375546,0.876900533293016,0.877415703242041,0.877952114469357,0.878509221572931,0.879086501112149,0.879683450331032,0.880299585982983,0.880934443246941,0.881587574726032,0.882258549520832,0.882946952370266,0.883652382853918,0.884374454650258,0.885112794845833,0.885867043291022,0.886636851998407,0.88742188458021,0.888221815721593,0.889036330686961,0.889865124856644,0.890707903291638,0.891564380324227,0.892434279172593,0.89331733157763,0.894213277460354,0.895121864598463,0.896042848320691,0.89697599121775,0.89792106286872,0.898877839581876,0.899846104148994,0.900825645612278,0.901816259043097,0.902817745331797,0.903829910987914,0.90485256795015,0.905885533405527,0.906928629617193,0.907981683760362,0.909044527765939,0.910116998171392,0.911198935978466,0.912290186517374,0.913390599317121,0.914500027981613,0.91561833007129,0.916745366989956,0.917881003876579,0.919025109501795,0.92017755616889,0.921338219619051,0.922506978940674,0.92368371648255,0.924868317770741,0.926060671428993,0.927260669102524,0.928468205385032,0.929683177748807,0.930905486477797,0.932135034603517,0.933371727843695,0.934615474543537,0.935866185619508,0.937123774505554,0.938388157101662,0.939659251724678,0.94093697906131,0.942221262123245,0.943512026204304,0.94480919883958,0.946112709766506,0.947422490887782,0.948738476236125,0.950060601940788,0.951388806195812,0.952723029229963,0.954063213278322,0.955409302555498,0.956761243230433,0.958118983402767,0.959482473080747,0.960851664160661,0.96222651040777,0.963606967438739,0.964992992705538,0.966384545480823,0.967781586844778,0.96918407967343
summer_internationals_2023,summer_internationals,2023,mixed,minutes,primary,10.8283289873995,1.00129567643287,1.00044993297878,0.999607605271262,0.998802156064226,0.998020993017958,0.997240196711556,0.996478963974006,0.995729445547829,0.994984500180256,0.994263391928245,0.99356540183431,0.992869839895129,0.992184923400441,0.991513383576618,0.990867322237205,0.990241085209374,0.9896247979435,0.989058202544631,0.988511589253253,0.987966846907886,0.987425167941809,0.986898545283827,0.986371922625844,0.985845299967862,0.98531867730988,0.984792054651898,0.984273873472472,0.983778590635177,0.983298543395347,0.982818496155517,0.982338448915687,0.981858401675857,0.981378354436027,0.980898307196197,0.980418259956367,0.97994354515344,0.979488771881838,0.979033998610236,0.978579225338634,0.97814526275211,0.977712571263894,0.977279879775677,0.976848886584324,0.976432985402068,0.976047243365562,0.975687604635179,0.975351882121954,0.975016308885705,0.974688885203343,0.974380458440653,0.974073372093021,0.973779417910626,0.973494777824129,0.973210516818512,0.972929711744132,0.972672027091495,0.972428876380868,0.972187417044257,0.971945957707646,0.971704498371035,0.971463039034424,0.971223072480236,0.970992514633897,0.970793313575819,0.970602884579371,0.970421945029328,0.970253810460652,0.97009166273401,0.969936988259339,0.969799179653513,0.969670382830327,0.969568284552515,0.969466538000288,0.969366434412407,0.969272600890602,0.969178767368797,0.969090778721578,0.969078626782492,0.969098370604814,0.969125312510771,0.969152254416727,0.969179196322684,0.969206138228641,0.969256320158404,0.969344238385419,0.969518483878977,0.969763418654201,0.97000853138299,0.970257510735222,0.97051826998728,0.970790385533839,0.971082487923103,0.971392113692222,0.971706148782285,0.972044392955297,0.972384934724035,0.972753247644338,0.973131170295074,0.973515952984803,0.973910238591183,0.974338524289591
summer_internationals_2023,summer_internationals,2023,mixed,tries,primary,0.5067787461652,0.987220207428756,0.986722308576691,0.986246829089059,0.98579277602276,0.985359257962455,0.984945471177173,0.984550688231506,0.984174248458949,0.98381554993906,0.983474042698759,0.983149222917563,0.982840627961871,0.982547832108303,0.982270442843251,0.98200809764701,0.981760461187612,0.981527222862856,0.981308094639629,0.98110280914826,0.980911117996577,0.980732790274038,0.980567611220929,0.980415381041483,0.980275913842938,0.980149036685167,0.980034588727761,0.979932420463257,0.979842393026783,0.979764377573703,0.979698254717971,0.979643914024841,0.979601253552427,0.979570179437275,0.979550605519733,0.979542453005427,0.979545650159589,0.979560132031404,0.979585840205854,0.979622722580878,0.979670733167892,0.979729831913994,0.979799984544344,0.979881162423427,0.979973342434063,0.980076506873177,0.980190643363487,0.980315744780386,0.980451809193404,0.980598839821772,0.980756845003666,0.980925838178841,0.981105837884441,0.981296867763851,0.981498956588568,0.981712138293111,0.981936452023129,0.982171942196896,0.982418658580519,0.982676656377235,0.982945996331306,0.983226744847094,0.983518974124018,0.983822762308214,0.984138193661845,0.984465358751145,0.98480435465442,0.985155285191445,0.985518261175811,0.985893400692069,0.98628082939968,0.986680680866106,0.987093096931651,0.987518228108997,0.987956234020812,0.988407283879211,0.988871557011403,0.989349243436445,0.989840544498698,0.990345673564411,0.990864856788776,0.991398333961884,0.991946359443319,0.992509203196611,0.993087151936581,0.993680510404705,0.994289602790197,0.994914774317487,0.995556393024474,0.996214851760305,0.996890570436796,0.997583998574179,0.99829561818986,0.999025947088826,0.999775542626698,1.00054500603183,1.00133498739238,1.00214619143889,1.00297938428467,1.00383540132684,1.00471515656421,1.00561965365764
summer_internationals_2023,summer_internationals,2023,mixed,try_assists,primary,0.389861289134479,1.02261269918462,1.02152324414276,1.020486509128,1.01949811763322,1.01855433915707,1.01765195921187,1.01678818168576,1.01596055410624,1.01516690952956,1.01440532071865,1.01367406355202,1.01297158746839,1.01229649134591,1.01164750362976,1.01102346581812,1.01042331862978,1.00984609033341,1.00929088683409,1.00875688320022,1.00824331637963,1.00774947890438,1.00727471342294,1.00681840792892,1.00637999157939,1.00595893101525,1.0055547271109,1.00516691209285,1.00479504697702,1.00443871928206,1.0040975409832,1.00377114667595,1.00345919192408,1.00316135176954,1.00287731938547,1.00260680485582,1.00234953406746,1.00210524770258,1.00187370032049,1.00165465951967,1.00144790517176,1.00125322872044,1.00107043253871,1.00089932933917,1.00073974163227,1.00059150122815,1.00045444877827,1.00032843335329,1.00021331205423,1.00010894965402,1.00001521826713,0.99993199704506,0.999859171895586,0.999796635224226,0.999744285696171,0.999702028017349,0.99966977273333,0.999647436044946,0.999634939639595,0.999632210537334,0.99963918095095,0.999655788159275,0.999681974393132,0.999717686733329,0.999762877020233,0.999817501774484,0.999881522128513,0.999954903768539,1.00003761688683,1.00012963614402,1.00023094064138,1.0003415139029,1.00046134386723,1.00059042288951,1.00072874775299,1.00087631969092,1.00103314441847,1.00119923217531,1.00137459777886,1.00155926068886,1.00175324508334,1.00195657994693,1.00216929917168,1.00239144167141,1.00262305151014,1.00286417804553,1.00311487608841,1.00337520607936,1.0036452342837,1.00392503300625,1.00421468082748,1.00451426286278,1.0048238710469,1.00514360444573,1.00547356959809,1.00581388089026,1.00616466096645,1.00652604117906,1.00689816208255,1.00728117397588,1.00767523749867,1.00808052428709
summer_internationals_2023,summer_internationals,2023,mixed,conversion_goals,primary,0.243615913616183,0.694912782404769,0.694914412515529,0.694954501656009,0.695031285324769,0.695143238596639,0.695289001277776,0.695467354696127,0.695677202603188,0.695917555337032,0.696187516595542,0.696486272316163,0.696813081268905,0.697167267052899,0.697548211250599,0.697955347542941,0.698388156627038,0.698846161807884,0.699328925159247,0.69983604416767,0.700367148788549,0.700921898855346,0.701499981792779,0.702101110592832,0.702725022018906,0.703371475008857,0.704040249252064,0.704731143919374,0.705443976527851,0.706178581924822,0.706934811377893,0.707712531759434,0.70851162481559,0.709331986511189,0.710173526443067,0.711036167315284,0.711919844470546,0.712824505472864,0.713750109737123,0.714696628201758,0.715664043041228,0.716652347415384,0.717661545253198,0.718691651068663,0.719742689806923,0.72081469671901,0.721907717263734,0.723021807035531,0.724157031717239,0.725313467056964,0.726491198868333,0.727690323053619,0.728910945649326,0.730153182893978,0.731417161317981,0.732703017855533,0.734010899978702,0.735340965853883,0.736693384520983,0.738068336095785,0.739466011996065,0.740886615192169,0.742330360482854,0.743797474797363,0.745288197524804,0.746802780872077,0.748341490251733,0.749904604701298,0.751492417335806,0.753105235835436,0.754743382970369,0.756407197165221,0.758097033105611,0.759813262389723,0.761556274228006,0.763326476194458,0.765124295033324,0.766950177525409,0.768804591418651,0.770688026428085,0.772600995310864,0.774544035022611,0.776517707962047,0.778522603311592,0.780559338482509,0.782628560674082,0.784730948557432,0.786867214095785,0.789038104514399,0.791244404434915,0.793486938190729,0.795766572341986,0.798084218411191,0.800440835863086,0.802837435355583,0.805275082292067,0.807754900709594,0.81027807754225,0.812845867304576,0.815459597246484,0.818120673038759,0.820830585057248
summer_internationals_2023,summer_internationals,2023,mixed,missed_conversion_goals,primary,0.117337066636819,0.890183577545975,0.890431877903712,0.890691584747244,0.890962539435263,0.89124468236435,0.891537956577541,0.891842307716465,0.892157683976134,0.892484036062317,0.892821317151395,0.893169482852637,0.89352849117281,0.893898302483072,0.894278879488082,0.894670187197267,0.8950721928982,0.895484866132042,0.895908178671001,0.896342104497788,0.896786619786999,0.897241702888444,0.897707334312352,0.898183496716455,0.898670174894928,0.89916735576917,0.899675028380411,0.90019318388415,0.900721815546405,0.90126091874179,0.901810490953422,0.902370531774647,0.902941042912629,0.903522028193795,0.904113493571156,0.904715447133544,0.905327899116781,0.905950861916809,0.906584350104834,0.907228380444513,0.907882971911232,0.908548145713527,0.909223925316718,0.909910336468797,0.91060740722865,0.911315167996695,0.912033651548004,0.912762893068,0.913502930190836,0.914253803040542,0.915015554275067,0.915788229133326,0.916571875485391,0.917366543885958,0.918172287631246,0.91898916281949,0.919817228415206,0.920656546317414,0.921507181432016,0.922369201748569,0.923242678421661,0.924127685857172,0.925024301803676,0.925932607449287,0.926852687524267,0.927784630409747,0.928728528252922,0.929684477089136,0.930652576971281,0.931632932106996,0.932625651004158,0.933630846625238,0.934648636551114,0.935679143154988,0.93672249378714,0.937778820971254,0.938848262613199,0.939930962223149,0.941027069152059,0.942136738843596,0.943260133102701,0.944397420382115,0.945548776088295,0.946714382908302,0.947894431159389,0.949089119163216,0.950298653646782,0.951523250172408,0.952763133599344,0.954018538579848,0.955289710092896,0.956576904019037,0.957880387760302,0.959200440909525,0.960537355973948,0.961891439158558,0.963263011215272,0.96465240836483,0.966059983299145,0.967486106272831,0.968931166293779,0.970395572423994
summer_internationals_2023,summer_internationals,2023,mixed,penalty_goals,primary,0.252256953445008,0.536681278626239,0.536215408983218,0.535765497550756,0.53533130358118,0.534912642643301,0.534509341313382,0.534121236715139,0.533748176093326,0.533390016418505,0.533046624020857,0.532717874251052,0.532403651166423,0.532103847240801,0.531818363096558,0.531547107257534,0.531289995921611,0.531046952751882,0.530817908685382,0.530602801758525,0.53040157694841,0.530214186029299,0.530040587443602,0.529880746186801,0.529734633705805,0.529602227810294,0.529483512596654,0.529378478384189,0.529287121663331,0.529209445055624,0.529145457285319,0.529095173162456,0.529058613577362,0.529035805506554,0.529026782030068,0.529031582360293,0.529050251882441,0.52908284220684,0.529129411233277,0.529190023227687,0.529264748911537,0.529353665564316,0.529456857139608,0.529574414395296,0.529706435038518,0.529853023886083,0.530014293041121,0.530190362086886,0.530381358298659,0.530587416874901,0.530808681188853,0.531045303061968,0.531297443060706,0.531565270818368,0.531848965383886,0.532148715599634,0.532464720510638,0.532797189807773,0.533146344307859,0.533512416473939,0.533895650979354,0.534296305319731,0.534714650477468,0.535150971643883,0.535605569004871,0.536078758596654,0.536570873239094,0.537082263555055,0.537613299085474,0.53816436951118,0.538735885994077,0.539328282652234,0.539942018185586,0.540577577671603,0.541235474553367,0.541916252846218,0.542620489593531,0.543348797607551,0.544101828537614,0.544880276315947,0.545684881040766,0.546516433368149,0.547375779498676,0.548263826862857,0.549181550631984,0.55013000120949,0.551110312894122,0.552123713952504,0.553171538398493,0.554255239854616,0.555376407973336,0.556536788032032,0.557738304498496,0.55898308961242,0.560273518370804,0.561612251783355,0.563002290941779,0.564447045423603,0.565950420984481,0.567516933638351,0.569151860507985,0.57086144297798
summer_internationals_2023,summer_internationals,2023,mixed,missed_penalty_goals,primary,0.0670911759929783,1.02281831945913,1.02320783552317,1.02361020044108,1.02402524527029,1.02445297459008,1.02489339791448,1.02534652960682,1.02581238880345,1.02629099934591,1.02678238972155,1.02728659301197,1.0278036468492,1.02833359337935,1.02887647923336,1.02943235550491,1.03000127773505,1.03058330590365,1.0311785044274,1.03178694216432,1.03240869242473,1.03304383298864,1.03369244612946,1.03435461864411,1.03503044188955,1.03572001182569,1.0364234290648,1.03714079892758,1.03787223150577,1.03861784173171,1.03937774945479,1.04015207952504,1.04094096188407,1.0417445316636,1.04256292929176,1.04339630060752,1.04424479698352,1.04510857545766,1.04598779887384,1.04688263603216,1.04779326184927,1.04871985752907,1.04966261074453,1.05062171583108,1.05159737399232,1.05258979351865,1.05359919001965,1.05462578667096,1.05566981447667,1.05673151254812,1.05781112840022,1.05890891826635,1.06002514743339,1.06116009059784,1.06231403224501,1.06348726705258,1.0646801003205,1.06589284842931,1.06712583932878,1.06837941305966,1.06965392231076,1.07094973301464,1.0722672249848,1.07360679259815,1.07496884552652,1.07635380952154,1.07776212725777,1.07919425923934,1.0806506847761,1.08213190303573,1.08363843417946,1.08517082058934,1.08672962819663,1.08831544792148,1.08992889723567,1.09157062186175,1.09324129762331,1.09494163246341,1.09667236865045,1.09843428519328,1.10022820049063,1.1020549752435,1.1039155156633,1.10581077701387,1.10774176753077,1.10970955276895,1.11171526043749,1.11376008579034,1.11584529765366,1.11797224518444,1.12014236547234,1.12235719211704,1.1246183649391,1.12692764101283,1.12928690724786,1.13169819479313,1.13416369559589,1.1366857815214,1.13926702653224,1.14191023254371,1.14461845972281,1.14739506219296
summer_internationals_2023,summer_internationals,2023,mixed,drop_goals_converted,primary,0.0023241176593627,1.0433971618965,1.03585697225935,1.02832313379357,1.0207892953278,1.01325545686203,1.00572161839625,0.99818777993048,0.990653941464707,0.983120102998934,0.975586264533161,0.968052426067388,0.960518587601616,0.952984749135843,0.945450910670069,0.937917072204297,0.930383233738524,0.922849395272751,0.915315556806978,0.907781718341205,0.900247879875432,0.892714041409659,0.885180202943886,0.877646364478113,0.87011252601234,0.862578687546567,0.855044849080794,0.847511010615021,0.839977172149248,0.832443333683475,0.824909495217702,0.817375656751929,0.809841818286156,0.802307979820383,0.79477414135461,0.787240302888837,0.779706464423064,0.772172625957291,0.764638787491518,0.757104949025745,0.749571110559972,0.742037272094199,0.734503433628426,0.726969595162653,0.71943575669688,0.711901918231107,0.704368079765334,0.696834241299562,0.689300402833788,0.681766564368015,0.674232725902242,0.66669888743647,0.659165048970696,0.651631210504923,0.644097372039151,0.636563533573378,0.629029695107605,0.621495856641832,0.613962018176059,0.606428179710286,0.598894341244513,0.59136050277874,0.583826664312967,0.576292825847194,0.568758987381421,0.561225148915648,0.553691310449875,0.546157471984102,0.538623633518329,0.531089795052556,0.523555956586783,0.51602211812101,0.508488279655237,0.500954441189464,0.493420602723691,0.485886764257918,0.478352925792145,0.470819087326372,0.463285248860599,0.455751410394826,0.448217571929053,0.44068373346328,0.433149894997507,0.425616056531734,0.418082218065961,0.410548379600188,0.403014541134415,0.395480702668642,0.387946864202869,0.380413025737097,0.372879187271323,0.365345348805551,0.357811510339777,0.350277671874005,0.342743833408232,0.335209994942459,0.327676156476686,0.320142318010913,0.31260847954514,0.305074641079367,0.297540802613594,0.290006964147821
summer_internationals_2023,summer_internationals,2023,mixed,drop_goal_missed,primary,0.0109036310893237,0.811723239905633,0.810652854552281,0.809598698199271,0.808559677437416,0.807536059510115,0.80652811880178,0.805536137094545,0.804560403836614,0.803601216422888,0.802658880488552,0.801733710216347,0.8008260286583,0.799936168072732,0.79906447027743,0.798211287019917,0.797376980365824,0.79656192310644,0.79576649918658,0.794991104154009,0.79423614563173,0.793502043814548,0.792789231991431,0.792098157095277,0.791429280281847,0.790783077539732,0.790160040333373,0.789560676281308,0.788985509871987,0.788435083219682,0.787909956863213,0.78741071061044,0.786937944431696,0.786492279405612,0.786074358721063,0.785684848739279,0.785324440120497,0.784993849019948,0.784693818358325,0.784425119172403,0.784188552051933,0.783984948669518,0.783815173410785,0.783680125112857,0.783580738919851,0.783517988265014,0.783492886989992,0.783506491612782,0.783559903757069,0.783654272756922,0.783790798452255,0.78397073419209,0.784195390064413,0.784466136373466,0.78478440738758,0.785151705383202,0.785569605013649,0.786039758034412,0.786563898420487,0.787143847915437,0.787781522056636,0.788478936726589,0.789238215286431,0.790061596354816,0.790951442303539,0.791910248550656,0.792940653742631,0.794045450929583,0.795227599852174,0.79649024047552,0.79783670792518,0.799270549003191,0.800795540489085,0.802415709462513,0.80413535592151,0.80595907801479,0.807891800259197,0.809938805176397,0.812105768858384,0.814398801062218,0.816824490544282,0.819389956477785,0.822102906960146,0.824971705816726,0.828005449153942,0.831214053420618,0.83460835711814,0.838200238779384,0.842002754442601,0.846030298618384,0.850298793738448,0.854825914356347,0.859631354042174,0.864737145114964,0.870168044284641,0.875952001211051,0.882120732338838,0.888710429733131,0.895762644918422,0.903325402273419,0.911454617466763,0.920215927064769
summer_internationals_2023,summer_internationals,2023,mixed,defenders_beaten,primary,1.50865889329026,0.923132274024283,0.922424096490605,0.921760886719576,0.921140663247052,0.920561661200989,0.920022296378147,0.919521136992052,0.919056881124081,0.918628338506621,0.91823441564399,0.917874103538232,0.917546467471658,0.917250638430687,0.916985805852259,0.916751211445599,0.916546143895565,0.9163699342943,0.91622195217886,0.916101602076396,0.916008320477112,0.915941573169855,0.915900852886813,0.915885677213049,0.915895586724058,0.915930143320548,0.915988928734547,0.916071543184978,0.916177604164123,0.916306745339147,0.91645861555514,0.916632877928017,0.916829209017231,0.917047298069602,0.917286846326687,0.917547566389118,0.917829181632132,0.91813142566724,0.918454041845601,0.918796782799169,0.919159410016158,0.919541693447753,0.919943411143339,0.920364348911827,0.920804300006913,0.921263064834337,0.921740450679415,0.922236271453303,0.922750347456588,0.923282505158984,0.92383257699399,0.924400401167515,0.924985821479565,0.925588687158176,0.926208852704857,0.926846177750897,0.92750052692394,0.928171769724309,0.928859780410597,0.929564437894139,0.930285625641967,0.931023231587953,0.931777148051854,0.932547271666036,0.933333503309671,0.934135748050259,0.934953915092369,0.935787917733495,0.936637673327013,0.937503103252211,0.93838413289144,0.939280691614446,0.940192712770014,0.941120133685052,0.942062895671347,0.943020944040208,0.943994228125327,0.944982701314187,0.945986321088452,0.947005049073815,0.948038851099853,0.949087697270552,0.950151562046202,0.951230424337522,0.952324267612942,0.953433080020142,0.954556854523056,0.955695589055738,0.956849286694694,0.958017955851459,0.959201610487495,0.96040027035376,0.961613961257619,0.962842715360193,0.964086571507658,0.96534557560058,0.966619781005955,0.967909249017372,0.969214049369607,0.970534260814933,0.971869971769693,0.97322128104112
summer_internationals_2023,summer_internationals,2023,mixed,clean_breaks,primary,0.652741137310477,0.97741402403086,0.976864765730022,0.976345967376284,0.97585580029091,0.975392653677016,0.97495509980232,0.974541866101694,0.974151812535912,0.97378391304818,0.97343724024924,0.973110952671027,0.972804284082187,0.972516534472591,0.972247062399276,0.971995278450977,0.971760639637954,0.97154264455201,0.971340829171456,0.971154763209116,0.970984046919981,0.970828308299874,0.970687200618267,0.970560400237948,0.970447604681972,0.970348530914625,0.970262913808331,0.970190504772701,0.97013107052545,0.970084391987869,0.970050263290004,0.970028490872754,0.970018892675849,0.970021297402153,0.970035543849977,0.970061480306163,0.970098963993623,0.970147860567781,0.970208043657067,0.970279394443171,0.970361801277289,0.970455159329021,0.970559370264974,0.970674341954437,0.970799988199825,0.970936228489798,0.971082987773229,0.971240196252379,0.971407789193809,0.971585706755727,0.971773893830611,0.971972299902055,0.972180878914928,0.972399589158019,0.972628393158421,0.972867257587037,0.973116153174601,0.973375054637744,0.973643940614649,0.973922793609924,0.974211599948375,0.974510349737407,0.97481903683783,0.975137658842913,0.975466217065549,0.975804716533445,0.976153165992319,0.976511577917093,0.976879968531139,0.977258357833668,0.977646769635405,0.978045231602728,0.978453775310511,0.978872436303944,0.979301254169673,0.979740272616656,0.980189539567174,0.980649107258536,0.981119032356052,0.981599376077961,0.982090204333048,0.98259158787182,0.983103602452191,0.983626329020738,0.984159853910749,0.984704269058392,0.98525967223854,0.985826167321928,0.986403864555573,0.986992880868592,0.987593340205825,0.988205373892018,0.988829121029617,0.989464728933686,0.990112353607883,0.990772160266013,0.991444323904268,0.992129029930025,0.992826474853907,0.993536867052822,0.994260427612873,0.994997391262413
summer_internationals_2023,summer_internationals,2023,mixed,offload,primary,0.894459984520577,0.944716019566233,0.943351537769704,0.942031654221003,0.940754557049599,0.939518609181082,0.938322320637893,0.937164326722004,0.936043370543506,0.934958288851464,0.933908000409822,0.932891496360386,0.931907832155829,0.930956120746897,0.930035526781764,0.929145261629894,0.928284579083487,0.927452771620293,0.926649167135083,0.925873126065143,0.92512403884927,0.924401323670802,0.923704424443965,0.923032809009824,0.922385967513711,0.921763410940563,0.921164669788289,0.920589292862306,0.920036846176901,0.919506911951115,0.918999087688586,0.91851298533222,0.918048230485785,0.917604461695523,0.917181329785768,0.916778497243299,0.916395637645757,0.91603243513006,0.915688583897159,0.915363787749923,0.915057759661285,0.914770221370072,0.914500903002248,0.914249542715483,0.914015886365216,0.913799687190533,0.913600705518352,0.913418708484552,0.913253469770797,0.913104769355944,0.912972393280988,0.912856133426624,0.91275578730257,0.912671157847851,0.912602053241346,0.912548286721931,0.912509676417602,0.912486045183041,0.912477220445086,0.912483034055649,0.912503322151636,0.912537925021456,0.912586686977753,0.912649456236006,0.912726084798673,0.912816428344577,0.91292034612326,0.91303770085403,0.913168358629474,0.913312188823197,0.913469064001585,0.913638859839387,0.913821455038931,0.914016731252813,0.914224573009875,0.914444867644345,0.914677505227975,0.914922378505067,0.915179382830237,0.915448416108818,0.915729378739791,0.916022173561129,0.916326705797472,0.916642883010034,0.916970615048659,0.917309814005947,0.917660394173374,0.918022271999337,0.918395366049062,0.918779596966307,0.919174887436803,0.919581162153392,0.919998347782792,0.92042637293396,0.920865168128005,0.9213146657696,0.92177480011988,0.922245507270762,0.922726725120688,0.923218393351733,0.923720453408074,0.92423284847579
summer_internationals_2023,summer_internationals,2023,mixed,runs,primary,2.05723824917709,1.23152498453418,1.08623571284459,1.07491813085049,1.06647179635346,1.0592754568303,1.05281785838419,1.04686904291789,1.04130468863879,1.0360493141421,1.03105322717206,1.02628168663626,1.02170924611433,1.0173165604576,1.01308846858335,1.00901278389886,1.00507949925929,1.0012802460735,0.997607915326538,0.994056385205783,0.990620320941272,0.987295024799997,0.984076321688926,0.98096047054078,0.977944094699278,0.975024126529101,0.97219776283013,0.969462428566269,0.966815747070144,0.96425551534748,0.961779683438485,0.959386337037226,0.957073682750306,0.954840035511065,0.952683807767585,0.95060350014078,0.948597693308941,0.946665040921909,0.944804263384707,0.943014142379455,0.941293516017462,0.939641274531885,0.938056356436262,0.936537745086327,0.9350844655924,0.933695582037773,0.932370194965175,0.931107439098991,0.929906481275491,0.928766518557241,0.927686776511088,0.926666507631874,0.925704989896372,0.924801525433889,0.923955439301707,0.923166078354956,0.922432810201779,0.921755022235704,0.921132120738096,0.920563530044336,0.920048691768107,0.919587064078769,0.919178121027331,0.91882135191703,0.918516260714907,0.918262365501169,0.918059197953421,0.917906302863173,0.917803237682247,0.91774957209698,0.91774488762827,0.917788777255757,0.917880845064545,0.918020705913048,0.91820798512067,0.918442318174155,0.918723350451546,0.91905073696281,0.919424142106269,0.919843239440059,0.920307711467949,0.920817249438886,0.921371553159743,0.92197033082079,0.922613298833486,0.923300181680256,0.924030711775957,0.92480462934084,0.925621682284828,0.926481626103033,0.927384223782479,0.92832924572006,0.929316469651859,0.930345680593981,0.931416670795196,0.932529239701704,0.933683193934492,0.934878347279813,0.936114520693459,0.937391542319617,0.938709247525253,0.940067478951137
summer_internationals_2023,summer_internationals,2023,mixed,tackles,primary,2.22869831490878,1.2018731434127,1.08361525189993,1.0757664406359,1.07020081836721,1.06559209263127,1.06152429177308,1.05781188459454,1.05435570881095,1.05109641573404,1.04799559367297,1.04502690551418,1.04217147241677,1.03941527429448,1.0367475940847,1.03416003994721,1.03164590541025,1.02919973626126,1.02681702881715,1.02449401443778,1.02222750226532,1.02001476225053,1.01785343666328,1.01574147213349,1.01367706674619,1.01165862834772,1.00968474131868,1.00775413982349,1.00586568607199,1.00401835250174,1.00221120705743,1.00044340093943,0.998714158337387,0.997022767772436,0.995368574752476,0.993750975506661,0.992169411612681,0.99062336536704,0.98911235577724,0.987635935077309,0.986193685685985,0.984785217541126,0.983410165755352,0.982068188547163,0.980758965409294,0.979482195482175,0.978237596105408,0.977024901524324,0.975843861732093,0.974694241430757,0.973575819096908,0.972488386139773,0.971431746141134,0.970405714167955,0.969410116149785,0.968444788314064,0.967509576673317,0.966604336558998,0.96572893219738,0.964883236323477,0.964067129829436,0.963280501444292,0.962523247442329,0.961795271377626,0.961096483842633,0.960426802248893,0.959786150628229,0.959174459452924,0.958591665473577,0.958037711573506,0.957512546638666,0.957016125442226,0.956548408543018,0.956109362197214,0.955698958282652,0.955317174235365,0.954963992997895,0.954639402979117,0.954343398025325,0.954075977402442,0.953837145789269,0.953626913281778,0.953445295408517,0.953292313157273,0.953167993013237,0.953072367008969,0.953005472786574,0.952967353672588,0.952958058766183,0.952977643041395,0.953026167464252,0.95310369912576,0.953210311391929,0.953346084072158,0.953511103607528,0.953705463280811,0.95392926345022,0.954182611809343,0.954465623675985,0.954778422313179,0.955121139286069,0.955493914859085
summer_internationals_2023,summer_internationals,2023,mixed,missed_tackles,primary,1.18408140799128,1.06080499679685,1.01199764872376,1.0090354078188,1.00714392012475,1.00569912782559,1.00450532439423,1.00347523442578,1.00256222053968,1.00173837690857,1.00098564708327,1.00029165399556,0.999647527957353,0.999046683640475,0.998484088191683,0.997955801274957,0.997458674119068,0.996990145834602,0.996548101539113,0.996130771052915,0.995736654983264,0.995364469756888,0.995013106048159,0.994681596861042,0.994369092688816,0.994074841943791,0.993798175366374,0.993538493477419,0.993295256385251,0.99306797543416,0.992856206307227,0.992659543288266,0.992477614455398,0.992310077629335,0.992156616937533,0.992016939884383,0.991890774839867,0.991777868876359,0.991677985896726,0.991590905007469,0.991516419099061,0.991454333602309,0.991404465394962,0.991366641837116,0.991340699917491,0.99132648549554,0.991323852626704,0.991332662960068,0.991352785199302,0.99138409461909,0.991426472630405,0.991479806388879,0.991543988441378,0.991618916406489,0.991704492685253,0.99180062419894,0.991907222151069,0.992024201811254,0.992151482318748,0.992288986503826,0.992436640725378,0.9925943747233,0.992762121484406,0.992939817120787,0.993127400759649,0.993324814443783,0.993532003041951,0.993748914168533,0.993975498111906,0.994211707771071,0.994457498600146,0.994712828560385,0.994977658079474,0.995251950017891,0.995535669642179,0.99582878460507,0.996131264932396,0.996443083016841,0.996764213618592,0.997094633873051,0.997434323305812,0.997783263855159,0.998141439902451,0.998508838310814,0.998885448472635,0.999271262366496,0.999666274624237,1.00007048260901,1.00048388650529,1.00090648942199,1.00133829751005,1.00177932009589,1.00222956983278,1.00268906287193,1.00315781905595,1.00363586213731,1.00412322002533,1.0046199250654,1.00512601435506,1.00564153010234,1.00616652003275,1.0067010378524
summer_internationals_2023,summer_internationals,2023,mixed,rucks_won,primary,2.24119356614926,0.982811246553235,0.881729023998693,0.874302139523148,0.868916070130003,0.86441273547992,0.860426684453332,0.856793416828591,0.853423946563398,0.850264232764086,0.847278706975798,0.84444252347152,0.841737511429642,0.839149887597259,0.836668881604846,0.834285867667485,0.831993793161116,0.829786789371658,0.827659898419051,0.825608876749944,0.823630050556711,0.821720207302239,0.819876512910239,0.818096447561514,0.816377755217892,0.814718403436471,0.813116551009193,0.811570521631609,0.810078782272915,0.808639925252307,0.807252653267014,0.805915766793176,0.80462815341086,0.803388778702068,0.80219667844442,0.801050951879647,0.799950755879654,0.798895299866816,0.797883841371842,0.796915682133603,0.795990164662127,0.795106669199432,0.794264611023747,0.79346343805153,0.792702628698881,0.791981689969936,0.791300155744695,0.790657585242815,0.790053561643338,0.789487690843118,0.788959600339169,0.788468938222147,0.788015372269946,0.787598589131825,0.787218293594788,0.786874207925013,0.786566071278058,0.786293639172438,0.786056683021827,0.785854989721831,0.785688361287799,0.785556614540651,0.785459580838148,0.785397105849437,0.785369049371061,0.785375285182975,0.785415700943415,0.785490198121757,0.785598691968804,0.785741111524173,0.78591739966076,0.786127513166471,0.786371422863703,0.786649113767311,0.786960585282036,0.787305851440692,0.787684941184668,0.788097898688611,0.788544783731498,0.789025672116652,0.78954065614363,0.79008984513536,0.790673366024324,0.791291364002147,0.79194400323747,0.792631467667661,0.793353961870604,0.794111712023631,0.794904966957538,0.795733999314695,0.796599106821393,0.797500613685928,0.798438872135441,0.799414264106299,0.800427203104809,0.801478136257399,0.80256754657213,0.803695955436509,0.804863925380297,0.806072063136266,0.807321023036957,0.808611510791406
summer_internationals_2023,summer_internationals,2023,mixed,rucks_lost,primary,0.604707359839808,1.00218593261687,1.00145882380865,1.00074929720895,1.00005700262147,0.99938160506983,0.998722783813976,0.998080231543111,0.99745365363072,0.996842767445807,0.996247301715141,0.995666995931916,0.995101599806671,0.994550872756804,0.994014583431359,0.993492509268144,0.992984436080487,0.992490157671253,0.992009475471935,0.991542198204869,0.991088141566788,0.99064712793212,0.990218986074542,0.989803550905486,0.989400663228355,0.989010169507365,0.988631921649991,0.988265776802089,0.987911597154853,0.987569249762825,0.987238606372246,0.986919543259094,0.986611941076209,0.986315684708935,0.986030663138793,0.985756769314688,0.985493900031238,0.985241955813802,0.985000840809856,0.984770462686361,0.98455073253281,0.984341564769669,0.984142877061925,0.983954590237508,0.983776628210344,0.983608917907835,0.983451389202553,0.983303974847985,0.983166610418146,0.983039234250916,0.982921787394944,0.982814213560012,0.982716459070711,0.982628472823345,0.982550206245949,0.982481613261337,0.9824226502531,0.982373276034476,0.982333451820041,0.982303141200149,0.982282310118093,0.982270926849929,0.982268961986939,0.982276388420717,0.982293181330838,0.982319318175128,0.982354778682506,0.982399544848428,0.982453600932917,0.98251693346123,0.982589531227167,0.982671385299064,0.982762489028525,0.982862838061927,0.982972430354779,0.983091266188996,0.983219348193173,0.983356681365951,0.983503273102579,0.983659133224791,0.983824274014124,0.983998710248816,0.98418245924445,0.984375540898512,0.984577977739059,0.984789794977696,0.985011020567111,0.985241685263394,0.985481822693454,0.985731469427798,0.985990665059032,0.986259452286446,0.986537877007068,0.986825988413648,0.987123839100039,0.987431485174514,0.9877489863816,0.988076406233073,0.988413812148825,0.988761275608375,0.989118872313906,0.989486682365765
summer_internationals_2023,summer_internationals,2023,mixed,passes,primary,3.66535002680678,0.853328322188814,0.825155752377788,0.821067141775911,0.817560640433315,0.814332502176622,0.811286634611316,0.808379564350657,0.805587577664391,0.802896097972126,0.800295375720083,0.79777846258367,0.795340154595778,0.792976395735271,0.790683920006242,0.788460025699238,0.786302427046906,0.784209153303592,0.7821784780209,0.780208868192002,0.778298946847296,0.776447464987109,0.774653280140397,0.772915339719169,0.771232667906005,0.76960435518649,0.768029549890774,0.76650745128179,0.765037303848787,0.763618392550887,0.76225003881733,0.760931597156352,0.759662452258061,0.758442016501756,0.757269727796998,0.756145047702216,0.755067459775749,0.75403646812288,0.7530515961092,0.752112385216002,0.751218394017658,0.750369197264376,0.749564385056444,0.748803562098363,0.748086347023054,0.747412371777837,0.746781281065138,0.746192731831885,0.74564639280242,0.745141944050491,0.744679076606471,0.744257492096478,0.743876902410512,0.743537029397093,0.743237604582199,0.7429783689106,0.742759072507898,0.742579474461823,0.742439342621496,0.742338453413533,0.742276591674027,0.742253550495556,0.742269131088473,0.742323142655873,0.742415402281683,0.742545734831438,0.742713972865388,0.742919956563628,0.743163533663067,0.743444559406054,0.743762896500631,0.74411841509236,0.744510992747821,0.74494051444988,0.745406872604944,0.74590996706246,0.746449705147015,0.747026001703452,0.74763877915552,0.748287967578669,0.74897350478769,0.749695336440013,0.750453416155632,0.751247705654696,0.752078174914038,0.752944802344017,0.753847574987297,0.754786488741364,0.755761548606871,0.756772768964166,0.757820173880709,0.758903797452446,0.760023684182688,0.761179889402528,0.762372479737468,0.763601533625623,0.764867141893729,0.766169408398178,0.767508450739504,0.768884401060167,0.770297406937226,0.771747632383564
summer_internationals_2023,summer_internationals,2023,mixed,bad_passes,primary,0.891202985654905,1.01775296276388,0.985434090336071,0.981334258396692,0.978042064862768,0.975133784981877,0.972471848276005,0.96999192719641,0.967657630443585,0.965445754028117,0.963340235357644,0.961329273186459,0.959403800226725,0.957556604668965,0.955781791687925,0.954074435935007,0.952430347570177,0.950845909041623,0.949317957733824,0.947843699380529,0.946420642727125,0.945046549250934,0.943719393795323,0.94243733327365,0.941198681447418,0.94000188835013,0.938845523315766,0.937728260840811,0.936648868700179,0.935606197875464,0.934599173954917,0.933626789739461,0.932688098845346,0.931782210136765,0.930908282854617,0.93006552233307,0.929253176215514,0.928470531097268,0.927716909534925,0.926991667372306,0.926294191341105,0.92562389690094,0.924980226288937,0.924362646753412,0.923770648949944,0.923203745481193,0.922661469564354,0.922143373812386,0.921649029116876,0.921178023622045,0.920729961780657,0.920304463483752,0.919901163257089,0.919519709518009,0.919159763887174,0.918821000550227,0.918503105665012,0.918205776810411,0.91792872247333,0.917671661570684,0.917434323003581,0.917216445241184,0.91701777593197,0.916838071540343,0.916677097006747,0.916534625429613,0.91641043776762,0.916304322560895,0.916216075669918,0.916145500031002,0.91609240542731,0.9160566082745,0.916037931420146,0.916036203956163,0.91605126104356,0.916082943748873,0.91613109889174,0.916195578903084,0.916276241693456,0.916372950531143,0.91648557392966,0.916613985544323,0.916758064077626,0.91691769319318,0.917092761438024,0.91728316217315,0.91748879351211,0.917709558267635,0.9179453639062,0.918196122510538,0.918461750750116,0.918742169859645,0.919037305625723,0.919347088381754,0.919671453011338,0.920010338960356,0.920363690258043,0.920731455547379,0.921113588125198,0.921510045992456,0.921920791915206,0.922345793496858
summer_internationals_2023,summer_internationals,2023,mixed,turnovers_conceded,primary,0.968081084038919,1.0237034968249,1.02311552760541,1.0225431655722,1.02198583389637,1.02144299937782,1.02091416776692,1.02039887976954,1.01989670757011,1.01940725179288,1.01893013883564,1.01846501852132,1.01801156202236,1.01756946001988,1.01713842106588,1.01671817012166,1.0163084472497,1.01590900643967,1.01551961455202,1.015140050365,1.01477010371292,1.0144095747051,1.01405827301641,1.01371601724152,1.01338263430581,1.01305795892714,1.012741833123,1.0124341057584,1.01213463213061,1.01184327358686,1.011559897172,1.01128437530321,1.01101658546925,1.01075640995197,1.0105037355681,1.01025845342959,1.01002045872074,1.00978965049079,1.0095659314607,1.00934920784275,1.00913938917222,1.00893638814987,1.00874012049457,1.00855050480524,1.00836746243129,1.0081909173511,1.0080207960578,1.0078570274518,1.00769954273973,1.00754827533918,1.00740316078892,1.00726413666417,1.00713114249661,1.00700411969882,1.00688301149278,1.00676776284229,1.00665832038893,1.00655463239138,1.00645664866799,1.00636432054216,1.00627760079064,1.00619644359437,1.00612080449176,1.00605064033434,1.00598590924451,1.00592657057543,1.00587258487275,1.00582391383827,1.00578052029521,1.00574236815519,1.00570942238678,1.00568164898538,1.00565901494468,1.00564148822925,1.00562903774847,1.00562163333168,1.00561924570435,1.00562184646542,1.00562940806563,1.00564190378675,1.0056593077219,1.00568159475656,1.00570874055061,1.00574072152101,1.00577751482538,1.00581909834626,1.00586545067608,1.00591655110283,1.00597237959635,1.00603291679528,1.00609814399459,1.0061680431337,1.00624259678513,1.00632178814374,1.00640560101644,1.00649401981239,1.00658702953377,1.0066846157669,1.0067867646739,1.00689346298476,1.00700469798982,1.0071204575327
summer_internationals_2023,summer_internationals,2023,mixed,penalties_conceded,primary,0.921841953226211,1.08159261708264,1.05110004845467,1.04949384961984,1.04857471870998,1.04794172276357,1.04746904687228,1.04710052792447,1.04680611384541,1.0465677931204,1.04637388917446,1.04621638123486,1.04608950850725,1.04598898393075,1.04591152345144,1.04585455001787,1.0458159997651,1.04579419072901,1.04578773130839,1.0457954548288,1.04581637173616,1.04584963399474,1.04589450811919,1.04595035443374,1.04601661090102,1.0460927803567,1.0461784203187,1.04627313476766,1.04637656745459,1.04648839640457,1.04660832936626,1.04673610001661,1.04687146477343,1.04701420010118,1.04716410022013,1.04732097514731,1.04748464901265,1.04765495860419,1.04783175210555,1.04801488799543,1.04820423408424,1.04839966666762,1.0486010697798,1.04880833453288,1.04902135852995,1.0492400453424,1.04946430404287,1.04969404878673,1.04992919843614,1.05016967622131,1.05041540943473,1.05066632915433,1.05092236999245,1.05118346986756,1.0514495697964,1.05172061370423,1.05199654825142,1.05227732267454,1.05256288864062,1.05285320011327,1.05314821322943,1.05344788618581,1.05375217913412,1.05406105408425,1.05437447481472,1.05469240678975,1.05501481708238,1.05534167430315,1.05567294853382,1.05600861126582,1.05634863534293,1.05669299490798,1.0570416653532,1.05739462327394,1.05775184642552,1.05811331368301,1.05847900500374,1.05884890139228,1.05922298486783,1.05960123843374,1.05998364604919,1.06037019260269,1.06076086388748,1.0611556465786,1.06155452821158,1.06195749716266,1.06236454263045,1.06277565461895,1.0631908239219,1.06361004210835,1.06403330150942,1.06446059520623,1.06489191701886,1.06532726149644,1.06576662390822,1.06621000023558,1.06665738716513,1.06710878208256,1.0675641830676,1.0680235888897,1.06848699900471,1.06895441355236
summer_internationals_2023,summer_internationals,2023,mixed,yellow_cards,primary,0.0932981661732507,1.09283772224942,1.08786770528608,1.08342030777472,1.07939467732373,1.07571824698875,1.07233678622706,1.06920853721172,1.06630055819433,1.06358633758839,1.06104417797897,1.05865606679905,1.05640686580803,1.05428371588494,1.05227559113547,1.05037295896048,1.04856751686575,1.04685198586237,1.04521994627657,1.04366570580564,1.04218419241464,1.04077086659856,1.0394216489054,1.03813285960564,1.03690116811778,1.03572355033578,1.03459725240699,1.03351975981347,1.03248877084317,1.03150217371742,1.03055802678189,1.02965454127815,1.02879006630045,1.027963075612,1.02717215605076,1.02641599729984,1.02569338283437,1.02500318188669,1.02434434229597,1.0237158841291,1.02311689397627,1.02254651983874,1.02200396653807,1.02148849158592,1.02099940146199,1.0205360482545,1.02009782662374,1.01968417105452,1.01929455336728,1.01892848046191,1.0185854922712,1.01826515990387,1.01796708395947,1.0176908929996,1.0174362421618,1.01720281190399,1.01699030686897,1.01679845485957,1.01662700591622,1.01647573148987,1.01634442370398,1.01623289469998,1.01614097606179,1.0160685183151,1.01601539049832,1.01598147980229,1.01596669127652,1.01597094760053,1.01599418891889,1.0160363727396,1.01609747389552,1.01617748456949,1.01627641438399,1.01639429055686,1.01653115812536,1.01668708024128,1.01686213854044,1.01705643359111,1.0172700854261,1.0175032341648,1.01775604073205,1.01802868768232,1.01832138013868,1.01863434685794,1.01896784143502,1.01932214366177,1.01969756105799,1.02009443059531,1.02051312063813,1.02095403312986,1.02141760605769,1.02190431623493,1.02241468244733,1.02294926901792,1.02350868985604,1.02409361306839,1.02470476622631,1.0253429424027,1.02600900711667,1.02670390635434,1.0274286758733,1.02818445204706
summer_internationals_2023,summer_internationals,2023,mixed,red_cards,primary,0.0376540747787721,1.23654188015865,1.23029693412706,1.22455645802869,1.21923955017278,1.21428403920889,1.20964104772807,1.20527141423393,1.20114325225075,1.19723023638693,1.19351036876467,1.18996507200837,1.18657850976555,1.18333706922133,1.18022896116683,1.17724390683516,1.17437288976507,1.17160795707435,1.16894205874729,1.16636891650364,1.16388291592804,1.16147901706563,1.15915267980805,1.15689980122322,1.15471666260378,1.15259988448008,1.15054638820383,1.14855336298624,1.14661823749089,1.14473865525114,1.14291245331591,1.14113764363422,1.13941239677443,1.13773502764274,1.1361039829214,1.13451782999258,1.13297524715097,1.13147501493913,1.13001600846474,1.12859719058033,1.12721760582363,1.12587637503145,1.12457269055285,1.12330581199757,1.12207506246522,1.12087982520809,1.11971954068748,1.11859370398906,1.1175018625679,1.11644361429834,1.11541860580768,1.11442653107654,1.11346713029149,1.1125401889391,1.11164553713276,1.11078304916668,1.10995264329377,1.10915428172674,1.10838797086399,1.10765376174494,1.10695175074139,1.10628208049502,1.10564494111366,1.10504057164267,1.10446926183108,1.10393135421687,1.10342724655984,1.1029573946565,1.10252231557742,1.10212259137486,1.10175887331727,1.10143188671715,1.10114243643112,1.10089141312551,1.10067980041804,1.10050868302736,1.10037925608802,1.10029283581939,1.10025087177616,1.10025496095558,1.10030686409626,1.10040852457828,1.10056209042863,1.10076994005653,1.10103471249736,1.10135934314344,1.10174710620078,1.10220166545374,1.10272713537673,1.10332815524672,1.10400997974726,1.104778590709,1.10564083624509,1.10660460582978,1.10767905317258,1.10887488359254,1.11020472986996,1.11168365169186,1.11332981129846,1.11516540617158,1.11721798663327,1.11952236741716
summer_internationals_2023,summer_internationals,2023,mixed,metres,primary,1.51039780052963,0.93739002090175,0.936096314235325,0.934940580871469,0.933901523543694,0.932962961102584,0.932112271863077,0.931339390287062,0.93063613657161,0.92999575468268,0.929412585443095,0.928881829754827,0.928399373557427,0.927961656052181,0.927565568872805,0.927208377799835,0.926887661170552,0.926601260839604,0.92634724270378,0.92612386460631,0.925929550000519,0.925762866155857,0.925622505981501,0.925507272757043,0.925416067218941,0.925347876570899,0.925301765076962,0.925276865965496,0.925272374425873,0.925287541521442,0.925321668875192,0.925374104010484,0.925444236249917,0.925531493091994,0.925635336998649,0.925755262537593,0.92589079383229,0.926041482279711,0.926206904502004,0.926386660503209,0.926580372006343,0.926787680949619,0.927008248123494,0.927241751932753,0.927487887269854,0.927746364487604,0.928016908460713,0.92829925772708,0.928593163700785,0.928898389949724,0.929214711531643,0.929541914383058,0.929879794756176,0.930228158699458,0.930586821577977,0.930955607630102,0.931334349557447,0.931722888145305,0.932121071911126,0.932528756778785,0.932945805776689,0.933372088757885,0.933807482140606,0.934251868667747,0.934705137184013,0.935167182429513,0.935637904848768,0.936117210414146,0.936605010462884,0.937101221546894,0.93760576529468,0.938118568284713,0.938639561929732,0.939168682371455,0.939705870385271,0.940251071294527,0.940804234894079,0.941365315382814,0.941934271304924,0.942511065499714,0.943095665059818,0.943688041297703,0.944288169720398,0.944896030012435,0.945511606027012,0.946134885785454,0.946765861485077,0.947404529515608,0.948050890484388,0.948704949250589,0.949366714968791,0.950036201142275,0.950713425686484,0.951398411003165,0.952091184065788,0.952791776516918,0.953500224778325,0.954216570174711,0.954940859072068,0.955673143031818,0.956413478982013,0.957161929407105
rugby_world_cup_2023,rugby_world_cup,2023,mixed,minutes,primary,10.1940855858222,0.98670783413794,0.986113475899205,0.985535896375887,0.984974857807782,0.984424991425824,0.983886158059202,0.983352753417266,0.982844856416683,0.982341032416554,0.981847486516791,0.981362848522582,0.980884580440693,0.980409807769974,0.979942937867297,0.979479780067196,0.979031940150259,0.978605008831469,0.978180427114741,0.977780353817995,0.97738508265265,0.976990847982308,0.976610599294132,0.976247907417421,0.975911998890636,0.97558571838285,0.975272282513763,0.974961697472694,0.974658199931189,0.974360885998452,0.974083897550083,0.973820927394472,0.973558932005973,0.973304674073385,0.97306409846762,0.972823722333781,0.972605457779128,0.972396464546748,0.972187860125105,0.971985968139904,0.971787328683551,0.971613232269364,0.971459123786328,0.971318238801382,0.971187708644055,0.971068613826465,0.970964084429795,0.970886514000417,0.970820408278574,0.970770619503607,0.970721486183651,0.970672352863695,0.970625098004802,0.970589065668396,0.970558079175266,0.970555200638251,0.970569641377878,0.970612948669786,0.970659982470649,0.970735452162586,0.970821328148641,0.970921232931069,0.971036668690758,0.971174293926042,0.971320053956158,0.971507428050183,0.971712310628571,0.971938584502988,0.972188511712863,0.97244598129565,0.972709259182536,0.972987556919482,0.973298078537265,0.973629045459939,0.973970771523901,0.974316035040711,0.974663453632623,0.975010872224536,0.975371763928384,0.97573691991729,0.976122973518406,0.976521393311992,0.976922299914458,0.977345181479505,0.977774811651564,0.978207087633908,0.978647265341565,0.979098660486108,0.979552525071956,0.980012750453731,0.980480496434121,0.980957057160386,0.981443917867241,0.981975494349861,0.982513001906996,0.9830517195786,0.983590981595521,0.984151354137531,0.984747991117727,0.985369529754955,0.985992155469544,0.98663152127764
rugby_world_cup_2023,rugby_world_cup,2023,mixed,tries,primary,0.652033994585492,0.876428222602564,0.876906211243606,0.877419194295294,0.877966003857342,0.878545570800118,0.879156914090051,0.879799131637802,0.880471392395866,0.881172929502212,0.881903034304925,0.882661051133044,0.883446372702741,0.884258436067196,0.8850967190339,0.885960736985675,0.886850040051827,0.887764210584241,0.888702860900065,0.889665631258361,0.890652188042808,0.891662222126537,0.892695447398481,0.893751599433442,0.894830434290465,0.895931727426114,0.89705527271097,0.898200881539178,0.899368382022107,0.9005576182583,0.901768449672849,0.903000750420131,0.9042544088446,0.90552932699491,0.906825420187244,0.908142616614178,0.90948085699587,0.9108400942707,0.912220293322898,0.913621430744927,0.915043494632723,0.916486484412109,0.917950410694944,0.919435295163749,0.92094117048379,0.922468080241719,0.924016078910075,0.925585231837094,0.927175615261422,0.928787316351454,0.930420433269186,0.932075075258579,0.933751362758555,0.935449427540914,0.937169412873553,0.938911473709509,0.940675776902519,0.942462501449862,0.944271838763475,0.946103992970418,0.947959181243977,0.949837634166831,0.951739596127921,0.953665325754842,0.955615096383798,0.957589196569401,0.959587930636847,0.961611619279269,0.963660600203417,0.96573522882709,0.967835879032183,0.969962943977605,0.972116836976765,0.974297992444889,0.976506866921966,0.978743940177801,0.981009716406365,0.98330472551745,0.985629524534589,0.987984699109227,0.990370865162318,0.992788670665907,0.995238797578765,0.997721963951934,1.00023892622206,1.00279048171268,1.00537747136644,1.0080007827341,1.01066135324998,1.01336017382763,1.01609829281433,1.01887682034874,1.02169693317291,1.02455987995753,1.02746698720888,1.03041966583711,1.03341941847862,1.03646784768165,1.03956666508313,1.04271770172859,1.04592291971511,1.04918442537248
rugby_world_cup_2023,rugby_world_cup,2023,mixed,try_assists,primary,0.501134949991114,0.923742456044902,0.924694682059549,0.925675281881998,0.926683311450146,0.927717902610665,0.928778255490931,0.929863631885371,0.930973349475829,0.932106776760486,0.933263328587795,0.9344424622096,0.935643673781803,0.936866495252519,0.938110491587064,0.939375258286916,0.940660419166171,0.941965624354341,0.943290548498799,0.944634889143882,0.945998365266814,0.947380715953257,0.948781699197556,0.950201090814668,0.951638683452397,0.953094285693985,0.954567721242322,0.956058828178072,0.957567458284958,0.959093476436221,0.960636760036952,0.962197198517644,0.963774692874808,0.965369155254973,0.966980508578841,0.968608686202681,0.970253631614446,0.971915298162316,0.973593648813717,0.975288655943032,0.977000301146487,0.978728575082885,0.980473477339017,0.982235016318792,0.984013209155245,0.985808081644752,0.987619668202919,0.98944801184174,0.991293164167749,0.993155185401014,0.995034144414961,0.996930118797115,0.998843194930987,1.00077346809945,1.00272104261012,1.00468603194325,1.00666855892308,1.00866875591334,1.01068676503817,1.01272273842951,1.01477683850256,1.01684923826081,1.01894012163264,1.02104968384142,1.02317813181166,1.02532568461382,1.02749257395077,1.02967904468948,1.03188535544167,1.03411177919773,1.03635860401905,1.03862613379413,1.04091468906479,1.04322460792974,1.04555624703355,1.04790998265029,1.05028621187239,1.05268535391692,1.05510785156297,1.05755417273638,1.06002481225996,1.06252029379091,1.06504117197005,1.06758803481191,1.0701615063698,1.07276224971565,1.07539097028195,1.07804841962179,1.08073539965404,1.08345276747354,1.08620144082333,1.08898240434599,1.09179671675716,1.09464551911724,1.09753004441856,1.10045162875935,1.10341172444526,1.10641191545047,1.10945393579154,1.1125396915287,1.11567128732938,1.11885105883011
rugby_world_cup_2023,rugby_world_cup,2023,mixed,conversion_goals,primary,0.521392950471002,0.528361581849221,0.528047721332661,0.527781084256268,0.527559580206419,0.527381343299597,0.527244682477862,0.527148058583355,0.527090065413834,0.527069413923987,0.527084918939683,0.527135487899856,0.527220111249651,0.527337854189933,0.527487849549856,0.527669291596249,0.527881430629916,0.528123568247263,0.528395053167881,0.528695277546344,0.529023673700553,0.529379711200256,0.529762894268541,0.530172759456548,0.530608873557787,0.531070831733491,0.531558255824592,0.53207079282946,0.532608113529412,0.533169911246502,0.533755900720192,0.534365817091253,0.534999414982812,0.535656467669718,0.536336766328559,0.537040119361638,0.537766351789052,0.538515304703774,0.539286834785311,0.540080813868072,0.540897128561109,0.541735679916379,0.542596383143085,0.543479167366023,0.54438397542629,0.545310763722944,0.546259502094613,0.547230173740304,0.548222775178957,0.549237316247603,0.550273820138231,0.551332323473805,0.55241287642412,0.553515542862526,0.554640400564858,0.555787541452248,0.556957071879875,0.558149112974106,0.559363801020903,0.560601287908892,0.561861741630986,0.563145346849108,0.564452305527199,0.565782837638506,0.567137181954015,0.56851559691991,0.569918361633122,0.571345776925349,0.572798166567547,0.574275878608679,0.575779286864666,0.577308792576014,0.578864826255545,0.580447849751182,0.582058358552953,0.583696884378351,0.585363998076238,0.587060312896726,0.588786488183245,0.590543233553762,0.592331313651212,0.594151553559369,0.596004845000434,0.597892153455518,0.599814526380554,0.601773102729656,0.603769124048236,0.605803947462638,0.607879060976308,0.609996101591088,0.612156876915016,0.614363391107782,0.616617876269828,0.618922830727269,0.621281066140981,0.623695766032006,0.626170559254417,0.628709613296509,0.631317754265488,0.634000623355283,0.636764884083278,0.639618501582221
rugby_world_cup_2023,rugby_world_cup,2023,mixed,missed_conversion_goals,primary,0.117471251388574,0.772743960352178,0.774610196565608,0.776502854960177,0.778420625458935,0.780362430517926,0.782327310689299,0.784314409425423,0.786322960317775,0.788352276319674,0.790401740596693,0.792470798721201,0.794558951983698,0.796665751637465,0.798790793927465,0.800933715781733,0.803094191065193,0.805271927313277,0.807466662876785,0.809678164420807,0.811906224729881,0.814150660779149,0.816411312037603,0.818688038974732,0.820980721746203,0.823289259037868,0.825613567050441,0.827953578609767,0.830309242389804,0.832680522237316,0.835067396588858,0.837469857972065,0.839887912584412,0.842321579943693,0.844770892605407,0.847235895943021,0.849716647987876,0.85221321932613,0.854725693050776,0.857254164767336,0.859798742652389,0.8623595475646,0.864936713208438,0.867530386351266,0.870140727095011,0.872767909204145,0.875412120492235,0.878073563269928,0.880752454857838,0.883449028168482,0.886163532362142,0.88889623358236,0.891647415777673,0.894417381617216,0.897206453508996,0.900014974730939,0.902843310686339,0.905691850297051,0.908561007549799,0.911451223213268,0.914362966746373,0.917296738421242,0.920253071688178,0.923232535814229,0.926235738832168,0.929263330842827,0.932316007721077,0.935394515284478,0.938499653994242,0.941632284270848,0.944793332522191,0.947983798001014,0.951204760631571,0.954457389974053,0.95774295553078,0.96106283864239,0.96441854627783,0.967811727092203,0.971244190215943,0.97471792735358,0.978235138918748,0.981798265125754,0.985410023212968,0.989073452312354,0.99279196793513,0.996569428663019,1.00041021848721,1.00431934942659,1.0083025907407,1.01236663347472,1.01651930261931,1.02076983445972,1.02512924475714,1.02961082600727,1.03423083223851,1.03900944324987,1.04397215744351,1.04915186444673,1.05459203926441,1.06035187573984,1.06651497026852,1.07320498261043
rugby_world_cup_2023,rugby_world_cup,2023,mixed,penalty_goals,primary,0.341413427812676,0.618267160587866,0.616527518248566,0.614811901149015,0.613119777546614,0.611450681141721,0.609804175470664,0.608179851685681,0.606577326574357,0.604996240787463,0.603436257248876,0.601897059725307,0.600378351536763,0.598879854391483,0.597401307331322,0.595942465775502,0.594503100652268,0.593082997609368,0.591681956295422,0.590299789705286,0.588936323583331,0.587591395879335,0.586264856252293,0.584956565618032,0.583666395736976,0.582394228838845,0.581139957281442,0.579903483240987,0.578684718431778,0.577483583853184,0.576300009562216,0.575133934470128,0.573985306161679,0.572854080735838,0.571740222666903,0.57064370468508,0.569564507675758,0.56850262059678,0.567458040413154,0.566430772048716,0.565420828354379,0.564428230092675,0.563453005938391,0.562495192495182,0.561554834328118,0.560631984012217,0.559726702197084,0.558839057687863,0.557969127542791,0.557116997187713,0.556282760548037,0.555466520198656,0.5546683875325,0.553888482948443,0.553126936059436,0.552383885921818,0.551659481286915,0.550953880876126,0.550267253680905,0.54959977928914,0.548951648239664,0.548323062406795,0.547714235417028,0.547125393100238,0.546556773978039,0.546008629792199,0.545481226076408,0.544974842775009,0.544489774912772,0.544026333320251,0.543584845419813,0.543165656078033,0.542769128530889,0.542395645388943,0.542045609730676,0.541719446293157,0.541417602770496,0.541140551231902,0.540888789672872,0.540662843714891,0.540463268471333,0.540290650599824,0.540145610564481,0.540028805135067,0.539940930154494,0.539882723611262,0.539854969059682,0.539858499438192,0.539894201345152,0.539963019842536,0.540065963871398,0.540204112379591,0.540378621282747,0.540590731405102,0.540841777578843,0.541133199121241,0.541466551960505,0.541843522747692,0.542265945378141,0.542735820458509,0.543255338404604,0.543826907054489
rugby_world_cup_2023,rugby_world_cup,2023,mixed,missed_penalty_goals,primary,0.244443891540254,0.466178537468623,0.459736092251071,0.455253772085274,0.451735211855946,0.448795180135891,0.446243595887278,0.443972501945337,0.441914611642027,0.440025107116935,0.438272605750897,0.436634256755144,0.435092890454785,0.433635268184173,0.432250959149058,0.430931592588906,0.429670344081204,0.42846157313884,0.427300561560544,0.426183320660063,0.425106446679861,0.424067010606405,0.423062472996899,0.422090617289407,0.421149496974727,0.42023739330385,0.419352781101111,0.418494300883602,0.417660735937481,0.416850993327659,0.416064088056183,0.415299129761862,0.414555311486488,0.413831900133697,0.413128228323445,0.412443687404438,0.411777721433055,0.411129821963473,0.41049952352229,0.409886399663673,0.409290059519243,0.408710144771531,0.408146326991719,0.407598305292038,0.407065804251075,0.406548572076798,0.406046378977441,0.40555901571489,0.405086292318952,0.40462803694399,0.40418409485206,0.403754327508928,0.403338611781211,0.40293683922451,0.402548915453805,0.402174759588537,0.401814303765864,0.40146749271645,0.401134283397932,0.4008146446819,0.400508557090822,0.400216012581887,0.39993701437522,0.399671576824358,0.399419725327277,0.399181496276612,0.398956937048062,0.39874610602629,0.398549072667924,0.398365917601574,0.398196732765043,0.398041621580224,0.397900699166437,0.397774092593273,0.397661941174298,0.397564396803292,0.397481624335038,0.397413802013034,0.39736112194686,0.397323790642398,0.397302029588513,0.397296075904342,0.397306183051883,0.397332621619198,0.397375680180266,0.397435666238269,0.397512907260028,0.397607751810283,0.397720570795669,0.397851758829551,0.398001735730373,0.398170948167919,0.398359871473847,0.39856901163517,0.398798907492041,0.399050133164269,0.39932330073466,0.399619063221516,0.399938117877629,0.400281209859022,0.400649136313706,0.401042750949046
rugby_world_cup_2023,rugby_world_cup,2023,mixed,drop_goals_converted,primary,0.041916502942329,1.04210352149803,1.04298878964653,1.04388557046104,1.04479368838666,1.04571332350365,1.04664466029697,1.04758788780304,1.04854319976285,1.04951079478162,1.05049087649526,1.0514836537443,1.0524893407553,1.05350815733045,1.05454032904566,1.0555860874576,1.05664567032033,1.05771932181181,1.05880729277112,1.0599098409468,1.06102723125708,1.0621597360626,1.06330763545243,1.06447121754418,1.06565077879896,1.06684662435225,1.06805906836151,1.06928843437168,1.07053505569964,1.07179927583884,1.07308144888547,1.07438193998753,1.07570112581821,1.07703939507548,1.07839714900931,1.07977480197877,1.08117278204077,1.08259153157292,1.08403150793274,1.08549318415601,1.08697704969696,1.08848361121359,1.09001339340134,1.09156693987883,1.09314481412984,1.0947476005057,1.09637590529313,1.09803035785261,1.09971161183324,1.10142034647029,1.10315726797258,1.10492311100732,1.10671864029088,1.108544652295,1.11040197707879,1.112291480258,1.11421406512455,1.11617067493043,1.11816229535192,1.12018995715204,1.12225473906094,1.12435777089667,1.12650023695148,1.12868337967179,1.13090850366395,1.13317698006187,1.13549025129764,1.13784983632195,1.14025733632754,1.14271444103707,1.14522293562531,1.14778470835678,1.15040175903218,1.15307620835218,1.15581030832491,1.15860645386471,1.16146719575581,1.16439525518502,1.16739354008593,1.17046516358269,1.17361346487821,1.17684203300184,1.1801547339183,1.18355574160911,1.18704957387533,1.19064113378576,1.19433575791942,1.19813927284208,1.20205806163661,1.20609914280839,1.21027026455633,1.21458001830359,1.21903797661751,1.22365486236143,1.2284427583315,1.23341537008054,1.23858835965362,1.24397977542072,1.24961061451903,1.25550557203626,1.2616940592277,1.26821161947523
rugby_world_cup_2023,rugby_world_cup,2023,mixed,drop_goal_missed,primary,0.118781754429636,0.92606595674397,0.753172480013952,0.737452221954596,0.72831777485405,0.72188240025332,0.716928087969938,0.712912346962551,0.709545833711885,0.706655869776367,0.704131104998735,0.701895539044664,0.699894991008989,0.698089481375206,0.696448673805963,0.694949011033387,0.693571841315747,0.692302150833059,0.691127681092743,0.690038299035117,0.689025537715114,0.688082254981317,0.68720237556239,0.686380693252674,0.685612717151906,0.684894550700441,0.684222795472588,0.683594473899878,0.683006966637582,0.68245796138033,0.681945410718236,0.681467497197278,0.681022604169772,0.680609291335645,0.680226274112508,0.679872406153167,0.679546664467974,0.679248136716944,0.678976010320519,0.678729563103995,0.678508155243037,0.678311222319573,0.67813826933101,0.677988865522977,0.677862639937981,0.677759277590596,0.677678516194815,0.677620143381748,0.677583994356311,0.677569949950446,0.677577935037962,0.677607917282663,0.677659906197109,0.677733952494441,0.67783014772026,0.677948624155759,0.67808955498723,0.678253154740828,0.678439679985232,0.678649430308513,0.678882749579412,0.679140027507273,0.679421701519238,0.679728258978105,0.680060239769594,0.680418239293799,0.680802911902519,0.68121497483217,0.681655212691316,0.682124482572875,0.682623719874101,0.683153944923087,0.683716270529233,0.684311910597913,0.684942189977153,0.685608555738057,0.686312590132475,0.68705602552322,0.687840761646909,0.688668885650965,0.689542695449524,0.690464727074877,0.691437786870861,0.69246498959525,0.693549803787522,0.694696106141708,0.695908247137361,0.697191130877282,0.698550313035162,0.699992122144282,0.701523811333956,0.703153750313008,0.704891671335615,0.70674898875434,0.708739220713622,0.710878555520721,0.713186627699139,0.715687605983441,0.718411759546878,0.721397783480104,0.724696380320275,0.728376024331663
rugby_world_cup_2023,rugby_world_cup,2023,mixed,defenders_beaten,primary,1.80105878744905,0.788611724173101,0.78747481475069,0.786432088540573,0.785467188958871,0.784569666162044,0.783732206240341,0.78294935688856,0.7822168637106,0.781531291396365,0.780889791739181,0.780289953443806,0.779729700407586,0.779207220225159,0.778720912351575,0.778269349516738,0.777851248349144,0.777465446570762,0.777110884989609,0.776786593066547,0.776491677192783,0.776225311056092,0.775986727639517,0.775775212512423,0.775590098156536,0.775430759129615,0.775296607913571,0.775187091326798,0.77510168740536,0.775039902676715,0.775001269764337,0.774985345273076,0.774991707914102,0.775019956835462,0.775069710129993,0.775140603496986,0.775232289037716,0.775344434168051,0.775476720633853,0.775628843616992,0.775800510921504,0.775991442230896,0.776201368428806,0.776430030976261,0.776677181339636,0.776942580464178,0.77722599828857,0.777527213296574,0.777846012102234,0.778182189065567,0.77853554593596,0.778905891520863,0.779293041377573,0.779696817526177,0.780117048181913,0.780553567505383,0.781006215369213,0.781474837139901,0.781959283473711,0.782459410125587,0.782975077770156,0.783506151833972,0.784052502338249,0.784614003751381,0.785190534850627,0.785781978592388,0.786388221990555,0.787009156002461,0.787644675422011,0.788294678779595,0.788959068248442,0.78963774955708,0.790330631907641,0.791037627899729,0.791758653459624,0.792493627774628,0.793242473232356,0.794005115364818,0.794781482797155,0.795571507200912,0.796375123251742,0.797192268591476,0.798022883794503,0.798866912338403,0.799724300578846,0.800594997728733,0.801478955841622,0.802376129799473,0.803286477304799,0.804209958877292,0.805146537855068,0.80609618040067,0.807058855512006,0.808034535038439,0.809023193702281,0.810024809125979,0.811039361865334,0.812066835449133,0.813107216425652,0.814160494416539,0.815226662178653,0.81630571567454
rugby_world_cup_2023,rugby_world_cup,2023,mixed,clean_breaks,primary,0.800078650247138,0.877504572812345,0.877255650532848,0.87705440525492,0.876898714705788,0.876786655045196,0.876716474610855,0.876686572176909,0.876695478780311,0.87674184240831,0.876824415002368,0.876942041354108,0.877093649559232,0.877278242764026,0.877494891991761,0.877742729877162,0.878020945169085,0.878328777886777,0.87866551503512,0.87903048680036,0.879423063160748,0.879842650857098,0.880288690676792,0.880760655011905,0.881258045657899,0.881780391824243,0.882327248332299,0.88289819397928,0.88349283004989,0.884110778959711,0.884751683016436,0.885415203286822,0.886101018558709,0.886808824388776,0.887538332227778,0.888289268615999,0.889061374442469,0.889854404262239,0.890668125666611,0.891502318701811,0.892356775332043,0.893231298943319,0.894125703884815,0.895039815044862,0.895973467458947,0.896926505947392,0.897898784780596,0.898890167369938,0.899900525982642,0.900929741479046,0.901977703070909,0.903044308099486,0.904129461832265,0.905233077277345,0.906355075014565,0.907495383042561,0.908653936641045,0.909830678247661,0.911025557348867,0.912238530384343,0.913469560664509,0.914718618300806,0.915985680148415,0.917270729761212,0.918573757358747,0.91989475980514,0.921233740599805,0.922590709880007,0.923965684435262,0.92535868773369,0.926769749960461,0.928198908068531,0.929646205841949,0.931111693972036,0.932595430146849,0.93409747915438,0.935617913000018,0.937156811038901,0.938714260123854,0.94029035476969,0.941885197334802,0.943498898221017,0.945131576092873,0.94678335811756,0.948454380226971,0.950144787403428,0.951854733990868,0.953584384033482,0.955333911644033,0.957103501404346,0.958893348800775,0.960703660697802,0.962534655853308,0.964386565479519,0.966259633854137,0.968154118986787,0.97007029334656,0.972008444657274,0.973968876767981,0.975951910607313,0.977957885231567,0.979987158977889
rugby_world_cup_2023,rugby_world_cup,2023,mixed,offload,primary,0.90617015343396,0.919194555608443,0.918978614321967,0.918794087301559,0.918639640949958,0.918514059993854,0.918416232076964,0.918345134957554,0.918299825772228,0.918279431964466,0.918283143566347,0.91831020658931,0.918359917330777,0.918431617442505,0.918524689636664,0.918638553929137,0.918772664337981,0.918926505969655,0.919099592437243,0.919291463564322,0.919501683335686,0.919729838062347,0.919975534733246,0.920238399530315,0.920518076486945,0.920814226272818,0.921126525090397,0.92145466367046,0.921798346355683,0.922157290262761,0.92253122451477,0.922919889536486,0.923323036406308,0.92374042625917,0.924171829735497,0.924617026471836,0.92507580462927,0.925547960456183,0.926033297882292,0.926531628141195,0.927042769419007,0.927566546526842,0.928102790595197,0.928651338788435,0.929212034037765,0.929784724791267,0.930369264779654,0.93096551279656,0.9315733324923,0.932192592180081,0.932823164653811,0.933464927016643,0.934117760519547,0.934781550409199,0.935456185784572,0.936141559461661,0.936837567845808,0.937544110811139,0.938261091586691,0.938988416648788,0.939725995619314,0.94047374116953,0.941231568929098,0.941999397400045,0.942777147875365,0.943564744362023,0.94436211350812,0.945169184534007,0.945985889167139,0.946812161580497,0.947647938334391,0.948493158321495,0.949347762714965,0.950211694919499,0.951084900525217,0.95196732726425,0.952858924969914,0.953759645538388,0.954669442892794,0.955588272949598,0.956516093587257,0.957452864617038,0.958398547755948,0.959353106601718,0.960316506609784,0.961288715072223,0.962269701098606,0.963259435598718,0.964257891267131,0.965265042569594,0.966280865731219,0.967305338726444,0.968338441270777,0.969380154814284,0.970430462536846,0.971489349345176,0.972556801871595,0.973632808474588,0.974717359241157,0.975810445990986,0.976912062282441,0.978022203420447
rugby_world_cup_2023,rugby_world_cup,2023,mixed,runs,primary,2.19566968994098,0.929946372780537,0.916689755002569,0.912246201790388,0.908154982508548,0.904291259917498,0.900607484626567,0.897077665635583,0.893684907800304,0.890417082749042,0.887264918144226,0.88422101388308,0.881279278126345,0.878434577515903,0.875682506864016,0.873019230252519,0.870441367226365,0.867945908761953,0.865530153631691,0.863191659177339,0.860928202531574,0.858737749587449,0.856618429825866,0.854568515647919,0.852586405223706,0.850670608122801,0.848819733171373,0.84703247811087,0.845307620728483,0.843644011200598,0.842040565444048,0.840496259310856,0.839010123493805,0.837581239034791,0.836208733347346,0.834891776680143,0.83362957896063,0.832421386967901,0.831266481792004,0.830164176543508,0.829113814282572,0.828114766141268,0.827166429616673,0.826268227015327,0.825419604032339,0.824620028450591,0.8238689889474,0.823165993997596,0.822510570863313,0.821902264662,0.821340637505137,0.820825267701026,0.820355749015783,0.819931689987284,0.819552713287451,0.819218455128676,0.818928564710705,0.818682703704628,0.818480545770978,0.81832177610926,0.818206091036464,0.818133197592367,0.818102813169645,0.818114665166987,0.818168490663572,0.818264036113439,0.818401057058375,0.81857931785811,0.818798591436673,0.819058659043907,0.819359310031174,0.819700341640424,0.820081558805807,0.820502773967138,0.820963806894532,0.821464484523617,0.822004640800755,0.822584116537783,0.823202759275779,0.823860423157449,0.824556968807726,0.825292263222226,0.82606617966324,0.826878597562949,0.827729402433598,0.82861848578438,0.829545745044799,0.830511083494322,0.831514410198127,0.832555639948793,0.833634693213787,0.834751496088631,0.835905980255633,0.837098082948102,0.838327746919976,0.839594920420803,0.840899557176039,0.842241616372645,0.84362106264997,0.845037866095942,0.846492002248575,0.847983452102867
rugby_world_cup_2023,rugby_world_cup,2023,mixed,tackles,primary,2.11408490685556,0.977771594009677,0.966066923483805,0.963558847412512,0.96130616307863,0.959195996400674,0.957190959956232,0.955273056298273,0.953431735724469,0.951660003304692,0.949952818459581,0.948306328878067,0.946717461349871,0.94518368420603,0.943702859989571,0.942273149066987,0.940892943722408,0.939560821400381,0.938275510483085,0.937035864567327,0.935840842684317,0.934689493786665,0.933580944371995,0.932514388460171,0.931489079369175,0.930504322888093,0.92955947155117,0.928653919791039,0.927787099802231,0.926958477984621,0.926167551864995,0.925413847416227,0.924696916709803,0.924016335849862,0.923371703146565,0.922762637494248,0.922188776925772,0.921649777319301,0.921145311237626,0.920675066883253,0.920238747155072,0.919836068794526,0.919466761610925,0.919130567777051,0.918827241187368,0.918556546872207,0.918318260462168,0.918112167697691,0.917938063979402,0.917795753955366,0.91768505114185,0.917605777574605,0.917557763487993,0.917540847019638,0.917554873938498,0.917599697394518,0.917675177688205,0.917781182058662,0.917917584488775,0.918084265526385,0.918281112120392,0.918508017470887,0.918764880892467,0.919051607690013,0.919368109046271,0.919714301920675,0.920090108958907,0.92049545841275,0.920930284069869,0.921394525193183,0.921888126469585,0.922411037967771,0.922963215105022,0.92354461862282,0.924155214571219,0.924794974301941,0.92546387447023,0.926161897045507,0.926889029330947,0.92764526399215,0.92843059909509,0.929245038153632,0.930088590186925,0.930961269787053,0.931863097197402,0.932794098402239,0.933754305228136,0.934743755457878,0.935762492957674,0.936810567818521,0.93788803651275,0.938994962066864,0.940131414251976,0.94129746979328,0.942493212600223,0.943718734019229,0.944974133111111,0.946259516955573,0.947575000985553,0.948920709354558,0.950296775340558,0.951703341790582
rugby_world_cup_2023,rugby_world_cup,2023,mixed,missed_tackles,primary,1.27958664543411,0.919239079988923,0.919210426252896,0.919193504518906,0.919188192464358,0.919194371914793,0.919211928643864,0.919240752196579,0.919280735724168,0.919331775829587,0.91939377242283,0.919466628585257,0.919550250442242,0.919644547043503,0.919749430250548,0.919864814630695,0.919990617357209,0.920126758115104,0.920273159012222,0.920429744495221,0.920596441270149,0.920773178227281,0.920959886369957,0.921156498747151,0.921362950389542,0.92157917824886,0.921805121140319,0.922040719687932,0.922285916272553,0.92254065498248,0.922804881566463,0.923078543389003,0.923361589387787,0.923653970033159,0.923955637289514,0.92426654457851,0.924586646744008,0.924915900018638,0.925254261991931,0.925601691579916,0.92595814899613,0.926323595723953,0.92669799449023,0.927081309240099,0.927473505112979,0.927874548419668,0.928284406620499,0.928703048304514,0.929130443169601,0.929566562003574,0.930011376666135,0.930464860071706,0.930926986173081,0.931397729945877,0.931877067373743,0.932364975434325,0.932861432085923,0.933366416254858,0.933879907823493,0.934401887618904,0.934932337402179,0.935471239858327,0.93601857858677,0.936574338092419,0.937138503777306,0.937711061932759,0.938291999732117,0.938881305223958,0.939478967325844,0.940084975818559,0.940699321340841,0.941321995384598,0.941952990290587,0.942592299244575,0.943239916273943,0.943895836244758,0.944560054859288,0.945232568653962,0.94591337499777,0.946602472091105,0.947299858965039,0.948005535481032,0.948719502331068,0.949441761038237,0.950172313957735,0.950911164278304,0.9516583160241,0.952413774057003,0.953177544079364,0.95394963263718,0.954730047123736,0.955518795783675,0.956315887717531,0.957121332886722,0.957935142119,0.958757327114386,0.959587900451568,0.9604268755948,0.961274266901293,0.962130089629108,0.962994359945573,0.963867094936222
rugby_world_cup_2023,rugby_world_cup,2023,mixed,rucks_won,primary,2.25925955685298,0.817122720393071,0.814312882766176,0.811625215014436,0.809046714242341,0.806567317252678,0.80417899773799,0.801875197713757,0.799650451891327,0.797500129727839,0.79542025253891,0.79340736030567,0.791458412429085,0.789570712304149,0.787741848999654,0.785969651473164,0.784252152137463,0.782587557515079,0.780974224342199,0.779410639916229,0.777895405786647,0.776427224107851,0.775004886132219,0.773627262439251,0.772293294584643,0.771001987919576,0.769752405381303,0.768543662095257,0.767374920659383,0.766245387005345,0.76515430675016,0.764100961966919,0.763084668315364,0.762104772482864,0.761160649894296,0.760251702655838,0.759377357703023,0.75853706512782,0.757730296663185,0.756956544306582,0.756215319066537,0.755506149818454,0.754828582257748,0.754182177939886,0.753566513398279,0.752981179332047,0.752425779856697,0.751899931811551,0.751403264118491,0.75093541718722,0.750496042362753,0.750084801411358,0.749701366041537,0.749345417457035,0.749016645939151,0.748714750455923,0.748439438295988,0.748190424725146,0.74796743266385,0.747770192383995,0.747598441223558,0.747451923317755,0.747330389345513,0.747233596290152,0.747161307213283,0.747113291041005,0.747089322361558,0.747089181233678,0.74711265300494,0.747159528139449,0.747229602054285,0.747322674964158,0.747438551733765,0.747577041737392,0.747737958725324,0.747921120696676,0.748126349778271,0.748353472109228,0.748602317730953,0.748872720482224,0.749164517899123,0.749477551119538,0.749811664792022,0.750166706988787,0.750542529122617,0.750938985867533,0.751355935083023,0.751793237741675,0.752250757860063,0.752728362432746,0.75322592136925,0.753743307433903,0.754280396188419,0.754837065937122,0.75541319767471,0.75600867503647,0.756623384250862,0.757257214094392,0.7579100558487,0.758581803259804,0.75927235249944,0.75998160212843
rugby_world_cup_2023,rugby_world_cup,2023,mixed,rucks_lost,primary,0.57658324932624,1.01420767538976,1.01289773659105,1.01164330122404,1.01044052403209,1.00928607615959,1.00817704730497,1.00711087110592,1.00608526727517,1.00509819605762,1.00414782190646,1.00323248416357,1.00235067313616,1.00150101038334,1.00068223232535,0.999893176502912,0.999132769971002,0.998400019427046,0.997694002760347,0.997013861774947,0.996358795888368,0.995728056647302,0.995120942931472,0.994536796740569,0.993974999477908,0.993434968659416,0.992916154988577,0.992418039747678,0.991940132463621,0.991481968813035,0.99104310873675,0.990623134738127,0.990221650343388,0.989838278705165,0.989472661333073,0.989124456937277,0.988793340372853,0.988479001674327,0.988181145171095,0.987899488675581,0.987633762736953,0.9873837099541,0.98714908434226,0.986929650748366,0.986725184310705,0.986535469958974,0.986360301951254,0.986199483444764,0.986052826097619,0.985920149699076,0.985801281826018,0.985696057523666,0.985604319008677,0.985525915392991,0.985460702426953,0.985408542260358,0.985369303220206,0.985342859604086,0.985329091488176,0.985327884548993,0.985339129898043,0.98536272392868,0.985398568174481,0.985446569178569,0.985506638373328,0.985578691970044,0.98566265085805,0.985758440512982,0.985865990913831,0.985985236468496,0.986116115947583,0.986258572426252,0.986412553233942,0.986578009911825,0.986754898177913,0.98694317789973,0.987142813074548,0.98735377181718,0.987576026355366,0.987809553032864,0.988054332320333,0.988310348834183,0.988577591363601,0.98885605290598,0.989145730711056,0.989446626334099,0.989758745698544,0.990082099168529,0.99041670163186,0.99076257259399,0.991119736283694,0.991488221771185,0.99186806309953,0.992259299430334,0.992661975204755,0.993076140321083,0.99350185033024,0.993939166650741,0.994388156804852,0.994848894677896,0.995321460802911,0.995805942673162
rugby_world_cup_2023,rugby_world_cup,2023,mixed,passes,primary,3.4411828484489,0.835262388285772,0.832825427887754,0.830454333245936,0.82814705225169,0.825901786427594,0.82371693471734,0.821591054352529,0.819522832590417,0.817511065658851,0.815554642648772,0.813652532907681,0.811803775977076,0.810007473422244,0.808262782099153,0.80656890853296,0.804925104170612,0.803330661330922,0.801784909718573,0.800287213399522,0.798836968157969,0.797433599171975,0.796076558957519,0.794765325540548,0.793499400824087,0.792278309123377,0.791101595846653,0.789968826302893,0.788879584620847,0.787833472766107,0.78683010964492,0.785869130285113,0.784950185085847,0.78407293912903,0.783237071546198,0.782442274935442,0.78168825482366,0.780974729169984,0.780301427906747,0.779668092514734,0.779074475629903,0.778520340679015,0.778005461541935,0.777529622238595,0.777092616638825,0.776694248193445,0.776334329685204,0.776012682998248,0.775729138904996,0.775483536869372,0.775275724865474,0.775105559210843,0.774972904413602,0.774877633032786,0.774819625551281,0.774798770260851,0.774814963158778,0.774868107855719,0.774958115494425,0.775084904679016,0.775248401414558,0.775448539056735,0.775685258271437,0.775958507004155,0.776268240459078,0.776614421087862,0.776997018588055,0.777416009911215,0.777871379280793,0.778363118219892,0.778891225589062,0.77945570763432,0.780056578045643,0.780693858026223,0.781367576372813,0.782077769567563,0.782824481881796,0.783607765492208,0.784427680610093,0.785284295624218,0.786177687258062,0.787107940742247,0.788075150003027,0.789079417867867,0.790120856289198,0.791199586587615,0.792315739715883,0.793469456545301,0.794660888176146,0.79589019627412,0.797157553434946,0.798463143579523,0.799807162382344,0.801189817736215,0.802611330256696,0.804071933830123,0.805571876209589,0.80711141966385,0.808690841684787,0.810310435759886,0.811970512217089,0.813671399150518
rugby_world_cup_2023,rugby_world_cup,2023,mixed,bad_passes,primary,0.876484240735057,0.937106396454116,0.936187885623848,0.935302629413349,0.934449251099041,0.933626511656634,0.932833289296496,0.932068562963385,0.931331398871037,0.93062093940048,0.929936393861762,0.92927703074097,0.92864217114313,0.928031183206935,0.927443477315982,0.926878501968014,0.926335740191717,0.925814706422292,0.925314943763849,0.924836021579909,0.924377533363742,0.923939094848654,0.923520342324999,0.923120931136139,0.922740534329994,0.922378841446419,0.92203555742363,0.921710401609378,0.921403106864592,0.921113418748958,0.920841094779315,0.92058590375299,0.920347625129189,0.920126048462486,0.919920972883143,0.91973220661969,0.9195595665597,0.919402877845211,0.919261973499612,0.919136694083227,0.919026887375082,0.918932408078659,0.918853117549661,0.918788883544019,0.918739579984564,0.918705086744954,0.918685289449586,0.918680079288346,0.918689352845176,0.918713011939548,0.918750963479989,0.918803119328935,0.918869396178235,0.918949715434685,0.919044003115082,0.919152189750272,0.91927421029779,0.919410004062682,0.919559514626179,0.919722689781898,0.919899481479329,0.920089845774346,0.920293742786571,0.920511136663393,0.920741995550531,0.920986291569008,0.921244000798465,0.921515103266752,0.921799582945776,0.922097427753587,0.922408629562732,0.922733184214925,0.923071091542107,0.923422355393987,0.923786983672204,0.92416498837126,0.924556385626412,0.924961195768729,0.925379443387588,0.925811157400862,0.926256371133147,0.926715122402372,0.927187453615204,0.927673411871687,0.928173049079627,0.928686422079259,0.929213592778823,0.929754628301714,0.93030960114595,0.9308785893568,0.931461676713451,0.932058952930755,0.932670513877134,0.933296461809887,0.933936905629253,0.934591961152718,0.935261751411254,0.935946406969307,0.936646066270601,0.937360876012019,0.93809099154812,0.938836577329087
rugby_world_cup_2023,rugby_world_cup,2023,mixed,turnovers_conceded,primary,0.997891785599757,1.0092341021452,1.00877722569964,1.00835028132327,1.00795031936185,1.00757490180284,1.0072219866683,1.00688984364644,1.00657699130772,1.00628214957363,1.00600420317677,1.00574217318079,1.00549519450455,1.00526249798303,1.00504339590101,1.0048372702165,1.00464356289033,1.00446176788127,1.00429142447073,1.00413211165757,1.00398344342144,1.00384506469597,1.0037166479264,1.00359789011127,1.00348851024766,1.00338824711481,1.0032968573427,1.00321411372232,1.00313980372142,1.00307372817615,1.00301570013353,1.00296554382427,1.00292309374817,1.00288819385747,1.00286069682557,1.00284046339048,1.00282736176384,1.00282126709763,1.00282206100191,1.00282963110773,1.00284387067007,1.00286467820659,1.00289195716814,1.00292561563791,1.00296556605607,1.00301172496747,1.00306401279007,1.00312235360208,1.003186674946,1.00325690764814,1.00333298565194,1.00341484586416,1.00350242801253,1.0035956745141,1.00369453035323,1.00379894296853,1.00390886214791,1.00402423993128,1.00414503052007,1.00427119019331,1.0044026772295,1.00453945183417,1.00468147607245,1.00482871380645,1.00498113063713,1.00513869385028,1.00530137236647,1.00546913669461,1.005641958889,1.00581981250963,1.00600267258554,1.00619051558111,1.00638331936515,1.00658106318257,1.00678372762866,1.00699129462566,1.00720374740185,1.00742107047268,1.00764324962419,1.00787027189851,1.0081021255814,1.00833880019181,1.00858028647337,1.00882657638788,1.00907766311062,1.00933354102764,1.00959420573493,1.00985965403939,1.01012988396184,1.01040489474178,1.01068468684422,1.01096926196835,1.0112586230583,1.01155277431588,1.01185172121539,1.01215547052067,1.01246403030427,1.01277740996899,1.01309562027173,1.01341867334995,1.01374658275058,1.01407936346179
rugby_world_cup_2023,rugby_world_cup,2023,mixed,penalties_conceded,primary,0.937871891676891,0.989779254349184,0.989757324665949,0.989745297822735,0.989742637751466,0.989748876484775,0.989763602204657,0.989786449876079,0.989817093808418,0.989855241682781,0.989900629707949,0.989953018655344,0.990012190585847,0.990077946126467,0.990150102187968,0.990228490039074,0.990312953671279,0.990403348402215,0.990499539676174,0.990601402028626,0.99070881818795,0.990821678292617,0.990939879206054,0.991063323914523,0.991191920995935,0.99132558414952,0.991464231777928,0.991607786614702,0.991756175391153,0.991909328537575,0.992067179914516,0.992229666570404,0.992396728522393,0.992568308557723,0.992744352053221,0.992924806810949,0.993109622908208,0.993298752560374,0.993492149995214,0.993689771337501,0.993891574502895,0.99409751910018,0.994307566341033,0.994521678956625,0.99473982112041,0.994961958376543,0.995188057573409,0.995418086801832,0.995652015337541,0.995889813587542,0.99613145304007,0.996376906217819,0.996626146634197,0.996879148752357,0.997135887946794,0.997396340467309,0.99766048340516,0.997928294661245,0.998199752916155,0.998474837601982,0.99875352887574,0.999035807594299,0.999321655290725,0.999611054151929,0.999903986997542,1.00020043725994,1.00050038896531,1.0008038267158,1.00111073567249,1.00142110153934,1.00173491054798,1.00205214944317,1.00237280546913,1.00269686635644,1.00302432030975,1.00335515599593,1.00368936253292,1.00402692947912,1.00436784682327,1.00471210497484,1.00505969475493,1.00541060738752,1.0057648344913,1.00612236807173,1.00648320051362,1.00684732457401,1.00721473337545,1.00758542039953,1.00795937948086,1.00833660480122,1.00871709088412,1.00910083258956,1.00948782510909,1.00987806396118,1.01027154498671,1.01066826434489,1.01106821850922,1.0114714042638,1.01187781869983,1.01228745921229,1.01270032349684,1.01311640954694
rugby_world_cup_2023,rugby_world_cup,2023,mixed,yellow_cards,primary,0.094734651749402,1.0052272298226,1.00365558439897,1.00216154128469,1.00073808005336,0.999379310867895,0.998080227849361,0.996836529017767,0.995644481660263,0.994500819785639,0.993402664722738,0.992347462728846,0.991332935312527,0.990357039206113,0.989417933763918,0.988513954147346,0.987643589072133,0.986805462190497,0.985998316397868,0.985221000513975,0.984472457907795,0.9837517167263,0.983057881456056,0.982390125599992,0.981747685293138,0.981129853713686,0.980535976171477,0.979965445776556,0.979417699606917,0.978892215307909,0.978388508066586,0.977906127913187,0.97744465730922,0.977003708987667,0.976582924015876,0.976181970055889,0.975800539800514,0.97543834956641,0.975095138027997,0.974770665078177,0.974464710803662,0.974177074564314,0.973907574167292,0.973656045127941,0.973422340010448,0.973206327842164,0.973007893596318,0.97282693773853,0.972663375833199,0.972517138206384,0.972388169662324,0.972276429251221,0.972181890086316,0.972104539208741,0.972044377498953,0.972001419633969,0.971975694089945,0.971967243189983,0.971976123197405,0.972002404455071,0.97204617157165,0.972107523656129,0.972186574602216,0.972283453424692,0.972398304650174,0.972531288765232,0.972682582725288,0.972852380528269,0.973040893857586,0.973248352799707,0.973475006642301,0.973721124759811,0.973986997594244,0.974272937740067,0.974579281143313,0.974906388426423,0.97525464635198,0.975624469440337,0.976016301758334,0.97643061889879,0.97686793017339,0.977328781045023,0.977813755829632,0.978323480702401,0.978858627048682,0.979419915206749,0.980008118657423,0.980624068725092,0.981268659866158,0.981942855634756,0.982647695432456,0.983384302169187,0.984153890987919,0.984957779236784,0.985797397911107,0.986674304836295,0.987590199923565,0.988546942907927,0.989546574076805,0.990591338625193,0.991683715439036,0.992826451326035
rugby_world_cup_2023,rugby_world_cup,2023,mixed,red_cards,primary,0.0144936278630986,1.09223821901798,1.08881177171748,1.08542429744685,1.08207410233882,1.07875961442284,1.07547936807218,1.07223199438238,1.06901621262565,1.06583082263945,1.06267469802851,1.05954678007776,1.05644607228805,1.05337163545947,1.05032258325714,1.04729807820356,1.04429732804869,1.04131958247565,1.03836413010525,1.03543029576706,1.0325174380089,1.02962494681998,1.02675224154597,1.02389876897659,1.02106400158891,1.0182474359311,1.01544859113342,1.01266700753431,1.00990224541118,1.00715388380626,1.00442151943897,1.0017047656974,0.999003251701764,0.996316621433905,0.993644532927193,0.990986657511803,0.988342679110869,0.985712293583406,0.983095208110284,0.980491140619865,0.977899819250256,0.975320981845363,0.972754375482213,0.97019975602722,0.967656887719256,0.965125542777614,0.962605501033045,0.960096549580275,0.957598482450474,0.955111100302329,0.952634210130422,0.950167624989777,0.947711163735485,0.945264650776426,0.94282791584215,0.940400793762105,0.937983124256397,0.935574751737374,0.933175525121361,0.930785297649907,0.928403926719992,0.926031273722626,0.92366720388936,0.921311586146243,0.91896429297477,0.916625200279447,0.914294187261573,0.911971136298897,0.909655932830818,0.907348465248824,0.905048624791876,0.902756305446476,0.90047140385116,0.898193819205185,0.895923453181187,0.893660209841596,0.891403995558624,0.889154718937634,0.886912290743723,0.88467662383135,0.882447633076865,0.880225235313787,0.878009349270705,0.875799895511667,0.873596796378933,0.871399975937994,0.869209359924736,0.867024875694649,0.864846452173992,0.86267401981282,0.860507510539782,0.858346857718622,0.856191996106294,0.854042861812621,0.851899392261439,0.849761526153141,0.847629203428585,0.845502365234281,0.843380953888824,0.841264912850499,0.83915418668603,0.837048721040407
rugby_world_cup_2023,rugby_world_cup,2023,mixed,metres,primary,1.37977961126975,0.887145468341869,0.887104299374963,0.887142450010032,0.887252913666069,0.887429779304491,0.887667990677926,0.887963171428319,0.888311495039119,0.888709586164859,0.889154444427336,0.88964338463147,0.89017398920195,0.89074406986484,0.891351636426053,0.891994871070331,0.892672107006484,0.893381810572154,0.894122566120178,0.894893063162207,0.89569208535985,0.896518501039936,0.897371254976412,0.898249361232067,0.899151896892757,0.900077996557681,0.901026847473733,0.901997685221418,0.902989789875454,0.90400248257578,0.905035122455005,0.906087103876655,0.907157853945551,0.908246830257295,0.909353518858654,0.910477432394524,0.911618108420549,0.912775107863236,0.913948013611784,0.915136429227873,0.916339977761385,0.917558300661473,0.918791056773698,0.920037921415021,0.921298585519383,0.922572754847448,0.923860149254755,0.925160502013198,0.926473559181255,0.927799079018896,0.92913683144349,0.930486597523446,0.931848169006599,0.933221347880692,0.934605945963523,0.936001784520591,0.937408693908253,0.938826513240608,0.940255090078474,0.941694280138987,0.943143947024467,0.944603961969336,0.946074203603971,0.947554557734462,0.949044917137374,0.950545181368641,0.95205525658584,0.953575055383134,0.955104496638256,0.956643505370932,0.958192012612241,0.959749955284415,0.961317276090649,0.962893923414547,0.96447985122883,0.966075019013009,0.967679391679751,0.969292939509684,0.97091563809443,0.972547468287706,0.974188416164315,0.97583847298693,0.977497635180567,0.979165904314687,0.980843287092882,0.982529795350153,0.984225446057776,0.985930261335817,0.987644268473371,0.98936749995662,0.991099993504845,0.99284179211457,0.994592944112019,0.996353503214131,0.9981235285984,0.999903084981842,1.00169224270945,1.00349107785254,1.00529967231737,1.00711811396467,1.00894649674046,1.01078492081889
six_nations_2024,six_nations,2024,north,minutes,primary,9.30048937281656,0.953526081552708,0.953517793272993,0.95351744018949,0.953567056785557,0.953616673381623,0.953666289977689,0.953715906573755,0.953771436590844,0.953830208949851,0.953905166359392,0.95399187620726,0.954078687698117,0.954167395006969,0.954256102315823,0.95435059917467,0.954465754182872,0.954604470650518,0.954753228982491,0.954921142676715,0.955089056370939,0.955256970065162,0.955424883759386,0.955592797453609,0.955760711147833,0.955930340278431,0.95613278216121,0.956373992881477,0.956630841036838,0.956887689192198,0.957156873748691,0.95744027403266,0.957749883719748,0.9580664655735,0.958385256720259,0.958704047867017,0.959022839013775,0.95935060012119,0.959684648431848,0.960040939236922,0.960411085191813,0.960781231146705,0.961171238466628,0.96157545349921,0.96198730690697,0.962406381037373,0.962825455167775,0.963244529298178,0.96366360342858,0.964082677558983,0.964518558043419,0.964965188986659,0.965411819929899,0.965858450873139,0.966305081816379,0.966751712759619,0.967198343702859,0.967654509979556,0.968112409249472,0.968570308519388,0.969028207789304,0.96948610705922,0.969944006329136,0.970405787965288,0.97087044302869,0.971335098092092,0.971800465431857,0.972276617461664,0.972754464877054,0.973232312292444,0.973720167293694,0.974222523963405,0.974729961244163,0.97525659570427,0.975813830373592,0.976371106157273,0.976932070623762,0.97750102845868,0.978069986293598,0.978638944128516,0.979207901963435,0.979776859798353,0.980345817633272,0.98091477546819,0.981483733303109,0.982052691138027,0.982621648972945,0.983190606807864,0.983767090923699,0.984363915065281,0.984963489166405,0.985638936256177,0.986318661711938,0.987004137096416,0.987761553212966,0.988536279449206,0.989325337031012,0.990133812190028,0.990942287349043,0.991756286432255,0.992596682369453,0.993437078306651
six_nations_2024,six_nations,2024,north,tries,primary,0.4677485290865,0.991497073218012,0.99063129936968,0.989775315233242,0.988929051894137,0.988092446331499,0.987265440942721,0.986447983277916,0.985640025796158,0.984841525641559,0.984052444437431,0.983272748096976,0.982502406649121,0.981741394078226,0.980989688176567,0.980247270408576,0.979514125785923,0.978790242752642,0.978075613079547,0.977370231767275,0.976674096957368,0.975987209850825,0.975309574633659,0.97464119840899,0.973982091135284,0.97333226557037,0.972691737220899,0.972060524296947,0.971438647671497,0.970826130844543,0.970222999911609,0.969629283536467,0.969045012927892,0.968470221820281,0.967904946457995,0.967349225583303,0.966803100427809,0.966266614707262,0.965739814619674,0.965222748846662,0.964715468557953,0.964218027419017,0.963730481601762,0.963252889798293,0.962785313237686,0.96232781570579,0.961880463568043,0.961443325795318,0.961016473992813,0.960599982432017,0.960193928085782,0.959798390666552,0.959413452667801,0.959039199408744,0.9586757190824,0.958323102807074,0.957981444681387,0.957650841842908,0.957331394530554,0.957023206150849,0.956726383348204,0.956441036079353,0.956167277692121,0.955905225008704,0.95565499841365,0.955416721946758,0.955190523401117,0.954976534426541,0.95477489063866,0.954585731733957,0.954409201611067,0.954245448498667,0.954094625090329,0.953956888686717,0.95383240134557,0.953721330039916,0.953623846825013,0.953540129014564,0.953470359366789,0.953414726280967,0.953373424005162,0.953346652855852,0.953334619450282,0.953337536952425,0.953355625333495,0.953389111648084,0.953438230327033,0.953503223488318,0.953584341267298,0.953681842167837,0.953795993435937,0.953927071457711,0.954075362183668,0.954241161581531,0.954424776120015,0.954626523286258,0.954846732139888,0.95508574390706,0.955343912618145,0.955621605793209,0.955919205179889,0.956237107548839
six_nations_2024,six_nations,2024,north,try_assists,primary,0.357116249329936,0.9932780880904,0.992773467769643,0.992278153525176,0.991792081011269,0.991315189848738,0.9908474232419,0.990388727848253,0.989939053656723,0.989498353873876,0.989066584817568,0.988643705817514,0.988229679122336,0.987824469812669,0.987428045719946,0.987040377350508,0.986661437814723,0.986291202760824,0.985929650313189,0.985576761014813,0.985232517773757,0.984896905813357,0.984569912625991,0.984251527930254,0.983941743631346,0.983640553784553,0.983347954561662,0.983063944220204,0.982788523075391,0.982521693474659,0.982263459774713,0.982013828320985,0.981772807429436,0.981540407370616,0.981316640355934,0.981101520526063,0.98089506394145,0.980697288574865,0.980508214305964,0.980327862917829,0.98015625809545,0.979993425426147,0.979839392401881,0.979694188423476,0.979557844806724,0.97943039479037,0.979311873545994,0.979202318189776,0.979101767796173,0.979010263413516,0.97892784808155,0.978854566850937,0.978790466804767,0.978735597082096,0.978690008903568,0.978653755599155,0.978626892638076,0.978609477660952,0.978601570514255,0.978603233287131,0.978614530350669,0.978635528399708,0.978666296497256,0.978706906121652,0.978757431216549,0.978817948243856,0.978888536239761,0.978969276873972,0.979060254512328,0.97916155628294,0.979273272146037,0.979395494967709,0.979528320597745,0.979671847951787,0.979826179098051,0.97999141934885,0.980167677357213,0.980355065218908,0.98055369858017,0.980763696751521,0.980985182828038,0.981218283816502,0.981463130769886,0.981719858929656,0.981988607876444,0.982269521689667,0.98256274911674,0.982868443752572,0.983186764230127,0.983517874422876,0.983861943660071,0.984219146955845,0.984589665253267,0.984973685684567,0.985371401848902,0.985783014109156,0.986208729909449,0.986648764115199,0.987103339377793,0.987572686526163,0.988057044987829,0.98855666324228
six_nations_2024,six_nations,2024,north,conversion_goals,primary,0.196331603217029,0.773178924495775,0.773052658834561,0.772938532407177,0.772836581138786,0.772746900885445,0.772669589451075,0.772604746626398,0.772552474229181,0.772512876145795,0.772486058374163,0.772472129068133,0.772471198583326,0.772483379524512,0.77250878679457,0.772547537645095,0.772599751728701,0.77266555115309,0.772745060536952,0.772838407067769,0.772945720561585,0.773067133524828,0.773202781218264,0.773352801723153,0.773517336009713,0.773696528007972,0.773890524681107,0.774099476101371,0.774323535528717,0.774562859492231,0.774817607874479,0.775087943998915,0.775374034720456,0.775676050519377,0.775994165598655,0.776328557984932,0.77667940963324,0.777046906535655,0.777431238834077,0.777832600937296,0.778251191642562,0.778687214261846,0.779140876753036,0.779612391856279,0.780101977235715,0.780609855626879,0.781136254990022,0.781681408669652,0.782245555560605,0.782828940280957,0.783431813352134,0.784054431386579,0.784697057283356,0.78535996043212,0.786043416925865,0.786747709782934,0.787473129178767,0.788219972687932,0.788988545536969,0.789779160868661,0.790592140018372,0.791427812803096,0.792286517823977,0.793168602783035,0.794074424814956,0.795004350834789,0.795958757902523,0.796938033605536,0.797942576460005,0.798972796332429,0.800029114882524,0.801111966028813,0.802221796438361,0.803359066042196,0.804524248578097,0.805717832162524,0.806940319893655,0.808192230487617,0.809474098950171,0.810786477286313,0.812129935250447,0.813505061140009,0.814912462635675,0.81635276769155,0.817826625479044,0.819334707388467,0.820877708092737,0.822456346678011,0.824071367846487,0.82572354319714,0.827413672590688,0.829142585605726,0.830911143093651,0.832720238840757,0.834570801346778,0.836463795730106,0.838400225771001,0.840381136105384,0.84240761458314,0.844480794806489,0.846601858865757,0.848772040291895
six_nations_2024,six_nations,2024,north,missed_conversion_goals,primary,0.0842851115961043,1.65097567010127,1.24068259688983,1.21878938105941,1.20679169851555,1.19884673469274,1.1931234044819,1.18880608545441,1.18545969289752,1.18282451416421,1.18073302420047,1.17907083361107,1.17775634912036,1.17672932169713,1.17594399432449,1.17536479639635,1.17496352716178,1.17471745003069,1.17460796563148,1.17461966472651,1.17473963753329,1.17495696041232,1.17526230792372,1.1756476552142,1.17610604661388,1.17663141351769,1.17721842946813,1.17786239367724,1.17855913654259,1.17930494235441,1.18009648557183,1.18093077790625,1.18180512408444,1.18271708463697,1.18366444441426,1.18464518580369,1.18565746582995,1.18669959648178,1.18777002773469,1.18886733283787,1.18999019551255,1.19113739877111,1.1923078151169,1.193500397925,1.19471417383719,1.1959482360311,1.19720173824585,1.19847388946408,1.19976394916599,1.20107122308286,1.20239505938832,1.20373484527447,1.20509000386676,1.20645999143851,1.20784429489064,1.20924242946682,1.2106539366783,1.21207838241559,1.21351535522714,1.21496446474776,1.21642534026122,1.21789762938364,1.21938099685558,1.22087512343237,1.22237970486306,1.22389445094977,1.22541908467995,1.22695334142472,1.22849696819755,1.23004972296772,1.2316113740239,1.23318169938345,1.23476048624356,1.23634753047074,1.23794263612549,1.23954561501924,1.24115628630097,1.24277447607125,1.24440001702135,1.24603274809567,1.24767251417567,1.24931916578352,1.25097255880424,1.25263255422484,1.25429901788914,1.25597182026736,1.25765083623925,1.25933594488989,1.26102702931723,1.2627239764507,1.26442667687988,1.26613502469288,1.26784891732351,1.26956825540684,1.27129294264248,1.27302288566524,1.27475799392251,1.27649817955811,1.27824335730209,1.27999344436622,1.28174836034466,1.28350802711972
six_nations_2024,six_nations,2024,north,penalty_goals,primary,0.183390112572003,0.723203355740482,0.722642196928426,0.722114813606348,0.721620180349363,0.721157409945675,0.720725684240749,0.720324247925555,0.719952403039515,0.719609504092,0.719294953721111,0.719008198820714,0.71874872707693,0.718516063863803,0.718309769454945,0.718129436514018,0.717974687831909,0.717845174282797,0.717740572974917,0.717660585574948,0.717604936787626,0.717573372974455,0.717565660897352,0.717581586574779,0.717620954239373,0.717683585387364,0.717769317911193,0.717878005307709,0.718009515955155,0.718163732452941,0.718340551018812,0.718539880938635,0.718761644064501,0.719005774357337,0.719272217470575,0.719560930371826,0.719871880999792,0.720205047953956,0.720560420214828,0.720937996892778,0.72133778700366,0.721759809269653,0.722204091943884,0.722670672657576,0.723159598288589,0.723670924850349,0.724204717400289,0.724761049967036,0.72534000549565,0.725941675810356,0.726566161594271,0.727213572385709,0.727884026590745,0.728577651511771,0.729294583391857,0.730034967474805,0.730798958080842,0.731586718697952,0.732398422088947,0.733234250414393,0.734094395371607,0.73497905834999,0.735888450603026,0.736822793437335,0.73778231841927,0.738767267599553,0.739777893756604,0.740814460659201,0.74187724334927,0.74296652844563,0.744082614469641,0.745225812193784,0.746396445014303,0.747594849349161,0.748821375062663,0.750076385918227,0.751360260060944,0.752673390531682,0.754016185814666,0.755389070420661,0.756792485508033,0.758226889544207,0.759692759010271,0.761190589151688,0.762720894778413,0.764284211117961,0.765881094725343,0.767512124454157,0.769177902493499,0.770879055475871,0.772616235661712,0.774390122206784,0.776201422519258,0.778050873714037,0.779939244172663,0.781867335218017,0.783835982914012,0.785846060001605,0.787898477983695,0.789994189372892,0.792134190117776,0.794319522225037
six_nations_2024,six_nations,2024,north,missed_penalty_goals,primary,0.0741867311028356,0.728359480144234,0.727359726094377,0.726380337927108,0.725420868645799,0.724481042980647,0.723560603002883,0.722659307359594,0.721776930574415,0.720913262409069,0.720068107281275,0.719241283735004,0.71843262395955,0.717641973354236,0.71686919013595,0.716114144987031,0.715376720741315,0.714656812106417,0.713954325420595,0.713269178442743,0.712601300174301,0.71195063071206,0.711317121131041,0.710700733396794,0.710101440306665,0.709519225459727,0.708954083255259,0.708406018919815,0.707875048563098,0.707361199263022,0.706864509180528,0.706385027704893,0.705922815630463,0.70547794536595,0.705050501177626,0.704640579467985,0.704248289091699,0.703873751710927,0.703517102192356,0.703178489048649,0.702858074927329,0.702556037150509,0.702272568309306,0.702007876917244,0.701762188127496,0.701535744519386,0.701328806960264,0.701141655549597,0.700974590652993,0.700827934034817,0.700702030099184,0.700597247250328,0.700513979384824,0.700452647529735,0.700413701642668,0.700397622591896,0.700404924337183,0.700436156334899,0.700491906194365,0.700572802616301,0.700679518648898,0.700812775302389,0.700973345569388,0.701162058905782,0.701379806235847,0.701627545555864,0.701906308223191,0.702217206032891,0.702561439202316,0.70294030540619,0.70335521003157,0.703807677854952,0.704299366384085,0.704832081156836,0.705407793351247,0.706028660138123,0.706697048304523,0.707415561799343,0.708187074008751,0.709014765770358,0.709902170395467,0.710853227309038,0.711872346365662,0.712964485497469,0.714135245154318,0.715390984092261,0.716738962577167,0.718187521182565,0.71974630635752,0.721426558261599,0.723241482707023,0.725206738543544,0.727341086349434,0.729667267066901,0.732213215914052,0.735013777885487,0.738113196147108,0.741568832951869,0.745456937026709,0.749881976940318,0.75499256457364,0.761010484990832
six_nations_2024,six_nations,2024,north,drop_goals_converted,primary,0.0237357923609969,0.752327693752857,0.751933357283121,0.751547272892211,0.751168938449631,0.750798477533327,0.75043601672577,0.750081685712079,0.749735617382189,0.749397947937255,0.74906881700051,0.748748367732806,0.748436746953063,0.748134105263903,0.747840597182711,0.747556381278428,0.747281620314371,0.747016481397399,0.746761136133777,0.746515760792083,0.74628053647357,0.746055649290369,0.745841290551993,0.745637656960587,0.74544495081545,0.745263380227332,0.745093159343095,0.744934508581332,0.744787654879601,0.744652831953957,0.744530280571538,0.744420248836981,0.744322992493545,0.744238775239828,0.744167869063081,0.744110554590159,0.744067121457248,0.744037868699583,0.744023105162467,0.744023149935016,0.744038332808131,0.744068994758362,0.744115488459435,0.744178178823343,0.744257443573112,0.744353673849455,0.744467274853777,0.744598666530159,0.744748284289201,0.744916579776848,0.745104021691578,0.745311096653673,0.745538310130589,0.745786187422841,0.746055274715199,0.746346140198471,0.746659375267633,0.746995595802624,0.747355443538749,0.747739587534326,0.74814872574396,0.748583586706723,0.749044931359443,0.749533554986395,0.750050289317908,0.750596004791741,0.751171612992615,0.751778069287014,0.75241637567232,0.753087583861553,0.75379279862748,0.754533181432716,0.755309954375685,0.756124404485999,0.756977888407047,0.757871837508475,0.758807763476774,0.759787264438679,0.760812031679492,0.761883857027049,0.763004640982117,0.764176401687589,0.765401284842549,0.766681574683218,0.768019706171581,0.769418278554686,0.77088007048383,0.772408056914074,0.774005428041712,0.775675610581934,0.777422291742512,0.779249446314112,0.781161367376448,0.78316270121535,0.785258487163271,0.787454203220568,0.789755818494225,0.792169853714314,0.794703451368955,0.797364457352694,0.800161516473576,0.803104184741209
six_nations_2024,six_nations,2024,north,drop_goal_missed,primary,0.0286877117305969,1.09682970851132,1.09420866311225,1.09163511794529,1.08910755740543,1.08662491421697,1.08418616966527,1.08179035109482,1.07943652957941,1.07712381775081,1.07485136777396,1.07261836945747,1.07042404848938,1.06826766478904,1.0661485109667,1.06406591088314,1.06201921830249,1.06000781563164,1.0580311127406,1.05608854585834,1.05417957653928,1.05230369069586,1.05046039769318,1.04864922950183,1.04686973990547,1.04512150376008,1.04340411630177,1.04171719250071,1.04006036645852,1.03843329084699,1.03683563638613,1.03526709135946,1.03372736116519,1.03221616790127,1.03073324998341,1.02927836179436,1.02785127336361,1.02645177007632,1.02507965241064,1.02373473570264,1.02241684993811,1.02112583957066,1.01986156336571,1.01862389426982,1.01741271930526,1.01622793948944,1.01506946977921,1.01393723903997,1.01283119003967,1.01175127946792,1.01069747798036,1.00966977026886,1.00866815515779,1.00769264572716,1.00674326946312,1.00582006843685,1.00492309951254,1.00405243458569,1.00320816085287,1.00239038111426,1.00159921411058,1.00083479489596,1.00009727524871,0.999386824122049,0.998703628136986,0.998047892120048,0.997419839688459,0.996819713885962,0.996247777872599,0.995704315672201,0.995189632981676,0.99470405804663,0.994247942608274,0.993821662927142,0.993425620889658,0.993060245204261,0.992725992694475,0.992423349697121,0.992152833574731,0.991914994352224,0.991710416488994,0.991539720798834,0.99140356653149,0.991302653631256,0.99123772518979,0.991209570112384,0.991219026019221,0.991266982405774,0.991354384089535,0.991482234973651,0.991651602162008,0.991863620464828,0.99211949733901,0.992420518313527,0.992768052957077,0.993163561453342,0.993608601858571,0.994104838127221,0.994654049004287,0.995258137898054,0.995919143864895,0.996639253858855
six_nations_2024,six_nations,2024,north,defenders_beaten,primary,1.47813208857976,0.941452717034186,0.890898215615262,0.888044121061352,0.886348784457717,0.88514475176575,0.884222175996191,0.883487102179135,0.882889048264394,0.882397598605801,0.881992909858683,0.881661250974843,0.881392678119038,0.881179723913325,0.881016611867671,0.880898761764293,0.880822465304504,0.880784666012679,0.880782805467079,0.880814713128918,0.880878525652326,0.880972626629036,0.881095600810591,0.881246198789122,0.881423309366318,0.881625937663646,0.881853187581473,0.88210424759547,0.882378379144639,0.882674907053974,0.882993211570675,0.883332721691935,0.883692909535562,0.884073285559405,0.884473394476857,0.884892811747233,0.885331140544031,0.885788009122962,0.886263068526314,0.886755990571884,0.887266466083897,0.88779420333076,0.888338926640392,0.888900375168731,0.889478301800897,0.890072472167738,0.89068266376308,0.891308665149252,0.891950275240213,0.892607302653164,0.893279565120795,0.893966888957364,0.89466910857276,0.895386066029422,0.896117610637666,0.896863598585537,0.897623892599779,0.898398361634907,0.899186880587773,0.899989330035282,0.900805595993194,0.901635569694213,0.90247914738372,0.903336230131737,0.904206723659824,0.905090538181788,0.905987588257186,0.906897792656713,0.907821074238684,0.908757359835888,0.909706580152178,0.910668669668231,0.911643566555996,0.912631212601358,0.913631553134675,0.914644536968812,0.915670116344419,0.916708246882186,0.917758887541883,0.918822000588013,0.919897551561968,0.920985509260578,0.922085845721011,0.923198536212005,0.924323559231448,0.925460896510346,0.926610533023294,0.927772457005542,0.928946659976856,0.930133136772345,0.931331885580533,0.932542907988952,0.933766209037608,0.935001797280722,0.9362496848572,0.937509887570354,0.938782424977472,0.940067320489914,0.941364601484476,0.942674299426909,0.943996450008536,0.945331093297073
six_nations_2024,six_nations,2024,north,clean_breaks,primary,0.56722174268496,0.894695997428221,0.894614261409366,0.894543336076714,0.894483125591499,0.894433542231437,0.894394505692495,0.89436594259862,0.894347786059786,0.894339975272906,0.894342455160854,0.894355176045475,0.894378093350962,0.894411167334459,0.894454362841106,0.8945076490811,0.894570999426625,0.894644391226748,0.894727805638611,0.894821227473434,0.894924645055994,0.895038050096424,0.895161437573261,0.895294805626838,0.895438155462147,0.895591491260463,0.895754820099026,0.895928151878209,0.896111499255601,0.896304877586555,0.896508304870736,0.896721801704292,0.896945391237296,0.897179099136138,0.897422953550578,0.897676985085222,0.897941226775171,0.898215714065648,0.898500484795421,0.898795579183854,0.899101039821439,0.89941691166369,0.899743242028272,0.90008008059528,0.90042747941057,0.90078549289208,0.901154177839078,0.90153359344427,0.901923801308762,0.902324865459813,0.902736852371375,0.903159830987412,0.903593872747985,0.904039051618113,0.904495444119437,0.904963129364686,0.905442189095004,0.905932707720152,0.906434772361655,0.906948472898937,0.907473902018508,0.908011155266287,0.908560331103131,0.909121530963671,0.909694859318548,0.910280423740162,0.910878334972058,0.911488707002069,0.912111657139372,0.912747306095601,0.913395778070184,0.914057200840087,0.914731705854155,0.915419428332255,0.91612050736945,0.916835086045443,0.917563311539538,0.918305335251418,0.919061312928014,0.919831404796796,0.92061577570584,0.921414595271017,0.922228038030729,0.923056283608597,0.923899516884581,0.924757928175022,0.92563171342213,0.926521074393527,0.927426218892429,0.928347360979183,0.92928472120485,0.930238526857662,0.931209012223172,0.93219641885906,0.93320099588558,0.934223000292756,0.935262697265516,0.936320360528081,0.937396272708998,0.938490725728405,0.939604021209209,0.940736470914041
six_nations_2024,six_nations,2024,north,offload,primary,0.763201227906921,0.925672248145531,0.925466743689922,0.925271322192511,0.925085845888953,0.924910182250166,0.924744203612541,0.924587786939824,0.924440813601233,0.924303169164431,0.924174743202127,0.92405542911122,0.92394512394345,0.923843728246685,0.923751145916007,0.92366728405386,0.923592052838579,0.92352536540069,0.923467137706418,0.923417288447888,0.923375738939553,0.923342413020425,0.923317236961702,0.923300139379444,0.923291051151961,0.923289905341605,0.923296637120692,0.923311183701283,0.923333484268597,0.923363479917832,0.923401113594178,0.923446330035851,0.923499075719952,0.92355929881101,0.92362694911204,0.92370197801798,0.92378433847138,0.923873984920223,0.92397087327775,0.924074960884209,0.924186206470397,0.924304570122936,0.924430013251169,0.924562498555616,0.924701989997898,0.924848452772081,0.925001853277342,0.925162159091933,0.925329338948347,0.925503362709668,0.925684201347027,0.925871826918126,0.926066212546794,0.926267332403514,0.926475161686904,0.926689676606093,0.926910854363976,0.927138673141304,0.927373112081586,0.927614151276761,0.927861771753637,0.928115955461045,0.928376685257706,0.928643944900776,0.92891771903505,0.929197993182818,0.929484753734335,0.929777987938905,0.930077683896554,0.930383830550282,0.930696417678884,0.931015435890311,0.931340876615587,0.931672732103242,0.932010995414279,0.932355660417642,0.932706721786193,0.933064174993188,0.933428016309243,0.933798242799784,0.934174852322979,0.934557843528151,0.93494721585466,0.935342969531259,0.935745105575924,0.936153625796144,0.936568532789691,0.936989829945851,0.937417521447132,0.937851612271437,0.93829210819472,0.938739015794116,0.939192342451552,0.93965209635785,0.94011828651732,0.940590922752847,0.941070015711496,0.941555576870616,0.942047618544481,0.942546153891448,0.943051196921674,0.943562762505368
six_nations_2024,six_nations,2024,north,runs,primary,1.95448673796954,0.924178674823932,0.858812338163353,0.854343044829717,0.851216023192949,0.8486745102614,0.846480779225849,0.844528505164956,0.842760621845983,0.841142777417678,0.839652571179826,0.838274499995504,0.83699732568056,0.835812592313049,0.834713738701604,0.833695540399377,0.832753744433542,0.831884821941346,0.831085795740227,0.830354117094703,0.829687575703547,0.82908423267722,0.828542369774438,0.828060450361325,0.82763708896945,0.827271027260284,0.826961114830342,0.826706293721174,0.826505585798393,0.82635808237655,0.826262935619647,0.826219351358501,0.82622658304839,0.826283926651752,0.826390716276935,0.826546320439208,0.826750138837297,0.827001599559649,0.827300156651015,0.82764528798282,0.82803649338099,0.82847329297309,0.828955225723108,0.82948184812758,0.830052733050981,0.830667468681864,0.831325657594063,0.832026915899707,0.832770872482702,0.833557168303029,0.834385455763545,0.835255398132147,0.836166669013101,0.837118951862204,0.838111939541091,0.839145333906643,0.840218845431922,0.841332192855513,0.842485102856539,0.843677309752896,0.844908555220595,0.846178588032287,0.847487163813288,0.848834044813605,0.85021899969461,0.851641803329157,0.853102236614081,0.854600086294085,0.856135144796172,0.857707210073809,0.859316085460131,0.86096157952954,0.862643505967103,0.864361683445246,0.866115935507239,0.867906090457049,0.869731981255157,0.87159344541998,0.873490324934557,0.875422466158206,0.877389719742863,0.879391940553856,0.881428987594879,0.88350072393694,0.885607016651103,0.887747736744832,0.889922759101772,0.892131962424813,0.894375229182298,0.896652445557247,0.898963501399476,0.901308290180494,0.903686708951099,0.906098658301554,0.908544042324281,0.911022768578984,0.913534748060139,0.916079895166776,0.918658127674508,0.921269366709756,0.923913536726106,0.926590565482778
six_nations_2024,six_nations,2024,north,tackles,primary,2.22627706676581,0.97424309142143,0.85582815649155,0.849528121694054,0.845507889503853,0.84243970560036,0.839907129155212,0.83772441268893,0.835792273503037,0.834051287427229,0.832462991417019,0.831001011248504,0.829646439971265,0.828385235363655,0.827206662330513,0.826102313877228,0.82506547041519,0.82409066605128,0.823173386413061,0.822309852822739,0.821496864770914,0.820731682730471,0.820011939494191,0.819335572072604,0.818700768669136,0.818105926884483,0.817549620402406,0.817030572163816,0.816547632562673,0.816099761570499,0.815686013964734,0.815305527031804,0.814957510260001,0.814641236644938,0.814356035311463,0.814101285217684,0.813876409754197,0.813680872088387,0.813514171132346,0.813375838035586,0.813265433121597,0.813182543201599,0.813126779210281,0.81309777411762,0.813095181078345,0.813118671786795,0.813167935009939,0.813242675275476,0.813342611695409,0.813467476908324,0.81361701612601,0.81379098627207,0.813989155201876,0.814211300994621,0.814457211309488,0.814726682798929,0.815019520572991,0.815335537709334,0.815674554804279,0.816036399560748,0.81642090640947,0.81682791616024,0.817257275680375,0.817708837597842,0.818182460026811,0.81867800631361,0.819195344801305,0.819734348611289,0.820294895440449,0.8208768673726,0.821480150703048,0.822104635775215,0.822750216828382,0.823416791855706,0.824104262471727,0.824812533788667,0.825541514300887,0.826291115776928,0.827061253158602,0.827851844466663,0.828662810712624,0.829494075816322,0.830345566528864,0.831217212360642,0.832108945514089,0.833020700820935,0.833952415683686,0.834904030021107,0.835875486217506,0.836866729075625,0.837877705772957,0.838908365821352,0.83995866102975,0.841028545469924,0.84211797544511,0.843226909461426,0.844355308201983,0.845503134503606,0.846670353336094,0.84785693178395,0.849062839030537,0.850288046344604
six_nations_2024,six_nations,2024,north,missed_tackles,primary,1.19044434584701,0.914755991095274,0.914435449761103,0.91412663772478,0.913829414011429,0.913543642118627,0.913269189693668,0.913005928304876,0.912753733231694,0.912512483271551,0.912282060561825,0.912062350415354,0.911853241168197,0.911654624038439,0.911466392995022,0.91128844463566,0.911120678073039,0.910962994828536,0.910815298732841,0.910677495832862,0.910549494304415,0.910431204370201,0.910322538222667,0.910223409951354,0.910133735474384,0.910053432473784,0.909982420334344,0.909920620085762,0.909867954347846,0.909824347278535,0.909789724524567,0.909764013174598,0.909747141714623,0.90973903998553,0.909739639142663,0.909748871617257,0.909766671079642,0.909792972404085,0.909827711635197,0.909870825955786,0.909922253656096,0.909981934104334,0.910049807718419,0.910125815938888,0.910209901202885,0.910302006919193,0.910402077444231,0.910510058058979,0.910625894946786,0.910749535172005,0.910880926659418,0.911020018174422,0.911166759303917,0.911321100437886,0.911482992751619,0.911652388188555,0.911829239443717,0.912013499947706,0.91220512385124,0.912404066010197,0.912610281971161,0.912823727957428,0.913044360855475,0.913272138201848,0.913507018170473,0.913748959560361,0.913997921783695,0.914253864854281,0.914516749376354,0.914786536533719,0.915063188079218,0.915346666324511,0.915636934130159,0.915933954895991,0.916237692551757,0.916548111548049,0.916865176847482,0.917188853916119,0.917519108715152,0.917855907692801,0.918199217776452,0.918549006365005,0.918905241321435,0.919267890965562,0.919636924067009,0.920012309838362,0.920394017928506,0.92078201841615,0.921176281803517,0.921576779010208,0.921983481367229,0.922396360611176,0.922815388878574,0.92324053870037,0.923671782996565,0.924109095070992,0.924552448606231,0.925001817658657,0.925457176653619,0.925918500380744,0.92638576398937,0.926858942984091
six_nations_2024,six_nations,2024,north,rucks_won,primary,2.37125023391724,0.836930735004826,0.784715191063086,0.780136256088217,0.776643042131572,0.773612112575514,0.770847828527594,0.768262845070631,0.765810406311057,0.763462467312905,0.761200823373892,0.759012945347905,0.756889810366157,0.754824680306981,0.7528123707649,0.750848791596243,0.748930646266247,0.747055228342082,0.745220279716507,0.743423889352193,0.741664419381554,0.739940450132861,0.73825073853711,0.73659418617851,0.734969814415853,0.733376744769245,0.731814183283132,0.730281407930686,0.728777758371751,0.727302627551715,0.725855454754614,0.724435719815527,0.723042938265027,0.721676657228893,0.720336451944367,0.719021922783196,0.717732692693917,0.71646840499311,0.715228721448764,0.714013320609504,0.712821896341821,0.711654156544102,0.710509822011669,0.709388625431331,0.708290310487512,0.707214631064847,0.706161350534537,0.705130241113678,0.704121083288385,0.703133665292882,0.702167782637859,0.701223237682296,0.700299839243808,0.699397402243159,0.698515747379243,0.697654700831226,0.696814093985037,0.695993763181686,0.695193549485236,0.694413298468478,0.693652860014627,0.692912088133518,0.692190840790964,0.691488979750098,0.690806370423628,0.690142881736072,0.689498385995119,0.688872758771362,0.688265878785724,0.687677627803965,0.687107890537721,0.686556554551573,0.686023510175704,0.685508650423734,0.68501187091536,0.684533069803479,0.684072147705477,0.683629007638419,0.683203554957875,0.682795697300169,0.682405344527831,0.682032408678059,0.681676803914029,0.681338446478877,0.681017254652224,0.680713148709092,0.680426050881116,0.680155885319901,0.679902578062468,0.679666056998662,0.679446251840444,0.679243094093013,0.679056517027646,0.678886455656242,0.678732846707463,0.67859562860447,0.678474741444162,0.678370126977917,0.678281728593773,0.67820949130003,0.67815336171025,0.678113288029622
six_nations_2024,six_nations,2024,north,rucks_lost,primary,0.523748114822859,1.03609799601405,1.03514774388707,1.03423375866872,1.03335410151306,1.03250704239564,1.03169102781908,1.03090465491865,1.03014665037699,1.0294158530924,1.02871119980894,1.02803171310678,1.02737649129072,1.02674469981863,1.02613556398872,1.02554836266383,1.02498242285563,1.02443711502679,1.02391184899595,1.02340607035195,1.02291925730039,1.02245091787923,1.02200058749087,1.02156782670679,1.02115221930807,1.02075337053079,1.02037090549005,1.02000446776045,1.01965371809382,1.01931833325809,1.01899800498315,1.01869243900158,1.01840135417391,1.01812448168906,1.01786156433217,1.01761235581286,1.0173766201477,1.01715413109158,1.01694467161337,1.01674803341141,1.01656401646539,1.01639242862114,1.01623308520549,1.01608580866848,1.01595042825075,1.01582677967375,1.01571470485117,1.01561405161964,1.01552467348731,1.01544642939895,1.01537918351622,1.01532280501203,1.01527716787801,1.01524215074408,1.01521763670934,1.01520351318347,1.01519967173798,1.01520600796663,1.01522242135447,1.01524881515494,1.0152850962746,1.01533117516498,1.01538696572118,1.01545238518686,1.01552735406524,1.01561179603593,1.01570563787706,1.01580880939273,1.01592124334538,1.01604287539294,1.01617364403051,1.01631349053649,1.01646235892289,1.01662019588984,1.01678695078399,1.01696257556088,1.01714702475107,1.01734025543003,1.01754222719162,1.01775290212531,1.01797224479689,1.0182002222328,1.01843680390798,1.01868196173739,1.01893567007103,1.01919790569263,1.01946864782208,1.01974787812154,1.02003558070545,1.02033174215448,1.02063635153353,1.02094940041393,1.02127088290009,1.02160079566057,1.02193913796403,1.02228591172011,1.02264112152562,1.0230047747162,1.02337688142397,1.02375745464137,1.02414651029164,1.02454406730651
six_nations_2024,six_nations,2024,north,passes,primary,3.70040467121352,0.779878346312512,0.671188547873118,0.665124095164073,0.661130402413419,0.658009183771287,0.65538455861623,0.653088829454877,0.651032324183806,0.649161337137143,0.647441075799987,0.645847654563314,0.644363924498848,0.642977125121732,0.641677479110506,0.640457309119518,0.639310459880365,0.638231907062579,0.637217484809165,0.6362636911714,0.635367546133069,0.634526486019001,0.633738283626458,0.633000986894712,0.632312871166511,0.631672401570306,0.631078203044846,0.63052903620872,0.630023777752487,0.629561404367833,0.629140979470329,0.628761642148793,0.628422597904369,0.628123110839525,0.627862497030297,0.627640118870789,0.62745538022173,0.627307722227997,0.627196619695878,0.627121577941213,0.627082130035681,0.627077834391325,0.627108272633778,0.627173047722945,0.62727178228669,0.627404117138586,0.627569709955312,0.627768234093056,0.627999377525318,0.628262841887136,0.628558341612884,0.628885603156594,0.629244364285282,0.629634373437055,0.630055389136819,0.630507179463407,0.630989521562669,0.631502201201785,0.632045012360646,0.632617756856614,0.633220243999458,0.633852290273601,0.634513719045151,0.635204360291479,0.635924050351365,0.636672631693915,0.63744995270469,0.638255867487631,0.63909023568151,0.639952922289782,0.64084379752282,0.641762736651635,0.642709619872238,0.64368433217994,0.644686763252908,0.645716807344385,0.64677436318305,0.647859333881025,0.648971626849116,0.650111153718875,0.651277830271161,0.652471576370889,0.653692315907675,0.654939976742163,0.656214490657796,0.657515793317863,0.658843824227667,0.660198526701658,0.661579847835452,0.662987738482625,0.664422153236231,0.665883050415,0.667370392054183,0.668884143901067,0.670424275415157,0.671990759773085,0.673583573878312,0.675202698375703,0.6768481176711,0.678519819956028,0.6802177972377,0.681942045374533
six_nations_2024,six_nations,2024,north,bad_passes,primary,0.783233274673773,0.997858629717379,0.951308218456337,0.947916938274414,0.945620688805419,0.943789952873315,0.942226964432088,0.940843271731303,0.939591408979437,0.938442815466401,0.937378881559581,0.936386744111652,0.935457095745873,0.934582950738342,0.933758906035393,0.93298067645939,0.932244790279621,0.93154838291519,0.930889053019327,0.93026475953149,0.929673746403385,0.929114486485373,0.92858563897072,0.928086016620885,0.9276145601707,0.927170318087147,0.926752430377081,0.92636011549703,0.925992659668001,0.925649408075295,0.925329757560689,0.925033150507232,0.924759069685401,0.924507033880482,0.924276594159642,0.924067330666513,0.923878849853692,0.92371078208108,0.923562779521654,0.923434514327066,0.92332567701398,0.923235975038926,0.923165131534899,0.923112884187403,0.923078984231215,0.923063195552138,0.923065293880395,0.923085066064347,0.923122309414884,0.923176831112204,0.923248447667891,0.923336984436134,0.923442275168815,0.92356416160984,0.923702493124706,0.923857126361821,0.924027924942494,0.924214759176927,0.924417505803835,0.924636047751611,0.924870273919214,0.925120078975139,0.925385363173033,0.925666032182696,0.925961996935323,0.926273173481986,0.926599482864473,0.926940850997688,0.927297208562918,0.927668490911349,0.928054637977282,0.928455594200577,0.928871308457905,0.929301734002449,0.92974682841174,0.930206553543369,0.93068087549836,0.931169764592027,0.931673195332182,0.932191146404603,0.932723600665704,0.933270545142391,0.933831971039122,0.93440787375223,0.934998252891614,0.935603112309909,0.93622246013935,0.936856308836511,0.93750467523522,0.938167580607935,0.93884505073597,0.939537115988985,0.940243811414223,0.940965176836054,0.941701256966453,0.942452101527115,0.943217765384017,0.943998308695336,0.944793797073736,0.945604301764181,0.946429899838578,0.94727067440871
six_nations_2024,six_nations,2024,north,turnovers_conceded,primary,0.916088343983781,1.0190755669607,0.979074038469109,0.977016484479938,0.975873840697661,0.975108430604885,0.974551684785055,0.974128467565891,0.973798660010334,0.973538283149821,0.973331844190972,0.973168743192413,0.973041401415919,0.972944207419476,0.972872886367953,0.972824103669705,0.972795205633697,0.972784043948676,0.97278885342666,0.972808164709766,0.972840740580644,0.972885528603224,0.972941625308555,0.973008248701003,0.973084716864693,0.973170431112197,0.973264862563019,0.973367541345088,0.973478047825698,0.973596005429487,0.973721074709758,0.97385294841861,0.973991347379767,0.974136017011569,0.97428672438041,0.974443255689913,0.974605414130333,0.97477301802754,0.974945899242561,0.975123901781792,0.97530688058521,0.975494700465734,0.975687235177462,0.975884366594304,0.976085983983529,0.976291983361252,0.976502266918905,0.976716742511424,0.97693532319926,0.977157926837507,0.97738447570636,0.977614896177973,0.977849118415444,0.978087076100224,0.978328706184764,0.978573948667598,0.978822746388442,0.979075044841176,0.979330792002836,0.979589938176997,0.97985243585007,0.980118239559263,0.98038730577106,0.980659592769214,0.980935060551366,0.981213670733494,0.981495386461477,0.981780172329145,0.982067994302238,0.982358819647774,0.982652616868358,0.982949355641012,0.983249006760175,0.983551542084511,0.983856934487233,0.984165157809665,0.984476186817788,0.984789997161542,0.985106565336682,0.985425868648986,0.985747885180662,0.986072593758773,0.986399973925558,0.986730005910499,0.987062670604026,0.98739794953274,0.987735824836057,0.988076279244181,0.988419296057306,0.988764859125991,0.989112952832614,0.989463562073843,0.98981667224407,0.990172269219735,0.990530339344504,0.990890869415233,0.991253846668688,0.991619258768971,0.991987093795606,0.992357340232269,0.9927299869561,0.993105023227591
six_nations_2024,six_nations,2024,north,penalties_conceded,primary,0.900482254449604,0.976864473023367,0.976908429609929,0.976955706862984,0.977006275824468,0.97706010847329,0.977117177597815,0.977177456766509,0.977240920300087,0.977307543245062,0.977377301348624,0.977450171034759,0.977526129381539,0.977605154099513,0.977687223511137,0.977772316531186,0.977860412648087,0.977951491906125,0.978045534888478,0.978142522701023,0.97824243695689,0.978345259761712,0.97845097369953,0.978559561819335,0.978671007622202,0.978785295048987,0.978902408468567,0.97902233266658,0.979145052834665,0.979270554560152,0.979398823816192,0.979529846952318,0.979663610685394,0.979800102090946,0.979939308594868,0.980081217965458,0.980225818305805,0.980373098046477,0.980523045938527,0.980675651046783,0.980830902743414,0.980988790701773,0.981149304890489,0.981312435567809,0.981478173276175,0.98164650883703,0.981817433345843,0.981990938167342,0.982167014930954,0.982345655526442,0.982526852099722,0.982710597048874,0.98289688302032,0.983085702905182,0.983277049835789,0.983470917182366,0.983667298549858,0.983866187774912,0.984067578923011,0.984271466285739,0.98447784437819,0.984686707936511,0.984898051915575,0.985111871486781,0.985328162035984,0.985546919161536,0.98576813867246,0.98599181658673,0.986217949129674,0.986446532732481,0.986677564030826,0.986911039863606,0.987146957271769,0.98738531349727,0.987626105982113,0.987869332367507,0.988114990493122,0.988363078396447,0.988613594312247,0.988866536672123,0.989121904104167,0.989379695432726,0.989639909678254,0.989902546057272,0.99016760398242,0.990435083062617,0.990704983103311,0.990977304106838,0.991252046272875,0.991529209998999,0.991808795881348,0.992090804715379,0.992375237496743,0.99266209542225,0.992951379890955,0.993243092505347,0.993537235072644,0.993833809606207,0.994132818327069,0.994434263665572,0.99473814826313,0.995044474974116
six_nations_2024,six_nations,2024,north,yellow_cards,primary,0.116869582243463,1.015749676583,1.01298102640921,1.01054191604962,1.00836665965093,1.00640781360454,1.00462993051193,1.00300579584223,1.00151404271816,1.00013757742362,0.998862504395324,0.99767737102782,0.996572624042044,0.99554020978485,0.994573274860348,0.993665938210704,0.992813115049148,0.992010379062594,0.991253853289651,0.990540122780456,0.989866164008317,0.989229287311113,0.988627089572831,0.98805741502979,0.987518322579988,0.987008058340081,0.986525032469005,0.986067799485041,0.985635041462114,0.985225553613669,0.984838231867889,0.984472062112734,0.984126110848407,0.98379951703173,0.98349148493457,0.983201277868669,0.982928212653776,0.982671654725927,0.982431013799098,0.982205740006847,0.981995320461748,0.981799276179583,0.981617159323021,0.9814485507259,0.981293057664681,0.981150311848211,0.981019967600788,0.980901700216823,0.980795204468191,0.980700193247764,0.980616396334676,0.980543559268627,0.980481442322085,0.980429819560533,0.980388477982086,0.980357216728768,0.980335846362625,0.980324188200614,0.980322073702849,0.980329343909393,0.980345848921276,0.980371447421892,0.98040600623531,0.980449399918397,0.980501510383963,0.980562226552412,0.980631444029636,0.980709064809112,0.980794996996357,0.98088915455406,0.980991457066408,0.98110182952121,0.981220202108602,0.981346510035206,0.981480693352726,0.981622696800055,0.981772469658074,0.98192996561636,0.982095142651159,0.982267962913958,0.982448392630143,0.982636402007208,0.982831965152086,0.983035059997176,0.983245668234741,0.983463775259316,0.983689370117885,0.98392244546756,0.984162997540563,0.984411026116341,0.984666534500655,0.984929529511546,0.985200021472079,0.985478024209827,0.985763555063056,0.986056634893606,0.986357288106525,0.98666554267648,0.986981430181051,0.987304985841028,0.987636248567829,0.987975261018253
six_nations_2024,six_nations,2024,north,red_cards,primary,0.0204722706004414,0.705629081714758,0.706253378329848,0.706882816927445,0.707517442246728,0.70815732168434,0.70880252409887,0.709453119854575,0.710109180866768,0.710770780648962,0.711437994361835,0.712110898864125,0.712789572765521,0.71347409648167,0.714164552291386,0.714861024396177,0.715563598982202,0.716272364284775,0.716987410655557,0.717708830632549,0.718436719013055,0.719171172929746,0.71991229193,0.720660178058686,0.721414935944566,0.722176672890523,0.722945498967808,0.72372152711453,0.72450487323862,0.725295656325519,0.726093998550846,0.726900025398346,0.72771386578339,0.728535652182372,0.729365520768329,0.730203611553159,0.731050068536824,0.731905039863948,0.732768677988276,0.733641139845448,0.734522587034632,0.735413186009533,0.7363131082794,0.737222530620652,0.738141635299806,0.739070610308445,0.740009649611025,0.740958953406361,0.741918728403726,0.742889188114551,0.743870553160796,0.744863051601167,0.74586691927642,0.746882400175125,0.747909746821363,0.74894922068596,0.750001092622994,0.751065643333481,0.752143163858286,0.75323395610252,0.754338333393865,0.7554566210775,0.756589157150575,0.757736292939407,0.758898393822931,0.760075840006253,0.761269027348535,0.762478368249859,0.763704292602225,0.764947248810304,0.766207704888224,0.76748614963928,0.768783093926241,0.770099072040722,0.771434643181095,0.772790393049405,0.774166935579031,0.775564914806156,0.776985006899684,0.778427922365993,0.779894408446956,0.781385251731932,0.782901281007091,0.784443370368475,0.786012442628654,0.787609473050901,0.789235493449443,0.790891596699765,0.792578941709226,0.794298758905588,0.796052356309659,0.797841126268318,0.799666552936098,0.80153022060753,0.803433823019122,0.805379173759709,0.8073682179516,0.809403045393464,0.81148590539019,0.813619223536565,0.815805620772154,0.818047935086639
six_nations_2024,six_nations,2024,north,metres,primary,1.49653909043244,0.861480327920645,0.861709351126717,0.862007657631191,0.862363562732166,0.862768084307126,0.863214188387305,0.86369627693765,0.864209831043958,0.864751156727928,0.865317200264756,0.865905411627957,0.86651364192567,0.867140065273539,0.86778311851776,0.86844145418703,0.869113903378466,0.869799446193621,0.87049718797657,0.87120634005643,0.87192620402003,0.87265615877547,0.873395649840147,0.874144180415316,0.874901303905679,0.875666617615616,0.876439757409491,0.877220393166604,0.87800822489472,0.87880297939234,0.87960440737046,0.880412280960898,0.881226391551322,0.882046547897562,0.882872574472222,0.883704310015473,0.884541606259442,0.885384326802242,0.886232346111379,0.887085548639444,0.887943828037512,0.888807086453865,0.889675233907436,0.890548187726856,0.891425872047292,0.89230821735831,0.893195160096921,0.894086642280723,0.89498261117674,0.895883019002103,0.896787822653199,0.897696983460359,0.898610466965476,0.899528242720296,0.900450284103357,0.901376568153824,0.902307075420632,0.903241789825566,0.904180698539034,0.905123791867444,0.906071063151209,0.907022508672517,0.907978127572082,0.908937921774195,0.909901895919462,0.910870057304663,0.911842415829255,0.912818983948081,0.913799776629872,0.914784811321222,0.915774107915697,0.916767688727815,0.91776557847165,0.918767804243834,0.919774395510767,0.920785384099872,0.921800804194738,0.922820692334032,0.923845087414062,0.924874030694904,0.925907565810022,0.926945738779307,0.927988598025497,0.929036194393946,0.93008858117572,0.931145814134,0.932207951533822,0.933275054175141,0.934347185429268,0.935424411278706,0.936506800360436,0.937594424012723,0.938687356325506,0.93978567419445,0.940889457378768,0.941998788562922,0.943113753422299,0.944234440693024,0.945360942246037,0.9464933531656,0.947631771832399,0.948776300011449
summer_internationals_2024,summer_internationals,2024,mixed,minutes,primary,9.89755021557256,0.977835356642924,0.977431341143386,0.97702741307687,0.976634672995656,0.976244483887168,0.975854294778681,0.97547832935203,0.975126571389659,0.974796533149701,0.974471530369996,0.974156858172582,0.973860943169308,0.973577970753844,0.973294998338379,0.973019011339758,0.972774567597633,0.972543014289375,0.972323648370106,0.972104282450836,0.971884916531567,0.971665550612297,0.971455582656921,0.971252959482065,0.971050336307209,0.970847713132352,0.970645235268626,0.970467913941134,0.970290592613643,0.970113271286152,0.969939861279111,0.969772807334496,0.969610901608254,0.969485341745486,0.969370295825121,0.969267868831771,0.969165441838421,0.969077124423685,0.969004434181614,0.968954178011135,0.968912710261315,0.968879962923222,0.968848824240398,0.968819415633629,0.96879000702686,0.968767593421487,0.968764312103626,0.96878961888476,0.968832173510201,0.968893100047526,0.968955652183317,0.969020221645808,0.969112260703621,0.969215771571325,0.969319282439028,0.969422793306732,0.969526775521395,0.969650721967436,0.969783977992691,0.969917234017945,0.970053029693375,0.97020299755048,0.970379733112906,0.97057754726829,0.97079978115065,0.971058883955297,0.971360024952904,0.971674959060059,0.971999705969596,0.972324452879133,0.972665837429803,0.973039391111969,0.973443947025765,0.973858010642794,0.9742720931993,0.974707656707466,0.975171231177855,0.975651730097234,0.976132229016614,0.976629137199748,0.977132335787374,0.977635534375,0.978159522331175,0.978693070452294,0.97923554230538,0.979791123433555,0.980346704561729,0.980902285689903,0.981457866818078,0.982014020227413,0.982586494430602,0.983159084145666,0.983733815299139,0.984308546452611,0.984888102977444,0.985476755341022,0.986072581986937,0.986673779567517,0.987307106785097,0.987943854596035,0.988590440378287,0.98923702616054
summer_internationals_2024,summer_internationals,2024,mixed,tries,primary,0.586941395611194,1.01243336892152,0.967021365488078,0.964082186631679,0.962338724809287,0.961091659717322,0.96012175004351,0.959331278466937,0.958668071684931,0.958100948528357,0.957609765236487,0.957180741966301,0.956804028578864,0.956472334003882,0.956180106046161,0.955923015953863,0.955697621190063,0.955501137216646,0.95533127854707,0.955186145266044,0.955064140242241,0.954963907574939,0.95488428605156,0.954824273422555,0.95478299860671,0.954759699800967,0.954753707048387,0.954764428215285,0.954791337605915,0.95483396663961,0.954891896156627,0.954964750021903,0.955052189771882,0.955153910106179,0.955269635068591,0.955399114794391,0.95554212272585,0.955698453217233,0.955867919465606,0.956050351715669,0.956245595696249,0.956453511253558,0.956673971152363,0.95690686002108,0.95715207342072,0.957409517020878,0.957679105868563,0.957960763737857,0.958254422550214,0.958560021856678,0.958877508374586,0.959206835572338,0.959547963296755,0.959900857438225,0.960265489629548,0.96064183697486,0.961029881805541,0.961429611460359,0.961841018087474,0.962264098466202,0.962698853846705,0.96314528980598,0.963603416118725,0.964073246641816,0.964554799211282,0.965048095550792,0.965553161190783,0.966070025397443,0.966598721110879,0.967139284891849,0.967691756876531,0.968256180738838,0.968832603659878,0.969421076304174,0.97002165280232,0.970634390739801,0.971259351151714,0.971896598523199,0.972546200795363,0.973208229376597,0.973882759159102,0.974569868540571,0.975269639450925,0.975982157384048,0.976707511434504,0.977445794339199,0.978197102524012,0.978961536155415,0.979739199197114,0.980530199471784,0.98133464872798,0.982152662712307,0.982984361246974,0.983829868312868,0.98468931213829,0.985562825293545,0.986450544791547,0.987352612194689,0.988269173728182,0.989200380400132,0.990146388128647,0.991107357876255
summer_internationals_2024,summer_internationals,2024,mixed,try_assists,primary,0.469003748453391,0.950676522796982,0.950650738063241,0.950675006573816,0.950742469594242,0.950847788397311,0.950986725208575,0.951155859580417,0.951352390775172,0.9515739966327,0.951818730585607,0.952084945075781,0.952371233641001,0.952676386459615,0.952999355763999,0.95333922860321,0.953695205155474,0.954066581285271,0.954452734384589,0.954853111782476,0.955267221182801,0.955694622718323,0.956134922303642,0.95658776604016,0.957052835479314,0.957529843590809,0.958018531313651,0.958518664591883,0.959030031815692,0.959552441603376,0.960085720871373,0.960629713148881,0.961184277101142,0.961749285231473,0.962324622737081,0.962910186497698,0.963505884179366,0.964111633438422,0.964727361212985,0.965353003091106,0.965988502746324,0.96663381143266,0.967288887532213,0.967953696149426,0.968628208746907,0.969312402818352,0.970006261594686,0.970709773780053,0.971422933314693,0.972145739162108,0.972878195118257,0.973620309640758,0.974372095696365,0.975133570625134,0.975904756019942,0.976685677620117,0.977476365218137,0.97827685257844,0.979087177367512,0.979907381094525,0.98073750906187,0.981577610325023,0.982427737661238,0.98328794754664,0.984158300141334,0.98503885928221,0.985929692483164,0.98683087094251,0.987742469557376,0.988664566944953,0.989597245470459,0.990540591281742,0.991494694350479,0.992459648519932,0.993435551559286,0.994422505224596,0.995420615326419,0.99642999180421,0.997450748807624,0.998483004784856,0.999526882578211,1.00058250952711,1.00165001757874,1.00272954340672,1.00382122853792,1.00492521948788,1.00604166790529,1.00717073072563,1.00831257033483,1.00946735474308,1.01063525776957,1.01181645923862,1.01301114518789,1.0142195080894,1.01544174708399,1.01667806823023,1.01792868476856,1.01919381740163,1.02047369459201,1.02176855287834,1.02307863721123,1.02440420131025
summer_internationals_2024,summer_internationals,2024,mixed,conversion_goals,primary,0.291037320940329,0.734203387909232,0.732751918289559,0.731348995088644,0.72999310036128,0.728682844337733,0.727416919391689,0.726194093783801,0.725013206009869,0.72387315968416,0.722772918897585,0.72171150399831,0.720687987749088,0.719701491821291,0.718751183590586,0.717836273203391,0.716956010886942,0.716109684478941,0.715296617155514,0.714516165338614,0.713767716766074,0.713050688709351,0.712364526325608,0.711708701132179,0.711082709592724,0.71048607180543,0.709918330284645,0.709379048828133,0.70886781146293,0.70838422146345,0.707927900436098,0.707498487465169,0.707095638315324,0.706719024686326,0.706368333516147,0.70604326632887,0.705743538624145,0.705468879305227,0.70521903014289,0.704993745272724,0.70479279072355,0.704615943974869,0.704462993541408,0.704333738583039,0.704227988538423,0.704145562780901,0.704086290295264,0.704050009374137,0.704036567332803,0.704045820241402,0.704077632673509,0.704131877470167,0.704208435518545,0.704307195544407,0.704428053917708,0.704570914470609,0.704735688327317,0.704922293745171,0.70513065596643,0.705360707080308,0.705612385894759,0.705885637817636,0.706180414746812,0.706496674968924,0.706834383066407,0.707193509832513,0.707574032194059,0.707975933141629,0.708399201667022,0.708843832707723,0.70930982709822,0.70979719152799,0.710305938506005,0.710836086331632,0.711387659071792,0.711960686544299,0.712555204307278,0.713171253654591,0.713808881617225,0.714468140970589,0.715149090247699,0.715851793758236,0.716576321613461,0.717322749757028,0.718091160001694,0.718881640071974,0.719694283652799,0.720529190444232,0.721386466222338,0.722266222906274,0.723168578631733,0.724093657830855,0.725041591318733,0.726012516386678,0.727006576902403,0.728023923417311,0.729064713281098,0.730129110763871,0.731217287186034,0.732329421056193,0.733465698217359,0.73462631200174
summer_internationals_2024,summer_internationals,2024,mixed,missed_conversion_goals,primary,0.138389791585855,0.723862426979692,0.722963359919464,0.722086917694264,0.721232473559483,0.720399508642227,0.719587528126287,0.7187960597744,0.718024652566936,0.717272875445984,0.716540316155047,0.715826580165587,0.715131289682619,0.714454082722354,0.713794612255627,0.713152545411458,0.712527562735691,0.711919357500131,0.711327635058041,0.710752112242274,0.710192516802657,0.709648586879541,0.709120070510754,0.708606725169392,0.708108317330156,0.707624622062121,0.707155422646001,0.70670051021417,0.706259683411801,0.705832748077662,0.705419516943208,0.705019809348718,0.704633450975337,0.704260273591958,0.703900114815983,0.703552817887054,0.703218231452932,0.702896209366754,0.702586610494961,0.70228929853524,0.702004141843872,0.701731013271913,0.701469790009706,0.701220353439204,0.700982588993687,0.700756386024423,0.70054163767389,0.70033824075521,0.700146095637418,0.699965106136285,0.699795179410376,0.699636225862067,0.699488159043268,0.699350895565611,0.699224355014865,0.699108459869368,0.699003135422291,0.698908309707524,0.698823913429027,0.698749879893471,0.69868614494602,0.698632646909107,0.698589326524067,0.6985561268955,0.698532993438244,0.69851987382684,0.698516717947398,0.698523477851737,0.698540107713735,0.698566563787774,0.698602804369221,0.698648789756839,0.698704482217087,0.698769845950205,0.69884484705805,0.698929453513594,0.699023635132055,0.699127363543575,0.699240612167423,0.699363356187658,0.699495572530213,0.699637239841352,0.699788338467475,0.699948850436218,0.700118759438823,0.700298050813743,0.700486711531454,0.700684730180444,0.700892096954359,0.701108803640272,0.701334843608066,0.701570211800902,0.701814904726757,0.702068920451017,0.702332258590109,0.702604920306159,0.702886908302667,0.703178226821181,0.703478881638975,0.703788880067716,0.704108230953107,0.704436944675526
summer_internationals_2024,summer_internationals,2024,mixed,penalty_goals,primary,0.192046827347916,0.803353670800471,0.80118877752694,0.799101671539031,0.797088703414235,0.795146575803727,0.793272251680082,0.791462926304717,0.789716002949094,0.788029071777645,0.786399891406844,0.784826372740017,0.783306564745918,0.78183864190448,0.780420893088229,0.779051711684633,0.777729586794994,0.776453095370442,0.775220895166355,0.774031718413792,0.772884366120995,0.771777702930132,0.770710652464712,0.769682193111751,0.768691354190113,0.76773721246274,0.766818888955812,0.765935546052485,0.765086384832797,0.76427064263474,0.763487590814434,0.762736532685899,0.762016801623127,0.761327759309111,0.760668794118148,0.76003931961925,0.759438773189747,0.758866614729355,0.758322325465962,0.757805406845263,0.757315379497199,0.756851782272809,0.756414171345763,0.756002119373345,0.755615214712215,0.755253060684645,0.75491527489136,0.754601488567471,0.754311345978261,0.754044503851916,0.753800630846511,0.753579407048822,0.753380523502712,0.753203681765052,0.753048593487286,0.75291498002093,0.752802572045406,0.752711109216755,0.752640339835885,0.752590020535121,0.752559915981903,0.752549798598591,0.752559448297395,0.752588652229521,0.752637204547718,0.752704906181438,0.752791564623902,0.752896993730401,0.753021013527231,0.753163450030676,0.753324135075518,0.753502906152578,0.753699606254843,0.753914083731737,0.754146192151151,0.754395790168877,0.754662741405081,0.754946914327528,0.755248182141245,0.755566422684362,0.755901518329878,0.756253355893117,0.756621826544662,0.757006825728568,0.757408253085673,0.757826012381838,0.758260011440962,0.758710162082638,0.75917638006432,0.759658585027883,0.760156700450481,0.760670653599611,0.7612003754923,0.761745800858356,0.762306868107609,0.762883519301112,0.763475700126266,0.764083359875824,0.764706451430781,0.76534493124713,0.765998759346499,0.766667899310681
summer_internationals_2024,summer_internationals,2024,mixed,missed_penalty_goals,primary,0.0632677817461301,1.07942517064012,1.07854247016742,1.07769155752328,1.07687143408591,1.07608131738025,1.07532045906122,1.07458814288751,1.07388368284993,1.07320642143984,1.07255572804516,1.07193099746254,1.07133164851539,1.07075712276877,1.07020688333283,1.06968041374752,1.06917721694173,1.06869681426096,1.06823874455806,1.06780256334199,1.06738784198022,1.06699416695065,1.06662113913931,1.06626837318047,1.06593549683605,1.06562215041155,1.06532798620586,1.06505266799258,1.06479587053071,1.06455727910265,1.06433658907777,1.06413350549971,1.06394774269604,1.06377902390862,1.0636270809435,1.06349165383913,1.06337249055156,1.06326934665583,1.06318198506234,1.06311017574751,1.06305369549766,1.06301232766558,1.0629858619388,1.0629740941191,1.06297682591249,1.06299386472919,1.06302502349291,1.06307012045904,1.06312897904127,1.06320142764608,1.06328729951483,1.0633864325729,1.06349866928568,1.06362385652096,1.06376184541736,1.06391249125862,1.0640756533534,1.06425119492028,1.0644389829778,1.06463888823922,1.06485078501184,1.06507455110064,1.06531006771606,1.06555721938568,1.06581589386971,1.06608598208011,1.0663673780031,1.066659978625,1.06696368386123,1.0672783964884,1.06760402207922,1.06794046894029,1.06828764805251,1.06864547301418,1.06901385998645,1.06939272764129,1.06978199711172,1.07018159194425,1.07059143805352,1.07101146367898,1.07144159934362,1.07188177781464,1.07233193406597,1.07279200524266,1.07326193062708,1.07374165160677,1.074231111644,1.07473025624705,1.07523903294297,1.07575739125196,1.07628528266327,1.07682266061261,1.07736948046097,1.07792569947496,1.07849127680843,1.07906617348566,1.07965035238571,1.08024377822832,1.08084641756095,1.08145823874732,1.08207921195709,1.08270930915698
summer_internationals_2024,summer_internationals,2024,mixed,drop_goals_converted,primary,0.0263112090158963,1.25374503515774,1.25425528365902,1.25476860661146,1.25528445994332,1.25580286254711,1.25632383352769,1.2568473922055,1.2573735581198,1.25790235103202,1.25843379092909,1.25896789802692,1.2595046927739,1.26004419585449,1.26058642819284,1.26113141095654,1.26167916556039,1.26222971367028,1.2627830772071,1.2633392783508,1.26389833954447,1.26446028349849,1.26502513319485,1.26559291189146,1.26616364312656,1.26673735072331,1.26731405879436,1.26789379174657,1.26847657428582,1.2690624314219,1.26965138847355,1.27024347107351,1.27083870517381,1.27143711705103,1.27203873331176,1.27264358089817,1.27325168709364,1.27386307952855,1.27447778618622,1.27509583540893,1.27571725590408,1.27634207675048,1.27697032740482,1.27760203770821,1.27823723789292,1.27887595858922,1.27951823083243,1.28016408607009,1.28081355616926,1.28146667342404,1.28212347056325,1.28278398075823,1.28344823763087,1.28411627526183,1.28478812819889,1.28546383146553,1.28614342056974,1.28682693151295,1.28751440079925,1.28820586544476,1.2889013629873,1.28960093149618,1.29030460958233,1.2910124364086,1.29172445170033,1.29244069575617,1.2931612094592,1.29388603428823,1.29461521232948,1.29534878628846,1.2960867995022,1.29682929595179,1.29757632027513,1.29832791778016,1.29908413445828,1.29984501699819,1.30061061280006,1.30138096999002,1.30215613743513,1.30293616475862,1.30372110235557,1.30451100140903,1.3053059139065,1.30610589265691,1.306910991308,1.30772126436416,1.30853676720482,1.30935755610323,1.3101836882458,1.31101522175203,1.31185221569482,1.31269473012154,1.31354282607549,1.31439656561812,1.31525601185175,1.31612122894302,1.31699228214692,1.31786923783155,1.3187521635036,1.31964112783456,1.3205362006876,1.32143745314539
summer_internationals_2024,summer_internationals,2024,mixed,drop_goal_missed,primary,0.0247757493390214,0.928823452120795,0.928233391047446,0.927647931923256,0.927066569414633,0.926489258260856,0.925915954061273,0.925346613254565,0.924781193098654,0.924219651651204,0.923661947750714,0.923108040998172,0.922557891739253,0.922011461047044,0.921468710705268,0.920929603192008,0.920394101663892,0.919862169940742,0.919333772490654,0.918808874415513,0.918287441436909,0.917769439882462,0.917254836672513,0.916743599307206,0.916235695853911,0.915731094935007,0.915229765715992,0.914731677893923,0.914236801686163,0.913745107819443,0.91325656751921,0.912771152499259,0.912288834951647,0.911809587536873,0.91133338337431,0.9108601960329,0.910389999522078,0.909922768282944,0.909458477179657,0.908997101491053,0.908538616902471,0.908082999497802,0.907630225751722,0.907180272522135,0.906733117042801,0.906288736916145,0.905847110106253,0.905408214932037,0.904972030060568,0.904538534500573,0.9041077075961,0.903679529020322,0.903253978769508,0.902831037157124,0.902410684808093,0.901992902653175,0.901577671923495,0.9011649741452,0.90075479113423,0.900347104991228,0.899941898096564,0.899539153105471,0.899138852943304,0.898740980800896,0.898345520130041,0.897952454639059,0.897561768288482,0.897173445286828,0.896787470086474,0.896403827379625,0.896022502094375,0.895643479390852,0.895266744657458,0.894892283507184,0.894520081774017,0.894150125509421,0.8937824009789,0.893416894658634,0.893053593232194,0.892692483587324,0.8923335528128,0.891976788195354,0.891622177216667,0.891269707550426,0.890919367059448,0.890571143792864,0.890225025983369,0.88988100204452,0.889539060568112,0.889199190321587,0.88886138024552,0.888525619451145,0.88819189721794,0.887860202991265,0.887530526380046,0.88720285715451,0.886877185243972,0.886553500734666,0.886231793867618,0.885912055036575,0.885594274785966,0.885278443808917
summer_internationals_2024,summer_internationals,2024,mixed,defenders_beaten,primary,1.59450026055286,0.957206473731209,0.854285368757904,0.848530866422393,0.844981962295844,0.842350901890982,0.840233602812075,0.838449713493646,0.836902759590143,0.835534947036685,0.834308833210458,0.833198719648341,0.832186167238562,0.831257469764501,0.830402141193023,0.829611964398235,0.828880368286922,0.828202005900127,0.827572460280828,0.826988034251088,0.826445596868152,0.825942469118584,0.82547633737149,0.82504518685189,0.824647249803814,0.824280964600484,0.823944943127876,0.823637944501363,0.823358853687154,0.823106663963239,0.822880462415742,0.822679417856963,0.822502770691874,0.822349824364679,0.822219938096124,0.822112520682469,0.82202702517331,0.821962944281318,0.821919806405001,0.821897172167648,0.821894631393138,0.821911800453233,0.821948319932215,0.822003852563777,0.82207808140245,0.822170708197868,0.822281451945097,0.822410047588366,0.822556244858866,0.82271980723016,0.82290051097704,0.823098144325689,0.82331250668464,0.823543407947459,0.823790667859245,0.824054115440091,0.824333588459489,0.824628932956445,0.824940002800671,0.825266659290812,0.825608770786115,0.825966212368393,0.826338865531471,0.826726617895629,0.827129362944841,0.827546999784829,0.827979432920184,0.828426572048991,0.828888331873539,0.829364631925876,0.829855396407069,0.830360554039172,0.830880037928977,0.831413785442745,0.831961738091179,0.832523841423981,0.833100044933396,0.833690301966214,0.834294569643761,0.834912808789435,0.835544983863416,0.836191062904209,0.836851017476717,0.837524822626575,0.838212456840513,0.838913902012547,0.839629143415814,0.840358169679925,0.841100972773685,0.841857547993106,0.842627893954633,0.84341201259353,0.844209909167394,0.845021592264809,0.845847073819133,0.846686369127474,0.84753949687491,0.848406479164032,0.849287341549921,0.8501821130807,0.851090826343789,0.852013517518079
summer_internationals_2024,summer_internationals,2024,mixed,clean_breaks,primary,0.705260830437326,1.01924463757503,0.938547977383113,0.9339075425411,0.931249709341236,0.929410617257132,0.928025473593684,0.926931751256917,0.926042723061823,0.925306596322634,0.924689943893426,0.924169925619247,0.923730236964967,0.923358827912773,0.92304653803215,0.922786238797743,0.922572272504255,0.922400072613656,0.922265899384257,0.922166651165205,0.922099726766739,0.922062923162759,0.922054358168501,0.922072411114053,0.922115676709168,0.922182928728002,0.922273091106853,0.922385214709499,0.922518458476237,0.922672073999877,0.9228453928071,0.923037815794997,0.923248804398919,0.923477873162056,0.923724583448185,0.923988538093062,0.92426937683148,0.92456677236916,0.924880426993717,0.925210069638738,0.925555453330605,0.925916352960199,0.926292563331617,0.926683897448111,0.927090185002026,0.927511271040861,0.927947014785967,0.928397288584021,0.928861976974407,0.929340975858132,0.929834191755975,0.930341541145355,0.930862949866804,0.931398352592246,0.931947692348301,0.932510920088727,0.933087994310899,0.933678880711871,0.934283551880141,0.934901987019703,0.935534171703437,0.936180097653198,0.936839762544344,0.937513169832673,0.938200328602019,0.938901253430949,0.939615964277217,0.940344486378772,0.941086850170304,0.941843091214414,0.942613250146631,0.943397372633621,0.944195509344002,0.945007715931305,0.945834053028685,0.946674586255075,0.947529386232532,0.948398528614636,0.949282094125815,0.950180168611572,0.951092843099654,0.95202021387223,0.952962382549259,0.953919456183234,0.954891547365611,0.955878774345239,0.956881261159229,0.957899137776724,0.958932540256142,0.959981610916517,0.961046498523671,0.962127358492025,0.963224353102954,0.964337651740718,0.965467431147096,0.966613875695988,0.967777177689402,0.968957537676372,0.970155164796569,0.971370277150506,0.972603102198516,0.973853877190859
summer_internationals_2024,summer_internationals,2024,mixed,offload,primary,0.875537309652331,0.922277778161289,0.922172686655474,0.92207736336507,0.921991699189499,0.921915588968875,0.921848931248713,0.921791628136106,0.921743585164012,0.921704711163104,0.921674918140711,0.92165412116638,0.921642238263647,0.921639190307628,0.921644900928076,0.921659296417562,0.921682305644493,0.921713859970658,0.921753893173064,0.921802341369799,0.921859142949701,0.921924238505625,0.92199757077111,0.92207908456026,0.922168726710669,0.922266446029241,0.922372193240744,0.92248592093897,0.922607583540367,0.922737137240024,0.922874539969904,0.923019751359204,0.923172732696767,0.923333446895437,0.923501858458271,0.923677933446551,0.923861639449487,0.924052945555578,0.924251822325535,0.924458241766726,0.924672177309078,0.924893603782384,0.925122497394971,0.925358835713676,0.925602597645094,0.925853763418052,0.926112314567287,0.926378233918272,0.926651505573181,0.926932114897953,0.927220048510432,0.927515294269555,0.927817841265578,0.928127679811307,0.928444801434327,0.928769198870213,0.929100866056697,0.929439798128805,0.929785991414928,0.930139443433836,0.930500152892627,0.930868119685604,0.931243344894074,0.931625830787085,0.932015580823082,0.932412599652502,0.932816893121302,0.933228468275435,0.933647333366279,0.934073497857029,0.934506972430071,0.934947768995345,0.935395900699715,0.935851381937378,0.936314228361308,0.936784456895787,0.937262085750029,0.937747134432927,0.938239623768971,0.93873957591535,0.939247014380282,0.939761964042617,0.940284451172753,0.940814503454903,0.941352150010775,0.941897421424712,0.942450349770351,0.943010968638858,0.943579313168816,0.944155420077829,0.944739327695919,0.945331076000798,0.945930706655115,0.946538263045748,0.947153790325268,0.947777335455666,0.948408947254474,0.94904867644339,0.949696575699557,0.950352699709629,0.951017105226795,0.951689851130904
summer_internationals_2024,summer_internationals,2024,mixed,runs,primary,2.20057494243777,1.1227588242048,0.991108761600605,0.982155141369282,0.975797901667434,0.970543153834867,0.965921531283021,0.961723095060396,0.957835194089766,0.954190063920667,0.950743574586119,0.947465249087342,0.94433306135015,0.941330504736466,0.938444836002932,0.935665970327666,0.932985757234219,0.930397489674099,0.92789556138171,0.925475221645618,0.923132395915399,0.920863552013305,0.918665598632525,0.916535807140534,0.914471750499096,0.912471254953998,0.910532361387592,0.908653294078181,0.906832435204487,0.905068303854867,0.903359538604267,0.901704882943085,0.900103173005411,0.898553327166051,0.897054337167744,0.895605260510132,0.894205213885937,0.89285336749168,0.891548940072967,0.890291194590161,0.889079434410735,0.887912999950918,0.886791265702438,0.885713637590767,0.884679550619937,0.883688466766096,0.882739873087768,0.881833280025597,0.880968219868387,0.880144245365508,0.87936092846862,0.878617859187928,0.877914644550227,0.877250907647645,0.876626286767422,0.876040434594291,0.875493017478072,0.874983714759978,0.874512218151916,0.874078231163728,0.873681468573899,0.873321655939758,0.872998529143659,0.872711833971973,0.872461325724096,0.872246768848957,0.872067936606773,0.871924610754023,0.87181658124982,0.87174364598205,0.871705610511779,0.871702287834613,0.871733498157777,0.871799068691833,0.871898833456023,0.87203263309636,0.872200314715609,0.872401731714442,0.872636743643066,0.872905216062711,0.873207020416409,0.873542033908552,0.873910139392752,0.874311225267576,0.874745185379773,0.87521191893462,0.875711330413078,0.876243329495453,0.876807830991297,0.877404754775305,0.878034025728996,0.87869557368796,0.879389333394521,0.880115244455635,0.880873251305894,0.881663303175508,0.882485354063161,0.88333936271365,0.88422529260022,0.885143111911544,0.886092793543301,0.887074315094292
summer_internationals_2024,summer_internationals,2024,mixed,tackles,primary,2.58648104055356,1.02391819194786,0.995904502426109,0.993022935850895,0.990711256578098,0.988651641618774,0.986744182400414,0.984944149940775,0.98322750817485,0.981579768540312,0.979991469900482,0.978456055675339,0.976968767525489,0.975526021952022,0.974125036889607,0.972763596762491,0.971439898541867,0.970152447383529,0.968899983792849,0.967681431501771,0.966495859342058,0.965342452812862,0.964220492510786,0.963129337512857,0.962068412396765,0.961037196974333,0.960035218077815,0.959062042919579,0.958117273672037,0.957200543004289,0.956311510376417,0.955449858939395,0.954615292923252,0.953807535422082,0.953026326504018,0.952271421589174,0.95154259005007,0.950839613997876,0.9501622872248,0.949510414278418,0.948883809648074,0.948282297046954,0.947705708776242,0.947153885160004,0.946626674041287,0.946123930331441,0.945645515605882,0.945191297740546,0.944761150584136,0.944354953661964,0.943972591907783,0.943613955420504,0.943278939243116,0.942967443161478,0.942679371520959,0.942414633059164,0.9421731407532,0.941954811680133,0.941759566889452,0.941587331286491,0.941438033525897,0.941311605914336,0.941207984321711,0.94112710810028,0.941068920011091,0.941033366157267,0.941020395923691,0.941029961922716,0.941062019945554,0.941116528919062,0.941193450867658,0.941292750880156,0.941414397081307,0.94155836060792,0.941724615589391,0.941913139132557,0.94212391131078,0.942356915157198,0.942612136662112,0.942889564774476,0.943189191407509,0.94351101144844,0.943855022772439,0.944221226260798,0.944609625823449,0.945020228425928,0.945453044120935,0.94590808608462,0.946385370657816,0.946884917392406,0.947406749103086,0.947950891924791,0.948517375376108,0.949106232429025,0.949717499585406,0.95035121696065,0.95100742837502,0.951686181453208,0.952387527732745,0.953111522781969,0.953858226328312,0.954627702397795
summer_internationals_2024,summer_internationals,2024,mixed,missed_tackles,primary,1.27434039466092,0.952696076930707,0.95238280834481,0.952078137180895,0.951781975762887,0.951494240045642,0.95121484935812,0.950943726219193,0.950680796167717,0.95042598760553,0.950179231652186,0.949940462010357,0.94970961484096,0.949486628647159,0.949271444166472,0.949064004270303,0.948864253870288,0.948672139830884,0.948487610887718,0.948310617571217,0.948141112135138,0.947979048489594,0.947824382138259,0.947677070119435,0.947537070950692,0.947404344576844,0.947278852321003,0.94716055683852,0.947049422073594,0.946945413218391,0.946848496674489,0.94675864001651,0.946675811957794,0.946599982317989,0.946531121992437,0.946469202923247,0.946414198071955,0.946366081393679,0.946324827812681,0.946290413199261,0.946262814347897,0.946242008956584,0.946227975607286,0.946220693747458,0.946220143672577,0.946226306509635,0.946239164201542,0.946258699492397,0.946284895913598,0.946317737770729,0.946357210131214,0.946403298812689,0.946455990372072,0.946515272095298,0.946581131987685,0.946653558764932,0.946732541844692,0.946818071338728,0.946910138045621,0.947008733444007,0.94711384968634,0.947225479593152,0.947343616647804,0.947468254991716,0.947599389420062,0.947737015377912,0.947881128956828,0.948031726891891,0.948188806559152,0.948352365973513,0.948522403787018,0.948698919287549,0.948881912397936,0.949071383675463,0.949267334311773,0.949469766133172,0.949678681601324,0.949894083814339,0.950115976508263,0.950344364058956,0.95057925148436,0.950820644447181,0.951068549257958,0.951322972878538,0.951583922925965,0.951851407676777,0.952125436071723,0.952406017720903,0.952693162909342,0.952986882603007,0.953287188455263,0.953594092813793,0.953907608727992,0.954227749956824,0.954554530977192,0.954887966992788,0.955228073943489,0.95557486851526,0.955928368150626,0.956288591059707,0.956655556231829,0.957029283447754
summer_internationals_2024,summer_internationals,2024,mixed,rucks_won,primary,2.1664861110611,0.920411706434577,0.839232076362451,0.834081268287137,0.830577230818586,0.827771980837346,0.825367925399965,0.823232153576342,0.821293504850367,0.819509303497131,0.817851867607021,0.816302173162546,0.814846552321379,0.813474833134298,0.812179225469726,0.810953620241041,0.809793130416931,0.808693780022131,0.80765228723871,0.806665909322753,0.805732329288838,0.80484957152053,0.804015937853806,0.803229958433572,0.802490353416689,0.801796002763976,0.801145922150842,0.800539243566391,0.799975199547974,0.799453110265669,0.79897237286363,0.798532452605627,0.798132875475691,0.797773221962135,0.7974531218116,0.797172249584246,0.796930320875437,0.796727089095793,0.796562342722257,0.79643590294921,0.796347621681627,0.796297379822728,0.796285085816897,0.796310674415492,0.796374105638669,0.796475363910951,0.796614457352004,0.796791417207256,0.797006297405628,0.797259174233879,0.797550146118972,0.797879333511527,0.79824687886483,0.798652946705156,0.79909772379027,0.799581419353989,0.80010426543562,0.800666517293972,0.801268453906449,0.801910378554545,0.802592619497843,0.803315530739411,0.804079492886303,0.804884914109677,0.805732231209944,0.806621910793282,0.807554450566828,0.808530380760986,0.809550265688418,0.810614705450661,0.811724337804705,0.812879840203543,0.814081932026487,0.815331377017142,0.816628985949223,0.81797561954308,0.819372191658812,0.820819672795297,0.822319093928484,0.823871550726843,0.825478208187189,0.827140305740266,0.828859162882629,0.830636185399739,0.832472872255012,0.834370823231104,0.836331747423366,0.838357472701561,0.840449956275197,0.842611296520836,0.844843746257367,0.847149727688556,0.849531849272606,0.851992924827647,0.854535995242426,0.857164353235753,0.859881571700384,0.862691536281982,0.865598482988251,0.868607041806141,0.87172228753831,0.874949799370184
summer_internationals_2024,summer_internationals,2024,mixed,rucks_lost,primary,0.526646988971499,0.997747201627196,0.996846604089776,0.995969934329585,0.995116418823808,0.994285332506987,0.993475994356326,0.992687763611466,0.991920036420825,0.991172242855795,0.990443844243539,0.989734330776823,0.989043219365684,0.988370051700988,0.987714392504254,0.987075827941806,0.986453964184325,0.98584842609545,0.985258856035265,0.984684912766312,0.984126270451376,0.983582617733595,0.983053656890628,0.982539103055571,0.982038683498192,0.98155213696078,0.981079213043538,0.980619671635042,0.980173282383722,0.979739824206809,0.97931908483351,0.978910860379559,0.978514954950523,0.978131180271553,0.977759355341467,0.977399306109267,0.977050865171357,0.976713871487912,0.976388170116977,0.976073611965003,0.97577005355265,0.975477356794778,0.975195388793659,0.974924021644507,0.974663132252511,0.974412602160621,0.974172317387403,0.973942168274321,0.973722049341883,0.973511859154097,0.973311500190772,0.973120878727184,0.972939904720715,0.972768491704071,0.972606556684721,0.972454020050245,0.972310805479279,0.972176839857783,0.972052053200384,0.971936378576549,0.971829752041377,0.971732112570815,0.971643402001106,0.971563564972313,0.971492548875757,0.971430303805237,0.971376782511897,0.971331940362635,0.971295735301943,0.97126812781709,0.971249080906562,0.971238560051693,0.971236533191421,0.971242970700115,0.971257845368427,0.971281132387153,0.971312809334041,0.97135285616357,0.971401255199659,0.971457991131323,0.971523051011285,0.971596424257548,0.971678102657977,0.971768080377903,0.971866353970809,0.971972922392152,0.972087787016385,0.972210951657249,0.97234242259143,0.972482208585686,0.972630320927532,0.972786773459634,0.972951582618032,0.973124767474353,0.97330634978218,0.973496354027761,0.973694807485269,0.973901740276825,0.974117185437539,0.974341178985832,0.97457375999933,0.974814970696656
summer_internationals_2024,summer_internationals,2024,mixed,passes,primary,3.39253658042983,0.915378063611076,0.892186272850613,0.888179389534229,0.884653904875869,0.881365980707399,0.878238062293886,0.875234784425449,0.872336660182675,0.869531569284235,0.866811300597744,0.864169924494892,0.861602941892394,0.859106802746202,0.856678616138087,0.85431596671674,0.852016793529368,0.849779307169947,0.847601931389086,0.845483260848318,0.843422029842007,0.841417088661684,0.839467385407072,0.837571951757958,0.835729891679171,0.833940372333672,0.832202616683139,0.83051589739609,0.828879531782106,0.827292877540833,0.825755329165106,0.824266314874626,0.822825293984131,0.821431754630638,0.820085211799999,0.818785205605004,0.817531299776547,0.816323080336656,0.815160154427852,0.814042149277874,0.812968711282429,0.811939505191568,0.810954213387628,0.810012535244696,0.809114186561088,0.808258899057724,0.807446419936351,0.806676511492549,0.8059489507792,0.805263529316836,0.80462005284782,0.804018341131873,0.803458227780858,0.80293956013118,0.802462199152499,0.80202601939176,0.801630908951893,0.801276769504772,0.80096351633831,0.80069107843783,0.800459398602101,0.80026843359465,0.800118154331283,0.800008546104915,0.799939608849168,0.799911357442402,0.799923822054196,0.799977048536582,0.800071098862688,0.800206051615836,0.800382002532509,0.80059906510311,0.800857371234877,0.801157071981912,0.80149833834788,0.801881362167639,0.802306357074837,0.802773559563391,0.803283230151763,0.803835654660084,0.804431145611447,0.805070043770188,0.805752719831626,0.806479576279707,0.807251049431168,0.808067611687463,0.808929774018635,0.809838088706768,0.810793152380716,0.811795609378457,0.812846155478972,0.813945542052021,0.815094580681815,0.816294148329682,0.817545193111566,0.818848740779048,0.820205902008004,0.821617880617498,0.823085982863954,0.824611627982771,0.826196360182784,0.82784186233958
summer_internationals_2024,summer_internationals,2024,mixed,bad_passes,primary,0.827958291860447,1.0703719563997,1.0349249975176,1.03196943685363,1.0298777588959,1.02815359058607,1.02664093312325,1.02526997684244,1.02400323474647,1.02281813403989,1.02169995606271,1.02063852048004,1.01962645722374,1.01865823268557,1.01772956636041,1.01683706374472,1.01597797574533,1.01515003552596,1.01435134459766,1.01358029126285,1.01283549092539,1.01211574154848,1.01141998983808,1.01074730516953,1.01009685920271,1.00946790974244,1.00885978781232,1.00827188719314,1.0077036558738,1.00715458900295,1.0066242230299,1.00611213079711,1.00561791740054,1.00514121667473,1.00468168818992,1.00423901467205,1.00381289977399,1.00340306614071,1.00300925372157,1.00263121829177,1.00226873015154,1.00192157297743,1.00158954280403,1.00127244711828,1.00097010405142,1.00068234165572,1.00040899725533,1.00014991686218,0.999904954649023,0.999673972472979,0.999456839443811,0.999253431531993,0.999063631212236,0.998887327138744,0.998724413848941,0.99857479149282,0.998438365585417,0.998315046780219,0.99820475066157,0.998107397554384,0.99802291234964,0.997951224344341,0.997892267094746,0.997845978281828,0.997812299588007,0.997791176584354,0.997782558627496,0.997786398765572,0.997802653652659,0.997831283471127,0.99787225186147,0.997925525859194,0.997991075838383,0.998068875461644,0.998158901636123,0.998261134475347,0.998375557266692,0.998502156444269,0.998640921567088,0.99879184530237,0.998954923413893,0.999130154755313,0.999317541268387,0.999517087986081,0.999728803040548,0.999952697675993,1.00018878626647,1.00043708633866,1.00069761859971,1.00097040697028,1.00125547862287,1.00155286402565,1.00186259699193,1.0021847147355,1.00251925793215,1.00286627078753,1.00322580111179,1.00359790040126,1.00398262392768,1.00438003083534,1.00479018424663,1.00521315137663
summer_internationals_2024,summer_internationals,2024,mixed,turnovers_conceded,primary,0.986112631867742,1.00809111550131,1.00787023983148,1.00765633988586,1.00744914321891,1.00724840381608,1.00705389856449,1.00686542435256,1.00668279562116,1.00650584228411,1.00633440795297,1.0061683484141,1.00600753031583,1.00585183003187,1.00570113267314,1.0055553312252,1.00541432579254,1.00527802293413,1.00514633507717,1.00501917999824,1.00489648036269,1.0047781633145,1.00466416011003,1.00455440579019,1.00444883888618,1.00434740115471,1.00425003733922,1.00415669495403,1.00406732408882,1.00398187723117,1.00390030910511,1.00382257652402,1.00374863825634,1.00367845490268,1.00361198878333,1.00354920383494,1.00349006551557,1.00343454071733,1.00338259768576,1.00333420594544,1.00328933623122,1.0032479604245,1.0032100514942,1.00317558344195,1.00314453125117,1.00311687083967,1.00309257901552,1.0030716334359,1.00305401256861,1.00303969565626,1.00302866268261,1.00302089434114,1.00301637200561,1.00301507770237,1.00301699408445,1.00302210440714,1.00303039250509,1.00304184277072,1.0030564401339,1.00307417004279,1.0030950184458,1.0031189717745,1.00314601692759,1.00317614125563,1.00320933254671,1.00324557901279,1.00328486927691,1.00332719236092,1.00337253767399,1.00342089500162,1.00347225449533,1.00352660666275,1.00358394235833,1.00364425277445,1.00370752943306,1.00377376417762,1.00384294916556,1.00391507686109,1.00399014002832,1.00406813172475,1.00414904529513,1.00423287436557,1.00431961283794,1.00440925488462,1.0045017949434,1.00459722771278,1.00469554814734,1.00479675145352,1.00490083308547,1.00500778874121,1.00511761435893,1.00523030611352,1.00534586041332,1.00546427389692,1.0055855434303,1.00570966610401,1.00583663923056,1.00596646034199,1.00609912718751,1.00623463773136,1.00637299015078,1.00651418283412
summer_internationals_2024,summer_internationals,2024,mixed,penalties_conceded,primary,0.940966358680043,1.00994055560063,1.00976862822799,1.009600690229,1.00943671793932,1.00927668865193,1.00912058051512,1.00896837250877,1.00882004442195,1.00867557683173,1.00853495108305,1.0083981492698,1.00826515421679,1.00813594946284,1.00801051924467,1.00788884848176,1.00777092276207,1.00765672832849,1.00754625206615,1.00743948149047,1.00733640473583,1.00723701054508,1.00714128825959,1.00704922781,1.00696081970757,1.00687605503615,1.00679492544467,1.00671742314031,1.00664354088206,1.00657327197498,1.00650661026488,1.0064435501335,1.00638408649428,1.00632821478855,1.00627593098221,1.00622723156295,1.00618211353785,1.00614057443152,1.00610261228468,1.00606822565325,1.00603741360777,1.00601017573348,1.00598651213067,1.00596642341565,1.00594991072209,1.00593697570288,1.00592762053245,1.00592184790957,1.00591966106069,1.0059210637437,1.00592606025227,1.00593465542067,1.00594685462919,1.00596266380996,1.00598208945355,1.00600513861592,1.00603181892616,1.00606213859472,1.00609610642233,1.00613373180959,1.00617502476721,1.00621999592699,1.00626865655355,1.00632101855677,1.00637709450518,1.00643689764,1.00650044189021,1.00656774188852,1.00663881298826,1.0067136712813,1.00679233361712,1.00687481762289,1.00696114172482,1.00705132517072,1.00714538805395,1.00724335133864,1.00734523688652,1.00745106748526,1.00756086687843,1.00767465979732,1.00779247199452,1.00791433027955,1.00804026255661,1.00817029786454,1.00830446641922,1.00844279965848,1.00858533028981,1.00873209234094,1.00888312121355,1.00903845374035,1.00919812824575,1.00936218461034,1.00953066433955,1.00970361063675,1.00988106848108,1.0100630847105,1.0102497081104,1.01044098950811,1.01063698187405,1.01083774042974,1.01104332276353,1.01125378895447
summer_internationals_2024,summer_internationals,2024,mixed,yellow_cards,primary,0.0990560279529406,1.07471295083728,1.07120657361157,1.06807523373106,1.06524218325515,1.06265237463622,1.06026496503647,1.05804880530929,1.05597959014047,1.0540379849916,1.05220835353178,1.05047786829162,1.04883587382581,1.04727342091785,1.04578291947571,1.04435787556268,1.04299268920722,1.04168249686872,1.04042304721696,1.03921060210878,1.03804185686361,1.03691387549044,1.03582403762063,1.03476999469457,1.03374963352935,1.03276104582295,1.03180250246958,1.03087243180259,1.029969401065,1.02909210054917,1.02823932995679,1.02740998661621,1.02660305526138,1.02581759913043,1.02505275218457,1.02430771228219,1.02358173517103,1.0228741291835,1.02218425053881,1.02151149917081,1.02085531501239,1.02021517467834,1.01959058849649,1.01898109784449,1.01838627275556,1.01780570976163,1.01723902994631,1.0166858771843,1.0161459165464,1.01561883285221,1.01510432935491,1.01460212654424,1.01411196105574,1.01363358467545,1.01316676343088,1.01271127675991,1.01226691675015,1.01183348744253,1.01141080419309,1.01099869308807,1.01059699040747,1.0102055421333,1.00982420349863,1.00945283857438,1.00909131989082,1.00873952809131,1.00839735161587,1.0080646864126,1.00774143567504,1.0074275096039,1.0071228251917,1.00682730602895,1.00654088213094,1.0062634897839,1.0059950714099,1.00573557544964,1.00548495626257,1.00524317404379,1.00501019475737,1.00478599008582,1.00457053739541,1.00436381971742,1.00416582574511,1.00397654984669,1.00379599209441,1.00362415831004,1.0034610601273,1.00330671507155,1.00316114665756,1.00302438450613,1.00289646448033,1.00277742884259,1.00266732643382,1.00256621287588,1.00247415079917,1.00239121009711,1.00231746820951,1.00225301043737,1.00219793029164,1.00215232987907,1.00211632032855,1.00209002226191
summer_internationals_2024,summer_internationals,2024,mixed,red_cards,primary,0.0309374547172306,1.22931541623003,1.19794660506979,1.1771358673004,1.16126412618317,1.14833893987001,1.13739875629828,1.12789790460863,1.11949375571807,1.11195570018821,1.10512044645785,1.09886780067598,1.09310654107169,1.0877656935562,1.0827888899209,1.07813057935798,1.07375340312275,1.0696263259703,1.06572327532191,1.06202213021333,1.05850395683811,1.05515242150554,1.05195333355991,1.04889428504393,1.04596436342785,1.04315392024741,1.04045438303339,1.03785810112857,1.0353582182954,1.03294856669885,1.03062357808786,1.02837820892399,1.02620787690276,1.0241084068444,1.02207598433908,1.02010711584807,1.0181985942097,1.01634746869396,1.01455101890409,1.0128067319469,1.01111228239274,1.00946551462627,1.00786442725442,1.00630715929085,1.00479197788048,1.00331726736343,1.0018815195077,1.00048332476499,0.999121364424794,0.997794403559578,0.996501284668324,0.995240921938587,0.994012296057508,0.992814449511437,0.991646482321459,0.99050754816877,0.989396850869536,0.988313641163766,0.987257213786988,0.986226904797211,0.985222089132838,0.984242178379997,0.983286618730231,0.982354889111582,0.981446499478031,0.980560989243904,0.979697925851313,0.978856903460032,0.978037541750338,0.977239484830403,0.976462400240742,0.975705978049052,0.974969930029541,0.974253988921507,0.973557907762574,0.972881459292527,0.972224435424245,0.971586646778701,0.970967922281437,0.97036810881838,0.969787070949238,0.969224690677139,0.968680867273513,0.968155517157619,0.967648573830465,0.967159987863258,0.966689726940849,0.96623777596108,0.965804137191274,0.965388830483569,0.964991893551208,0.964613382308384,0.964253371276718,0.963911954062035,0.963589243905662,0.963285374315169,0.963000499780181,0.962734796579728,0.962488463688488,0.962261723790352,0.96205482440885,0.961868039165335
summer_internationals_2024,summer_internationals,2024,mixed,metres,primary,1.60476332415201,0.897681835960817,0.896512470764193,0.89547910014966,0.894557740340571,0.893730336438099,0.892982976616316,0.892304726657472,0.891686844295577,0.891122234695287,0.890605063871937,0.890130478401726,0.889694398382746,0.889293361950615,0.888924406765581,0.888584978463187,0.888272859070758,0.887986110413389,0.887723028915891,0.887482109169005,0.887262014307749,0.887061551736555,0.886879653089238,0.886715357571396,0.886567798025632,0.886436189204738,0.886319817847598,0.886218034236448,0.886130244978793,0.88605590680754,0.885994521232263,0.885945629905578,0.885908810593222,0.885883673656148,0.885869858968745,0.885867033210106,0.885874887475618,0.885893135164692,0.885921510107355,0.885959764898216,0.886007669411039,0.886065009471141,0.886131585666108,0.886207212278116,0.886291716323453,0.886384936686817,0.886486723339632,0.886596936633038,0.886715446657417,0.886842132661364,0.886976882523882,0.887119592274359,0.887270165655534,0.887428513725241,0.887594554493201,0.887768212589571,0.887949418962332,0.888138110600938,0.888334230283904,0.888537726348312,0.888748552479387,0.88896666751852,0.8891920352883,0.889424624433223,0.889664408274946,0.889911364681025,0.890165475946209,0.890426728685458,0.89069511373794,0.890970626081335,0.89125326475585,0.891543032797417,0.891839937179598,0.892143988763785,0.892455202257314,0.892773596179178,0.893099192833054,0.893432018287394,0.89377210236239,0.894119478623613,0.894474184382205,0.894836260701511,0.895205752410058,0.895582708120838,0.895967180256859,0.896359225082979,0.896758902744033,0.897166277309314,0.89758141682349,0.898004393364056,0.898435283105451,0.898874166390019,0.899321127805974,0.89977625627261,0.900239645133003,0.900711392254469,0.90119160013712,0.901680376030859,0.902177832061207,0.902684085364399,0.903199258232234,0.903723478267215
rugby_championship_2024,rugby_championship,2024,south,minutes,primary,10.0541153482296,0.952511203674477,0.952220471562492,0.951929806943297,0.951653116638258,0.951425959681951,0.951226563048965,0.951036283071176,0.95087192835318,0.950746604444341,0.950649326283167,0.950571809894815,0.950497198506832,0.95042258711885,0.950347975730868,0.950276273356353,0.950206309790926,0.950136346225498,0.950066382660071,0.949996419094643,0.949926455529216,0.949856491963789,0.949789642055763,0.94973170728829,0.949673772520816,0.949615837753343,0.949560086953118,0.949507189564767,0.949454292176416,0.949415356468273,0.949391478137839,0.949375987912253,0.949371555736319,0.949402742913873,0.949478795562888,0.949554848211903,0.949630900860918,0.949706953509933,0.949783006158948,0.949859058807963,0.949938046444746,0.950041078746076,0.950158225944072,0.950275373142068,0.950392520340064,0.950509667538061,0.950626814736057,0.950749628153405,0.950872904848884,0.950996181544363,0.951119458239843,0.951242734935322,0.951366011630801,0.951489288326281,0.951619452075059,0.951751779825015,0.951912202179505,0.952085803235987,0.952281366566605,0.952476929897222,0.95269253601825,0.952915755631697,0.953142220594489,0.953384702483811,0.953627263541952,0.953869824600093,0.954112975689634,0.954357019919918,0.954601064150202,0.954845108380486,0.95508915261077,0.95539884483248,0.955727102797981,0.956055360763482,0.95638365539086,0.956727511186266,0.957098120898254,0.957468730610242,0.9578612510531,0.958289076081993,0.958716901110886,0.959166070010798,0.959618427993686,0.960070785976573,0.960523143959461,0.960975501942348,0.961430169850474,0.961891635672507,0.962369536555821,0.962866230491908,0.963374536746216,0.963891102506538,0.964428425110205,0.964973069946712,0.965517714783218,0.966062359619725,0.966612549219816,0.967176021488495,0.967739493757173,0.968302966025851,0.968873728142295,0.969448466378114
rugby_championship_2024,rugby_championship,2024,south,tries,primary,0.513281243831178,0.929615542347006,0.930494871420245,0.931524468421426,0.932695281254084,0.933999179929472,0.935428825392673,0.936977562053083,0.938639328819557,0.940408584829906,0.942280246967794,0.94424963692323,0.946312436046094,0.948464646613473,0.950702558414147,0.953022719770941,0.955421912290336,0.957897128760883,0.960445553726332,0.963064546342384,0.965751625192597,0.968504454792632,0.971320833555695,0.974198683027667,0.977136038229698,0.980131038970242,0.983181922008606,0.986287013968852,0.989444724916928,0.992653542525755,0.995912026762962,0.999218805044478,1.0025725678044,1.00597206443775,1.00941609957793,1.01290352967553,1.01643325984868,1.02000424097881,1.0236154670287,1.02726597256202,1.030954830446,1.03468114972085,1.03844407362113,1.04224277773602,1.04607646829649,1.04994438057887,1.05384577741505,1.05777994780084,1.0617462055944,1.0657438882979,1.06977235591566,1.07383098988316,1.07791919206149,1.08203638379231,1.08618200500896,1.09035551339969,1.09455638361917,1.09878410654505,1.10303818857625,1.10731815097032,1.1116235292171,1.11595387244624,1.12030874286652,1.12468771523462,1.12909037635173,1.13351632458605,1.13796516941963,1.14243653101798,1.14693003982113,1.15144533615482,1.15598206986052,1.16053989994334,1.16511849423659,1.16971752908218,1.1743366890259,1.17897566652662,1.18363416167888,1.1883118819479,1.19300854191637,1.19772386304254,1.20245757342877,1.20720940760014,1.21197910629252,1.2167664162497,1.2215710900289,1.22639288581452,1.23123156723948,1.23608690321385,1.24095866776044,1.24584663985697,1.25075060328447,1.25567034648168,1.26060566240513,1.26555634839457,1.2705222060436,1.2755030410752,1.28049866322193,1.28550888611061,1.29053352715128,1.29557240743014,1.30062535160655,1.30569218781356
rugby_championship_2024,rugby_championship,2024,south,try_assists,primary,0.392734541407042,0.986912502965193,0.985419012545676,0.984279675663286,0.983438406617456,0.982854404824101,0.982496676783011,0.982340873666558,0.982367348687434,0.982559902329995,0.982904937593379,0.983390871152349,0.98400771059684,0.984746743103307,0.98560030106224,0.986561582210569,0.987624509235132,0.988783618528934,0.990033970861103,0.991371078780717,0.992790846981818,0.994289522837286,0.995863655004495,0.997510058506643,0.99922578506007,1.00100809768948,1.00285444887688,1.00476246164482,1.00672991309339,1.00875472000242,1.01083492618255,1.0129686913154,1.01515428106865,1.01739005830775,1.01967447525538,1.02200606647365,1.02438344256323,1.02680528448967,1.02927033846062,1.03177741128818,1.03432536618025,1.03691311891211,1.03953963433628,1.04220392319382,1.04490503919531,1.04764207634344,1.05041416647278,1.05322047698496,1.05606020876046,1.05893259422981,1.06183689558962,1.06477240314973,1.06773843379997,1.07073432958573,1.07375945638285,1.07681320266347,1.07989497834499,1.08300421371548,1.08614035842905,1.08930288056586,1.09249126575142,1.09570501633077,1.09894365059321,1.10220670204388,1.1054937187186,1.10880426253893,1.1121379087045,1.1154942451199,1.11887287185382,1.12227340062815,1.12569545433503,1.12913866657989,1.13260268124891,1.13608715209912,1.13959174236985,1.14311612441402,1.14665997934812,1.15022299671968,1.15380487419115,1.15740531723917,1.16102403886843,1.16466075933906,1.16831520590691,1.17198711257589,1.17567621986179,1.17938227456674,1.1831050295639,1.18684424359172,1.19059968105725,1.19437111184808,1.19815831115226,1.20196105928609,1.205779141529,1.20961234796547,1.21346047333345,1.21732331687895,1.22120068221656,1.22509237719564,1.22899821377169,1.23291800788295,1.23685157933167,1.24079875167009
rugby_championship_2024,rugby_championship,2024,south,conversion_goals,primary,0.231343418089575,0.834139068445908,0.828910273988192,0.82432756178466,0.820336701597935,0.816890820279125,0.813949017341902,0.81147532976288,0.809437921163896,0.807808437793802,0.806561490591624,0.805674233985316,0.805126019912222,0.804898111044263,0.804973441125675,0.805336413177554,0.805972728417347,0.806869240302072,0.808013829281123,0.809395294742317,0.811003261326506,0.812828097324197,0.814860843289733,0.817093149342724,0.819517219892669,0.822125764736592,0.824911955652384,0.827869387751192,0.830992044967308,0.834274269158722,0.837710732369903,0.841296411873538,0.845026567662437,0.848896722108504,0.852902641544225,0.85704031955477,0.861305961796502,0.865695972181384,0.870206940287036,0.874835629869618,0.879578968371765,0.884434037330807,0.889398063603869,0.894468411336266,0.899642574608323,0.90491817070332,0.910292933946017,0.915764710067151,0.921331451054669,0.926991210457203,0.932742139109631,0.938582481254532,0.944510571036894,0.950524829352867,0.956623761036441,0.962805952370939,0.969070068915118,0.975414853636444,0.981839125346964,0.988341777439986,0.994921776928726,1.00157816379113,1.00831005062834,1.01511662264773,1.02199713798543,1.02895092838741,1.03597740027315,1.04307603621135,1.05024639684348,1.05748812329843,1.06480094015002,1.0721846589792,1.07963918261496,1.08716451014227,1.09476074278248,1.1024280907726,1.11016688139522,1.11797756834165,1.12586074262918,1.13381714534031,1.14184768251089,1.1499534425675,1.15813571680763,1.16639602353465,1.17473613661117,1.18315811939043,1.19166436524108,1.20025764621648,1.20894117186629,1.21771866078756,1.22659442832619,1.23557349495861,1.24466172144212,1.2538659790255,1.26319436617551,1.27265648789825,1.28226382062114,1.29203019608008,1.30197245398181,1.3121113393323,1.3224727633877,1.33308962066373
rugby_championship_2024,rugby_championship,2024,south,missed_conversion_goals,primary,0.114103963800446,1.16090260134935,1.15964624716554,1.1585226641736,1.15752325218882,1.15664042934949,1.15586739515093,1.15519801879981,1.15462674755305,1.15414853081691,1.15375875679806,1.15345319924363,1.15322797235931,1.15307949240916,1.15300444481473,1.1529997558115,1.15306256790642,1.15319021852479,1.15338022134853,1.15363024993768,1.15393812329847,1.15430179311916,1.15471933244072,1.1551889255676,1.15570885905434,1.15627751362911,1.15689335693626,1.15755493699715,1.15826087630304,1.15900986646587,1.15980066336296,1.16063208272023,1.16150299608576,1.16241232715179,1.16335904838848,1.16434217795718,1.1653607768751,1.16641394640641,1.16750082565768,1.16862058935822,1.16977244580806,1.17095563497802,1.17216942674821,1.17341311927272,1.17468603745934,1.17598753155456,1.17731697582497,1.17867376732696,1.18005732475761,1.18146708738019,1.18290251401836,1.18436308211378,1.18584828684215,1.18735764028334,1.18889067064159,1.19044692151205,1.19202595119031,1.19362733202185,1.19525064978871,1.19689550313053,1.1985615029979,1.20024827213564,1.20195544459411,1.20368266526658,1.20542958945114,1.20719588243544,1.20898121910281,1.21078528355853,1.21260776877489,1.21444837625388,1.21630681570661,1.21818280474821,1.2200760686075,1.2219863398505,1.22391335811691,1.22585686986893,1.22781662815166,1.22979239236445,1.23178392804254,1.23379100664859,1.23581340537331,1.23785090694495,1.23990329944702,1.24197037614388,1.24405193531377,1.2461477800889,1.24825771830222,1.25038156234061,1.25251912900405,1.25467023937057,1.25683471866668,1.25901239614294,1.26120310495459,1.26340668204677,1.26562296804432,1.26785180714585,1.27009304702185,1.27234653871681,1.2746121365549,1.27688969804938,1.27917908381526,1.28148015748531
rugby_championship_2024,rugby_championship,2024,south,penalty_goals,primary,0.170359136360314,1.04757905776146,1.04502085755026,1.04250862660168,1.04004127618114,1.03761783024595,1.03523735620279,1.03289896262004,1.03060179709907,1.02834504429173,1.02612792405199,1.02394968971153,1.02180962646918,1.0197070498859,1.01764130447712,1.01561176239521,1.01361782219565,1.01165890768072,1.00973446681537,1.0078439707101,1.0059869126664,1.00416280728048,1.00237118960136,1.00061161433994,0.998883655125672,0.997186903807843,0.995520969798804,0.993885479456548,0.992280075504316,0.990704416485105,0.989158176249092,0.987641043472139,0.986152721203731,0.984692926442778,0.983261389739864,0.981857854824641,0.980482078257156,0.979133829102008,0.977812888624323,0.976519050006615,0.975252118085679,0.974011909108759,0.972798250508269,0.971610980694447,0.970449948865366,0.969315014833791,0.968206048870434,0.967122931563215,0.966065553692182,0.965033816119811,0.964027629696449,0.963046915180715,0.962091603174727,0.961161634074081,0.960256958032528,0.959377534941399,0.958523334423825,0.957694335843878,0.956890528330831,0.956111910818736,0.955358492101649,0.95463029090482,0.953927335972298,0.953249666171402,0.952597330614637,0.951970388799681,0.951368910768149,0.950792977283943,0.950242680032086,0.949718121839035,0.949219416915581,0.948746691123579,0.948300082267867,0.947879740414885,0.947485828239672,0.947118521403087,0.946778008961303,0.946464493809834,0.94617819316459,0.945919339082754,0.945688179026525,0.945484976473143,0.945310011574976,0.945163581873865,0.945046003074406,0.944957609881356,0.94489875690701,0.944869819655007,0.944871195587878,0.944903305286468,0.944966593710432,0.945061531570131,0.94518861682161,0.945348376297857,0.945541367491326,0.945768180504764,0.946029440189765,0.946325808495244,0.946657987051306,0.947026720017778,0.947432797231172,0.947877057689188
rugby_championship_2024,rugby_championship,2024,south,missed_penalty_goals,primary,0.108053987065679,1.02813249283838,1.02888093558995,1.02964558226481,1.03042650888111,1.03122390099081,1.03203794849917,1.03286884577677,1.03371679177595,1.03458199015192,1.03546464938875,1.03636498293035,1.0372832093168,1.03821955232618,1.03917424112219,1.04014751040782,1.04113960058535,1.04215075792298,1.04318123472842,1.04423128952977,1.04530118726401,1.04639119947364,1.04750160451156,1.04863268775502,1.04978474182876,1.05095806683799,1.05215297061173,1.053369768957,1.05460878592446,1.0558703540862,1.05715481482623,1.05846251864453,1.05979382547524,1.06114910502,1.06252873709719,1.06393311200806,1.06536263092069,1.06681770627298,1.06829876219572,1.06980623495699,1.07134057342931,1.07290223958087,1.07449170899251,1.07610947140202,1.07775603127762,1.07943190842256,1.08113763861298,1.08287377427124,1.08464088517735,1.08643955922099,1.08827040319725,1.09013404364911,1.09203112776023,1.09396232430182,1.09592832463762,1.09792984379171,1.09996762158382,1.10204242383789,1.10415504366948,1.10630630285894,1.10849705331723,1.11072817865262,1.11300059584693,1.11531525705103,1.11767315151061,1.12007530763391,1.12252279521521,1.12501672782855,1.1275582654088,1.13014861703843,1.13278904396126,1.13548086284661,1.13822544933068,1.14102424186527,1.14387874590806,1.14679053849336,1.1497612732278,1.15279268576163,1.15588659979401,1.15904493367922,1.16226970771156,1.1655630521784,1.16892721628628,1.17236457808191,1.17587765551146,1.1794691187868,1.1831418042584,1.18689873003231,1.19074311361498,1.19467839192683,1.1987082440964,1.20283661753574,1.20706775790927,1.21140624375013,1.21585702665882,1.22042547825261,1.22511744533735,1.22993931517205,1.2348980932249,1.24000149652846,1.24525806670372,1.25067730804508
rugby_championship_2024,rugby_championship,2024,south,drop_goals_converted,primary,0.0033756928633099,0.470034585801259,0.466777028221628,0.463523871241537,0.460270714261447,0.457017557281356,0.453764400301265,0.450511243321175,0.447258086341084,0.444004929360994,0.440751772380903,0.437498615400813,0.434245458420722,0.430992301440632,0.427739144460541,0.42448598748045,0.42123283050036,0.417979673520269,0.414726516540179,0.411473359560088,0.408220202579998,0.404967045599907,0.401713888619816,0.398460731639726,0.395207574659635,0.391954417679545,0.388701260699454,0.385448103719364,0.382194946739273,0.378941789759182,0.375688632779092,0.372435475799001,0.369182318818911,0.36592916183882,0.36267600485873,0.359422847878639,0.356169690898548,0.352916533918458,0.349663376938367,0.346410219958277,0.343157062978186,0.339903905998096,0.336650749018005,0.333397592037915,0.330144435057824,0.326891278077733,0.323638121097643,0.320384964117552,0.317131807137462,0.313878650157371,0.310625493177281,0.30737233619719,0.304119179217099,0.300866022237009,0.297612865256918,0.294359708276828,0.291106551296737,0.287853394316647,0.284600237336556,0.281347080356465,0.278093923376375,0.274840766396284,0.271587609416194,0.268334452436103,0.265081295456013,0.261828138475922,0.258574981495831,0.255321824515741,0.25206866753565,0.24881551055556,0.245562353575469,0.242309196595379,0.239056039615288,0.235802882635198,0.232549725655107,0.229296568675016,0.226043411694926,0.222790254714835,0.219537097734745,0.216283940754654,0.213030783774564,0.209777626794473,0.206524469814382,0.203271312834292,0.200018155854201,0.196764998874111,0.19351184189402,0.19025868491393,0.187005527933839,0.183752370953748,0.180499213973658,0.177246056993567,0.173992900013477,0.170739743033386,0.167486586053296,0.164233429073205,0.160980272093115,0.157727115113024,0.154473958132933,0.151220801152843,0.147967644172752,0.144714487192662
rugby_championship_2024,rugby_championship,2024,south,drop_goal_missed,primary,0.0738868403240712,0.800558356867259,0.801451601859924,0.802357401454048,0.803275800788,0.804207004000092,0.805151220427088,0.806108664786665,0.807079557368075,0.808064124231479,0.809062597416423,0.810075215159972,0.811102222125065,0.812143869639648,0.813200415947246,0.814272126469617,0.815359274082208,0.816462139403196,0.817581011096906,0.818716186192514,0.819867970418957,0.821036678557078,0.822222634810082,0.82342617319348,0.824647637945782,0.825887383961284,0.827145777246424,0.828423195401273,0.829720028127864,0.83103667776721,0.83237355986698,0.833731103782006,0.835109753309948,0.83650996736464,0.83793222068989,0.839377004616701,0.840844827867173,0.842336217408641,0.843851719361892,0.84539189996771,0.84695734661633,0.848548668944879,0.850166500008325,0.851811497530004,0.853484345238404,0.855185754297549,0.856916464839057,0.858677247604825,0.860468905710172,0.862292276538383,0.864148233778747,0.866037689621511,0.867961597124729,0.869920952769623,0.871916799223064,0.873950228327954,0.876022384344796,0.878134467470611,0.880287737664601,0.882483518813754,0.884723203275848,0.887008256842322,0.889340224169222,0.891720734731064,0.894151509360255,0.8966343674437,0.899171234858844,0.901764152743762,0.904415287210595,0.907126940128876,0.909901561125853,0.912741760975379,0.915650326576215,0.918630237755804,0.9216846861781,0.924817096685599,0.92803115146869,0.931330817532602,0.934720378027434,0.938204468124896,0.941788116272913,0.94547679184477,0.949276460434408,0.953193648349344,0.957235518238525,0.9614099582933,0.965725688116018,0.970192385219527,0.974820837283411,0.979623126866949,0.984612857437446,0.989805432574337,0.995218404446919,1.00087191374551,1.00678925213558,1.01299759156243,1.01952894495474,1.02642145449596,1.03372115449287,1.04148444032959,1.04978162046703,1.05870218980996
rugby_championship_2024,rugby_championship,2024,south,defenders_beaten,primary,1.37420484631369,1.14804703187904,0.956750586969847,0.947132290229738,0.941377536275665,0.937244329622337,0.934028646915656,0.931415848950127,0.929237280934018,0.927391616042809,0.925812959716363,0.924455872395005,0.923287566131299,0.92228350881178,0.921424792157263,0.920696476437671,0.920086506434996,0.91958497696413,0.919183620598527,0.918875441319486,0.918654446732465,0.918515448522991,0.91845391119431,0.918465835632994,0.918547668236657,0.918696229098379,0.918908654600545,0.919182351045555,0.919514956840594,0.919904311384464,0.920348429258274,0.920845478652525,0.921393763207218,0.92199170662375,0.922637839544726,0.923330788302498,0.924069265217599,0.924852060190672,0.925678033380151,0.926546108796403,0.927455268673402,0.928404548503382,0.9293930326394,0.930419850386543,0.931484172515373,0.932585208141662,0.933722201925136,0.934894431547049,0.936101205432319,0.9373418606869,0.93861576122517,0.939922296065604,0.941260877775903,0.942630941051251,0.944031941411458,0.945463354004564,0.946924672506005,0.948415408103766,0.949935088561086,0.951483257349265,0.953059472843971,0.954663307579191,0.956294347553602,0.957952191584733,0.959636450706734,0.961346747608047,0.96308271610564,0.964844000652778,0.96663025587765,0.968441146150378,0.970276345176229,0.972135535612996,0.974018408710751,0.975924663972311,0.977854008832915,0.979806158357731,0.981780834955963,0.983777768110381,0.985796694121257,0.987837355863724,0.989899502557686,0.991982889549458,0.994087278104404,0.996212435209867,0.998358133387764,1.00052415051627,1.00271026966001,1.00491627890835,1.00714197122113,1.00938714428169,1.01165160035653,1.01393514616133,1.01623759273307,1.01855875530773,1.02089845320351,1.02325650970906,1.02563275197661,1.02802701091972,1.03043912111541,1.03286892071043,1.03531625133154,1.03778095799954
rugby_championship_2024,rugby_championship,2024,south,clean_breaks,primary,0.676785250546447,1.0136500021783,0.941868978969752,0.937882241766394,0.935613140119943,0.934139829442434,0.933166479802543,0.932556581244673,0.932233900728235,0.932150382786288,0.932273071023928,0.932577924098007,0.933046563497135,0.933664419629157,0.934419605642936,0.935302197066122,0.936303750835594,0.937416972320436,0.938635477541519,0.93995361875507,0.941366353484873,0.942869144135681,0.944457879634893,0.946128813272339,0.947878512673421,0.949703819013608,0.951601813378531,0.953569788725423,0.955605226290491,0.957705775565609,0.959869237170686,0.962093548097817,0.964376768915369,0.966717072604892,0.969112734768649,0.971562124995686,0.974063699213561,0.976615992883664,0.979217614922639,0.981867242252003,0.98456361489394,0.987305531544125,0.990091845562946,0.992921461335202,0.995793330955515,0.998706451202686,1.00165986077122,1.00465263773248,1.00768389720149,1.01075278918838,1.01385849661616,1.0170002334886,1.02017724319387,1.02338879693153,1.02663419225136,1.02991275169429,1.03322382152631,1.03656677055761,1.03994098903956,1.04334588763334,1.04678089644424,1.05024546411648,1.05373905698392,1.05726115827217,1.06081126734843,1.06438889901542,1.06799358284612,1.07162486255658,1.07528229541392,1.07896545167719,1.08267391406875,1.08640727727425,1.0901651474691,1.09394714186992,1.09775288830916,1.10158202483159,1.10543419931112,1.10930906908681,1.11320630061684,1.11712556914938,1.12106655840937,1.12502896030018,1.12901247461945,1.13301680878813,1.13704167759212,1.14108680293565,1.14515191360594,1.14923674504837,1.15334103915165,1.15746454404245,1.16160701388911,1.16576820871367,1.16994789421216,1.17414584158244,1.1783618273594,1.18259563325697,1.1868470460169,1.19111585726364,1.19540186336526,1.19970486530014,1.20402466852896,1.20836108287197
rugby_championship_2024,rugby_championship,2024,south,offload,primary,0.73197849294438,0.904175390624415,0.904346430852898,0.904551254199497,0.904788975860489,0.905058752558702,0.905359779625868,0.905691288434876,0.906052544055598,0.906442843110476,0.906861511809005,0.907307904142812,0.907781400225244,0.908281404761251,0.908807345634998,0.90935867260408,0.909934856090437,0.910535386059153,0.91115977097728,0.911807536845641,0.912478226297315,0.913171397757138,0.913886624657125,0.914623494703222,0.915381609189248,0.91616058235427,0.916960040780014,0.917779622825248,0.918618978094305,0.919477766937228,0.920355659979192,0.921252337677097,0.922167489901379,0.923100815541274,0.924052022131917,0.925020825501756,0.926006949438945,0.927010125375429,0.928030092087568,0.929066595412239,0.930119387977405,0.931188228946268,0.932272883774127,0.933373123977196,0.934488726912623,0.935619475569061,0.936765158367156,0.937925568969378,0.939100506098647,0.940289773365256,0.941493179101629,0.94271053620446,0.943941661983849,0.94518637801903,0.946444510020349,0.947715887697161,0.949000344631319,0.950297718155983,0.951607849239453,0.952930582373791,0.954265765467974,0.955613249745351,0.956972889645211,0.958344542728233,0.959728069585648,0.96112333375193,0.96253020162085,0.963948542364725,0.965378227856731,0.96681913259612,0.968271133636225,0.969734110515107,0.971207945188752,0.972692521966674,0.97418772744985,0.975693450470856,0.97720958203613,0.978736015270263,0.980272645362229,0.981819369513482,0.983376086887829,0.984942698563022,0.986519107483986,0.988105218417617,0.989700937909101,0.991306174239674,0.992920837385782,0.994544838979579,0.996178092270713,0.997820512089348,0.999472014810383,1.00113251831881,1.00280194197618,1.00448020658815,1.00616723437299,1.00786294893121,1.00956727521594,1.01128013950446,1.01300146937039,1.01473119365694,1.01646924245081,1.01821554705702
rugby_championship_2024,rugby_championship,2024,south,runs,primary,1.92220417975336,1.01988738360947,0.902450977123438,0.893467386636816,0.886775954994693,0.881092754310763,0.876013569544738,0.871356976638753,0.867025125546477,0.86295874608019,0.859118898725505,0.855478402558862,0.852017366915984,0.848720672648528,0.845576462710337,0.84257519184281,0.839709003390364,0.836971306395668,0.834356480088253,0.831859662097403,0.829476593269627,0.827203501715804,0.82503701464822,0.82297409029129,0.821011964548064,0.819148108685959,0.817380195370103,0.815706071103552,0.814123733644086,0.812631313329405,0.811227057503227,0.809909317424908,0.808676537185663,0.807527244259344,0.806460041394925,0.805473599618233,0.804566652156929,0.803737989138812,0.802986452941743,0.802310934095743,0.801710367655519,0.801183729975785,0.800730035833146,0.80034833584752,0.800037714163595,0.799797286358947,0.799626197550519,0.799523620675366,0.799488754925021,0.79952082431578,0.799619076379628,0.799782780962584,0.800011229118996,0.800303732091769,0.800659620369808,0.801078242814984,0.801558965851898,0.802101172714496,0.802704262744262,0.803367650735336,0.804090766322419,0.804873053407741,0.805713969623812,0.806612985829001,0.807569585633261,0.808583264951649,0.809653531583458,0.810779904815033,0.811961915044511,0.813199103426885,0.814491021537943,0.815837231055774,0.81723730345862,0.818690819738006,0.820197370126107,0.821756553836476,0.82336797881725,0.825031261516091,0.826746026656131,0.828511907022272,0.830328543257243,0.832195583666839,0.834112684033841,0.83607950744013,0.838095724096559,0.840161011180163,0.842275052678338,0.844437539239617,0.846648168030733,0.848906642599648,0.851212672744262,0.853565974386542,0.855966269451815,0.858413285752999,0.860906756879545,0.863446422090889,0.866032026214233,0.86866331954646,0.871340057760031,0.874062001812691,0.876828917860858,0.879640577176533
rugby_championship_2024,rugby_championship,2024,south,tackles,primary,1.92767924738726,1.06726294352146,0.956431644992239,0.949024639196808,0.943828386838797,0.939565244663376,0.935834623198617,0.932457947669521,0.92933985103673,0.926423320271772,0.923671509991933,0.921059204326902,0.918568369707838,0.916185650709542,0.913900871502501,0.911706094083613,0.909595002076121,0.90756248369338,0.905604341258459,0.903717083795106,0.901897775698907,0.900143924207145,0.898453394297867,0.896824343356406,0.895255170334679,0.893744475701712,0.892291029542576,0.890893745889001,0.889551661871658,0.888263920643175,0.887029757279191,0.885848487052886,0.884719495617187,0.883642230732331,0.882616195254485,0.881640941160511,0.880716064429514,0.879841200637218,0.879016021146708,0.878240229800841,0.877513560038796,0.876835772372941,0.8762066521732,0.875626007715014,0.87509366845415,0.874609483497578,0.874173320244373,0.873785063174693,0.873444612768065,0.873151884535074,0.872906808148739,0.872709326663868,0.872559395814241,0.872456983378885,0.872402068609837,0.872394641714802,0.87243470338893,0.872522264390697,0.872657345157453,0.872839975456784,0.873070194070246,0.87334804850648,0.873673594741032,0.874046896980515,0.874468027449033,0.874937066194984,0.875454100916605,0.876019226804771,0.876632546401727,0.877294169474589,0.878004212902541,0.878762800576805,0.879570063312526,0.880426138771826,0.881331171397348,0.882285312355676,0.88328871949011,0.884341557282286,0.885443996822234,0.886596215786473,0.887798398423814,0.889050735548558,0.890353424540838,0.891706669353863,0.893110680527874,0.894565675210627,0.896071877184279,0.897629516898539,0.89923883151,0.900900064927584,0.902613467864041,0.904379297893477,0.906197819514914,0.908069304221872,0.909994030578029,0.911972284298999,0.914004358340298,0.916090552991592,0.918231175977349,0.920426542564007,0.922676975673832,0.924982806005625
rugby_championship_2024,rugby_championship,2024,south,missed_tackles,primary,1.21369430386581,1.01726369704742,0.978241052020041,0.975776343506918,0.974183785579068,0.972956212139841,0.971934702733399,0.971048487497217,0.97025983161337,0.969546225605249,0.968893164378641,0.968290757249826,0.967731962330397,0.967211592419567,0.966725720176581,0.966271304358102,0.965845945315974,0.965447719565044,0.965075064591794,0.96472669663848,0.964401550746313,0.964098736196553,0.963817502835764,0.963557215243625,0.963317332649482,0.963097393128392,0.962897001027752,0.962715816863886,0.962553549129093,0.96240994759224,0.962284797778469,0.962177916388254,0.962089147471157,0.962018359210642,0.961965441207319,0.961930302171517,0.961912867954183,0.961913079859111,0.961930893190464,0.961966275998128,0.962019207990281,0.962089679587975,0.962177691100898,0.962283252007014,0.962406380321616,0.96254710204368,0.962705450669305,0.962881466763623,0.963075197583843,0.963286696747197,0.963516023938469,0.963763244652529,0.964028429967955,0.96431165634836,0.964613005468497,0.964932564062625,0.965270423792927,0.965626681136081,0.966001437286322,0.966394798073553,0.966806873895237,0.96723777966097,0.967687634748782,0.968156562972328,0.96864469255823,0.969152156132946,0.969679090718622,0.970225637737432,0.970791943024029,0.97137815684573,0.97198443393017,0.972610933500159,0.973257819315565,0.973925259722047,0.974613427706544,0.975322500959407,0.976052661943158,0.976804097967836,0.977577001272955,0.978371569116109,0.979188003868306,0.980026513116123,0.980887309770809,0.98177061218449,0.98267664427367,0.983605635650216,0.984557821760095,0.985533444030106,0.986532750022924,0.987555993600787,0.988603435098187,0.989675341503973,0.990771986653302,0.991893651429933,0.993040623979364,0.994213199933418,0.995411682646868,0.996636383446803,0.997887621895458,0.999165726067315,1.00047103284134,1.00180388820934
rugby_championship_2024,rugby_championship,2024,south,rucks_won,primary,1.9614226753942,0.941224615942038,0.858612795667464,0.852350545327041,0.847714159447089,0.843761745691529,0.840197887649524,0.836890817224825,0.833770100341534,0.830793575323615,0.827933947709078,0.825172496746495,0.822495797297064,0.819893873954418,0.817359096396045,0.814885485134633,0.812468257245946,0.810103518900524,0.807788051180356,0.805519157128449,0.803294550136329,0.801112270931473,0.798970624784301,0.796868133287351,0.794803496818678,0.792775564961109,0.790783312929311,0.78882582259184,0.786902267048811,0.785011897990532,0.783154035252722,0.781328058122683,0.779533398052994,0.77776953251563,0.776035979786887,0.774332294497253,0.772658063813991,0.771012904150237,0.769396458314725,0.767808393032281,0.766248396777875,0.764716177877141,0.763211462834374,0.761733994855588,0.760283532539514,0.758859848713763,0.757462729396965,0.756091972870598,0.754747388846687,0.75342879771955,0.752136029891487,0.750868925163704,0.749627332184972,0.748411107951539,0.747220117352643,0.746054232756738,0.744913333634144,0.743797306212378,0.742706043160879,0.741639443302227,0.740597411347326,0.73957985765228,0.738586697994972,0.737617853369591,0.736673249797512,0.735752818153143,0.734856494003483,0.733984217460288,0.733135933043816,0.7323115895573,0.731511139971301,0.730734541317254,0.729981754589548,0.72925274465555,0.728547480173066,0.727865933514751,0.727208080699057,0.726573901327335,0.725963378526736,0.725376498898631,0.724813252472243,0.724273632663265,0.723757636237249,0.723265263277548,0.722796517157666,0.722351404517851,0.72192993524581,0.72153212246142,0.721157982505367,0.720807534931612,0.720480802503645,0.720177811194464,0.71989859019027,0.719643171897854,0.719411591955679,0.719203889248679,0.719020105926801,0.718860287427348,0.718724482501178,0.71861274324284,0.718525125124755,0.718461687035544
rugby_championship_2024,rugby_championship,2024,south,rucks_lost,primary,0.599890483709382,1.0089818353397,1.00811249968679,1.00726098834774,1.00642686317616,1.00560971111392,1.00480914227837,1.00402478833611,1.00325630102421,1.00250335080324,1.00176562562796,1.00104282982367,1.00033468305739,0.999640919394458,0.998961286432037,0.998295544502333,0.997643465938747,0.997004834399196,0.996379444241346,0.995767099945109,0.995167615578199,0.99458081430104,0.994006527907627,0.993444596399343,0.992894867588994,0.992357196732599,0.991831446186737,0.991317485089406,0.990815189062601,0.990324439934947,0.989845125482881,0.989377139189029,0.988920380016515,0.988474752198096,0.988040165039059,0.987616532732953,0.987203774189286,0.986801812872397,0.986410576650773,0.986029997656164,0.985660012151858,0.98530056040959,0.984951586594545,0.984613038658004,0.984284868237183,0.983967030561881,0.983659484367564,0.983362191814548,0.983075118412983,0.982798232953335,0.98253150744213,0.982274917042701,0.982028440020728,0.981792057694378,0.981565754388844,0.981349517395139,0.981143336932974,0.980947206117601,0.98076112093048,0.980585080193673,0.980419085547862,0.980263141433904,0.980117255077842,0.979981436479317,0.97985569840331,0.97974005637519,0.979634528679006,0.979539136359014,0.979453903224414,0.97937885585729,0.979314023623748,0.979259438688264,0.979215136031254,0.979181153469899,0.979157531682252,0.979144314234673,0.979141547612641,0.979149281255008,0.979167567591762,0.979196462085386,0.97923602327589,0.979286312829634,0.979347395592036,0.979419339644307,0.979502216364327,0.979596100491829,0.979701070198042,0.979817207159966,0.979944596639477,0.980083327567461,0.980233492633201,0.980395188379265,0.980568515302136,0.980753577958891,0.980950485080212,0.981159349690054,0.981380289232345,0.981613425705069,0.981858885802161,0.982116801063652,0.982387308034532,0.982670548432862
rugby_championship_2024,rugby_championship,2024,south,passes,primary,3.07498967796579,0.822016880684279,0.751321182774282,0.744250017794308,0.738650606593857,0.733719612300719,0.729203640755199,0.724988590955142,0.721012627789335,0.717238054493663,0.713639903773688,0.710200578288837,0.706907056524872,0.703749317452235,0.700719396193859,0.697810789249643,0.695018064263976,0.692336595034835,0.689762376197423,0.687291890280268,0.684922010177504,0.682649926173187,0.680473090364056,0.678389173655086,0.676396032001715,0.674491679561341,0.672674267082591,0.670942064317888,0.669293445564089,0.667726877662404,0.666240909951873,0.664834165789628,0.663505335338994,0.66225316939215,0.661076474043617,0.659974106068633,0.658944968889572,0.657988009036152,0.657102213022862,0.656286604580977,0.655540242193613,0.654862216891169,0.654251650271591,0.653707692715735,0.653229521772783,0.652816340694548,0.652467377100691,0.652181881759491,0.651959127471033,0.65179840804149,0.651699037338724,0.651660348420749,0.651681692729652,0.651762439344576,0.651901974288091,0.652099699881027,0.652355034141398,0.652667410223553,0.65303627589416,0.653461093041969,0.65394133721867,0.654476497208429,0.655066074623957,0.65570958352718,0.656406550072783,0.657156512173069,0.65795901918275,0.658813631602392,0.659719920799401,0.660677468745509,0.66168586776985,0.662744720326792,0.663853638777765,0.665012245186432,0.66622017112657,0.667477057502135,0.668782554379018,0.670136320828061,0.671538024778939,0.672987342884591,0.674483960395882,0.676027571046268,0.677617876946228,0.679254588487313,0.680937424255651,0.682666110954825,0.684440383338047,0.686259984149597,0.688124664075538,0.690034181703734,0.691988303493255,0.693986803753277,0.696029464631619,0.69811607611311,0.700246436028014,0.702420350070775,0.704637631829409,0.706898102825891,0.70920159256796,0.711547938612816,0.713936986643213,0.716368590556572
rugby_championship_2024,rugby_championship,2024,south,bad_passes,primary,0.874913814611284,0.908489024231605,0.906951123646899,0.905478262864942,0.904066702886319,0.902713134149724,0.901414606758965,0.90016847499668,0.898972352632475,0.897824076544757,0.896721676824047,0.895663351986017,0.894647448254195,0.893672442114748,0.892736925525041,0.891839593292008,0.89097923223799,0.890154711849384,0.889364976163476,0.888609036695494,0.887885966244602,0.887194893446588,0.886534997964104,0.885905506223877,0.885305687625326,0.884734851157169,0.88419234236859,0.883677540649707,0.883189856782847,0.882728730731761,0.882293629640565,0.881884046018165,0.881499496087181,0.881139518279202,0.880803671860574,0.880491535674918,0.880202706990318,0.879936800440593,0.879693447051322,0.879472293342414,0.879273000499935,0.879095243610754,0.878938710954281,0.878803103346168,0.878688133529448,0.878593525609016,0.878519014525805,0.878464345567382,0.87842927391201,0.87841356420352,0.878416990154607,0.87843933417636,0.878480387032091,0.878539947513676,0.878617822138785,0.878713824867563,0.878827776837402,0.878959506114616,0.879108847461902,0.87927564212058,0.879459737606711,0.879660987520231,0.879879251366359,0.880114394388575,0.880366287412522,0.88063480670027,0.880919833814402,0.88122125549144,0.881538963524182,0.881872854652549,0.882222830462581,0.882588797293264,0.882970666150896,0.883368352630731,0.883781776845676,0.884210863361838,0.884655541140744,0.885115743488094,0.885591408008913,0.886082476569013,0.886588895262681,0.887110614386551,0.887647588419624,0.888199776009435,0.888767139964388,0.889349647252292,0.889947269005184,0.890559980530511,0.891187761328807,0.891830595117999,0.892488469864523,0.893161377821463,0.893849315573928,0.894552284091969,0.895270288791316,0.896003339602312,0.896751451047408,0.89751464232768,0.89829293741885,0.899086365177352,0.899894959457053,0.900718759237314
rugby_championship_2024,rugby_championship,2024,south,turnovers_conceded,primary,1.02173991940617,0.962908600992927,0.962907558017871,0.962909546769996,0.962914548387152,0.962922544598517,0.962933517638249,0.962947450230729,0.96296432557643,0.962984127338382,0.963006839629211,0.96303244699871,0.963060934421927,0.963092287287741,0.9631264913879,0.963163532906507,0.963203398409926,0.963246074837082,0.963291549490159,0.963339810025658,0.963390844445799,0.963444641090265,0.963501188628265,0.963560476050897,0.963622492663812,0.963687228080147,0.963754672213735,0.963824815272567,0.963897647752505,0.963973160431223,0.964051344362381,0.964132190870014,0.964215691543134,0.964301838230522,0.964390623035721,0.96448203831222,0.964576076658797,0.964672730915057,0.964771994157115,0.964873859693454,0.964978321060924,0.965085372020898,0.965195006555566,0.965307218864368,0.965422003360559,0.965539354667905,0.9656592676175,0.965781737244707,0.965906758786211,0.966034327677187,0.966164439548574,0.966297090224462,0.966432275719572,0.96656999223684,0.966710236165096,0.96685300407684,0.966998292726103,0.9671460990464,0.967296420148769,0.967449253319891,0.967604596020295,0.967762445882638,0.967922800710067,0.968085658474652,0.968251017315893,0.968418875539307,0.968589231615068,0.968762084176735,0.968937432020036,0.969115274101718,0.969295609538464,0.969478437605876,0.969663757737512,0.969851569523993,0.970041872712162,0.970234667204308,0.970429953057446,0.970627730482648,0.970827999844442,0.971030761660256,0.971236016599922,0.971443765485231,0.971654009289548,0.97186674913747,0.972081986304542,0.972299722217027,0.972519958451723,0.972742696735833,0.972967938946886,0.973195687112706,0.97342594341144,0.973658710171618,0.973893989872287,0.974131785143171,0.9743720987649,0.974614933669272,0.974860292939582,0.975108179810984,0.975358597670913,0.975611550059555,0.975867040670366,0.976125073350637
rugby_championship_2024,rugby_championship,2024,south,penalties_conceded,primary,0.944174748307146,0.981782360908753,0.981720374043298,0.981661465492867,0.98160562868169,0.98155285752791,0.981503146355531,0.981456489883638,0.981412883216147,0.981372321832025,0.981334801575974,0.981300318649559,0.981268869602744,0.981240451325832,0.981215061041774,0.981192696298843,0.981173354963648,0.981157035214481,0.981143735534965,0.981133454708009,0.981126191810045,0.981121946205539,0.981120717541756,0.981122505743788,0.981127311009808,0.981135133806558,0.981145974865064,0.981159835176551,0.981176715988568,0.981196618801309,0.981219545364119,0.981245497672182,0.981274477963383,0.98130648871534,0.9813415326426,0.981379612693981,0.981420732050083,0.98146489412093,0.981512102543764,0.981562361180972,0.981615674118145,0.981672045662274,0.98173148034006,0.981793982896361,0.981859558292744,0.981928211706161,0.981999948527738,0.982074774361673,0.982152695024236,0.98223371654289,0.982317845155496,0.982405087309634,0.982495449662018,0.982588939078004,0.982685562631205,0.982785327603188,0.982888241483272,0.982994311968417,0.983103546963195,0.983215954579867,0.98333154313853,0.983450321167366,0.983572297402967,0.983697480790758,0.983825880485495,0.983957505851852,0.984092366465099,0.984230472111853,0.984371832790929,0.984516458714256,0.9846643603079,0.984815548213153,0.984970033287719,0.985127826606978,0.985288939465343,0.985453383377696,0.985621170080915,0.985792311535492,0.98596681992723,0.986144707669038,0.986325987402814,0.986510672001416,0.98669877457073,0.986890308451829,0.987085287223231,0.987283724703245,0.98748563495243,0.987691032276135,0.987899931227159,0.988112346608503,0.98832829347623,0.988547787142438,0.988770843178335,0.988997477417433,0.989227705958854,0.989461545170755,0.989699011693872,0.989940122445188,0.990184894621729,0.990433345704491,0.990685493462492,0.990941355956972
rugby_championship_2024,rugby_championship,2024,south,yellow_cards,primary,0.15049207679214,1.06279692666264,1.06147583596214,1.06017944536776,1.05890683927342,1.05765716787262,1.05642963910431,1.05522351364979,1.05403810048561,1.05287275291911,1.05172686504443,1.05059986856594,1.04949122994413,1.04840044782515,1.04732705072091,1.0462705949108,1.04523066254045,1.04420685989576,1.04319881583355,1.04220618035223,1.04122862328838,1.04026583312636,1.03931751590999,1.03838339424649,1.03746320639392,1.0365567054246,1.03566365845763,1.03478384595436,1.03391706107168,1.03306310906808,1.03222180675835,1.03139298201303,1.0305764732993,1.02977212926012,1.028979808329,1.0281993783779,1.02743071639619,1.02667370819862,1.02592824816064,1.02519423897949,1.02447159145988,1.02376022432282,1.02306006403678,1.02237104467023,1.02169310776476,1.02102620222821,1.02037028424726,1.01972531721919,1.01909127170231,1.01846812538513,1.01785586307408,1.01725447669984,1.01666396534239,1.0160843352752,1.01551560002874,1.01495778047396,1.01441090492626,1.01387500927086,1.01335013711024,1.01283633993499,1.01233367731895,1.01184221714047,1.01136203583091,1.01089321865264,1.01043586000828,1.00999006378369,1.00955594372726,1.00913362386855,1.00872323897949,1.00832493508209,1.00793887000679,1.0075652140063,1.00720415043048,1.00685587646815,1.00652060396322,1.00619856031267,1.00588998945568,1.00559515296409,1.00531433124599,1.00504782487591,1.00479595606705,1.00455907030346,1.00433753815264,1.00413175728248,1.00394215471029,1.00376918931603,1.00361335465785,1.00347518213408,1.00335524454421,1.00325416011084,1.00317259703644,1.00311127868301,1.00307098948062,1.00305258169272,1.00305698319337,1.00308520644592,1.00313835891612,1.00321765520755,1.00332443127836,1.00346016118946,1.00362647695408,1.00382519221578
rugby_championship_2024,rugby_championship,2024,south,red_cards,primary,0.0328283085052027,0.38529509396928,0.38516389740956,0.385037666875864,0.384916481412097,0.384800433675699,0.384689618999995,0.38458413549814,0.384484084172151,0.384389569027353,0.384300697192533,0.384217579046179,0.38414032834915,0.384069062384192,0.384003902102723,0.383944972279342,0.383892401674566,0.383846323206309,0.383806874130691,0.383774196232784,0.383748436027956,0.383729744974528,0.383718279698523,0.383714202231333,0.383717680261208,0.383728887399545,0.383748003463029,0.383775214772784,0.383810714471762,0.383854702861737,0.383907387761368,0.38396898488693,0.384039718257463,0.384119820626236,0.384209533940609,0.384309109832567,0.384418810142409,0.384538907478314,0.384669685814798,0.384811441133317,0.384964482108653,0.385129130845063,0.385305723666574,0.385494611966287,0.385696163120045,0.385910761470425,0.386138809387628,0.386380728414623,0.386636960504671,0.386907969360345,0.387194241884192,0.387496289752394,0.387814651124161,0.388149892501157,0.388502610753034,0.388873435327212,0.389263030663392,0.38967209883598,0.390101382450756,0.390551667825702,0.39102378849012,0.391518629041039,0.392037129401605,0.392580289532803,0.393149174657693,0.393744921066548,0.394368742582162,0.395021937777534,0.395705898053485,0.396422116702185,0.397172199104581,0.397957874236368,0.398781007689291,0.399643616453767,0.400547885756685,0.401496188307085,0.402491106375112,0.403535457220007,0.404632322495833,0.40578508240583,0.406997455556393,0.408273545691586,0.409617896784766,0.411035558347379,0.41253216331661,0.414114021546103,0.415788232807739,0.417562824404329,0.419446920119418,0.42145094947778,0.423586909439036,0.425868695125381,0.428312522659758,0.430937476723999,0.433766229764411,0.436826001758543,0.440149864065487,0.443778546899791,0.447763003553228,0.452168146595398,0.457078464095202,0.46260677940162
rugby_championship_2024,rugby_championship,2024,south,metres,primary,1.32734247813428,0.854256390029571,0.854522442854351,0.855295294269336,0.856418594060583,0.857800336069557,0.859382001119487,0.861124096012794,0.862998685076037,0.864985235457546,0.867068165494619,0.869235326771244,0.871477025830871,0.87378537186292,0.876153828803591,0.878576899823351,0.881049899997033,0.883568789184273,0.886130046935406,0.888730577313944,0.891367635397789,0.894038769745396,0.896741776793693,0.899474664294981,0.902235621687334,0.905022995845291,0.907835271050621,0.910671052306451,0.913529051325086,0.916408074672826,0.919307013669352,0.922224835725449,0.925160576868498,0.928113335255614,0.931082265513441,0.934066573774106,0.937065513300941,0.940078380616593,0.943104512061351,0.946143280721781,0.949194093679578,0.952256389538595,0.955329636194604,0.958413328817658,0.961506988021479,0.964610158197908,0.9677224059976,0.970843318940709,0.973972504143482,0.97710958714854,0.980254210848164,0.983406034491252,0.986564732765737,0.989729994949254,0.99290152412165,0.996079036433702,0.999262260426993,1.00245093640049,1.0056448158198,1.00884366076553,1.01204724341757,1.01525534557231,1.01846775819031,1.02168428097195,1.02490472195906,1.02812889716037,1.03135663019937,1.03458775198257,1.03782210038706,1.04105951996585,1.04429986166974,1.04754298258476,1.05078874568403,1.05403701959314,1.05728767836814,1.06054060128551,1.06379567264306,1.06705278157144,1.07031182185538,1.07357269176416,1.07683529389076,1.08009953499932,1.08336532588014,1.08663258121217,1.08990121943226,1.09317116261106,1.09644233633499,1.09971466959417,1.1029880946759,1.10626254706332,1.10953796533926,1.11281429109476,1.11609146884214,1.11936944593246,1.12264817247711,1.12592760127332,1.12920768773351,1.1324883898182,1.13576966797245,1.13905148506557,1.14233380633411,1.14561659932783
pacific_nations_cup_2024,pacific_nations_cup,2024,south,minutes,primary,9.32297361661511,1.05169220507961,1.05030121235251,1.04891021962541,1.04751922689832,1.04613260171505,1.04476870069253,1.04340479967002,1.04204089864751,1.04072200562454,1.03943589452063,1.03814978341673,1.03686367231282,1.03557756120891,1.034291450105,1.03307249927456,1.03192550309811,1.03081849922192,1.02971149534572,1.028749316909,1.02787381108991,1.02699830527083,1.02612279945174,1.02524729363265,1.02440009956338,1.02370934658727,1.02306269157825,1.02241603656923,1.02179038745452,1.02122573503801,1.0206610826215,1.02009643020499,1.01953177778848,1.01896712537197,1.01843998603552,1.0179538776107,1.01764493328274,1.0174303007625,1.01725662694836,1.01709332454688,1.0169300221454,1.01676671974393,1.01660341734245,1.01644011494097,1.01627681253949,1.01611351013801,1.01595020773653,1.01578690533506,1.01562360293358,1.01547807096356,1.0153415948138,1.01523226876309,1.01514019689737,1.01504812503166,1.01495605316594,1.01486398130022,1.01481331606725,1.01486177355066,1.0149240059007,1.01499539601749,1.01506678613428,1.01513817625108,1.01520956636787,1.01528095648467,1.01535234660146,1.01542373671826,1.01553784568947,1.01566588482944,1.01580333650139,1.01594078817335,1.01609532644891,1.01631751056268,1.01654456708391,1.01677930162788,1.01701403617185,1.01724877071582,1.01748350525978,1.01774239542738,1.01813136077899,1.01852032613059,1.0189092914822,1.01929825683381,1.01968722218542,1.02012322469791,1.02056963637471,1.02101604805151,1.02146245972831,1.02190887140511,1.02235528308191,1.02280169475871,1.02324810643551,1.02369451811231,1.02417740762138,1.02474404538512,1.02531068314885,1.02587732091259,1.02655106351226,1.02735071600973,1.02820022458829,1.02908721912374,1.03005047879961,1.03101373847548
pacific_nations_cup_2024,pacific_nations_cup,2024,south,tries,primary,0.773030944196676,0.897167479610633,0.898116733929011,0.899084377485111,0.900070653390492,0.901075810005785,0.902100100949236,0.903143785251506,0.904207127516362,0.905290398087575,0.906393873222287,0.907517835271174,0.908662572865738,0.909828381113065,0.911015561798433,0.912224423596145,0.913455282289023,0.914708460996982,0.915984290415168,0.917283109062146,0.91860526353867,0.919951108797592,0.921321008425511,0.92271533493679,0.924134470080625,0.925578805161875,0.92704874137643,0.928544690161937,0.930067073564747,0.931616324624042,0.933192887774106,0.934797219265854,0.936429787608729,0.938091074034213,0.939781572982274,0.94150179261215,0.943252255339002,0.945033498398071,0.946846074438096,0.948690552145887,0.950567516904104,0.952477571484452,0.954421336778663,0.956399452569863,0.958412578347096,0.960461394166052,0.962546601559259,0.964668924499327,0.9668291104191,0.969027931292948,0.97126618478379,0.973544695460877,0.975864316093803,0.978225929028753,0.980630447653557,0.983078817958757,0.985572020202611,0.988111070688744,0.990697023666052,0.993330973361454,0.996014056157215,0.998747452925806,1.0015323915367,1.00437014955111,1.00726205712243,1.01020950012232,1.01321392351462,1.01627683500188,1.01939980897263,1.02258449078058,1.02583260139143,1.02914594243717,1.03252640172336,1.0359759592411,1.03949669374238,1.04309078994615,1.04676054645219,1.05050838445145,1.05433685733521,1.05824866132161,1.06224664723713,1.06633383361401,1.07051342129171,1.07478880974401,1.07916361539371,1.08364169222595,1.08822715507132,1.09292440600449,1.09773816439619,1.10267350127167,1.10773587877408,1.11293119571555,1.1182658404345,1.12374675248248,1.12938149506103,1.13517834065213,1.14114637298319,1.14729560940755,1.15363714906604,1.16018335397572,1.16694807269907,1.17394691983805
pacific_nations_cup_2024,pacific_nations_cup,2024,south,try_assists,primary,0.497798075453398,1.42281276137852,1.18515700680791,1.1713582805171,1.16386272620376,1.15896084891323,1.15549034593513,1.15293367389945,1.15101491324669,1.14956950171987,1.14849141792363,1.14770838616488,1.14716896244966,1.14683526357625,1.14667861671399,1.14667682593622,1.14681238421494,1.14707126376731,1.14744207388716,1.1479154599776,1.14848366540171,1.14914020596774,1.14987962403446,1.15069729999091,1.1515893057968,1.15255228983831,1.15358338542881,1.15468013739264,1.15584044264113,1.15706250169337,1.15834477884365,1.15968596922415,1.16108497141407,1.16254086454746,1.16405288909809,1.16562043069255,1.16724300643524,1.16892025333148,1.17065191847555,1.17243785073337,1.17427799369997,1.17617237975195,1.17812112504723,1.18012442535096,1.18218255258749,1.18429585203618,1.18646474010325,1.18868970261416,1.19097129358135,1.19331013441098,1.19570691351969,1.19816238633946,1.20067737569394,1.2032527725356,1.20588953703739,1.20858870003738,1.21135136483938,1.21417870937661,1.21707198874984,1.22003253815599,1.22306177622765,1.22616120880878,1.22933243319739,1.23257714289166,1.23589713288236,1.23929430554177,1.24277067716752,1.24632838524907,1.24996969653536,1.25369701599477,1.25751289677291,1.26142005127112,1.26542136348824,1.26951990279247,1.27371893931804,1.27802196121557,1.28243269402518,1.28695512249111,1.2915935151954,1.2963524524615,1.30123685806748,1.30625203541878,1.31140370896739,1.31669807183554,1.3221418408176,1.32774232020808,1.33350747625373,1.33944602448019,1.34556753273268,1.35188254354515,1.35840272048185,1.36514102448085,1.37211192811374,1.37933167827775,1.38681862147921,1.39459361105124,1.40268052315814,1.41110691953133,1.41990491163032,1.42911230683394,1.43877415847386,1.4489449091302
pacific_nations_cup_2024,pacific_nations_cup,2024,south,conversion_goals,primary,0.453732187753805,0.871516218173937,0.8701382208901,0.868771851810532,0.867417076900605,0.866073885202177,0.864742267497335,0.86342221629399,0.862113725812539,0.860816791973579,0.859531412386632,0.858257586339884,0.856995314790905,0.855744600358336,0.854505447314531,0.853277861579134,0.852061850713581,0.850857423916515,0.849664592020107,0.848483367487261,0.847313764409713,0.846155798507001,0.845009487126308,0.843874849243174,0.842751905463067,0.841640678023816,0.840541190798899,0.839453469301596,0.838377540689988,0.837313433772831,0.836261179016273,0.835220808551453,0.834192356182958,0.833175857398162,0.832171349377446,0.831178871005297,0.830198462882324,0.829230167338163,0.828274028445313,0.827330092033891,0.826398405707345,0.825479018859108,0.824571982690239,0.823677350228042,0.8227951763457,0.82192551778293,0.821068433167687,0.820223983038932,0.819392229870499,0.818573238096064,0.817767074135268,0.816973806420999,0.816193505427879,0.815426243701968,0.814672095891739,0.813931138780342,0.813203451319194,0.812489114662943,0.811788212205834,0.811100829619527,0.8104270548924,0.809766978370406,0.809120692799497,0.808488293369702,0.807869877760889,0.807265546190273,0.806675401461738,0.806099549017018,0.80553809698882,0.804991156255942,0.80445884050047,0.803941266267123,0.803438553024821,0.802950823230573,0.802478202395761,0.802020819154908,0.801578805337045,0.80115229603976,0.800741429706043,0.800346348204043,0.799967196909847,0.799604124793414,0.799257284507784,0.798926832481715,0.79861292901588,0.798315738382775,0.798035428930521,0.797772173190697,0.797526147990413,0.79729753456879,0.797086518698067,0.796893290809518,0.796718046124434,0.796560984790376,0.796422312022967,0.796302238253473,0.796200979282461,0.796118756439817,0.796055796751442,0.796012333112962,0.795988604470786,0.795984856010891
pacific_nations_cup_2024,pacific_nations_cup,2024,south,missed_conversion_goals,primary,0.132540916641139,1.18032546995839,1.17940243446748,1.17849329922696,1.17759817263181,1.17671725458999,1.17585075059851,1.17499887193733,1.17416183587198,1.17333986586534,1.17253319179907,1.17174205020525,1.1709666845088,1.17020734528121,1.16946429050634,1.16873778585884,1.16802810499605,1.16733552986407,1.16666035101887,1.16600286796332,1.16536338950109,1.16474223410848,1.16413973032522,1.16355621716542,1.16299204454998,1.16244757376175,1.16192317792495,1.1614192425103,1.1609361658677,1.16047435978815,1.16003425009685,1.15961627727972,1.15922089714541,1.15884858152539,1.15849981901479,1.15817511575667,1.15787499627309,1.15760000434613,1.15735070395263,1.15712768025659,1.15693154066353,1.15676291594155,1.15662246141417,1.15651085823059,1.15642881471935,1.15637706783226,1.15635638468568,1.15636756420729,1.15641143889707,1.15648887671215,1.15660078308607,1.15674810309423,1.15693182377826,1.15715297664367,1.15741264034637,1.1577119435856,1.15805206822239,1.15843425264528,1.15885979540682,1.15933005915783,1.15984647490876,1.16041054665167,1.16102385637983,1.16168806954687,1.16240494101235,1.16317632152689,1.16400416481637,1.16489053533333,1.16583761675192,1.16684772129401,1.16792329998587,1.16906695395908,1.17028144692595,1.17156971897903,1.17293490188697,1.17438033608582,1.17590958959634,1.17752647913542,1.1792350937342,1.18103982122885,1.18294537805364,1.18495684284305,1.18707969444253,1.18931985504092,1.1916837392755,1.1941783103305,1.19681114425939,1.19959050402142,1.2025254250479,1.2056258145623,1.20890256739542,1.21236770169631,1.21603451878687,1.21991779250495,1.22403399481486,1.22840156635436,1.2330412431059,1.23797645377036,1.24323380704027,1.24884369433994,1.25484104250686,1.26126626352936
pacific_nations_cup_2024,pacific_nations_cup,2024,south,penalty_goals,primary,0.104502874302071,1.09882984123948,1.09650514516171,1.09420630472209,1.0919333882135,1.08968657857765,1.08746606426261,1.08527203929719,1.0831047033694,1.08096426190904,1.07885092617469,1.07676491334494,1.07470644661417,1.07267575529287,1.0706730749127,1.06869864733629,1.06675272087201,1.06483555039389,1.06294739746663,1.06108853047613,1.05925922476549,1.05745976277674,1.05569043419853,1.05395153611984,1.05224337319008,1.05056625778565,1.04892051018332,1.04730645874056,1.04572444008315,1.04417479930033,1.04265789014769,1.04117407525829,1.03972372636208,1.03830722451418,1.03692496033222,1.03557733424321,1.03426475674018,1.0329876486493,1.03174644140751,1.03054157735152,1.02937351001835,1.02824270445814,1.02714963755964,1.02609479838904,1.02507868854263,1.02410182251411,1.02316472807701,1.02226794668313,1.02141203387758,1.02059755973142,1.01982510929252,1.01909528305576,1.01840869745332,1.01776598536622,1.01716779665811,1.01661479873249,1.01610767711445,1.01564713605837,1.01523389918284,1.01486871013427,1.01455233328074,1.01428555443768,1.01406918162718,1.01390404587283,1.01379100203188,1.01373092966712,1.01372473396042,1.01377334667067,1.01387772713837,1.01403886333991,1.01425777299425,1.01453550472538,1.01487313928377,1.01527179083045,1.01573260828782,1.01625677676103,1.01684551903479,1.01750009715012,1.0182218140665,1.01901201541484,1.01987209134748,1.02080347849159,1.0218076620131,1.02288617779882,1.02404061476487,1.02527261730043,1.0265838878565,1.02797618969015,1.02945134977559,1.03101126189462,1.03265788991978,1.03439327130511,1.03621952080033,1.03813883440619,1.04015349358998,1.04226586978228,1.04447842917789,1.0467937378661,1.04921446731825,1.05174340026271,1.0543834369813,1.05713760206387
pacific_nations_cup_2024,pacific_nations_cup,2024,south,missed_penalty_goals,primary,0.0377644060552351,1.35804616286387,1.35335992382465,1.34867398700237,1.34398805018009,1.33930211335782,1.33461617653554,1.32993023971326,1.32524430289098,1.32055836606871,1.31587242924643,1.31118649242415,1.30650055560188,1.3018146187796,1.29712868195732,1.29244274513505,1.28775680831277,1.28307087149049,1.27838493466822,1.27369899784594,1.26901306102366,1.26432712420139,1.25964118737911,1.25495525055683,1.25026931373456,1.24558337691228,1.24089744009,1.23621150326773,1.23152556644545,1.22683962962317,1.2221536928009,1.21746775597862,1.21278181915634,1.20809588233407,1.20340994551179,1.19872400868951,1.19403807186724,1.18935213504496,1.18466619822268,1.17998026140041,1.17529432457813,1.17060838775585,1.16592245093358,1.1612365141113,1.15655057728902,1.15186464046675,1.14717870364447,1.14249276682219,1.13780682999992,1.13312089317764,1.12843495635536,1.12374901953309,1.11906308271081,1.11437714588853,1.10969120906626,1.10500527224398,1.1003193354217,1.09563339859943,1.09094746177715,1.08626152495487,1.0815755881326,1.07688965131032,1.07220371448804,1.06751777766576,1.06283184084349,1.05814590402121,1.05345996719893,1.04877403037666,1.04408809355438,1.0394021567321,1.03471621990983,1.03003028308755,1.02534434626527,1.020658409443,1.01597247262072,1.01128653579844,1.00660059897617,1.00191466215389,0.997228725331614,0.992542788509337,0.98785685168706,0.983170914864784,0.978484978042507,0.97379904122023,0.969113104397954,0.964427167575677,0.9597412307534,0.955055293931123,0.950369357108847,0.94568342028657,0.940997483464293,0.936311546642017,0.93162560981974,0.926939672997463,0.922253736175186,0.91756779935291,0.912881862530633,0.908195925708356,0.903509988886079,0.898824052063803,0.894138115241526,0.889452178419249
pacific_nations_cup_2024,pacific_nations_cup,2024,south,drop_goals_converted,primary,0.0033240759344011,0.483508414255509,0.479901387499723,0.476298840576721,0.472696293653718,0.469093746730716,0.465491199807714,0.461888652884711,0.458286105961709,0.454683559038707,0.451081012115705,0.447478465192702,0.4438759182697,0.440273371346698,0.436670824423695,0.433068277500693,0.429465730577691,0.425863183654688,0.422260636731686,0.418658089808684,0.415055542885682,0.411452995962679,0.407850449039677,0.404247902116675,0.400645355193672,0.39704280827067,0.393440261347668,0.389837714424666,0.386235167501663,0.382632620578661,0.379030073655659,0.375427526732656,0.371824979809654,0.368222432886652,0.364619885963649,0.361017339040647,0.357414792117645,0.353812245194643,0.35020969827164,0.346607151348638,0.343004604425636,0.339402057502633,0.335799510579631,0.332196963656629,0.328594416733627,0.324991869810624,0.321389322887622,0.31778677596462,0.314184229041617,0.310581682118615,0.306979135195613,0.30337658827261,0.299774041349608,0.296171494426606,0.292568947503604,0.288966400580601,0.285363853657599,0.281761306734597,0.278158759811594,0.274556212888592,0.27095366596559,0.267351119042587,0.263748572119585,0.260146025196583,0.256543478273581,0.252940931350578,0.249338384427576,0.245735837504574,0.242133290581571,0.238530743658569,0.234928196735567,0.231325649812565,0.227723102889562,0.22412055596656,0.220518009043558,0.216915462120555,0.213312915197553,0.209710368274551,0.206107821351548,0.202505274428546,0.198902727505544,0.195300180582542,0.191697633659539,0.188095086736537,0.184492539813535,0.180889992890532,0.17728744596753,0.173684899044528,0.170082352121525,0.166479805198523,0.162877258275521,0.159274711352519,0.155672164429516,0.152069617506514,0.148467070583512,0.144864523660509,0.141261976737507,0.137659429814505,0.134056882891502,0.1304543359685,0.126851789045498,0.123249242122496
pacific_nations_cup_2024,pacific_nations_cup,2024,south,drop_goal_missed,primary,0.0076487352683265,0.479504584135274,0.476904593425459,0.47430609486344,0.471707596301421,0.469109097739403,0.466510599177384,0.463912100615365,0.461313602053346,0.458715103491328,0.456116604929309,0.45351810636729,0.450919607805271,0.448321109243253,0.445722610681234,0.443124112119215,0.440525613557196,0.437927114995178,0.435328616433159,0.43273011787114,0.430131619309122,0.427533120747103,0.424934622185084,0.422336123623065,0.419737625061047,0.417139126499028,0.414540627937009,0.41194212937499,0.409343630812972,0.406745132250953,0.404146633688934,0.401548135126916,0.398949636564897,0.396351138002878,0.393752639440859,0.391154140878841,0.388555642316822,0.385957143754803,0.383358645192784,0.380760146630766,0.378161648068747,0.375563149506728,0.372964650944709,0.370366152382691,0.367767653820672,0.365169155258653,0.362570656696634,0.359972158134616,0.357373659572597,0.354775161010578,0.35217666244856,0.349578163886541,0.346979665324522,0.344381166762503,0.341782668200485,0.339184169638466,0.336585671076447,0.333987172514428,0.33138867395241,0.328790175390391,0.326191676828372,0.323593178266353,0.320994679704335,0.318396181142316,0.315797682580297,0.313199184018279,0.31060068545626,0.308002186894241,0.305403688332222,0.302805189770204,0.300206691208185,0.297608192646166,0.295009694084147,0.292411195522129,0.28981269696011,0.287214198398091,0.284615699836072,0.282017201274054,0.279418702712035,0.276820204150016,0.274221705587998,0.271623207025979,0.26902470846396,0.266426209901941,0.263827711339923,0.261229212777904,0.258630714215885,0.256032215653866,0.253433717091848,0.250835218529829,0.24823671996781,0.245638221405791,0.243039722843773,0.240441224281754,0.237842725719735,0.235244227157717,0.232645728595698,0.230047230033679,0.22744873147166,0.224850232909642,0.222251734347623,0.219653235785604
pacific_nations_cup_2024,pacific_nations_cup,2024,south,defenders_beaten,primary,1.66102049113353,1.08087807222675,0.997645800115076,0.993496659628257,0.991248836694537,0.989790467557393,0.98877307142945,0.988041402250736,0.987512631068739,0.987137305672461,0.986883521567391,0.986729490773923,0.986659671347476,0.986662588109437,0.986729528637686,0.986853723855035,0.987029811972487,0.987253475765823,0.987521189989256,0.987830041078878,0.988177595654276,0.988561802777891,0.988980920077317,0.989433457062901,0.989918131050553,0.990433832468889,0.99097959725119,0.991554584644676,0.992158059210457,0.992789376100106,0.993447968919458,0.994133339653967,0.994845050250681,0.995582715541948,0.99634599726381,0.997134598973739,0.997948261711976,0.998786760281512,0.999649900045713,1.00053751416146,1.00144946118063,1.00238562296472,1.00334590286682,1.00433022414309,1.00533852856206,1.00637077518507,1.00742693929564,1.00850701145883,1.00961099669445,1.01073891375077,1.01189079446677,1.01306668321324,1.01426663640401,1.01549072207015,1.01673901949061,1.01801161887408,1.01930862108709,1.02063013742461,1.02197628941933,1.02334720868679,1.02474303680368,1.02616392521701,1.02761003518242,1.02908153772967,1.03057861365427,1.03210145353389,1.03365025776858,1.03522523664425,1.03682661041856,1.03845460942892,1.04010947422233,1.04179145570685,1.04350081532471,1.04523782524714,1.04700276859121,1.04879593965901,1.05061764419955,1.05246819969415,1.0543479356659,1.05625719401401,1.05819632937422,1.06016570950605,1.0621657157085,1.06419674326525,1.06625920192119,1.06835351639185,1.07048012690765,1.07263948979516,1.07483207809761,1.0770583822372,1.07931891072209,1.08161419090112,1.08394476976961,1.08631121483005,1.0887141150118,1.09115408165424,1.09363174955842,1.09614777811275,1.09870285249871,1.10129768498335,1.10393301630602,1.10660961716753
pacific_nations_cup_2024,pacific_nations_cup,2024,south,clean_breaks,primary,0.719914703118324,0.963875126905634,0.964343309842831,0.964828377062876,0.965330520219292,0.965849934917009,0.966386820663696,0.96694138097572,0.967513823487908,0.968104360067281,0.968713206930928,0.969340584768221,0.969986718867551,0.970651839247803,0.971336180794775,0.972039983402786,0.972763492121709,0.973506957309671,0.974270634791717,0.975054786024701,0.97585967826872,0.976685584765401,0.977532784923387,0.978401564511379,0.97929221585911,0.980205038066661,0.981140337222537,0.98209842663097,0.983079627048913,0.984084266933258,0.985112682698805,0.986165218987572,0.987242228950054,0.988344074539099,0.989471126817094,0.990623766277206,0.991802383179482,0.993007377902652,0.994239161312558,0.99549815514816,0.996784792426186,0.998099517865523,0.999442788332549,1.0008150733087,1.00221685538163,1.00364863076146,1.0051109098237,1.00660421768055,1.00812909478243,1.00968609755173,1.01127579905095,1.01289878968742,1.01455567795736,1.01624709123166,1.01797367658662,1.01973610168259,1.02153505569417,1.02337125029555,1.02524542070516,1.02715832679407,1.02911075426293,1.03110351589288,1.03313745287594,1.03521343623154,1.03733236831584,1.03949518443157,1.04170285454674,1.04395638513134,1.04625682112222,1.04860524802727,1.05100279418124,1.05345063316686,1.05594998641645,1.05850212601072,1.06110837769358,1.06377012412374,1.06648880838634,1.06926593779084,1.07210308798406,1.07500190741143,1.07796412216323,1.08099154124756,1.08408606233703,1.08724967804273,1.09048448277607,1.09379268026774,1.09717659182279,1.10063866540242,1.10418148563661,1.10780778488757,1.11152045550283,1.11532256341913,1.11921736330464,1.12320831545895,1.12729910472818,1.13149366173856,1.13579618680751,1.14021117695901,1.14474345655315,1.14939821214195,1.15418103229066,1.15909795326142
pacific_nations_cup_2024,pacific_nations_cup,2024,south,offload,primary,0.989378860795354,1.06329699051982,0.93268205418263,0.925511343607106,0.921509652017233,0.918810432572217,0.916828735778217,0.915304015441778,0.914097294124547,0.913125620464366,0.912335494875387,0.911690393928095,0.911164272633744,0.910737906002751,0.910396700017039,0.910129316154378,0.909926771608393,0.909781830495351,0.90968857995142,0.909642127581168,0.909638380819074,0.909673882953993,0.909745689205287,0.90985127165712,0.909988445345366,0.910155310090139,0.910350204213833,0.910571667345503,0.910818410252606,0.911089290165796,0.911383290439662,0.911699503667109,0.912037117567767,0.91239540312194,0.91277370453554,0.913171430708129,0.913588047942779,0.914023073688012,0.914476071142335,0.914946644583575,0.915434435310243,0.915939118102226,0.916460398124092,0.916998008207271,0.917551706457909,0.918121274145729,0.9187065138363,0.919307247734931,0.919923316215151,0.920554576508815,0.921200901538132,0.921862178872768,0.9225383097975,0.923229208477912,0.923934801213281,0.92465502576728,0.925389830768313,0.926139175172376,0.926903027782236,0.927681366817488,0.928474179530748,0.929281461865799,0.930103218154052,0.930939460846087,0.931790210275475,0.932655494452389,0.933535348884846,0.934429816425661,0.935338947143465,0.936262798216324,0.937201433846719,0.938154925196787,0.939123350342906,0.940106794248841,0.941105348756804,0.942119112595897,0.943148191407519,0.944192697787443,0.945252751344348,0.946328478774703,0.947420013953984,0.948527498044305,0.949651079618633,0.950790914801835,0.951947167428912,0.953120009220862,0.954309619978687,0.955516187796199,0.956739909292329,0.957980989863793,0.959239643959054,0.960516095374644,0.961810577575044,0.963123334037444,0.964454618622869,0.965804695975291,0.967173841950546,0.96856234407706,0.96997050205057,0.971398628265295,0.972847048384231,0.974316101951532
pacific_nations_cup_2024,pacific_nations_cup,2024,south,runs,primary,1.74049933516386,1.1673123148626,0.986209538125449,0.97612235539787,0.969688462417906,0.964784953630568,0.960746003004209,0.95727463585201,0.95421212533187,0.951463475061121,0.948967204747656,0.946681164680406,0.944575146622746,0.942626722810065,0.940818755653831,0.939137832494369,0.93757324128382,0.936116277194242,0.934759759520922,0.933497686634887,0.932324984139745,0.931237317519224,0.930230950383907,0.929302635585689,0.928449530434511,0.927669129865632,0.926959213164806,0.926317801065252,0.925743120872238,0.925233577867868,0.924787731677791,0.92440427659422,0.924082025080311,0.923819893852983,0.923616892070926,0.923472111253298,0.923384716630434,0.923353939686624,0.923379071700931,0.923459458128092,0.923594493690186,0.923783618072548,0.924026312135747,0.924322094570241,0.924670518932327,0.925071171009849,0.925523666474132,0.926027648781308,0.926582787291659,0.927188775580213,0.927845329915635,0.928552187887693,0.929309107166264,0.930115864377139,0.930972254081848,0.931878087850344,0.932833193416837,0.933837413910251,0.934890607151838,0.935992645013364,0.937143412830075,0.938342808863324,0.939590743808301,0.940887140342856,0.942231932713818,0.943625066357636,0.94506649755247,0.946556193099217,0.948094130029164,0.949680295336251,0.951314685732098,0.952997307422148,0.95472817590146,0.956507315768801,0.958334760557852,0.96021055258444,0.962134742808813,0.9641073907121,0.966128564186141,0.968198339435989,0.970316800894433,0.972484041147968,0.974700160873692,0.976965268786668,0.979279481597328,0.981642923978563,0.984055728542156,0.986518035824285,0.989029994279829,0.991591760285273,0.994203498150015,0.996865380135925,0.999577586485023,1.00234030545519,1.00515373336378,1.00801807463923,1.01093354188039,1.01390035592382,1.016918745919,1.01998894941131,1.02311121243319,1.0262857896032
pacific_nations_cup_2024,pacific_nations_cup,2024,south,tackles,primary,2.56927796772487,1.06460449537728,1.06152850337859,1.05855259956622,1.05567140445982,1.05288005067197,1.05017411959752,1.04754958768552,1.04500278057222,1.04253033373111,1.04012915855754,1.03779641300954,1.03552947608847,1.03332592557096,1.0311835185068,1.02910017407982,1.02707395849591,1.02510307161675,1.02318583510256,1.02132068186376,1.01950614665187,1.01774085764511,1.01602352890514,1.01435295359906,1.01272799789544,1.01114759545566,1.00961074245245,1.00811649305644,1.00666395533906,1.00525228754696,1.00388069470836,1.00254842553683,1.00125476960211,0.999999054741001,0.998780644684714,0.997598936881698,0.996453360497199,0.99534337457308,0.994268466333088,0.993228149620403,0.9922219634557,0.991249470705156,0.990310256848963,0.989403928841817,0.988530114057778,0.987688459312563,0.986878629957099,0.986100309036697,0.985353196510783,0.984637008528581,0.983951476756595,0.983296347754101,0.982671382393229,0.98207635532051,0.981511054457065,0.980975280534859,0.980468846666664,0.979991577947618,0.979543311086424,0.979123894064429,0.978733185820978,0.978371055963576,0.978037384501544,0.977732061601953,0.977454987366764,0.977206071630171,0.976985233775283,0.976792402569335,0.976627516016732,0.976490521229284,0.976381374313094,0.976300040271605,0.976246492924397,0.976220714841385,0.976222697292131,0.976252440210045,0.976309952171302,0.976395250388377,0.976508360718131,0.976649317684461,0.976818164515573,0.977014953195987,0.977239744533459,0.977492608241048,0.977773623034616,0.97808287674612,0.978420466453122,0.978786498624991,0.979181089286366,0.979604364198504,0.980056459059237,0.980537519722315,0.981047702437044,0.981587174109186,0.982156112584217,0.98275470695414,0.983383157889179,0.984041677995809,0.98473049220272,0.985449838176476,0.986199966768801,0.986981142497608
pacific_nations_cup_2024,pacific_nations_cup,2024,south,missed_tackles,primary,1.0970218417097,0.867855325102108,0.867076077800631,0.866330654694609,0.865617747995573,0.86493617060254,0.864284840054456,0.863662765192923,0.86306903493661,0.862502808776046,0.861963308679714,0.86144981216537,0.860961646339277,0.860498182744061,0.860058832885713,0.859643044333944,0.859250297308845,0.858880101681962,0.858531994331995,0.85820553680523,0.857900313238854,0.857615928511879,0.857352006593849,0.857108189065993,0.8568841337932,0.856679513728353,0.856494015833119,0.856327340101524,0.856179198674504,0.856049315035141,0.855937423275716,0.855843267428759,0.85576660085533,0.855707185684552,0.85566479229917,0.855639198862499,0.855630190882706,0.855637560810804,0.855661107669156,0.855700636707649,0.855755959084992,0.855826891572879,0.855913256280996,0.856014880401052,0.856131595968196,0.856263239638384,0.856409652480336,0.856570679780931,0.856746170862935,0.856935978914103,0.857139960826769,0.857357977047121,0.857589891433427,0.857835571122559,0.858094886404202,0.858367710602199,0.85865391996252,0.858953393547405,0.859266013135247,0.859591663125828,0.859930230450561,0.86028160448739,0.860645676980067,0.861022341961513,0.861411495681014,0.861813036535009,0.862226865001256,0.862652883576169,0.863090996715143,0.863541110775684,0.864003133963192,0.864476976279245,0.864962549472238,0.865459766990256,0.865968543936054,0.866488797024037,0.867020444539127,0.867563406297436,0.868117603608628,0.868682959239913,0.869259397381573,0.869846843613955,0.87044522487586,0.871054469434263,0.871674506855303,0.872305267976486,0.872946684880044,0.873598690867414,0.874261220434767,0.874934209249569,0.875617594128109,0.87631131301398,0.877015304957447,0.877729510095705,0.878453869633959,0.879188325827322,0.879932821963496,0.880687302346202,0.881451712279348,0.882225998051906,0.883010106923477,0.883803987110523
pacific_nations_cup_2024,pacific_nations_cup,2024,south,rucks_won,primary,2.17638430568669,0.946277092581938,0.876447602611556,0.871615489557522,0.868289494688191,0.865619187803223,0.863336917677611,0.861322655346705,0.859511770048091,0.857865219953038,0.856357459702924,0.854970758745546,0.853692238540882,0.852512201620947,0.8514231296024,0.850419051860745,0.849495131162531,0.848647382191122,0.847872474653956,0.847167592018144,0.846530327887886,0.845958608495707,0.84545063371387,0.845004831461226,0.844619821971481,0.844294389437993,0.844027459257094,0.843818079577278,0.843665406200744,0.843568690124532,0.843527267181927,0.843540549371391,0.843608017553895,0.843729215269484,0.843903743476795,0.844131256059631,0.844411455975828,0.8447440919478,0.845128955613171,0.845565879068839,0.846054732753793,0.846595423625548,0.847187893592811,0.847832118173261,0.848528105350481,0.849275894608319,0.850075556124438,0.850927190107798,0.851830926267225,0.852786923400331,0.853795369093811,0.854856479527685,0.855970499377328,0.857137701808334,0.858358388560226,0.859632890115955,0.86096156595493,0.862344804888058,0.863783025473963,0.865276676516192,0.866826237641807,0.868432219962364,0.870095166818835,0.871815654612596,0.873594293725185,0.875431729530071,0.877328643500322,0.879285754416633,0.881303819680845,0.883383636740767,0.885526044632866,0.887731925650153,0.89000220714349,0.892337863465448,0.894739918066891,0.897209445757579,0.899747575143341,0.902355491253717,0.905034438375544,0.907785723109628,0.910610717669558,0.913510863443891,0.916487674845266,0.919542743472784,0.922677742616977,0.925894432140186,0.929194663769049,0.932580386840266,0.936053654545888,0.939616630730155,0.943271597296573,0.947020962291527,0.950867268739544,0.954813204315465,0.958861611950537,0.963015501483145,0.967278062480824,0.971652678378842,0.976142942102542,0.980752673366417,0.985485937873362,0.990347068673738
pacific_nations_cup_2024,pacific_nations_cup,2024,south,rucks_lost,primary,0.603113206475366,1.01810776635457,1.01661361229625,1.01515569963319,1.01373284307243,1.01234392943278,1.01098791133769,1.00966380176084,1.00837066915551,1.00710763309234,1.00587386034151,1.00466856134468,1.00349098702981,1.00234042592867,1.00121620156219,1.0001176700635,0.999044218012634,0.997995260459964,0.996970239118478,0.995968620707476,0.994989895432279,0.994033575586457,0.993099194264614,0.992186304175163,0.991294476543698,0.990423300098615,0.989572380131536,0.988741337625893,0.987929808447726,0.987137442593351,0.986363903489122,0.985608867338962,0.984872022515779,0.984153068993274,0.983451717814944,0.982767690597426,0.982100719065563,0.981450544616842,0.980816917913028,0.980199598497059,0.979598354433396,0.979012961970212,0.978443205221919,0.977888875870679,0.977349772885648,0.97682570225881,0.976316476756358,0.975821915684657,0.975341844669907,0.9748760954507,0.974424505682719,0.973986918754909,0.973563183616473,0.973153154614133,0.972756691339119,0.972373658483389,0.972003925704657,0.971647367499801,0.971303863086274,0.970973296291198,0.970655555447809,0.970350533298975,0.970058126907541,0.969778237573258,0.969510770756098,0.969255636005771,0.969012746897282,0.968782020972389,0.968563379686846,0.968356748363331,0.968162056149985,0.967979235984497,0.967808224563698,0.967648962318655,0.967501393395244,0.967365465640245,0.967241130592984,0.967128343482584,0.96702706323092,0.966937252461362,0.966858877513454,0.966791908463663,0.966736319152392,0.966692087217444,0.966659194134191,0.966637625262687,0.966627369902049,0.966628421352419,0.966640776984887,0.966664438319794,0.966699411113858,0.966745705456648,0.966803335876966,0.966872321459745,0.966952685974179,0.967044458013815,0.96714767114947,0.967262364095885,0.967388580893156,0.967526371104061,0.967675790028547,0.967836898936764
pacific_nations_cup_2024,pacific_nations_cup,2024,south,passes,primary,3.05323147176991,1.36471838924996,1.02379279144603,1.0077995372191,0.998034336402499,0.990866931939945,0.98515887964332,0.980402512158274,0.976326573470976,0.972768784557736,0.969624173825615,0.966820819191894,0.964307212899052,0.96204514674399,0.9600054543492,0.958165335301731,0.956506604271831,0.955014505982212,0.953676889742671,0.952483620007411,0.951426146271465,0.950497183208584,0.949690468749405,0.949000578332649,0.948422780343957,0.947952922226275,0.947587339753557,0.94732278402253,0.947156362156696,0.947085488737031,0.947107845707443,0.947221349037569,0.947424120819712,0.947714465770771,0.948090851331659,0.948551890725399,0.949096328464691,0.949723027900117,0.95043096047855,0.951219196443033,0.952086896754247,0.953033306052736,0.954057746512312,0.95515961246041,0.956338365661682,0.957593531177937,0.958924693731292,0.960331494508838,0.961813628356521,0.963370841317849,0.965002928479646,0.966709732092606,0.968491139939116,0.970347083924832,0.972277538873874,0.974282521510477,0.976362089612449,0.97851634132398,0.980745414617316,0.983049486894441,0.985428774721487,0.987883533689871,0.99041405839943,0.993020682559887,0.995703779208041,0.998463761039001,1.0013010808507,1.00421623210178,1.00720974958378,1.0102822102094,1.01343423391939,1.01666648471151,1.01997967179582,1.02337455088141,1.02685192560074,1.03041264907851,1.03405762565331,1.03778781276119,1.04160422299163,1.04550792632768,1.04950005258369,1.0535817940552,1.05775440839801,1.06201922175489,1.0663776321509,1.0708311131808,1.07538121801465,1.08002958375119,1.08477793615184,1.08962809479255,1.09458197867518,1.09964161234548,1.10480913257077,1.11008679563749,1.11547698533661,1.1209822217144,1.12660517067657,1.13234865454632,1.13821566369139,1.14420936935204,1.15033313782175,1.15659054615604
pacific_nations_cup_2024,pacific_nations_cup,2024,south,bad_passes,primary,0.995802181467445,0.948077227108873,0.947624774357398,0.947205276629793,0.946818359929583,0.946463670649709,0.946140874585007,0.945849656112687,0.945589717427398,0.945360777826976,0.945162573045324,0.944994854629184,0.944857389355805,0.944749958688829,0.944672358269868,0.944624397443516,0.94460589881369,0.944616697829388,0.944656642398099,0.944725592525245,0.944823419978172,0.944950007973329,0.945105250885362,0.945289053976999,0.945501333148646,0.945742014706737,0.946011035149933,0.946308340972381,0.946633888483256,0.946987643641931,0.947369581908141,0.947779688106579,0.948217956305421,0.948684389708303,0.949179000559359,0.949701810060932,0.950252848303638,0.950832154208502,0.951439775480914,0.952075768576198,0.95274019867662,0.953433139679696,0.954154674197704,0.954904893568318,0.955683897876338,0.95649179598651,0.957328705587462,0.958194753246822,0.959090074477615,0.960014813816061,0.960969124910949,0.961953170624777,0.962967123146895,0.964011164118926,0.965085484772774,0.966190286081567,0.967325778923943,0.968492184262093,0.969689733334072,0.970918667860901,0.97217924026904,0.973471713928899,0.974796363410072,0.976153474754068,0.977543345765387,0.978966286321844,0.980422618705136,0.981912677952745,0.983436812232338,0.984995383239954,0.986588766623358,0.988217352432096,0.989881545595866,0.991581766433029,0.993318451191192,0.995092052621994,0.996903040592428,0.99875190273522,1.00063914514105,1.00256529309561,1.00453089186492,1.00653650753237,1.00858272789165,1.01067016339992,1.012799448196,1.01497124118897,1.01718622722308,1.01944511832551,1.02174865504415,1.02409760788348,1.0264927788475,1.02893500309964,1.03142515075076,1.03396412878779,1.03655288315686,1.03919240101684,1.04188371318083,1.0446278967658,1.04742607807316,1.05027943572605,1.05318920409296,1.05615667703146
pacific_nations_cup_2024,pacific_nations_cup,2024,south,turnovers_conceded,primary,1.02829656300446,0.986669711781884,0.986167555178676,0.98568307518762,0.985215746644153,0.98476507867093,0.98433061145169,0.983911913471099,0.983508579065415,0.983120226242295,0.982746494734518,0.982387044257687,0.982041552946393,0.981709715946998,0.981391244148283,0.981085863033807,0.980793311641974,0.980513341621731,0.980245716373309,0.979990210264843,0.979746607916813,0.979514703547248,0.97929430037149,0.979085210051048,0.978887252186714,0.978700253851645,0.978524049160636,0.978358478872182,0.978203390020329,0.978058635573624,0.977924074118759,0.977799569566736,0.977684990879645,0.977580211816287,0.977485110695075,0.977399570172813,0.977323477038048,0.977256722017855,0.977199199596986,0.977150807848442,0.977111448274589,0.977081025658035,0.977059447921541,0.977046625996306,0.977042473698034,0.977046907610222,0.977059846974166,0.97708121358523,0.977110931694943,0.97714892791853,0.977195131147539,0.977249472467204,0.977311885078258,0.977382304222905,0.977460667114692,0.977546912872044,0.977640982455233,0.977742818606576,0.977852365793666,0.977969570155475,0.978094379451138,0.978226743011287,0.978366611691775,0.978513937829669,0.978668675201387,0.978830778982853,0.979000205711573,0.97917691325053,0.979360860753799,0.979552008633797,0.979750318530091,0.979955753279679,0.980168276888675,0.980387854505334,0.980614452394353,0.980848037912386,0.981088579484717,0.98133604658305,0.98159040970435,0.981851640350704,0.982119711010157,0.982394595138471,0.982676267141786,0.982964702360139,0.983259877051805,0.983561768378438,0.983870354390974,0.984185614016275,0.984507527044487,0.98483607411708,0.985171236715566,0.985512997150852,0.985861338553226,0.986216244862945,0.986577700821421,0.986945691962976,0.987320204607158,0.987701225851604,0.988088743565439,0.988482746383193,0.988883223699234,0.989290165662699
pacific_nations_cup_2024,pacific_nations_cup,2024,south,penalties_conceded,primary,0.813612310001332,1.03677071523172,1.03592238010846,1.0351121450057,1.03433815170711,1.03359870186253,1.03289223859465,1.03221733080593,1.0315726596292,1.03095700667834,1.03036924381827,1.02980832422317,1.02927327453215,1.02876318794378,1.02827721811697,1.02781457376722,1.02737451386467,1.02695634335471,1.02655940933402,1.0261830976247,1.02582682969738,1.02549005990125,1.02517227296483,1.02487298173585,1.02459172513343,1.02432806628865,1.02408159085301,1.02385190545678,1.02363863630151,1.02344142787271,1.02325994176058,1.02309385557795,1.022942861966,1.02280666767917,1.02268499274179,1.0225775696698,1.02248414275148,1.02240446738198,1.02233830944678,1.02228544474981,1.02224565848241,1.0222187447297,1.02220450601107,1.02220275285222,1.02221330338602,1.02223598297986,1.02227062388762,1.02231706492404,1.02237515116008,1.0224447336374,1.02252566910081,1.02261781974713,1.0227210529894,1.02283524123538,1.02296026167919,1.02309599610528,1.02324233070392,1.02339915589727,1.02356636617548,1.02374385994214,1.02393153936837,1.02412931025505,1.02433708190281,1.02455476698897,1.02478228145141,1.0250195443786,1.02526647790563,1.02552300711577,1.02578905994736,1.02606456710557,1.0263494619789,1.02664368056004,1.02694716137092,1.02725984539174,1.02758167599366,1.0279125988751,1.02825256200136,1.02860151554742,1.0289594118438,1.02932620532526,1.02970185248229,1.03008631181514,1.03047954379046,1.03088151080016,1.0312921771227,1.03171150888647,1.03213947403526,1.03257604229575,1.03302118514693,1.03347487579133,1.03393708912806,1.03440780172753,1.03488699180786,1.03537463921282,1.0358707253914,1.0363752333788,1.03688814777891,1.03740945474816,1.03793914198079,1.03847719869539,1.03902361562281,1.0395783849953
pacific_nations_cup_2024,pacific_nations_cup,2024,south,yellow_cards,primary,0.0802918713418169,1.16186004106021,1.15694056315786,1.1522727207782,1.14783606974744,1.14361260872919,1.13958639730426,1.13574325082983,1.13207049010831,1.12855673439932,1.12519172902501,1.12196620082171,1.11887173618426,1.11590067757516,1.11304603522801,1.11030141143377,1.1076609353092,1.10511920634658,1.1026712453581,1.10031245167837,1.09803856568757,1.09584563587824,1.09372998981843,1.09168820846908,1.08971710339991,1.08781369651897,1.08597520198928,1.08419901005482,1.08248267253825,1.08082388980689,1.07922049903161,1.07767046358755,1.0761718634656,1.07472288658104,1.07332182088014,1.07196704715846,1.07065703251489,1.06939032437516,1.06816554502617,1.06698138660973,1.06583660652994,1.06473002323392,1.06366051233003,1.06262700301165,1.06162847475815,1.06066395428753,1.05973251273824,1.05883326305966,1.05796535759298,1.05712798582621,1.05632037230831,1.05554177470926,1.054791482014,1.0540688128392,1.05337311386318,1.05270375835983,1.05206014482855,1.05144169571265,1.05084785619958,1.05027809309681,1.04973189377769,1.0492087651922,1.04870823293789,1.04822984038674,1.04777314786383,1.04733773187449,1.04692318437626,1.04652911209287,1.04615513586724,1.04580089005099,1.04546602192806,1.04515019117016,1.04485306932207,1.04457433931483,1.04431369500515,1.04407084073935,1.04384549094032,1.04363736971618,1.04344621048921,1.04327175564397,1.04311375619345,1.04297197146215,1.04284616878519,1.04273612322251,1.04264161728733,1.04256244068805,1.0424983900829,1.04244926884664,1.04241488684865,1.04239506024181,1.04238961126163,1.04239836803511,1.0424211643988,1.04245783972565,1.04250823876019,1.04257221146161,1.04264961285444,1.04274030288638,1.04284414629308,1.04296101246933,1.04309077534667,1.04323331327692
pacific_nations_cup_2024,pacific_nations_cup,2024,south,red_cards,primary,0.0353892221064559,0.70265414533037,0.702938588915474,0.703238918466024,0.703555356960994,0.703888149884886,0.704237550141826,0.704603818339977,0.704987223089894,0.705388041317632,0.705806558593497,0.706243069477372,0.706697877881652,0.707171297452851,0.707663651973056,0.708175275782479,0.708706514224435,0.709257724114214,0.709829274233366,0.710421545851104,0.711034933274597,0.711669844430114,0.712326701477107,0.713005941457497,0.713708016982611,0.714433396960419,0.715182567365942,0.715956032057933,0.716754313645214,0.717577954406324,0.718427517266477,0.719303586836141,0.720206770515989,0.721137699673359,0.72209703089584,0.723085447328148,0.724103660099008,0.725152409845407,0.726232468342315,0.727344640246725,0.728489764965802,0.72966871865986,0.730882416392029,0.732131814437691,0.733417912768135,0.73474175772446,0.736104444899464,0.737507122247249,0.738950993442472,0.740437321513689,0.741967432778055,0.743542721107898,0.745164652563322,0.746834770429167,0.748554700699447,0.750326158057816,0.75215095240889,0.75403099602246,0.755968311360915,0.757965039669819,0.760023450422694,0.76214595172401,0.764335101789443,0.766593621640112,0.768924409168159,0.771330554755379,0.773815358655335,0.776382350383394,0.779035310399645,0.781778294417925,0.784615660732138,0.787552101020702,0.790592675174321,0.793742850794556,0.797008548135667,0.80039619141545,0.80391276760984,0.807565894080561,0.811363896677711,0.815315900326663,0.819431934573253,0.823723057152775,0.828201499407267,0.83288083835714,0.837776201513741,0.842904512205309,0.848284785430468,0.85393848726577,0.859889974948496,0.866167040391081,0.872801587743281,0.879830486742306,0.887296659588484,0.895250482496409,0.903751618004413,0.912871447376782,0.92269635557284,0.933332254590663,0.944910951414719,0.957599344033252,0.971613100908782,0.987237733146351
pacific_nations_cup_2024,pacific_nations_cup,2024,south,metres,primary,1.27688655693167,0.832497240489051,0.831095370553945,0.829800940836027,0.828602835433003,0.827491804820746,0.826460078455329,0.825501072164691,0.824609163979504,0.823779520182422,0.823007958748143,0.822290840995399,0.821624984784931,0.821007594356499,0.82043620314762,0.819908626836826,0.819422924510634,0.818977366337859,0.818570406496183,0.818200660368141,0.817866885230738,0.817567963821772,0.817302890288834,0.817070758122773,0.816870749752644,0.816702127538671,0.816564225947071,0.816456444728533,0.816378242952654,0.816329133775371,0.816308679836572,0.816316489201512,0.816352211773231,0.816415536114342,0.816506186625817,0.816623921038155,0.816768528176754,0.816939825968731,0.81713765966302,0.817361900239423,0.817612442985588,0.81788920622364,0.818192130170633,0.818521175918969,0.81887632452474,0.819257576193416,0.819664949553645,0.820098481011044,0.820558224174854,0.821044249351191,0.821556643097369,0.822095507832454,0.822660961499758,0.823253137277517,0.823872183334453,0.824518262627289,0.825191552737715,0.825892245746534,0.826620548143101,0.827376680768351,0.82816087879001,0.828973391708751,0.829814483394301,0.830684432150653,0.831583530809722,0.832512086852954,0.833470422560524,0.83445887518793,0.835477797169899,0.83652755635168,0.837608536247903,0.838721136329343,0.839865772338012,0.841042876631173,0.84225289855496,0.843496304848454,0.844773580079157,0.846085227110993,0.847431767606067,0.848813742561587,0.850231712883516,0.851686259998664,0.853177986507157,0.854707516877351,0.856275498185538,0.857882600902937,0.859529519732785,0.861216974500534,0.862945711100499,0.864716502502578,0.866530149823046,0.868387483463751,0.870289364324503,0.872236685093865,0.874230371624085,0.87627138439644,0.878360720083906,0.880499413218734,0.882688537973294,0.884929210063387,0.887222588784188,0.889569879190064
autumn_internationals_2024,autumn_internationals,2024,mixed,minutes,primary,10.6615545301038,0.934535382470134,0.934285672379077,0.934037345592268,0.933814451382918,0.933591738648128,0.933376831489114,0.93317409569197,0.932975465300858,0.93279632896096,0.932634142516697,0.932496929129735,0.932372791454844,0.932248717291825,0.932124643128805,0.932000568965785,0.93190540817953,0.931824300718418,0.9317493129773,0.931676925763512,0.931612355767812,0.931570199646092,0.931560908621185,0.931589014089309,0.931619873249003,0.931652190977124,0.931709026236009,0.931765919345041,0.931829191669735,0.931898135795341,0.931984806865612,0.932094707041678,0.932204607217745,0.932319503705931,0.932453173487281,0.932592686017528,0.932758423778551,0.932934461095531,0.93311049841251,0.933286535729489,0.933462573046469,0.933638610363448,0.933819049073634,0.934009887333357,0.934204695253302,0.934399503173248,0.934594311093193,0.934789119013139,0.934983926933084,0.935205083606206,0.935427492049701,0.935649900493195,0.935872308936689,0.936094717380184,0.936317125823678,0.936586995693341,0.936894900431414,0.937204257736184,0.937513615040954,0.937822972345724,0.938132329650495,0.938441686955265,0.938751044260035,0.939060401564805,0.939369785526107,0.939699739422734,0.940034862870532,0.940376508077275,0.940736495755671,0.941133643228208,0.941558854547487,0.941984928567579,0.942430675290586,0.942882309053933,0.943333942817279,0.943786981468174,0.944246165869202,0.944721770724624,0.94520057054176,0.945685352405025,0.946173245181123,0.94666113795722,0.947149030733318,0.947642143028813,0.948159871759376,0.948682923645947,0.949205975532517,0.949735602294913,0.950284814481743,0.950851186355637,0.951422688048289,0.951994189740941,0.952569568544313,0.953158485454595,0.953766902132112,0.95438290740814,0.955003937280696,0.955651246918639,0.956321609879792,0.956993598482986,0.957670897176885,0.958355460884174
autumn_internationals_2024,autumn_internationals,2024,mixed,tries,primary,0.584255293630655,1.00147828030783,1.00097805792424,1.00052870497469,1.00012617061252,0.999767084355407,0.999448596917728,0.999168266718018,0.998923976987437,0.998713873935189,0.998536319748957,0.99838985626825,0.998273176481718,0.998185101857833,0.998124564091988,0.998090590244243,0.998082290513656,0.998098848087018,0.998139510637393,0.998203583147935,0.998290421810177,0.998399428800978,0.998530047783755,0.998681760011233,0.998854080931257,0.999046557216069,0.99925876415027,0.999490303324339,0.999740800589862,1.00000990424011,1.00029728338554,1.00060262649876,1.0009256401074,1.00126604761661,1.00162358824574,1.00199801606575,1.00238909912608,1.002796618661,1.003220368367,1.00366015374382,1.0041157914925,1.00458710896512,1.00507394366096,1.00557614276502,1.00609356272483,1.0066260688624,1.00717353501816,1.00773584322432,1.00831288340532,1.0089045531032,1.00951075722617,1.01013140781859,1.01076642385101,1.0114157310289,1.01207926161892,1.01275695429172,1.01344875398038,1.0141546117536,1.01487448470306,1.01560833584424,1.01635613403019,1.01711785387786,1.01789347570648,1.01868298548785,1.01948637480812,1.02030364084104,1.02113478633238,1.02197981959571,1.02283875451923,1.02371161058398,1.02459841289342,1.02549919221463,1.02641398503126,1.0273428336087,1.02828578607184,1.02924289649575,1.03021422500998,1.03119983791712,1.03219980782625,1.03321421380222,1.03424314153168,1.03528668350702,1.0363449392294,1.03741801543227,1.03850602632706,1.03960909387273,1.04072734807136,1.04186092729191,1.04300997862499,1.04417465827137,1.04535513196788,1.04655157545438,1.0477641749862,1.04899312789732,1.05023864321986,1.0515009423667,1.05278025988492,1.05407684428916,1.05539095898518,1.05672288329593,1.05807291360453,1.05944136463094
autumn_internationals_2024,autumn_internationals,2024,mixed,try_assists,primary,0.421704602611235,0.934364898529309,0.934501665743971,0.934658608783793,0.934835252132184,0.935031148851715,0.935245878418475,0.93547904477897,0.935730274601873,0.935999215700991,0.936285535609224,0.936588920286106,0.936909072943912,0.937245712979309,0.937598574999248,0.937967407931222,0.938351974209268,0.938752049028143,0.939167419659012,0.93959788482078,0.94004325410187,0.940503347427853,0.940977994570844,0.941467034697012,0.94197031594899,0.942487695060254,0.943019036998912,0.943564214638553,0.944123108454088,0.944695606240702,0.94528160285424,0.945880999971498,0.946493705869063,0.947119635219471,0.947758708903559,0.948410853838031,0.949076002817317,0.949754094368923,0.950445072621542,0.951148887185263,0.951865493043297,0.952594850454696,0.953336924867591,0.954091686842546,0.954859111985655,0.955639180891086,0.956431879092771,0.957237197025044,0.958055129992017,0.958885678145557,0.959728846471741,0.960584644785717,0.961453087734932,0.962334194810717,0.963227990368253,0.964134503654996,0.965053768847643,0.96598582509779,0.966930716586438,0.967888492587579,0.96885920754109,0.969842921135246,0.970839698399179,0.97184960980567,0.972872731384709,0.973909144848312,0.974958937727132,0.976022203519478,0.977099041853422,0.978189558662727,0.979293866377436,0.980412084130041,0.98154433797823,0.982690761145349,0.983851494279805,0.985026685734782,0.98621649186978,0.98742107737566,0.988640615625034,0.989875289050072,0.991125289550005,0.992390818930848,0.993672089380195,0.99496932398021,0.996282757262344,0.997612635807723,0.9989592188976,1.00032277921885,1.00170360363007,1.00310199399463,1.00451826808773,1.0059527605856,1.00740582414611,1.00887783059107,1.01036917220248,1.01188026314637,1.01341154104009,1.01496346868154,1.01653653596145,1.01813126198368,1.01974819742249,1.02138792715086
autumn_internationals_2024,autumn_internationals,2024,mixed,conversion_goals,primary,0.225096475371138,0.78101110931766,0.78149387186356,0.782007626114942,0.782551876887871,0.78312619945641,0.783730195402248,0.784363491099854,0.785025736329455,0.78571660300556,0.786435784010212,0.787182992121292,0.787957959027348,0.788760434421273,0.789590185166047,0.790446994526429,0.79133066146115,0.792240999970716,0.793177838496416,0.794141019366599,0.795130398286654,0.796145843869506,0.79718723720372,0.798254471456646,0.79934745151022,0.800466093627332,0.801610325146841,0.802780084205517,0.803975319485351,0.805195989984851,0.806442064813064,0.807713523005194,0.809010353358825,0.810332554289846,0.811680133707293,0.813053108906416,0.814451506479352,0.815875362242907,0.817324721182982,0.818799637415296,0.820300174162102,0.821826403744681,0.823378407591464,0.824956276261676,0.826560109484517,0.82819001621388,0.829846114698763,0.831528532569518,0.8332374069402,0.834972884527324,0.836735121785426,0.838524285059878,0.840340550757509,0.842184105535645,0.844055146510295,0.845953881484268,0.847880529196144,0.849835319591114,0.851818494114803,0.853830306031361,0.855871020767203,0.857940916281962,0.860040283468364,0.862169426582946,0.86432866370971,0.866518327259061,0.868738764504617,0.87099033816076,0.873273427004109,0.875588426542467,0.877935749735166,0.880315827769197,0.882729110896016,0.885176069334487,0.887657194246073,0.890172998789134,0.892724019260032,0.89531081632972,0.897933976385605,0.900594112989767,0.9032918684661,0.906027915630674,0.908802959681628,0.911617740267262,0.914473033753729,0.917369655717034,0.920308463687805,0.923290360181952,0.926316296055679,0.929387274229901,0.932504353836916,0.93566865485168,0.938881363281581,0.942143737002725,0.945457112348122,0.948822911574686,0.952242651362797,0.955717952535868,0.959250551229999,0.962842311798142,0.966495241803174,0.970211509545005
autumn_internationals_2024,autumn_internationals,2024,mixed,missed_conversion_goals,primary,0.095445413060375,0.909800687710024,0.909138081549754,0.908509379937817,0.907913676522848,0.907350221133412,0.906818298983426,0.906317228505837,0.905846359358236,0.905405070584008,0.904992768914452,0.904608887198894,0.904252882951218,0.903924237002459,0.903622452250177,0.903347052496292,0.903097581365887,0.902873601300241,0.902674692617999,0.902500452638985,0.902350494865672,0.902224448217813,0.902121956316113,0.902042676811234,0.901986280754738,0.901952452008869,0.901940886692363,0.901951292659697,0.901983389011422,0.902036905633419,0.902111582763092,0.90220717058067,0.902323428823968,0.90246012642503,0.902617041167277,0.902793959361813,0.90299067554172,0.90320699217319,0.903442719382499,0.903697674697843,0.903971682805169,0.904264575317181,0.904576190554757,0.904906373340082,0.905254974800834,0.905621852184836,0.90600686868458,0.906409893271133,0.906830800536904,0.907269470546851,0.907725788697678,0.908199645584644,0.908690936875611,0.909199563191996,0.909725429996301,0.910268447485925,0.910828530492994,0.911405598389935,0.911999575000563,0.91261038851646,0.913237971418431,0.913882260402854,0.914543196312737,0.915220724073316,0.915914792632042,0.916625354902824,0.917352367714373,0.918095791762553,0.918855591566606,0.919631735429165,0.920424195399946,0.921232947243059,0.922057970407831,0.922899248003099,0.923756766774903,0.92463051708752,0.925520492907805,0.926426691792798,0.927349114880552,0.928287766884181,0.929242656089088,0.930213794353376,0.931201197111428,0.932204883380666,0.933224875771493,0.934261200500427,0.935313887406461,0.936382969970672,0.937468485339108,0.938570474349,0.939688981558361,0.940824055278995,0.941975747613021,0.943144114492955,0.944329215725434,0.945531115038688,0.946749880133833,0.947985582740107,0.949238298674157,0.950508107903512,0.951795094614359,0.953099347283796
autumn_internationals_2024,autumn_internationals,2024,mixed,penalty_goals,primary,0.20322359534417,0.872267710742548,0.870093716225905,0.867932629230869,0.865784296737159,0.863648624085444,0.861525519307906,0.859414893086175,0.85731665871139,0.855230732046342,0.85315703148965,0.851095477941937,0.849045994773946,0.847008507796599,0.844982945232916,0.842969237691817,0.840967318143739,0.838977121898074,0.836998586582396,0.83503165212346,0.833076260729972,0.831132356877099,0.829199887292735,0.827278800945503,0.825369049034499,0.823470584980781,0.821583364420603,0.819707345200407,0.817842487373591,0.815988753199048,0.814146107141526,0.812314515873798,0.810493948280695,0.808684375465014,0.806885770755349,0.805098109715865,0.803321370158078,0.801555532154669,0.799800578055398,0.79805649250516,0.796323262464258,0.794600877230948,0.792889328466333,0.791188610221692,0.789498718968308,0.787819653629917,0.786151415617837,0.784494008868926,0.782847439886454,0.781211717784017,0.779586854332639,0.777972864011187,0.776369764060263,0.774777574539736,0.773196318390084,0.771626021497743,0.770066712764672,0.768518424182328,0.766981190910325,0.765455051359997,0.763940047283151,0.762436223866309,0.760943629830741,0.75946231753864,0.757992343105802,0.756533766521201,0.755086651773888,0.753651066987686,0.752227084564149,0.750814781334352,0.749414238720073,0.748025542905002,0.746648785016664,0.745284061319776,0.743931473421861,0.742591128491973,0.741263139493489,0.739947625431987,0.738644711619341,0.737354529955256,0.736077219227562,0.734812925432751,0.733561802118325,0.732324010748729,0.731099721096759,0.729889111662575,0.728692370122607,0.727509693810926,0.726341290235856,0.72518737763496,0.724048185571788,0.72292395557821,0.721814941846514,0.720721411975949,0.7196436477789,0.718581946152479,0.717536620021991,0.716507999363495,0.715496432313535,0.714502286375139,0.71352594973027,0.71256783267025
autumn_internationals_2024,autumn_internationals,2024,mixed,missed_penalty_goals,primary,0.0797404374314455,0.960654202055011,0.960164758889578,0.959687967866965,0.959223626392491,0.958771682471328,0.958332092661178,0.957904821816702,0.957489842859589,0.957087136572615,0.956696691416261,0.956318503366575,0.955952575773145,0.955598919236139,0.955257551501538,0.954928497373744,0.954611788644896,0.954307464040288,0.954015569179382,0.953736156551997,0.953469285509327,0.953215022269513,0.952973439937572,0.952744618539546,0.952528645070806,0.952325613558513,0.952135625138291,0.95195878814524,0.951795218219482,0.951645038426482,0.951508379392474,0.951385379455368,0.951276184831593,0.951180949799401,0.951099836899227,0.951033017151789,0.950980670294682,0.950942985038308,0.950920159342099,0.950912400712046,0.950919926520713,0.950942964350968,0.950981752364849,0.951036539699052,0.951107586888751,0.951195166321549,0.951299562723588,0.951421073679995,0.9515600101921,0.951716697274043,0.951891474591676,0.952084697146941,0.9522967360112,0.952527979111369,0.952778832073046,0.953049719125304,0.953341084072233,0.95365339133689,0.953987127083879,0.954342800427456,0.954720944732774,0.955122119018741,0.95554690947187,0.955995931081569,0.956469829408509,0.95696928249903,0.957495002960115,0.958047740211136,0.958628282930616,0.959237461718441,0.959876151996583,0.960545277174324,0.961245812107373,0.961978786884194,0.962745290977366,0.963546477803062,0.96438356973781,0.965257863648789,0.966170737002222,0.967123654624151,0.968118176199308,0.969155964607313,0.970238795211434,0.971368566234153,0.972547310376527,0.973777207865524,0.975060601146333,0.97640001147626,0.977798157724994,0.979257977744843,0.980782652746736,0.982375635206849,0.984040680939369,0.985781886109039,0.987603730130829,0.989511125623979,0.991509476868076,0.993604748569255,0.995803547211726,0.998113217880667,1.00054196024896,1.00309896849588
autumn_internationals_2024,autumn_internationals,2024,mixed,drop_goals_converted,primary,0.0087468824480525,0.981231408554801,0.980633331064815,0.980042163988674,0.979456270126186,0.978875700799348,0.978300508083066,0.977730744819955,0.977166464635502,0.976607721953611,0.976054572012528,0.975507070881172,0.974965275475872,0.974429243577533,0.973899033849236,0.973374705854283,0.972856320074717,0.972343937930312,0.97183762179806,0.971337435032165,0.970843441984562,0.970355708025979,0.969874299567555,0.969399284083039,0.968930730131578,0.968468707381125,0.968013286632476,0.967564539843969,0.967122540156854,0.966687361921359,0.966259080723491,0.965837773412567,0.965423518129531,0.965016394336058,0.964616482844487,0.964223865848608,0.963838626955328,0.963460851217252,0.963090625166209,0.962728036847749,0.962373175856663,0.962026133373541,0.961687002202419,0.96135587680955,0.961032853363337,0.960718029775475,0.960411505743345,0.960113382793697,0.959823764327686,0.959542755667299,0.959270464103224,0.95900699894423,0.958752471568092,0.958506995474143,0.958270686337503,0.958043662065042,0.957826042853173,0.957617951247508,0.957419512204485,0.957230853155018,0.95705210407027,0.95688339752962,0.956724868790921,0.956576655863145,0.956438899581492,0.956311743685101,0.956195334897431,0.956089823009459,0.95599536096578,0.95591210495377,0.955840214495904,0.955779852545392,0.955731185585268,0.95569438373108,0.95566962083734,0.95565707460791,0.955656926710481,0.955669362895347,0.95569457311866,0.955732751670372,0.955784097307079,0.95584881338999,0.955927108028274,0.95601919422802,0.956125290047088,0.956245618756136,0.9563804090061,0.956529895002472,0.956694316686678,0.956873919924927,0.957068956704899,0.957279685340655,0.957506370686199,0.957749284358134,0.95800870496786,0.958284918363834,0.958578217884416,0.958888904621838,0.95921728769792,0.959563684552145,0.959928421242769,0.960311832761681
autumn_internationals_2024,autumn_internationals,2024,mixed,drop_goal_missed,primary,0.0474507178037441,0.815780223221808,0.816248140234001,0.816721405718884,0.817199852689149,0.817683554037708,0.818172584357931,0.818667019999595,0.819166939127217,0.819672421780903,0.820183549939832,0.820700407588529,0.821223080786073,0.821751657738398,0.822286228873857,0.822826886922236,0.823373726997409,0.823926846683829,0.824486346127102,0.825052328128844,0.825624898246106,0.826204164895612,0.826790239463113,0.827383236418152,0.827983273434581,0.828590471517186,0.829204955134785,0.829826852360222,0.830456295017696,0.831093418837886,0.831738363621393,0.832391273411037,0.833052296673612,0.83372158649172,0.834399300766393,0.835085602431235,0.835780659678888,0.836484646200713,0.837197741440612,0.837920130864035,0.838652006243284,0.839393565960326,0.840145015328441,0.840906566934151,0.841678441000993,0.842460865776865,0.843254077946818,0.844058323073352,0.844873856066482,0.845700941686025,0.846539855078868,0.847390882354172,0.848254321199841,0.849130481543888,0.850019686264718,0.850922271954798,0.851838589742638,0.852769006178571,0.853713904190439,0.854673684115961,0.85564876481937,0.856639584900791,0.857646604007842,0.858670304260104,0.859711191798426,0.860769798472532,0.861846683682161,0.862942436388935,0.86405767731847,0.865193061374916,0.866349280293167,0.867527065557609,0.868727191620422,0.869950479457375,0.871197800504764,0.872470081027918,0.873768306979676,0.875093529416677,0.876446870552584,0.877829530540765,0.8792427950951,0.880688044076968,0.882166761199933,0.883680545032188,0.885231121511648,0.88682035823132,0.888450280805391,0.890123091691969,0.891841191930217,0.893607206352475,0.89542401296207,0.897294777333334,0.899222993103369,0.901212529900796,0.903267690416924,0.905393278799515,0.907594683181438,0.909877976007232,0.912250036978765,0.914718705037835,0.917292968034675,0.919983201895564
autumn_internationals_2024,autumn_internationals,2024,mixed,defenders_beaten,primary,1.67911506801961,0.830493866421751,0.83024754974665,0.830024511732279,0.82982439802202,0.829646867574045,0.829491591969298,0.829358254769759,0.829246550922449,0.829156186205139,0.829086876710149,0.82903834836299,0.82901033647296,0.829002585313068,0.829014847726928,0.829046884760509,0.8290984653168,0.829169365831664,0.829259369969275,0.829368268335727,0.829495858209477,0.829641943287447,0.829806333445683,0.829988844513575,0.830189298060733,0.830407521195657,0.830643346375465,0.830896611225947,0.8311671583713,0.831454835272952,0.83175949407692,0.832080991469186,0.832419188538625,0.832773950647055,0.833145147305997,0.833532652059778,0.83393634237463,0.834356099533466,0.834791808536035,0.835243358004183,0.835710640091959,0.836193550400339,0.83669198789633,0.837205854836274,0.837735056693137,0.838279502087625,0.838839102722955,0.839413773323125,0.840003431574556,0.840607998070967,0.84122739626135,0.841861552400969,0.842510395505235,0.843173857306405,0.843851872212988,0.844544377271795,0.845251312132554,0.845972619015037,0.846708242678618,0.84745813039424,0.848222231918715,0.849000499471347,0.849792887712814,0.850599353726318,0.851419857000939,0.85225435941722,0.853102825234937,0.853965221083075,0.854841515952001,0.855731681187842,0.856635690489084,0.85755351990542,0.858485147838863,0.859430555047165,0.860389724649582,0.861362642135043,0.862349295372767,0.863349674625411,0.864363772564804,0.865391584290382,0.866433107350398,0.867488341766021,0.868557290058461,0.869639957279227,0.870736351043706,0.871846481568192,0.87297036171059,0.874108007014964,0.875259435760195,0.876424669012971,0.877603730685419,0.878796647597672,0.880003449545738,0.88122416937504,0.882458843060084,0.883707509790716,0.88497021206552,0.886246995792967,0.887537910400978,0.888843008955686,0.890162348290238,0.891495989144624
autumn_internationals_2024,autumn_internationals,2024,mixed,clean_breaks,primary,0.734239573185513,0.952300014567007,0.951595631408326,0.950931641144976,0.950305817912934,0.949716203566041,0.949161061383838,0.948638839965484,0.948148144654719,0.947687714627939,0.947256404306108,0.946853168113683,0.94647704786103,0.946127162206743,0.945802697786195,0.945502901687765,0.945227075028741,0.94497456743586,0.944744772275692,0.944537122510921,0.944351087082477,0.944186167736194,0.944041896227355,0.943917831848231,0.943813559233056,0.943728686402465,0.943662843015512,0.943615678802418,0.943586862155289,0.943576078857432,0.94358303093473,0.943607435614855,0.943649024382098,0.943707542117215,0.943782746313132,0.943874406358493,0.943982302882084,0.944106227152017,0.944245980524298,0.944401373936064,0.944572227439298,0.944758369771338,0.9449596379589,0.945175876952705,0.945406939290112,0.945652684783456,0.945912980232003,0.946187699155703,0.946476721549057,0.946779933653637,0.947097227747903,0.947428501953143,0.947773660054445,0.94813261133575,0.948505270428097,0.948891557170315,0.949291396481433,0.949704718244211,0.950131457199218,0.950571552848982,0.951024949371761,0.951491595544564,0.951971444675082,0.952464454542255,0.952970587345223,0.953489809660467,0.954022092406992,0.954567410819414,0.955125744428898,0.955697077051885,0.956281396786621,0.956878696017514,0.957488971427405,0.95811222401786,0.958748459137653,0.959397686519623,0.960059920326176,0.960735179203708,0.961423486346315,0.962124869569177,0.9628393613921,0.963566999133744,0.964307825017127,0.965061886287118,0.965829235340679,0.966609929870724,0.967404033024605,0.968211613578298,0.969032746127582,0.969867511297568,0.970715995972206,0.971578293545524,0.972454504196632,0.973344735190764,0.974249101208939,0.975167724709176,0.976100736322581,0.977048275288107,0.978010489930315,0.978987538185097,0.979979588179048,0.980986818869045
autumn_internationals_2024,autumn_internationals,2024,mixed,offload,primary,0.923651643000854,0.876697905288647,0.876481444636702,0.876283394396418,0.876103287365064,0.875940686921198,0.875795184016044,0.875666394566437,0.875553957183632,0.875457531184825,0.875376794844108,0.875311443847306,0.875261189921368,0.87522575961396,0.875204893202887,0.875198343718254,0.87520587606294,0.875227266219128,0.875262300530484,0.875310775051031,0.875372494953071,0.875447273987526,0.875534933990965,0.875635304434354,0.875748222009169,0.875873530247093,0.876011079169959,0.876160724966995,0.876322329696821,0.876495761011867,0.876680891903216,0.876877600464049,0.877085769670101,0.877305287175677,0.877536045123948,0.877777939970389,0.878030872318302,0.878294746765508,0.878569471761375,0.878854959473398,0.879151125662684,0.879457889567687,0.879775173795656,0.880102904221277,0.880441009892047,0.880789422939962,0.881148078499136,0.881516914629007,0.881895872242806,0.882284895041017,0.882683929449547,0.883092924562389,0.883511832088545,0.883940606303027,0.884379204001754,0.88482758446018,0.885285709395527,0.885753542932467,0.88623105157217,0.886718204164589,0.887214971883908,0.887721328207074,0.888237248895346,0.888762711978795,0.889297697743733,0.889842188723008,0.890396169689169,0.890959627650453,0.891532551849621,0.892114933765619,0.89270676711809,0.893308047874761,0.893918774261729,0.894538946776686,0.895168568205149,0.895807643639737,0.896456180502585,0.897114188570968,0.89778168000623,0.898458669386133,0.89914517374074,0.899841212591972,0.900546807996978,0.901261984595494,0.901986769661367,0.90272119315844,0.903465287801023,0.904219089119185,0.904982635529133,0.905755968408962,0.906539132180088,0.907332174394714,0.908135145829697,0.908948100587233,0.909771096202796,0.91060419376084,0.911447458018785,0.912300957539881,0.9131647648356,0.914038956518257,0.914923613464635,0.915818820991482
autumn_internationals_2024,autumn_internationals,2024,mixed,runs,primary,2.1553119968049,0.960632556073443,0.956899678953981,0.953250579501194,0.949682392696757,0.946192592102055,0.942778926057851,0.939439369142899,0.936172084632055,0.932975395029921,0.929847758631978,0.92678775065232,0.923794047858622,0.920865415934518,0.918000698987363,0.915198810761453,0.912458727220314,0.909779480237986,0.907160152196283,0.904599871327976,0.902097807678686,0.899653169585505,0.897265200589977,0.89493317671843,0.892656404074789,0.890434216700617,0.888265974664885,0.886151062352166,0.884088886923041,0.882078876924588,0.880120481032229,0.878213166907004,0.876356420154656,0.874549743374829,0.872792655290315,0.87108468994763,0.869425395981369,0.867814335935732,0.866251085637474,0.864735233615219,0.863266380560703,0.861844138828007,0.860468131967338,0.859137994290248,0.857853370463583,0.856613915129699,0.855419292550773,0.854269176275247,0.853163248824656,0.852101201399257,0.851082733601024,0.850107553172742,0.849175375752009,0.848285924639115,0.847438930577816,0.846634131548136,0.845871272570406,0.84515010551981,0.84447038895076,0.843831887930515,0.843234373881466,0.84267762443158,0.842161423272542,0.841685560025144,0.841249830111542,0.84085403463399,0.840497980259741,0.840181479111771,0.839904348665063,0.839666411648157,0.83946749594975,0.839307434530084,0.839186065336935,0.839103231225987,0.839058779885429,0.839052563764584,0.839084440006434,0.839154270383882,0.839261921239621,0.839407263429494,0.839590172269217,0.839810527484369,0.840068213163553,0.840363117714625,0.840695133823929,0.841064158418448,0.841470092630801,0.841912841767045,0.842392315277194,0.842908426728432,0.843461093780958,0.84405023816644,0.844675785669017,0.845337666108854,0.846035813328193,0.846770165179903,0.847540663518504,0.84834725419365,0.849189887046081,0.850068515906019,0.850983098594035,0.851933596924373
autumn_internationals_2024,autumn_internationals,2024,mixed,tackles,primary,2.3984775033379,0.976845952975237,0.974584581803389,0.972357386150805,0.970163772938571,0.968003193750435,0.965875139562085,0.963779136293866,0.961714741033101,0.95968153880518,0.957679139797692,0.95570717696108,0.953765303924228,0.95185319317501,0.949970534465034,0.948117033405029,0.946292410223216,0.944496398663608,0.942728745005026,0.940989207184658,0.939277554012563,0.93759356446554,0.935937027050569,0.934307739229394,0.932705506897082,0.931130143908319,0.929581471646129,0.928059318628332,0.926563520147736,0.925093917942524,0.923650359893768,0.922232699747353,0.920840796857954,0.919474515952957,0.918133726914481,0.916818304577851,0.915528128545079,0.914263083012049,0.913023056608254,0.911807942248049,0.910617636992511,0.909452041921064,0.908311062012134,0.907194606032176,0.906102586432461,0.905034919253089,0.903991524033746,0.902972323730759,0.901977244640065,0.901006216325722,0.900059171553656,0.899136046230345,0.898236779346184,0.89736131292329,0.896509591967544,0.895681564424676,0.894877181140235,0.894096395823269,0.893339165013627,0.89260544805272,0.891895207057681,0.891208406898816,0.890545015180281,0.889905002223937,0.889288341056327,0.888695007398753,0.888124979660422,0.887578238934677,0.887054768998293,0.886554556313878,0.886077590035397,0.885623862016868,0.885193366824295,0.884786101750894,0.884402066835708,0.884041264885719,0.883703701501561,0.883389385106974,0.883098326982159,0.882830541301204,0.882586045173766,0.882364858691252,0.882167004977723,0.881992510245797,0.881841403857869,0.881713718392977,0.881609489719683,0.881528757075416,0.881471563152708,0.881437954192875,0.881427980087703,0.881441694489787,0.881479154932256,0.881540422958678,0.881625564264044,0.881734648847857,0.881867751180455,0.882024950383838,0.882206330428455,0.88241198034758,0.88264199447111,0.882896472680897
autumn_internationals_2024,autumn_internationals,2024,mixed,missed_tackles,primary,1.33899492675858,0.934940858680545,0.934493179156737,0.934060111717958,0.933641276170122,0.933236328572118,0.932844956157743,0.932466873170789,0.932101817419401,0.931749547402565,0.931409839895895,0.931082487909234,0.93076729894769,0.930464093522079,0.930172703865845,0.92989297282397,0.929624752886073,0.929367905341063,0.929122299534807,0.928887812215589,0.928664326954718,0.928451733631758,0.928249927975607,0.928058811154002,0.927878289405198,0.927708273706534,0.927548679475334,0.927399426298309,0.927260437686098,0.927131640850119,0.927012966499227,0.926904348654039,0.926805724477054,0.926717034116926,0.926638220565463,0.926569229526086,0.926510009292654,0.926460510637654,0.926420686708911,0.926390492934034,0.926369886931918,0.926358828430699,0.926357279191604,0.926365202938222,0.926382565290746,0.926409333704805,0.926445477414524,0.9264909673795,0.926545776235393,0.926609878247896,0.926683249269818,0.926765866701096,0.926857709451514,0.92695875790598,0.92706899389218,0.92718840065047,0.927316962805877,0.927454666342083,0.92760149857728,0.927757448141799,0.927922504957423,0.928096660218289,0.928279906373312,0.928472237110063,0.928673647340027,0.928884133185184,0.929103691965877,0.929332322189891,0.929570023542728,0.92981679687901,0.930072644215006,0.930337568722222,0.930611574722039,0.930894667681385,0.931186854209387,0.931488142055022,0.931798540105725,0.932118058386941,0.932446708062628,0.932784501436681,0.933131451955283,0.933487574210181,0.933852883942865,0.934227398049683,0.934611134587868,0.935004112782485,0.935406353034323,0.935817876928716,0.93623870724533,0.936668867968901,0.937108384300967,0.937557282672598,0.938015590758139,0.938483337490007,0.938960553074553,0.939447269009013,0.939943518099602,0.940449334480755,0.940964753635575,0.941489812417512,0.942024549073328,0.942569003267383
autumn_internationals_2024,autumn_internationals,2024,mixed,rucks_won,primary,2.47510872574535,0.757631112505634,0.75622251552531,0.754841929323633,0.753488954125276,0.752163213307828,0.750864351272477,0.749592031605444,0.748345935480282,0.747125760261295,0.745931218276141,0.744762035731729,0.743617951752263,0.742498717522045,0.741404095518623,0.740333858824287,0.73928779050582,0.738265683054054,0.737267337875984,0.736292564833357,0.735341181822461,0.73441301439061,0.733507895385444,0.732625664633668,0.731766168646291,0.730929260347821,0.730114798827182,0.729322649108368,0.728552681939142,0.72780477359623,0.727078805705676,0.726374665077169,0.725692243551292,0.725031437858736,0.724392149490678,0.723774284579555,0.723177753789598,0.722602472216537,0.722048359295955,0.721515338719838,0.721003338360927,0.720512290204499,0.720042130287284,0.719592798643246,0.71916423925599,0.718756400017622,0.718369232693876,0.718002692895406,0.717656740055132,0.717331337411572,0.717026451998133,0.716742054638345,0.716478119947047,0.716234626337594,0.71601155603514,0.715808895096116,0.715626633434019,0.71546476485171,0.715323287080379,0.715202201825447,0.715101514819645,0.715021235883605,0.714961378994285,0.714921962361645,0.714903008514012,0.714904544392621,0.714926601455902,0.71496921579412,0.715032428255067,0.715116284581561,0.715220835561618,0.715346137192229,0.715492250857809,0.715659243524486,0.715847187951529,0.716056162921382,0.716286253489901,0.716537551258639,0.716810154671162,0.717104169335696,0.717419708376609,0.71775689281761,0.718115851999847,0.718496724038524,0.718899656322121,0.719324806058827,0.719772340875418,0.720242439474538,0.720735292357158,0.721251102617952,0.721790086822473,0.722352475976302,0.722938516597928,0.723548471908895,0.724182623156973,0.724841271090614,0.725524737606074,0.726233367592204,0.726967531002357,0.727727625188195,0.728514077536653,0.729327348459261
autumn_internationals_2024,autumn_internationals,2024,mixed,rucks_lost,primary,0.568169870811785,1.00404600401393,1.00341765982781,1.00280770478297,1.00221568263641,1.00164116212707,1.00108373523285,1.00054301558499,1.0000186370227,0.999510252273409,0.999017531745406,0.998540162421574,0.998077846844103,0.997630302181267,0.997197259368377,0.996778462315922,0.996373667178657,0.995982641680093,0.995605164487432,0.995241024632515,0.994890020974784,0.994551961702718,0.994226663870501,0.993913952967042,0.993613662514722,0.99332563369552,0.993049715002356,0.992785761913738,0.992533636589933,0.992293207589064,0.992064349601687,0.991846943202517,0.991640874618081,0.991446035509212,0.991262322767358,0.99108963832379,0.990927888970866,0.990776986194562,0.990636846017577,0.990507388852344,0.990388539363362,0.990280226338282,0.990182382567265,0.990094944730126,0.990017853290848,0.989951052399075,0.989894489798219,0.989848116739858,0.989811887904109,0.989785761325715,0.989769698325576,0.989763663447504,0.989767624399978,0.989781552002721,0.989805420137906,0.989839205705853,0.989882888585057,0.989936451596433,0.989999880471664,0.990073163825547,0.990156293132261,0.990249262705481,0.99035206968228,0.990464714010773,0.990587198441468,0.9907195285223,0.990861712597339,0.991013761809172,0.991175690104976,0.991347514246299,0.991529253822594,0.991720931268554,0.991922571885306,0.992134203865553,0.992355858322736,0.992587569324339,0.992829373929444,0.993081312230686,0.993343427400744,0.993615765743556,0.993898376750447,0.994191313161374,0.994494631031536,0.994808389803596,0.995132652385814,0.995467485236401,0.995812958454439,0.996169145877749,0.99653612518813,0.996913978024425,0.997302790103916,0.997702651352613,0.998113656045034,0.998535902954159,0.998969495512287,0.999414541983621,0.999871155649457,1.000339455007,1.00081956398286,1.00131161216248,1.00181573503685,1.00233207426785
autumn_internationals_2024,autumn_internationals,2024,mixed,passes,primary,3.25981547281667,0.84626391292464,0.84325954949326,0.840325890054132,0.837460768230048,0.834662325878967,0.83192893380349,0.829259138631232,0.826651625899533,0.824105193577807,0.821618732546287,0.819191211851207,0.816821667327007,0.814509192648169,0.812252932171419,0.810052075122354,0.807905850809038,0.805813524632357,0.803774394723337,0.801787789080262,0.799853063108988,0.797969597492081,0.796136796328861,0.794354085500695,0.792620911225225,0.790936738770293,0.789301051303905,0.787713348860835,0.786173147409886,0.784679978008565,0.783233386034044,0.781832930481094,0.780478183319057,0.779168728901142,0.777904163420262,0.776684094406455,0.775508140261592,0.774375929827653,0.773287101985305,0.772241305279953,0.771238197572743,0.770277445714321,0.769358725239388,0.768481720080324,0.76764612229832,0.766851631830657,0.766097956252883,0.765384810554782,0.764711916929142,0.764079004572418,0.763485809496471,0.762932074350658,0.762417548253602,0.761941986634028,0.761505151080121,0.761106809196902,0.760746734471159,0.76042470614352,0.760140509087287,0.759893933693664,0.75968477576309,0.75951283640235,0.759377921927223,0.759279843770406,0.759218418394496,0.759193467209823,0.75920481649695,0.759252297333666,0.759335745526316,0.759455001545343,0.759609910464883,0.759800321906342,0.760026089985816,0.760287073265288,0.760583134707512,0.760914141634523,0.761279965689708,0.761680482803405,0.762115573161968,0.762585121180306,0.763089015477839,0.763627148857891,0.764199418290515,0.76480572489875,0.765445973948345,0.766120074840976,0.766827941110992,0.767569490425749,0.768344644589597,0.769153329551585,0.76999547541698,0.770871016462694,0.771779891156739,0.772722042181826,0.773697416463267,0.774705965201318,0.775747643908164,0.776822412449723,0.777930235092488,0.77907108055566,0.780244922068806,0.781451737435367
autumn_internationals_2024,autumn_internationals,2024,mixed,bad_passes,primary,0.918352438624415,0.944405212662083,0.943282020978781,0.942194093859936,0.94114027486313,0.940119495417215,0.93913076430232,0.93817315886466,0.937245817611885,0.936347933919079,0.935478750637321,0.934637555442502,0.933823676796557,0.933036480419375,0.932275366189744,0.9315397654092,0.930829138374857,0.930142972216878,0.92948077896387,0.928842093805645,0.928226473527708,0.927633495095863,0.927062754372618,0.926513864949795,0.925986457083967,0.925480176723232,0.924994684615402,0.924529655488996,0.924084777299526,0.923659750534534,0.92325428757163,0.922868112084464,0.922500958492185,0.922152571448413,0.921822705366228,0.921511123976048,0.921217599913605,0.920941914335528,0.920683856560284,0.92044322373248,0.920219820508705,0.92001345876328,0.919823957312435,0.919651141655576,0.919494843732435,0.91935490169498,0.919231159693104,0.91912346767316,0.919031681188519,0.918955661221379,0.918895274015138,0.918850390916687,0.918820888228034,0.918806647066741,0.918807553234666,0.918823497094564,0.918854373454141,0.918900081457182,0.918960524481391,0.919035610042646,0.919125249705367,0.919229358998724,0.919347857338459,0.919480667954084,0.919627717821265,0.919788937599201,0.919964261572838,0.920153627599773,0.920356977061708,0.92057425482035,0.920805409177641,0.921050391840244,0.921309157888207,0.921581665747744,0.921867877168088,0.922167757202381,0.922481274192588,0.922808399758414,0.923149108790254,0.923503379446161,0.923871193152903,0.924252534611129,0.924647391804712,0.925055756014364,0.925477621835583,0.925912987201074,0.92636185340775,0.92682422514847,0.927300110548674,0.927789521208105,0.928292472247834,0.928808982362813,0.929339073880234,0.929882772823975,0.930440108985466,0.931011116001339,0.931595831438256,0.932194296885373,0.932806558054928,0.933432664891494,0.934072671690528,0.934726637226867
autumn_internationals_2024,autumn_internationals,2024,mixed,turnovers_conceded,primary,1.01041592978119,0.981933031988484,0.981697666291377,0.981468381268276,0.981245033697706,0.981027489096274,0.980815620950108,0.980609310033335,0.980408443801798,0.980212915852008,0.980022625436925,0.979837477031363,0.979657379940906,0.979482247949072,0.979311998998218,0.979146554900287,0.978985841074005,0.978829786305625,0.978678322530644,0.978531384634261,0.978388910268638,0.978250839685227,0.978117115580668,0.977987682954906,0.97786248898036,0.977741482881086,0.97762461582101,0.977511840800394,0.977403112559793,0.977298387490855,0.977197623553343,0.977100780197878,0.977007818293893,0.97691870006239,0.97683338901309,0.976751849885639,0.976674048594541,0.976599952177533,0.976529528747136,0.976462747445143,0.976399578399831,0.976339992685686,0.97628396228548,0.976231460054509,0.976182459686861,0.97613693568356,0.976094863322471,0.976056218629834,0.976020978353332,0.975989119936586,0.975960621494988,0.975935461792782,0.975913620221325,0.975895076778446,0.975879812048841,0.975867807185436,0.975859043891675,0.975853504404657,0.975851171479095,0.975852028372032,0.975856058828289,0.975863247066589,0.975873577766325,0.975887036054948,0.975903607495923,0.975923278077238,0.975946034200433,0.97597186267012,0.976000750683974,0.976032685823168,0.97606765604323,0.976105649665306,0.976146655367808,0.976190662178422,0.976237659466474,0.976287636935625,0.976340584616885,0.976396492861931,0.976455352336721,0.976517154015388,0.976581889174394,0.976649549386949,0.976720126517676,0.976793612717514,0.976870000418844,0.97694928233084,0.977031451435034,0.977116500981079,0.977204424482715,0.97729521571392,0.977388868705255,0.977485377740379,0.977584737352739,0.977686942322433,0.977791987673232,0.977899868669761,0.978010580814838,0.978124119846964,0.978240481737954,0.97835966269072,0.978481659137193,0.978606467736381
autumn_internationals_2024,autumn_internationals,2024,mixed,penalties_conceded,primary,0.939451773941866,1.02392863545615,1.02365536166809,1.02339055934039,1.02313384569018,1.02288487858399,1.02264335056416,1.02240898395649,1.02218152683109,1.02196074964283,1.02174644241767,1.02153841238079,1.02133648194537,1.02114048699722,1.02095027542418,1.020765705849,1.02058664653237,1.02041297441909,1.02024457430519,1.02008133810772,1.01992316422219,1.01976995695516,1.01962162602128,1.01947808609629,1.01933925641824,1.0192050604309,1.01907542546387,1.01895028244484,1.01882956564023,1.01871321242057,1.01860116304809,1.01849336048366,1.01838975021118,1.01829028007737,1.01819490014533,1.01810356256047,1.01801622142753,1.01793283269753,1.01785335406368,1.01777774486543,1.01770596599982,1.01763797983945,1.01757375015657,1.01751324205252,1.01745642189227,1.0174032572435,1.01735371681983,1.0173077704279,1.01726538891792,1.01722654413748,1.01719120888825,1.01715935688551,1.0171309627201,1.01710600182275,1.01708445043051,1.01706628555524,1.01705148495388,1.01704002710046,1.01703189115968,1.01702705696203,1.01702550498021,1.01702721630689,1.01703217263366,1.01704035623108,1.01705174992981,1.01706633710273,1.01708410164792,1.01710502797257,1.01712910097769,1.01715630604355,1.01718662901589,1.01722005619274,1.01725657431193,1.01729617053923,1.01733883245693,1.01738454805313,1.01743330571138,1.01748509420091,1.01753990266729,1.01759772062346,1.01765853794125,1.01772234484327,1.01778913189513,1.01785888999806,1.01793161038183,1.01800728459805,1.01808590451367,1.01816746230488,1.01825195045119,1.01833936172991,1.01842968921071,1.01852292625056,1.01861906648888,1.01871810384281,1.01882003250289,1.01892484692872,1.01903254184502,1.01914311223775,1.01925655335044,1.01937286068077,1.01949202997722,1.01961405723595
autumn_internationals_2024,autumn_internationals,2024,mixed,yellow_cards,primary,0.11761643834275,1.08296864660781,1.07381059806117,1.06715208025311,1.06169865364915,1.05699734499326,1.05282764587064,1.04906199929796,1.04561830359064,1.04243975208383,1.03948494424814,1.03672250848033,1.03412794305475,1.0316816451136,1.02936762031102,1.02717260422481,1.02508544429581,1.02309665291518,1.02119807658912,1.01938264601869,1.01764418394191,1.01597725507823,1.01437704733009,1.01283927657247,1.01136010950437,1.00993610051391,1.00856413954601,1.00724140870187,1.00596534583702,1.00473361381932,1.00354407440231,1.00239476589123,1.00128388394748,1.00020976500748,0.999170871892595,0.998165781265907,0.997193172653979,0.996251818801438,0.995340577165997,0.994458382393633,0.993604239639675,0.992777218622866,0.991976448316894,0.991201112198322,0.990450443981789,0.989723723783339,0.989020274661041,0.988339459489116,0.987680678127656,0.987043364855088,0.986426986034756,0.985831037990651,0.985255045070442,0.984698557876629,0.984161151648952,0.983642424783173,0.983141997473112,0.982659510464267,0.982194623908722,0.981747016312133,0.981316383564637,0.980902438048382,0.980504907815154,0.980123535828293,0.979758079263643,0.97940830886489,0.979074008349055,0.978754973858391,0.978451013455271,0.978161946657043,0.977887604008084,0.977627826686625,0.9773824661441,0.977151383775081,0.976934450615985,0.976731547071005,0.976542562663841,0.976367395813995,0.976205953636528,0.976058151764339,0.97592391419213,0.975803173141374,0.975695868945694,0.975601949956208,0.975521372466472,0.975454100656789,0.975400106557743,0.975359370032937,0.975331878781013,0.97531762835714,0.975316622214289,0.975328871764714,0.975354396462182,0.975393223905645,0.975445389965164,0.975510938931076,0.975589923687516,0.975682405911638,0.975788456300036,0.975908154824092,0.976041591016239,0.976188864289368
autumn_internationals_2024,autumn_internationals,2024,mixed,red_cards,primary,0.0242180110697981,1.38894829131566,1.37491911964999,1.36225554525666,1.35068333967967,1.34000566978,1.33007620052707,1.32078299371869,1.31203837872996,1.30377231499882,1.29592789152122,1.28845818543988,1.2813240137771,1.27449228896097,1.26793479275035,1.26162724647498,1.25554859522946,1.24968044924914,1.24400664257272,1.23851288046431,1.23318645487241,1.22801601265532,1.22299136517095,1.21810333061493,1.21334360252266,1.20870463935234,1.20417957118689,1.19976212043942,1.19544653409205,1.19122752549435,1.18710022413302,1.18306013208566,1.17910308610902,1.17522522450074,1.17142295802402,1.16769294430611,1.16403206521909,1.16043740683169,1.1569062415854,1.15343601240254,1.15002431847747,1.14666890253953,1.14336763940649,1.14011852567308,1.13691967040098,1.13376928669428,1.1306656840605,1.12760726146971,1.12459250103605,1.12161996225489,1.11868827673767,1.11579614339301,1.1129423240091,1.11012563919749,1.10734496466302,1.1045992277686,1.10188740436704,1.09920851587517,1.09656162656807,1.09394584107374,1.09136030205037,1.08880418803042,1.08627671141712,1.08377711662054,1.08130467832168,1.07885869985395,1.07643851169265,1.07404347004383,1.07167295552464,1.06932637192819,1.06700314506635,1.06470272168465,1.06242456844396,1.06016817096395,1.05793303292384,1.05571867521649,1.05352463515183,1.05135046570638,1.0491957348155,1.04706002470562,1.04494293126362,1.04284406344098,1.04076304269033,1.03869950243237,1.03665308755111,1.03462345391572,1.03261026792726,1.03061320608875,1.02863195459714,1.02666620895585,1.02471567360666,1.02278006157974,1.02085909416081,1.01895250057435,1.01706001768208,1.01518138969558,1.0133163679026,1.0114647104059,1.00962618187424,1.00780055330469,1.00598760179568,1.00418711033017
autumn_internationals_2024,autumn_internationals,2024,mixed,metres,primary,1.33889952983202,0.822216088917319,0.822726956138195,0.82325928337613,0.823812156001128,0.82438472586485,0.824976205070476,0.825585860471412,0.826213008798426,0.826857012330641,0.827517275038845,0.828193239140367,0.828884382013744,0.829590213428855,0.830310273054481,0.831044128210541,0.831791371836648,0.832551620652472,0.833324513488556,0.83410970976897,0.834906888129569,0.835715745157578,0.836535994239998,0.837367364509809,0.838209599880222,0.839062458158395,0.839925710230967,0.840799139314622,0.841682540265681,0.842575718943304,0.843478491621519,0.84439068444577,0.845312132930128,0.846242681491698,0.847182183019113,0.848130498472308,0.849087496511044,0.850053053149893,0.851027051437629,0.852009381159133,0.85299993855814,0.85399862607926,0.855005352127903,0.856020030846808,0.857042581908034,0.858072930319352,0.859111006244075,0.860156744833447,0.861210086070792,0.862270974626684,0.863339359724482,0.864415195015599,0.865498438463967,0.866589052239171,0.867687002617797,0.868792259892559,0.869904798288825,0.871024595888181,0.872151634558718,0.873285899891743,0.874427381144653,0.87557607118973,0.876731966468645,0.877895066952477,0.879065376107072,0.880242900863595,0.881427651594135,0.882619642092264,0.883818889558427,0.885025414590109,0.886239241176695,0.887460396698984,0.888688911933317,0.889924821060301,0.891168161678132,0.892418974820513,0.893677304979208,0.894943200131256,0.896216711770908,0.897497894946364,0.898786808301373,0.900083514121818,0.901388078387391,0.9027005708285,0.904021064988549,0.905349638291769,0.906686372116793,0.908031351876173,0.909384667102076,0.910746411538421,0.912116683239726,0.913495584676973,0.914883222850826,0.916279709412565,0.917685160793135,0.919099698340731,0.920523448467404,0.921956542805177,0.923399118372253,0.924851317749887,0.926313289270606,0.927785187218471
six_nations_2025,six_nations,2025,north,minutes,primary,11.0115484516947,0.889151696981977,0.889364396751238,0.889606144262951,0.889858130940181,0.890110117617411,0.890374645727194,0.89065347066114,0.89093541282475,0.89122750696228,0.891523989801617,0.891832315449929,0.892167509638125,0.892506177673565,0.892844845709006,0.893183513744446,0.893522181779887,0.89386376782935,0.89420973596114,0.89455684570677,0.894911825843016,0.895279533914293,0.895647241985571,0.896022602272902,0.896410038196342,0.896840871964538,0.897295194602644,0.897770618534091,0.898246042465538,0.898721466396985,0.899196890328432,0.899672314259879,0.900158509472028,0.90065722488099,0.901176117434124,0.901705224676032,0.902238283742133,0.902792689482821,0.903352265961919,0.903911842441017,0.904471418920114,0.905030995399212,0.905590571878309,0.906150148357407,0.906709724836505,0.907269301315603,0.907837526287503,0.908425862949015,0.909026075772577,0.909626498648461,0.910226921524345,0.910827344400229,0.911428007131872,0.912040787819247,0.912662472415208,0.913284616080432,0.913906759745656,0.914528903410879,0.915151047076103,0.915773190741327,0.916395334406551,0.917017478071775,0.917639621736998,0.918261765402222,0.918889749490627,0.919551992584401,0.920216810016842,0.920883347566919,0.921549885116995,0.922235494416353,0.922928595574628,0.923621696732903,0.924314797891179,0.925007899049454,0.92571217228882,0.926419899458538,0.927128150638158,0.927845892290355,0.928563633942553,0.92928137559475,0.929999117246948,0.930719809289279,0.931444698406375,0.932176064036601,0.932944818703201,0.93373116852421,0.934551570024732,0.93537942881735,0.936208866317318,0.937038303817285,0.937867741317253,0.93869717881722,0.939526616317188,0.940356053817155,0.941185491317123,0.94201492881709,0.942844366317058,0.943675729454918,0.944513381400983,0.945366344575706,0.946229702841125,0.947093061106543
six_nations_2025,six_nations,2025,north,tries,primary,0.567777217682809,0.948499506767838,0.947612392239189,0.946790780292664,0.946029879138858,0.945325579736108,0.944674317508397,0.944072969099398,0.943518773797767,0.943009272713651,0.942542260975546,0.94211574964403,0.941727934991132,0.941377173442711,0.941061960931349,0.940780915725082,0.940532764025184,0.94031632779207,0.940130514380615,0.939974307657445,0.939846760341641,0.939746987362853,0.939674160071332,0.939627501165852,0.939606280230246,0.939609809788769,0.939637441806113,0.939688564570372,0.939762599907356,0.939859000682867,0.939977248556286,0.940116851954316,0.940277344238334,0.940458282042581,0.940659243763635,0.940879828184235,0.941119653216827,0.941378354754055,0.941655585615099,0.941951014578098,0.942264325490121,0.942595216447124,0.942943399037271,0.943308597641695,0.943690548787493,0.944089000548276,0.944503711988137,0.944934452645325,0.945381002052285,0.945843149289103,0.946320692567646,0.946813438844013,0.947321203457072,0.947843809791166,0.948381088961152,0.948932879518191,0.949499027174807,0.950079384547885,0.950673810918395,0.951282172006733,0.951904339762681,0.952540192169061,0.953189613058243,0.953852491940755,0.954528723845275,0.955218209169389,0.955920853540513,0.956636567686459,0.957365267315151,0.958106873003054,0.958861310091903,0.959628508593375,0.960408403101363,0.961200932711549,0.962006040948015,0.962823675696626,0.963653789144991,0.964496337728784,0.96535128208427,0.966218587006885,0.96709822141573,0.967990158323891,0.968894374814475,0.969810852022322,0.970739575121312,0.971680533317263,0.972633719846395,0.973599131979362,0.974576771030889,0.975566642375048,0.976568755466236,0.977583123865938,0.978609765275373,0.979648701574147,0.980699958865054,0.981763567525184,0.98283956226354,0.983927982185354,0.98502887086336,0.986142276416275,0.987268251594787,0.988406853875375
six_nations_2025,six_nations,2025,north,try_assists,primary,0.447079053664204,0.964503798083038,0.961916628498968,0.959506015003884,0.957253560830179,0.95514407548888,0.953164813650508,0.951304937417729,0.9495551254488,0.947907281891782,0.946354315118685,0.944889966487023,0.943508675732595,0.942205473692608,0.940975895760837,0.939815911303288,0.938721865524381,0.937690431161767,0.936718568023931,0.935803488847532,0.934942630292874,0.93413362815123,0.933374296030847,0.932662606936173,0.931996677268989,0.931374752869079,0.930795196782095,0.930256478497768,0.929757164445962,0.92929590957372,0.928871449855369,0.928482595611275,0.928128225530117,0.927807281305494,0.927518762810783,0.927261723747199,0.927035267709113,0.926838544618434,0.926670747486331,0.926531109466064,0.926418901165412,0.926333428191113,0.926274028901206,0.926240072344059,0.926230956365413,0.926246105866945,0.926284971201773,0.926347026693928,0.926431769270294,0.92653871719476,0.926667408895392,0.92681740187647,0.926988271707995,0.9271796110861,0.927391028958402,0.927622149708954,0.927872612397963,0.928142070051897,0.92843018900003,0.928736648253834,0.929061138925956,0.929403363685818,0.929763036249132,0.930139880898879,0.93053363203549,0.930944033754186,0.931370839447586,0.931813811431864,0.932272720594877,0.93274734606481,0.933237474897999,0.933742901784722,0.934263428771809,0.934798865001055,0.935349026462452,0.935913735761373,0.936492821898899,0.937086120064507,0.937693471440455,0.938314723017206,0.93894972741929,0.939598342741075,0.940260432391916,0.940935864950233,0.941624514026068,0.942326258131728,0.943040980560152,0.94376856927064,0.944508916781653,0.945261920070375,0.946027480478793,0.946805503626022,0.947595899326694,0.948398581515163,0.949213468175382,0.950040481276262,0.950879546712377,0.951730594249878,0.952593557477505,0.953468373762594,0.954354984211998,0.955253333637845
six_nations_2025,six_nations,2025,north,conversion_goals,primary,0.358778793642255,0.436332826454031,0.436114791392857,0.435948401541202,0.435831398355166,0.435761722590381,0.435737468569211,0.435756867810059,0.435818274899506,0.43592015523819,0.436061074361343,0.436239688590049,0.436454736812975,0.436705033233245,0.436989460943135,0.437306966212001,0.437656553391256,0.438037280355345,0.43844825441005,0.438888628609751,0.439357598433765,0.439854398779011,0.440378301232214,0.440928611589854,0.441504667598335,0.442105836890423,0.442731515097064,0.443381124116316,0.444054110523361,0.444749944107498,0.445468116523676,0.446208140047556,0.446969546424362,0.447751885802846,0.448554725746643,0.44937765031613,0.450220259214626,0.451082166993398,0.451963002310523,0.452862407239129,0.453780036620999,0.454715557461895,0.455668648365315,0.45663899900171,0.457626309610446,0.458630290532062,0.459650661768574,0.460687152569806,0.461739501043858,0.46280745379003,0.463890765552638,0.464989198894284,0.466102523887286,0.467230517822043,0.46837296493125,0.469529656128928,0.470700388763325,0.471884966382843,0.473083198514163,0.474294900451844,0.475519893058705,0.47675800257636,0.478009060445307,0.479272903134039,0.480549371976658,0.481838313018531,0.483139576869544,0.48445301856455,0.485778497430633,0.487115876960828,0.488465024693984,0.489825812100449,0.491198114473294,0.492581810824818,0.493976783788075,0.495382919523205,0.496800107628336,0.498228241054869,0.499667216026951,0.501116931964966,0.502577291412877,0.504048199969266,0.505529566221933,0.507021301685926,0.508523320744868,0.510035540595483,0.511557881195205,0.513090265212775,0.514632617981747,0.516184867456802,0.517746944172815,0.519318781206594,0.520900314141236,0.522491481033041,0.524092222380938,0.525702481098378,0.527322202487656,0.528951334216633,0.530589826297832,0.532237631069882,0.533894703181302,0.535560999576619
six_nations_2025,six_nations,2025,north,missed_conversion_goals,primary,0.142759171948134,0.655864367677679,0.656256074366903,0.656668231755919,0.65710020691807,0.657551480626371,0.658021565527187,0.658510003760047,0.659016364808339,0.659540243554473,0.660081258516631,0.660639050247167,0.661213279875274,0.661803627778708,0.662409792371234,0.663031488994064,0.663668448900932,0.664320418327706,0.664987157638417,0.665668440540552,0.666364053363236,0.667073794392618,0.66779747325939,0.668534910373928,0.669285936404987,0.670050391798325,0.670828126331988,0.671618998705326,0.672422876159107,0.673239634124334,0.674069155897633,0.674911332341279,0.675766061606086,0.676633248875614,0.677512806130235,0.678404651929771,0.679308711213548,0.680224915116791,0.681153200802411,0.682093511307323,0.683045795402523,0.684010007466202,0.684986107369303,0.68597406037293,0.686973837037122,0.687985413140555,0.689008769610763,0.690043892464562,0.69109077275837,0.692149406548178,0.693219794858969,0.694301943663429,0.695395863869814,0.696501571318898,0.697619086789955,0.698748436015756,0.69988964970663,0.701042763583626,0.702207818420911,0.703384860097517,0.704573939658635,0.705775113386676,0.706988442882349,0.708213995156079,0.709451842730101,0.710702063751646,0.711964742117656,0.713239967611535,0.714527836052513,0.71582844945823,0.717141916221241,0.718468351300206,0.71980787642661,0.721160620327937,0.722526718968318,0.723906315807781,0.725299562081331,0.726706617099215,0.728127648569871,0.729562832947173,0.731012355803797,0.732476412232678,0.733955207278722,0.735448956403199,0.736957885983434,0.738482233850739,0.7400222498698,0.741578196563083,0.743150349784223,0.744738999444756,0.74634445029908,0.747967022793032,0.749607053982104,0.751264898526029,0.752940929767209,0.754635540901404,0.756349146250059,0.758082182644866,0.759835110936409,0.761608417640318,0.763402616736053,0.765218251635459
six_nations_2025,six_nations,2025,north,penalty_goals,primary,0.282738261494091,0.539076704174168,0.537736341446026,0.536402715610235,0.535075772171694,0.533755497847496,0.532441880582226,0.531134909545871,0.52983457513265,0.528540868960789,0.52725378387322,0.52597331393922,0.524699454457,0.523432201957235,0.522171554207565,0.520917510218054,0.519670070247648,0.518429235811616,0.517195009690015,0.515967395937184,0.514746399892288,0.513532028190943,0.512324288777936,0.511123190921074,0.509928745226182,0.508740963653296,0.507559859534072,0.506385447590451,0.50521774395462,0.504056766190319,0.50290253331552,0.501755065826547,0.50061438572368,0.499480516538293,0.498353483361597,0.497233312875045,0.496120033382463,0.495013674843987,0.493914268911881,0.492821848968312,0.491736450165176,0.490658109466072,0.489586865690508,0.488522759560462,0.487465833749408,0.486416132933918,0.485373703847981,0.48433859534017,0.483310858433807,0.482290546390285,0.481277714775707,0.480272421531034,0.479274727045923,0.47828469423647,0.477302388627066,0.47632787843662,0.475361234669383,0.474402531210656,0.473451844927667,0.472509255775936,0.471574846911457,0.470648704809054,0.469730919387321,0.468821584140527,0.467920796277976,0.467028656871276,0.466145271010058,0.465270747966708,0.464405201370714,0.463548749393301,0.462701514943066,0.461863625873382,0.461035215202419,0.460216421346701,0.459407388369171,0.458608266242864,0.457819211131357,0.457040385687274,0.456271959370238,0.455514108785817,0.454767018047112,0.454030879160824,0.453305892439814,0.452592266944333,0.451890220954361,0.451199982475706,0.450521789782789,0.44985589200136,0.449202549734706,0.448562035737315,0.447934635640373,0.447320648733959,0.446720388811339,0.44613418508139,0.445562383155868,0.445005346119013,0.444463455687909,0.443937113473015,0.443426742349448,0.442932787950962,0.442455720300049,0.441996035589408
six_nations_2025,six_nations,2025,north,missed_penalty_goals,primary,0.0940379358929573,0.723041591410844,0.722663615330176,0.722292323764051,0.721927558974665,0.721569285690185,0.721217470833986,0.720872083468014,0.720533094739603,0.720200477831557,0.719874207915373,0.719554262107438,0.719240619428075,0.718933260763321,0.718632168829316,0.7183373281392,0.718048724972425,0.717766347346388,0.717490184990301,0.717220229321236,0.716956473422256,0.716698912022585,0.716447541479756,0.716202359763678,0.715963366442587,0.715730562670834,0.715503951178469,0.715283536262603,0.715069323780501,0.714861321144408,0.714659537318064,0.714463982814912,0.714274669697987,0.714091611581466,0.713914823633899,0.713744322583105,0.71358012672275,0.713422255920611,0.713270731628552,0.713125576894214,0.712986816374454,0.712854476350566,0.712728584745298,0.712609171141716,0.71249626680396,0.712389904699919,0.712290119525899,0.712196947733332,0.71211042755758,0.712030599048925,0.711957504105794,0.711891186510324,0.711831691966334,0.711779068139827,0.711733364702095,0.711694633375564,0.71166292798249,0.711638304496638,0.711620821098082,0.711610538231286,0.711607518666623,0.71161182756551,0.711623532549349,0.71164270377248,0.711669413999361,0.711703738686223,0.711745756067439,0.711795547246899,0.711853196294675,0.711918790349307,0.711992419726047,0.712074178031437,0.712164162284624,0.712262473045852,0.712369214552598,0.712484494863854,0.712608426013134,0.712741124170776,0.712882709816203,0.713033307920859,0.713193048142566,0.713362065032159,0.713540498253298,0.71372849281645,0.713926199328127,0.714133774256565,0.714351380215129,0.714579186264875,0.714817368237805,0.715066109082532,0.715325599234227,0.715596037010899,0.715877629038287,0.716170590705866,0.716475146656733,0.716791531314429,0.717119989450092,0.717460776793711,0.717814160693636,0.718180420829034,0.718559849980451,0.718952754864287
six_nations_2025,six_nations,2025,north,drop_goals_converted,primary,0.0030891189081849,0.964837295300433,0.957713345883766,0.950594172464277,0.943474999044789,0.9363558256253,0.929236652205812,0.922117478786323,0.914998305366834,0.907879131947346,0.900759958527857,0.893640785108368,0.88652161168888,0.879402438269391,0.872283264849902,0.865164091430414,0.858044918010925,0.850925744591437,0.843806571171948,0.836687397752459,0.829568224332971,0.822449050913482,0.815329877493994,0.808210704074505,0.801091530655016,0.793972357235528,0.786853183816039,0.779734010396551,0.772614836977062,0.765495663557573,0.758376490138084,0.751257316718596,0.744138143299107,0.737018969879618,0.72989979646013,0.722780623040641,0.715661449621153,0.708542276201664,0.701423102782175,0.694303929362687,0.687184755943198,0.680065582523709,0.672946409104221,0.665827235684732,0.658708062265244,0.651588888845755,0.644469715426266,0.637350542006778,0.630231368587289,0.6231121951678,0.615993021748312,0.608873848328823,0.601754674909335,0.594635501489846,0.587516328070357,0.580397154650869,0.57327798123138,0.566158807811891,0.559039634392403,0.551920460972914,0.544801287553425,0.537682114133937,0.530562940714448,0.52344376729496,0.516324593875471,0.509205420455982,0.502086247036494,0.494967073617005,0.487847900197516,0.480728726778028,0.473609553358539,0.46649037993905,0.459371206519562,0.452252033100073,0.445132859680585,0.438013686261096,0.430894512841607,0.423775339422119,0.41665616600263,0.409536992583141,0.402417819163653,0.395298645744164,0.388179472324675,0.381060298905187,0.373941125485698,0.36682195206621,0.359702778646721,0.352583605227232,0.345464431807744,0.338345258388255,0.331226084968766,0.324106911549278,0.316987738129789,0.309868564710301,0.302749391290812,0.295630217871323,0.288511044451835,0.281391871032346,0.274272697612857,0.267153524193369,0.26003435077388,0.252915177354392
six_nations_2025,six_nations,2025,north,drop_goal_missed,primary,0.013699315839678,1.1738083243754,1.17255301046149,1.17131304748048,1.17008785399733,1.16887767993993,1.16768278163424,1.16650342202452,1.1653398709032,1.1641924051507,1.163061308986,1.16194687422822,1.16084940057007,1.15976919586368,1.15870657641946,1.15766186731889,1.1566354027418,1.1556275263091,1.15463859144178,1.1536689617372,1.15271901136351,1.15178912547347,1.15087970063868,1.14999114530542,1.1491238802736,1.14827833919996,1.14745496912727,1.14665423104097,1.14587660045506,1.14512256802914,1.14439264021848,1.14368733995941,1.14300720739229,1.14235280062448,1.14172469653624,1.14112349163213,1.14054980294143,1.14000426897061,1.13948755071187,1.13900033271149,1.13854332420239,1.13811726030561,1.13772290330582,1.13736104400633,1.13703250316961,1.13673813305005,1.13647881902591,1.1362554813384,1.13606907694643,1.13592060150635,1.13581109148697,1.13574162643103,1.13571333137556,1.13572737944465,1.13578499462959,1.13588745477291,1.13603609477443,1.13623231003959,1.13647756019225,1.13677337307671,1.13712134907641,1.13752316577995,1.13798058302833,1.13849544838156,1.13906970304708,1.13970538831765,1.14040465257215,1.14116975889938,1.14200309341268,1.14290717433174,1.14388466191835,1.14493836936403,1.14607127474138,1.14728653414609,1.14858749617512,1.14997771790722,1.15146098257704,1.15304131916264,1.15472302414079,1.15651068570421,1.15840921078295,1.16042385526888,1.16256025790982,1.1648244784215,1.16722304046312,1.16976298024103,1.17245190164865,1.17529803902695,1.1783103288449,1.18149849186628,1.18487312769912,1.18844582403684,1.1922292834188,1.19623747099378,1.20048578760595,1.20499127359612,1.20977285010061,1.214851606444,1.22025114461305,1.22599799498136,1.23212212173565,1.23865754228142
six_nations_2025,six_nations,2025,north,defenders_beaten,primary,1.50798328872268,0.96198945044819,0.960595408522706,0.959233833952028,0.957904081547395,0.956605532385284,0.955337592236644,0.954099690123805,0.952891276992029,0.95171182448429,0.950560823809195,0.949437784693188,0.948342234409161,0.947273716874492,0.946231791812297,0.945216033970348,0.944226032392707,0.94326138973961,0.942321721651628,0.941406656154492,0.940515833101342,0.939648903649474,0.938805529768913,0.937985383780419,0.937188147920728,0.936413513933029,0.935661182680877,0.934930863783866,0.934222275273548,0.933535143268222,0.932869201665297,0.932224191850078,0.931599862419887,0.930995968922538,0.930412273608248,0.929848545194135,0.929304558640547,0.928780094938475,0.928274940907408,0.927788889002994,0.927321737133948,0.926873288487672,0.926443351364086,0.926031739017222,0.925638269504147,0.925262765540814,0.924905054364475,0.924564967602315,0.924242341145959,0.923937015031588,0.923648833325342,0.923377644013775,0.923123298899099,0.922885653498986,0.922664566950725,0.922459901919503,0.922271524510652,0.922099304185653,0.92194311368175,0.921802828935002,0.921678329006634,0.921569496012544,0.921476215055831,0.921398374162227,0.921335864218319,0.921288578912443,0.921256414678153,0.921239270640177,0.921237048562755,0.921249652800284,0.921276990250194,0.921318970307966,0.921375504824243,0.921446508063949,0.921531896667371,0.921631589613137,0.921745508183042,0.921873575928673,0.922015718639781,0.922171864314376,0.922341943130479,0.922525887419521,0.922723631641343,0.922935112360769,0.923160268225735,0.923399039946938,0.92365137027899,0.923917204003064,0.924196487911015,0.924489170790955,0.924795203414291,0.925114538524199,0.92544713082555,0.92579293697627,0.926151915580156,0.926524027181128,0.926909234258952,0.927307501226423,0.927718794428037,0.928143082140166,0.928580334572749,0.929030523872538
six_nations_2025,six_nations,2025,north,clean_breaks,primary,0.609033722630469,1.00239768717829,1.00101601830565,0.999676456849204,0.998377757908234,0.997118744286385,0.995898301236901,0.994715371746208,0.993568952287553,0.992458088986768,0.991381874150647,0.990339443115525,0.989329971379513,0.988352671986807,0.987406793136683,0.986491615993294,0.985606452675445,0.984750644408057,0.983923559819264,0.983124593368977,0.982353163896376,0.981608713275252,0.980890705167303,0.980198623864598,0.979531973213366,0.978890275612062,0.978273071077418,0.977679916372803,0.977110384193793,0.976564062406338,0.976040553333371,0.975539473086079,0.975060450936418,0.97460312872777,0.974167160320903,0.973752211072663,0.973357957345046,0.972984086042487,0.972630294175414,0.972296288448253,0.971981784870219,0.971686508387394,0.97141019253467,0.971152579106277,0.97091341784371,0.970692466139949,0.970489488758959,0.97030425756955,0.970136551292693,0.969986155261525,0.969852861193266,0.969736466972378,0.969636776444303,0.969553599219193,0.969486750485074,0.969436050829916,0.969401326072129,0.969382407099045,0.969379129712943,0.969391334484242,0.969418866611483,0.969461575787761,0.969519316073289,0.969591945773779,0.969679327324377,0.969781327178867,0.969897815703919,0.970028667078127,0.970173759195636,0.970332973574141,0.970506195267077,0.970693312779814,0.970894217989691,0.971108806069724,0.971336975415852,0.971578627577574,0.971833667191835,0.972102001920068,0.972383542388246,0.972678202129853,0.972985897531672,0.97330654778229,0.973640074823239,0.973986403302684,0.97434546053159,0.974717176442284,0.975101483549361,0.975498316912864,0.975907614103682,0.976329315171116,0.976763362612569,0.977209701345309,0.977668278680271,0.97813904429787,0.978621950225774,0.979116950818637,0.979624002739741,0.980143064944555,0.980674098666165,0.981217067402595,0.981771936905982,0.982338675173623
six_nations_2025,six_nations,2025,north,offload,primary,0.920116086078396,0.936776793132479,0.936863277615203,0.936965959675767,0.937084484984792,0.937218515500266,0.937367728370717,0.937531814938761,0.937710479833493,0.937903440141763,0.93811042464973,0.938331173147216,0.938565435788311,0.938812972502538,0.93907355245155,0.93934695352695,0.939632961885323,0.939931371517038,0.940241983845737,0.94056460735579,0.94089905724527,0.941245155102271,0.9416027286026,0.941971611227097,0.942351641996999,0.942742665225897,0.943144530287028,0.943557091394689,0.943980207398755,0.944413741591295,0.944857561524429,0.94531153883862,0.945775549100665,0.946249471650709,0.946733189457683,0.94722658898259,0.947729560049124,0.948241995721151,0.948763792186603,0.949294848647401,0.949835067215008,0.950384352811289,0.950942613074352,0.951509758269069,0.952085701202012,0.952670357140554,0.953263643735882,0.953865480949724,0.954475790984574,0.955094498217231,0.955721529135471,0.956356812277697,0.957000278175401,0.957651859298309,0.958311490002064,0.958979106478334,0.959654646707212,0.960338050411823,0.961029259015011,0.961728215598033,0.962434864861155,0.963149153086078,0.963871028100109,0.964600439242009,0.965337337329447,0.966081674628001,0.966833404821643,0.967592482984652,0.968358865554905,0.969132510308504,0.969913376335682,0.97070142401796,0.971496615006502,0.972298912201651,0.973108279733592,0.973924682944137,0.974748088369574,0.975578463724588,0.976415777887206,0.977260000884758,0.978111103880836,0.97896905916323,0.979833840132833,0.980705421293504,0.981583778242871,0.982468887664085,0.983360727318501,0.984259276039298,0.985164513726032,0.986076421340125,0.986994980901291,0.987920175484922,0.988851989220412,0.989790407290471,0.990735415931408,0.991687002434426,0.992645155147929,0.993609863480887,0.994581117907263,0.995558909971546,0.996543232295425,0.997534078585629
six_nations_2025,six_nations,2025,north,runs,primary,2.23801956883553,0.962038728149061,0.958212324944123,0.954466763295627,0.950800543290313,0.947212231060084,0.943700454358851,0.940263898544655,0.93690130292089,0.933611457396704,0.930393199431868,0.927245411235895,0.924167017194996,0.921156981503701,0.918214305980794,0.9153380280516,0.912527218880765,0.90978098164144,0.9070984499084,0.904478786163937,0.901921180406622,0.899424848854013,0.896989032731376,0.894612997139224,0.892296029993268,0.890037441030927,0.887836560879185,0.885692740179015,0.883605348762071,0.881573774875738,0.879597424452969,0.877675720423675,0.875808102064705,0.873994024385704,0.872232957548389,0.870524386316955,0.868867809537549,0.867262739644887,0.865708702194253,0.864205235417274,0.862751889799957,0.861348227681626,0.859993822873466,0.858688260295516,0.857431135630996,0.856222054996966,0.855060634630377,0.853946500588635,0.852879288463876,0.851858643110172,0.850884218383,0.849955676890283,0.849072689754407,0.848234936384643,0.847442104259435,0.846693888718047,0.845989992761121,0.845330126859681,0.844714008772198,0.844141363369313,0.843611922465861,0.843125424659865,0.842681615178167,0.842280245728408,0.841921074357071,0.84160386531332,0.841328388918391,0.841094421440291,0.840901744973596,0.84075014732413,0.840639421898327,0.840569367597107,0.840539788714067,0.840550494837841,0.840601300758471,0.84069202637763,0.840822496622577,0.840992541363698,0.841201995335523,0.841450698061085,0.841738493779541,0.842065231376916,0.842430764319904,0.842834950592618,0.843277652636206,0.843758737291253,0.8442780757429,0.844835543468591,0.845431020188408,0.846064389817904,0.846735540423394,0.847444364179648,0.848190757329927,0.848974620148326,0.849795856904373,0.850654375829851,0.851550089087804,0.852482912743693,0.853452766738678,0.854459574864993,0.855503264743401,0.856583767802694
six_nations_2025,six_nations,2025,north,tackles,primary,2.31350693940476,0.914744266988318,0.912939267701124,0.911173160948549,0.909445521229753,0.907755952054857,0.906104082226889,0.904489562784376,0.902912064465698,0.901371275589407,0.899866900269091,0.898398656899531,0.896966276864535,0.895569503427229,0.894208090771537,0.892881803169775,0.891590414256038,0.890333706388896,0.889111470089868,0.887923503546544,0.886769612171125,0.88564960820673,0.884563310375011,0.883510543559722,0.882491138521639,0.881504931641001,0.880551764684163,0.879631484591649,0.878743943285196,0.877888997491706,0.877066508582317,0.876276342425023,0.875518369249512,0.874792463523021,0.874098503836195,0.873436372798031,0.872805956939132,0.872207146622552,0.87163983596164,0.87110392274431,0.870599308363291,0.870125897751896,0.869683599324954,0.86927232492456,0.868891989770352,0.868542512414044,0.868223814697975,0.867935821717485,0.867678461786909,0.867451666409048,0.867255370247961,0.867089511104949,0.866954029897639,0.866848870642051,0.866773980437591,0.866729309454873,0.866714810926346,0.866730441139651,0.8667761594337,0.866851928197425,0.86695771287121,0.867093481950979,0.867259206994956,0.867454862633099,0.867680426579243,0.867935879645969,0.868221205762244,0.868536391993879,0.868881428566861,0.869256308893626,0.869661029602342,0.870095590569301,0.8705599949545,0.871054249240522,0.871578363274844,0.872132350315684,0.872716227081539,0.873330013804573,0.873973734288003,0.8746474159677,0.87535108997817,0.876084791223157,0.876848558451093,0.877642434335659,0.878466465561722,0.879320702916965,0.880205201389527,0.881120020272015,0.882065223272264,0.883040878631278,0.884047059248796,0.885083842816975,0.886151311962741,0.887249554399384,0.88837866308803,0.889538736409702,0.890729878348704,0.891952198688184,0.89320581321876,0.894490843961207,0.895807419404299,0.897155674758987
six_nations_2025,six_nations,2025,north,missed_tackles,primary,1.25584193130426,0.9470350100173,0.946106691490015,0.945198105883503,0.944308408825557,0.94343685166883,0.942582766833751,0.941745555882117,0.940924679732003,0.94011965056793,0.939330025105051,0.938555398943677,0.93779540180852,0.937049693510936,0.93631796050591,0.935599912941373,0.934895282117403,0.934203818288617,0.933525288755329,0.93285947619894,0.9322061772248,0.931565201082125,0.930936368535614,0.930319510867574,0.929714468992751,0.929121092670813,0.92853923980377,0.927968775807494,0.927409573048076,0.926861510335126,0.926324472465173,0.925798349809321,0.925283037940059,0.924778437292831,0.924284452858524,0.923800993903523,0.923327973714423,0.922865309364805,0.922412921501848,0.921970734150763,0.921538674535308,0.921116672912828,0.920704662422428,0.920302578945075,0.919910360974523,0.919527949498085,0.919155287886402,0.918792321791397,0.918438999051759,0.918095269605281,0.917761085407534,0.917436400356328,0.917121170221536,0.916815352579841,0.916518906754042,0.916231793756584,0.915953976236991,0.915685418432933,0.915426086124675,0.915175946592667,0.914934968578069,0.914703122246029,0.914480379151521,0.914266712207608,0.914062095655953,0.913866505039488,0.913679917177071,0.913502310140065,0.913333663230711,0.913173956962212,0.913023173040444,0.912881294347221,0.912748304925034,0.912624189963213,0.912508935785451,0.912402529838637,0.912304960682945,0.912216217983152,0.912136292501137,0.912065176089532,0.912002861686489,0.911949343311551,0.911904616062587,0.911868676113793,0.911841520714725,0.911823148190368,0.911813557942213,0.91181275045036,0.91182072727662,0.911837491068635,0.911863045565,0.911897395601416,0.911940547117854,0.911992507166761,0.912053283922321,0.91212288669077,0.912201325921808,0.912288613221108,0.912384761363971,0.912489784310128,0.912603697219746,0.912726516470662
six_nations_2025,six_nations,2025,north,rucks_won,primary,2.28153309545268,0.80106153947347,0.799766681834494,0.798498492058287,0.797256578751262,0.796040575668287,0.794850139038277,0.793684945276995,0.792544689019816,0.791429081420612,0.79033784867325,0.789270730720448,0.788227480121077,0.787207861052216,0.786211648426318,0.78523862710719,0.784288591211147,0.783361343481914,0.782456694729621,0.781574463325723,0.78071447474689,0.779876561161944,0.77906056105674,0.778266318892623,0.77749368479468,0.776742514266513,0.776012667928689,0.775304011278375,0.774616414468013,0.773949752101097,0.77330390304342,0.772678750248277,0.772074180594347,0.771490084735084,0.770926356958596,0.77038289505709,0.769859600205082,0.769356376845619,0.768873132583881,0.768409778087565,0.767966226993516,0.76754239582014,0.767138203885166,0.766753573228358,0.766388428538833,0.766042697086669,0.765716308658487,0.765409195496782,0.765121292242719,0.764852535882202,0.764602865695003,0.764372223206762,0.764160552143705,0.763967798389901,0.763793909946938,0.763638836895869,0.76350253136132,0.763384947477641,0.763286041357002,0.763205771059336,0.763144096564046,0.763100979743394,0.763076384337491,0.763070275930835,0.76308262193032,0.763113391544657,0.763162555765169,0.763230087347893,0.763315960796947,0.76342015234913,0.763542639959704,0.763683403289324,0.763842423692094,0.764019684204701,0.764215169536621,0.764428866061353,0.764660761808662,0.764910846457828,0.765179111331862,0.765465549392673,0.765770155237192,0.766092925094421,0.766433856823398,0.766792949912084,0.767170205477145,0.767565626264634,0.767979216651573,0.768410982648416,0.768860931902416,0.769329073701865,0.769815418981245,0.770319980327262,0.770842771985783,0.771383809869682,0.771943111567602,0.772520696353633,0.773116585197928,0.77373080077827,0.77436336749259,0.775014311472465,0.775683660597608,0.776371444511365
six_nations_2025,six_nations,2025,north,rucks_lost,primary,0.583202611641828,0.995889136508867,0.995213225875227,0.994552195847438,0.993905689480652,0.993273370661117,0.992654922347977,0.992050045013486,0.991458455254439,0.990879884551974,0.990314078160427,0.989760794108862,0.989219802301332,0.988690883703925,0.988173829608374,0.987668440963379,0.987174527766048,0.986691908506795,0.986220409661982,0.985759865229242,0.985310116301102,0.984871010673044,0.984442402482588,0.984024151876417,0.983616124702869,0.983218192227457,0.982830230869315,0.982452121956704,0.982083751499921,0.981725009980112,0.981375792152659,0.981035996863942,0.980705526880392,0.980384288728865,0.98007219254746,0.979769151945988,0.979475083875359,0.97918990850526,0.978913549109504,0.978645931958528,0.978386986218544,0.978136643856894,0.977894839553199,0.977661510615938,0.9774365969041,0.97722004075361,0.977011786908237,0.976811782454717,0.976619976761863,0.976436321423424,0.976260770204511,0.976093278991378,0.975933805744411,0.97578231045416,0.975638755100257,0.975503103613114,0.975375321838254,0.975255377503185,0.975143240186701,0.975038881290526,0.974942274013216,0.974853393326243,0.974772215952188,0.974698720344991,0.974632886672191,0.974574696799116,0.974524134274982,0.974481184320849,0.974445833819426,0.974418071306673,0.974397886965205,0.974385272619459,0.974380221732631,0.974382729405363,0.974392792376192,0.974410409023756,0.974435579370769,0.974468305089778,0.974508589510724,0.974556437630331,0.974611856123337,0.974674853355633,0.974745439399324,0.97482362604976,0.974909426844609,0.975002857085008,0.975103933858872,0.975212676066424,0.975329104448037,0.975453241614465,0.975585112079563,0.975724742295607,0.975872160691325,0.976027397712754,0.976190485867088,0.976361459769632,0.976540356194049,0.976727214126066,0.976922074820832,0.977124981864132,0.977335981237695,0.97755512138883
six_nations_2025,six_nations,2025,north,passes,primary,4.40736278626926,0.79892778200208,0.79539338053602,0.791915094565225,0.788492157554981,0.7851238264802,0.781809380808331,0.778548121543724,0.775339370328799,0.772182468597789,0.769076776779216,0.766021673543579,0.763016555093079,0.760060834490419,0.75715394102402,0.754295319607197,0.751484430209013,0.748720747314768,0.746003759414185,0.743332968515547,0.740707889684159,0.738128050603625,0.735592991158561,0.733102263037461,0.730655429354508,0.728252064289245,0.725891752743075,0.723574090011618,0.721298681472071,0.719065142284715,0.716873097107814,0.714722179825184,0.712612033285766,0.71054230905457,0.708512667174407,0.706522775937869,0.70457231166903,0.702660958514402,0.700788408242689,0.69895436005291,0.697158520390514,0.695400602771093,0.693680327611363,0.69199742206706,0.690351619877478,0.688742661216314,0.687170292548588,0.685634266493353,0.68413434169196,0.682670282681652,0.681241859774274,0.679848848939884,0.678491031695086,0.677168194995897,0.675880131134983,0.674626637643098,0.673407517194577,0.67222257751674,0.671071631303078,0.66995449613008,0.668870994377601,0.667820953152637,0.666804204216422,0.665820583914728,0.664869933111299,0.663952097124298,0.663066925665718,0.662214272783659,0.661393996807406,0.660605960295242,0.659850029984928,0.659126076746806,0.658433975539449,0.65777360536783,0.657144849243959,0.656547594149934,0.65598173100339,0.655447154625299,0.654943763710093,0.654471460798087,0.654030152250181,0.65361974822482,0.653240162657201,0.652891313240702,0.652573121410557,0.652285512329734,0.652028414877043,0.651801761637475,0.651605488894769,0.651439536626223,0.65130384849977,0.651198371873335,0.651123057796493,0.651077861014463,0.651062739974463,0.651077656834477,0.651122577474456,0.651197471510023,0.651302312308715,0.651437077008836,0.651601746540977,0.651796305652276
six_nations_2025,six_nations,2025,north,bad_passes,primary,0.860478940191285,0.921083906533375,0.920187056760185,0.919316001416036,0.918470211337324,0.917649181957005,0.916852431632447,0.916079500128701,0.915329947239225,0.914603351528581,0.913899309183672,0.913217432961852,0.912557351225736,0.911918707055804,0.911301157432994,0.910704372484386,0.910128034785947,0.909571838716916,0.909035489861115,0.908518704450906,0.908021208850043,0.907542739072026,0.907083040330951,0.906641866622118,0.906218980329983,0.905814151861233,0.90542715930102,0.905057788090538,0.904705830724336,0.904371086465878,0.904053361080017,0.903752466581156,0.903468220995987,0.903200448139793,0.902948977405375,0.902713643563765,0.902494286575933,0.902290751414785,0.90210288789678,0.901930550522575,0.901773598326126,0.901631894731746,0.901505307418631,0.901393708192427,0.901296972863432,0.901214981131044,0.901147616474134,0.901094766046995,0.90105632058059,0.901032174288806,0.901022224779471,0.901026372969886,0.901044523006656,0.901076582189609,0.901122460899613,0.901182072530124,0.901255333422277,0.901342162803387,0.901442482728709,0.901556218026323,0.901683296245024,0.9018236476051,0.901977204951899,0.902143903712071,0.902323681852419,0.902516479841252,0.902722240612178,0.902940909530262,0.903172434360483,0.903416765238437,0.903673854643224,0.903943657372486,0.904226130519534,0.904521233452547,0.904828927795796,0.905149177412875,0.905481948391902,0.905827209032695,0.906184929835883,0.906555083493964,0.906937644884287,0.90733259106398,0.907739901266801,0.908159556901945,0.908591541554808,0.909035840989729,0.909492443154735,0.909961338188315,0.910442518428256,0.910935978422586,0.911441714942663,0.911959726998458,0.912490015856097,0.913032585057726,0.913587440443749,0.914154590177552,0.914734044772763,0.915325817123161,0.91592992253534,0.916546378764218,0.917175206051537,0.917816427167477
six_nations_2025,six_nations,2025,north,turnovers_conceded,primary,0.934477587737904,1.02434825293932,1.02421919662576,1.0240946747851,1.02397461761476,1.02385895794147,1.02374763107888,1.02364057469537,1.02353772869118,1.02343903508411,1.02334443790303,1.02325388308845,1.02316731839979,1.02308469332856,1.02300595901713,1.02293106818264,1.02285997504559,1.02279263526275,1.02272900586423,1.02266904519408,1.02261271285457,1.02255996965348,1.02251077755451,1.02246509963043,1.02242290001875,1.02238414387986,1.02234879735743,1.02231682754085,1.02228820242967,1.02226289089985,1.02224086267176,1.02222208827976,1.02220653904328,1.02219418703937,1.02218500507652,1.02217896666978,1.02217604601704,1.02217621797639,1.02217945804459,1.02218574233647,1.0221950475653,1.022207351024,1.02222263056722,1.02224086459418,1.02226203203226,1.02228611232131,1.02231308539861,1.02234293168444,1.02237563206834,1.02241116789581,1.02244952095565,1.02249067346779,1.02253460807159,1.02258130781462,1.0226307561419,1.02268293688549,1.0227378342546,1.02279543282599,1.02285571753476,1.02291867366549,1.02298428684373,1.02305254302782,1.02312342850092,1.02319692986348,1.02327303402585,1.02335172820127,1.02343299989901,1.02351683691786,1.02360322733974,1.02369215952366,1.0237836220998,1.02387760396381,1.02397409427139,1.02407308243294,1.02417455810847,1.0242785112027,1.02438493186025,1.0244938104611,1.0246051376161,1.0247189041627,1.02483510116084,1.02495371988888,1.02507475183983,1.02519818871751,1.02532402243304,1.02545224510128,1.02558284903753,1.02571582675421,1.02585117095777,1.02598887454563,1.02612893060324,1.02627133240128,1.02641607339288,1.02656314721103,1.02671254766598,1.02686426874281,1.02701830459903,1.0271746495623,1.02733329812824,1.02749424495823,1.02765748487742,1.02782301287272
six_nations_2025,six_nations,2025,north,penalties_conceded,primary,0.899314945358023,0.989640169270117,0.989671693893842,0.989705276790381,0.989740910673415,0.989778588380076,0.989818302869325,0.98986004722036,0.989903814631078,0.989949598416577,0.989997392007694,0.990047188949589,0.990098982900366,0.990152767629734,0.990208537017703,0.990266285053317,0.990326005833426,0.99038769356149,0.99045134254642,0.990516947201448,0.990584502043037,0.990654001689817,0.990725440861555,0.99079881437816,0.990874117158711,0.990951344220524,0.991030490678239,0.991111551742942,0.991194522721317,0.991279399014821,0.99136617611889,0.991454849622171,0.991545415205782,0.991637868642597,0.991732205796559,0.991828422622017,0.99192651516309,0.992026479553056,0.992128312013763,0.992232008855072,0.992337566474316,0.992444981355789,0.992554250070257,0.99266536927449,0.992778335710829,0.992893146206757,0.993009797674518,0.993128287110734,0.993248611596067,0.993370768294888,0.993494754454983,0.993620567407266,0.993748204565534,0.993877663426231,0.994008941568234,0.994142036652679,0.99427694642279,0.994413668703743,0.994552201402548,0.994692542507964,0.994834690090421,0.994978642301982,0.995124397376321,0.995271953628722,0.995421309456115,0.995572463337117,0.995725413832122,0.99588015958339,0.996036699315186,0.996195031833923,0.99635515602835,0.996517070869751,0.996680775412183,0.99684626879273,0.997013550231796,0.997182619033415,0.997353474585601,0.997526116360718,0.997700543915884,0.997876756893406,0.998054755021244,0.998234538113508,0.998416106070986,0.998599458881708,0.998784596621543,0.998971519454828,0.999160227635037,0.999350721505483,0.999543001500063,0.999737068144033,0.999932922054831,1.00013056394294,1.00032999461278,1.00053121496368,1.00073422599082,1.00093902878634,1.00114562454036,1.00135401454213,1.00156420018124,1.00177618294883,1.00198996443889,1.00220554634961
six_nations_2025,six_nations,2025,north,yellow_cards,primary,0.109034926809445,1.10682406916771,1.10016262977857,1.09447073211188,1.08948872309545,1.08505300788224,1.08105309082177,1.07741044419923,1.07406704194833,1.07097866418083,1.06811075765012,1.06543575633915,1.06293128054517,1.06057888763186,1.05836318190318,1.05627116554482,1.05429175573629,1.05241541898911,1.05063388988655,1.04893995170231,1.04732726312598,1.04579021984731,1.04432384284501,1.04292368737974,1.04158576821572,1.0403064976914,1.03908263405747,1.03791123808977,1.03678963642421,1.03571539039243,1.0346862693898,1.0337002280019,1.03275538626636,1.03185001256521,1.0309825087357,1.03015139706172,1.02935530886676,1.02859297447705,1.02786321436179,1.02716493128889,1.02649710336006,1.02585877781026,1.02524906547393,1.02466713583475,1.02411221258802,1.02358356965447,1.02308052759323,1.02260245036847,1.02214874243065,1.02171884607816,1.02131223906999,1.02092843246328,1.02056696865348,1.02022741959714,1.0199093852002,1.01961249185638,1.01933639112251,1.01908075851893,1.01884529244473,1.01862971319872,1.01843376209827,1.01825720068902,1.01809981003937,1.0179613901147,1.01784175922654,1.01774075355311,1.01765822672788,1.01759404949358,1.01754810941949,1.01752031068069,1.01751057389793,1.01751883603782,1.01754505037332,1.01758918650479,1.01765123044288,1.01773118475474,1.01782906877554,1.0179449188884,1.01807878887583,1.01823075034722,1.01840089324709,1.01858932645042,1.01879617845167,1.01902159815614,1.01926575578281,1.01952884389013,1.01981107853757,1.02011270059798,1.02043397723844,1.0207752035899,1.02113670462974,1.02151883730495,1.02192199292907,1.02234659989132,1.0227931267238,1.02326208558084,1.02375403619498,1.02426959038675,1.02480941722082,1.0253742489202,1.02596488767419,1.02658221350534
six_nations_2025,six_nations,2025,north,red_cards,primary,0.0431242538051795,1.02225504967737,0.985048447306766,0.959706790360753,0.940024128864739,0.923793079957343,0.909927395673209,0.897798798082088,0.887006402653324,0.877276828472051,0.868414420557172,0.860273898568557,0.852744200693402,0.845738391972429,0.839187073419924,0.833033917762927,0.827232552280493,0.821744325400603,0.816536670623114,0.811581884674892,0.806856199427058,0.802339066283069,0.798012596950027,0.793861121122813,0.789870832809166,0.786029504720031,0.782326255533167,0.778751358664788,0.775296083944206,0.771952565604109,0.768713691492161,0.765573009527157,0.762524648268111,0.759563249110187,0.756683908118832,0.753882125900096,0.75115376420804,0.748495008229124,0.745902333673491,0.743372477954998,0.740902414864199,0.738489332237499,0.736130612206364,0.733823813676451,0.731566656740807,0.729357008776141,0.72719287200844,0.725072372365214,0.722993749457677,0.720955347558012,0.718955607455283,0.71699305908919,0.715066314874094,0.713174063637041,0.7113150651032,0.709488144870374,0.707692189821425,0.705926143929541,0.704189004416645,0.702479818229823,0.700797678804684,0.699141723088019,0.697511128795237,0.695905111880659,0.694322924201172,0.692763851355729,0.691227210685063,0.689712349417544,0.688218642948555,0.686745493241991,0.685292327343634,0.683858595997131,0.682443772354174,0.681047350771309,0.679668845686465,0.678307790568953,0.676963736937233,0.675636253439275,0.674324924990783,0.673029351966952,0.671749149443841,0.670483946485722,0.669233385475122,0.667997121482509,0.666774821672848,0.665566164746463,0.664370840411857,0.66318854888831,0.662019000436278,0.660861914913729,0.659717021356724,0.658584057582672,0.6574627698148,0.656352912326488,0.655254247104226,0.654166543528037,0.653089578068273,0.652023133997819,0.65096700111874,0.649920975502536,0.648884859243185,0.647858460222232
six_nations_2025,six_nations,2025,north,metres,primary,1.53211290822422,0.859547053346492,0.859402932422721,0.859274359961147,0.859160947821707,0.859062323239627,0.858978128067587,0.858908018066407,0.858851662240523,0.858808742214852,0.858778951649964,0.858761995692737,0.858757590459933,0.858765462552327,0.85878534859725,0.858816994817557,0.85886015662523,0.858914598237919,0.85898009231693,0.859056419625204,0.859143368704029,0.859240735567265,0.859348323411965,0.859465942344393,0.859593409120471,0.859730546899778,0.859877185012309,0.860033158737202,0.860198309092763,0.860372482637128,0.860555531278948,0.860747312097544,0.860947687171998,0.861156523418701,0.861373692436886,0.861599070361743,0.861832537724692,0.86207397932046,0.862323284080619,0.862580344953236,0.862845058788365,0.863117326229069,0.863397051607719,0.863684142847324,0.86397851136765,0.864280071995912,0.864588742881843,0.864904445416937,0.865227104157693,0.865556646752685,0.865893003873316,0.866236109148087,0.866585899100259,0.866942313088769,0.867305293252291,0.867674784456312,0.868050734243132,0.86843309278468,0.868821812838065,0.869216849703758,0.86961816118635,0.870025707557791,0.870439451523053,0.870859358188155,0.871285395030486,0.871717531871377,0.872155740850879,0.872599996404689,0.873050275243211,0.873506556332681,0.873968820878369,0.874437052309787,0.874911236267923,0.875391360594454,0.875877415322933,0.876369392671943,0.876867287040212,0.877371095003684,0.877880815314545,0.878396448902216,0.878917998876327,0.879445470531665,0.879978871355149,0.880518211034816,0.881063501470874,0.881614756788846,0.882171993354828,0.882735229792921,0.883304487004872,0.883879788191979,0.884461158879314,0.885048626942329,0.885642222635917,0.88624197862599,0.886847930023676,0.887460114422207,0.888078571936598,0.888703345246227,0.889334479640427,0.889972023067209,0.890616026185244,0.891266542419265
british_irish_lions_2025,british_irish_lions,2025,south,minutes,primary,10.4423817358009,0.996030613405973,0.995415395094797,0.99482146327956,0.994227531464324,0.993633599649088,0.993051375107913,0.992504837665365,0.991988123061946,0.991471408458526,0.990954693855108,0.990437979251688,0.989921264648269,0.989404550044851,0.988887835441431,0.988397747457178,0.987923640083761,0.987480165041825,0.987066760156869,0.986681560738698,0.986323077528342,0.985964594317987,0.985606111107631,0.985247627897276,0.98488914468692,0.984530661476565,0.98417217826621,0.983815728156686,0.983498424719837,0.983193202330509,0.982887979941182,0.982582757551855,0.982277673787346,0.981974255120415,0.981670836453484,0.981367417786553,0.981063999119622,0.98077815158989,0.980502164865437,0.980226178140984,0.979974947595356,0.979736510530108,0.97949807346486,0.979259636399612,0.979021199334364,0.978782762269116,0.978548017154615,0.978325486770389,0.978102956386164,0.977880426001939,0.977669193022345,0.977501230417149,0.977344210765414,0.977193807057366,0.977053871485493,0.976932355201174,0.976810838916856,0.976689322632537,0.976567806348218,0.9764462900639,0.976324773779581,0.976203257495263,0.976081741210944,0.975960224926626,0.975838708642307,0.975727737292594,0.975678130028453,0.975675460768233,0.975676931463857,0.975689889238627,0.975713973359,0.975738057479374,0.975764218993051,0.975804762709352,0.975847050929954,0.975889339150555,0.975947599400319,0.976037646241074,0.976127693081828,0.976222255196315,0.976349950464745,0.976477645733176,0.976662752100672,0.976859548209866,0.977110091999061,0.977395894894488,0.9776855514165,0.977999286058998,0.978342084981529,0.97868488390406,0.979027682826591,0.979374035001303,0.979819406814264,0.980280345686787,0.980741284559311,0.981202223431834,0.981680878275238,0.98221191353472,0.982749680713357,0.983287447891995,0.983825215070633,0.984365259732283
british_irish_lions_2025,british_irish_lions,2025,south,tries,primary,0.579801715476523,0.957222631330506,0.957062515675022,0.956906546061002,0.956754698730676,0.956606951037348,0.956463281338155,0.956323668963575,0.956188094188611,0.956056538205537,0.955928983098137,0.955805411817332,0.955685808158139,0.955570156737883,0.955458442975586,0.955350653072494,0.95524677399366,0.955146793450546,0.955050699884595,0.954958482451711,0.954870131007623,0.954785636094077,0.954704988925835,0.954628181378429,0.954555205976647,0.954486055883724,0.954420724891197,0.954359207409415,0.95430149845866,0.954247593660879,0.954197489231978,0.954151181974691,0.954108669271974,0.954069949080932,0.954035019927246,0.954003880900099,0.953976531647581,0.953952972372554,0.953933203828988,0.953917227318733,0.953905044688728,0.953896658328648,0.953892071168971,0.953891286679451,0.953894308868015,0.95390114228006,0.953911791998149,0.95392626364211,0.953944563369528,0.953966697876634,0.953992674399584,0.954022500716135,0.954056185147709,0.95409373656186,0.954135164375125,0.954180478556292,0.954229689630048,0.954282808681055,0.954339847358421,0.954400817880598,0.954465733040695,0.954534606212229,0.954607451355304,0.954684283023245,0.954765116369683,0.954849967156107,0.954938851759894,0.955031787182828,0.955128791060118,0.95522988166994,0.955335077943505,0.955444399475675,0.95555786653615,0.95567550008123,0.955797321766188,0.955923353958269,0.956053619750328,0.95618814297515,0.956326948220461,0.956470060844669,0.95661750699335,0.95676931361653,0.956925508486775,0.957086120218142,0.957251178286013,0.957420713047863,0.957594755764999,0.957773338625311,0.957956494767098,0.958144258303996,0.958336664351084,0.958533749052216,0.958735549608638,0.958942104308963,0.959153452560563,0.959369634922469,0.959590693139839,0.959816670180095,0.960047610270808,0.960283558939443,0.960524563055044,0.960770670871996
british_irish_lions_2025,british_irish_lions,2025,south,try_assists,primary,0.437523479863988,0.903928798663546,0.903714727394209,0.903523215357436,0.903353237218344,0.903203860630119,0.903074234953866,0.902963581748452,0.902871186637439,0.902796392318364,0.902738592525312,0.902697226791452,0.902671775886449,0.902661757826009,0.902666724368793,0.902686257930299,0.90271996885501,0.902767492997597,0.902828489571738,0.902902639231522,0.902989642355666,0.903089217509208,0.903201100060954,0.903325040938048,0.903460805501619,0.90360817252962,0.90376693329482,0.903936890727499,0.904117858653699,0.904309661101072,0.904512131665307,0.904725112930996,0.904948455941519,0.905182019713161,0.905425670789219,0.905679282830358,0.905942736237862,0.906215917806818,0.906498720406586,0.906791042686169,0.907092788802395,0.907403868168974,0.907724195224763,0.908053689219681,0.908392274016909,0.908739877910132,0.909096433454704,0.909461877311725,0.909836150104118,0.910219196283901,0.910610964009874,0.911011405035095,0.911420474603497,0.911838131355133,0.912264337239535,0.912699057436745,0.913142260285632,0.91359391721912,0.914054002706024,0.914522494199191,0.914999372089719,0.915484619667007,0.915978223084467,0.916480171330716,0.91699045620613,0.917509072304618,0.918036017000559,0.918571290440806,0.919114895541738,0.919666837991318,0.920227126256173,0.920795771593709,0.921372788069311,0.921958192578693,0.922552004875494,0.923154247604228,0.923764946338727,0.924384129626259,0.925011829037488,0.925648079222519,0.926292917973277,0.926946386292494,0.927608528469646,0.928279392164181,0.928959028496454,0.929647492146804,0.930344841463287,0.931051138578594,0.931766449536788,0.932490844430518,0.933224397549479,0.933967187540924,0.934719297583182,0.935480815573167,0.936251834329045,0.937032451809284,0.937822771349516,0.938622901918748,0.939432958396651,0.940253061873885,0.941083339977598,0.941923927224526
british_irish_lions_2025,british_irish_lions,2025,south,conversion_goals,primary,0.221255564628284,0.699213237435562,0.698164847846392,0.697120771758571,0.696080969097775,0.69504544310756,0.694014197314578,0.692987235528891,0.691964561844363,0.690946180639136,0.689932096576173,0.688922314603888,0.687916839956844,0.686915678156544,0.685918835012279,0.684926316622076,0.68393812937371,0.682954279945804,0.681974775309005,0.680999622727238,0.68002882975905,0.67906240425903,0.678100354379306,0.677142688571137,0.676189415586582,0.675240544480254,0.674296084611159,0.67335604564463,0.672420437554335,0.671489270624388,0.670562555451537,0.669640302947457,0.668722524341124,0.667809231181285,0.666900435339031,0.665996149010458,0.66509638471943,0.66420115532044,0.663310474001577,0.662424354287587,0.661542810043053,0.660665855475667,0.65979350513962,0.658925773939103,0.658062677131918,0.6572042303332,0.656350449519271,0.655501351031596,0.654656951580876,0.65381726825126,0.65298231850468,0.652152120185327,0.651326691524254,0.650506051144115,0.649690218064047,0.648879211704693,0.64807305189337,0.647271758869386,0.646475353289521,0.645683856233643,0.644897289210512,0.644115674163726,0.643339033477847,0.642567389984704,0.641800766969865,0.641039188179295,0.640282677826208,0.6395312605981,0.63878496166399,0.638043806681863,0.637307821806312,0.636577033696409,0.635851469523791,0.635131156980965,0.634416124289864,0.633706400210628,0.633002014050638,0.63230299567381,0.631609375510146,0.630921184565551,0.630238454431943,0.629561217297637,0.628889505958027,0.628223353826582,0.627562794946148,0.626907864000578,0.626258596326698,0.625615027926618,0.6249771954804,0.624345136359098,0.623718888638176,0.623098491111319,0.622483983304656,0.621875405491401,0.621272798706924,0.620676204764283,0.620085666270213,0.619501226641598,0.618922930122447,0.618350821801377,0.617784947629643,0.617225354439709
british_irish_lions_2025,british_irish_lions,2025,south,missed_conversion_goals,primary,0.151654935592469,0.772141002485823,0.77254485928172,0.772953601659555,0.773367213202033,0.773785753390268,0.774209283108014,0.774637864687716,0.77507156195854,0.775510440296497,0.77595456667677,0.776404009728362,0.776858839791205,0.777319128975845,0.777784951225867,0.778256382383214,0.778733500256549,0.779216384692855,0.779705117652454,0.780199783287653,0.780700468025225,0.781207260652959,0.781720252410546,0.782239537085037,0.782765211111185,0.783297373676975,0.78383612683466,0.784381575617686,0.784933828163855,0.785492995845185,0.786059193404873,0.786632539101875,0.78721315486361,0.787801166447359,0.788396703610975,0.788999900293564,0.789610894806862,0.790229830038088,0.790856853665134,0.791492118385005,0.792135782156544,0.792788008458516,0.793448966564287,0.794118831834388,0.794797786028438,0.795486017637977,0.796183722241975,0.796891102886903,0.797608370493487,0.798335744292449,0.799073452291794,0.799821731778476,0.800580829857556,0.80135100403234,0.802132522829325,0.802925666472251,0.803730727610032,0.804548012103869,0.805377839879533,0.806220545851452,0.807076480926104,0.807946013093133,0.808829528613658,0.809727433316481,0.810640154014329,0.811568140053838,0.81251186501493,0.81347182857736,0.814448558574789,0.815442613259669,0.816454583805698,0.817485097078678,0.818534818711373,0.819604456523638,0.820694764335801,0.821806546231243,0.822940661333692,0.824098029176192,0.825279635752503,0.826486540358412,0.827719883350759,0.828980894976811,0.830270905457181,0.831591356543151,0.832943814816183,0.834329987055939,0.835751738076898,0.837211111527042,0.838710354261289,0.840251945055659,0.84183862862693,0.8434734561826,0.84515983406929,0.846901582545815,0.848703007324673,0.850568987368393,0.852505083591444,0.854517674749441,0.856614129116932,0.858803023908161,0.861094429330991,0.863500281575828
british_irish_lions_2025,british_irish_lions,2025,south,penalty_goals,primary,0.143759147291067,0.742438223749049,0.742155681243249,0.74188931154302,0.74163864394451,0.741403303156417,0.741182929660381,0.740977178782062,0.740785719831952,0.740608235309609,0.740444420165685,0.7402939811167,0.740156636008016,0.740032113220922,0.739920151120155,0.739820497538528,0.739732909295651,0.739657151748031,0.739592998368073,0.739540230349737,0.739498636238825,0.73946801158601,0.739448158620948,0.739438885945888,0.739440008247401,0.739451346024902,0.739472725334794,0.739503977549147,0.739544939127895,0.739595451403659,0.739655360378314,0.739724516530554,0.739802774633712,0.739889993583176,0.739986036232801,0.740090769239726,0.740204062917084,0.74032579109412,0.740455830983258,0.740594063053691,0.74074037091113,0.74089464118331,0.741056763410957,0.741226629943867,0.741404135841828,0.741589178780099,0.741781658959192,0.741981479018724,0.742188543955116,0.742402761042917,0.742624039759582,0.742852291713492,0.74308743057508,0.74332937201086,0.743578033620246,0.743833334875,0.744095197061176,0.744363543223443,0.74463829811166,0.744919388129597,0.745206741285703,0.745500287145808,0.745799956787682,0.746105682757348,0.746417399027082,0.746735040955012,0.74705854524624,0.747387849915429,0.747722894250773,0.748063618779306,0.748409965233472,0.748761876518915,0.749119296683426,0.749482170887006,0.749850445372983,0.750224067440158,0.750602985415913,0.750987148630269,0.751376507390818,0.751771012958535,0.752170617524396,0.752575274186797,0.752984936929726,0.753399560601663,0.753819100895181,0.754243514327218,0.754672758219995,0.755106790682555,0.755545570592896,0.755989057580688,0.75643721201053,0.756889994965748,0.757347368232708,0.757809294285613,0.758275736271784,0.758746657997398,0.759222023913672,0.759701799103463,0.760185949268294,0.760674440715767,0.761167240347367,0.761664315646631
british_irish_lions_2025,british_irish_lions,2025,south,missed_penalty_goals,primary,0.0358638990067192,0.557527935622157,0.557619629191971,0.55771163796309,0.55780364673421,0.55789565550533,0.55798766427645,0.55807967304757,0.55817168181869,0.55826369058981,0.558355699360929,0.558447708132049,0.558539716903169,0.558631725674289,0.558723734445409,0.558815743216529,0.558907751987649,0.558999760758769,0.559091769529888,0.559183778301008,0.559275787072128,0.559367795843248,0.559459804614368,0.559551813385488,0.559643822156608,0.559735830927728,0.559827839698848,0.559919848469967,0.560011857241087,0.560103866012207,0.560195874783327,0.560287883554447,0.560379892325567,0.560471901096687,0.560563909867806,0.560655918638926,0.560747927410046,0.560839936181166,0.560931944952286,0.561023953723406,0.561115962494526,0.561207971265646,0.561299980036766,0.561391988807885,0.561483997579005,0.561576006350125,0.561668015121245,0.561760023892365,0.561852032663485,0.561944041434605,0.562036050205725,0.562128058976844,0.562220067747964,0.562312076519084,0.562404085290204,0.562496094061324,0.562588102832444,0.562680111603564,0.562772120374684,0.562864129145803,0.562956137916923,0.563048146688043,0.563140155459163,0.563232164230283,0.563324173001403,0.563416181772523,0.563508190543642,0.563600199314762,0.563692208085882,0.563784216857002,0.563876225628122,0.563968234399242,0.564060243170362,0.564152251941482,0.564244260712602,0.564336269483721,0.564428278254841,0.564520287025961,0.564612295797081,0.564704304568201,0.564796313339321,0.564888322110441,0.564980330881561,0.56507233965268,0.5651643484238,0.56525635719492,0.56534836596604,0.56544037473716,0.56553238350828,0.5656243922794,0.565716401050519,0.565808409821639,0.565900418592759,0.565992427363879,0.566084436134999,0.566176444906119,0.566268453677239,0.566360462448358,0.566452471219479,0.566544479990598,0.566636488761718,0.566728497532838
british_irish_lions_2025,british_irish_lions,2025,south,drop_goals_converted,primary,0.0029399190111792,0.824099415463822,0.818784504824092,0.81347460763214,0.808164710440188,0.802854813248237,0.797544916056285,0.792235018864333,0.786925121672382,0.78161522448043,0.776305327288478,0.770995430096527,0.765685532904575,0.760375635712623,0.755065738520671,0.74975584132872,0.744445944136768,0.739136046944816,0.733826149752865,0.728516252560913,0.723206355368961,0.71789645817701,0.712586560985058,0.707276663793106,0.701966766601154,0.696656869409203,0.691346972217251,0.686037075025299,0.680727177833348,0.675417280641396,0.670107383449444,0.664797486257492,0.659487589065541,0.654177691873589,0.648867794681637,0.643557897489686,0.638248000297734,0.632938103105782,0.62762820591383,0.622318308721879,0.617008411529927,0.611698514337975,0.606388617146024,0.601078719954072,0.59576882276212,0.590458925570169,0.585149028378217,0.579839131186265,0.574529233994313,0.569219336802362,0.56390943961041,0.558599542418458,0.553289645226507,0.547979748034555,0.542669850842603,0.537359953650651,0.5320500564587,0.526740159266748,0.521430262074796,0.516120364882845,0.510810467690893,0.505500570498941,0.50019067330699,0.494880776115038,0.489570878923086,0.484260981731134,0.478951084539183,0.473641187347231,0.468331290155279,0.463021392963328,0.457711495771376,0.452401598579424,0.447091701387473,0.441781804195521,0.436471907003569,0.431162009811617,0.425852112619666,0.420542215427714,0.415232318235762,0.40992242104381,0.404612523851859,0.399302626659907,0.393992729467955,0.388682832276004,0.383372935084052,0.3780630378921,0.372753140700149,0.367443243508197,0.362133346316245,0.356823449124293,0.351513551932342,0.34620365474039,0.340893757548438,0.335583860356487,0.330273963164535,0.324964065972583,0.319654168780632,0.31434427158868,0.309034374396728,0.303724477204776,0.298414580012825,0.293104682820873
british_irish_lions_2025,british_irish_lions,2025,south,drop_goal_missed,primary,0.0079817656858648,0.989731186887601,0.987948443692526,0.986167116769023,0.984385789845519,0.982604462922015,0.980823135998512,0.979041809075008,0.977260482151505,0.975479155228001,0.973697828304498,0.971916501380994,0.97013517445749,0.968353847533987,0.966572520610483,0.96479119368698,0.963009866763476,0.961228539839972,0.959447212916469,0.957665885992966,0.955884559069462,0.954103232145958,0.952321905222455,0.950540578298951,0.948759251375448,0.946977924451944,0.94519659752844,0.943415270604937,0.941633943681433,0.93985261675793,0.938071289834426,0.936289962910922,0.934508635987419,0.932727309063915,0.930945982140412,0.929164655216908,0.927383328293405,0.925602001369901,0.923820674446397,0.922039347522894,0.92025802059939,0.918476693675887,0.916695366752383,0.91491403982888,0.913132712905376,0.911351385981872,0.909570059058369,0.907788732134865,0.906007405211362,0.904226078287858,0.902444751364355,0.900663424440851,0.898882097517348,0.897100770593844,0.89531944367034,0.893538116746837,0.891756789823333,0.889975462899829,0.888194135976326,0.886412809052822,0.884631482129319,0.882850155205815,0.881068828282312,0.879287501358808,0.877506174435304,0.875724847511801,0.873943520588297,0.872162193664794,0.87038086674129,0.868599539817787,0.866818212894283,0.86503688597078,0.863255559047276,0.861474232123773,0.859692905200269,0.857911578276765,0.856130251353262,0.854348924429758,0.852567597506254,0.850786270582751,0.849004943659247,0.847223616735744,0.84544228981224,0.843660962888737,0.841879635965233,0.84009830904173,0.838316982118226,0.836535655194722,0.834754328271219,0.832973001347715,0.831191674424211,0.829410347500708,0.827629020577204,0.825847693653701,0.824066366730197,0.822285039806694,0.82050371288319,0.818722385959687,0.816941059036183,0.81515973211268,0.813378405189176,0.811597078265672
british_irish_lions_2025,british_irish_lions,2025,south,defenders_beaten,primary,1.56223763211233,1.01958970005307,0.938794877311456,0.933951499369016,0.93074563876184,0.928230955045705,0.926110446764889,0.924251490822133,0.922583075937504,0.921062594692735,0.919662378850641,0.918363377784933,0.917151865648973,0.916017587101584,0.9149526475507,0.91395081562101,0.913007066668665,0.912117273758095,0.911277992345031,0.910486306471491,0.90973971648937,0.90903605551785,0.908373426216799,0.907750152203396,0.90716474020649,0.90661585021788,0.906102271683544,0.905622904315434,0.905176742479602,0.904762862382264,0.904380411466655,0.904028599572767,0.903706691514853,0.903414000808173,0.903149884334258,0.902913737777919,0.90270499170299,0.902523108159985,0.902367577739254,0.902237916999304,0.90213366621271,0.90205438738215,0.901999662487329,0.901969091930047,0.901962293150123,0.901978899389153,0.902018558582738,0.902080932364728,0.902165695169511,0.90227253342038,0.902401144793745,0.902551237550367,0.902722529926005,0.902914749574879,0.903127633060219,0.903360925386911,0.903614379571872,0.903887756248322,0.904180823300601,0.904493355526566,0.904825134324936,0.905175947405292,0.905545588518652,0.905933857206813,0.9063405585688,0.906765503043004,0.907208506203665,0.907669388570565,0.908147975430851,0.908644096672073,0.909157586625549,0.909688283919331,0.91023603134003,0.910800675702912,0.911382067729658,0.911980061933298,0.91259451650983,0.913225293236103,0.913872257373564,0.91453527757753,0.915214225811643,0.915908977267219,0.916619410287218,0.917345406294597,0.918086849724799,0.918843627962202,0.919615631280309,0.920402752785525,0.921204888364369,0.92202193663396,0.922853798895662,0.923700379091774,0.924561583765143,0.925437322021621,0.926327505495275,0.927232048316275,0.92815086708139,0.929083880827038,0.930031011004849,0.930992181459677,0.931967318410051,0.932956350431025
british_irish_lions_2025,british_irish_lions,2025,south,clean_breaks,primary,0.750555601144012,1.02344707853856,0.952706180620019,0.948492460812775,0.945952084757269,0.944100784310405,0.942630050662865,0.941402426810753,0.940344557286729,0.939412628889747,0.93857835858995,0.937822415360532,0.937130994029216,0.93649388621812,0.935903326074707,0.935353264972085,0.934838897034325,0.934356338093766,0.933902402137973,0.933474441743434,0.933070231701023,0.932687882519341,0.932325775047134,0.931982510312617,0.931656870516697,0.931347788329035,0.931054322451564,0.93077563797345,0.9305109904318,0.930259712769068,0.93002120457698,0.929794923161722,0.929580376072003,0.92937711481127,0.929184729515466,0.929002844423395,0.928831114001868,0.928669219615014,0.928516866648334,0.928373782014796,0.92823971198348,0.928114420281823,0.927997686430994,0.927889304280737,0.92778908071557,0.927696834508758,0.927612395304184,0.927535602709289,0.927466305484802,0.927404360819078,0.927349633676614,0.927301996211786,0.927261327240112,0.927227511760364,0.927200440521757,0.927180009631196,0.927166120196209,0.927158677999728,0.927157593203387,0.927162780076379,0.927174156747288,0.927191644976606,0.927215169947918,0.927244660075961,0.927280046829967,0.927321264570876,0.927368250401147,0.927420944026067,0.927479287625516,0.927543225735318,0.927612705137343,0.927687674757647,0.927768085571994,0.927853890518164,0.927945044414514,0.928041503884324,0.928143227285474,0.928250174645079,0.928362307598703,0.928479589333852,0.928601984537431,0.92872945934692,0.928861981305004,0.928999519317459,0.929142043614083,0.92928952571249,0.929441938384609,0.929599255625734,0.929761452625993,0.929928505744114,0.93010039248337,0.930277091469616,0.930458582431322,0.930644846181524,0.930835864601614,0.931031620626932,0.931232098234067,0.931437282429858,0.931647159242032,0.931861715711452,0.932080939885951,0.932304820815734
british_irish_lions_2025,british_irish_lions,2025,south,offload,primary,0.829063052698476,0.943691867258804,0.943169204949156,0.942662020484472,0.942170036299432,0.941692984789821,0.941230607718844,0.940782655716259,0.940348887814115,0.939929071015704,0.939522979894788,0.939130396222383,0.938751108618748,0.938384912228434,0.938031608416456,0.937691004483883,0.93736291340127,0.937047153558532,0.936743548529977,0.936451926853353,0.936172121821851,0.935903971288109,0.935647317479351,0.935402006822864,0.935167889781085,0.934944820695638,0.934732657639708,0.9345312622782,0.934340499735151,0.934160238467953,0.933990350147921,0.93383070954682,0.933681194428983,0.933541685448664,0.933412066052323,0.933292222385532,0.933182043204258,0.933081419790229,0.932990245870186,0.932908417538783,0.932835833184931,0.932772393421402,0.932718001017519,0.932672560834753,0.932635979765091,0.93260816667201,0.932589032333949,0.932578489390123,0.932576452288583,0.9325828372364,0.932597562151873,0.932620546618661,0.93265171184175,0.932690980605168,0.932738277231364,0.932793527542176,0.932856658821324,0.932927599778342,0.933006280513908,0.933092632486495,0.933186588480294,0.933288082574351,0.933397050112874,0.933513427676658,0.933637153055582,0.933768165222138,0.933906404305955,0.934051811569273,0.934204329383334,0.934363901205664,0.934530471558198,0.934703986006237,0.93488439113819,0.935071634546093,0.935265664806859,0.935466431464256,0.935673885011575,0.935887976874972,0.93610865939747,0.936335885823592,0.936569610284614,0.936809787784418,0.937056374185937,0.937309326198163,0.937568601363725,0.937834158047004,0.938105955422784,0.938383953465436,0.938668112938604,0.938958395385405,0.93925476311912,0.939557179214388,0.939865607498867,0.940180012545383,0.940500359664556,0.940826614897885,0.941158745011308,0.941496717489224,0.941840500528973,0.942190063035786,0.942545374618187,0.942906405583864
british_irish_lions_2025,british_irish_lions,2025,south,runs,primary,1.94250497889659,1.24690188252399,1.00853086141115,0.995213595065246,0.986467346820711,0.979629097523823,0.973863590691933,0.968798248361022,0.964233900443214,0.960051310106569,0.956173273266497,0.952546824788966,0.94913397011851,0.945906466223699,0.942842698248183,0.939925716510197,0.937141952011809,0.934480347028665,0.931931749463745,0.929488480341727,0.927144018192522,0.924892764307594,0.92272986517336,0.920651076113073,0.918652655143378,0.916731279330297,0.914883978135841,0.913108079759857,0.911401167537692,0.909761044202745,0.908185702361213,0.906673299918455,0.905222139485676,0.903830651011306,0.902497377044157,0.901220960159131,0.900000132171388,0.898833704838508,0.897720561807689,0.896659651610298,0.89564998154191,0.894690612294588,0.893780653231111,0.892919258209376,0.892105621880261,0.891338976394523,0.890618588464382,0.889943756733749,0.88931380941797,0.888728102179636,0.88818601621186,0.887686956504382,0.887230350271279,0.886815645521903,0.886442309759095,0.886109828790794,0.88581770564291,0.885565459562863,0.885352625104448,0.885178751285855,0.885043400813595,0.884946149365941,0.884886584930224,0.884864307188941,0.884878926950206,0.884930065618529,0.885017354702384,0.885140435355327,0.885298957947832,0.885492581667242,0.885720974143527,0.885983811098749,0.886280776018341,0.886611559842492,0.886975860676086,0.887373383515789,0.887803839992993,0.888266948131473,0.888762432118667,0.889290022089637,0.889849453922805,0.890440469046663,0.891062814256708,0.891716241541925,0.892400507920185,0.893115375281994,0.893860610242043,0.894635983998092,0.895441272196718,0.896276254805527,0.89714071599143,0.898034444004634,0.898957231068022,0.899908873271607,0.900889170471778,0.901897926195084,0.902934947546294,0.904000045120521,0.905093032919191,0.906213728269653,0.907361951748259,0.908537527106737
british_irish_lions_2025,british_irish_lions,2025,south,tackles,primary,2.03824620544159,0.963512719975331,0.962335587816897,0.9611862897088,0.960064091771625,0.958968319779108,0.957898352347772,0.956853615137139,0.955833575867951,0.954837740021037,0.953865647105952,0.952916867409196,0.951990999148277,0.951087665970898,0.950206514749057,0.949347213626259,0.948509450282897,0.947692930390465,0.946897376229804,0.94612252545241,0.945368129966906,0.944633954935421,0.943919777866786,0.943225387795249,0.942550584534999,0.941895178002035,0.941258987596071,0.940641841636058,0.940043576843744,0.939464037870366,0.938903076862158,0.938360553060877,0.937836332435994,0.937330287345562,0.936842296223142,0.936372243288412,0.935920018279393,0.9354855162044,0.935068637112057,0.93466928587787,0.934287372006014,0.93392280944512,0.933575516416977,0.933245415257148,0.932932432266634,0.932636497573759,0.932357545005564,0.932095511968036,0.931850339334591,0.931621971342243,0.931410355494988,0.931215442473938,0.931037186053806,0.930875543025369,0.930730473123557,0.930601938960895,0.930489905965978,0.930394342326756,0.93031521893839,0.930252509355469,0.930206189748408,0.930176238863847,0.930162637988918,0.930165370919232,0.930184423930471,0.930219785753481,0.930271447552785,0.930339402908421,0.930423647801053,0.93052418060031,0.93064100205629,0.930774115294226,0.930923525812279,0.93108924148246,0.931271272554687,0.93146963166399,0.931684333840896,0.93191539652503,0.932162839581987,0.932426685323537,0.932706958531245,0.933003686483583,0.933316898986653,0.933646628408633,0.933992909718072,0.934355780526205,0.934735281133428,0.935131454580146,0.935544346702189,0.935974006191019,0.936420484658997,0.936883836709974,0.937364120015522,0.93786139539714,0.9383757269148,0.938907181962255,0.939455831369543,0.940021749513195,0.940605014434674,0.941205707967661,0.941823915874832,0.942459727994862
british_irish_lions_2025,british_irish_lions,2025,south,missed_tackles,primary,1.26556930338928,0.972568759798488,0.972272481318417,0.971982656504324,0.971699237774365,0.971422179399878,0.97115143740134,0.970886969482594,0.970628734968717,0.970376694747298,0.970130811212906,0.969891048214547,0.969657371005919,0.969429746198302,0.969208141715907,0.968992526753554,0.968782871736533,0.968579148282517,0.968381329165416,0.96818938828106,0.968003300614611,0.967823042209597,0.967648590138504,0.967479922474809,0.967317018266414,0.967159857510381,0.967008421128914,0.966862690946523,0.96672264966831,0.966588280859323,0.966459568924926,0.966336499092141,0.966219057391908,0.966107230642231,0.966001006432164,0.965900373106603,0.965805319751845,0.965715836181885,0.965631912925429,0.965553541213567,0.965480712968115,0.965413420790573,0.965351657951688,0.965295418381599,0.965244696660534,0.965199488010061,0.965159788284841,0.965125593964906,0.965096902148408,0.965073710544851,0.965056017468782,0.965043821833925,0.965037123147749,0.965035921506465,0.965040217590425,0.965050012659938,0.965065308551465,0.96508610767421,0.965112413007087,0.965144228096053,0.965181557051813,0.965224404547881,0.965272775818998,0.965326676659892,0.965386113424397,0.965451093024902,0.96552162293215,0.965597711175369,0.965679366342739,0.965766597582199,0.96585941460258,0.96595782767508,0.966061847635071,0.966171485884233,0.966286754393039,0.966407665703567,0.966534232932652,0.966666469775392,0.96680439050899,0.966948009996948,0.967097343693622,0.967252407649128,0.967413218514624,0.96757979354795,0.967752150619656,0.967930308219412,0.968114285462812,0.96830410209857,0.968499778516144,0.968701335753764,0.968908795506895,0.969122180137147,0.969341512681632,0.969566816862789,0.969798117098691,0.970035438513842,0.970278806950489,0.970528248980453,0.970783791917509,0.971045463830322,0.971313293555966,0.971587310714046
british_irish_lions_2025,british_irish_lions,2025,south,rucks_won,primary,2.08373985057811,1.02143641150324,0.866936145302307,0.85893573379553,0.853957208227171,0.8502277299129,0.847191506437604,0.844600821043505,0.842323415851003,0.840280250105129,0.838420263635778,0.836708528792158,0.835120079200308,0.833636434831094,0.832243522524606,0.830930369143954,0.829688246516515,0.82851009275331,0.827390109189941,0.826323472606177,0.825306125268653,0.824334618814987,0.823405996201597,0.822517701082724,0.821667507300695,0.820853463350531,0.820073848151189,0.819327135463415,0.818611964997327,0.81792711875119,0.817271501481249,0.816644124463531,0.816044091901154,0.815470589474266,0.814922874638049,0.814400268356595,0.813902148023766,0.813427941371179,0.812977121201742,0.812549200817269,0.812143730032599,0.811760291687622,0.811398498583947,0.811057990785242,0.810738433230291,0.810439513616012,0.810160940514354,0.809902441692544,0.809663762610723,0.809444665074819,0.809244926025691,0.809064336448251,0.808902700386505,0.808759834052367,0.808635565017711,0.808529731480472,0.808442181596825,0.808372772872417,0.808321371606536,0.808287852383809,0.808272097608683,0.808273997078483,0.808293447591342,0.808330352585686,0.808384621808364,0.808456171008802,0.808544921656844,0.80865080068222,0.808773740233751,0.808913677456635,0.809070554286302,0.809244317257497,0.809434917327354,0.809642309711373,0.809866453731313,0.810107312674075,0.810364853660798,0.810639047525385,0.810929868701828,0.811237295119697,0.811561308107243,0.811901892301616,0.812259035565731,0.812632728911361,0.813022966428086,0.813429745217729,0.813853065333975,0.814292929726876,0.814749344191979,0.815222317323824,0.815711860473605,0.816217987710779,0.816740715788449,0.817280064112337,0.817836054713217,0.818408712222647,0.818998063851894,0.819604139373918,0.820226971108334,0.820866593909246,0.821523045155875,0.822196364745916
british_irish_lions_2025,british_irish_lions,2025,south,rucks_lost,primary,0.610428272615906,1.01674799827757,1.0160574483064,1.01538215332174,1.01472164940636,1.01407550203403,1.01344330331428,1.01282466962605,1.01221923952387,1.01162667187879,1.01104664422235,1.01047885126682,1.00992300357902,1.00937882638849,1.00884605851341,1.00832445139027,1.00781376819495,1.00731378304496,1.00682428027345,1.00634505376735,1.00587590636253,1.00541664929013,1.0049671016687,1.00452709003746,1.0040964479267,1.00367501546165,1.0032626389966,1.00285917077646,1.00246446862326,1.00207839564524,1.00170081996667,1.00133161447644,1.00097065659393,1.00061782805062,1.00027301468621,0.999936106257964,0.999606996262382,0.99928558176805,0.998971763258921,0.998665444487188,0.998366532335037,0.99807493668462,0.997790570295655,0.997513348690101,0.997243190043419,0.99698001508195,0.996723746985994,0.99647431129822,0.996231635837025,0.99599565061455,0.995766287759025,0.995543481441191,0.995327167804519,0.995117284899025,0.99491377261842,0.99471657264044,0.994525628370128,0.994340884885927,0.994162288888402,0.993989788651455,0.993823333975885,0.993662876145172,0.993508367883359,0.993359763314924,0.993217017926532,0.993080088530579,0.99294893323043,0.992823511387259,0.992703783588434,0.992589711617353,0.992481258424659,0.99237838810079,0.992281065849786,0.992189257964296,0.992102931801739,0.992022055761569,0.991946599263585,0.991876532727259,0.991811827552027,0.991752456098511,0.991698391670631,0.991649608498581,0.991606081722628,0.991567787377705,0.991534702378777,0.991506804506949,0.991484072396288,0.991466485521337,0.991454024185312,0.99144666950894,0.991444403419937,0.991447208643097,0.991455068690986,0.99146796785522,0.991485891198309,0.991508824546061,0.991536754480535,0.991569668333526,0.991607554180569,0.991650400835475,0.991698197845354,0.991750935486159
british_irish_lions_2025,british_irish_lions,2025,south,passes,primary,3.26247796108922,0.949172130406598,0.908290701579829,0.903288799431134,0.899119278569555,0.895327594647454,0.891770259525089,0.888382602274574,0.885129546368656,0.881989697051365,0.878948884448286,0.87599712852786,0.873127055508684,0.870333004063315,0.867610488823761,0.864955861944478,0.862366090652312,0.859838605885873,0.857371196213532,0.854961931555745,0.85260910709412,0.850311201199649,0.848066843314826,0.845874789044071,0.843733900557534,0.841643130974652,0.839601511772217,0.8376081425217,0.835662182442322,0.833762843385526,0.831909383959571,0.830101104571004,0.828337343210079,0.826617471844849,0.824940893317151,0.823307038655483,0.821715364736535,0.820165352240251,0.818656503853494,0.817188342685547,0.815760410865103,0.814372268293607,0.81302349153397,0.811713672817102,0.810442419151484,0.809209351523272,0.808014104176344,0.806856323963253,0.805735669759384,0.804651811933705,0.80360443187044,0.802593221536815,0.801617883092656,0.800678128538257,0.799773679397413,0.798904266432957,0.798069629392546,0.797269516782755,0.796503685669882,0.795771901506107,0.795073937979939,0.794409576890088,0.79377860804214,0.793180829167621,0.792616045865231,0.792084071564251,0.791584727510301,0.791117842773859,0.790683254282158,0.790280806875299,0.789910353387676,0.789571754756054,0.789264880155957,0.788989607168315,0.788745821978714,0.788533419611986,0.788352304205319,0.788202389323672,0.788083598321803,0.787995864758021,0.787939132865561,0.787913358088464,0.787918507690025,0.787954561443217,0.788021512414123,0.788119367851374,0.78824815019689,0.788407898236057,0.788598668408859,0.788820536307645,0.789073598392274,0.789357973959641,0.789673807412315,0.790021270880649,0.790400567264815,0.790811933778433,0.791255646094824,0.791732023221729,0.792241433262273,0.792784300261631,0.793361112393505,0.793972431813028
british_irish_lions_2025,british_irish_lions,2025,south,bad_passes,primary,0.993057407111492,1.06882716483404,1.01511724671229,1.01062339060174,1.00742367543587,1.00477314423224,1.00243765461438,1.00031241138483,0.998341126327657,0.996489892292733,0.994736587689099,0.993065900226089,0.9914667335184,0.989930745667128,0.988451473831754,0.987023783361769,0.985643506797617,0.98430719909072,0.983011966727381,0.981755345406469,0.980535210529805,0.979349710422037,0.978197215642471,0.977076279912903,0.975985609577601,0.97492403942933,0.973890513353316,0.972884068665024,0.971903823313758,0.970948965334047,0.970018744077896,0.969112462871204,0.968229472818964,0.967369167544632,0.966530978694885,0.965714372075898,0.964918844314177,0.964143919955783,0.963389148934122,0.962654104349297,0.961938380512217,0.961241591214823,0.960563368194323,0.959903359764632,0.959261229592549,0.958636655599708,0.95802932897425,0.957438953278584,0.956865243641567,0.956307926025116,0.955766736556667,0.955241420920035,0.95473173379826,0.954237438362835,0.953758305804443,0.953294114900927,0.952844651618754,0.952409708744681,0.951989085544697,0.951582587447694,0.951190025751566,0.950811217349715,0.950445984476163,0.950094154467639,0.949755559541213,0.949430036586176,0.949117426968992,0.948817576350289,0.948530334512927,0.948255555200298,0.947993095964077,0.947742818020724,0.947504586116095,0.947278268397585,0.947063736293271,0.946860864397566,0.946669530362953,0.946489614797381,0.946321001166962,0.946163575703622,0.946017227317393,0.945881847513063,0.945757330310909,0.945643572171279,0.945540471922784,0.945447930693905,0.945365851847806,0.945294140920188,0.945232705560009,0.945181455472915,0.945140302367247,0.945109159902484,0.945087943639996,0.945076570996003,0.945074961196621,0.945083035234903,0.945100715829774,0.945127927386785,0.945164595960594,0.945210649219105,0.945266016409194,0.945330628323952
british_irish_lions_2025,british_irish_lions,2025,south,turnovers_conceded,primary,0.995722097785721,1.0707753949084,1.0149690840811,1.01177251888678,1.00983658860693,1.0084193859834,1.00728837773275,1.00633996599323,1.00551887131941,1.0047920825792,1.00413829490577,1.00354295119735,1.00299565954785,1.00248873915384,1.00201635024444,1.0015739473604,1.00115792170072,1.0007653591238,1.00039387163478,1.00004147710531,0.999706511550761,0.999387563929148,0.999083426859521,0.998793058810841,0.998515554698698,0.998250122740787,0.99799606603687,0.997752767760624,0.997519679144982,0.997296309651095,0.997082218860969,0.996877009743047,0.996680323020593,0.996491832432759,0.996311240723548,0.996138276228298,0.995972689953795,0.995814253068623,0.995662754736342,0.995518000236674,0.995379809329863,0.995248014827299,0.995122461337886,0.995003004164787,0.994889508331349,0.994781847718418,0.994679904298074,0.994583567451078,0.994492733357282,0.994407304449806,0.994327188925109,0.994252300302227,0.994182557025342,0.994117882104666,0.994058202791286,0.994003450282173,0.993953559452066,0.993908468609341,0.993868119273337,0.993832455970915,0.993801426050307,0.993774979510512,0.993753068844732,0.993735648896479,0.993722676727163,0.993714111494086,0.993709914337897,0.99371004827864,0.993714478119658,0.993723170358645,0.993736093105256,0.993753216004702,0.993774510166855,0.993799948100396,0.99382950365162,0.993863151947517,0.993900869342804,0.993942633370613,0.993988422696554,0.99403821707591,0.994091997313738,0.994149745227668,0.994211443613222,0.994277076211469,0.994346627678874,0.994420083559185,0.994497430257245,0.994578655014591,0.994663745886746,0.994752691722097,0.994845482142271,0.994942107523927,0.995042558981879,0.995146828353491,0.995254908184278,0.995366791714644,0.99548247286772,0.995601946238246,0.99572520708244,0.995852251308844,0.995983075470083,0.996117676755512
british_irish_lions_2025,british_irish_lions,2025,south,penalties_conceded,primary,0.918723438777036,1.01147028229404,1.01112556785628,1.01078829802386,1.01045829373777,1.01013538564613,1.00981941331822,1.00951022457718,1.00920767489602,1.00891162684957,1.00862194961642,1.00833851852522,1.00806121464067,1.00778992438515,1.00752453919213,1.00726495518837,1.00701107290188,1.00676279699328,1.00652003600813,1.00628270214854,1.00605071106195,1.00582398164575,1.0056024358663,1.00538599859085,1.00517459743165,1.00496816260074,1.00476662677497,1.00456992496996,1.00437799442273,1.00419077448184,1.00400820650485,1.00383023376221,1.0036568013473,1.00348785609208,1.00332334648778,1.00316322261062,1.00300743605176,1.00285593985147,1.00270868843718,1.00256563756497,1.00242674426446,1.0022919667868,1.00216126455545,1.00203459811975,1.00191192911089,1.00179322020035,1.00167843506041,1.00156753832683,1.0014604955633,1.00135727322789,1.00125783864104,1.00116215995517,1.00107020612588,1.00098194688441,1.00089735271154,1.00081639481269,1.0007390450942,1.00066527614068,1.00059506119351,1.00052837413023,1.00046518944487,1.00040548222924,1.00034922815498,1.00029640345643,1.00024698491424,1.0002009498397,1.00015827605977,1.00011894190267,1.00008292618417,1.00005020819442,1.00002076768529,0.999994584858291,0.999971640352988,0.999951915235838,0.999935390989528,0.999922049502725,0.999911873060236,0.999904844333562,0.999900946371827,0.999900162593063,0.999902476775838,0.999907873051213,0.999916335895006,0.999927850120364,0.999942400870616,0.999959973612406,0.999980554129086,1.00000412851437,1.00003068316622,1.00006020478097,1.0000926803477,1.00012809714278,1.00016644272466,1.00020770492885,1.00025187186309,1.00029893190268,1.0003488736861,1.00040168611062,1.00045735832826,1.00051587974182,1.00057724000104,1.00064142899902
british_irish_lions_2025,british_irish_lions,2025,south,yellow_cards,primary,0.0933281602161455,0.982195327540189,0.980989297630562,0.97988064900038,0.978859622771268,0.977917960563345,0.977048606541041,0.976245481698887,0.975503309073158,0.974817476654361,0.974183928620324,0.973599078127318,0.973059736711002,0.972563056627198,0.972106483376565,0.971687716319815,0.971304675776564,0.970955475362173,0.970638398588183,0.97035187895763,0.970094482944018,0.96986489536429,0.969661906750837,0.969484402401866,0.969331352848141,0.969201805520855,0.969094877442771,0.969009748794966,0.968945657235894,0.968901892869438,0.968877793774919,0.968872742025449,0.968886160132151,0.968917507860957,0.968966279376446,0.9690320006736,0.969114227263804,0.969212542086,0.969326553617781,0.969455894164543,0.969600218307591,0.969759201494566,0.96993253875758,0.97011994354628,0.970321146664576,0.97053589530114,0.970763952144897,0.971005094577822,0.971259113938163,0.971525814848054,0.97180501460014,0.972096542598434,0.972400239849195,0.972715958498056,0.973043561410075,0.973382921789775,0.973733922838548,0.974096457447133,0.974470427921157,0.974855745737969,0.975252331333248,0.975660113916068,0.976079031311319,0.976509029828568,0.976950064156615,0.977402097283183,0.977865100439337,0.978339053068399,0.978823942819269,0.979319765564243,0.979826525441549,0.98034423492303,0.980872914907519,0.981412594840667,0.981963312862157,0.98252511598143,0.983098060283259,0.983682211164753,0.984277643605585,0.984884442473552,0.985502702867836,0.986132530502695,0.986774042134647,0.987427366036668,0.98809264252333,0.988770024531371,0.989459678260746,0.99016178388188,0.990876536315612,0.991604146093152,0.992344840304392,0.99309886364402,0.9938664795662,0.994647971560087,0.995443644560174,0.996253826507514,0.997078870080202,0.997919154614268,0.998775088239354,0.999647110257381,1.00053569379686,1.00144134878088
british_irish_lions_2025,british_irish_lions,2025,south,red_cards,primary,0.0036399793255768,0.596972266017079,0.59488536102846,0.592799488161312,0.590714587089501,0.588630657210888,0.586547697924095,0.584465708628508,0.582384688724268,0.580304637612283,0.578225554694207,0.576147439372456,0.574070291050203,0.571994109131366,0.569918893020616,0.567844642123377,0.56577135584582,0.563699033594859,0.561627674778157,0.55955727880412,0.557487845081896,0.555419373021373,0.55335186203318,0.551285311528684,0.549219720919984,0.547155089619922,0.545091417042071,0.54302870260073,0.540966945710938,0.53890614578846,0.536846302249785,0.534787414512136,0.532729481993456,0.530672504112417,0.528616480288406,0.526561409941536,0.524507292492641,0.522454127363271,0.520401913975695,0.518350651752895,0.516300340118569,0.514250978497127,0.512202566313693,0.510155102994096,0.508108587964882,0.506063020653296,0.504018400487296,0.501974726895539,0.49993199930739,0.497890217152914,0.495849379862879,0.493809486868748,0.491770537602689,0.489732531497559,0.487695467986917,0.485659346505012,0.483624166486789,0.481589927367881,0.479556628584617,0.477524269574011,0.475492849773762,0.473462368622263,0.471432825558585,0.469404220022487,0.467376551454409,0.465349819295471,0.463324022987478,0.461299161972907,0.459275235694918,0.457252243597343,0.455230185124693,0.45320905972215,0.451188866835568,0.449169605911472,0.447151276397062,0.445133877740198,0.443117409389416,0.441101870793912,0.43908726140355,0.437073580668857,0.435060828041021,0.433049002971895,0.431038104913989,0.429028133320469,0.427019087645166,0.425010967342562,0.423003771867795,0.420997500676657,0.418992153225595,0.416987728971705,0.414984227372733,0.412981647887075,0.410979989973775,0.408979253092525,0.406979436703659,0.40498054026816,0.40298256324765,0.400985505104396,0.398989365301303,0.396994143301919,0.394999838570427,0.393006450571649
british_irish_lions_2025,british_irish_lions,2025,south,metres,primary,1.41485881815265,0.855492142572755,0.854540651546801,0.853896670782859,0.853485022692373,0.853255105245121,0.853171310340118,0.853207675905684,0.853344715253434,0.853567443335387,0.853864097593699,0.854225280423937,0.854643367445869,0.855112088881829,0.855626226886183,0.856181392475555,0.856773858304796,0.857400431386867,0.85805835488125,0.858745231368693,0.859458962233531,0.86019769927747,0.860959805731116,0.861743824564325,0.862548452521766,0.863372518690769,0.864214966687767,0.865074839756766,0.865951268228626,0.866843458907507,0.867750686040681,0.868672283597178,0.869607638634516,0.870556185574896,0.871517401245407,0.872490800563193,0.873475932767522,0.874472378117657,0.875479744989063,0.876497667311619,0.877525802302531,0.878563828454138,0.879611443742897,0.88066836403093,0.881734321635746,0.882809064047285,0.883892352774366,0.884983962305149,0.886083679168288,0.887191301083256,0.888306636189831,0.889429502348018,0.890559726500804,0.891697144093072,0.892841598540825,0.893992940745579,0.895151028649388,0.896315726826485,0.897486906108007,0.898664443236629,0.899848220548337,0.901038125678825,0.902234051292301,0.903435894830712,0.904643558281605,0.905856947963032,0.907075974324057,0.90830055175959,0.909530598438356,0.910766036142989,0.912006790121273,0.913252788947681,0.914503964394449,0.915760251311461,0.917021587514321,0.91828791368003,0.919559173249734,0.920835312338071,0.922116279648673,0.923402026395438,0.924692506229185,0.925987675169392,0.927287491540689,0.928591915913848,0.929900911051007,0.931214441854914,0.932532475321957,0.933854980498832,0.935181928442625,0.936513292184203,0.937849046694725,0.939189168855188,0.940533637428859,0.941882433036513,0.943235538134367,0.944592936994647,0.945954615688698,0.947320562072595,0.948690765775184,0.950065218188516,0.951443912460651,0.952826843490777
summer_internationals_2025,summer_internationals,2025,mixed,minutes,primary,10.407872963574,0.972454002595643,0.972158539399567,0.971863076203491,0.971567613007415,0.97127214981134,0.970976686615264,0.970686411018961,0.970402625517192,0.970118840015423,0.969835054513654,0.969556052456095,0.969279630922044,0.969020132190593,0.96877281785241,0.968550843018675,0.968343938696941,0.968137034375207,0.967945339743229,0.967783711721388,0.967638161426476,0.967534289829345,0.9674436799886,0.967353070147854,0.967264401838156,0.96718185907386,0.967099316309565,0.96701677354527,0.966934230780974,0.966866907850392,0.966803816980339,0.96675521103385,0.966722727274863,0.966699544081875,0.966676360888888,0.966661383520554,0.966666075379467,0.966686489955215,0.966706904530963,0.96673785023386,0.966777563013914,0.966817275793969,0.966864300111337,0.966923721391795,0.966993633365113,0.967063733262328,0.967133833159543,0.967203933056758,0.967274032953974,0.967353719871121,0.96747348687928,0.967596715609657,0.967719944340035,0.967843173070412,0.967974781923176,0.96811291517544,0.968270453524121,0.968438990741209,0.96861239572044,0.968789202292842,0.96896991583977,0.969151258297554,0.969382553459783,0.969630404206925,0.969899199943018,0.970188675312879,0.970478150682739,0.9707676260526,0.97105710142246,0.971346576792321,0.971636866409709,0.971934975302231,0.97223549055065,0.972536005799069,0.972836521047488,0.973137036295907,0.973443288615342,0.973772434520448,0.974101580425555,0.974430726330661,0.974759872235767,0.975090939042263,0.975431678476722,0.975807374536539,0.97619746645964,0.976597823083436,0.97700143599683,0.977410899024877,0.977820362052924,0.978229825080971,0.978642547161335,0.979058979035651,0.97948109223317,0.979911254887851,0.980341417542533,0.980771580197214,0.981201742851895,0.981631905506576,0.982062068161257,0.982499419663089,0.98295111400513,0.98340280834717
summer_internationals_2025,summer_internationals,2025,mixed,tries,primary,0.59847349574725,1.06099157977975,1.00467595327673,1.00096043488139,0.998723814545674,0.99711378483097,0.995862563946909,0.994850366059274,0.994012895439414,0.993311452509634,0.992720811606509,0.992223528675665,0.991806975413596,0.991461668468367,0.991180268956672,0.990956953174047,0.990787000402809,0.990666513566684,0.990592224333799,0.990561353679239,0.99057150991082,0.99062061263336,0.990706835067369,0.990828559609777,0.990984343115677,0.991172889429073,0.991393027396643,0.991643693082873,0.991923915243022,0.992232803350033,0.992569537643907,0.992933360797758,0.993323570887461,0.993739515421039,0.994180586236111,0.994646215113498,0.995135869985641,0.995649051642159,0.996185290853437,0.996744145847691,0.997325200088532,0.997928060309312,0.998552354767942,0.999197731691897,0.999863857887991,1.00055041749554,1.00125711086474,1.00198365354493,1.00272977536953,1.00349521962636,1.00427974230373,1.00508311140389,1.00590510631651,1.00674551724605,1.00760414468741,1.00848079894498,1.00937529969119,1.01028747556042,1.01121716377542,1.01216420980305,1.013128467037,1.01410979650503,1.01510806659893,1.01612315282527,1.01715493757528,1.01820330991269,1.01926816537792,1.02034940580775,1.02144693916931,1.0225606794075,1.02369054630501,1.02483646535424,1.02599836764038,1.02717618973525,1.02836987360104,1.02957936650387,1.03080462093643,1.03204559454955,1.03330225009224,1.03457455536002,1.03586248315121,1.037166011231,1.03848512230323,1.03981980398952,1.04117004881588,1.04253585420653,1.04391722248503,1.0453141608826,1.04672668155362,1.04815480159848,1.04959854309367,1.05105793312931,1.05253300385421,1.05402379252859,1.05553034158462,1.05705269869508,1.05859091685023,1.06014505444324,1.06171517536458,1.06330134910546,1.06490365087099,1.06652216170323
summer_internationals_2025,summer_internationals,2025,mixed,try_assists,primary,0.484567310708784,1.04399338143189,1.04144405556513,1.03921221305194,1.03722858690312,1.03544817801447,1.03383964040996,1.03237997438684,1.0310516157937,1.02984072156146,1.02873610087266,1.02772851722932,1.02681021478725,1.02597458623319,1.02521593331056,1.02452928992255,1.02391028867235,1.02335505828664,1.02286014346832,1.0224224413498,1.02203915044329,1.02170772914381,1.02142586163621,1.0211914296134,1.02100248860831,1.02085724802767,1.02075405418462,1.02069137578253,1.02066779141867,1.02068197876531,1.02073270515349,1.02081881933752,1.02093924425951,1.0210929706657,1.02127905145222,1.02149659663869,1.02174476888475,1.02202277947808,1.02232988473379,1.02266538275404,1.02302861050424,1.02341894116858,1.02383578175287,1.02427857090687,1.02474677694236,1.02523989602586,1.02575745052809,1.02629898751413,1.02686407736043,1.02745231248634,1.02806330618952,1.02869669157548,1.02935212057304,1.03002926302798,1.03072780586841,1.0314474523358,1.03218792127649,1.03294894648885,1.03373027612198,1.03453167212214,1.03535290972351,1.03619377698038,1.03705407433793,1.03793361423937,1.03883222076722,1.03974972931678,1.04068598630031,1.04164084888022,1.04261418473019,1.04360587182298,1.04461579824407,1.04564386203023,1.04668997103263,1.04775404280363,1.0488360045073,1.04993579285313,1.05105335405304,1.05218864380176,1.05334162728065,1.05451227918551,1.05570058377871,1.05690653496647,1.05813013640203,1.05937140161581,1.06063035417374,1.06190702786529,1.06320146692282,1.06451372627427,1.06584387183144,1.06719198081647,1.06855814212948,1.0699424567608,1.07134503825171,1.07276601320811,1.07420552187218,1.075663718758,1.07714077335769,1.0786368709258,1.08015221335078,1.08168702012383,1.08324152941671,1.08481599928245
summer_internationals_2025,summer_internationals,2025,mixed,conversion_goals,primary,0.290551587069747,0.698924229880534,0.6981121263411,0.697359239855008,0.696663826385847,0.696024275496297,0.695439069471932,0.694906776181425,0.694426042652864,0.6939955892808,0.693614204590451,0.693280740495444,0.692994107993947,0.692753273255183,0.692557254054518,0.692405116520509,0.692295972161845,0.692228975145992,0.692203319804725,0.692218238344603,0.692272998743047,0.692366902812793,0.692499284419524,0.69266950783907,0.692876966242136,0.693121080295777,0.693401296871997,0.693717087854908,0.694067949038743,0.694453399109866,0.694872978706644,0.695326249551662,0.695812793651407,0.696332212559011,0.696884126696181,0.697468174730847,0.698084013007486,0.698731315027429,0.69940977097684,0.700119087300346,0.700858986318638,0.70162920588863,0.702429499105078,0.703259634042822,0.704119393539085,0.705008575015576,0.705926990340377,0.706874465729928,0.707850841691707,0.708855973008519,0.709889728765666,0.710951992422626,0.712042661931277,0.71316164990316,0.714308883828743,0.71548430635223,0.716687875606068,0.717919565610029,0.719179366740543,0.720467286276895,0.721783349031997,0.723127598076659,0.724500095567782,0.725900923692578,0.727330185742948,0.728788007336509,0.730274537803598,0.731789951762936,0.733334450912632,0.734908266068099,0.736511659484249,0.738144927506459,0.73980840360347,0.741502461846009,0.743227520908037,0.744984048683831,0.746772567634413,0.748593661002418,0.750447980066796,0.75233625264996,0.754259293142911,0.756218014382352,0.758213441803332,0.760246730408882,0.762319185255202,0.764432286362371,0.766587719248388,0.768787412681218,0.771033585798166,0.773328807528603,0.775676072390155,0.778078898392579,0.780541455273811,0.783068735101234,0.785666783239036,0.788343017292833,0.791106677604536,0.793969480334953,0.796946593395859,0.800058148025009,0.803331682857808,0.806806309347701
summer_internationals_2025,summer_internationals,2025,mixed,missed_conversion_goals,primary,0.0869524498464785,0.991724658679336,0.991400725862111,0.991118886007274,0.990878196788224,0.990677878473273,0.990517181931643,0.990395387100919,0.990311801556106,0.990265759172239,0.990256618873204,0.990283763460152,0.990346598513438,0.990444551362603,0.990577070119369,0.990743622769075,0.990943696316363,0.991176795981275,0.991442444442269,0.991740181122912,0.992069561519304,0.992430156565512,0.992821552034508,0.993243347972313,0.993695158163212,0.994176609624089,0.994687342126059,0.995227007741731,0.995795270416547,0.996391805562763,0.997016299674737,0.997668449964304,0.998347964015069,0.999054559454582,0.999787963643378,1.00054791337999,1.00133415462108,1.00214644221583,1.00298453965395,1.00384821882657,1.00473725979933,1.00565145059709,1.00659058699981,1.00755447234888,1.00854291736354,1.009555739967,1.01059276512161,1.01165382467292,1.01273875720218,1.01384740788684,1.01497962836888,1.01613527663062,1.01731421687765,1.01851631942878,1.01974146061261,1.02098952267065,1.02226039366661,1.02355396740192,1.02487014333697,1.0262088265183,1.02756992751124,1.02895336233808,1.03035905242165,1.03178692453401,1.03323691075041,1.0347089484083,1.03620298007125,1.0377189534979,1.03925682161573,1.04081654249971,1.04239807935568,1.04400140050862,1.04562647939563,1.04727329456367,1.04894182967217,1.05063207350034,1.05234401995938,1.05407766810957,1.05583302218224,1.05761009160678,1.05940889104267,1.06122944041668,1.06307176496533,1.0649358952826,1.06682186737329,1.06872972271179,1.07065950830673,1.07261127677148,1.07458508640076,1.07658100125354,1.07859909124237,1.08063943222946,1.08270210612975,1.08478720102109,1.08689481126202,1.08902503761729,1.09117798739152,1.09335377457134,1.09555251997642,1.09777435141966,1.10001940387721,1.10228781966854
summer_internationals_2025,summer_internationals,2025,mixed,penalty_goals,primary,0.158141552417847,0.598010871257392,0.596090426978644,0.594201154503533,0.592342322389944,0.590513301435794,0.588713491407405,0.586942319555096,0.585199239234611,0.58348372862596,0.58179528954206,0.580133446320284,0.578497744790672,0.576887751315132,0.575303051892495,0.573743251324739,0.572207972440134,0.570696855369443,0.569209556871657,0.567745749706061,0.566305122047722,0.564887376943728,0.563492231807793,0.562119417950998,0.560768680146712,0.559439776227867,0.558132476714951,0.556846564473263,0.555581834398087,0.554338093126613,0.553115158775539,0.551912860703429,0.550731039297016,0.549569545780729,0.548428242048881,0.547307000519983,0.546205704012836,0.545124245644081,0.544062528747018,0.54302046681161,0.541997983445654,0.54099501235724,0.540011497358678,0.539047392392219,0.538102661577968,0.537177279284522,0.536271230222977,0.535384509565074,0.534517123086378,0.533669087335551,0.532840429830906,0.532031189285612,0.531241415863102,0.530471171464416,0.529720530049453,0.528989577994332,0.528278414487304,0.527587151966004,0.52691591659908,0.526264848815672,0.525634103886554,0.525023852561241,0.52443428176586,0.523865595367127,0.523318015008462,0.522791781024944,0.522287153444677,0.521804413085032,0.52134386275332,0.520905828562643,0.520490661375072,0.520098738385877,0.519730464864371,0.519386276069037,0.519066639357037,0.518772056511037,0.518503066309555,0.518260247370876,0.518044221305056,0.517855656213776,0.517695270584016,0.517563837628811,0.51746219013701,0.517391225904269,0.51735191382983,0.517345300778387,0.517372519324127,0.517434796515585,0.517533463826058,0.517669968486329,0.517845886435657,0.518062937175446,0.518323000870136,0.518628138115026,0.518980612885165,0.519382919299046,0.519837812983256,0.520348348020107,0.520917920713885,0.521550321742832,0.522249798700987,0.523021131616233
summer_internationals_2025,summer_internationals,2025,mixed,missed_penalty_goals,primary,0.0458949217692946,0.80736974049019,0.805513435220089,0.803659692090013,0.801808239081829,0.799959051576529,0.798112105381649,0.796267376721652,0.794424842228572,0.792584478932931,0.790746264254899,0.78891017599571,0.787076192329301,0.785244291794193,0.783414453285582,0.781586656047652,0.779760879666094,0.777937104060821,0.776115309478882,0.774295476487561,0.772477585967663,0.770661619106966,0.768847557393858,0.767035382611126,0.765225076829914,0.763416622403836,0.761610001963232,0.759805198409578,0.758002194910038,0.756200974892146,0.754401522038627,0.752603820282351,0.750807853801397,0.74901360701426,0.747221064575158,0.745430211369465,0.743641032509249,0.741853513328921,0.740067639380989,0.738283396431911,0.736500770458053,0.734719747641738,0.732940314367386,0.731162457217758,0.729386162970269,0.727611418593404,0.72583821124321,0.724066528259865,0.722296357164336,0.720527685655107,0.718760501604982,0.716994793057959,0.715230548226186,0.713467755486967,0.711706403379853,0.709946480603786,0.708187976014312,0.706430878620853,0.704675177584043,0.70292086221312,0.701167921963371,0.699416346433642,0.697666125363894,0.695917248632813,0.694169706255478,0.692423488381066,0.690678585290622,0.688934987394861,0.68719268523203,0.685451669465802,0.683711930883227,0.681973460392715,0.680236249022067,0.678500287916548,0.676765568336994,0.675032081657961,0.673299819365917,0.671568773057457,0.669838934437575,0.668110295317949,0.666382847615277,0.664656583349639,0.662931494642892,0.6612075737171,0.659484812892993,0.657763204588457,0.656042741317052,0.654323415686566,0.652605220397588,0.650888148242114,0.649172192102179,0.647457344948521,0.645743599839256,0.644030949918598,0.642319388415588,0.640608908642856,0.6388995039954,0.637191167949398,0.635483894061029,0.633777675965332,0.632072507375069,0.630368382079626
summer_internationals_2025,summer_internationals,2025,mixed,drop_goals_converted,primary,0.020129827888452,0.77339887248158,0.767839712712864,0.762516937346546,0.757413513039258,0.752514895896063,0.747808059185664,0.743281293551918,0.738924039239175,0.734726744375177,0.730680744609894,0.72677816037006,0.723011808732388,0.71937512749746,0.715862109501003,0.712467245558822,0.709185474727887,0.706012140795477,0.702942954093121,0.699973957881961,0.69710149867834,0.694322199988484,0.69163293900355,0.689030825874497,0.686513185242865,0.684077539750817,0.681721595293412,0.679443227809427,0.67724047143516,0.675111507869568,0.673054656819347,0.671068367409981,0.669151210463608,0.66730187155737,0.665519144786981,0.663801927169801,0.662149213630065,0.660560092516187,0.659033741606457,0.657569424565104,0.656166487815659,0.654824357803059,0.653542538619869,0.652320609975672,0.651158225491905,0.650055111307485,0.649011064983344,0.648025954696614,0.647099718717722,0.646232365166014,0.645423972041878,0.644674687535639,0.64398473061579,0.643354391901478,0.642784034826578,0.64227409710519,0.641825092511081,0.641437612986419,0.641112331098237,0.640850002864414,0.640651470974663,0.640517668436094,0.64044962267752,0.640448460151787,0.64051541148123,0.640651817197926,0.640859134137965,0.641138942557527,0.641492954048485,0.641923020342675,0.642431143107221,0.643019484848728,0.64369038106214,0.644446353781141,0.645290126711791,0.64622464216034,0.647253080000859,0.648378878969579,0.649605760622133,0.650937756348965,0.652379237915436,0.653934952079294,0.655610059942975,0.657410181826269,0.659341448602146,0.661410560632857,0.66362485568475,0.66599238750194,0.668522017098444,0.671223519309097,0.674107707752784,0.677186582149971,0.680473502958562,0.683983399628546,0.687733020540096,0.691741235041976,0.696029401177618,0.70062181700973,0.705546279425356,0.710834782663329,0.716524400687633,0.722658414694944
summer_internationals_2025,summer_internationals,2025,mixed,drop_goal_missed,primary,0.0367848520629062,0.903610624932682,0.904576244738052,0.905554524727196,0.906545318154812,0.907548789674454,0.90856510730486,0.909594442524549,0.91063697036984,0.911692869536448,0.912762322484795,0.913845515549235,0.914942639051343,0.916053887417471,0.917179459300771,0.918319557707876,0.919474390130477,0.920644168682021,0.921829110239776,0.92302943659252,0.92424537459414,0.925477156323414,0.926725019250299,0.927989206409046,0.929269966578488,0.930567554469863,0.931882230922574,0.933214263108282,0.934563924743787,0.935931496313155,0.937317265299587,0.93872152642756,0.940144581915812,0.941586741741746,0.943048323917923,0.944529654781299,0.946031069295956,0.947552911370084,0.949095534188065,0.950659300558539,0.952244583279404,0.953851765520772,0.955481241226986,0.957133415538852,0.958808705237371,0.96050753921031,0.962230358943077,0.96397761903548,0.965749787746043,0.967547347565727,0.969370795823012,0.971220645322474,0.973097425019172,0.975001680731318,0.976933975893959,0.978894892356581,0.980885031227839,0.982905013770867,0.984955482352946,0.987037101453621,0.989150558735777,0.991296566184546,0.993475861319409,0.995689208485364,0.997937400229573,1.00022125877057,1.00254163756776,1.00489942299981,1.0072955361613,1.00973093478808,1.01220661532282,1.01472361513359,1.01728301489945,1.01988594117906,1.02253356917959,1.02522712574556,1.02796789258964,1.03075720978959,1.03359647957914,1.03648717046346,1.03943082169426,1.04242904814373,1.04548354562197,1.0485960966885,1.05176857701529,1.05500296236723,1.05830133627485,1.06166589848575,1.06509897429382,1.06860302486071,1.07218065866205,1.07583464421257,1.07956792424945,1.08338363158405,1.08728510686869,1.09127591856946,1.09535988548952,1.0995411022527,1.10382396823716,1.10821322054696,1.11271397173134,1.11733175311294
summer_internationals_2025,summer_internationals,2025,mixed,defenders_beaten,primary,1.53641746908835,0.945341048316296,0.919599498530753,0.917706949931716,0.916416421961834,0.915394343752177,0.914535081726775,0.913790848431009,0.913135630032354,0.912553511886304,0.912033933346806,0.911569452195262,0.91115457486212,0.910785093989515,0.910457689326833,0.910169674954592,0.909918832443946,0.9097032968528,0.909521476489656,0.909371994985046,0.909253648528642,0.909165373678657,0.909106222706426,0.909075344418323,0.909071969029884,0.909095396085759,0.909144984702087,0.909220145602994,0.909320334559641,0.909445046937788,0.909593813130293,0.90976619470265,0.909961781118018,0.910180186936968,0.910421049409028,0.910684026389839,0.910968794530692,0.911275047697294,0.911602495582598,0.911950862484789,0.912319886226566,0.912709317195909,0.913118917491767,0.913548460160784,0.913997728513346,0.91446651550902,0.914954623202956,0.91546186224604,0.91598805143261,0.916533017290438,0.917096593708371,0.917678621597683,0.918278948583658,0.918897428724448,0.919533922254539,0.920188295350572,0.920860419917504,0.921550173393335,0.922257438570882,0.92298210343522,0.923724061015612,0.924483209250865,0.925259450867201,0.926052693267838,0.926862848433558,0.92768983283367,0.928533567346816,0.929393977191188,0.930270991863743,0.93116454508811,0.932074574770932,0.933001022966425,0.933943835849004,0.9349029636939,0.935878360865698,0.936869985814809,0.937877801081944,0.938901773310691,0.939941873268364,0.940998075875341,0.942070360243188,0.943158709721894,0.944263111956663,0.945383558954731,0.946520047162795,0.947672577555739,0.9488411557374,0.9500257920543,0.951226501723339,0.95244330497464,0.953676227210879,0.954925299184646,0.956190557195606,0.957472043309475,0.95876980560117,0.96008389842479,0.961414382713569,0.962761326313376,0.964124804353951,0.965504899662761,0.966901703227154,0.968315314711515
summer_internationals_2025,summer_internationals,2025,mixed,clean_breaks,primary,0.626990898226214,1.11724600639763,1.00261405228889,0.995775771530348,0.9917186330884,0.988816932468555,0.986560763672052,0.98472267531862,0.983181079407915,0.981863187794996,0.980721875011907,0.979724815630585,0.978848826134481,0.978076678769759,0.977395194755965,0.976794045850292,0.9762649701188,0.975801241100226,0.975397297989267,0.975048481517321,0.974750841191596,0.974500991906193,0.974296005460088,0.974133327234001,0.974010711315007,0.973926169359131,0.973877929829124,0.973864405168396,0.973884165116752,0.97393591483044,0.974018476797566,0.974130775779331,0.97427182618407,0.974440721412782,0.974636624814102,0.974858761962221,0.9751064140293,0.975378912068879,0.975675632061886,0.975995990604491,0.976339441138926,0.976705470645829,0.977093596730739,0.97750336504862,0.97793434701954,0.97838613779609,0.978858354449311,0.979350634344973,0.97986263368624,0.980394026202285,0.980944501965312,0.981513766320921,0.982101538918818,0.982707552832599,0.983331553758863,0.983973299287116,0.984632558233065,0.985309110028789,0.986002744164075,0.986713259673912,0.987440464667706,0.988184175896307,0.988944218353387,0.989720424908086,0.99051263596621,0.99132069915752,0.992144469046983,0.992983806868002,0.993838580275926,0.994708663120274,0.995593935234282,0.99649428224053,0.997409595371531,0.998339771304275,0.999284712007831,1.00024432460319,1.00121852123466,1.00220721895206,1.00321033960336,1.0042278097369,1.00525956051316,1.00630552762524,1.00736565122807,1.0084398758758,1.00952815046721,1.01063042819888,1.01174666652598,1.01287682713048,1.01402087589667,1.01517878289405,1.01635052236723,1.01753607273331,1.01873541658621,1.01994854070857,1.02117543609084,1.02241609795801,1.02367052580401,1.02493872343403,1.02622069901498,1.02751646513442,1.0288260388683,1.03014944185784
summer_internationals_2025,summer_internationals,2025,mixed,offload,primary,0.792893345985297,0.972988310710021,0.973219774143153,0.973465387169633,0.973724931896904,0.973998198703096,0.974284985781746,0.97458509875379,0.974898350306463,0.975224559856835,0.97556355323793,0.975915162405588,0.976279225164409,0.97665558491126,0.977044090395017,0.977444595491264,0.977856958990877,0.978281044401433,0.97871671976054,0.979163857460241,0.979622334081701,0.980092030239501,0.980572830434855,0.981064622917195,0.98156729955355,0.982080755705234,0.982604890111382,0.98313960477891,0.983684804878502,0.984240398646281,0.984806297290819,0.98538241490518,0.985968668383722,0.986564977343392,0.987171264049267,0.987787453344126,0.988413472581842,0.989049251564398,0.989694722482358,0.990349819858619,0.991014480495305,0.991688643423642,0.992372249856706,0.993065243144909,0.993767568734112,0.994479174126271,0.995200008842516,0.995930024388573,0.996669174222454,0.99741741372434,0.998174700168595,0.998940992697835,0.999716252299022,1.00050044178151,1.00129352575702,1.00209547062147,1.0029062445387,1.00372581742595,1.00455416094121,1.00539124847223,1.00623705512746,1.00709155772853,1.00795473480469,1.00882656658879,1.00970703501517,1.01059612371922,1.0114938180387,1.01240010501691,1.01331497340759,1.01423841368169,1.01517041803603,1.01611098040381,1.01706009646711,1.01801776367136,1.01898398124187,1.01995875020249,1.02094207339639,1.02193395550917,1.02293440309428,1.02394342460083,1.02496103040399,1.02598723283797,1.02702204623184,1.0280654869481,1.02911757342442,1.03017832621845,1.03124776805605,1.03232592388299,1.03341282092041,1.03450848872417,1.03561295924846,1.03672626691367,1.03784844867917,1.03897954412085,1.04011959551417,1.04126864792275,1.04242674929308,1.04359395055573,1.04477030573338,1.04595587205642,1.04715071008648,1.04835488384851
summer_internationals_2025,summer_internationals,2025,mixed,runs,primary,2.08569079243816,1.02024882519339,0.974649848081565,0.969081934343554,0.964407222775433,0.960136008828612,0.956114065738327,0.952272124015502,0.948572781468348,0.944993345557747,0.941518874927111,0.93813891118547,0.934845775537381,0.931633608780936,0.928497796121508,0.925434605120517,0.922440948330719,0.919514222254611,0.916652194839837,0.913852924866018,0.91111470288719,0.908436007109139,0.905815469843427,0.903251851599113,0.90074402078717,0.89829093761518,0.895891641155553,0.893545238848902,0.891250897898611,0.889007838150457,0.886815326150364,0.884672670145743,0.882579215849243,0.880534342823665,0.878537461376877,0.876588009878502,0.874685452427844,0.872829276816166,0.871018992737181,0.869254130208061,0.867534238169961,0.865858883242445,0.864227648610492,0.862640133026265,0.861095949910679,0.859594726542111,0.858136103321551,0.856719733105033,0.855345280595552,0.854012421787742,0.852720843459529,0.851470242705752,0.850260326509398,0.849090811346672,0.847961422822572,0.846871895334085,0.84582197175844,0.844811403164166,0.843839948542981,0.842907374560733,0.842013455325832,0.8411579721738,0.840340713466664,0.839561474406114,0.83882005685942,0.838116269197213,0.837449926142349,0.836820848629128,0.836228863672219,0.835673804244733,0.835155509164893,0.834673822990857,0.834228595923261,0.833819683715096,0.833446947588598,0.83311025415882,0.832809475363634,0.83254448839991,0.832315175665655,0.832121424707929,0.831963128176358,0.831840183782115,0.831752494262239,0.831699967349178,0.831682515745488,0.831700057103613,0.831752514010694,0.831839813978379,0.831961889437616,0.832118677738432,0.832310121154712,0.832536166894012,0.832796767112453,0.833091878934769,0.83342146447958,0.833785490889999,0.834183930369691,0.834616760224502,0.835083962909845,0.835585526083984,0.836121442667438,0.836691710908703
summer_internationals_2025,summer_internationals,2025,mixed,tackles,primary,2.50953375821616,0.878560666995523,0.860982698043768,0.859569772720341,0.858527999476796,0.85765384758843,0.856883206166993,0.856187277999405,0.855550516545546,0.854963494926177,0.854420013367773,0.853915740274955,0.853447503690328,0.853012891756758,0.852610013170582,0.85223734627171,0.851893640005908,0.851577846653567,0.851289074771498,0.851026555424819,0.850789617408913,0.85057766870599,0.850390182361562,0.850226685556423,0.850086751029977,0.849969990261491,0.849876047984773,0.849804597727691,0.849755338148987,0.849727990002276,0.849722293598539,0.84973800666863,0.84977490254962,0.849832768635487,0.849911405045285,0.850010623471504,0.850130246178774,0.850270105128805,0.850430041211944,0.850609903569334,0.850809548992432,0.851028841388961,0.851267651306154,0.851525855503661,0.851803336569672,0.852099982574821,0.852415686759236,0.85275034724879,0.853103866797159,0.853476152550784,0.853867115834197,0.854276671953562,0.85470474001649,0.855151242766508,0.8556161064307,0.856099260579266,0.85660063799586,0.857120174557725,0.857657809124745,0.858213483436623,0.85878714201751,0.859378732087447,0.859988203480078,0.860615508566133,0.861260602182248,0.861923441564694,0.862603986287693,0.863302198205967,0.864018041401237,0.864751482132413,0.865502488789224,0.866271031849076,0.867057083836944,0.867860619288114,0.868681614713613,0.869520048568182,0.870375901220657,0.871249154926637,0.872139793803327,0.873047803806454,0.873973172709173,0.874915890082876,0.875875947279826,0.876853337417564,0.877848055365007,0.878860097730213,0.87988946284974,0.880936150779577,0.882000163287602,0.883081503847538,0.884180177634392,0.885296191521346,0.886429554078084,0.887580275570565,0.888748367962205,0.889933844916497,0.891136721801056,0.892357015693101,0.893594745386392,0.894849931399635,0.896122595986383,0.897412763146458
summer_internationals_2025,summer_internationals,2025,mixed,missed_tackles,primary,1.21563533494003,0.97962607330104,0.979322792288573,0.979029868490915,0.978747232890069,0.978474818959433,0.978212562532691,0.977960401705213,0.97771827674258,0.977486129995605,0.977263905821291,0.977051550509203,0.976849012212828,0.976656240885484,0.976473188220435,0.976299807594872,0.976136054017462,0.975981884079196,0.975837255907291,0.975702129121931,0.975576464795629,0.975460225415048,0.975353374845095,0.975255878295155,0.975167702287305,0.975088814626399,0.975019184371899,0.974958781811348,0.974907578435386,0.974865546914218,0.974832661075462,0.974808895883284,0.974794227418769,0.974788632861445,0.974792090471923,0.974804579575575,0.974826080547221,0.974856574796767,0.974896044755747,0.974944473864751,0.975001846561674,0.975068148270775,0.975143365392508,0.975227485294094,0.975320496300805,0.975422387687955,0.975533149673547,0.975652773411579,0.975781250985983,0.975918575405175,0.976064740597211,0.976219741405526,0.976383573585247,0.976556233800072,0.9767377196197,0.976928029517805,0.977127162870546,0.977335119955612,0.977551901951782,0.977777510939015,0.97801194989905,0.978255222716522,0.97850733418059,0.978768289987073,0.979038096741107,0.979316761960298,0.979604294078406,0.979900702449536,0.98020599735285,0.980520189997807,0.980843292529932,0.981175318037121,0.981516280556486,0.981866195081759,0.982225077571249,0.98259294495637,0.982969815150752,0.983355707059946,0.983750640591728,0.984154636667024,0.984567717231476,0.984989905267645,0.98542122480789,0.98586170094793,0.98631135986111,0.986770228813392,0.987238336179094,0.987715711457403,0.988202385289681,0.988698389477599,0.989203757002118,0.989718522043356,0.99024272000137,0.990776387517883,0.991319562498999,0.991872284138939,0.992434592944843,0.993006530762677,0.993588140804292,0.994179467675687,0.994780557406526,0.995391457480953
summer_internationals_2025,summer_internationals,2025,mixed,rucks_won,primary,2.19794759286576,0.861822483075863,0.860272436177125,0.858752670114394,0.85726243513385,0.855801050080355,0.854367892632938,0.852962391337123,0.851584019035981,0.850232287409489,0.848906742400276,0.847606960354461,0.846332544744088,0.84508312336614,0.843858345934869,0.842657882000884,0.841481419143396,0.840328661392167,0.839199327843693,0.838093151442502,0.837009877903513,0.835949264755465,0.834911080488754,0.833895103793659,0.83290112287719,0.83192893484853,0.830978345164605,0.830049167128503,0.82914122143454,0.828254335754605,0.827388344361169,0.826543087782958,0.825718412489794,0.824914170603584,0.824130219632791,0.823366422228063,0.822622645956969,0.821898763096042,0.821194650438519,0.820510189116386,0.819845264435441,0.819199765722295,0.818573586182277,0.81796662276738,0.817378776053436,0.816809950125816,0.816260052472999,0.815728993887459,0.815216688373321,0.81472305306034,0.814248008123779,0.813791476709794,0.813353384866002,0.812933661476903,0.812532238203893,0.812149049429601,0.811784032206344,0.811437126208473,0.811108273688441,0.810797419436426,0.810504510743367,0.810229497367272,0.809972331502699,0.809732967753303,0.809511363107364,0.809307476916226,0.809121270875587,0.808952709009592,0.808801757657697,0.80866838546428,0.808552563370977,0.808454264611767,0.808373464710791,0.808310141482948,0.808264275037295,0.808235847783309,0.808224844440059,0.808231252048388,0.808255059986176,0.808296259986804,0.808354846160947,0.808430815021833,0.808524165514145,0.80863489904675,0.808763019529464,0.80890853341411,0.809071449740127,0.809251780185054,0.809449539120213,0.809664743672018,0.809897413789305,0.810147572317224,0.81041524507822,0.810700460960752,0.811003252016462,0.811323653566606,0.811661704318663,0.812017446494186,0.81239092596906,0.812782192427574,0.813191299531841,0.813618305108383
summer_internationals_2025,summer_internationals,2025,mixed,rucks_lost,primary,0.5932345876674,1.02977727158744,1.02844208739732,1.02713132420114,1.02584436113701,1.02458060783255,1.02333950226059,1.02212050883758,1.02092311669229,1.01974683808589,1.01859120696692,1.01745577764697,1.01634012358451,1.01524383626591,1.01416652417411,1.01310781183637,1.01206733894362,1.01104475953486,1.01003974124048,1.0090519645795,1.00808112230576,1.00712691879909,1.00618906949752,1.00526730036714,1.00436134740669,1.00347095618393,1.00259588140142,1.00173588648947,1.00089074322403,1.00006023136787,0.999244138333246,0.998442258864497,0.997654394739188,0.996880354486508,0.996119953121735,0.995373011895683,0.994639358058134,0.993918824634356,0.993211250213843,0.99251647875053,0.991834359373747,0.991164746209269,0.990507498209842,0.989862478994635,0.989229556697089,0.988608603820687,0.987999497102191,0.987402117381945,0.986816349480846,0.986242082083642,0.985679207628206,0.985127622200503,0.984587225434939,0.98405792041985,0.983539613607858,0.983032214730891,0.982535636719635,0.982049795627222,0.981574610556975,0.981110003594029,0.980655899740683,0.980212226855315,0.979778915594741,0.979355899359875,0.978943114244591,0.978540498987655,0.978147994927649,0.977765545960779,0.977393098501495,0.977030601445833,0.976678006137425,0.976335266336101,0.976002338189036,0.975679180204384,0.975365753227363,0.975062020418753,0.974767947235768,0.974483501415288,0.974208652959421,0.973943374123386,0.973687639405713,0.973441425540749,0.973204711493475,0.972977478456657,0.972759709850326,0.972551391323622,0.972352510759026,0.972163058279018,0.971983026255195,0.971812409319904,0.971651204380444,0.971499410635898,0.971357029596667,0.971224065106786,0.971100523369117,0.970986412973501,0.970881744927996,0.970786532693309,0.970700792220559,0.970624541992502,0.970557803068393,0.970500599132643
summer_internationals_2025,summer_internationals,2025,mixed,passes,primary,3.18666231711729,0.82105706915416,0.803695823790894,0.800389929656419,0.797413459630445,0.794605664347956,0.791915598385263,0.789320136075603,0.786806597085039,0.784367130958696,0.781996439385743,0.779690706122854,0.77744703903365,0.775263155415064,0.773137193274829,0.771067592378044,0.769053016118287,0.767092298386364,0.765184406343503,0.763328413651392,0.761523480776181,0.759768840199292,0.758063785108187,0.756407660604672,0.754799856767392,0.753239803102359,0.751726964048122,0.750260835293296,0.748840940727824,0.747466829894437,0.746138075839321,0.744854273284666,0.743615037063309,0.742420000768753,0.741268815583731,0.740161149258028,0.739096685212078,0.738075121747368,0.737096171348221,0.736159560062313,0.735265026949529,0.734412323590512,0.733601213647731,0.732831472473052,0.732102886756746,0.731415254213677,0.730768383303063,0.730162092978722,0.729596212467231,0.729070581071752,0.728585047999649,0.728139472212301,0.727733722295731,0.727367676350924,0.72704122190287,0.726754255827531,0.7265066842961,0.726298422736031,0.726129395808463,0.725999537401758,0.725908790640987,0.725857107913315,0.7258444509093,0.725870790680254,0.725936107711894,0.726040392014607,0.726183643230757,0.72636587075957,0.726587093900231,0.726847342013956,0.727146654705912,0.727485082028002,0.727862684703687,0.728279534376138,0.728735713881256,0.729231317547229,0.729766451522558,0.730341234134732,0.730955796281996,0.731610281860997,0.732304848233457,0.733039666735437,0.733814923233261,0.734630818730714,0.735487570032796,0.736385410472083,0.737324590704623,0.738305379583392,0.739328065118545,0.740392955535207,0.741500380441351,0.742650692120387,0.743844266965754,0.745081507077855,0.74636284204759,0.747688730955395,0.749059664620568,0.750476168142898,0.751938803787769,0.753448174277407,0.755004926565661,0.756609756192593
summer_internationals_2025,summer_internationals,2025,mixed,bad_passes,primary,0.90379432164339,0.917079161686045,0.916709333959823,0.916356585265489,0.916020697808312,0.915701462025297,0.915398676200345,0.915112146135892,0.914841684846019,0.914587112269413,0.914348255000657,0.914124946038537,0.91391702455012,0.913724335649524,0.91354673019034,0.913384064570822,0.913236200550993,0.91310300508091,0.912984350139394,0.912880112582591,0.91279017400178,0.912714420589899,0.91265274301631,0.912605036309344,0.912571199746231,0.91255113675004,0.912544754793284,0.912551965307888,0.912572683601225,0.912606828777971,0.912654323667541,0.912715094756888,0.912789072128483,0.912876189403295,0.912976383688612,0.913089595530583,0.913215768871338,0.9133548510106,0.913506792571687,0.913671547471833,0.913849072896772,0.914039329279522,0.914242280283369,0.91445789278899,0.914686136885742,0.914926985867114,0.915180416230365,0.915446407680378,0.915724943137796,0.916016008751494,0.916319593915467,0.916635691290239,0.916964296828905,0.917305409807929,0.917659032862855,0.918025172029107,0.918403836788048,0.91879504011853,0.919198798554167,0.919615132246579,0.920044065034924,0.920485624522007,0.920939842157346,0.921406753327569,0.921886397454565,0.922378818101875,0.922884063089827,0.923402184619979,0.923933239409509,0.924477288836226,0.925034399094952,0.925604641366121,0.9261880919975,0.926784832700037,0.92739495075896,0.928018539261347,0.92865569734153,0.929306530445845,0.929971150618394,0.930649676809664,0.93134223521009,0.932048959610832,0.932769991794353,0.933505481957655,0.934255589171371,0.93502048187834,0.935800338435681,0.936595347704958,0.937405709695549,0.938231636267076,0.93907335189748,0.939931094524263,0.940805116467451,0.94169568544408,0.9426030856854,0.943527619169712,0.944469606985698,0.945429390843438,0.946407334753094,0.947403826894484,0.948419281704752,0.949454142216001
summer_internationals_2025,summer_internationals,2025,mixed,turnovers_conceded,primary,0.947479445450275,0.984750064141111,0.984723575998077,0.98470096022411,0.984682190685476,0.984667242070611,0.98465608982977,0.98464871014789,0.984645079918934,0.984645176721604,0.984648978796341,0.984656465023536,0.984667614902863,0.984682408533681,0.98470082659642,0.984722850334913,0.984748461539603,0.984777642531584,0.984810376147418,0.984846645724688,0.98488643508826,0.984929728537182,0.984976510832226,0.985026767184004,0.985080483241646,0.985137645082012,0.985198239199399,0.985262252495728,0.98532967227118,0.985400486215273,0.985474682398337,0.985552249263386,0.985633175618364,0.985717450628745,0.985805063810474,0.985896005023229,0.985990264464001,0.986087832660968,0.986188700467652,0.986292859057357,0.986400299917867,0.986511014846393,0.986624995944771,0.986742235614889,0.986862726554343,0.986986461752311,0.987113434485636,0.98724363831512,0.987377067082001,0.987513714904642,0.987653576175386,0.987796645557605,0.987942917982919,0.988092388648588,0.988245053015068,0.988400906803736,0.988559945994767,0.988722166825171,0.988887565786983,0.989056139625602,0.989227885338277,0.98940280017274,0.989580881625981,0.989762127443161,0.989946535616674,0.990134104385335,0.990324832233715,0.990518717891609,0.990715760333638,0.990915958778985,0.991119312691271,0.991325821778563,0.991535485993514,0.991748305533639,0.991964280841731,0.992183412606409,0.992405701762803,0.992631149493381,0.992859757228912,0.993091526649573,0.9933264596862,0.993564558521681,0.993805825592497,0.994050263590421,0.994297875464359,0.994548664422355,0.994802633933752,0.99505978773152,0.995320129814744,0.995583664451293,0.995850396180657,0.996120329816969,0.996393470452215,0.996669823459629,0.996949394497293,0.997232189511939,0.997518214742958,0.997807476726638,0.998099982300615,0.998395738608568,0.998694753105157,0.998997033561208
summer_internationals_2025,summer_internationals,2025,mixed,penalties_conceded,primary,0.910642862238305,1.05000952939913,1.00959517670735,1.00715054711148,1.00565720294907,1.00455562289845,1.00367040337121,1.00292337387968,1.00227280430104,1.00169376043592,1.00117013896366,1.00069092800112,1.00024825935299,0.999836311759744,0.99945065457408,0.999087835292202,0.998745109677383,0.998420259113829,0.998111463390438,0.997817209869222,0.997536227216737,0.997267436129452,0.997009912073268,0.99676285668133,0.996525575499778,0.996297460460062,0.996077975920201,0.995866647435372,0.99566305264016,0.995466813782098,0.995277591559228,0.995095079996819,0.994919002159191,0.994749106537885,0.99458516399163,0.994426965139558,0.994274318129086,0.994127046715374,0.993984988601342,0.993847993996755,0.993715924362381,0.993588651311286,0.9934660556441,0.993348026499024,0.993234460600478,0.993125261592891,0.993020339448247,0.992919609937728,0.992822994159275,0.992730418114067,0.992641812325915,0.992557111498443,0.992476254205609,0.992399182611727,0.992325842217663,0.992256181630317,0.992190152352845,0.992127708593431,0.992068807090665,0.99201340695381,0.991961469516473,0.991912958202354,0.991867838401875,0.991826077358677,0.991787644065046,0.99175250916543,0.991720644867341,0.991692024858948,0.9916666242328,0.991644419415139,0.991625388100318,0.991609509189916,0.99159676273614,0.991587129889192,0.991580592848253,0.991577134815838,0.99157673995522,0.991579393350725,0.991585080970658,0.991593789632679,0.99160550697145,0.99162022140838,0.99163792212334,0.991658599028188,0.991682242742004,0.991708844567903,0.991738396471333,0.991770891059755,0.991806321563626,0.99184468181859,0.99188596624882,0.99193016985143,0.991977288181896,0.992027317340431,0.992080253959261,0.992136095190748,0.992194838696315,0.992256482636137,0.992321025659553,0.992388466896161,0.99245880594757,0.992532042879773
summer_internationals_2025,summer_internationals,2025,mixed,yellow_cards,primary,0.11769341955833,1.16704415927316,1.07373699420265,1.06352360629604,1.05704951040513,1.05214207906543,1.04811615657955,1.04466386267699,1.04161916612842,1.03888170924327,1.03638585926514,1.03408613830482,1.031949607548,1.02995156070933,1.02807293423533,1.02629867076789,1.02461664189756,1.02301691437196,1.02149123548125,1.02003266298332,1.01863529309587,1.01729405669731,1.016004564019,1.01476298448774,1.01356595249437,1.01241049258607,1.01129395941785,1.01021398906349,1.00916845917228,1.00815545608844,1.00717324750501,1.00622025955729,1.00529505750746,1.00439632935674,1.00352287186175,1.00267357853835,1.00184742931899,1.00104348159398,1.00026086241734,0.999498761697839,0.998756426227614,0.998033154426116,0.997328291697718,0.99664122631794,0.995971385776822,0.99531823351915,0.994681266030389,0.994060010224826,0.993454021098736,0.992862879616686,0.992286190803551,0.991723582018533,0.99117470139068,0.990639216398065,0.990116812575083,0.989607192334307,0.98911007389099,0.988625190279771,0.988152288454392,0.987691128462299,0.987241482686946,0.986803135151444,0.986375880877894,0.985959525297379,0.985553883706132,0.985158780763872,0.984774050030736,0.984399533539594,0.984035081400873,0.983680551437317,0.983335808846356,0.983000725887993,0.982675181596351,0.982359061513169,0.982052257441726,0.981754667219838,0.981466194510671,0.981186748610277,0.980916244270836,0.980654601538729,0.980401745606615,0.98015760667882,0.979922119849383,0.979695224992211,0.97947686666284,0.979266994011376,0.979065560706255,0.978872524868504,0.978687849016259,0.97851150001933,0.978343449063678,0.978183671625699,0.978032147456278,0.977888860574609,0.977753799271856,0.977626956124744,0.977508328019265,0.977397916184705,0.977295726238279,0.977201768240712,0.977116056763165,0.977038610966005
summer_internationals_2025,summer_internationals,2025,mixed,red_cards,primary,0.026588123471517,1.26161312524247,1.24387290461104,1.2286329414317,1.21526778969837,1.20336378826682,1.19263227455035,1.18286342528776,1.17389973777434,1.16561986072398,1.15792825636965,1.15074832919194,1.14401770844501,1.13768491916787,1.13170697687695,1.12604761359897,1.12067594573257,1.11556545760113,1.11069321476322,1.10603924731409,1.10158606083373,1.09731824447666,1.09322215389345,1.08928565244207,1.08549789826844,1.08184916782258,1.07833070856858,1.07493461527455,1.07165372549073,1.06848153075107,1.06541210074317,1.06244001823938,1.05956032300894,1.05676846326587,1.05406025347204,1.05143183752555,1.0488796565335,1.04640042050413,1.0439910834034,1.04164882111134,1.03937101188656,1.03715521900856,1.03499917531686,1.03290076940834,1.03085803328829,1.02886913130037,1.02693235018462,1.02504609013385,1.0232088567358,1.02141925370385,1.01967597631137,1.01797780545594,1.016323602289,1.01471230335457,1.01314291618761,1.01161451532874,1.01012623871736,1.00867728442968,1.00726690773247,1.00589441842666,1.00455917845834,1.00326059977733,1.00199814242622,1.00077131284474,0.999579662376834,0.998422785969194,0.997300321052173,0.996211946595297,0.995157382331282,0.994136388143845,0.99314876361598,0.992194347736725,0.991273018765801,0.99038469425682,0.98952933124115,0.988706926575931,0.987917517461222,0.987161182132832,0.986438040739083,0.985748256411599,0.985092036542213,0.984469634280366,0.983881350267824,0.983327534630386,0.982808589249424,0.982324970339755,0.981877191364462,0.981465826322109,0.98109151344732,0.980754959372129,0.980456943803024,0.980198324777412,0.979980044573593,0.979803136360564,0.979668731688503,0.979578068938083,0.979532502867463,0.979533515420686,0.979582727991248,0.979681915371048,0.979833021659342,0.980038178460746
summer_internationals_2025,summer_internationals,2025,mixed,metres,primary,1.31977441339489,0.857026239997418,0.856506556620528,0.85608487937725,0.855746038570492,0.855478447512351,0.855273053154555,0.855122643066072,0.855021373323843,0.854964438199965,0.854947833631898,0.854968184361592,0.855022615304099,0.855108654274323,0.855224157354977,0.8553672508819,0.855536285807598,0.855729801410263,0.855946496145914,0.856185204022217,0.856444875285188,0.856724560507103,0.857023397380617,0.857340599684051,0.857675448002044,0.858027281875729,0.858395493124972,0.858779520137725,0.859178842962184,0.859592979069144,0.860021479676867,0.860463926550472,0.860919929203555,0.861389122442368,0.861871164202961,0.862365733639985,0.862872529432497,0.863391268277637,0.863921683547531,0.864463524088551,0.865016553145109,0.865580547392807,0.866155296067889,0.866740600181782,0.86733627181104,0.867942133454328,0.868558017449148,0.869183765441996,0.869819227906416,0.870464263704124,0.871118739684962,0.87178253032197,0.872455517378282,0.873137589602984,0.873828642453362,0.874528577841287,0.875237303901752,0.875954734781778,0.876680790448115,0.87741539651236,0.878158484072236,0.878909989567949,0.879669854652642,0.880438026076089,0.881214455580869,0.88199909981034,0.882791920227851,0.883592883046652,0.884401959170079,0.88521912414163,0.886044358104612,0.8868776457711,0.887718976399992,0.888568343784001,0.889425746245481,0.890291186640994,0.891164672374635,0.892046215420096,0.892935832351569,0.89383354438359,0.894739377419962,0.895653362112002,0.896575533926315,0.897505933222434,0.898444605340668,0.899391600700551,0.900346974910391,0.901310788888428,0.902283108996206,0.90326400718484,0.904253561154929,0.905251854530957,0.906258977051125,0.907275024773658,0.908300100300757,0.909334313021489,0.910377779375058,0.911430623136061,0.912492975723521,0.913564976535679,0.914646773312781,0.915738522530329
rugby_championship_2025,rugby_championship,2025,south,minutes,primary,11.9331055654966,0.924369502741955,0.924403282893335,0.924437063044714,0.924470843196093,0.924504775658591,0.924551755949823,0.924601271952998,0.924669478101597,0.924767270401287,0.924870484320783,0.924973698240279,0.925076912159775,0.925185369303486,0.925314322236279,0.925447820990146,0.925593186827433,0.925741107661245,0.925894225777156,0.926056421503912,0.926219434918094,0.926387873878666,0.926565279145245,0.92675393781207,0.926944134749208,0.927136524962092,0.927347906599183,0.927559288236273,0.927776939710791,0.928031385147644,0.928285830584498,0.928540276021352,0.928794721458205,0.929049166895058,0.929324083806334,0.929603622369511,0.929885858984115,0.930168095598719,0.930452745992094,0.930746505715915,0.931073460138936,0.931402387231101,0.931731314323267,0.932060241415433,0.932389168507599,0.932737574332839,0.933086827753584,0.93343608117433,0.933785334595075,0.93413458801582,0.934483841436565,0.934838886050026,0.935224422095263,0.935638369695577,0.936052634575,0.936468754572056,0.936884874569113,0.93730099456617,0.937717114563226,0.938134273764886,0.938586503468407,0.939038733171928,0.939507532946522,0.939985914416334,0.940470576020063,0.940955237623792,0.94143989922752,0.941934184092648,0.942430372871509,0.942943186857858,0.94346046004167,0.943979726538348,0.944504660120475,0.94503367165365,0.945568814252094,0.946113984537371,0.946659154822649,0.947204325107926,0.947749495393203,0.94829466567848,0.948839835963757,0.949385006249034,0.949943327319219,0.95052381604696,0.951104304774701,0.951684793502442,0.952265282230183,0.952845770957924,0.953426259685665,0.954006748413406,0.954587237141147,0.955167725868888,0.955748214596629,0.956328703324369,0.95690919205211,0.95749432126187,0.958102293124038,0.958710264986206,0.959345748307174,0.959982175178382,0.960645582050139,0.961313001411078
rugby_championship_2025,rugby_championship,2025,south,tries,primary,0.568825473599054,1.02325838868224,1.02262960199546,1.02207735356198,1.02159854020649,1.02119027213105,1.02084985221027,1.02057475786082,1.0203626250986,1.02021123446449,1.02011849855369,1.02008245092752,1.02010123622203,1.02017310129687,1.02029638729171,1.0204695224773,1.02069101580474,1.02095945107,1.0212734816225,1.02163182555598,1.02203326132828,1.02247662376344,1.02296080039546,1.02348472811823,1.0240473901104,1.02464781300756,1.02528506429773,1.02595824991837,1.02666651203615,1.02740902699236,1.02818500339891,1.02899368037151,1.0298343258879,1.03070623526034,1.03160872971267,1.03254115505319,1.03350288043541,1.0344932971997,1.03551181778927,1.03655787473466,1.03763091970157,1.03873042259698,1.03985587072946,1.04100676801948,1.04218263425606,1.04338300439662,1.04460742790676,1.04585546813733,1.04712670173614,1.04842071809193,1.04973711880859,1.05107551720745,1.05243553785586,1.05381681612044,1.05521899774333,1.05664173844002,1.05808470351748,1.05954756751125,1.06103001384038,1.06253173447916,1.06405242964467,1.06559180749915,1.06714958386636,1.06872548196121,1.07031923213174,1.07193057161298,1.07355924429178,1.07520500048226,1.07686759671111,1.07854679551229,1.08024236523069,1.08195407983414,1.08368171873349,1.08542506661019,1.08718391325116,1.08895805339042,1.09074728655724,1.09255141693051,1.09437025319888,1.0962036084266,1.09805129992462,1.09991314912676,1.10178898147073,1.10367862628378,1.10558191667268,1.10749868941796,1.10942878487213,1.11137204686171,1.11332832259298,1.11529746256115,1.11727932046293,1.1192737531123,1.12128062035932,1.12329978501189,1.12533111276037,1.12737447210483,1.12942973428492,1.13149677321227,1.13357546540521,1.13566568992579,1.13776732831909,1.13988026455453
rugby_championship_2025,rugby_championship,2025,south,try_assists,primary,0.377039477794932,0.948467314355798,0.949204244776867,0.949998590853293,0.950848147143831,0.951750852387389,0.952704776007195,0.953708106262684,0.954759139802279,0.95585627241373,0.956997990803436,0.958182865264117,0.959409543112881,0.960676742800196,0.961983248605463,0.963327905847376,0.964709616547671,0.966127335495481,0.967580066666839,0.969066859959894,0.970586808211671,0.9721390444665,0.973722739470053,0.975337099366083,0.976981363575732,0.978654802841627,0.980356717421048,0.982086435414217,0.983843311215296,0.985626724075053,0.987436076765311,0.989270794336334,0.991130322959223,0.993014128846196,0.994921697242309,0.996852531482845,0.998806152111117,1.00078209605194,1.00277991583649,1.00479917887458,1.00683946677089,1.00890037468184,1.01098151071012,1.01308249533431,1.01520296087091,1.0173425509667,1.01950092011929,1.02167773322386,1.02387266514446,1.02608540030821,1.02831563232083,1.03056306360227,1.03282740504104,1.0351083756661,1.03740570233529,1.03971911943919,1.0420483686195,1.04439319850115,1.04675336443722,1.04912862826599,1.05151875807941,1.05392352800232,1.05634271798184,1.05877611358628,1.06122350581326,1.0636846909062,1.0661594701791,1.06864764984883,1.07114904087479,1.07366345880543,1.07619072363128,1.07873065964417,1.08128309530238,1.08384786310132,1.08642479944953,1.08901374454979,1.09161454228492,1.09422704010826,1.09685108893845,1.09948654305836,1.10213326001797,1.1047911005411,1.10745992843557,1.110139610507,1.11283001647575,1.11553101889704,1.11824249308408,1.12096431703408,1.12369637135695,1.12643853920668,1.12919070621524,1.13195276042886,1.13472459224665,1.13750609436143,1.14029716170266,1.1430976913815,1.14590758263776,1.14872673678872,1.15155505717988,1.15439244913732,1.15723881992183,1.16009407868463
rugby_championship_2025,rugby_championship,2025,south,conversion_goals,primary,0.297968641927306,0.667044253547899,0.665820344229339,0.664710828480728,0.663711599332132,0.662818821339134,0.662028879413488,0.66133836167378,0.660744043984029,0.66024287598162,0.659831968423056,0.659508581698842,0.659270115388292,0.659114098741586,0.659038181990591,0.659040128402089,0.659117806997517,0.659269185872354,0.659492326056074,0.659785375860392,0.660146565669395,0.660574203130313,0.661066668708164,0.661622411571473,0.6622399457797,0.662917846746082,0.663654747952269,0.664449337893538,0.66530035723543,0.666206596164596,0.66716689191822,0.668180126477955,0.669245224415561,0.670361150878661,0.671526909706089,0.672741541663237,0.674004122788684,0.675313762844156,0.676669603860564,0.678070818773485,0.679516610142052,0.681006208945689,0.68253887345365,0.684113888162706,0.685730562798729,0.687388231378299,0.689086251326748,0.690824002649386,0.692600887152921,0.694416327714332,0.696269767594706,0.698160669795744,0.700088516456881,0.702052808291121,0.70405306405788,0.706088820071312,0.708159629742732,0.71026506315592,0.712404706674212,0.714578162578476,0.716785048735137,0.71902499829362,0.721297659412667,0.723602695015134,0.725939782571015,0.728308613908565,0.730708895053538,0.733140346096692,0.735602701089895,0.73809570797128,0.740619128520097,0.743172738342087,0.745756326886391,0.748369697495224,0.751012667487767,0.753685068280014,0.756386745542549,0.759117559398585,0.761877384664939,0.764666111138983,0.767483643935116,0.770329903874748,0.773204827934415,0.776108369757275,0.779040500233991,0.782001208159903,0.784990500976366,0.788008405605303,0.79105496938741,0.794130261135971,0.797234372320144,0.800367418393743,0.803529540288099,0.806720906090635,0.809941712934428,0.813192189128327,0.81647259656241,0.819783233429818,0.823124437313544,0.826496588696007,0.829900114960471,0.833335494967221
rugby_championship_2025,rugby_championship,2025,south,missed_conversion_goals,primary,0.0841031038074037,1.01679299290735,1.0206497812671,1.02458060269942,1.02858283974253,1.03265413973758,1.03679227111948,1.04099511495234,1.045260657209,1.04958698171626,1.05397226369705,1.05841476384873,1.06291282290429,1.06746485662916,1.07206935121161,1.07672485900977,1.08142999462203,1.08618343125123,1.09098389733644,1.09583017342854,1.10072108928837,1.10565552118856,1.11063238940168,1.11565065585939,1.12070932196846,1.12580742657123,1.13094404403871,1.13611828248633,1.14132928210247,1.14657621358154,1.15185827665349,1.15717469870272,1.16252473346986,1.1679076598304,1.17332278064474,1.17876942167454,1.18424693056088,1.18975467585998,1.1952920461324,1.20085844908245,1.20645331074421,1.21207607471121,1.21772620140708,1.22340316739428,1.22910646471874,1.23483560028814,1.24059009528154,1.24636948458879,1.2521733162776,1.25800115108683,1.26385256194433,1.26972713350799,1.27562446172853,1.28154415343294,1.28748582592725,1.29344910661769,1.29943363264903,1.3054390505594,1.31146501595044,1.31751119317215,1.32357725502153,1.32966288245434,1.33576776430929,1.34189159704399,1.34803408448204,1.35419493757077,1.36037387414901,1.36657061872441,1.37278490225985,1.37901646196853,1.38526504111716,1.39153038883711,1.3978122599429,1.40411041475783,1.41042461894631,1.41675464335273,1.42310026384637,1.42946126117218,1.43583742080725,1.44222853282248,1.44863439174945,1.45505479645212,1.4614895500032,1.46793845956496,1.4744013362743,1.48087799513194,1.48736825489544,1.49387193797598,1.50038887033879,1.50691888140688,1.51346180396817,1.52001747408568,1.52658573101085,1.53316641709964,1.53975937773147,1.54636446123087,1.55298151879161,1.55961040440335,1.56625097478065,1.57290308929424,1.57956660990448,1.58624140109692
rugby_championship_2025,rugby_championship,2025,south,penalty_goals,primary,0.224923451141962,0.778645328768095,0.778655584730546,0.778682513170008,0.778726072820993,0.778786278984267,0.778863153210991,0.778956723256212,0.779067023042719,0.779194092634988,0.779337978222952,0.7794987321154,0.779676412742831,0.779871084669622,0.780082818615421,0.78031169148568,0.780557786411318,0.780821192797493,0.781102006381506,0.781400329299926,0.781716270164984,0.782049944150391,0.782401473086715,0.782770985566495,0.783158617059326,0.783564510037137,0.783988814109961,0.784431686172508,0.784893290561885,0.785373799226868,0.785873391909138,0.786392256336963,0.786930588431842,0.78748859252866,0.788066481609982,0.788664477555138,0.789282811404821,0.789921723641984,0.790581464489869,0.791262294228101,0.791964483527818,0.792688313806911,0.793434077606542,0.79420207899018,0.794992633966506,0.795806070937665,0.796642731174434,0.797502969320038,0.798387153924461,0.799295668011273,0.800228909679165,0.801187292740559,0.802171247399877,0.803181220974274,0.80421767865989,0.805281104346946,0.806372001487308,0.807490894018491,0.808638327348416,0.809814869405669,0.811021111760438,0.812257670821827,0.813525189117787,0.814824336664548,0.816155812433102,0.817520345921099,0.818918698839371,0.820351666923277,0.821820081880183,0.823324813485613,0.824866771842039,0.82644690981584,0.82806622566979,0.829725765910496,0.831426628372526,0.833169965563687,0.83495698829896,0.836788969654171,0.838667249274527,0.840593238077916,0.842568423398312,0.844594374621063,0.846672749369287,0.848805300309373,0.850993882653949,0.853240462452871,0.855547125777342,0.857916088919606,0.860349709751499,0.862850500410209,0.865421141510084,0.868064498116423,0.870783637762804,0.8735818508498,0.876462673833042,0.879429915696435,0.882487688317405,0.885640441472617,0.888893003414756,0.892250628187662,0.895719051157987,0.899304554654591
rugby_championship_2025,rugby_championship,2025,south,missed_penalty_goals,primary,0.0737472032733538,1.0577675109629,1.05676240866467,1.05576527051232,1.054776010747,1.05379469895895,1.05282140685285,1.05185620830036,1.0508991793952,1.04995039851043,1.04900994635851,1.04807790605379,1.04715436317793,1.04623940584814,1.0453331247885,1.04443561340438,1.04354696786025,1.04266728716098,1.0417966732367,1.04093523103164,1.04008306859682,1.03924029718712,1.0384070313627,1.03758338909512,1.03676949187833,1.03596546484494,1.03517143688778,1.03438754078735,1.03361391334522,1.03285069552386,1.03209803259322,1.03135607428438,1.03062497495083,1.02990489373757,1.02919599475877,1.02849844728426,1.0278124259355,1.02713811089158,1.02647568810584,1.02582534953378,1.02518729337292,1.02456172431545,1.02394885381444,1.02334890036438,1.02276208979721,1.02218865559463,1.02162883921792,1.02108289045645,1.02055106779601,1.02003363880854,1.01953088056461,1.01904308007032,1.01857053473036,1.01811355283913,1.01767245410198,1.0172475701889,1.01683924532293,1.01644783690613,1.01607371618597,1.01571726896529,1.01537889635928,1.01505901560344,1.01475806091649,1.01447648442302,1.01421475714072,1.01397337003793,1.01375283516751,1.01355368688377,1.01337648315004,1.01322180694504,1.01309026777723,1.01298250331737,1.01289918116059,1.01284100073056,1.01280869533996,1.01280303442284,1.0128248259568,1.01287491909456,1.01295420702743,1.01306363010586,1.01320417924545,1.01337689965066,1.01358289489299,1.01382333138509,1.0140994432985,1.01441253797939,1.01476400192481,1.01515530739119,1.01558801971825,1.01606380546423,1.01658444146414,1.01715182494123,1.01776798482394,1.0184350944473,1.01915548584974,1.01993166591535,1.02076633465888,1.02166240600896,1.0226230315164,1.02365162750323,1.02475190627828,1.02592791218391
rugby_championship_2025,rugby_championship,2025,south,drop_goals_converted,primary,0.0029672003692787,1.19286349127737,1.18423537953436,1.1756122375861,1.16698909563784,1.15836595368958,1.14974281174132,1.14111966979306,1.13249652784479,1.12387338589653,1.11525024394827,1.10662710200001,1.09800396005175,1.08938081810349,1.08075767615523,1.07213453420697,1.06351139225871,1.05488825031045,1.04626510836219,1.03764196641393,1.02901882446567,1.02039568251741,1.01177254056915,1.00314939862089,0.994526256672628,0.985903114724367,0.977279972776106,0.968656830827846,0.960033688879586,0.951410546931325,0.942787404983065,0.934164263034804,0.925541121086544,0.916917979138283,0.908294837190023,0.899671695241762,0.891048553293502,0.882425411345242,0.873802269396981,0.865179127448721,0.85655598550046,0.8479328435522,0.839309701603939,0.830686559655679,0.822063417707419,0.813440275759158,0.804817133810898,0.796193991862637,0.787570849914377,0.778947707966116,0.770324566017856,0.761701424069595,0.753078282121335,0.744455140173075,0.735831998224814,0.727208856276554,0.718585714328293,0.709962572380033,0.701339430431772,0.692716288483512,0.684093146535252,0.675470004586991,0.66684686263873,0.65822372069047,0.64960057874221,0.640977436793949,0.632354294845689,0.623731152897428,0.615108010949168,0.606484869000907,0.597861727052647,0.589238585104387,0.580615443156126,0.571992301207866,0.563369159259605,0.554746017311345,0.546122875363084,0.537499733414824,0.528876591466564,0.520253449518303,0.511630307570042,0.503007165621782,0.494384023673522,0.485760881725261,0.477137739777001,0.46851459782874,0.45989145588048,0.45126831393222,0.442645171983959,0.434022030035699,0.425398888087438,0.416775746139178,0.408152604190917,0.399529462242657,0.390906320294396,0.382283178346136,0.373660036397876,0.365036894449615,0.356413752501355,0.347790610553094,0.339167468604834,0.330544326656573
rugby_championship_2025,rugby_championship,2025,south,drop_goal_missed,primary,0.014757729574701,0.897651048158029,0.896819990886302,0.895996692631222,0.895180462643553,0.894371377390167,0.89356951458555,0.892774953219099,0.891987773583155,0.891208057301824,0.890435887360588,0.889671348136754,0.888914525430749,0.888165506498306,0.887424380083566,0.88669123645312,0.885966167431037,0.885249266434902,0.884540628512898,0.883840350381984,0.883148530467187,0.88246526894206,0.881790667770348,0.881124830748898,0.880467863551865,0.879819873776261,0.879180970988888,0.878551266774716,0.877930874786755,0.877319910797473,0.876718492751832,0.87612674082198,0.875544777463686,0.874972727474568,0.874410718054189,0.873858878866099,0.873317342101884,0.872786242547319,0.872265717650689,0.871755907593386,0.87125695536285,0.87076900682797,0.870292210817024,0.869826719198282,0.869372686963366,0.868930272313489,0.868499636748691,0.868080945160198,0.867674365926037,0.867280071010042,0.866898236064402,0.8665290405359,0.866172667776006,0.865829305154989,0.865499144180234,0.865182380618936,0.864879214625388,0.864589850873049,0.864314498691629,0.864053372209399,0.863806690500995,0.863574677740941,0.863357563363193,0.863155582226949,0.862968974789069,0.862797987283379,0.862642871907227,0.862503887015621,0.862381297323336,0.862275374115385,0.862186395466263,0.862114646468416,0.862060419470402,0.862024014325241,0.862005738649481,0.862005908093545,0.862024846623937,0.862062886817967,0.862120370171635,0.862197647421407,0.86229507888063,0.862413034791403,0.862551895692754,0.862712052806043,0.862893908438572,0.863097876406431,0.863324382477705,0.863573864837221,0.863846774574107,0.864143576193516,0.86446474815398,0.864810783431922,0.86518219011503,0.865579492026239,0.866003229380271,0.86645395947477,0.866932257418257,0.867438716897273,0.867973950985279,0.868538592996061,0.869133297384626,0.86975874069877
rugby_championship_2025,rugby_championship,2025,south,defenders_beaten,primary,1.73326859230547,0.89023228103118,0.888903913263342,0.887610477156235,0.886351380113863,0.885126048138001,0.883933924953414,0.882774471189847,0.881647163616102,0.880551494421973,0.879486970544234,0.878453113033232,0.877449456456978,0.876475548339894,0.875530948633657,0.874615229217791,0.873727973427886,0.872868775609487,0.872037240695877,0.871232983808123,0.870455629875885,0.869704813277633,0.868980177498975,0.868281374807974,0.867608065946353,0.866959919835604,0.866336613297104,0.865737830785366,0.865163264133664,0.864612612311292,0.864085581191787,0.863581883331491,0.863101237757869,0.862643369767032,0.862208010729978,0.861794897907056,0.86140377427023,0.861034388332726,0.860686493985673,0.860359850341385,0.86005422158294,0.859769376819742,0.859505089948772,0.859261139521243,0.859037308614403,0.858833384708234,0.85864915956682,0.858484429124161,0.858338993374237,0.858212656265109,0.858105225596896,0.858016512923441,0.857946333457507,0.857894505979348,0.857860852748511,0.85784519941873,0.857847374955779,0.857867211558163,0.857904544580534,0.857959212459705,0.858031056643178,0.858119921520071,0.858225654354357,0.85834810522031,0.858487126940102,0.858642575023434,0.858814307609152,0.85900218540876,0.859206071651756,0.859425832032748,0.859661334660253,0.859912450007145,0.860179050862683,0.860461012286068,0.860758211561473,0.861070528154501,0.861397843670016,0.861740041811316,0.862097008340588,0.862468631040614,0.862854799677692,0.863255405965725,0.863670343531444,0.864099507880744,0.864542796366086,0.865000108154936,0.865471344199224,0.865956407205782,0.86645520160774,0.86696763353685,0.867493610796735,0.868033042837001,0.868585840728233,0.869151917137825,0.869731186306639,0.870323564026475,0.870928967618323,0.871547315911395,0.872178529222918,0.872822529338669,0.873479239494244,0.874148584357048
rugby_championship_2025,rugby_championship,2025,south,clean_breaks,primary,0.617830958743819,0.995966663381896,0.995120446706241,0.994338286124691,0.993618137268196,0.992958068162787,0.992356250478283,0.991810951655394,0.991320527803914,0.99088341728006,0.990498134863907,0.990163266468616,0.989877464322327,0.989639442571264,0.989447973259207,0.989301882644059,0.989200047817085,0.989141393594497,0.989124889654649,0.98914954789718,0.98921442000312,0.989318595177325,0.989461198056604,0.989641386768727,0.989858351129018,0.990111310962655,0.990399514541971,0.990722237129153,0.991078779615643,0.991468467250442,0.991890648450198,0.992344693684675,0.992829994431776,0.99334596219682,0.993892027591245,0.994467639466357,0.995072264098098,0.99570538441918,0.996366499295208,0.997055122841742,0.997770783779457,0.998513024824811,0.999281402113842,1.0000754846569,1.00089485382226,1.00173910284684,1.00260783637213,1.00350067000396,1.00441722989441,1.00535715234463,1.00632008342732,1.00730567862757,1.00831360250106,1.00934352834859,1.01039513790598,1.0114681210485,1.01256217550887,1.01367700660832,1.0148123269997,1.0159678564222,1.01714332146693,1.01833845535289,1.01955299771258,1.02078669438697,1.02203929722924,1.02331056391681,1.02460025777128,1.0259081475859,1.02723400746016,1.02857761664116,1.02993875937146,1.03131722474301,1.03271280655702,1.03412530318932,1.03555451746109,1.03700025651462,1.03846233169395,1.03994055843011,1.04143475613074,1.04294474807398,1.04447036130639,1.04601142654468,1.04756777808119,1.0491392536929,1.05072569455379,1.05232694515049,1.05394285320109,1.05557326957682,1.05721804822675,1.05887704610516,1.06055012310158,1.06223714197344,1.06393796828111,1.06565247032534,1.06738051908699,1.06912198816895,1.0708767537402,1.0726446944819,1.07442569153545,1.07621962845253,1.07802639114691,1.0798458678481
rugby_championship_2025,rugby_championship,2025,south,offload,primary,0.79332412119843,0.954583414242965,0.954750302191112,0.954930004835576,0.955122356868421,0.955327197011101,0.955544367879454,0.955773715854802,0.956015090960817,0.956268346745834,0.956533340170318,0.9568099314992,0.957097984198836,0.957397364838327,0.957707942994991,0.958029591163767,0.958362184670342,0.958705601587833,0.959059722656824,0.959424431208616,0.959799613091516,0.960185156600028,0.960580952406799,0.960986893497209,0.961402875106456,0.961828794659039,0.96226455171053,0.962710047891515,0.96316518685363,0.963629874217577,0.964104017523056,0.96458752618051,0.965080311424615,0.965582286269445,0.966093365465233,0.966613465456666,0.967142504342652,0.967680401837501,0.968227079233459,0.968782459364541,0.969346466571619,0.969919026668714,0.970500066910432,0.97108951596053,0.971687303861541,0.972293362005436,0.972907623105276,0.973530021167828,0.974160491467103,0.974798970518785,0.975445396055523,0.97609970700306,0.976761843457156,0.9774317466613,0.978109358985171,0.978794623903824,0.979487485977594,0.980187890832667,0.980895785142337,0.981611116608886,0.982333833946108,0.983063886862427,0.983801226044619,0.984545803142099,0.985297570751778,0.986056482403458,0.986822492545769,0.987595556532613,0.988375630610133,0.989162671904163,0.989956638408175,0.990757488971694,0.99156518328919,0.992379681889411,0.993200946125188,0.99402893816366,0.99486362097695,0.99570495833326,0.996552914788396,0.997407455677706,0.998268547108429,0.999136155952459,1.00001024983951,1.00089079715067,1.0017777670124,1.00267112929084,1.00357085458664,1.00447691423003,1.00538928027644,1.00630792550239,1.00723282340184,1.00816394818292,1.00910127476508,1.01004477877655,1.01099443655236,1.01195022513259,1.01291212226118,1.01388010638506,1.01485415665373,1.01583425291931,1.01682037573692,1.01781250636561
rugby_championship_2025,rugby_championship,2025,south,runs,primary,1.75799056017227,1.11211354869162,1.10714253469669,1.10227866119607,1.0975201194474,1.09286516480009,1.08831211309319,1.08385933733902,1.0795052646636,1.07524837347834,1.07108719086042,1.06702029012224,1.06304628855213,1.05916384531113,1.0553716594716,1.05166846818562,1.04805304497198,1.04452419811192,1.04108076914468,1.03772163145491,1.03444568894466,1.03125187478352,1.02813915023082,1.02510650352474,1.02215294883324,1.01927752526255,1.01647929591903,1.01375734702073,1.01111078705536,1.00853874598136,1.00604037446947,1.00361484318193,1.00126134208711,0.998979079807149,0.996767282996763,0.994625195751131,0.992552079041231,0.990547210174942,0.988609882282432,0.986739403824423,0.984935098122027,0.983196302906965,0.98152236989102,0.979912664353693,0.978366564747064,0.976883462316973,0.97546276073963,0.974103875772887,0.972806234921404,0.971569277115014,0.970392452399632,0.969275221640083,0.96821705623428,0.967217437838194,0.966275858101112,0.965391818410705,0.964564829647431,0.963794411947871,0.963080094476572,0.962421415206028,0.961817920704431,0.961269165930859,0.96077471403757,0.960334136179107,0.959947011327912,0.959612926096197,0.959331474563782,0.959102258111692,0.958924885261247,0.958798971518439,0.958724139223388,0.958700017404673,0.958726241638345,0.958802453911452,0.958928302489889,0.959103441790429,0.959327532256762,0.959600240239404,0.959921237879329,0.960290202995199,0.960706818974051,0.961170774665325,0.961681764278122,0.962239487281565,0.962843648308181,0.963493957060167,0.964190128218484,0.964931881354652,0.965718940845177,0.966551035788519,0.967427899924516,0.968349271556197,0.969314893473897,0.970324512881616,0.971377881325537,0.972474754624664,0.973614892803485,0.974798060026632,0.976024024535454,0.977292558586475,0.978603438391656,0.979956444060432
rugby_championship_2025,rugby_championship,2025,south,tackles,primary,2.05470367384887,1.00668213999907,1.00345175382489,1.00026078158034,0.997108808703532,0.99399543988666,0.990920297941346,0.987883022756998,0.984883270342942,0.981920711946152,0.97899503323732,0.976105933558867,0.973253125229171,0.970436332897938,0.967655292948162,0.964909752940633,0.962199471097324,0.959524215820407,0.956883765243941,0.954277906815593,0.951706436905971,0.94916916044343,0.946665890572367,0.944196448333234,0.94176066236264,0.939358368612087,0.936989410083969,0.934653636583641,0.932350904486416,0.930081076518474,0.927844021550748,0.925639614404917,0.923467735670736,0.921328271533955,0.919221113614177,0.917146158812034,0.915103309165115,0.913092471712126,0.911113558364798,0.909166485787105,0.907251175281364,0.905367552680861,0.903515548248625,0.901695096582045,0.899906136523012,0.898148611073318,0.896422467315039,0.894727656335682,0.893064133157841,0.891431856673191,0.889830789580596,0.888260898328171,0.88672215305913,0.885214527561261,0.883737999219884,0.882292548974179,0.88087816127673,0.879494824056211,0.878142528683072,0.876821269938159,0.875531045984166,0.874271858339841,0.87304371185687,0.871846614699382,0.870680578325997,0.869545617474382,0.868441750148248,0.867368997606759,0.866327384356305,0.865316938144608,0.864337689957139,0.863389674015812,0.86247292777995,0.861587491949489,0.860733410470436,0.859910730542554,0.859119502629286,0.858359780469914,0.857631621093969,0.8569350848379,0.856270235364018,0.855637139681737,0.855035868171143,0.854466494608914,0.85392909619663,0.853423753591519,0.852950550939666,0.852509575911756,0.852100919741397,0.85172467726608,0.851380946970845,0.851069831034734,0.850791435380094,0.850545869724823,0.85033324763766,0.850153686596593,0.850007308050518,0.849894237484247,0.849814604486988,0.849768542824438,0.849756190514618,0.849777689907612
rugby_championship_2025,rugby_championship,2025,south,missed_tackles,primary,1.33995574235755,0.96879463341686,0.968167544755056,0.967548749063529,0.966938247494927,0.966336042318522,0.965742136889052,0.965156535617765,0.964579243945507,0.96401026831772,0.963449616161216,0.962897295862607,0.962353316748282,0.961817689065838,0.961290423966864,0.96077153349101,0.960261030551244,0.959758928920244,0.959265243217857,0.958779988899559,0.958303182245866,0.957834840352647,0.957374981122295,0.9569236232557,0.956480786245008,0.956046490367105,0.955620756677812,0.955203607006752,0.954795063952856,0.954395150880498,0.954003891916213,0.953621311946003,0.953247436613178,0.952882292316748,0.952525906210324,0.952178306201522,0.951839520951858,0.951509579877112,0.951188513148168,0.950876351692292,0.950573127194866,0.95027887210155,0.949993619620875,0.94971740372726,0.949450259164435,0.94919222144929,0.948943326876113,0.948703612521249,0.948473116248143,0.948251876712796,0.948039933369608,0.947837326477627,0.947644097107184,0.947460287146937,0.947285939311306,0.947121097148313,0.946965805047823,0.94682010825019,0.94668405285532,0.946557685832139,0.946441055028485,0.946334209181423,0.946237197927994,0.946150071816392,0.946072882317593,0.946005681837434,0.94594852372915,0.945901462306379,0.94586455285665,0.945837851655353,0.945821415980216,0.945815304126287,0.945819575421443,0.945834290242431,0.945859510031465,0.945895297313383,0.945941715713382,0.945998829975354,0.946066705980834,0.94614541076857,0.946235012554753,0.946335580753912,0.946447186000494,0.946569900171163,0.946703796407826,0.946848949141421,0.94700543411649,0.947173328416556,0.947352710490343,0.947543660178857,0.947746258743374,0.947960588894344,0.948186734821271,0.948424782223582,0.948674818342538,0.948936931994219,0.949211213603622,0.949497755239922,0.949796650652939,0.950107995310851,0.95043188643922,0.950768423061368
rugby_championship_2025,rugby_championship,2025,south,rucks_won,primary,1.74511199396804,0.894855314137078,0.89299257293582,0.891162446877581,0.88936467785325,0.887599017249986,0.885865225556977,0.884163071995933,0.882492334174438,0.880852797760474,0.879244256176548,0.877666510312023,0.876119368252358,0.874602645024072,0.873116162354363,0.871659748444388,0.87023323775529,0.868836470806155,0.867469293983105,0.86613155935886,0.86482312452207,0.863543852415865,0.862293611185037,0.861072274031347,0.859879719076499,0.858715829232322,0.85758049207777,0.856473599742352,0.855395048795646,0.854344740142579,0.853322578924161,0.852328474423398,0.851362339976129,0.850424092886528,0.849513654347064,0.848630949362701,0.847775906679139,0.846948458714916,0.846148541497206,0.845376094601149,0.844631061092566,0.843913387473925,0.843223023633434,0.842559922797122,0.84192404148383,0.84131533946298,0.840733779715041,0.840179328394603,0.83965195479597,0.839151631321212,0.838678333450579,0.838232039715248,0.837812731672309,0.837420393881967,0.837055013886892,0.836716582193673,0.836405092256354,0.836120540461994,0.83586292611824,0.835632251442872,0.835428521555303,0.835251744470026,0.835101931091964,0.834979095213753,0.834883253514911,0.834814425562922,0.834772633816217,0.834757903629057,0.834770263258344,0.834809743872349,0.834876379561392,0.834970207350482,0.835091267213958,0.835239602092139,0.835415257910035,0.83561828359815,0.835848731115423,0.836106655474352,0.836392114768358,0.836705170201455,0.837045886120272,0.837414330048529,0.837810572724019,0.838234688138194,0.838686753578453,0.83916684967322,0.839675060439942,0.840211473336107,0.840776179313428,0.841369272875327,0.84199085213787,0.842641018894331,0.843319878683548,0.844027540862279,0.844764118681763,0.845529729368722,0.846324494211044,0.847148538648421,0.848001992368246,0.848884989407067,0.849797668257973,0.850740171984263
rugby_championship_2025,rugby_championship,2025,south,rucks_lost,primary,0.582705833393195,1.03841056470134,1.03736601028346,1.03633708791143,1.03532351856105,1.0343250358411,1.03334138528329,1.03237232368656,1.03141761851085,1.0304770473156,1.02955039723924,1.0286374645159,1.02773805402621,1.02685197887926,1.02597906002327,1.02511912588238,1.02427201201777,1.02343756081092,1.02261562116753,1.02180604824029,1.02100870316935,1.02022345283898,1.01945016964936,1.01868873130238,1.01793902060052,1.01720092525787,1.01647433772244,1.01575915500915,1.01505527854262,1.01436261400925,1.01368107121805,1.01301056396952,1.01235100993221,1.01170233052653,1.01106445081529,1.01043729940064,1.00982080832709,1.00921491299018,1.0086195520506,1.00803466735345,1.00746020385226,1.00689610953781,1.00634233537116,1.00579883522104,1.00526556580514,1.00474248663526,1.00422955996616,1.00372675074789,1.00323402658153,1.00275135767814,1.00227871682092,1.00181607933036,1.00136342303229,1.00092072822885,1.00048797767218,1.00006515654078,0.99965225241858,0.999249255276479,0.99885615745646,0.998472953658157,0.998099640927857,0.997736218649903,0.997382688540465,0.997039054643663,0.996705323330033,0.996381503297311,0.996067605573544,0.995763643522526,0.995469632851563,0.995185591621587,0.994911540259625,0.994647501573663,0.99439350076992,0.994149565472579,0.993915725746009,0.993692014119529,0.993478465614771,0.993275117775701,0.993082010701361,0.992899187081418,0.992726692234595,0.992564574150076,0.99241288353199,0.992271673847073,0.992141001375634,0.992020925265949,0.991911507592221,0.991812813416261,0.991724910853039,0.9916478711403,0.991581768712414,0.991526681278671,0.991482689906253,0.991449879108095,0.991428336935913,0.99141815507867,0.991419428966765,0.991432257882286,0.991456745075666,0.99149299788911,0.991541127887218,0.991601250995223
rugby_championship_2025,rugby_championship,2025,south,passes,primary,3.92378752422768,0.87376624765561,0.871223141529945,0.868739699275313,0.866315021613847,0.863948239168676,0.861638510869195,0.859385022483006,0.857186985261097,0.855043634684581,0.852954229302822,0.850918049654065,0.848934397260742,0.847002593692585,0.84512197969144,0.843291914352391,0.841511774356385,0.839780953250044,0.838098860768857,0.836464922200268,0.83487857778357,0.833339282143811,0.831846503757158,0.830399724445453,0.828998438897844,0.827642154217622,0.826330389492518,0.825062675386887,0.823838553754326,0.82265757726941,0.821519309077322,0.820423322460258,0.81936920051958,0.81835653587276,0.817384930364242,0.816453994789406,0.81556334863088,0.814712619806513,0.813901444428341,0.813129466571966,0.812396338055771,0.811701718229456,0.811045273771412,0.810426678494469,0.809845613159604,0.809301765297206,0.808794829035525,0.80832450493597,0.807890499834905,0.807492526691672,0.807130304442518,0.806803557860185,0.806512017418889,0.806255419164467,0.806033504589449,0.805846020512863,0.805692718964559,0.805573357073869,0.805487696962432,0.80543550564101,0.805416554910133,0.805430621264442,0.805477485800567,0.805556934128429,0.80566875628582,0.805812746656159,0.805988703889306,0.806196430825323,0.806435734421092,0.806706425679692,0.807008319582435,0.807341235023499,0.807704994747057,0.808099425286839,0.808524356908054,0.8089796235516,0.809465062780513,0.809980515728573,0.810525827051039,0.81110084487744,0.811705420766383,0.812339409662323,0.813002669854276,0.813695062936401,0.814416453770446,0.815166710450003,0.815945704266555,0.816753309677274,0.817589404274561,0.818453868757281,0.819346586903702,0.820267445546091,0.821216334546973,0.822193146777027,0.823197778094614,0.824230127326928,0.825290096252764,0.826377589586896,0.827492514966072,0.828634782936619,0.829804306943669,0.831001003322004
rugby_championship_2025,rugby_championship,2025,south,bad_passes,primary,0.95400981868341,0.951738757955391,0.950725646166529,0.949750253681069,0.948809816971132,0.947902038441107,0.947024981244712,0.946176992516023,0.945356646257514,0.944562700124761,0.943794062226475,0.943049765268058,0.942328946163815,0.941630829779319,0.940954715833152,0.940299968243896,0.939666006390097,0.93905229788168,0.938458352536567,0.937883717326526,0.937327972108654,0.936790725998418,0.936271614270245,0.935770295694725,0.935286450239411,0.934819777074133,0.934369992832763,0.933936830092077,0.93352003603527,0.933119371273319,0.932734608801833,0.932365533074723,0.932011939178996,0.931673632097446,0.931350426048004,0.931042143890223,0.930748616590743,0.930469682740754,0.930205188119451,0.929954985298317,0.929718933281733,0.929496897180043,0.929288747911679,0.929094361931404,0.928913620982082,0.928746411867718,0.928592626245777,0.928452160437034,0.928324915251409,0.928210795828439,0.928109711491155,0.928021575612337,0.927946305492171,0.927883822246492,0.927834050704869,0.927796919317877,0.927772360072974,0.92776030841849,0.927760703195254,0.927773486575491,0.927798604008629,0.927836004173738,0.927885638938334,0.927947463323344,0.928021435474054,0.92810751663691,0.928205671142045,0.928315866391485,0.928438072852973,0.92857226405941,0.92871841661392,0.928876510200608,0.929046527601073,0.929228454716802,0.929422280597579,0.929627997476098,0.92984560080899,0.930075089324513,0.930316465077206,0.930569733509839,0.930834903523039,0.931111987553033,0.931401001657994,0.931701965613537,0.932014903017994,0.932339841408149,0.932676812386214,0.933025851758917,0.933386999689662,0.933760300864859,0.934145804675634,0.934543565416277,0.934953642500971,0.935376100700494,0.935811010400848,0.936258447885962,0.93671849564694,0.937191242720598,0.937676785060437,0.938175225943598,0.938686676417823,0.93921125579303
rugby_championship_2025,rugby_championship,2025,south,turnovers_conceded,primary,1.04538041093422,0.962243928073479,0.96215832990527,0.962075334551889,0.961994934317153,0.961917121878864,0.961841890279275,0.961769232916026,0.961699143533521,0.961631616214736,0.961566645373421,0.961504225746691,0.961444352387984,0.961387020660366,0.961332226230164,0.961279965060931,0.961230233407701,0.961183027811542,0.961138345094388,0.961096182354141,0.961056536960018,0.96101940654816,0.960984789017464,0.960952682525651,0.960923085485549,0.96089599656159,0.960871414666503,0.960849338958216,0.960829768836932,0.960812703942403,0.960798144151372,0.960786089575193,0.96077654055761,0.960769497672709,0.960764961723018,0.960762933737766,0.96076341497129,0.960766406901584,0.960771911228998,0.960779929875071,0.9607904649815,0.960803518909247,0.96081909423777,0.960837193764392,0.960857820503791,0.960880977687614,0.960906668764222,0.960934897398545,0.960965667472071,0.960998983082944,0.961034848546188,0.961073268394043,0.961114247376422,0.961157790461485,0.961203902836326,0.96125258990778,0.961303857303346,0.961357710872227,0.961414156686481,0.961473201042302,0.961534850461405,0.96159911169254,0.961665991713124,0.96173549773099,0.961807637186262,0.961882417753355,0.961959847343098,0.962039934104983,0.962122686429548,0.962208112950887,0.962296222549295,0.962387024354052,0.962480527746341,0.96257674236231,0.96267567809628,0.962777345104102,0.96288175380666,0.962988914893534,0.963098839326824,0.963211538345132,0.963327023467715,0.963445306498812,0.963566399532146,0.96369031495561,0.963817065456137,0.963946664024778,0.964079123961958,0.964214458882962,0.964352682723619,0.964493809746211,0.964637854545616,0.964784832055681,0.964934757555838,0.965087646677987,0.965243515413625,0.965402380121263,0.965564257534116,0.965729164768096,0.965897119330103,0.966068139126645,0.966242242472776,0.966419448101393
rugby_championship_2025,rugby_championship,2025,south,penalties_conceded,primary,0.949525980713103,1.00907994445677,1.00874070106519,1.00840664138659,1.00807770914406,1.00775384988272,1.0074350108931,1.00712114113889,1.00681219118887,1.00650811315269,1.00620886062027,1.00591438860448,1.00562465348705,1.00533961296727,1.00505922601354,1.00478345281739,1.00451225474992,1.00424559432051,1.00398343513754,1.00372574187122,1.00347248021815,1.00322361686771,1.00297911947002,1.00273895660555,1.00250309775605,1.00227151327702,1.0020441743713,1.00182105306408,1.00160212217888,1.0013873553148,1.00117672682468,1.00097021179435,1.00076778602273,1.00056942600286,1.00037510890382,1.00018481255332,0.999998515421222,0.99981619660365,0.99963783580787,0.999463413337801,0.999292910080163,0.999126307491223,0.998963587584126,0.998804732916757,0.998649726580152,0.99849855218739,0.998351193862987,0.998207636232741,0.998067864414025,0.997931864006512,0.997799621083306,0.997671122182468,0.99754635429893,0.997425304876767,0.997307961801834,0.997194313394738,0.997084348404148,0.996978056000419,0.996875425769536,0.996776447707352,0.996681112214126,0.996589410089342,0.996501332526806,0.99641687111002,0.99633601780781,0.996258764970223,0.99618510532467,0.996115031972322,0.996048538384742,0.995985618400768,0.995926266223619,0.995870476418241,0.995818243908884,0.995769563976895,0.995724432258749,0.995682844744297,0.995644797775232,0.995610288043783,0.995579312591625,0.995551868809012,0.995527954434125,0.995507567552645,0.995490706597551,0.995477370349137,0.99546755793525,0.99546126883177,0.995458502863302,0.995459260204121,0.995463541379335,0.995471347266303,0.995482679096295,0.995497538456401,0.995515927291702,0.995537847907697,0.995563302973005,0.995592295522346,0.995624828959805,0.995660907062391,0.995700533983901,0.995743714259098,0.995790452808218,0.995840754941815
rugby_championship_2025,rugby_championship,2025,south,yellow_cards,primary,0.136135638104584,0.906661244655505,0.906949978124497,0.90724718151383,0.907552866465536,0.907867048229596,0.908189745635792,0.90852098107198,0.908860780468596,0.909209173289293,0.909566192527573,0.909931874709342,0.910306259901331,0.910689391725327,0.911081317378211,0.911482087657801,0.911891756994521,0.912310383488951,0.912738028955314,0.913174758971003,0.91362064293224,0.914075754116017,0.914540169748472,0.915013971079865,0.915497243466382,0.915990076458977,0.916492563899523,0.917004804024552,0.917526899576905,0.918058957925631,0.918601091194538,0.919153416399795,0.919716055597063,0.92028913603864,0.920872790341189,0.921467156664632,0.922072378902865,0.922688606887019,0.923315996602017,0.9239547104173,0.924604917332619,0.925266793239918,0.925940521202388,0.926626291751901,0.927324303206128,0.928034762006767,0.928757883080461,0.929493890224102,0.930243016516423,0.931005504757933,0.931781607941464,0.932571589755846,0.933375725125446,0.934194300788637,0.935027615918538,0.935875982789761,0.9367397274953,0.937619190718135,0.938514728562673,0.939426713451696,0.940355535095206,0.941301601538244,0.942265340295708,0.943247199583096,0.944247649653322,0.945267184251,0.946306322197117,0.947365609118776,0.948445619340686,0.949546957957471,0.950670263108584,0.951816208480883,0.952985506067707,0.954178909217796,0.955397216012714,0.956641273017812,0.957911979459343,0.9592102918895,0.960537229412161,0.961893879555553,0.963281404894405,0.96470105054422,0.96615415267518,0.967642148223976,0.969166586020524,0.970729139595162,0.97233162199377,0.97397600300737,0.975664429324992,0.977399248251786,0.979183035809684,0.98101863027109,0.982909172489722,0.984858154819855,0.986869481004479,0.988947540237628,0.991097299778606,0.993324422191107,0.995635415777865,0.998037830537734,1.00054051775225,1.00315398043345
rugby_championship_2025,rugby_championship,2025,south,red_cards,primary,0.0035481496850074,0.993402614427794,0.989210112255715,0.985019061094533,0.980829460099651,0.976641308427467,0.972454605235386,0.968269349681803,0.964085540926111,0.959903178128702,0.955722260450955,0.951542787055243,0.947364757104929,0.943188169764362,0.939013024198878,0.934839319574798,0.930667055059427,0.926496229821047,0.922326843028926,0.918158893853302,0.913992381465398,0.909827305037405,0.905663663742492,0.901501456754796,0.897340683249426,0.893181342402462,0.889023433390944,0.88486695539288,0.880711907587246,0.876558289153974,0.872406099273961,0.868255337129057,0.864106001902076,0.859958092776785,0.855811608937902,0.851666549571103,0.847522913863012,0.843380701001199,0.839239910174192,0.835100540571453,0.830962591383397,0.826826061801378,0.822690951017698,0.81855725822559,0.814424982619232,0.810294123393736,0.806164679745154,0.802036650870466,0.797910035967586,0.793784834235363,0.789661044873571,0.785538667082915,0.781417700065023,0.77729814302245,0.773179995158676,0.7690632556781,0.764947923786043,0.760833998688744,0.75672147959336,0.752610365707963,0.748500656241542,0.744392350403994,0.740285447406136,0.736179946459684,0.732075846777272,0.727973147572435,0.723871848059617,0.719771947454166,0.715673444972331,0.71157633983126,0.707480631249011,0.703386318444525,0.699293400637652,0.695201877049134,0.691111746900604,0.687023009414593,0.682935663814516,0.678849709324685,0.674765145170297,0.670681970577434,0.666600184773066,0.662519786985047,0.658440776442114,0.654363152373881,0.650286914010848,0.646212060584386,0.642138591326752,0.638066505471071,0.633995802251345,0.629926480902449,0.625858540660129,0.621791980761001,0.61772680044255,0.613662998943128,0.609600575501952,0.605539529359103,0.601479859755529,0.597421565933034,0.593364647134288,0.589309102602814,0.585254931582998,0.581202133320081
rugby_championship_2025,rugby_championship,2025,south,metres,primary,1.32162156811535,0.965424233783114,0.965784996971983,0.966168221691609,0.966573280241553,0.966999568767051,0.967446506065466,0.967913532469897,0.968400108803791,0.968905715401024,0.969429851186402,0.96997203281202,0.970531793845316,0.971108684005026,0.971702268441582,0.9723121270588,0.972937853873947,0.973579056413544,0.974235355142476,0.974906382924158,0.975591784509713,0.976291216054259,0.97700434465855,0.977730847934379,0.97847041359222,0.979222739049757,0.979987531060004,0.980764505357838,0.981553386323839,0.982353906664423,0.983165807107313,0.983988836111462,0.98482274959061,0.985667310649702,0.986522289333458,0.987387462386414,0.988262613023824,0.989147530712829,0.990042010963348,0.99094585512818,0.991858870211843,0.992780868687683,0.993711668322854,0.994651092010756,0.99559896761056,0.99655512779348,0.997519409895455,0.998491655775924,0.999471711682425,1.00045942812072,1.00145465973018,1.00245726516424,1.00346710697562,1.00448405150614,1.00550796878091,1.0065387324067,1.00757621947431,1.00862031046478,1.00967088915923,1.01072784255223,1.01179106076853,1.01286043698298,1.01393586734355,1.01501725089731,1.01610448951931,1.01719748784406,1.01829615319976,1.01940039554495,1.02051012740772,1.02162526382707,1.0227457222967,1.02387142271082,1.02500228731218,1.02613824064197,1.02727920949182,1.02842512285753,1.02957591189472,1.03073150987621,1.03189185215104,1.03305687610521,1.03422652112401,1.03540072855579,1.03657944167739,1.03776260566087,1.03895016754179,1.04014207618875,1.04133828227435,1.04253873824739,1.04374339830643,1.0449522183745,1.04616515607506,1.04738217070917,1.04860322323378,1.04982827624118,1.05105729393956,1.05229024213468,1.05352708821257,1.05476780112338,1.05601235136615,1.05726071097475,1.05851285350472,1.05976875402116
pacific_nations_cup_2025,pacific_nations_cup,2025,south,minutes,primary,10.9783955962008,0.96927582724443,0.968863301953625,0.96849218498432,0.968121068015015,0.96774995104571,0.967442563941335,0.96728106653643,0.967119569131525,0.96695807172662,0.966796574321715,0.9666781690269,0.966587739314647,0.966497309602393,0.966409543973973,0.966369906568687,0.966330269163401,0.966290631758115,0.966268307554458,0.96625917379698,0.966250040039502,0.966240906282024,0.966231772524546,0.966222638767068,0.96621350500959,0.966204371252112,0.966195237494634,0.966186103737156,0.966176969979678,0.9661678362222,0.966158702464722,0.966149568707244,0.966169151288689,0.966247102574008,0.966325053859326,0.966403005144645,0.966572678821982,0.966784180657898,0.967047721619566,0.967311262581233,0.967574803542901,0.967838344504569,0.968101885466237,0.968365426427905,0.968628967389572,0.96889250835124,0.969156049312908,0.969419590274576,0.969683131236244,0.969946672197912,0.97021021315958,0.970530863875861,0.970868303940515,0.971205744005169,0.971543184069824,0.971910410882893,0.972299154748905,0.972687898614918,0.97307664248093,0.973465386346942,0.973854130212955,0.974242874078967,0.97463161794498,0.975020361810992,0.975409105677005,0.975797849543017,0.976186593409029,0.976575337275042,0.976964081141054,0.977352825007067,0.977760860649868,0.978200486154692,0.978640111659517,0.979079737164341,0.979519362669166,0.979988288396082,0.98047733547803,0.980966382559977,0.981599361410521,0.982244576987037,0.982889792563552,0.983535008140068,0.984180223716583,0.984825439293099,0.985470654869614,0.98611587044613,0.986761086022645,0.987406301599161,0.988051517175676,0.988739833787146,0.989507907085933,0.990275980384719,0.991044053683506,0.991812126982293,0.99258020028108,0.993348273579867,0.994145984330201,0.994961544635432,0.995777104940663,0.996592665245894,0.997408225551126,0.998223785856357
pacific_nations_cup_2025,pacific_nations_cup,2025,south,tries,primary,0.791241395557766,0.864744223305385,0.865046231476777,0.865358379035059,0.865680680044616,0.866013150859361,0.866355810112828,0.866708678710758,0.867071779826143,0.867445138896687,0.867828783624637,0.868222743978967,0.868627052199887,0.869041742805657,0.86946685260171,0.869902420692059,0.870348488493006,0.870805099749147,0.871272300551696,0.871750139359139,0.872238667020242,0.872737936799444,0.873248004404672,0.873768928017612,0.874300768326492,0.874843588561418,0.875397454532341,0.875962434669694,0.876538600067802,0.877126024531122,0.877724784623405,0.878334959719885,0.878956632062591,0.879589886818884,0.880234812143356,0.880891499243218,0.8815600424473,0.88224053927884,0.882933090532206,0.883637800353728,0.884354776326834,0.885084129561689,0.885825974789545,0.88658043046205,0.88734761885575,0.888127666182065,0.888920702703008,0.889726862852989,0.890546285366998,0.891379113415549,0.892225494746775,0.893085581836058,0.89395953204368,0.894847507780945,0.895749676685308,0.896666211805068,0.897597291794233,0.898543101118201,0.899503830270995,0.90047967600478,0.901470841572542,0.902477536984793,0.903499979281315,0.904538392819007,0.905593009576994,0.906664069480278,0.907751820743326,0.908856520235105,0.909978433867238,0.911117837007098,0.912275014917855,0.913450263227672,0.914643888430483,0.915856208421029,0.917087553067115,0.918338264822363,0.919608699383099,0.920899226393396,0.92221023020279,0.923542110681655,0.924895284099848,0.926270184074899,0.927667262596763,0.929086991137073,0.930529861851801,0.93199638888742,0.933487109802004,0.935002587114235,0.93654340999514,0.938110196119437,0.93970359369589,0.941324283698932,0.942972982327253,0.944650443719086,0.946357462958728,0.948094879414546,0.949863580455594,0.9516645056022,0.95349865117588,0.95536707552603,0.957270904925695,0.959211340246878
pacific_nations_cup_2025,pacific_nations_cup,2025,south,try_assists,primary,0.6525253945368,1.06953783155431,1.06965918617456,1.06978970492682,1.06992936454457,1.07007814342551,1.07023602161337,1.07040298078106,1.07057900421505,1.07076407680091,1.07095818501017,1.07116131688824,1.07137346204359,1.07159461163799,1.07182475837795,1.07206389650723,1.07231202180048,1.07256913155799,1.07283522460151,1.07311030127113,1.07339436342336,1.07368741443012,1.07398945917897,1.07430050407436,1.07462055703993,1.074949627522,1.07528772649411,1.07563486646267,1.07599106147376,1.07635632712107,1.076730680555,1.07711414049297,1.07750672723081,1.07790846265557,1.07831937025939,1.07873947515478,1.07916880409112,1.07960738547259,1.08005524937739,1.08051242757845,1.08097895356557,1.0814548625691,1.08194019158511,1.08243497940231,1.08293926663045,1.08345309573067,1.08397651104747,1.08450955884267,1.0850522873313,1.08560474671944,1.08616698924433,1.08673906921657,1.0873210430647,1.08791296938218,1.08851490897697,1.08912692492368,1.08974908261864,1.09038144983781,1.09102409679789,1.09167709622058,1.0923405234004,1.0930144562761,1.09369897550586,1.09439416454663,1.09510010973771,1.09581690038892,1.09654462887358,1.09728339072662,1.09803328474811,1.09879441311265,1.09956688148486,1.10035079914144,1.10114627910031,1.1019534382572,1.10277239753016,1.10360328201279,1.10444622113652,1.10530134884278,1.10616880376569,1.10704872942615,1.10794127443812,1.10884659272799,1.10976484376825,1.11069619282636,1.11164081123026,1.11259887665173,1.11357057340922,1.11455609279176,1.11555563340572,1.11656940154656,1.11759761159772,1.11864048645915,1.11969825800827,1.1207711675964,1.1218594665841,1.12296341691924,1.12408329176212,1.12521937616231,1.12637196779288,1.12754137774776,1.12872793140939,1.1299319693942
pacific_nations_cup_2025,pacific_nations_cup,2025,south,conversion_goals,primary,0.257981687590686,1.35724964134988,1.35888754416375,1.36055177753815,1.36224247564936,1.36395981297003,1.36570396724236,1.36747511952986,1.36927345427062,1.37109915933214,1.37295242606778,1.37483344937483,1.37674242775429,1.37867956337242,1.38064506212397,1.38263913369742,1.38466199164194,1.38671385343644,1.38879494056053,1.39090547856765,1.39304569716019,1.39521583026698,1.39741611612287,1.39964679735083,1.40190812104626,1.40420033886396,1.40652370710759,1.40887848682176,1.41126494388687,1.41368334911684,1.41613397835966,1.41861711260101,1.42113303807103,1.42368204635421,1.42626443450276,1.4288805051533,1.43153056664721,1.43421493315461,1.43693392480227,1.43968786780533,1.44247709460327,1.4453019440001,1.44816276130887,1.45105989850091,1.45399371435969,1.45696457463964,1.45997285223012,1.46301892732461,1.46610318759549,1.46922602837448,1.47238785283902,1.47558907220487,1.4788301059251,1.48211138189573,1.48543333666833,1.48879641566984,1.49220107342996,1.49564777381622,1.49913699027739,1.50266920609521,1.50624491464507,1.50986461966589,1.51352883553959,1.51723808758065,1.52099291233606,1.52479385789628,1.52864148421756,1.53253636345622,1.53647908031534,1.54047023240454,1.54451043061333,1.5486002994987,1.5527404776877,1.55693161829556,1.56117438936018,1.56546947429379,1.56981757235254,1.57421939912492,1.57867568704002,1.58318718589642,1.58775466341295,1.59237890580234,1.59706071836882,1.60180092613115,1.60660037447215,1.61145992981627,1.61638048033664,1.62136293669321,1.62640823280357,1.63151732664842,1.6366912011133,1.641930864869,1.64723735329244,1.65261172943058,1.65805508500975,1.66356854149301,1.66915325118844,1.67481039841134,1.68054120070353,1.68634691011339,1.69222881454014,1.69818823914656
pacific_nations_cup_2025,pacific_nations_cup,2025,south,missed_conversion_goals,primary,0.0621730777531138,1.58534553926582,1.58259844981768,1.57985959442152,1.5771287578456,1.57440590721679,1.57169101019401,1.56898403496241,1.56628495022767,1.56359372521049,1.56091032964112,1.5582347337541,1.55556690828307,1.55290682445572,1.55025445398887,1.54760976908368,1.54497274242091,1.54234334715639,1.53972155691651,1.5371073457939,1.53450068834317,1.53190155957674,1.52930993496086,1.52672579041164,1.52414910229124,1.52157984740412,1.51901800299345,1.51646354673753,1.51391645674641,1.51137671155849,1.50884429013733,1.50631917186849,1.50380133655642,1.50129076442156,1.49878743609741,1.49629133262776,1.49380243546398,1.4913207264624,1.48884618788178,1.48637880238086,1.48391855301601,1.48146542323891,1.4790193968944,1.47658045821833,1.47414859183552,1.47172378275784,1.46930601638227,1.46689527848918,1.46449155524054,1.46209483317831,1.45970509922287,1.45732234067153,1.45494654519712,1.45257770084666,1.45021579604008,1.44786081956905,1.44551276059587,1.44317160865243,1.44083735363926,1.43850998582461,1.4361894958437,1.43387587469791,1.43156911375417,1.42926920474435,1.42697613976474,1.42468991127562,1.42241051210088,1.42013793542774,1.41787217480651,1.41561322415047,1.41336107773577,1.41111573020147,1.40887717654957,1.40664541214523,1.40442043271693,1.40220223435682,1.39999081352109,1.39778616703042,1.39558829207053,1.39339718619277,1.39121284731485,1.38903527372156,1.38686446406567,1.38470041736881,1.38254313302251,1.38039261078929,1.37824885080382,1.37611185357419,1.37398161998324,1.37185815128997,1.36974144913108,1.36763151552256,1.36552835286133,1.36343196392709,1.3613423518841,1.3592595202832,1.35718347306381,1.35511421455609,1.35305174948316,1.35099608296345,1.3489472205131,1.34690516804848
pacific_nations_cup_2025,pacific_nations_cup,2025,south,penalty_goals,primary,0.0883467070491861,1.36559391388562,1.36535095821413,1.36512042907544,1.36490230727241,1.36469670314211,1.36450372863348,1.36432349734025,1.36415612453467,1.36400172720223,1.36386042407719,1.36373233567917,1.36361758435068,1.36351629429566,1.36342859161908,1.36335460436768,1.36329446257174,1.36324829828814,1.36321624564448,1.36319844088459,1.36319502241521,1.36320613085412,1.36323190907952,1.36327250228096,1.36332805801168,1.36339872624253,1.36348465941743,1.36358601251052,1.363702943085,1.36383561135374,1.36398418024174,1.36414881545049,1.36432968552425,1.36452696191851,1.36474081907046,1.36497143447169,1.36521898874324,1.36548366571301,1.36576565249559,1.36606513957478,1.36638232088868,1.36671739391763,1.36707055977501,1.3674420233011,1.36783199316003,1.36824068194005,1.36866830625712,1.36911508686215,1.36958124875188,1.3700670212836,1.37057263829389,1.37109833822162,1.37164436423524,1.37221096436465,1.37279839163788,1.37340690422271,1.3740367655735,1.37468824458348,1.37536161574271,1.37605715930198,1.37677516144294,1.37751591445479,1.37827971691775,1.37906687389366,1.37987769712418,1.38071250523671,1.38157162395869,1.38245538634042,1.38336413298713,1.38429821230041,1.38525798072978,1.38624380303483,1.38725605255831,1.38829511151105,1.38936137126904,1.39045523268351,1.39157710640465,1.39272741321969,1.39390658440614,1.39511506210107,1.39635329968727,1.39762176219733,1.39892092673652,1.40025128292577,1.40161333336572,1.40300759412322,1.40443459524157,1.40589488127597,1.40738901185563,1.40891756227436,1.41048112411123,1.41208030588341,1.41371573373301,1.41538805215035,1.41709792473597,1.41884603500385,1.42063308722886,1.42245980734117,1.42432694387106,1.42623526894763,1.4281855793551,1.43017869765107
pacific_nations_cup_2025,pacific_nations_cup,2025,south,missed_penalty_goals,primary,0.0750572966427693,0.793774174061752,0.793622601400179,0.793474590507708,0.793330015635644,0.793188901925778,0.793051274805157,0.792917159990521,0.792786583492816,0.792659571621815,0.792536150990816,0.792416348521439,0.792300191448529,0.79218770732514,0.79207892402764,0.791973869760908,0.791872573063639,0.791775062813765,0.791681368233982,0.791591518897394,0.791505544733275,0.791423476032954,0.791345343455822,0.791271178035465,0.791201011185932,0.791134874708134,0.791072800796379,0.791014822045053,0.790960971455442,0.790911282442705,0.790865788842996,0.790824524920748,0.790787525376115,0.790754825352576,0.790726460444719,0.790702466706188,0.790682880657813,0.79066773929593,0.790657080100881,0.790650941045715,0.790649360605087,0.790652377764358,0.790660032028918,0.790672363433711,0.790689412552995,0.790711220510329,0.790737828988793,0.790769280241454,0.790805617102085,0.790846882996133,0.790893121951964,0.790944378612374,0.791000698246376,0.791062126761293,0.791128710715129,0.791200497329263,0.791277534501453,0.791359870819163,0.791447555573237,0.791540638771903,0.79163917115515,0.791743204209468,0.791852790182957,0.791967982100849,0.792088833781416,0.7922153998523,0.79234773576728,0.792485897823473,0.792629943179001,0.792779929871129,0.792935916834888,0.793097963922213,0.793266131921592,0.793440482578257,0.793621078614941,0.793807983753195,0.794001262735315,0.794200981346875,0.794407206439904,0.794620005956715,0.794839448954421,0.795065605630153,0.79529854734701,0.795538346660764,0.79578507734735,0.796038814431161,0.796299634214192,0.796567614306047,0.796842833654851,0.797125372579098,0.797415312800467,0.797712737477646,0.798017731241198,0.798330380229507,0.798650772125859,0.798978996196672,0.799315143330954,0.799659306081011,0.800011578704462,0.800372057207614,0.800740839390253,0.801118024891898
pacific_nations_cup_2025,pacific_nations_cup,2025,south,drop_goals_converted,primary,0.0029323965092622,0.286289566679078,0.285699817316902,0.285115109090414,0.284530400863926,0.283945692637438,0.28336098441095,0.282776276184462,0.282191567957974,0.281606859731487,0.281022151504999,0.280437443278511,0.279852735052023,0.279268026825535,0.278683318599047,0.278098610372559,0.277513902146072,0.276929193919584,0.276344485693096,0.275759777466608,0.27517506924012,0.274590361013632,0.274005652787144,0.273420944560657,0.272836236334169,0.272251528107681,0.271666819881193,0.271082111654705,0.270497403428217,0.269912695201729,0.269327986975242,0.268743278748754,0.268158570522266,0.267573862295778,0.26698915406929,0.266404445842802,0.265819737616314,0.265235029389827,0.264650321163339,0.264065612936851,0.263480904710363,0.262896196483875,0.262311488257387,0.261726780030899,0.261142071804412,0.260557363577924,0.259972655351436,0.259387947124948,0.25880323889846,0.258218530671972,0.257633822445484,0.257049114218997,0.256464405992509,0.255879697766021,0.255294989539533,0.254710281313045,0.254125573086557,0.253540864860069,0.252956156633582,0.252371448407094,0.251786740180606,0.251202031954118,0.25061732372763,0.250032615501142,0.249447907274654,0.248863199048167,0.248278490821679,0.247693782595191,0.247109074368703,0.246524366142215,0.245939657915727,0.245354949689239,0.244770241462752,0.244185533236264,0.243600825009776,0.243016116783288,0.2424314085568,0.241846700330312,0.241261992103824,0.240677283877337,0.240092575650849,0.239507867424361,0.238923159197873,0.238338450971385,0.237753742744897,0.237169034518409,0.236584326291922,0.235999618065434,0.235414909838946,0.234830201612458,0.23424549338597,0.233660785159482,0.233076076932994,0.232491368706507,0.231906660480019,0.231321952253531,0.230737244027043,0.230152535800555,0.229567827574067,0.22898311934758,0.228398411121092,0.227813702894604
pacific_nations_cup_2025,pacific_nations_cup,2025,south,drop_goal_missed,primary,0.0077783405691776,0.577739275720197,0.574969146618398,0.572200470827588,0.569431795036778,0.566663119245969,0.563894443455159,0.561125767664349,0.558357091873539,0.555588416082729,0.552819740291919,0.550051064501109,0.547282388710299,0.544513712919489,0.541745037128679,0.53897636133787,0.53620768554706,0.53343900975625,0.53067033396544,0.52790165817463,0.52513298238382,0.52236430659301,0.5195956308022,0.516826955011391,0.514058279220581,0.511289603429771,0.508520927638961,0.505752251848151,0.502983576057341,0.500214900266531,0.497446224475721,0.494677548684911,0.491908872894101,0.489140197103292,0.486371521312482,0.483602845521672,0.480834169730862,0.478065493940052,0.475296818149242,0.472528142358432,0.469759466567622,0.466990790776812,0.464222114986003,0.461453439195193,0.458684763404383,0.455916087613573,0.453147411822763,0.450378736031953,0.447610060241143,0.444841384450333,0.442072708659524,0.439304032868714,0.436535357077904,0.433766681287094,0.430998005496284,0.428229329705474,0.425460653914664,0.422691978123854,0.419923302333044,0.417154626542235,0.414385950751425,0.411617274960615,0.408848599169805,0.406079923378995,0.403311247588185,0.400542571797375,0.397773896006565,0.395005220215755,0.392236544424945,0.389467868634136,0.386699192843326,0.383930517052516,0.381161841261706,0.378393165470896,0.375624489680086,0.372855813889276,0.370087138098466,0.367318462307657,0.364549786516847,0.361781110726037,0.359012434935227,0.356243759144417,0.353475083353607,0.350706407562797,0.347937731771987,0.345169055981177,0.342400380190368,0.339631704399558,0.336863028608748,0.334094352817938,0.331325677027128,0.328557001236318,0.325788325445508,0.323019649654698,0.320250973863888,0.317482298073079,0.314713622282269,0.311944946491459,0.309176270700649,0.306407594909839,0.303638919119029,0.300870243328219
pacific_nations_cup_2025,pacific_nations_cup,2025,south,defenders_beaten,primary,1.99770635159302,0.863317475330827,0.863264695288677,0.863238917585401,0.863239890900024,0.863267381203575,0.863321171006967,0.863401058668979,0.863506857759581,0.863638396474311,0.863795517095862,0.86397807549942,0.864185940698624,0.864418994429344,0.864677130768755,0.864960255787406,0.865268287232248,0.865601154238761,0.865958797070521,0.866341166884706,0.866748225522202,0.867179945321119,0.867636308952633,0.868117309278217,0.868622949227421,0.869153241695457,0.869708209459975,0.870287885116452,0.870892311031767,0.87152153931555,0.872175631809036,0.872854660091171,0.873558705501829,0.874287859182063,0.875042222131354,0.875821905281941,0.876627029590328,0.877457726146176,0.878314136298839,0.879196411801859,0.880104714975838,0.88103921889016,0.882000107564104,0.882987576187989,0.884001831365067,0.885043091374959,0.886111586459541,0.887207559132264,0.888331264512013,0.889482970682723,0.890662959080073,0.891871524906739,0.893108977577795,0.894375641198032,0.895671855073112,0.896997974256662,0.898354370135614,0.899741431056294,0.90115956299403,0.90260919026926,0.90409075631347,0.90560472448853,0.907151578963405,0.90873182565256,0.91034599322081,0.911994634159845,0.913678325942154,0.915397672258681,0.917153304347151,0.918945882418763,0.920776097191712,0.922644671540925,0.924552362274398,0.92649996204764,0.928488301429042,0.930518251130373,0.932590724418302,0.934706679724615,0.936867123474967,0.939073113158311,0.941325760661935,0.943626235900091,0.945975770767774,0.948375663455292,0.950827283163969,0.953332075268734,0.955891566979642,0.958507373561648,0.961181205180442,0.963914874452059,0.966710304785548,0.96956953962166,0.972494752686526,0.975488259398365,0.978552529587802,0.981690201719334,0.984904098833708,0.988197246469749,0.99157289287098,0.995034531839203,0.99858592866647,1.00223114966178
pacific_nations_cup_2025,pacific_nations_cup,2025,south,clean_breaks,primary,0.727253309622883,0.975554315530061,0.975716031061056,0.975888539612101,0.976071778943559,0.976265690949594,0.976470221501582,0.976685320302465,0.976910940751273,0.977147039817116,0.977393577921995,0.977650518831845,0.977917829555285,0.978195480249567,0.978483444133292,0.978781697405481,0.979090219170614,0.979408991369318,0.979737998714368,0.980077228631726,0.980426671206358,0.980786319132579,0.981156167668724,0.981536214595923,0.981926460180827,0.982326907142086,0.982737560620464,0.983158428152428,0.983589519647106,0.984030847366491,0.984482425908805,0.984944272194933,0.985416405457845,0.985898847234939,0.986391621363266,0.986894753977561,0.987408273511071,0.987932210699118,0.988466598585407,0.989011472531041,0.989566870226247,0.990132831704815,0.990709399361252,0.991296617970675,0.991894534711473,0.992503199190748,0.993122663472604,0.993752982109309,0.9943942121754,0.995046413304787,0.995709647730934,0.9963839803302,0.997069478668425,0.997766213050866,0.998474256575592,0.999193685190462,0.999924577753815,1.00066701609902,1.00142108510302,1.0021868727591,1.00296447025397,1.00375397204947,1.00455547596898,1.00536908328889,1.00619489883534,1.00703303108645,1.00788359228036,1.00874669852945,1.00962246994098,1.01051103074456,1.01141250942688,1.01232703887403,1.01325475652199,1.0141958045156,1.0151503298768,1.01611848468244,1.01710042625251,1.01809631734928,1.01910632638827,1.02013062766165,1.02116940157509,1.02222283489886,1.02329112103433,1.02437446029689,1.02547306021646,1.02658713585702,1.02771691015653,1.02886261428876,1.03002448804887,1.03120278026452,1.03239774923456,1.03360966319773,1.03483880083368,1.03608545179914,1.03734991730233,1.0386325107189,1.03993355825314,1.04125339964862,1.04259238895275,1.04395089534055,1.04532930400309,1.04672801710716
pacific_nations_cup_2025,pacific_nations_cup,2025,south,offload,primary,0.852972723771336,0.908335407964642,0.908537490340692,0.908745305055642,0.908958876457662,0.909178229398395,0.909403389237569,0.909634381847824,0.909871233619746,0.910113971467119,0.910362622832394,0.910617215692378,0.910877778564144,0.911144340511185,0.911416931149784,0.911695580655634,0.911980319770699,0.912271179810321,0.912568192670582,0.912871390835928,0.913180807387058,0.913496476009078,0.913818430999946,0.914146707279193,0.91448134039694,0.914822366543213,0.915169822557574,0.915523745939056,0.915884174856438,0.916251148158843,0.916624705386686,0.917004886782975,0.917391733304978,0.917785286636266,0.91818558919914,0.918592684167462,0.919006615479894,0.919427427853566,0.91985516679818,0.920289878630572,0.920731610489732,0.921180410352322,0.921636327048687,0.922099410279384,0.922569710632249,0.92304727960002,0.923532169598535,0.924024433985523,0.924524127080016,0.925031304182404,0.925546021595145,0.926068336644177,0.926598307701038,0.927135994205734,0.927681456690376,0.928234756803625,0.928795957335969,0.929365122245871,0.929942316686821,0.930527607035329,0.931121060919902,0.931722747251036,0.932332736252282,0.932951099492415,0.93357790991877,0.934213241891776,0.934857171220768,0.935509775201102,0.936171132652661,0.936841323959794,0.937520431112769,0.938208537750797,0.93890572920671,0.939612092553368,0.940327716651876,0.941052692201706,0.941787111792802,0.942531069959784,0.943284663238339,0.944047990223925,0.944821151632891,0.945604250366143,0.946397391575495,0.947200682732837,0.948014233702271,0.948838156815376,0.949672566949778,0.950517581611194,0.951373321019147,0.952239908196569,0.953117469063499,0.954006132535111,0.954906030624339,0.955817298549349,0.956740074846164,0.957674501486733,0.9586207240028,0.959578891615903,0.960549157373911,0.961531678294489,0.962526615515957,0.963534134455993
pacific_nations_cup_2025,pacific_nations_cup,2025,south,runs,primary,1.6793621037543,1.04964318892093,1.04662509879265,1.04366084641212,1.0407499234783,1.0378918384994,1.03508611617471,1.03233229681083,1.02962993576986,1.02697860294749,1.02437788227918,1.02182737127244,1.01932668056367,1.01687543349815,1.01447326573158,1.01211982485199,1.00981477002093,1.00755777163255,1.00534851098992,1.00318667999728,1.00107198086762,0.999004125844603,0.996982836938143,0.995007845672922,0.993078892849173,0.991195728315124,0.989358110750542,0.987565807460829,0.985818594181177,0.984116254890334,0.982458581633522,0.980845374354135,0.979276440733807,0.977751596040531,0.976270662984474,0.974833471581201,0.973439859022014,0.972089669551133,0.970782754349492,0.969518971424893,0.968298185508321,0.967120267956216,0.96598509665851,0.96489255595227,0.963842536540773,0.96283493541788,0.961869655797572,0.960946607048511,0.960065704633539,0.95922687005399,0.958430030798739,0.957675120297893,0.956962077881066,0.956290848740166,0.95566138389664,0.955073640173135,0.954527580169542,0.954023172243382,0.953560390494537,0.953139214754288,0.952759630578691,0.952421629246261,0.95212520776001,0.951870368853853,0.951657121003397,0.951485478441193,0.951355461176459,0.951267095019369,0.951220411609959,0.951215448451737,0.951252248950084,0.951330862455552,0.951451344312167,0.951613755910865,0.951818164748193,0.952064644490425,0.952353275043267,0.952684142627306,0.953057339859412,0.953472965840303,0.953931126248478,0.954431933440785,0.954975506559868,0.955561971648788,0.956191461773103,0.956864117150763,0.957580085290142,0.958339521136605,0.959142587228006,0.95998945385957,0.960880299258603,0.961815309769569,0.962794680050053,0.96381861327821,0.964887321372327,0.966001025223182,0.967159954939921,0.968364350110268,0.969614460075887,0.970910544223844,0.972252872295152,0.973641724711463
pacific_nations_cup_2025,pacific_nations_cup,2025,south,tackles,primary,1.97639681354663,0.925697796083431,0.924791712226017,0.923918271946294,0.923077037373488,0.92226759055305,0.921489531955109,0.920742479143584,0.920026065584663,0.919339939576653,0.918683763285907,0.918057211875809,0.917459972717647,0.916891744673786,0.916352237444901,0.915841170974096,0.915358274901726,0.914903288065515,0.914475958041261,0.914076040720001,0.913703299918011,0.91335750701645,0.913038440627845,0.912745886286911,0.912479636163509,0.912239488795776,0.912025248841675,0.911836726847414,0.91167373903133,0.911536107081986,0.911423657969371,0.911336223768174,0.911273641492244,0.911235752939397,0.911222404545837,0.911233447249522,0.911268736361868,0.911328131447223,0.911411496209648,0.911518698386502,0.911649609648462,0.911804105505574,0.911982065219008,0.912183371718189,0.912407911523045,0.91265557467109,0.912926254649118,0.913219848329301,0.913536255909482,0.9138753808575,0.914237129859383,0.914621412771274,0.915028142574946,0.915457235336808,0.915908610170292,0.916382189201534,0.916877897538274,0.917395663241901,0.917935417302594,0.918497093617516,0.919080628972013,0.91968596302381,0.920313038290167,0.920961800138015,0.921632196777046,0.922324179255791,0.923037701460702,0.92377272011826,0.924529194800173,0.925307087931691,0.926106364803116,0.926926993584585,0.927768945344187,0.928632194069547,0.929516716692954,0.930422493120174,0.931349506263085,0.932297742076279,0.933267189597813,0.934257840994273,0.93526969161039,0.936302740023397,0.937356988102406,0.938432441073055,0.939529107587731,0.940646999801692,0.941786133455451,0.942946527963798,0.944128206511895,0.945331196158909,0.946555527949693,0.947801237035074,0.949068362801355,0.950356949009717,0.951667043946237,0.952998700583355,0.954351976753658,0.955726935336976,0.957123644461861,0.95854217772264,0.95998261441336,0.961445039780058
pacific_nations_cup_2025,pacific_nations_cup,2025,south,missed_tackles,primary,1.27290596233246,0.962536435452823,0.962472306551082,0.962418768947996,0.962375681507443,0.962342907699172,0.962320315403054,0.962307776724309,0.962305167818951,0.962312368728796,0.962329263225376,0.962355738662204,0.962391685834835,0.96243699884824,0.962491574991038,0.962555314616141,0.962628121027446,0.962709900372186,0.962800561538621,0.96290001605873,0.963008178015638,0.963124963955481,0.963250292803472,0.963384085783921,0.963526266343989,0.96367676008098,0.963835494672956,0.964002399812521,0.964177407143584,0.964360450200954,0.964551464352614,0.964750386744537,0.964957156247919,0.965171713408692,0.965394000399217,0.965623960972047,0.965861540415645,0.966106685511981,0.966359344495906,0.966619467016216,0.966887004098341,0.967161908108565,0.967444132719721,0.967733632878289,0.968030364772826,0.968334285803688,0.968645354553961,0.968963530761579,0.969288775292546,0.969621050115239,0.969960318275741,0.97030654387415,0.97065969204184,0.971019728919626,0.971386621636798,0.971760338290994,0.97214084792887,0.972528120527555,0.972922126976834,0.97332283906206,0.973730229447748,0.974144271661838,0.974564940080595,0.974992209914133,0.975426057192532,0.975866458752535,0.976313392224804,0.976766836021714,0.97722676932567,0.977693172077935,0.978166024967944,0.978645309423101,0.979131007599029,0.979623102370285,0.980121577321496,0.980626416738934,0.9811376056025,0.981655129578108,0.982178975010476,0.98270912891629,0.983245578977749,0.983788313536481,0.984337321587815,0.98489259277541,0.985454117386228,0.98602188634585,0.986595891214127,0.987176124181155,0.987762578063582,0.98835524630123,0.988954122954034,0.989559202699293,0.99017048082923,0.990787953248856,0.991411616474143,0.992041467630488,0.992677504451483,0.993319725277985,0.993968129057472,0.994622715343705,0.995283484296682,0.995950436682879
pacific_nations_cup_2025,pacific_nations_cup,2025,south,rucks_won,primary,1.56921839393484,0.886486608673003,0.885764071886268,0.885091709362891,0.884468762519381,0.88389450036308,0.883368218066081,0.882889235642987,0.882456896723039,0.882070567408198,0.881729635209684,0.881433508056232,0.881181613368079,0.880973397191265,0.880808323387382,0.880685872874417,0.880605542914689,0.880566846446342,0.880569311455112,0.880612480383435,0.880695909574219,0.88081916874682,0.880981840503011,0.881183519860894,0.881423813814902,0.88170234092018,0.882018730899786,0.882372624273268,0.882763672005307,0.883191535173205,0.883655884652103,0.884156400816904,0.88469277325994,0.88526470052352,0.885871889846545,0.886514056924436,0.887190925681701,0.887902228056483,0.888647703796523,0.889427100265969,0.890240172262551,0.891086681844636,0.891966398167755,0.892879097330191,0.893824562227272,0.894802582414034,0.895812953975946,0.896855479407421,0.897929967497846,0.899036233224915,0.900174097655043,0.901343387850674,0.90254393678433,0.903775583259225,0.905038171836345,0.90633155276787,0.90765558193684,0.909010120803015,0.910395036354851,0.911810201067563,0.913255492867268,0.914730795101185,0.916235996513928,0.917770991229921,0.919335678741988,0.920929963906198,0.922553756943057,0.924206973445161,0.925889534391461,0.92760136616828,0.929342400597289,0.931112574970642,0.932911832093514,0.934740120334309,0.936597393682838,0.938483611816805,0.940398740176959,0.942342750051342,0.944315618669061,0.946317329304095,0.948347871389685,0.950407240643897,0.952495439207037,0.954612475791616,0.9567583658457,0.958933131730481,0.961136802913051,0.963369416175443,0.965631015841069,0.967921654019867,0.970241390873527,0.972590294902377,0.974968443255602,0.977375922066697,0.979812826816224,0.982279262724168,0.984775345174444,0.987301200174354,0.989856964852144,0.992442787996117,0.995058830639177,0.997705266693123
pacific_nations_cup_2025,pacific_nations_cup,2025,south,rucks_lost,primary,0.589881509005007,0.983847053178333,0.983478836152488,0.983119438662685,0.982768776512558,0.982426769149765,0.982093339518538,0.981768413921416,0.981451921889534,0.981143796060872,0.98084397206593,0.980552388420328,0.980268986423885,0.979993710065748,0.979726505935192,0.979467323137738,0.97921611321626,0.978972830076771,0.978737429918629,0.978509871168883,0.97829011442054,0.978078122374523,0.977873859785117,0.977677293408721,0.977488391955728,0.977307126045365,0.977133468163363,0.976967392622295,0.97680887552447,0.976657894727261,0.976514429810757,0.97637846204763,0.976249974375141,0.976128951369178,0.97601537922026,0.975909245711427,0.975810540197955,0.97571925358882,0.975635378329868,0.975558908388635,0.975489839240761,0.975428167857971,0.975373892697566,0.975327013693398,0.975287532248307,0.975255451227972,0.975230774956169,0.975213509211403,0.975203661224915,0.975201239680023,0.975206254712813,0.975218717914154,0.975238642333037,0.975266042481243,0.975300934339328,0.975343335363942,0.975393264496479,0.975450742173071,0.975515790335944,0.975588432446138,0.975668693497632,0.975756600032867,0.975852180159716,0.975955463569923,0.976066481559029,0.976185267047842,0.976311854605471,0.976446280473976,0.976588582594678,0.976738800636172,0.976896976024118,0.977063151972836,0.977237373518801,0.977419687556083,0.977610142873819,0.977808790195792,0.978015682222195,0.978230873673683,0.978454421337801,0.978686384117896,0.97892682308463,0.979175801530198,0.979433385025404,0.979699641479709,0.979974641204412,0.98025845697912,0.980551164121673,0.980852840561712,0.981163566918076,0.981483426580246,0.981812505794051,0.98215089375189,0.982498682687716,0.982855967977065,0.983222848242434,0.983599425464326,0.98398580509831,0.984382096198468,0.984788411547645,0.985204867794918,0.985631585600781,0.986068689790533
pacific_nations_cup_2025,pacific_nations_cup,2025,south,passes,primary,2.71340792918126,1.11023954897107,1.10630589591881,1.10242734274436,1.09860317299741,1.09483270316075,1.09111528045192,1.08745028085569,1.08383710735631,1.0802751883436,1.07676397617096,1.07330294584683,1.06989159384359,1.06652943701074,1.06321601158042,1.05995087225549,1.05673359137145,1.05356375812463,1.0504409778602,1.0473648714141,1.04433507450408,1.04135123716513,1.03841302322567,1.03552010982078,1.03267218693961,1.02986895700403,1.02711013447625,1.02439544549309,1.021724627525,1.01909742905813,1.01651360929773,1.01397293789158,1.01147519467218,1.00902016941639,1.00660766162165,1.00423748029778,1.00190944377344,0.999623379516619,0.997379123968263,0.995176522388631,0.993015428715641,0.990895705434783,0.988817223460108,0.986779862025891,0.984783508588597,0.982828058738827,0.980913416122951,0.979039492374179,0.977206207052851,0.975413487595761,0.97366126927436,0.971949495161707,0.970278116108073,0.968647090725137,0.967056385378711,0.965505974189994,0.963995839045355,0.962525969614683,0.961096363378355,0.95970702566293,0.958357969685646,0.957049216607899,0.955780795597833,0.95455274390226,0.953365106928124,0.952217938333758,0.951111300130223,0.950045262793046,0.949019905384706,0.948035315688256,0.947091590352508,0.946188835049246,0.945327164642976,0.944506703373782,0.943727585053866,0.942989953278469,0.942293961651854,0.941639774029153,0.941027564774909,0.940457519039241,0.939929833052613,0.939444714440291,0.939002382557665,0.938603068847692,0.938247017221845,0.93793448446607,0.937665740673365,0.937441069704755,0.937260769680591,0.937125153504251,0.937034549420539,0.936989301611256,0.93698977083067,0.937036335083822,0.937129390350943,0.937269351361494,0.937456652421737,0.937691748300081,0.937975115174905,0.938307251649967,0.938688679843108,0.939119946554454
pacific_nations_cup_2025,pacific_nations_cup,2025,south,bad_passes,primary,0.846481706983979,1.04358497281716,1.04229353372,1.04102448251258,1.03977726905441,1.03855137846481,1.03734632816612,1.03616166524707,1.03499696410493,1.03385182433143,1.03272586881255,1.03161874201648,1.03053010844745,1.0294596512466,1.02840707092309,1.02737208420121,1.02635442297079,1.02535383333014,1.02437007471173,1.02340291908232,1.0224521502099,1.02151756299116,1.02059896283334,1.01969616508565,1.01880899451541,1.01793728482491,1.01708087820551,1.01623962492547,1.01541338294876,1.01460201758223,1.01380540114872,1.0130234126841,1.01225593765624,1.01150286770426,1.01076410039646,1.01003953900561,1.0093290923002,1.00863267435069,1.00795020434945,1.00728160644373,1.00662680958059,1.00598574736312,1.00535835791713,1.00474458376783,1.00414437172572,1.00355767278129,1.00298444200797,1.00242463847294,1.00187822515538,1.00134516887168,1.00082544020752,1.00031901345632,0.999825866563827,0.99934598107864,0.99887934210848,0.998425938281911,0.997985761715433,0.997558807985755,0.997145076107136,0.99674456851367,0.996357291046438,0.995983252945443,0.995622466846277,0.995274948781472,0.994940718186529,0.994619797910592,0.994312214231801,0.994017996877324,0.993737179048134,0.993469797448563,0.993215892320725,0.992975507483883,0.992748690378877,0.992535492117737,0.992335967538611,0.992150175266198,0.991978177777839,0.991820041475486,0.991675836763782,0.99154563813449,0.991429524257556,0.991327578079108,0.991239886926731,0.991166542622376,0.991107641603311,0.991063285051548,0.991033579032226,0.991018634641476,0.991018568164324,0.991033501243279,0.991063561058262,0.991108880518632,0.991169598468112,0.991245859903516,0.991337816208223,0.991445625401491,0.991569452404746,0.991709469326148,0.991865855764815,0.992038799136272,0.992228495020796,0.99243514753655
pacific_nations_cup_2025,pacific_nations_cup,2025,south,turnovers_conceded,primary,0.897287048586128,1.05589011189523,1.05543722514922,1.05499109759013,1.05455162803849,1.05411871842129,1.0536922736391,1.05327220144044,1.05285841230328,1.05245081932285,1.05204933810556,1.05165388666853,1.0512643853444,1.05088075669105,1.05050292540595,1.05013081824481,1.04976436394436,1.04940349314886,1.04904813834024,1.04869823377159,1.04835371540381,1.0480145208453,1.04768058929437,1.04735186148437,1.04702827963131,1.04670978738383,1.04639632977542,1.0460878531787,1.04578430526179,1.04548563494648,1.04519179236823,1.04490272883788,1.04461839680492,1.04433874982236,1.04406374251297,1.04379333053694,1.04352747056085,1.04326612022787,1.04300923812917,1.04275678377637,1.04250871757518,1.0422650008,1.04202559556947,1.04179046482301,1.04155957229819,1.04133288250896,1.04111036072471,1.04089197295011,1.04067768590559,1.04046746700865,1.04026128435579,1.04005910670503,1.03986090345917,1.0396666446495,1.0394763009202,1.0392898435132,1.03910724425356,1.03892847553546,1.03875351030846,1.03858232206447,1.03841488482492,1.03825117312854,1.03809116201944,1.03793482703562,1.03778214419783,1.03763308999883,1.03748764139296,1.03734577578608,1.03720747102578,1.03707270539197,1.03694145758769,1.03681370673027,1.03668943234274,1.03656861434553,1.03645123304836,1.03633726914249,1.03622670369311,1.036119518132,1.03601569425045,1.03591521419229,1.03581806044729,1.03572421584461,1.0356336635465,1.03554638704225,1.03546237014221,1.03538159697209,1.03530405196734,1.03522971986781,1.03515858571241,1.03509063483411,1.03502585285494,1.03496422568122,1.03490573949889,1.03485038076902,1.03479813622339,1.0347489928603,1.03470293794038,1.0346599589826,1.03462004376044,1.03458318029804,1.03454935686659,1.0345185619808
pacific_nations_cup_2025,pacific_nations_cup,2025,south,penalties_conceded,primary,0.875406948405114,1.00692973592966,1.00690549591025,1.00688534587064,1.00686922689319,1.00685708209475,1.0068488565322,1.00684449711377,1.0068439525154,1.00684717310207,1.00685411085359,1.00686471929462,1.00687895342857,1.00689676967518,1.00691812581155,1.00694298091626,1.00697129531661,1.00700303053849,1.00703814925905,1.00707661526162,1.00711839339313,1.00716344952353,1.00721175050731,1.00726326414694,1.00731795915806,1.00737580513635,1.00743677252608,1.00750083259002,1.0075679573809,1.00763811971407,1.00771129314156,1.00778745192717,1.00786657102286,1.00794862604603,1.00803359325794,1.00812144954298,1.00821217238894,1.00830573986807,1.00840213061892,1.00850132382907,1.00860329921844,1.00870803702345,1.00881551798166,1.00892572331722,1.00903863472677,1.00915423436601,1.00927250483674,1.00939342917443,1.00951699083633,1.00964317368994,1.00977196200208,1.00990334042823,1.01003729400234,1.01017380812708,1.01031286856438,1.01045446142633,1.01059857316647,1.0107451905714,1.01089430075259,1.01104589113865,1.01119994946777,1.01135646378048,1.01151542241262,1.01167681398862,1.01184062741502,1.01200685187414,1.01217547681806,1.01234649196275,1.01251988728247,1.01269565300429,1.01287377960282,1.01305425779517,1.01323707853605,1.01342223301297,1.01360971264173,1.01379950906197,1.01399161413292,1.01418601992922,1.01438271873699,1.01458170304996,1.01478296556569,1.01498649918205,1.01519229699367,1.01540035228862,1.01561065854512,1.01582320942841,1.0160379987877,1.01625502065326,1.01647426923352,1.01669573891237,1.0169194242465,1.0171453199628,1.01737342095591,1.01760372228581,1.0178362191755,1.01807090700878,1.01830778132805,1.01854683783227,1.01878807237491,1.019031480962,1.01927705975029,1.01952480504538
pacific_nations_cup_2025,pacific_nations_cup,2025,south,yellow_cards,primary,0.0995741302887274,0.841586948754665,0.842646171997255,0.843711306279982,0.844782415226001,0.845859563626913,0.846942817471647,0.848032243976265,0.849127911614685,0.850229890150405,0.851338250669229,0.852453065613055,0.853574408814762,0.854702355534235,0.855836982495577,0.856978367925553,0.858126591593324,0.859281734851509,0.860443880678644,0.861613113723082,0.862789520348409,0.86397318868042,0.865164208655744,0.866362672072166,0.867568672640732,0.868782306039708,0.870003669970479,0.87123286421546,0.872469990698129,0.873715153545252,0.874968459151413,0.876230016245952,0.877499935962417,0.878778331910639,0.880065320251563,0.881361019774958,0.882665551980138,0.883979041159836,0.88530161448739,0.886633402107385,0.887974537229937,0.889325156228774,0.890685398743329,0.892055407785009,0.893435329847891,0.894825315024025,0.896225517123617,0.897636093800314,0.899057206681876,0.900489021506501,0.901931708265112,0.903385441349924,0.904850399709619,0.906326767011495,0.907814731810973,0.909314487728866,0.910826233636836,0.912350173851515,0.913886518337775,0.91543548292167,0.916997289513623,0.918572166342439,0.920160348200811,0.921762076702983,0.923377600555324,0.925007175840585,0.926651066316701,0.928309543731029,0.929982888151006,0.931671388312277,0.933375341985405,0.935095056362392,0.936830848464302,0.938583045571401,0.940351985677332,0.942138017968967,0.943941503333697,0.945762814896093,0.947602338586002,0.949460473740339,0.951337633740998,0.953234246691555,0.955150756135627,0.957087621820028,0.959045320506129,0.96102434683316,0.963025214237501,0.965048455932411,0.967094625953043,0.96916430027209,0.97125807799186,0.973376582619232,0.975520463430492,0.977690396933848,0.979887088438142,0.98211127373722,0.984363720920378,0.98664523232046,0.988956646612388,0.991298841076395,0.993672734041741,0.99607928752859
pacific_nations_cup_2025,pacific_nations_cup,2025,south,red_cards,primary,0.0351975541031266,0.904342086085161,0.904924464167228,0.905512333620014,0.906105755816178,0.90670479321963,0.90730950941149,0.9079199691168,0.908536238232056,0.909158383853559,0.909786474306645,0.910420579175797,0.911060769335691,0.911707116983207,0.912359695670435,0.913018580338718,0.913683847353774,0.914355574541933,0.915033841227535,0.915718728271525,0.916410318111318,0.917108694801943,0.917813944058557,0.918526153300348,0.919245411695918,0.919971810210167,0.92070544165278,0.92144640072834,0.922194784088169,0.922950690383949,0.923714220323205,0.924485476726717,0.925264564587966,0.926051591134665,0.926846665892504,0.927649900751171,0.928461410032767,0.929281310562714,0.930109721743263,0.930946765629729,0.93179256700955,0.932647253484335,0.933510955554992,0.934383806710122,0.935265943517792,0.936157505720864,0.937058636336046,0.937969481756829,0.93889019186051,0.939820920119482,0.940761823717008,0.941713063667695,0.942674804942889,0.943647216601257,0.944630471924784,0.945624748560489,0.946630228668126,0.94764709907419,0.94867555143255,0.949715782392052,0.950767993771458,0.951832392742121,0.952909192018783,0.95399861005897,0.955100871271427,0.956216206234088,0.957344851922131,0.958487051946663,0.959643056804641,0.960813124140676,0.961997519021394,0.963196514223093,0.964410390533469,0.965639437068253,0.966883951603645,0.968144240925503,0.969420621196314,0.970713418341037,0.972022968453002,0.973349618221128,0.974693725379812,0.976055659182958,0.977435800903705,0.978834544361562,0.980252296478751,0.981689477867738,0.983146523452074,0.984623883122831,0.986122022433106,0.987641423333297,0.98918258495002,0.990746024411853,0.992332277725292,0.993941900704654,0.995575469959945,0.997233583947097,0.998916864085348,1.00062595594699,1.0023615305252,1.00412428558614,1.00591494711214,1.00773427084359
pacific_nations_cup_2025,pacific_nations_cup,2025,south,metres,primary,1.3385485126625,0.921149661511838,0.921149239504646,0.92116076542522,0.921184096857468,0.921219099706341,0.921265647902254,0.921323623123939,0.921392914538594,0.921473418558307,0.921565038611773,0.921667684930454,0.921781274348335,0.921905730114548,0.92204098171816,0.922186964724488,0.92234362062235,0.922510896681694,0.922688745821132,0.922877126484877,0.923076002528684,0.923285343114384,0.923505122612664,0.92373532051374,0.923975921345641,0.924226914599807,0.924488294663753,0.924760060760573,0.925042216895064,0.925334771806294,0.925637738926431,0.925951136345692,0.926274986783285,0.926609317564211,0.926954160601852,0.927309552386243,0.927675533977974,0.928052151007673,0.928439453681024,0.928837496789311,0.929246339725484,0.929666046505742,0.930096685796683,0.930538330948029,0.930991060031013,0.931454955882478,0.931930106154778,0.932416603371585,0.932914544989726,0.933424033467174,0.93394517633735,0.934478086289925,0.93502288125828,0.93557968451387,0.936148624767705,0.936729836279203,0.937323458972709,0.937929638561975,0.938548526682925,0.939180281035091,0.939825065532081,0.940483050461525,0.941154412654962,0.941839335668141,0.942538009972303,0.943250633157024,0.943977410145231,0.944718553421105,0.945474283271589,0.946244828042318,0.947030424408838,0.947831317664049,0.948647762022912,0.94948002094551,0.950328367479689,0.951193084624573,0.95207446571639,0.952972814838159,0.953888447254921,0.954821689876381,0.955772881748954,0.956742374579423,0.957730533292646,0.958737736625912,0.959764377762884,0.9608108650103,0.96187762252093,0.962965091066666,0.964073728865992,0.965204012470554,0.966356437716023,0.967531520743036,0.968729799094636,0.969951832897306,0.971198206133586,0.972469528015104,0.97376643446596,0.975089589727563,0.976439688097406,0.977817455815821,0.979223653116541,0.980659076458972
autumn_internationals_2025,autumn_internationals,2025,mixed,minutes,primary,10.6878428453897,0.96399512019298,0.963751154682357,0.963507686919381,0.963264219156404,0.963024302070116,0.962794621651615,0.96258856047042,0.962382888924274,0.962181506262906,0.962008758410111,0.961837212104866,0.961674873552266,0.96151563928549,0.961359206430264,0.961202773575038,0.961046340719812,0.960889907864586,0.960734788257533,0.96057968244765,0.960442975864636,0.960322646418591,0.960202652764526,0.96008487245999,0.959975165647864,0.959885210456154,0.95980549862958,0.959735162024613,0.959696042322448,0.959666766522135,0.959642481956719,0.959630376996708,0.959618272036697,0.959606167076685,0.95959531504226,0.959586967643527,0.959589672448468,0.959613523331959,0.959641907791574,0.959672074298218,0.959702773892497,0.959733507289873,0.959774503046199,0.959823679878163,0.959872856710127,0.95992203354209,0.95997185241898,0.960023909763384,0.960114561594634,0.960250155986074,0.960388188431319,0.960526220876563,0.960664253321808,0.960802285767053,0.960947560853249,0.961112301714672,0.961284927812528,0.96146219714251,0.961643136823739,0.961835880067128,0.96203830694236,0.962246686273088,0.962468462878873,0.962690239484658,0.96292652630673,0.963170868359436,0.963415396977078,0.963685839948995,0.963973722564506,0.964261605180017,0.964550249958984,0.964849376244151,0.965157799631446,0.965498628578153,0.965863257382196,0.966230988838028,0.966600580251381,0.966970171664734,0.967344709181658,0.967729391276178,0.968122621431111,0.968522844357735,0.968923067284359,0.969352159677274,0.969791875638069,0.970241117238814,0.970691717858144,0.971152629503962,0.97161354114978,0.972106423241021,0.972605788719173,0.973114352527579,0.973628789888178,0.974145735003922,0.97467611825671,0.975208863204343,0.97576605518979,0.976323847784267,0.976884775212349,0.977453788865341,0.978024229374129,0.978594669882917
autumn_internationals_2025,autumn_internationals,2025,mixed,tries,primary,0.608288897677154,0.928324103568395,0.928203037109255,0.928120546798001,0.928073802014431,0.928060452353103,0.928078515923775,0.928126299074691,0.928202337425787,0.928305351721478,0.928434214212093,0.928587922659456,0.928765579958622,0.928966377961139,0.929189584485987,0.929434532780222,0.929700612884509,0.929987264496027,0.930293971020275,0.930620254575702,0.93096567176857,0.931329810095553,0.931712284861786,0.932112736525206,0.932530828395831,0.932966244632396,0.933418688489648,0.933887880778091,0.9343735585048,0.934875473669324,0.935393392193083,0.935927092964215,0.936476366982689,0.937041016592899,0.937620854792872,0.938215704610856,0.938825398541378,0.939449778033997,0.940088693028912,0.940742001534368,0.941409569241495,0.942091269172759,0.942786981360713,0.943496592554142,0.94421999594904,0.944957090942203,0.945707782905441,0.946471982978684,0.947249607880441,0.948040579734233,0.948844825909818,0.949662278878112,0.950492876078874,0.951336559800295,0.95219327706976,0.95306297955509,0.953945623475721,0.954841169523251,0.95574958279094,0.956670832711743,0.957604893004529,0.958551741628202,0.959511360743449,0.960483736681925,0.961468859922678,0.962466725075703,0.963477330872509,0.964500680163634,0.965536779923086,0.966585641259707,0.967647279435497,0.968721713890956,0.96980896827757,0.970909070497552,0.972022052751034,0.973147951590906,0.974286807985558,0.975438667389821,0.976603579824443,0.977781599964482,0.978972787237059,0.980177205928968,0.9813949253047,0.982626019735497,0.983870568840162,0.985128657638387,0.986400376717494,0.987685822413572,0.988985097008107,0.990298308941351,0.991625573043803,0.992967010787368,0.994322750557933,0.995692927951339,0.997077686094954,0.998477175997385,0.999891556929137,1.00132099683749,1.00276567279925,1.00422577151558,1.00570148985375,1.00719303544132
autumn_internationals_2025,autumn_internationals,2025,mixed,try_assists,primary,0.435993555649679,0.949502217458716,0.949502681869086,0.949545902836485,0.949629750702212,0.949752334309915,0.949911961092496,0.95010710571495,0.950336385090138,0.950598538235207,0.950892409854043,0.951216936823024,0.951571136964518,0.951954099641889,0.95236497781879,0.952802981306103,0.953267370980228,0.953757453801969,0.954272578500117,0.954812131810659,0.955375535183411,0.955962241884266,0.956571734434173,0.957203522336268,0.957857140050837,0.958532145184457,0.959228116865085,0.959944654279252,0.960681375351199,0.961437915546744,0.962213926787202,0.963009076460716,0.963823046520128,0.964655532657972,0.965506243550406,0.966374900162961,0.967261235111868,0.968164992075507,0.969085925251159,0.970023798852828,0.970978386646381,0.971949471518671,0.972936845077693,0.973940307281144,0.974959666091013,0.975994737152118,0.97704534349269,0.978111315245313,0.979192489386697,0.980288709494896,0.981399825522758,0.982525693586464,0.983666175768146,0.984821139931686,0.985990459550841,0.987174013548963,0.988371686149611,0.989583366737466,0.990808949728959,0.992048334452122,0.993301425035203,0.994568130303629,0.99584836368494,0.997142043121367,0.998449090989746,0.999769434028516,1.00110300327154,1.00244973398858,1.00380956563221,1.00518244179101,1.006568310149,1.00796712245109,1.00937883447453,1.0108034060063,1.01224080082647,1.01369098669732,1.01515393535856,1.0166296225283,1.01811802791021,1.01961913520666,1.02113293213814,1.02265941046899,1.02419856603964,1.02575039880565,1.02731491288353,1.02889211660391,1.03048202257214,1.03208464773666,1.03370001346568,1.03532814563245,1.03696907470952,1.03862283587281,1.0402894691157,1.04196901937407,1.04366153666293,1.04536707622534,1.04708569869469,1.04881747027123,1.05056246291394,1.05232075454904,1.05409242929649,1.055877577716
autumn_internationals_2025,autumn_internationals,2025,mixed,conversion_goals,primary,0.369552566278628,0.556018193624642,0.556411037600314,0.556837114630102,0.557295725430669,0.557786230941533,0.558308024413346,0.558860529549637,0.559443198802065,0.560055511804428,0.560696973932399,0.561367114977452,0.562065487924718,0.562791667825677,0.563545250757546,0.564325852862141,0.565133109457701,0.565966674217911,0.566826218412899,0.56771143020756,0.568622014013012,0.569557689887435,0.570518192982892,0.571503273035124,0.572512693893559,0.573546233089115,0.574603681437579,0.57568484267661,0.576789533134612,0.577917581429903,0.579068828198829,0.580243125851575,0.581440338354641,0.582660341039055,0.583903020433561,0.58516827412212,0.586456010625226,0.587766149304632,0.589098620291204,0.590453364435756,0.591830333282814,0.593229489067382,0.59465080473491,0.596094263984764,0.597559861337644,0.599047602227519,0.60055750311876,0.602089591649343,0.603643906801094,0.605220499098151,0.606819430834969,0.608440776335389,0.610084622244512,0.611751067855326,0.61344022547229,0.61515222081436,0.616887193460241,0.618645297338968,0.620426701269338,0.622231589552085,0.624060162619201,0.625912637745316,0.62778924982665,0.629690252233745,0.631615917744918,0.633566539568288,0.635542432461198,0.637543933957002,0.639571405710496,0.641625234974757,0.643705836223899,0.645813652938257,0.647949159570807,0.650112863716349,0.652305308508136,0.654527075270291,0.656778786458707,0.659061108928251,0.661374757570094,0.663720499370245,0.666099157948879,0.668511618650386,0.670958834266415,0.673441831489174,0.675961718210453,0.678519691804089,0.681117048556947,0.683755194447304,0.686435657511628,0.689160102093423,0.691930345334371,0.694748376352537,0.697616378660782,0.700536756518742,0.703512166094632,0.70654555255446,0.709640194517916,0.712799757754302,0.71602836058531,0.719330654284293,0.722711922920659,0.726178208758539
autumn_internationals_2025,autumn_internationals,2025,mixed,missed_conversion_goals,primary,0.1215070619817,0.77202499665908,0.772558279628774,0.773105895087567,0.77366766362349,0.774243503214367,0.774833336114747,0.775437088783196,0.77605469181527,0.776686079881978,0.777331191673568,0.777989969848494,0.77866236098743,0.779348315552215,0.78004778784962,0.780760735999865,0.781487121909802,0.782226911250706,0.782980073440634,0.783746581631311,0.784526412699527,0.785319547243048,0.786125969581023,0.786945667758932,0.787778633558096,0.788624862509783,0.789484353913996,0.790357110862988,0.791243140269612,0.792142452900593,0.793055063414853,0.79398099040701,0.794920256456208,0.795872888180449,0.796838916296603,0.797818375686318,0.798811305468039,0.799817749075408,0.800837754342288,0.801871373594753,0.802918663750324,0.803979686424846,0.805054508047371,0.806143199983479,0.807245838667496,0.808362505744105,0.809493288219906,0.810638278625497,0.811797575188746,0.812971282019928,0.814159509309511,0.815362373539415,0.816579997708643,0.817812511574289,0.819060051908982,0.820322762775961,0.821600795823054,0.822894310596991,0.824203474879571,0.825528465047395,0.826869466457019,0.82822667385757,0.82960029183308,0.830990535277012,0.832397629901722,0.833821812785876,0.835263332963186,0.836722452056161,0.83819944495901,0.839694600574285,0.841208222608378,0.842740630431576,0.84429216000908,0.845863164910124,0.847454017403262,0.849065109646862,0.850696854985036,0.852349689360543,0.854024072857782,0.855720491390746,0.85743945855291,0.859181517648439,0.860947243926922,0.862737247047183,0.864552173799615,0.866392711121095,0.868259589442062,0.870153586411816,0.872075531055974,0.874026308429371,0.87600686483906,0.878018213725847,0.880061442309567,0.882137719123968,0.884248302592446,0.886394550827504,0.888577932876229,0.890800041683739,0.893062609109491,0.895367523411697,0.897716849718629,0.900112854140127
autumn_internationals_2025,autumn_internationals,2025,mixed,penalty_goals,primary,0.153129308328671,0.69966160028173,0.699928103328298,0.700211152032074,0.700510655526827,0.700826602483423,0.70115898722861,0.701507809694193,0.701873075374157,0.702254795289546,0.702652985960926,0.703067669388291,0.703498873038303,0.703946629838762,0.704410978180235,0.704891961924792,0.70538963042182,0.705904038530904,0.706435246651781,0.706983320761405,0.707548332458166,0.708130359013344,0.708729483429878,0.709345794508569,0.70997938692186,0.710630361295324,0.711298824297075,0.711984888735265,0.712688673663923,0.713410304497368,0.714149913133492,0.714907638086189,0.7156836246273,0.716478024938405,0.717290998272881,0.718122711128645,0.718973337432055,0.719843058733469,0.720732064415016,0.721640551911166,0.722568726942738,0.723516803765036,0.724485005430863,0.725473564069201,0.726482721180442,0.727512727949101,0.728563845575,0.729636345624051,0.730730510399776,0.731846633336866,0.732985019418133,0.734145985616352,0.735329861362599,0.736536989042828,0.737767724524565,0.739022437715782,0.740301513158155,0.741605350657127,0.742934365951391,0.744288991424653,0.745669676862776,0.747076890259685,0.748511118675742,0.749972869152615,0.751462669689063,0.752981070282464,0.754528644041391,0.756105988375048,0.75771372626596,0.759352507632942,0.761023010792114,0.762725944024494,0.764462047259645,0.766232093885809,0.768036892698157,0.769877289998005,0.771754171857332,0.773668466564552,0.775621147269356,0.777613234846528,0.779645801001047,0.781719971639539,0.783836930536236,0.785997923325211,0.788204261854784,0.790457328944739,0.792758583592499,0.795109566680751,0.79751190724647,0.79996732937987,0.802477659831964,0.805044836421261,0.807670917344106,0.810358091509708,0.813108690040533,0.815925199102117,0.818810274254359,0.821766756550058,0.824797690647075,0.827906345249978,0.831096236257236,0.834371153064101
autumn_internationals_2025,autumn_internationals,2025,mixed,missed_penalty_goals,primary,0.082128473255724,0.895068112991912,0.894259304596989,0.893473630990334,0.89271051427782,0.891969536550523,0.891250301050676,0.890552431067302,0.889875568912006,0.88921937496838,0.8885835268091,0.887967718375364,0.887371659213814,0.886795073766559,0.886237700710302,0.885699292340941,0.885179614000364,0.884678443542407,0.884195570835271,0.883730797297889,0.883283935467958,0.882854808599588,0.882443250288635,0.882049104124018,0.881672223363418,0.881312470631911,0.880969717642232,0.880643844935437,0.880334741640885,0.880042305254521,0.879766441434551,0.879507063813677,0.879264093827137,0.879037460555863,0.878827100584149,0.878632957871272,0.878454983636565,0.878293136257516,0.878147381180498,0.878017690843801,0.877904044612673,0.877806428726135,0.877724836255372,0.877659267073545,0.877609727836927,0.877576231977281,0.877558799705465,0.877557458026286,0.877572240764644,0.877603188603092,0.877650349130944,0.87771377690512,0.877793533522972,0.877889687707378,0.87800231540442,0.878131499894062,0.878277331914237,0.878439909798872,0.878619339630402,0.878815735407392,0.879029219227992,0.879259921489983,0.879507981108288,0.879773545750892,0.880056772094224,0.880357826099165,0.880676883308947,0.881014129170356,0.881369759379769,0.881743980255748,0.88213700914004,0.882549074829059,0.882980418038116,0.883431291900906,0.883901962507009,0.884392709480483,0.884903826602896,0.885435622484572,0.885988421288181,0.886562563509287,0.887158406818982,0.887776326974303,0.888416718802812,0.88907999726844,0.889766598626563,0.890476981677242,0.891211629126677,0.891971049068159,0.892755776595311,0.893566375562026,0.8944034405055,0.895267598750957,0.896159512719285,0.897079882461826,0.898029448450105,0.899008994652448,0.900019351934296,0.901061401824845,0.902136080699442,0.903244384435337,0.904387373608152,0.905566179308079
autumn_internationals_2025,autumn_internationals,2025,mixed,drop_goals_converted,primary,0.0264902283843457,0.730899163279668,0.731551854794131,0.732214873738913,0.732887796735762,0.733570759815969,0.73426390185441,0.734967364649525,0.735681293006126,0.736405834821164,0.737141141172582,0.737887366411386,0.738644668257066,0.73941320789654,0.740193150086749,0.740984663261082,0.741787919639805,0.742603095344671,0.7434303705179,0.744269929445738,0.745121960686808,0.74598665720547,0.746864216510432,0.74775484079887,0.748658737106298,0.749576117462504,0.750507199053805,0.751452204391973,0.752411361490131,0.753384904045984,0.754373071632763,0.75537610989825,0.756394270772323,0.757427812683452,0.758477000784612,0.75954210718912,0.760623411216908,0.76172119965181,0.762835767010446,0.763967415823342,0.765116456928968,0.766283209781396,0.767468002772369,0.768671173568573,0.769893069464998,0.771134047755328,0.772394476120322,0.773674733035294,0.774975208197786,0.776296302976681,0.777638430884048,0.779002018071116,0.780387503849875,0.781795341241922,0.783225997556262,0.784679954997945,0.786157711309508,0.787659780447404,0.789186693295711,0.790738998419627,0.792317262861461,0.793922072982006,0.795554035350478,0.797213777686388,0.798901949857079,0.800619224934893,0.802366300318332,0.804143898921917,0.805952770439871,0.807793692689214,0.809667473038326,0.811574949927637,0.813516994489649,0.815494512276231,0.817508445101816,0.819559773012014,0.821649516388022,0.823778738198281,0.825948546409941,0.828160096573979,0.830414594599251,0.832713299732322,0.835057527761741,0.837448654467412,0.839888119337977,0.842377429581681,0.844918164459051,0.847511979968997,0.850160613923607,0.852865891451133,0.85562973097141,0.858454150693404,0.861341275690842,0.864293345618977,0.867312723143772,0.87040190316425,0.873563522919637,0.876800373085627,0.880115409978727,0.883511769004796,0.886992779507861,0.890561981198701
autumn_internationals_2025,autumn_internationals,2025,mixed,drop_goal_missed,primary,0.0111906381685039,0.808181435565948,0.80869856801402,0.809223475867267,0.809755236355763,0.810293938575078,0.810839673369741,0.811392533379317,0.81195261308602,0.812520008863897,0.813094819029683,0.813677143895365,0.81426708582254,0.814864749278636,0.815470240895072,0.816083669527444,0.816705146317816,0.817334784759204,0.817972700762355,0.818619012724913,0.819273841603069,0.819937310985821,0.82060954717194,0.821290679249772,0.821980839179998,0.822680161881491,0.823388785320399,0.824106850602608,0.824834502069742,0.825571887398858,0.826319157706009,0.827076467653861,0.827843975563555,0.828621843531002,0.829410237547854,0.830209327627346,0.831019287935266,0.8318402969263,0.832672537486022,0.833516197078802,0.834371467901946,0.835238547046368,0.836117636664151,0.837008944143328,0.837912682290283,0.83882906952016,0.839758330055714,0.840700694135049,0.841656398228731,0.842625685266785,0.843608804876124,0.844606013628982,0.845617575302981,0.846643761153484,0.847684850198937,0.848741129519956,0.849812894572956,0.850900449519181,0.852004107570048,0.853124191349795,0.854261033276474,0.855414975962414,0.856586372635371,0.857775587581649,0.858982996612585,0.860208987555903,0.861453960773521,0.862718329707566,0.864002521456445,0.865306977382978,0.866632153756772,0.86797852243316,0.869346571571245,0.870736806393774,0.872149749991802,0.873585944177359,0.875045950387593,0.876530350644152,0.878039748571935,0.879574770481642,0.881136066521006,0.882724311899976,0.884340208195661,0.88598448474331,0.887657900120253,0.889361243730352,0.891095337497237,0.892861037675424,0.894659236789292,0.896490865710927,0.898356895888902,0.900258341741398,0.902196263228371,0.904171768619121,0.906186017473343,0.908240223855716,0.910335659806357,0.912473659091958,0.914655621265299,0.916883016064081,0.919157388183667,0.921480362462561
autumn_internationals_2025,autumn_internationals,2025,mixed,defenders_beaten,primary,1.34867691581286,0.904260726426968,0.904330538928851,0.904422305751598,0.904535740997061,0.904670567875057,0.904826518305915,0.905003332560457,0.905200758921847,0.905418553367649,0.905656479270594,0.905914307116679,0.906191814239386,0.90648878456886,0.906805008395051,0.90714028214386,0.90749440816545,0.907867194533914,0.90825845485761,0.908668008099478,0.909095678406751,0.909541294949492,0.910004691767442,0.910485707624728,0.910984185871958,0.911499974315344,0.91203292509245,0.912582894554239,0.913149743153102,0.913733335336581,0.914333539446506,0.914950227623318,0.915583275715333,0.916232563192759,0.91689797306625,0.917579391809845,0.918276709288123,0.91898981868743,0.919718616451049,0.920463002218199,0.921222878766759,0.921998151959624,0.922788730694627,0.92359452685794,0.924415455280935,0.92525143370043,0.926102382722328,0.926968225788606,0.927848889147676,0.928744301828121,0.929654395615845,0.930579105034668,0.931518367330445,0.932472122458778,0.933440313076423,0.934422884536512,0.935419784887737,0.936430964877668,0.937456377960384,0.938495980308679,0.93954973083107,0.940617591193944,0.941699525849165,0.94279550206756,0.943905489978724,0.945029462617677,0.946167395978959,0.94731926907885,0.94848506402649,0.9496647661048,0.950858363862224,0.952065849216471,0.953287217571629,0.954522467950213,0.955771603141974,0.95703462987158,0.958311558987645,0.95960240567597,0.960907189700383,0.962225935675153,0.963558673373667,0.964905438078933,0.966266270982545,0.967641219640034,0.96903033849213,0.970433689463459,0.971851342652639,0.973283377130856,0.974729881869886,0.976190956825487,0.977666714208433,0.979157279983632,0.980662795648417,0.98218342035509,0.983719333461304,0.985270737616695,0.986837862527824,0.988420969589572,0.990020357635214,0.991636370147709,0.993269404403992,0.994919923212321
autumn_internationals_2025,autumn_internationals,2025,mixed,clean_breaks,primary,0.658512329348648,0.9393034548533,0.939444992134011,0.939616853388596,0.939818297640829,0.940048620758107,0.940307152802537,0.940593255665942,0.940906320929135,0.941245767918574,0.941611041937435,0.942001612651356,0.942416972611799,0.94285663590229,0.943320136894662,0.943807029104107,0.944316884133183,0.944849290696154,0.945403853716012,0.945980193487464,0.946577944899871,0.947196756714828,0.947836290893635,0.948496221970406,0.949176236467006,0.949876032346406,0.950595318501367,0.951333814275681,0.952091249015452,0.952867361648152,0.953661900287384,0.95447462186148,0.955305291764224,0.95615368352615,0.957019578505,0.957902765594029,0.958803040946989,0.959720207718684,0.960654075820113,0.961604461687276,0.962571188062798,0.963554083789599,0.964552983615888,0.965567728010832,0.966598162990276,0.967644139951967,0.968705515519748,0.969782151396257,0.970873914223676,0.971980675452119,0.973102311215289,0.974238702213039,0.975389733600523,0.976555294883631,0.977735279820431,0.978929586328355,0.980138116396904,0.981360776005643,0.982597475047288,0.983848127255702,0.985112650138622,0.98639096491498,0.987682996456647,0.988988673234505,0.990307927268705,0.991640694083024,0.992986912663215,0.994346525419282,0.995719478151598,0.997105720020815,0.998505203521511,0.999917884459533,1.00134372193301,1.00278267831703,1.0042347192519,1.00569981363515,1.00717793361706,1.00866905459995,1.01017315524112,1.01169021745955,1.01322022644637,1.01476317067917,1.01631904194032,1.01788783533916,1.0194695493384,1.02106418578472,1.02267174994368,1.02429225053917,1.0259256997974,1.02757211349584,1.02923151101699,1.03090391540751,1.03258935344267,1.03428785569655,1.03599945661814,1.0377241946137,1.03946211213578,1.04121325577901,1.04297767638336,1.04475542914506,1.0465465737357,1.04835117443009
autumn_internationals_2025,autumn_internationals,2025,mixed,offload,primary,0.844744593386686,0.924775231555795,0.924541969488383,0.924328762326403,0.924134968532053,0.923959992946185,0.923803281904858,0.923664319036545,0.923542621610715,0.923437737350687,0.923349241639554,0.923276735060669,0.923219841224254,0.923178204839891,0.923151490001168,0.923139378654207,0.923141569226135,0.923157775393226,0.92318772497142,0.923231158914449,0.923287830406856,0.923357504040973,0.92343995506839,0.923534968717699,0.923642339571357,0.923761870995437,0.923893374616772,0.924036669842708,0.924191583419227,0.924357949023704,0.924535606888994,0.924724403455903,0.924924191051458,0.925134827590628,0.925356176299429,0.925588105457557,0.925830488158879,0.926083202088282,0.926346129313545,0.926619156091001,0.926902172683912,0.927195073192548,0.927497755395083,0.927810120598484,0.928132073498658,0.928463522049179,0.928804377337985,0.929154553471475,0.929513967465505,0.929882539142812,0.930260191036427,0.930646848298704,0.931042438615585,0.931446892125779,0.931860141344554,0.932282121091858,0.932712768424504,0.933152022572204,0.933599824877206,0.934056118737353,0.934520849552366,0.934993964673193,0.935475413354242,0.935965146708382,0.936463117664552,0.936969280927869,0.937483592942107,0.938006011854459,0.938536497482466,0.939075011283036,0.939621516323461,0.940175977254371,0.940738360284535,0.941308633157468,0.941886765129767,0.94247272695114,0.943066490846071,0.943668030497082,0.94427732102956,0.944894338998104,0.945519062374378,0.946151470536441,0.946791544259525,0.947439265708262,0.948094618430338,0.948757587351562,0.949428158772364,0.950106320365702,0.950792061176396,0.951485371621893,0.952186243494472,0.952894669964919,0.953610645587673,0.954334166307488,0.955065229467632,0.955803833819654,0.956549979534776,0.957303668216937,0.958064902917548,0.95883368815203,0.959610029918166,0.960393935716377
autumn_internationals_2025,autumn_internationals,2025,mixed,runs,primary,2.08336462097272,0.935065053639416,0.931976355081167,0.928964188497708,0.92602705814394,0.923163558674839,0.920372365712045,0.917652227788569,0.915001959419052,0.91242043510211,0.909906584099976,0.907459385870527,0.905077866050276,0.902761092905302,0.900508174181829,0.898318254299828,0.896190511842519,0.894124157302272,0.892118431049673,0.890172601497616,0.888285963436525,0.886457836520303,0.88468756388549,0.882974510888595,0.881318063948573,0.879717629483161,0.878172632929258,0.876682517838773,0.875246745042411,0.873864791874819,0.872536151455251,0.871260332018618,0.870036856292364,0.868865260915117,0.867745095893498,0.866675924093881,0.865657320766203,0.864688873097241,0.863770179791038,0.862900850674364,0.862080506325337,0.861308777723479,0.860585305919662,0.859909741724535,0.859281745414151,0.858700986451627,0.858167143223772,0.857679902791713,0.857238960654632,0.856844020525789,0.856494794120094,0.856191000952541,0.85593236814686,0.855718630253819,0.855549529078638,0.855424813517014,0.855344239399303,0.855307569342444,0.855314572609227,0.855365024974545,0.855458708598299,0.855595411904646,0.855774929467303,0.855997061900632,0.856261615756277,0.856568403425114,0.856917243044292,0.857307958409195,0.857740378890117,0.858214339353494,0.858729680087541,0.859286246732137,0.859883890212837,0.860522466678887,0.861201837445121,0.861921868937653,0.862682432643249,0.863483405062316,0.864324667665418,0.865206106853245,0.866127613919988,0.867089085020051,0.868090421138068,0.869131528062159,0.870212316360422,0.871332701360608,0.872492603132972,0.873691946476274,0.874930660906938,0.876208680651345,0.87752594464128,0.878882396512541,0.880277984606712,0.881712661976148,0.883186386392174,0.884699120356555,0.886250831116268,0.887841490681626,0.88947107584782,0.891139568219931,0.892846954241494,0.894593225226684
autumn_internationals_2025,autumn_internationals,2025,mixed,tackles,primary,2.53963251486054,0.956892501299455,0.902106875308083,0.898745588461532,0.896455657009376,0.894618039524649,0.893038620010605,0.89163084625265,0.89034847889099,0.889163860151339,0.888059102714114,0.887021953078396,0.886043636944915,0.885117645991292,0.884239011855368,0.883403849871453,0.88260906054039,0.881852127491168,0.881130976756207,0.880443876292572,0.879789362672212,0.879166186568619,0.878573271531552,0.878009682337872,0.877474600363035,0.876967304179937,0.876487154104755,0.876033579761207,0.875606069980136,0.875204164525311,0.874827447261404,0.874475540471315,0.874148100097159,0.873844811729438,0.873565387206661,0.873309561716483,0.873077091311471,0.872867750769778,0.872681331744316,0.872517641154554,0.872376499783405,0.872257741048274,0.872161209920703,0.872086761973332,0.872034262536398,0.87200358594884,0.871994614891427,0.872007239791244,0.872041358288475,0.872096874757756,0.872173699877465,0.87227175024127,0.87239094800702,0.872531220578737,0.872692500318032,0.87287472428173,0.873077833982925,0.873301775173003,0.873546497642499,0.873811955038902,0.874098104699738,0.874404907499469,0.874732327708909,0.875080332865998,0.875448893656916,0.87583798380661,0.876247579977944,0.876677661678716,0.877128211175904,0.877599213416558,0.878090655954806,0.878602528884501,0.879134824777084,0.879687538624291,0.880260667785329,0.880854211938237,0.881468173035133,0.882102555261084,0.882757364996386,0.883432610782025,0.884128303288124,0.884844455285227,0.885581081618232,0.886338199182841,0.887115826904409,0.887913985719049,0.888732698556904,0.889571990327478,0.890431887906952,0.891312420127381,0.89221361776772,0.893135513546614,0.894078142116879,0.895041540061629,0.896025745892016,0.89703080004652,0.898056744891767,0.899103624724842,0.900171485777069,0.901260376219237,0.90237034616825,0.903501447695191
autumn_internationals_2025,autumn_internationals,2025,mixed,missed_tackles,primary,1.16733628787246,0.981114325895941,0.980879480878661,0.980651438043967,0.980430181886847,0.980215698121832,0.98000797361472,0.979806996334231,0.97961275530736,0.979425240578112,0.979244443169318,0.979070355047273,0.978902969088946,0.978742279051568,0.978588279544389,0.978440966002441,0.978300334662143,0.978166382538614,0.978039107404558,0.97791850777061,0.977804582867038,0.977697332626692,0.977596757669137,0.977502859285862,0.977415639426512,0.977335100686072,0.977261246292932,0.977194080097791,0.977133606563338,0.977079830754677,0.97703275833043,0.976992395534501,0.976958749188454,0.976931826684476,0.976911635978881,0.976898185586147,0.976891484573451,0.976891542555664,0.976898369690811,0.976911976675952,0.976932374743477,0.976959575657797,0.976993591712404,0.977034435727308,0.977082121046808,0.977136661537611,0.97719807158727,0.977266366102942,0.977341560510441,0.977423670753599,0.977512713293907,0.977608705110438,0.977711663700042,0.977821607077815,0.97793855377782,0.978062522854072,0.978193533881775,0.978331606958799,0.978476762707417,0.97862902227627,0.978788407342578,0.978954940114586,0.979128643334247,0.97930954028014,0.979497654770613,0.979693011167171,0.979895634378085,0.980105549862238,0.980322783633204,0.980547362263554,0.980779312889406,0.981018663215199,0.981265441518714,0.981519676656327,0.981781398068503,0.982050635785543,0.98232742043356,0.982611783240723,0.982903756043742,0.983203371294616,0.983510662067635,0.983825662066654,0.984148405632637,0.984478927751467,0.984817264062049,0.985163450864689,0.98551752512977,0.985879524506725,0.986249487333315,0.986627452645223,0.98701346018596,0.987407550417111,0.987809764528903,0.988220144451135,0.988638732864444,0.989065573211952,0.989500709711278,0.989944187366936,0.990396051983134,0.990856350176976,0.991325129392092,0.99180243791269
autumn_internationals_2025,autumn_internationals,2025,mixed,rucks_won,primary,2.09097729843608,0.857601540862741,0.855813427916199,0.854055319163913,0.852326897856097,0.850627860098798,0.848957914219221,0.84731678018268,0.845704189048788,0.844119882463689,0.842563612185443,0.841035139639966,0.839534235505138,0.838060679320956,0.836614259123767,0.835194771102794,0.833802019277364,0.832435815193325,0.831095977637323,0.82978233236769,0.828494711860811,0.827232955071928,0.825996907209426,0.824786419521717,0.823601349095912,0.822441558667542,0.821306916440624,0.820197295917454,0.819112575737516,0.818052639524987,0.817017375744313,0.8160066775634,0.815020442723985,0.814058573418781,0.813120976175025,0.812207561744079,0.811318244996767,0.810452944824136,0.809611584043368,0.808794089308589,0.808000391026309,0.807230423275292,0.806484123730628,0.805761433591807,0.80506229751463,0.804386663546753,0.803734483066737,0.803105710726429,0.802500304396536,0.801918225115276,0.801359437039967,0.800823907401441,0.800311606461191,0.799822507471123,0.799356586635851,0.798913823077426,0.798494198802421,0.798097698671307,0.797724310370043,0.797374024383803,0.797046833972809,0.796742735150176,0.796461726661757,0.796203809967906,0.795968989227135,0.795757271281626,0.795568665644541,0.795403184489131,0.795260842639581,0.795141657563585,0.795045649366621,0.794972840787912,0.794923257198037,0.794896926598212,0.794893879621189,0.794914149533798,0.794957772241109,0.79502478629221,0.79511523288761,0.795229155888264,0.795366601826219,0.795527619916903,0.79571226207305,0.795920582920289,0.7961526398144,0.796408492860268,0.796688204932543,0.796991841698043,0.797319471639915,0.797671166083593,0.798046999224582,0.798447048158111,0.798871392910675,0.799320116473541,0.799793304838236,0.80029104703408,0.800813435167821,0.801360564465421,0.801932533316068,0.802529443318467,0.803151399329494,0.803798509515284
autumn_internationals_2025,autumn_internationals,2025,mixed,rucks_lost,primary,0.558548187023436,0.997134747984,0.996552192093816,0.995992701042367,0.995454919662413,0.994937659810746,0.994439872734237,0.993960627118405,0.993499091432399,0.993054519584215,0.992626239156757,0.99221364167801,0.99181617451044,0.991433334041255,0.991064659926646,0.990709730196719,0.990368157068457,0.990039583345081,0.989723679304208,0.989420139995858,0.989128682886088,0.988849045793577,0.988580985075817,0.988324274028921,0.988078701471114,0.987844070484786,0.987620197296025,0.987406910273752,0.987204049033332,0.987011463631728,0.98682901384317,0.986656568505825,0.986494004931311,0.986341208369973,0.986198071525785,0.986064494115559,0.985940382467771,0.985825649156973,0.985720212670173,0.985623997102078,0.985536931876407,0.985458951490833,0.985389995283393,0.985330007218436,0.985278935690413,0.985236733343978,0.985203356909058,0.985178767049674,0.985162928225435,0.985155808564741,0.985157379748835,0.985167616905913,0.985186498514611,0.985214006316249,0.985250125235256,0.985294843307298,0.985348151614646,0.985410044228395,0.985480518157168,0.985559573302003,0.985647212417124,0.985743441076369,0.985848267645043,0.985961703257028,0.986083761796963,0.986214459887392,0.986353816880744,0.986501854856063,0.986658598620442,0.98682407571508,0.986998316425975,0.987181353799227,0.98737322366097,0.987573964641983,0.98778361820702,0.988002228688948,0.988229843327786,0.988466512314768,0.988712288841572,0.988967229154877,0.989231392616448,0.989504841768959,0.989787642407793,0.990079863659116,0.990381578064502,0.990692861672471,0.991013794137317,0.991344458825633,0.991684942931009,0.992035337597411,0.99239573805181,0.99276624374668,0.993146958513058,0.993537990724936,0.993939453475814,0.994351464768357,0.994774147718181,0.995207630772906,0.995652047947764,0.996107539079134,0.996574250097608,0.997052333322298
autumn_internationals_2025,autumn_internationals,2025,mixed,passes,primary,3.56334899044905,0.830007532498133,0.827618578028953,0.825290059037252,0.823021165577512,0.820811118420817,0.818659167072128,0.816564587993953,0.814526683004281,0.812544777826273,0.810618220770674,0.808746381534888,0.806928650104992,0.805164435748982,0.803453166091158,0.801794286258952,0.800187258094651,0.798631559425458,0.797126683386138,0.795672137789221,0.794267444538345,0.792912139080818,0.791605769895948,0.790347898016056,0.789138096577453,0.787975950398914,0.786861055585482,0.785793019155619,0.78477145868995,0.783796001999999,0.782866286815481,0.781981960488834,0.781142679715831,0.78034811027117,0.779597926758078,0.778891812371037,0.778229458670801,0.777610565370974,0.777034840135453,0.776501998386114,0.776011763120162,0.775563864736607,0.775158040871401,0.774794036240754,0.774471602492232,0.774190498063261,0.773950488046661,0.7737513440629,0.773592844138758,0.773474772592128,0.773396919922683,0.773359082708183,0.773361063506189,0.773402670760993,0.773483718715562,0.773604027328322,0.773763422194636,0.773961734472812,0.774198800814512,0.774474463299432,0.774788569374153,0.775140971795043,0.775531528575122,0.775960102934809,0.776426563256475,0.776930783042727,0.777472640878371,0.778052020396006,0.778668810245193,0.779322904065184,0.780014200461159,0.78074260298397,0.781508020113371,0.782310365244727,0.783149556679207,0.784025517617464,0.78493817615683,0.785887465292036,0.786873322919491,0.787895691845175,0.788954519796167,0.790049759435888,0.791181368383103,0.79234930923477,0.793553549592815,0.794794062094913,0.796070824449393,0.797383819474377,0.79873303514126,0.800118464622697,0.801540106345213,0.802997964046632,0.804492046838467,0.806022369273496,0.807588951418708,0.809191818933858,0.810831003155879,0.812506541189409,0.814218476003724,0.815966856536397,0.817751737804015,0.819573181020325
autumn_internationals_2025,autumn_internationals,2025,mixed,bad_passes,primary,0.862164164664536,1.00766073952316,1.00647144409217,1.00532853550879,1.00422908611573,1.00317059156013,1.00215088131312,1.00116805297833,1.0002204229884,0.999306488883777,0.998424899958633,0.997574434069415,0.996753979062379,0.995962517717628,0.995199115408565,0.99446290988533,0.993753102739228,0.993068952211927,0.992409767091129,0.991774901492031,0.991163750367079,0.990575745619185,0.990010352718601,0.989467067742988,0.988945414775317,0.988444943606113,0.987965227695967,0.987505862361786,0.98706646315631,0.986646664415336,0.986246117951103,0.985864491873581,0.985501469524119,0.98515674850815,0.984830039815552,0.984521067018808,0.984229565540457,0.983955281982421,0.983697973510775,0.983457407290305,0.983233359963915,0.983025617172523,0.982833973111612,0.982658230121025,0.982498198305013,0.982353695179831,0.982224545346509,0.982110580186668,0.982011637579452,0.981927561637896,0.98185820246316,0.981803415915264,0.981763063399074,0.981737011664404,0.98172513261922,0.981727303155029,0.981743404983603,0.981773324484287,0.981816952561208,0.981874184509741,0.981944919891676,0.982029062418556,0.982126519842726,0.982237203855651,0.982361029993109,0.982497917546918,0.982647789482851,0.982810572364468,0.982986196282569,0.983174594790056,0.98337570484196,0.983589466740453,0.983815824084659,0.984054723725112,0.984306115722722,0.98456995331212,0.98484619286929,0.985134793883386,0.985435718932665,0.985748933664476,0.986074406779259,0.986412110018522,0.986762018156777,0.987124108997437,0.987498363372676,0.987884765147278,0.988283301226521,0.988693961568135,0.98911673919841,0.989551630232535,0.989998633899267,0.990457752570044,0.99092899179267,0.991412360329737,0.991907870201941,0.992415536736491,0.992935378620826,0.993467417961881,0.994011680351156,0.994568194935906,0.995136994496749,0.995718115532069
autumn_internationals_2025,autumn_internationals,2025,mixed,turnovers_conceded,primary,0.976514745810528,0.965926947549936,0.965712418934928,0.965502917773444,0.965298345317336,0.965098608554682,0.964903619703598,0.964713295779355,0.964527558208595,0.964346332484445,0.964169547857345,0.963997137057089,0.963829036042293,0.963665183774007,0.963505522010655,0.963349995121849,0.963198549918992,0.963051135500803,0.96290770311218,0.962768206014985,0.962632599369535,0.962500840125702,0.962372886922678,0.962248699996563,0.962128241095026,0.962011473398371,0.96189836144643,0.961788871070751,0.961682969331612,0.961580624459439,0.961481805800251,0.961386483764803,0.961294629781103,0.961206216250046,0.96112121650391,0.961039604767482,0.960961356121625,0.96088644646909,0.96081485250241,0.960746551673715,0.960681522166351,0.960619742868141,0.960561193346209,0.960505853823228,0.96045370515502,0.960404728809405,0.960358906846218,0.960316221898422,0.960276657154251,0.960240196340305,0.960206823705559,0.960176524006208,0.960149282491323,0.960125084889247,0.960103917394708,0.960085766656593,0.960070619766361,0.960058464247049,0.960049288042846,0.960043079509201,0.960039827403444,0.960039520875883,0.960042149461371,0.960047703071298,0.960056171986013,0.960067546847637,0.960081818653252,0.960098978748464,0.960119018821306,0.960141930896481,0.960167707329915,0.960196340803632,0.960227824320914,0.960262151201751,0.960299315078568,0.960339309892213,0.960382129888212,0.960427769613257,0.96047622391196,0.960527487923817,0.960581557080422,0.960638427102887,0.960698093999498,0.960760554063569,0.960825803871509,0.960893840281101,0.960964660429973,0.961038261734275,0.961114641887542,0.961193798859763,0.961275730896631,0.961360436518986,0.961447914522446,0.96153816397723,0.961631184228156,0.961726974894842,0.961825535872078,0.961926867330391,0.962030969716806,0.962137843755777,0.962247490450329,0.962359911083374
autumn_internationals_2025,autumn_internationals,2025,mixed,penalties_conceded,primary,0.957823158081719,0.963778158671265,0.963751298480205,0.963727722705943,0.96370738260671,0.963690232196583,0.963676228014157,0.963665328931614,0.963657495982383,0.963652692205234,0.963650882502965,0.963652033514042,0.963656113495794,0.96366309221791,0.963672940865171,0.96368563194846,0.963701139223201,0.963719437614503,0.963740503148329,0.963764312888145,0.963790844876485,0.963820078081018,0.96385199234467,0.963886568339461,0.963923787523704,0.963963632102295,0.964006084989808,0.964051129776175,0.964098750694717,0.964148932592349,0.964201660901777,0.964256921615521,0.964314701261633,0.964374986880969,0.964437766005901,0.964503026640359,0.964570757241103,0.964640946700139,0.96471358432819,0.964788659839158,0.964866163335489,0.964946085294403,0.965028416554903,0.965113148305537,0.965200272072837,0.965289779710417,0.965381663388666,0.965475915585007,0.965572529074688,0.96567149692207,0.965772812472376,0.96587646934389,0.965982461420554,0.966090782844962,0.96620142801172,0.966314391561147,0.966429668373304,0.966547253562327,0.966667142471056,0.966789330665939,0.966913813932189,0.967040588269196,0.967169649886173,0.967300995198019,0.9674346208214,0.967570523571026,0.967708700456124,0.967849148677091,0.967991865622323,0.968136848865207,0.968284096161276,0.968433605445516,0.968585374829813,0.968739402600547,0.968895687216313,0.969054227305777,0.969215021665649,0.96937806925878,0.969543369212371,0.969710920816289,0.969880723521499,0.970052776938587,0.970227080836392,0.970403635140726,0.970582439933197,0.970763495450112,0.970946802081475,0.971132360370069,0.971320171010621,0.971510234849045,0.971702552881769,0.971897126255138,0.972093956264892,0.972293044355717,0.972494392120869,0.972698001301877,0.972903873788301,0.973112011617574,0.973322416974907,0.973535092193255,0.97375003975336,0.973967262283855
autumn_internationals_2025,autumn_internationals,2025,mixed,yellow_cards,primary,0.162641006276932,1.15910942480957,1.15142266125793,1.14470317098089,1.13870409757372,1.133270239628,1.12829544187176,1.12370293432044,1.11943493834375,1.11544663596953,1.1117024259953,1.10817347712647,1.10483606270664,1.10167038958518,1.09865975180576,1.09578990483582,1.09304859368172,1.09042519092402,1.0879104148804,1.08549610722928,1.08317505546004,1.08094084959663,1.07878776546015,1.07671066871797,1.07470493538432,1.07276638546602,1.07089122720377,1.06907600992267,1.06731758393084,1.06561306622767,1.06395981103204,1.0623553843335,1.06079754182005,1.05928420965504,1.05781346767021,1.056383534617,1.05499275517939,1.05363958850026,1.05232259801369,1.05104044240806,1.04979186757199,1.04857569939734,1.04739083733209,1.04623624859136,1.04511096294776,1.04401406803326,1.04294470509369,1.04190206514536,1.04088538548918,1.03989394654399,1.0389270689653,1.03798411101988,1.03706446619029,1.03616756098659,1.03529285294494,1.03443982879542,1.03360800278334,1.03279691512996,1.03200613062033,1.03123523730718,1.03048384532113,1.0297515857784,1.0290381097783,1.02834308748362,1.02766620727772,1.02700717499283,1.02636571320472,1.02574156058951,1.0251344713387,1.0245442146292,1.02397057414541,1.0234133476509,1.02287234660754,1.02234739584033,1.02183833324654,1.02134500954808,1.02086728808625,1.02040504465866,1.019958167398,1.01952655669306,1.01911012515253,1.01870879761266,1.01832251119008,1.01795121538157,1.01759487221332,1.01725345644219,1.01692695581275,1.01661537137397,1.01631871786061,1.01603702414504,1.01577033376636,1.01551870554472,1.01528221429049,1.01506095161904,1.01485502688451,1.01466456824762,1.01448972389592,1.01433066343783,1.0141875794961,1.01406068953122,1.01395023793123,1.01385649841204
autumn_internationals_2025,autumn_internationals,2025,mixed,red_cards,primary,0.0318687887746897,1.34014226418128,1.32860471170753,1.31869670883458,1.30994007175695,1.30205051370546,1.29484341373206,1.28819105955699,1.2820008274098,1.2762030348728,1.27074370845672,1.26558004033334,1.26067740673228,1.25600733873815,1.25154609822423,1.24727365190528,1.24317291527657,1.23922918433329,1.23542970095785,1.23176331539214,1.22822022049899,1.22479173996562,1.22147015762732,1.21824857854866,1.21512081492328,1.21208129158009,1.20912496713215,1.20624726771963,1.20344403097785,1.20071145837151,1.19804607442353,1.19544469166416,1.19290438035555,1.19042244222673,1.18799638759485,1.18562391536081,1.18330289545651,1.18103135339325,1.17880745661851,1.17662950243614,1.1744959072835,1.17240519719104,1.17035599927622,1.16834703414578,1.16637710909836,1.16444511203517,1.16255000599941,1.16069082427577,1.1588666659912,1.15707669216579,1.15532012216953,1.15359623054684,1.15190434417562,1.15024383973241,1.14861414143873,1.14701471906778,1.14544508619317,1.14390479866458,1.14239345329762,1.14091068676756,1.13945617469875,1.13802963094363,1.13663080704721,1.13525949189492,1.13391551154355,1.13259872923699,1.1313090456106,1.13004639909015,1.1288107664934,1.12760216384513,1.12642064741889,1.12526631502217,1.12413930754464,1.12303981079345,1.12196805764402,1.12092433053974,1.11990896438043,1.11892234984639,1.11796493721344,1.11703724072436,1.11613984359433,1.11527340374227,1.11443866035764,1.11363644143344,1.11286767242216,1.11213338620323,1.11143473459008,1.11077300165362,1.11014961920057,1.10956618482176,1.10902448302356,1.10852651008034,1.10807450340662,1.10767097645614,1.1073187604285,1.10702105442504,1.10678148617844,1.10660418613211,1.10649387853621,1.10645599445973,1.10649681334885,1.10662364222768
autumn_internationals_2025,autumn_internationals,2025,mixed,metres,primary,1.43870339547894,0.81187868082295,0.81271126024783,0.813561661450909,0.814429161123452,0.815313087145499,0.816212813612391,0.817127756491933,0.818057369816124,0.819001142328254,0.819958594519761,0.820929276002146,0.821912763168156,0.82290865710373,0.823916581718132,0.824936182064652,0.825967122828311,0.827009086960444,0.828061774442839,0.829124901166525,0.830198197912323,0.831281409421963,0.832374293550024,0.833476620488216,0.834588172054537,0.835708741040792,0.836838130612712,0.8379761537576,0.839122632775016,0.840277398806519,0.841440291400924,0.842611158111932,0.84378985412531,0.844976241913109,0.846170190912679,0.847371577228432,0.848580283354565,0.849796197917082,0.851019215433653,0.852249236089962,0.853486165531354,0.854729914668674,0.855980399497312,0.857237540928561,0.858501264632456,0.859771500891372,0.861048184463681,0.862331254456879,0.863620654209593,0.864916331181992,0.866218236854103,0.867526326631636,0.86884055975891,0.870160899238556,0.871487311757647,0.872819767619993,0.874158240684327,0.875502708308146,0.876853151296998,0.878209553859024,0.879571903564581,0.880940191310805,0.882314411290976,0.883694560968564,0.88508064105588,0.886472655497226,0.887870611456494,0.889274519309162,0.89068439263864,0.892100248236962,0.893522106109797,0.894949989485806,0.896383924830345,0.897823941863571,0.899270073582979,0.900722356290451,0.902180829623892,0.90364553659354,0.905116523623067,0.906593840595608,0.908077540904842,0.909567681511305,0.911064323004115,0.912567529668307,0.914077369558005,0.915593914575687,0.917117240557804,0.918647427367064,0.920184558991702,0.921728723652106,0.923280013915177,0.924838526816877,0.926404363993408,0.927977631821564,0.929558441568787,0.931146909553571,0.93274315731686,0.934347311805181,0.935959505566314,0.937579876958375,0.93920857037327,0.940845736475569
six_nations_2026,six_nations,2026,north,minutes,primary,9.99773918975218,0.949696554231194,0.94947151481857,0.949253414445766,0.949045366026747,0.948842952916504,0.94864811453428,0.948453276152056,0.948274682921206,0.948113261095166,0.947952447054938,0.94779163301471,0.947630818974483,0.947470004934255,0.947309190894027,0.947148376853799,0.946987562813571,0.946826748773343,0.946668204253127,0.946532337235563,0.946408381142208,0.946327091003928,0.94625059987406,0.946178513889466,0.946117218311058,0.946057450488092,0.946001059848383,0.945945361667858,0.945889663487332,0.945839094396981,0.945803690613126,0.945803820389696,0.94582752416039,0.945876001960296,0.945932887652517,0.94600529610413,0.946103376439205,0.946207868984803,0.946314184528124,0.946424116997744,0.946547058451426,0.946669999905108,0.946799707345804,0.946937626461217,0.94709041370089,0.947248499419014,0.947410524242427,0.947573744467721,0.947736964693015,0.947904094149684,0.948071958159918,0.948246496948765,0.948425877529992,0.948613128064467,0.948817634731334,0.949029268558231,0.949240902385129,0.949452536212027,0.949664893937133,0.949887260959125,0.950111338875045,0.950355993836881,0.950608484943189,0.950860976049499,0.951113467155808,0.951365958262117,0.951618449368426,0.951877749841029,0.952151363070071,0.952439959337551,0.952729557898327,0.953034419295564,0.953375765520027,0.953736003741772,0.954106880532574,0.954499705847343,0.954947756293052,0.955410465615767,0.955873174938483,0.956335884261198,0.956798593583914,0.957261302906629,0.957724012229345,0.958193936406697,0.958674665557488,0.959165206351129,0.959672738612998,0.960207969108985,0.960779234886659,0.961355269007848,0.961935354639488,0.962531292927478,0.963133059379502,0.963734825831526,0.96433659228355,0.964938358735574,0.965540125187598,0.966141891639622,0.966748927704291,0.96736598513782,0.967990004538987,0.96862998283471
six_nations_2026,six_nations,2026,north,tries,primary,0.543716889154804,0.918724523531701,0.91769574507764,0.916741740603508,0.915858364876384,0.915041888013992,0.914288936747573,0.913596446374845,0.912961621065751,0.912381900771481,0.911854933409866,0.911378551308596,0.910950751115605,0.910569676556577,0.910233603548569,0.909940927277567,0.909690150924029,0.90947987577999,0.909308792548037,0.909175673649572,0.90907936639939,0.909018786927414,0.908992914747753,0.909000787890941,0.909041498528159,0.909114189026843,0.909218048385897,0.909352309006118,0.909516243757534,0.90970916331059,0.90993041370244,0.91017937411335,0.910455454831349,0.910758095385995,0.911086762834414,0.911440950184781,0.911820174944143,0.912223977778959,0.912651921278058,0.913103588808819,0.913578583458398,0.914076527052679,0.914597059246389,0.915139836678499,0.915704532187621,0.91629083408265,0.91689844546434,0.917527083593958,0.9181764793055,0.918846376458299,0.919536531427149,0.920246712627341,0.920976700072232,0.921726284961215,0.922495269296104,0.923283465524197,0.924090696206354,0.924916793708661,0.925761599916309,0.926624965968508,0.927506752013292,0.928406826981264,0.929325068377343,0.930261362089709,0.931215602215221,0.93218769090065,0.933177538199134,0.934185061941356,0.935210187620988,0.936252848294003,0.937312984491543,0.938390544146057,0.939485482530488,0.940597762210359,0.941727353008628,0.942874231983272,0.944038383417569,0.945219798823149,0.946418476955894,0.947634423844856,0.948867652834381,0.950118184639739,0.951386047416557,0.952671276844466,0.953973916225425,0.955294016597237,0.956631636862887,0.95798684393637,0.959359712905817,0.96075032721476,0.962158778862557,0.963585168625032,0.965029606296582,0.96649221095509,0.967973111251163,0.969472445723367,0.970990363141329,0.972527022878774,0.974082595318794,0.975657262293926,0.977251217563866,0.978864667334018
six_nations_2026,six_nations,2026,north,try_assists,primary,0.457429014530042,0.877445278682905,0.877074721959235,0.876748814844541,0.876465635501915,0.876223408965035,0.87602049165409,0.875855357975669,0.875726588669126,0.875632860625305,0.875572937953506,0.875545664112209,0.875549954950769,0.875584792534886,0.875649219649292,0.875742334888021,0.875863288256459,0.876011277220777,0.87618554314982,0.876385368102419,0.876610071919663,0.876859009587236,0.877131568837585,0.877427167965661,0.877745253835351,0.878085300056575,0.878446805315521,0.878829291842596,0.879232304004483,0.879655407008316,0.880098185707314,0.880560243498444,0.881041201303692,0.881540696627466,0.882058382683424,0.882593927584743,0.883147013592451,0.883717336416989,0.884304604568681,0.88490853875317,0.885528871308307,0.886165345679298,0.886817715929215,0.887485746282251,0.88816921069736,0.88886789247011,0.889581583860804,0.890310085747083,0.891053207299391,0.89181076567783,0.892582585749065,0.893368499822058,0.894168347401509,0.894981974958012,0.895809235713995,0.896649989444609,0.897504102292818,0.898371446598002,0.899251900737469,0.900145348980298,0.901051681353061,0.901970793516945,0.902902586655927,0.903846967375639,0.904803847612667,0.905773144554024,0.906754780566619,0.907748683136575,0.908754784818285,0.909773023193166,0.910803340838082,0.911845685303477,0.912900009101295,0.913966269702822,0.915044429546609,0.916134456056727,0.917236321671624,0.918350003883923,0.919475485291583,0.920612753660881,0.921761802001757,0.922922628656166,0.924095237400117,0.925279637560237,0.926475844145741,0.927683877996851,0.92890376595081,0.930135541026785,0.931379242631127,0.9326349167846,0.933902616373436,0.935182401426265,0.93647433941924,0.93777850561196,0.939094983417136,0.940423864807296,0.941765250762281,0.943119251761747,0.944485988327466,0.945865591620868,0.947258204101999,0.948663980256941
six_nations_2026,six_nations,2026,north,conversion_goals,primary,0.326357508492311,0.378503005160516,0.377972324503897,0.377506013648965,0.377101622037829,0.376756877779552,0.376469646266214,0.37623791931659,0.376059805392054,0.375933520758683,0.375857381486654,0.375829796192525,0.37584925944231,0.375914345743748,0.376023704065159,0.376176052825954,0.376370175310545,0.376604915463069,0.376879174025338,0.377191904984722,0.377542112302394,0.377928846895656,0.378351203850928,0.378808319846461,0.379299370766066,0.379823569487072,0.380380163827447,0.380968434638539,0.381587694031199,0.382237283724292,0.382916573505624,0.383624959796264,0.384361864310091,0.385126732801146,0.385919033892048,0.386738257977316,0.387583916196031,0.388455539468696,0.389352677593661,0.390274898398823,0.391221786944704,0.392192944775322,0.39318798921357,0.394206552698076,0.395248282158782,0.396312838428667,0.39739989568928,0.398509140947897,0.39964027354431,0.400793004685393,0.401967057005735,0.403162164152763,0.404378070394894,0.405614530251353,0.406871308142403,0.408148178058839,0.409444923249639,0.410761335926795,0.412097216986379,0.413452375744987,0.414826629690753,0.416219804248199,0.417631732556215,0.419062255258528,0.420511220306076,0.421978482770709,0.423463904669725,0.424967354800737,0.426488708586457,0.428027847928956,0.429584661073037,0.431159042478367,0.432750892700036,0.43436011827725,0.43598663162988,0.437630350962616,0.439291200176491,0.440969108787574,0.442664011852638,0.444375849901626,0.446104568876779,0.447850120078278,0.449612460116286,0.451391550869304,0.453187359448735,0.454999858169611,0.456829024527421,0.458674841181007,0.460537295941517,0.462416381767396,0.464312096765453,0.46622444419801,0.468153432496193,0.470099075279429,0.472061391381222,0.474040404881311,0.476036145144329,0.478048646865094,0.480077950120694,0.482124100429542,0.484187148817589,0.486267151891945
six_nations_2026,six_nations,2026,north,missed_conversion_goals,primary,0.094266996063089,0.753316666272292,0.754286920638524,0.755270822952107,0.756268239318202,0.757279159178382,0.758303575336158,0.759341483904932,0.76039288425978,0.761457778992953,0.762536173872937,0.763628077806954,0.764733502806784,0.765852463957814,0.76698497939119,0.768131070259006,0.769290760712435,0.770464077882718,0.771651051864965,0.772851715704679,0.77406610538696,0.775294259828345,0.776536220871217,0.777792033280769,0.779061744744474,0.780345405874028,0.781643070209764,0.782954794227489,0.784280637347756,0.785620661947544,0.786974933374349,0.788343519962684,0.789726493052992,0.791123927012984,0.792535899261407,0.793962490294269,0.795403783713537,0.796859866258337,0.798330827838686,0.799816761571793,0.801317763820971,0.802833934237197,0.804365375803381,0.805912194881393,0.80747450126191,0.809052408217144,0.810646032556532,0.812255494685449,0.813880918667047,0.815522432287288,0.817180167123277,0.818854258614999,0.820544846140554,0.822252073095031,0.823976086973106,0.825717039455542,0.827475086499686,0.82925038843414,0.831043110057758,0.832853420743123,0.834681494544698,0.836527510311832,0.838391651806821,0.840274107828238,0.842175072339757,0.844094744604705,0.846033329326611,0.847991036795997,0.849968083043724,0.851964690001173,0.8539810856676,0.856017504285,0.858074186520845,0.860151379659083,0.86224933779981,0.864368322068053,0.866508600832132,0.868670449932089,0.870854152918727,0.873060001303802,0.875288294821989,0.877539341705251,0.879813458970293,0.882110972719841,0.88443221845852,0.88677754142416,0.889147296935438,0.891541850756797,0.893961579481673,0.896406870935129,0.89887812459707,0.901375752047304,0.903900177433808,0.906451837965669,0.909031184432247,0.911638681750281,0.914274809540746,0.916940062737426,0.919634952229344,0.922360005539322,0.925115767541168,0.927902801218175
six_nations_2026,six_nations,2026,north,penalty_goals,primary,0.131776062958463,0.745456348615557,0.743762284338756,0.742077536095392,0.740402125809996,0.738736163286535,0.737079760481586,0.735433031564088,0.73379609297726,0.73216906350275,0.73055206432715,0.728945219110947,0.727348654060054,0.725762498000017,0.724186882453021,0.722621941717851,0.721067812952906,0.719524636262455,0.717992554786249,0.716471714792684,0.71496226577566,0.713464360555342,0.711978155382996,0.710503810050117,0.709041488002053,0.707591356456368,0.706153586526171,0.704728353348684,0.703315836219309,0.701916218731492,0.70052968892269,0.69915643942677,0.697796667633188,0.696450575853322,0.695118371494352,0.693800267241111,0.692496481246354,0.691207237329933,0.689932765187385,0.688673300608479,0.687429085706317,0.686200369157612,0.684987406454811,0.683790460170791,0.682609800236902,0.681445704235173,0.680298457705587,0.679168354469375,0.678055696969362,0.676960796628469,0.675883974227579,0.674825560304038,0.6737858955722,0.672765331367514,0.671764230115771,0.670782965829289,0.669821924631929,0.668881505315015,0.667962119926416,0.667064194395209,0.666188169194606,0.665334500046019,0.664503658667427,0.663696133569498,0.662912430903207,0.662153075363103,0.661418611150714,0.660709603003058,0.660026637291699,0.659370323198325,0.658741293973466,0.658140208285599,0.657567751668704,0.657024638077144,0.656511611557747,0.656029448050025,0.655578957326693,0.655160985088056,0.65477641522539,0.654426172270222,0.654111224048461,0.653832584560646,0.653591317112223,0.65338853772081,0.653225418830907,0.653103193370525,0.653023159188866,0.652986683919591,0.65299521032045,0.653050262147393,0.653153450629778,0.653306481623358,0.653511163529513,0.653769416083113,0.654083280128001,0.654454928518705,0.654886678310622,0.655381004429138,0.655940555042333,0.656568168903281,0.65726689497839,0.658040014740008
six_nations_2026,six_nations,2026,north,missed_penalty_goals,primary,0.0373909802900077,0.829139185505789,0.828124349146152,0.827118644286254,0.826121894643619,0.82513422915395,0.824155779735685,0.823186681386606,0.822227072284506,0.821277093892109,0.82033689106647,0.819406612173095,0.818486409205025,0.817576437907151,0.81667685790605,0.815787832845628,0.814909530528911,0.814042123066308,0.813185787030718,0.812340703619875,0.811507058826334,0.81068504361555,0.809874854112525,0.809076691797524,0.808290763711404,0.807517282671147,0.806756467496207,0.806008543246342,0.805273741471661,0.804552300475644,0.803844465591964,0.803150489476015,0.802470632412095,0.801805162637282,0.801154356683128,0.80051849973636,0.799897886019914,0.799292819195682,0.798703612790529,0.798130590647211,0.797574087401986,0.797034448990884,0.796512033186728,0.796007210169219,0.795520363130589,0.795051888919553,0.794602198726539,0.794171718813453,0.793760891291549,0.793370174951296,0.793000046148536,0.792650999751611,0.792323550154649,0.792018232362679,0.791735603154848,0.791476242332667,0.791240754060929,0.791029768309776,0.790843942407307,0.790683962713161,0.790550546424675,0.790444443528564,0.790366438912543,0.790317354653049,0.790298052497144,0.790309436558891,0.790352456253057,0.790428109491853,0.790537446173779,0.790681571997464,0.790861652637812,0.791078918326873,0.791334668887785,0.791630279277059,0.791967205698489,0.792346992361415,0.792771278967132,0.79324180902023,0.793760439077101,0.79432914906205,0.794950053803258,0.79562541596678,0.796357660598012,0.797149391517626,0.798003409864544,0.798922735133888,0.799910629125602,0.800970623302646,0.802106550160548,0.803322579337919,0.80462325935743,0.806013566087936,0.807498959273467,0.809085448800319,0.810779672792241,0.812588990166951,0.814521590998019,0.816586628965201,0.818794381429364,0.821156444358573,0.82368597163939,0.826397971497396
six_nations_2026,six_nations,2026,north,drop_goals_converted,primary,0.0108816324439102,1.13381246420357,1.1324792221142,1.1311676277944,1.129876695273,1.12860679336998,1.12735830086966,1.12613160688289,1.1249271112259,1.12374522481658,1.12258637008942,1.12145098142986,1.12033950562941,1.11925240236264,1.11819014468726,1.11715321956876,1.11614212843098,1.11515738773421,1.11419952958247,1.11326910236179,1.11236667141129,1.11149281972935,1.11064814871675,1.10983327895946,1.10904885105345,1.1082955264743,1.10757398849455,1.10688494315209,1.10622912027276,1.10560727455122,1.10502018669376,1.10446866462757,1.10395354478118,1.10347569344095,1.10303600818934,1.1026354194308,1.10227489201183,1.10195542694218,1.10167806322503,1.10144387980435,1.10125399763866,1.10110958191122,1.1010118443874,1.10096204593131,1.10096149919468,1.10101157149238,1.10111368788036,1.10126933445323,1.10148006188081,1.10174748920444,1.10207330791653,1.10245928634892,1.10290727439864,1.10341920862272,1.10399711773698,1.10464312855811,1.10535947243246,1.10614849220027,1.10701264974967,1.10795453422151,1.10897687093346,1.11008253110039,1.11127454243774,1.1125561007462,1.1139305825884,1.11540155918376,1.11697281166455,1.11864834785659,1.12043242077089,1.12232954902025,1.12434453940611,1.12648251195872,1.12874892775738,1.13114961990964,1.13369082812988,1.13637923743109,1.13922202153135,1.14222689168154,1.14540215174781,1.14875676053553,1.152300402528,1.15604356844135,1.1599976472768,1.16417503189773,1.16858924058818,1.17325505758696,1.17818869626653,1.1834079894817,1.18893261270411,1.19478434696176,1.20098739042049,1.2075687298221,1.21455858613068,1.22199095292137,1.22990425168156,1.23834213587866,1.24735448625758,1.25699865468116,1.26734103492524,1.27845906931044,1.29044384485444,1.30340349982165
six_nations_2026,six_nations,2026,north,drop_goal_missed,primary,0.0283306771763575,0.974174240102851,0.973547197184267,0.972922267036146,0.972299063806315,0.971677600814862,0.971057891542296,0.970439949632148,0.969823788893626,0.969209423304326,0.968596867012999,0.967986134342365,0.967377239792006,0.966770198041295,0.966165023952407,0.965561732573379,0.964960339141241,0.96436085908521,0.963763308029958,0.963167701798944,0.962574056417815,0.961982388117888,0.961392713339702,0.960805048736649,0.960219411178682,0.959635817756108,0.959054285783461,0.958474832803459,0.957897476591057,0.957322235157582,0.956749126754963,0.956178169880056,0.955609383279068,0.955042785952084,0.954478397157688,0.953916236417699,0.953356323522014,0.952798678533557,0.952243321793351,0.951690273925706,0.951139555843523,0.950591188753732,0.950045194162849,0.949501593882675,0.948960410036124,0.948421665063192,0.947885381727073,0.947351583120422,0.946820292671764,0.946291534152075,0.945765331681506,0.945241709736289,0.944720693155807,0.944202307149839,0.943686577305991,0.943173529597314,0.942663190390112,0.94215558645195,0.941650744959869,0.941148693508813,0.940649460120265,0.940153073251123,0.939659561802795,0.939168955130535,0.938681283053033,0.938196575862252,0.93771486433353,0.937236179735954,0.936760553843012,0.936288018943537,0.935818607852947,0.935352353924791,0.934889291062621,0.934429453732185,0.933972876973964,0.933519596416063,0.933069648287457,0.932623069431624,0.932179897320556,0.93174017006918,0.931303926450192,0.930871205909319,0.930442048581031,0.93001649530471,0.929594587641302,0.929176367890456,0.928761879108183,0.92835116512504,0.927944270564868,0.927541240864096,0.927142122291643,0.926746961969425,0.926355807893499,0.925968708955879,0.925585714967014,0.925206876678997,0.924832245809498,0.924461875066471,0.924095818173653,0.923734129896887,0.923376866071309,0.923024083629419
six_nations_2026,six_nations,2026,north,defenders_beaten,primary,1.45756589549776,0.841794996639569,0.841310430101898,0.84085500979822,0.840428276894211,0.840029789037518,0.839659119522711,0.839315856516787,0.83899960233958,0.838709972794108,0.838446596542401,0.838209114522887,0.837997179405804,0.837810455083497,0.837648616192753,0.837511347666652,0.83739834431363,0.837309310421675,0.837243959385802,0.83720201335707,0.837183202911637,0.837187266738405,0.837213951344,0.837263010773891,0.837334206348594,0.837427306413961,0.837542086104656,0.837678327120003,0.837835817511409,0.838014351480698,0.838213729188675,0.838433756573345,0.838674245177215,0.83893501198318,0.839215879258513,0.839516674406524,0.839837229825468,0.840177382774349,0.840536975245235,0.840915853841795,0.841313869663716,0.84173087819676,0.842166739208154,0.84262131664711,0.843094478550218,0.843586096951522,0.844096047797059,0.844624210863713,0.84517046968217,0.845734711463863,0.846316827031721,0.846916710754613,0.847534260485351,0.848169377502134,0.848821966453335,0.849491935305525,0.850179195294653,0.85088366088029,0.851605249702867,0.852343882543855,0.853099483288796,0.853871978893164,0.854661299350997,0.855467377666252,0.856290149826872,0.85712955478152,0.857985534418968,0.858858033550128,0.859746999892722,0.860652384058577,0.861574139543572,0.862512222720232,0.863466592833001,0.864437211996212,0.865424045194798,0.866427060287779,0.867446228014577,0.868481522004221,0.8695329187875,0.870600397812158,0.871683941461188,0.872783535074358,0.873899166973043,0.875030828488504,0.87617851399374,0.87734222093905,0.878521949891482,0.879717704578332,0.880929491934892,0.882157322156657,0.883401208756224,0.884661168625148,0.885937222101012,0.887229393040041,0.888537708895584,0.889862200802825,0.891202903670149,0.892559856277576,0.893933101382779,0.895322685835191,0.896728660698824,0.89815108138441
six_nations_2026,six_nations,2026,north,clean_breaks,primary,0.697140050874174,0.988373650356742,0.986863881116635,0.985412591964742,0.984017497666675,0.982676476775389,0.981387555144479,0.980148891576695,0.978958765273223,0.977815564810268,0.976717778417894,0.975663985374724,0.974652848363259,0.973683106655787,0.972753570021413,0.971863113261624,0.971010671295681,0.970195234728698,0.969415845844847,0.96867159497616,0.967961617204208,0.96728508935757,0.966641227272915,0.966029283291585,0.965448543967117,0.964898327962132,0.964377984115627,0.963886889663934,0.963424448600544,0.962990090161683,0.962583267425969,0.962203456017782,0.961850152905064,0.961522875283264,0.961221159538011,0.960944560279831,0.960692649444912,0.960465015456514,0.96026126244214,0.96008100950206,0.959923890025183,0.959789551048663,0.959677652657937,0.959587867424207,0.959519879876643,0.959473386006801,0.959448092803012,0.95944371781264,0.959459988730328,0.959496643010476,0.959553427502366,0.959630098106462,0.959726419450539,0.959842164584401,0.959977114692052,0.960131058820262,0.960303793622574,0.960495123117845,0.960704858462505,0.960932817735775,0.961178825737144,0.961442713795448,0.961724319588968,0.962023486975981,0.962340065835267,0.962673911916089,0.963024886697228,0.963392857254658,0.963777696137507,0.96417928125196,0.964597495752791,0.965032227942255,0.965483371176064,0.965950823776224,0.966434488950523,0.966934274718463,0.967450093843488,0.967981863771333,0.968529506574388,0.969092948901933,0.969672121936179,0.970266961354007,0.970877407294371,0.971503404331296,0.972144901452455,0.972801852043321,0.97347421387688,0.974161949108945,0.974865024279106,0.975583410317369,0.976317082556562,0.977066020750616,0.977830209098807,0.978609636276127,0.979404295469906,0.980214184422895,0.98103930548299,0.981879665659827,0.982735276688513,0.983606155100763,0.984492322303757,0.985393804667067
six_nations_2026,six_nations,2026,north,offload,primary,0.886528481771904,0.85861705849501,0.857962309929618,0.857327269550149,0.856711536434972,0.856114730637765,0.855536491455471,0.854976475897077,0.854434357324307,0.853909824240229,0.853402579205658,0.852912337866512,0.852438828077845,0.851981789112487,0.851540970943981,0.851116133595017,0.850707046543805,0.85031348818184,0.849935245317445,0.849572112720161,0.849223892701743,0.848890394729998,0.848571435072227,0.848266836465355,0.847976427810238,0.847700043887898,0.847437525095672,0.847188717201546,0.846953471115051,0.846731642673349,0.84652309244123,0.846327685523885,0.846145291391447,0.845975783714387,0.845819040208911,0.845674942491647,0.84554337594291,0.845424229577955,0.845317395925635,0.845222770913978,0.845140253762199,0.84506974687873,0.845011155764886,0.844964388923798,0.844929357774301,0.844905976569465,0.844894162319506,0.844893834718815,0.844904916076878,0.84492733125287,0.844961007593722,0.845005874875487,0.845061865247828,0.845128913181474,0.845206955418506,0.845295930925329,0.845395780848216,0.845506448471311,0.845627879176971,0.845760020408375,0.845902821634282,0.846056234315876,0.846220211875612,0.846394709667996,0.84657968495223,0.846775096866668,0.84698090640502,0.84719707639427,0.847423571474239,0.847660358078779,0.847907404418538,0.848164680465277,0.848432157937707,0.848709810288814,0.848997612694659,0.849295542044631,0.849603576933134,0.849921697652701,0.850249886188526,0.850588126214404,0.850936403090082,0.851294703860017,0.851663017253549,0.852041333686497,0.852429645264179,0.852827945785883,0.853236230750799,0.853654497365429,0.854082744552507,0.854520972961452,0.854969184980389,0.855427384749761,0.855895578177598,0.856373772956454,0.856861978582084,0.857360206373913,0.857868469497333,0.858386782987923,0.85891516377764,0.859453630723059,0.860002204635752,0.860560908314885
six_nations_2026,six_nations,2026,north,runs,primary,2.17091621593655,0.862819786560235,0.859408987408134,0.856082725427419,0.85283967503588,0.84967855567321,0.846598129571483,0.843597199678271,0.84067460771919,0.837829232388067,0.835059987654126,0.832365821176627,0.829745712818372,0.827198673250281,0.824723742640018,0.82231998941828,0.819986509116948,0.817722423273844,0.815526878399272,0.813399044999969,0.811338116656452,0.809343309150104,0.807413859636613,0.805549025862701,0.80374808542329,0.802010335056491,0.800335089974026,0.798721683224835,0.797169465089847,0.795677802505988,0.794246078517693,0.792873691754274,0.791560055931657,0.790304599377055,0.789106764575302,0.787966007735615,0.786881798377661,0.785853618935875,0.784880964381048,0.783963341858253,0.783100270340278,0.782291280295733,0.7815359133711,0.780833722086017,0.78018426954113,0.779587129137904,0.779041884309803,0.778548128264295,0.778105463735179,0.777713502744731,0.777371866375233,0.777080184549451,0.776838095819649,0.776645247164777,0.776501293795463,0.776405898966465,0.776358733796278,0.776359477093586,0.776407815190264,0.776503441780687,0.776646057767056,0.776835371110528,0.777071096687907,0.777352956153679,0.777680677807195,0.778053996464797,0.778472653336708,0.778936395908515,0.779444977827064,0.779998158790634,0.780595704443217,0.781237386272776,0.781922981513345,0.782652273050841,0.783425049332465,0.784241104279589,0.785100237203999,0.786002252727417,0.786946960704178,0.787934176146989,0.788963719155675,0.790035414848821,0.791149093298242,0.792304589466204,0.79350174314532,0.794740398901055,0.796020406016785,0.797341618441337,0.798703894738964,0.800107098041698,0.801551096004032,0.803035760759885,0.804560968881797,0.806126601342332,0.807732543477632,0.809378684953096,0.811064919731149,0.812791146041069,0.814557266350851,0.816363187341066,0.818208819880716,0.820094079005043
six_nations_2026,six_nations,2026,north,tackles,primary,2.30728482038927,0.954918325019438,0.952696293513985,0.950505303705928,0.948345205882245,0.946215854030152,0.944117105755005,0.942048822201573,0.940010867978544,0.938003111086094,0.936025422846393,0.934077677836916,0.932159753826438,0.930271531713594,0.928412895467901,0.926583732073138,0.924783931472987,0.923013386518845,0.921271992919724,0.919559649194154,0.917876256624021,0.916221719210258,0.914595943630327,0.912998839197439,0.911430317821419,0.90989029397121,0.908378684638905,0.90689540930531,0.905440389906947,0.904013550804481,0.902614818752518,0.901244122870728,0.89990139461627,0.898586567757468,0.897299578348719,0.896040364706592,0.894808867387088,0.893605029164051,0.892428795008672,0.891280112070098,0.890158929657098,0.889065199220774,0.887998874338306,0.8869599106977,0.885948266083526,0.884963900363643,0.884006775476883,0.883076855421687,0.882174106245692,0.88129849603624,0.88044999491182,0.879628575014434,0.878834210502861,0.87806687754685,0.877326554322202,0.876613221006777,0.875926859777387,0.875267454807611,0.874634992266513,0.874029460318275,0.873450849122744,0.872899150836914,0.872374359617332,0.871876471623451,0.871405485021938,0.870961399991945,0.870544218731367,0.87015394546409,0.869790586448263,0.869454149985594,0.86914464643171,0.868862088207597,0.868606489812142,0.868377867835812,0.868176240975497,0.868001630050551,0.867854058020069,0.867733550001432,0.867640133290173,0.867573837381197,0.867534693991416,0.86752273708384,0.867538002893191,0.867580529953096,0.867650359124921,0.867747533628334,0.86787209907365,0.868024103496059,0.868203597391825,0.868410633756538,0.868645268125552,0.868907558616687,0.869197565975353,0.869515353622206,0.869860987703483,0.870234537144193,0.870636073704312,0.871065672038174,0.871523409757281,0.872009367496726,0.872523628985491,0.873066281120895
six_nations_2026,six_nations,2026,north,missed_tackles,primary,1.22918317016875,0.927531725538243,0.927287256381929,0.927051160444261,0.926823404374341,0.926603956032129,0.926392784456189,0.926189859833108,0.92599515346848,0.925808637759361,0.925630286168103,0.92546007319751,0.925297974367221,0.925143966191257,0.924998026156683,0.924860132703304,0.924730265204368,0.924608403948194,0.924494530120709,0.924388625788825,0.924290673884632,0.92420065819036,0.92411856332408,0.924044374726103,0.923978078646052,0.923919662130583,0.923869113011709,0.923826419895725,0.923791572152692,0.923764559906467,0.923745374025257,0.923734006112668,0.923730448499251,0.923734694234505,0.923746737079332,0.923766571498933,0.923794192656118,0.923829596405031,0.923872779285266,0.92392373851637,0.923982471992712,0.924048978278724,0.924123256604491,0.92420530686168,0.924295129599812,0.924392726022859,0.924498097986161,0.924611247993657,0.924732179195423,0.924860895385516,0.924997401000109,0.925141701115919,0.925293801448925,0.925453708353371,0.925621428821035,0.925796970480796,0.925980341598453,0.926171551076828,0.926370608456135,0.926577523914609,0.926792308269407,0.927014972977771,0.927245530138452,0.927483992493393,0.927730373429681,0.927984686981756,0.928246947833876,0.928517171322856,0.92879537344106,0.929081570839661,0.929375780832164,0.929678021398195,0.929988311187565,0.930306669524595,0.930633116412721,0.930967672539372,0.931310359281128,0.931661198709157,0.932020213594945,0.932387427416307,0.932762864363693,0.933146549346804,0.933538508001489,0.933938766696974,0.934347352543386,0.934764293399609,0.935189617881454,0.935623355370176,0.936065536021312,0.936516190773882,0.936975351359929,0.937443050314435,0.937919320985595,0.938404197545474,0.938897715001059,0.939399909205698,0.939910816870954,0.940430475578877,0.940958923794706,0.941496200880015,0.942042347106305,0.942597403669079
six_nations_2026,six_nations,2026,north,rucks_won,primary,2.34973262594325,0.686899998708174,0.686140333208929,0.685404201803043,0.684691471943506,0.684002014668745,0.683335704511919,0.682692419414399,0.682072040643233,0.681474452712374,0.680899543307473,0.680347203214058,0.679817326248931,0.679309809194619,0.678824551736733,0.678361456404092,0.677920428511488,0.677501376104971,0.677104209909526,0.676728843279054,0.676375192148545,0.676043174988353,0.675732712760481,0.675443728876799,0.675176149159111,0.674929901801006,0.674704917331409,0.674501128579795,0.674318470642965,0.674156880853371,0.674016298748902,0.6738966660441,0.673797926602745,0.673720026411782,0.673662913556529,0.67362653819714,0.673610852546277,0.673615810847964,0.673641369357589,0.673687486323012,0.673754121966776,0.673841238469358,0.673948799953472,0.674076772469378,0.674225123981179,0.674393824354087,0.674582845342651,0.674792160579904,0.675021745567442,0.675271577666395,0.6755416360893,0.675831901892839,0.676142357971461,0.676472989051845,0.676823781688225,0.677194724258547,0.67758580696147,0.677997021814192,0.6784283626511,0.678879825123246,0.679351406698642,0.679843106663373,0.680354926123524,0.680886868007939,0.681438937071781,0.682011139900934,0.682603484917219,0.683215982384446,0.683848644415303,0.684501484979083,0.685174519910271,0.685867766917983,0.68658124559627,0.687314977435314,0.688068985833501,0.688843296110407,0.689637935520694,0.690452933268946,0.691288320525444,0.692144130442915,0.693020398174258,0.69391716089128,0.694834457804451,0.695772330183708,0.696730821380334,0.697709976849926,0.698709844176491,0.699730473097692,0.700771915531275,0.701834225602706,0.702917459674062,0.70402167637419,0.705146936630198,0.706293303700299,0.707460843208044,0.708649623178017,0.709859714072995,0.711091188832664,0.712344122913909,0.713618594332748,0.714914683707964,0.716232474306486
six_nations_2026,six_nations,2026,north,rucks_lost,primary,0.595844297632824,1.02710263871111,1.02644160718596,1.02579370945723,1.02515869228448,1.02453631335789,1.02392634067659,1.02332855197393,1.02274273418553,1.02216868295607,1.02160620218164,1.02105510358435,1.02051520631656,1.01998633659222,1.01946832734311,1.01896101789786,1.0184642536821,1.01797788593793,1.01750177146125,1.01703577235569,1.01657975580175,1.01613359384013,1.01569716316815,1.01527034494847,1.01485302462899,1.01444509177338,1.01404643990147,1.01365696633871,1.01327657207427,1.01290516162711,1.01254264291951,1.01218892715767,1.01184392871883,1.01150756504464,1.01117975654019,1.0108604264787,1.01054950091113,1.01024690858084,1.00995258084263,1.00966645158628,1.00938845716399,1.00911853632187,1.0088566301349,1.00860268194557,1.00835663730561,1.00811844392104,1.00788805160004,1.00766541220386,1.00745047960021,1.00724320961946,1.0070435600132,1.00685149041519,1.00666696230461,1.0064899389715,1.00632038548431,1.00615826865943,1.00600355703274,1.005856220833,1.00571623195713,1.00558356394717,1.00545819196907,1.00534009279305,1.00522924477571,1.00512562784362,1.00502922347853,1.00494001470413,1.00485798607424,1.00478312366258,1.0047154150539,1.00465484933662,1.00460141709687,1.00455511041399,1.00451592285736,1.00448384948476,1.00445888684204,1.00444103296424,1.00443028737815,1.0044266511063,1.00443012667232,1.00444071810791,1.0044584309611,1.00448327230622,1.00451525075522,1.00455437647067,1.00460066118031,1.00465411819327,1.00471476241794,1.00478261038162,1.00485768025186,1.00493999185979,1.00502956672521,1.00512642808378,1.00523060091618,1.00534211197944,1.00546098984052,1.00558726491216,1.0057209694912,1.00586213779945,1.00601080602718,1.00616701237943,1.00633079712531,1.0065022026503
six_nations_2026,six_nations,2026,north,passes,primary,3.86371075655727,0.712689555609045,0.710247675836558,0.707862007391339,0.70553173868132,0.703256084414168,0.701034284321953,0.698865601978145,0.696749323697819,0.694684757513092,0.692671232216798,0.690708096468265,0.68879471795574,0.686930482610655,0.685114793869427,0.68334707197896,0.681626753342416,0.679953289902154,0.678326148557069,0.676744810611794,0.675208771255499,0.673717539068209,0.672270635552759,0.670867594690658,0.669507962520304,0.668191296736091,0.666917166307101,0.665685151114161,0.664494841604142,0.663345838460475,0.662237752288926,0.66117020331775,0.660142821111408,0.65915524429709,0.658207120303335,0.657298105110104,0.656427863009688,0.655596066377888,0.654802395454938,0.654046538135675,0.653328189768498,0.652647052962675,0.65200283740361,0.651395259675669,0.650824043092234,0.650288917532629,0.649789619285618,0.649325890899188,0.648897481036311,0.648504144336464,0.648145641282628,0.64782173807356,0.647532206501106,0.647276823832351,0.647055372696431,0.646867640975792,0.646713421701765,0.646592512954254,0.646504717765419,0.646449844027189,0.646427704402474,0.646438116239956,0.646480901492322,0.646555886637844,0.646662902605181,0.646801784701317,0.646972372542525,0.647174509988281,0.647408045078035,0.647672829970763,0.647968720887225,0.648295578054861,0.648653265655257,0.649041651774126,0.649460608353737,0.649910011147759,0.650389739678448,0.650899677196148,0.651439710641068,0.652009730607282,0.652609631308935,0.653239310548616,0.653898669687877,0.654587613619867,0.655306050744076,0.656053892943152,0.656831055561804,0.657637457387758,0.658473020634772,0.659337670927713,0.660231337289684,0.661153952131214,0.66210545124152,0.663085773781848,0.664094862280917,0.665132662632475,0.66619912409501,0.667294199293617,0.66841784422408,0.669570018259197,0.670750684157382,0.671959808073608
six_nations_2026,six_nations,2026,north,bad_passes,primary,0.805231285488541,0.956603076792968,0.956092411506215,0.955602350351709,0.95513248964687,0.954682442617552,0.954251838391682,0.953840321073427,0.953447548889926,0.953073193403599,0.952716938783795,0.952378481132285,0.952057527857677,0.951753797094395,0.951467017162287,0.951196926063382,0.950943271012637,0.950705807999855,0.95048430138022,0.950278523491153,0.950088254293422,0.949913281034597,0.949753397933172,0.949608405881789,0.949478112168142,0.949362330212299,0.949260879319248,0.9491735844456,0.949100275979475,0.949040789532654,0.948994965744194,0.948962650094726,0.948943692730759,0.948937948298335,0.948945275785443,0.948965538372658,0.948998603291492,0.949044341689992,0.949102628505157,0.949173342341776,0.949256365357308,0.949351583152473,0.949458884667233,0.949578162081859,0.949709310722816,0.949852228973212,0.950006818187565,0.950172982610677,0.950350629300397,0.950539668054095,0.950740011338647,0.950951574223785,0.951174274318649,0.95140803171138,0.951652768911649,0.951908410795964,0.952174884555662,0.952452119647453,0.952740047746438,0.953038602701487,0.953347720492891,0.953667339192219,0.953997398924283,0.954337841831157,0.954688612038174,0.955049655621853,0.955420920579678,0.955802356801708,0.956193916043944,0.956595551903432,0.957007219795048,0.957428876929945,0.957860482295623,0.958301996637603,0.958753382442671,0.959214603923698,0.959685627005988,0.960166419315181,0.960656950166669,0.961157190556549,0.961667113154104,0.962186692295811,0.962715903980894,0.96325472586844,0.963803137276073,0.964361119180242,0.96492865421812,0.965505726691161,0.966092322570346,0.966688429503176,0.967294036822431,0.967909135556779,0.96853371844328,0.96916777994186,0.969811316251827,0.97046432533052,0.971126806914174,0.971798762541115,0.972480195577396,0.973171111244993,0.973871516652708,0.974581420829925
six_nations_2026,six_nations,2026,north,turnovers_conceded,primary,0.965517362867862,0.99775011283857,0.997540450767927,0.997335116148076,0.997134063832933,0.996937249956118,0.996744631882733,0.996556168163697,0.996371818492442,0.996191543663856,0.996015305535319,0.995843066989702,0.995674791900231,0.995510445097088,0.995349992335661,0.995193400266337,0.995040636405769,0.994891669109515,0.994746467545987,0.99460500167164,0.994467242207328,0.994333160615765,0.994202729080048,0.994075920483173,0.993952708388497,0.99383306702111,0.993716971250063,0.993604396571412,0.993495319092047,0.993389715514263,0.993287563121042,0.993188839762021,0.993093523840105,0.993001594298712,0.992913030609608,0.992827812761329,0.992745921248146,0.992667337059572,0.992592041670376,0.992520017031101,0.992451245559051,0.992385710129755,0.99232339406887,0.992264281144531,0.99220835556012,0.99215560194745,0.992106005360361,0.992059551268699,0.992016225552696,0.991976014497721,0.991938904789411,0.991904883509168,0.991873938130022,0.991846056512857,0.991821226902989,0.99179943792711,0.991780678590578,0.99176493827507,0.991752206736585,0.991742474103809,0.991735730876838,0.991731967926263,0.99173117649263,0.991733348186262,0.991738474987475,0.991746549247169,0.99175756368782,0.991771511404884,0.991788385868607,0.991808180926272,0.991830890804889,0.991856510114342,0.991885033851015,0.991916457401906,0.991950776549263,0.991987987475754,0.992028086770198,0.992071071433888,0.992116938887529,0.992165686978826,0.992217313990757,0.992271818650565,0.992329200139523,0.992389458103491,0.992452592664347,0.992518604432311,0.992587494519254,0.992659264553023,0.992733916692873,0.992811453646073,0.992891878685766,0.992975195670178,0.993061409063266,0.993150523956921,0.993242546094837,0.993337481898173,0.993435338493158,0.993536123740777,0.993639846268732,0.993746515505835,0.99385614171907,0.993968736053526
six_nations_2026,six_nations,2026,north,penalties_conceded,primary,0.896936227395651,0.991588987331627,0.991534093621467,0.991482088090589,0.991432961207808,0.991386703716232,0.991343306629262,0.99130276122674,0.99126505905125,0.991230191904554,0.991198151844169,0.991168931180082,0.99114252247159,0.991118918524271,0.991098112387076,0.991080097349548,0.991064866939149,0.99105241491871,0.99104273528399,0.991035822261344,0.991031670305498,0.991030274097432,0.991031628542359,0.991035728767812,0.991042570121824,0.991052148171209,0.99106445869993,0.991079497707575,0.991097261407905,0.991117746227511,0.99114094880455,0.991166865987569,0.991195494834417,0.991226832611249,0.991260876791602,0.991297625055564,0.991337075289023,0.991379225583002,0.991424074233068,0.991471619738828,0.991521860803507,0.991574796333599,0.991630425438605,0.991688747430851,0.991749761825375,0.991813468339911,0.991879866894936,0.991948957613805,0.992020740822966,0.992095217052253,0.99217238703526,0.992252251709794,0.992334812218411,0.992420069909037,0.992508026335662,0.99259868325913,0.992692042648001,0.992788106679507,0.992886877740586,0.992988358429013,0.993092551554607,0.993199460140535,0.993309087424711,0.993421436861275,0.993536512122173,0.993654317098837,0.993774855903952,0.993898132873329,0.99402415256788,0.99415291977569,0.994284439514199,0.994418717032494,0.994555757813707,0.994695567577526,0.994838152282827,0.994983518130421,0.995131671565922,0.995282619282745,0.995436368225226,0.995592925591881,0.995752298838799,0.995914495683172,0.996079524106974,0.996247392360788,0.996418108967785,0.996591682727861,0.996768122721942,0.996947438316455,0.997129639167972,0.99731473522804,0.997502736748194,0.99769365428517,0.997887498706307,0.998084281195171,0.998284013257389,0.998486706726704,0.998692373771269,0.998901026900181,0.999112678970263,0.999327343193113,0.999545033142421,0.999765762761572
six_nations_2026,six_nations,2026,north,yellow_cards,primary,0.160378887683909,1.04660338175074,1.04166648724516,1.03741898018415,1.03368476136325,1.03034854323275,1.02733061188223,1.02457349357325,1.02203435127794,1.01968038337432,1.0174859031971,1.01543041139607,1.01349728117707,1.01167283619653,1.00994568811226,1.0083062506054,1.0067463762396,1.00525908064464,1.00383832995087,1.00247887481128,1.00117611925845,0.999926015966372,0.998724981776774,0.997569828955034,0.996457708782868,0.995386064920106,0.994352594570877,0.993355215936021,0.992392040767571,0.991461351093751,0.990561579375701,0.989691291505665,0.988849172171624,0.988034012203678,0.987244697588598,0.986480199895487,0.985739567900662,0.985021920236132,0.984326438915468,0.983652363614714,0.982998986605515,0.982365648253713,0.981751733009871,0.981156665829221,0.980579908967631,0.980020959107895,0.979479344777047,0.978954624020832,0.978446382306053,0.977954230625419,0.977477803782814,0.977016758839777,0.976570773706394,0.976139545861906,0.975722791192151,0.975320242932525,0.974931650706494,0.974556779650905,0.974195409620344,0.973847334463741,0.973512361367186,0.973190310257668,0.972881013263036,0.972584314224087,0.972300068255153,0.972028141350035,0.971768410030539,0.971520761035232,0.971285091046406,0.971061306453533,0.97084932315182,0.970649066374735,0.970460470559675,0.97028347924618,0.970118045006406,0.969964129407776,0.969821703008049,0.969690745383286,0.96957124518948,0.969463200258944,0.969366617732842,0.969281514231625,0.969207916065501,0.969145859487495,0.969095390992145,0.969056567663385,0.96902945757579,0.969014140254044,0.969010707196257,0.969019262467705,0.969039923372578,0.969072821212574,0.969118102142596,0.969175928135492,0.969246478069774,0.969329948956587,0.969426557325013,0.969536540788129,0.969660159816286,0.969797699748879,0.969949473081813,0.970115822074998
six_nations_2026,six_nations,2026,north,red_cards,primary,0.0114331950267281,1.34241580029555,1.31997532667652,1.30067881698748,1.28372562914503,1.26858672861314,1.25489422327539,1.24238190948173,1.23085093682192,1.22014884315073,1.21015616110466,1.20077753468628,1.1919356379066,1.18356689752486,1.17561841345533,1.16804569566639,1.16081097082931,1.15388189481132,1.14723055961045,1.14083271745059,1.13466716743121,1.12871526550296,1.1229605291597,1.11738831569279,1.1119855581687,1.10674054713182,1.1016427488472,1.09668265298056,1.09185164417368,1.08714189315317,1.08254626391251,1.07805823420168,1.07367182709848,1.06938155185847,1.06518235257329,1.06106956343238,1.05703886959432,1.05308627284441,1.04920806135265,1.04540078295831,1.04166122149884,1.03798637577604,1.03437344081469,1.03081979111995,1.02732296568342,1.02388065452281,1.02049068657102,1.01715101875536,1.01385972612923,1.01061499293699,1.00741510450795,1.00425843988885,1.00114346513565,0.998068727194916,0.99503284831382,0.992034520924797,0.989072502957335,0.986145613534812,0.983252729019003,0.980392779369137,0.977564744785907,0.974767652614117,0.972000574480396,0.969262623644895,0.966552952548046,0.963870750535403,0.961215241745264,0.958585683145302,0.955981362705761,0.953401597697985,0.950845733108084,0.948313140156528,0.945803214915283,0.943315377014888,0.940849068434525,0.938403752368791,0.93597891216539,0.933574050328504,0.931188687583016,0.928822361995186,0.926474628145736,0.924145056351654,0.92183323193329,0.91953875452364,0.917261237416926,0.915000306953809,0.912755601940822,0.910526773101721,0.908313482558707,0.906115403341566,0.903932218922955,0.901763622778175,0.899609317967899,0.897469016742438,0.895342440166215,0.893229317761238,0.891129387168404,0.889042393825609,0.886968090661636,0.884906237804933,0.8828566023064,0.880818957875392
six_nations_2026,six_nations,2026,north,metres,primary,1.37186173907161,0.798325990546707,0.79948849892067,0.800676111696503,0.801887863782559,0.803122844841671,0.804380195184772,0.805659102068093,0.806958796345137,0.808278549431653,0.80961767054763,0.810975504205263,0.812351427915957,0.813744850092949,0.815155208129092,0.816581966631894,0.818024615800088,0.819482669927864,0.820955666024535,0.822443162538773,0.823944738177809,0.825459990813006,0.826988536464167,0.828530008355725,0.830084056038708,0.831650344572948,0.833228553764595,0.834818377454475,0.836419522853243,0.838031709919697,0.839654670778946,0.841288149177415,0.842931899971985,0.844585688650759,0.846249290883208,0.847922492097623,0.849605087083981,0.851296879620505,0.852997682122321,0.854707315310774,0.856425607902061,0.858152396313946,0.859887524389453,0.86163084313647,0.863382210482334,0.865141491042493,0.866908555902439,0.868683282412173,0.870465553992482,0.87225525995241,0.874052295317323,0.875856560667008,0.877667961983326,0.879486410506924,0.88131182260259,0.88314411963285,0.884983227839427,0.886829078232244,0.888681606485638,0.8905407528415,0.892406462019093,0.894278683131291,0.896157369607014,0.89804247911968,0.899933973521472,0.901831818783263,0.903735984940056,0.905646446041809,0.907563180109517,0.909486169096489,0.911415398854688,0.913350859106117,0.915292543419153,0.91724044918983,0.919194577628021,0.921154933748515,0.923121526367008,0.925094368101012,0.927073475375727,0.92905886843492,0.931050571356888,0.933048612075581,0.935053022406984,0.937063838080879,0.939081098778132,0.941104848173646,0.943135133985168,0.945172008028149,0.947215526276884,0.94926574893217,0.951322740495767,0.953386569851972,0.955457310356631,0.957535039933972,0.959619841181663,0.961711801484542,0.96381101313753,0.965917573478237,0.968031585029896,0.970153155655252,0.972282398722131,0.974419433281487
nations_championship_2026,nations_championship,2026,mixed,minutes,primary,10.6629560760409,0.94350358861297,0.943387349205774,0.943272012594713,0.943184555697472,0.943100828841561,0.943022992430358,0.942945156019156,0.942896210991432,0.942866007155723,0.942845509400652,0.942844506398276,0.942849104565391,0.942880694418176,0.942920458887872,0.942973833759377,0.943035172306013,0.943097494496926,0.943163762193794,0.943242312415269,0.9433440947435,0.943455622712197,0.943581250784205,0.943710843226025,0.943840435667845,0.943970028109664,0.944099620551484,0.944229212993304,0.944358805435124,0.944492875371974,0.944636271276794,0.94479153718642,0.944977293343962,0.945188947377941,0.945403959910864,0.945631278105747,0.945863515091038,0.94609575207633,0.946327989061621,0.946560226046913,0.946792463032205,0.947025451294019,0.947265881995901,0.947513829180936,0.947774467141623,0.94803510510231,0.948295743062996,0.948560941902385,0.948842404133247,0.949132177292804,0.949432053442342,0.949736815369932,0.950046741246117,0.950359105904443,0.950673129044295,0.950987152184146,0.951305948925222,0.9516425857843,0.951979222643379,0.952319118042179,0.952672104151459,0.953049857839662,0.953461416291442,0.95389792166183,0.954334427032217,0.954770932402605,0.955207437772992,0.955646785128997,0.956091956394436,0.956558413176728,0.957024869959021,0.957491326741313,0.957957783523606,0.958435023009931,0.958929477357379,0.959437102623355,0.959952781644656,0.960468460665958,0.96098413968726,0.961499818708562,0.962015497729864,0.962531176751166,0.963046855772468,0.963562534793771,0.964078213815073,0.964593892836374,0.965109945365144,0.965639012540239,0.966168079715335,0.966697146890431,0.967226214065527,0.967757608204289,0.968297671602623,0.968837735000957,0.969378943921208,0.969926898597885,0.970474853274562,0.971022807951239,0.971570762627916,0.972118717304593,0.97266667198127,0.973220757530965
nations_championship_2026,nations_championship,2026,mixed,tries,primary,0.704776339771952,0.930536310877702,0.929959386952454,0.929413454183495,0.928897522568756,0.928410660533758,0.927951989933039,0.927520681617384,0.927115951487896,0.926737056970979,0.926383293858784,0.926053993468343,0.925748520079642,0.925466268618799,0.925206662557325,0.924969152002563,0.924753211957766,0.924558340733187,0.924384058491969,0.92422990591668,0.924095442984144,0.923980247837672,0.923883915747152,0.923806058148535,0.923746301755244,0.923704287734874,0.923679670945257,0.923672119224648,0.92368131273131,0.923706943328272,0.92374871400949,0.923806338363993,0.923879540074939,0.923968052450819,0.924071617986299,0.924189987950422,0.924322922000108,0.924470187817092,0.924631560766569,0.924806823576013,0.924995766032742,0.925198184698923,0.925413882642843,0.925642669185351,0.925884359660466,0.926138775189246,0.92640574246607,0.926685093556557,0.9269766657064,0.927280301160477,0.927595846991611,0.927923154938431,0.928262081251812,0.928612486549417,0.928974235677902,0.929347197582368,0.929731245182697,0.930126255256408,0.93053210832772,0.930948688562523,0.931375883668978,0.931813584803503,0.932261686481898,0.932720086495405,0.933188685831505,0.933667388599267,0.934156101959091,0.934654736056691,0.935163203961188,0.935681421607189,0.936209307740747,0.936746783869105,0.937293774214149,0.93785020566949,0.938416007761131,0.938991112611661,0.93957545490796,0.940168971872374,0.940771603237375,0.941383291223695,0.942003980521957,0.942633618277834,0.943272154080793,0.943919539956464,0.944575730362725,0.945240682189597,0.945914354763053,0.946596709852867,0.947287711684671,0.947987326956368,0.948695524859115,0.949412277103092,0.950137557948305,0.950871344240708,0.95161361545396,0.952364353737175,0.953123543969054,0.953891173818849,0.954667233814659,0.955451717419602,0.9562446211165,0.957045944501752
nations_championship_2026,nations_championship,2026,mixed,try_assists,primary,0.48818694374029,0.931538780702655,0.931396471084428,0.931275098315472,0.931174195189912,0.931093314048874,0.931032025623561,0.930989917969476,0.930966595482937,0.930961677992079,0.930974799915382,0.931005609481554,0.931053768005276,0.931118949213863,0.931200838620466,0.931299132939839,0.931413539543131,0.931543775948511,0.931689569344716,0.93185065614494,0.932026781568692,0.93221769924947,0.932423170866328,0.932642965797553,0.932876860794836,0.933124639676486,0.93338609303832,0.933661017981021,0.933949217852823,0.934250502006501,0.934564685569717,0.934891589227845,0.935231039018485,0.935582866136914,0.935946906751805,0.936323001830581,0.936710996973824,0.937110742258203,0.937522092087427,0.937944905050754,0.938379043788645,0.938824374865158,0.939280768646713,0.939748099186899,0.940226244117,0.940715084541941,0.941214504941393,0.941724393075785,0.942244639896964,0.942775139463315,0.943315788859118,0.943866488117962,0.944427140150029,0.9449976506731,0.945577928147127,0.946167883712217,0.946767431129925,0.947376486727715,0.947994969346484,0.948622800291058,0.949259903283551,0.949906204419521,0.950561632126826,0.951226117127136,0.951899592400008,0.952581993149507,0.953273256773285,0.953973322834119,0.95468213303383,0.9553996311896,0.956125763212627,0.956860477089133,0.957603722863697,0.958355452624927,0.959115620493468,0.95988418261236,0.960661097139771,0.961446324244128,0.962239826101681,0.963041566896548,0.963851512823288,0.964669632092066,0.965495894936474,0.9663302736241,0.967172742469922,0.96802327785264,0.968881858234051,0.969748464181607,0.970623078394279,0.971505685731902,0.97239627324817,0.973294830227461,0.974201348225722,0.975115821115633,0.976038245136313,0.976968618947848,0.977906943690966,0.97885322305217,0.979807463334752,0.980769673536059,0.98173986543151,0.982718053665844
nations_championship_2026,nations_championship,2026,mixed,conversion_goals,primary,0.411550717522281,0.680421403594942,0.678852382232405,0.677351858552072,0.675916563190243,0.674543531104657,0.673230046076487,0.671973612963868,0.670771933787421,0.669622887027084,0.668524509624034,0.667474981272358,0.666472610657892,0.665515823360117,0.664603151180381,0.663733222698227,0.662904754889135,0.662116545662903,0.661367467203292,0.660656460007307,0.65998252753732,0.659344731411571,0.658742187069043,0.658174059853423,0.657639561468324,0.657137946762234,0.656668510807002,0.656230586238315,0.655823540830491,0.655446775281361,0.655099721185873,0.654781839179617,0.654492617235641,0.654231569099829,0.65399823285177,0.653792169579505,0.653612962157795,0.653460214120667,0.653333548619991,0.653232607462669,0.653157050219824,0.653106553402006,0.653080809695072,0.653079527251895,0.653102429035547,0.653149252210035,0.653219747575012,0.653313679041255,0.653430823144006,0.653570968591506,0.653733915846356,0.653919476737503,0.654127474100907,0.654357741447061,0.654610122653773,0.654884471682711,0.655180652318373,0.655498537928284,0.655838011243305,0.656198964157066,0.656581297543629,0.656984921092584,0.65740975316084,0.657855720640481,0.658322758842114,0.658810811393212,0.659319830151005,0.659849775129557,0.660400614440705,0.660972324248609,0.661564888737695,0.66217830009385,0.662812558498769,0.663467672137388,0.664143657218431,0.664840538008086,0.665558346876948,0.666297124360349,0.667056919232297,0.667837788593276,0.668639797972212,0.669463021442982,0.670307541755888,0.671173450484582,0.672060848189006,0.672969844594962,0.673900558791016,0.674853119443502,0.675827665030513,0.676824344095793,0.677843315523621,0.678884748835811,0.679948824512128,0.6810357343355,0.682145681763575,0.683278882328305,0.684435564065416,0.685615967975795,0.686820348521034,0.688048974155586,0.689302127898241,0.690580107945895
nations_championship_2026,nations_championship,2026,mixed,missed_conversion_goals,primary,0.15315015797047,0.737280878724172,0.734485187089489,0.731752598608992,0.729080770102221,0.726467563723585,0.723910962715651,0.721409062017857,0.718960059793415,0.71656224976674,0.714214014278373,0.711913817976772,0.709660202076851,0.70745177912412,0.705287228210947,0.703165290598016,0.70108476569975,0.699044507397317,0.697043420647074,0.69508045835599,0.693154618498752,0.691264941454077,0.689410507540157,0.687590434731323,0.685803876539895,0.684050020048816,0.682328084082152,0.680637317501819,0.678976997620043,0.677346428718082,0.675744940662638,0.674171887612191,0.672626646806214,0.671108617430868,0.669617219555351,0.668151893133586,0.666712097066427,0.665297308319932,0.663907021095687,0.662540746049444,0.66119800955471,0.659878353008131,0.658581332173844,0.657306516564129,0.656053488853951,0.654821844327145,0.653611190352191,0.652421145885644,0.651251341001493,0.650101416444778,0.648971023207982,0.647859822128775,0.646767483507824,0.645693686745444,0.644638119995988,0.643600479838906,0.642580470965518,0.641577805880589,0.640592204617857,0.639623394468727,0.638671109723395,0.63773509142372,0.636815087127175,0.635910850681314,0.635022142008151,0.634148726897951,0.633290376811919,0.632446868693332,0.631617984786674,0.630803512464363,0.63000324406068,0.629216976712552,0.628444512206827,0.627685656833736,0.626940221246232,0.626208020324919,0.625488873048311,0.624782602368152,0.624089035089569,0.623408001755834,0.622739336537503,0.622082877125751,0.621438464629697,0.620805943477545,0.620185161321367,0.619575968945364,0.618978220177452,0.618391771804029,0.617816483487784,0.617252217688413,0.61669883958612,0.616156217007783,0.615624220355678,0.615102722538646,0.6145915989056,0.614090727181294,0.613599987404229,0.613119261866643,0.612648435056477,0.612187393601251,0.611736026213759,0.611294223639538
nations_championship_2026,nations_championship,2026,mixed,penalty_goals,primary,0.204088727954392,0.579233790088453,0.577388998605709,0.57556708031901,0.573767419278767,0.571989482569155,0.570232763258019,0.568496778865875,0.566781069952779,0.565085198812456,0.563408748264203,0.561751320534066,0.560112536217652,0.558492033317696,0.5568894663502,0.555304505513555,0.553736835915596,0.552186156854023,0.550652181146047,0.549134634503519,0.547633254950109,0.546147792277455,0.544678007537461,0.543223672568147,0.541784569550744,0.540360490595868,0.538951237356825,0.537556620668267,0.536176460208562,0.534810584184388,0.533458829036176,0.532121039163162,0.530797066666895,0.529486771112161,0.528190019304361,0.526906685082458,0.525636649126722,0.524379798780504,0.52313602788541,0.521905236629252,0.520687331406231,0.519482224688865,0.518289834911212,0.517110086362992,0.515942909094256,0.514788238830286,0.513646016896471,0.512516190152905,0.511398710938528,0.510293537024658,0.509200631577769,0.508119963131454,0.507051505567502,0.505995238106083,0.50495114530505,0.503919217068415,0.502899448664082,0.501891840750969,0.500896399415671,0.499913136218869,0.498942068251725,0.497983218202553,0.497036614434077,0.496102291071679,0.49518028810303,0.49427065148962,0.493373433290693,0.492488691800213,0.491616491697516,0.490756904212395,0.48991000730544,0.489075885864537,0.488254631918547,0.48744634486925,0.486651131742804,0.485869107462053,0.485100395141189,0.484345126404405,0.483603441730378,0.482875490824571,0.482161433021609,0.481461437720178,0.480775684853187,0.480104365396233,0.479447681917746,0.478805849174559,0.478179094757098,0.477567659788857,0.476971799685381,0.47639178497862,0.475827902213189,0.475280454921935,0.474749764689114,0.474236172310551,0.473740039061406,0.473261748083559,0.472801705906312,0.472360344115955,0.47193812119203,0.471535524530647,0.471153072678292,0.470791317803103
nations_championship_2026,nations_championship,2026,mixed,missed_penalty_goals,primary,0.0615580457588214,0.780421734628761,0.779054449030347,0.777688609643565,0.776324024601784,0.774960685755784,0.7735985850355,0.772237714449006,0.770878066081507,0.769519632094349,0.768162404724049,0.766806376281331,0.765451539150188,0.764097885786952,0.762745408719384,0.761394100545768,0.760043953934034,0.758694961620883,0.757347116410929,0.756000411175859,0.754654838853596,0.753310392447486,0.751967065025492,0.750624849719395,0.749283739724021,0.747943728296467,0.746604808755345,0.745266974480034,0.743930218909949,0.742594535543814,0.741259917938951,0.739926359710578,0.738593854531114,0.737262396129505,0.735931978290545,0.734602594854219,0.73327423971505,0.731946906821459,0.730620590175129,0.729295283830385,0.72797098189358,0.726647678522486,0.7253253679257,0.724004044362059,0.722683702140055,0.721364335617268,0.720045939199801,0.718728507341726,0.71741203454454,0.716096515356618,0.71478194437269,0.713468316233314,0.712155625624357,0.710843867276488,0.709533035964678,0.708223126507698,0.706914133767638,0.705606052649422,0.704298878100333,0.702992605109546,0.701687228707665,0.700382743966268,0.69907914599746,0.697776429953424,0.696474591025992,0.695173624446206,0.693873525483898,0.69257428944727,0.691275911682476,0.689978387573221,0.68868171254035,0.687385882041457,0.686090891570488,0.68479673665736,0.683503412867571,0.682210915801833,0.680919241095691,0.679628384419163,0.678338341476375,0.677049108005202,0.675760679776919,0.674473052595852,0.673186222299033,0.671900184755861,0.67061493586777,0.669330471567894,0.668046787820746,0.666763880621892,0.665481745997637,0.664200380004706,0.662919778729939,0.661639938289983,0.660360854830992,0.659082524528326,0.657804943586256,0.656528108237679,0.655252014743825,0.653976659393976,0.652702038505185,0.651428148422001,0.650154985516198,0.648882546186497
nations_championship_2026,nations_championship,2026,mixed,drop_goals_converted,primary,0.0031022257132577,0.638254866271391,0.634249022108248,0.630247884710708,0.626246747313167,0.622245609915626,0.618244472518085,0.614243335120545,0.610242197723004,0.606241060325463,0.602239922927922,0.598238785530381,0.594237648132841,0.5902365107353,0.586235373337759,0.582234235940218,0.578233098542677,0.574231961145137,0.570230823747596,0.566229686350055,0.562228548952514,0.558227411554974,0.554226274157433,0.550225136759892,0.546223999362351,0.54222286196481,0.53822172456727,0.534220587169729,0.530219449772188,0.526218312374647,0.522217174977107,0.518216037579566,0.514214900182025,0.510213762784484,0.506212625386943,0.502211487989403,0.498210350591862,0.494209213194321,0.49020807579678,0.486206938399239,0.482205801001699,0.478204663604158,0.474203526206617,0.470202388809076,0.466201251411536,0.462200114013995,0.458198976616454,0.454197839218913,0.450196701821372,0.446195564423832,0.442194427026291,0.43819328962875,0.434192152231209,0.430191014833669,0.426189877436128,0.422188740038587,0.418187602641046,0.414186465243505,0.410185327845965,0.406184190448424,0.402183053050883,0.398181915653342,0.394180778255801,0.390179640858261,0.38617850346072,0.382177366063179,0.378176228665638,0.374175091268097,0.370173953870557,0.366172816473016,0.362171679075475,0.358170541677934,0.354169404280393,0.350168266882853,0.346167129485312,0.342165992087771,0.33816485469023,0.33416371729269,0.330162579895149,0.326161442497608,0.322160305100067,0.318159167702526,0.314158030304986,0.310156892907445,0.306155755509904,0.302154618112363,0.298153480714823,0.294152343317282,0.290151205919741,0.2861500685222,0.282148931124659,0.278147793727119,0.274146656329578,0.270145518932037,0.266144381534496,0.262143244136955,0.258142106739415,0.254140969341874,0.250139831944333,0.246138694546792,0.242137557149252,0.238136419751711
nations_championship_2026,nations_championship,2026,mixed,drop_goal_missed,primary,0.0704306400968692,0.459182478413361,0.457478772589517,0.455816851951709,0.454194284853224,0.452608981103546,0.451059012738187,0.449542597653375,0.448058085253743,0.44660394382301,0.445178749375229,0.443781175783114,0.442409986011795,0.441064024312717,0.439742209254195,0.438443527483264,0.437167028128634,0.435911817767277,0.434677055887879,0.433461950793437,0.432265755892951,0.431087766338706,0.429927315971202,0.428783774538548,0.427656545161277,0.426545062017013,0.425448788222522,0.424367213893278,0.423299854362993,0.422246248547533,0.42120595743941,0.42017856272052,0.419163665482171,0.418160885042586,0.417169857853111,0.416190236485257,0.415221688691518,0.414263896533603,0.413316555572361,0.412379374114228,0.411452072509542,0.410534382498479,0.409626046600805,0.408726817545949,0.407836457740262,0.406954738768566,0.406081440927395,0.405216352787536,0.404359270783683,0.403509998829222,0.402668347954317,0.401834135965626,0.401007187126118,0.400187331853577,0.399374406436503,0.398568252766216,0.397768718084077,0.396975654742793,0.396188919980901,0.39540837570954,0.394633888310742,0.393865328446483,0.393102570877824,0.392345494293506,0.391593981147407,0.390847917504331,0.390107192893598,0.389371700169996,0.388641335381626,0.387915997644255,0.387195589021787,0.386480014412498,0.385769181440709,0.385063000353582,0.384361383922758,0.383664247350556,0.382971508180501,0.382283086211916,0.381598903418389,0.380918883869875,0.38024295365827,0.379571040826251,0.378903075299216,0.378238988820179,0.37757871488744,0.376922188694916,0.37626934707498,0.375620128443689,0.374974472748284,0.374332321416846,0.373693617310006,0.373058304674603,0.372426329099208,0.371797637471409,0.371172177936793,0.370549899859523,0.369930753784454,0.369314691400712,0.368701665506656,0.368091629976187,0.367484539726309,0.366880350685919
nations_championship_2026,nations_championship,2026,mixed,defenders_beaten,primary,1.6198862412385,0.899069817050665,0.898388221275495,0.897733385691078,0.897104850588196,0.89650217299424,0.895924925773302,0.895372696793475,0.89484508815512,0.894341715474548,0.893862207218177,0.893406204082735,0.892973358417575,0.892563333685535,0.892175803959172,0.891810453449499,0.891466976064623,0.891145074995974,0.89084446232997,0.890564858683243,0.890305992859641,0.890067601527458,0.889849428915423,0.889651226526147,0.88947275286582,0.889313773189068,0.889174059257943,0.889053389114165,0.888951546863721,0.888868322473086,0.888803511576336,0.888756915292495,0.888728340052517,0.888717597435351,0.888724504012565,0.888748881201075,0.888790555123521,0.88884935647591,0.888925120402144,0.889017686375089,0.889126898083882,0.889252603327176,0.889394653912061,0.889552905558415,0.889727217808457,0.889917453941303,0.890123480892329,0.890345169177178,0.890582392820248,0.890835029287526,0.89110295942364,0.891386067393028,0.891684240625106,0.891997369763374,0.892325348618374,0.892668074124451,0.893025446300263,0.893397368213012,0.893783745946383,0.89418448857217,0.894599508125607,0.895028719584415,0.895472040851612,0.895929392742114,0.896400698973212,0.896885886158987,0.897384883808771,0.897897624329758,0.898424043033906,0.898964078149281,0.899517670836015,0.900084765207082,0.900665308354117,0.901259250378526,0.901866544428179,0.902487146740007,0.90312101668884,0.903768116842915,0.904428413026469,0.905101874389923,0.905788473488212,0.906488186367868,0.907200992663539,0.907926875704719,0.908665822633518,0.90941782453446,0.910182876577331,0.910960978174306,0.911752133152666,0.912556349944623,0.913373641795927,0.914204026995157,0.915047529125853,0.915904177343889,0.91677400668285,0.917657058390522,0.918553380300022,0.919463027239634,0.920386061485938,0.921322553265524,0.922272581311373,0.923236233480874
nations_championship_2026,nations_championship,2026,mixed,clean_breaks,primary,0.757299929385632,0.956147293528904,0.955667134593369,0.95522607622574,0.954822069493937,0.954453305396155,0.954118173635227,0.953815230259379,0.953543171942986,0.95330081531049,0.953087080140163,0.952900975588075,0.95274158878872,0.952608075344686,0.952499651331776,0.952415586530403,0.95235519865728,0.952317848419176,0.952302935247087,0.952309893597254,0.95233818972739,0.952387318873609,0.952456802767111,0.952546187440443,0.952655041281801,0.952782953302771,0.952929531590578,0.953094401920484,0.953277206507768,0.953477602881812,0.953695262867416,0.953929871660577,0.954181126987808,0.954448738339504,0.954732426269225,0.955031921751745,0.955346965593708,0.955677307891461,0.956022707531315,0.956382931728067,0.956757755598098,0.957146961763786,0.957550339986358,0.9579676868246,0.958398805317159,0.958843504686382,0.959301600061868,0.959772912222106,0.96025726735271,0.960754496819951,0.961264436958362,0.961786928871367,0.962321818243928,0.962868955166352,0.963428193968432,0.963999393063198,0.96458241479962,0.965177125323645,0.965783394447016,0.966401095523373,0.967030105331161,0.96767030396293,0.968321574720638,0.96898380401659,0.969656881279694,0.970340698866735,0.971035151978377,0.971740138579656,0.97245555932472,0.973181317485598,0.973917318884816,0.974663471831662,0.97541968706194,0.976185877681071,0.976961959110381,0.977747849036475,0.978543467363555,0.979348736168598,0.980163579659294,0.98098792413465,0.981821697948205,0.982664831473765,0.983517257073625,0.984378909069209,0.985249723714107,0.986129639169455,0.987018595481651,0.987916534562389,0.988823400170986,0.989739137899034,0.990663695157345,0.99159702116525,0.992539066942239,0.993489785302006,0.994449130848927,0.995417059977038,0.996393530871565,0.997378503513103,0.998371939684512,0.999373802980652,1.00038405882106,1.00140267446573
nations_championship_2026,nations_championship,2026,mixed,offload,primary,0.87162295939964,0.876592678983492,0.87600642276376,0.875440309912607,0.874893923972142,0.874366865425948,0.873858750669134,0.873369211062923,0.872897892065121,0.872444452428887,0.872008563463114,0.871589908348504,0.871188181504114,0.87080308799972,0.870434343009855,0.870081671305845,0.869744806782523,0.869423492016682,0.86911747785459,0.868826523026198,0.868550393783866,0.86828886356367,0.868041712667534,0.867808727964579,0.86758970261024,0.867384435781847,0.867192732429452,0.867014403040814,0.866849263419542,0.866697134475479,0.866557842026491,0.866431216610881,0.866317093309739,0.866215311578563,0.866125715087555,0.866048151570053,0.865982472678565,0.865928533847965,0.865886194165388,0.865855316246442,0.865835766117349,0.865827413102677,0.865830129718342,0.865843791569575,0.865868277253581,0.865903468266625,0.86594924891532,0.866005506231867,0.866072129893061,0.866149012142855,0.866236047718295,0.866333133778673,0.866440169837713,0.866557057698667,0.866683701392155,0.866820007116636,0.866965883181381,0.867121239951827,0.867285989797217,0.867460047040405,0.867643327909751,0.867835750493003,0.868037234693083,0.868247702185708,0.868467076378757,0.868695282373325,0.8689322469264,0.869177898415092,0.869432166802363,0.869694983604206,0.869966281858219,0.870245996093527,0.870534062302008,0.870830417910788,0.871135001755957,0.871447754057475,0.871768616395239,0.872097531686277,0.872434444163038,0.872779299352754,0.873132044057865,0.873492626337456,0.87386099548972,0.874237102035404,0.874620897702244,0.875012335410361,0.875411369258615,0.875817954511911,0.87623204758945,0.876653606053909,0.87708258860157,0.877518955053384,0.877962666346972,0.878413684529577,0.878871972751967,0.879337495263304,0.87981021740699,0.880290105617499,0.880777127418231,0.881271251420386,0.8817724473229,0.882280685913463
nations_championship_2026,nations_championship,2026,mixed,runs,primary,2.0624993259187,1.02779982605279,1.02236451987932,1.01703636162514,1.01181338711823,1.00669370750285,1.00167550469111,0.996757027198826,0.991936586323969,0.987212552631883,0.98258335271567,0.978047466204253,0.973603422993901,0.969249800681861,0.964985222183247,0.960808353514433,0.956717901728076,0.952712612986516,0.948791270761663,0.944952694150791,0.94119573629865,0.937519282917362,0.933922250896309,0.930403586995053,0.926962266612929,0.923597292629576,0.920307694311176,0.917092526277649,0.913950867526463,0.910881820509106,0.907884510256596,0.904958083550695,0.902101708137806,0.899314571982735,0.896595882559756,0.893944866178596,0.891360767343167,0.888842848141014,0.886390387661608,0.884002681441777,0.881679040936637,0.879418793014571,0.877221279474856,0.875085856586654,0.873011894648183,0.870998777564947,0.86904590244599,0.867152679217205,0.865318530250794,0.863542890010036,0.861825204708567,0.860164931983433,0.858561540581225,0.857014510056644,0.855523330482874,0.854087502173213,0.852706535413392,0.851379950204101,0.850107276013229,0.848888051537375,0.847721824472199,0.846608151291222,0.845546597032694,0.844536735094167,0.84357814703445,0.842670422382617,0.841813158453773,0.841005960171286,0.840248439895228,0.839540217256759,0.838880918998214,0.838270178818674,0.837707637224781,0.837192941386624,0.836725744998464,0.836305708144138,0.835932497166962,0.835605784543949,0.8353252487642,0.835090574211316,0.834901451049668,0.834757575114416,0.83465864780512,0.834604375982837,0.834594471870581,0.834628652957023,0.834706641903346,0.834828166453126,0.834992959345167,0.835200758229183,0.835451305584238,0.835744348639868,0.836079639299804,0.836456934068211,0.836875993978384,0.837336584523818,0.837838475591601,0.838381441398053,0.838965260426565,0.839589715367575,0.84025459306062,0.840959684438436
nations_championship_2026,nations_championship,2026,mixed,tackles,primary,2.34972458333664,0.876219206053068,0.874832419062595,0.873474450135319,0.872145126798448,0.870844282788926,0.869571757811397,0.86832739731132,0.867111052262084,0.865922578965045,0.864761838861556,0.863628698356092,0.8625230286497,0.861444705583042,0.860393609488361,0.859369625049789,0.858372641171431,0.857402550852711,0.856459251070532,0.855542642667813,0.854652630248011,0.853789122075259,0.852952029979802,0.852141269268405,0.851356758639458,0.850598420102515,0.849866178902008,0.849159963444937,0.848479705232297,0.847825338794068,0.847196801627581,0.846594034139087,0.846016979588379,0.845465584036326,0.844939796295168,0.844439567881474,0.843964852971608,0.843515608359639,0.843091793417553,0.842693370057698,0.842320302697372,0.841972558225458,0.841650105971046,0.841352917673968,0.84108096745717,0.84083423180088,0.840612689518495,0.840416321734153,0.840245111861927,0.840099045586611,0.839978110846049,0.839882297814969,0.839811598890294,0.839766008677898,0.839745523980777,0.839750143788612,0.839779869268707,0.839834703758269,0.839914652758037,0.840019723927222,0.840149927079764,0.840305274181895,0.840485779350988,0.840691458855716,0.840922331117491,0.841178416713209,0.841459738379283,0.841766321016995,0.842098191699156,0.842455379678099,0.842837916395011,0.843245835490631,0.843679172817326,0.844137966452578,0.844622256713894,0.845132086175189,0.845667499684661,0.846228544384193,0.846815269730339,0.847427727516924,0.848065971899307,0.848730059420376,0.849420049038315,0.850136002156213,0.850877982653593,0.851646056919922,0.852440293890188,0.853260765082641,0.854107544638776,0.85498070936568,0.855880338780837,0.856806515159532,0.857759323584962,0.858738852001226,0.859745191269314,0.860778435226301,0.861838680747894,0.862926027814559,0.864040579581424,0.865182442452208,0.866351726157425,0.867548543837155
nations_championship_2026,nations_championship,2026,mixed,missed_tackles,primary,1.36906468814423,0.92334014198476,0.92323633980302,0.923138590480399,0.923046891370355,0.9229612403139,0.922881635634821,0.922808076135145,0.922740561090895,0.922679090248081,0.922623663818955,0.922574282478509,0.922530947361207,0.922493660057953,0.922462422613292,0.922437237522822,0.922418107730841,0.922405036628195,0.922398028050346,0.922397086275644,0.922402216023808,0.922413422454597,0.922430711166698,0.922454088196795,0.922483560018842,0.922519133543521,0.922560816117903,0.922608615525285,0.922662539985229,0.922722598153776,0.92278879912386,0.9228611524259,0.922939668028585,0.923024356339837,0.923115228207978,0.923212294923065,0.923315568218427,0.923425060272391,0.923540783710191,0.923662751606081,0.923790977485632,0.923925475328232,0.924066259569785,0.924213345105606,0.924366747293527,0.924526481957205,0.924692565389644,0.924865014356932,0.925043846102194,0.925229078349768,0.92542072930961,0.925618817681933,0.92582336266208,0.926034383945641,0.926251901733825,0.926475936739082,0.926706510190989,0.926943643842409,0.927187359975927,0.927437681410571,0.927694631508831,0.927958234183981,0.928228513907715,0.928505495718108,0.928789205227916,0.929079668633221,0.929376912722434,0.929680964885682,0.929991853124568,0.930309606062345,0.930634252954504,0.930965823699795,0.931304348851705,0.931649859630406,0.932002387935191,0.932361966357424,0.932728628194027,0.933102407461527,0.933483338910679,0.933871458041705,0.934266801120173,0.934669405193546,0.935079308108424,0.935496548528536,0.935921165953492,0.936353200738353,0.936792694114057,0.937239688208733,0.937694226069967,0.938156351688066,0.93862611002036,0.939103547016625,0.939588709645667,0.940081645923141,0.940582404940683,0.941091036896416,0.94160759312693,0.942132126140805,0.942664689653788,0.943205338625718,0.943754129299302,0.94431111924088
nations_championship_2026,nations_championship,2026,mixed,rucks_won,primary,2.2562243059565,0.764873347060647,0.763449605399407,0.762050940438135,0.760677225115124,0.759328337641537,0.758004161324015,0.756704584398363,0.755429499873501,0.754178805384992,0.752952403057471,0.75175019937538,0.750572105061486,0.749418034962655,0.748287907942457,0.747181646780167,0.746099178075787,0.745040432160755,0.744005343013993,0.742993848183025,0.74200588870989,0.741041409061589,0.740100357064855,0.739182683845038,0.738288343768889,0.737417294391105,0.736569496404435,0.735744913593227,0.734943512790267,0.734165263836793,0.733410139545561,0.732678115666869,0.731969170857456,0.731283286652157,0.730620447438287,0.729980640432647,0.729363855661108,0.728770085940735,0.728199326864377,0.727651576787715,0.727126836818713,0.726625110809476,0.72614640535046,0.725690729767069,0.725258096118592,0.72484851919951,0.724462016543174,0.724098608427863,0.723758317885253,0.723441170711323,0.723147195479729,0.722876423557694,0.72262888912447,0.722404629192412,0.722203683630753,0.722026095192139,0.721871909542015,0.721741175290951,0.721633944030025,0.721550270369353,0.721490211979922,0.721453829638842,0.721441187278179,0.721452352037533,0.721487394320552,0.721546387855563,0.721629409760556,0.721736540612745,0.721867864522981,0.722023469215274,0.722203446111765,0.722407890423459,0.7226369012471,0.722890581668589,0.723169038873382,0.723472384264363,0.723800733587692,0.724154207067246,0.724532929548257,0.72493703065086,0.725366644934316,0.725821912072763,0.726302977043418,0.726809990328271,0.727343108130401,0.727902492606186,0.728488312114808,0.72910074148659,0.729739962311929,0.730406163252716,0.731099540378436,0.731820297529325,0.732568646709309,0.733344808511755,0.734149012581436,0.734981498116591,0.735842514415407,0.736732321471884,0.737651190626678,0.738599405279318,0.739577261669081,0.740585069732892
nations_championship_2026,nations_championship,2026,mixed,rucks_lost,primary,0.510025573345121,1.02583817880017,1.02511570516198,1.02440440307632,1.02370407339507,1.02301452752644,1.02233558676921,1.02166708170451,1.02100885163927,1.02036074409596,1.01972261434419,1.01909432497005,1.01847574547955,1.01786675193305,1.0172672266078,1.01667705768601,1.01609613896636,1.01552436959671,1.0149616538264,1.01440790077636,1.01386302422571,1.01332694241341,1.01279957785385,1.01228085716525,1.01177071091003,1.01126907344606,1.01077588278816,1.01029108047914,1.00981461146952,1.0093464240056,1.00888646952516,1.0084347025603,1.00799108064708,1.00755556424142,1.00712811664097,1.00670870391256,1.0062972948249,1.00589386078634,1.00549837578732,1.0051108163473,1.00473116146599,1.00435939257867,1.00399549351534,1.00363945046369,1.0032912519356,1.00295088873714,1.00261835394181,1.00229364286714,1.00197675305431,1.00166768425087,1.00136643839644,1.00107301961127,1.00078743418776,1.00050969058469,1.0002397994243,0.999977773492075,0.999723627739371,0.999477379288648,0.999239047441526,0.999008653689555,0.998786221727747,0.998571777470899,0.998365349072737,0.998166966947932,0.997976663797023,0.99779447463433,0.997620436818918,0.997454590088687,0.997296976597692,0.997147640956792,0.997006630277726,0.996873994220776,0.996749785046111,0.996634057669007,0.996526869719072,0.99642828160369,0.996338356575855,0.996257160806626,0.996184763462441,0.996121236787521,0.996066656191679,0.996021100343798,0.995984651271332,0.995957394466167,0.995939418997248,0.995930817630371,0.995931686955607,0.995942127522863,0.9959622439861,0.995992145256818,0.996031944667437,0.996081760145274,0.996141714397894,0.99621193511065,0.996292555157345,0.996383712825003,0.996485552053859,0.996598222693757,0.996721880778294,0.996856688818156,0.997002816115259,0.99716043909946
nations_championship_2026,nations_championship,2026,mixed,passes,primary,3.68693586860416,0.857544853335842,0.854149412626928,0.850831038880961,0.847588252652612,0.844419651421958,0.841323902103763,0.838299734655457,0.835345936576549,0.83246134813884,0.829644858221357,0.826895400650071,0.824211950962338,0.821593523531318,0.819039168997649,0.816547971964963,0.814119048923384,0.811751546371054,0.809444639108595,0.807197528685305,0.805009441979093,0.802879629894815,0.800807366167824,0.798791946261397,0.796832686348216,0.79492892236736,0.793080009149354,0.79128531960276,0.789544243956551,0.787856189053225,0.786220577688156,0.784636847991229,0.783104452847199,0.781622859351613,0.780191548299476,0.778810013704114,0.777477762343948,0.776194313335122,0.774959197728122,0.773771958126714,0.772632148327649,0.771539332979772,0.770493087261261,0.769492996573839,0.768538656252925,0.767629671292746,0.76676565608554,0.765946234174048,0.765171038016547,0.764439708763758,0.763751896046994,0.763107257776994,0.762505459952897,0.761946176480893,0.761429089002092,0.760953886729215,0.760520266291727,0.760127931589072,0.759776593651686,0.759465970509528,0.759195787067823,0.75896577498983,0.758775672586375,0.758625224711987,0.758514182667439,0.758442304108561,0.758409352961173,0.758415099342027,0.758459319485661,0.758541795677075,0.75866231619017,0.758820675231898,0.759016672892088,0.759250115098937,0.75952081358017,0.759828585829871,0.760173255081046,0.760554650283943,0.760972606090233,0.761426962843106,0.76191756657343,0.762444269002075,0.763006927548575,0.763605405346296,0.764239571264314,0.764909299936236,0.765614471796206,0.766354973122411,0.767130696088371,0.767941538822399,0.768787405475612,0.769668206298923,0.770583857729513,0.771534282487295,0.772519409681975,0.773539174931337,0.774593520491485,0.775682395399813,0.776805755631581,0.777963564271045,0.779155791698203,0.780382415792325
nations_championship_2026,nations_championship,2026,mixed,bad_passes,primary,0.900748580883737,0.961880988285812,0.960690473718486,0.959535805960651,0.958415917887632,0.957329805230734,0.956276521306263,0.955255172321587,0.9542649131813,0.953304943728589,0.952374505366748,0.951472878013977,0.95059937735135,0.94975335232953,0.948934182904546,0.94814127797696,0.947374073512119,0.946632030822094,0.945914634992329,0.945221393438152,0.944551834578064,0.943905506612314,0.94328197639658,0.942680828401749,0.942101663751803,0.941544099332675,0.94100776696576,0.940492312640364,0.93999739580005,0.939522688678292,0.939067875679351,0.938632652800669,0.938216727093468,0.937819816158517,0.937441647674366,0.937081958955557,0.936740496538579,0.936417015793524,0.936111280559586,0.935823062802711,0.935552142293855,0.935298306306432,0.935061349331676,0.934841072810709,0.934637284882262,0.934449800145033,0.934278439433781,0.934123029608316,0.933983403354615,0.933859398997355,0.93375086032322,0.933657636414377,0.933579581491565,0.933516554766309,0.933468420301776,0.933435046881858,0.933416307888076,0.933412081183966,0.933422249006597,0.93344669786493,0.933485318444752,0.933538005519919,0.933604657869696,0.933685178201993,0.933779473082305,0.933887452868211,0.934009031649285,0.934144127192293,0.934292660891594,0.934454557724637,0.934629746212518,0.934818158385522,0.935019729753647,0.935234399282087,0.935462109371695,0.935702805844433,0.93595643793389,0.936222958280905,0.936502322934409,0.936794491357586,0.937099426439494,0.937417094512306,0.937747465374364,0.93809051231925,0.938446212171146,0.938814545326737,0.939195495803999,0.939589051298217,0.939995203245634,0.940413946895198,0.940845281388882,0.941289209851167,0.941745739488291,0.942214881697982,0.942696652190435,0.943191071121416,0.943698163238452,0.944217958041193,0.944750489957155,0.94529579853419,0.945853928651205,0.946424930748816
nations_championship_2026,nations_championship,2026,mixed,turnovers_conceded,primary,0.984379053072596,1.03680703030496,1.03641104684473,1.03602139425867,1.03563795996866,1.03526063611019,1.03488931925996,1.03452391018402,1.03416431360467,1.0338104379843,1.03346219532481,1.03311950098122,1.03278227348816,1.03245043439837,1.03212390813192,1.03180262183565,1.03148650525159,1.03117549059403,1.03086951243434,1.030568507593,1.03027241503831,1.0299811757913,1.02969473283636,1.02941303103712,1.02913601705738,1.02886363928651,1.02859584776917,1.02833259413898,1.02807383155598,1.02781951464741,1.02756959945185,1.0273240433663,1.02708280509618,1.02684584460786,1.0266131230838,1.02638460287998,1.02616024748547,1.02594002148417,1.02572389051841,1.0255118212544,1.02530378134943,1.02509973942068,1.02489966501555,1.02470352858351,1.02451130144919,1.02432295578697,1.02413846459659,1.0239578016801,1.02378094161983,1.02360785975744,1.02343853217394,1.02327293567078,1.02311104775166,1.02295284660539,1.02279831108947,1.02264742071447,1.02250015562923,1.02235649660672,1.02221642503058,1.0220799228824,1.02194697272958,1.02181755771379,1.02169166154008,1.02156926846651,1.02145036329434,1.02133493135875,1.02122295852008,1.02111443115553,1.0210093361514,1.02090766089576,1.02080939327153,1.02071452165012,1.02062303488533,1.02053492230788,1.02045017372013,1.02036877939136,1.02029073005341,1.02021601689663,1.02014463156635,1.02007656615957,1.02001181322218,1.01995036574642,1.01989221716877,1.01983736136822,1.01978579266484,1.01973750581879,1.01969249602962,1.01965075893598,1.01961229061568,1.01957708758612,1.01954514680508,1.01951646567193,1.01949104202911,1.01946887416415,1.01944996081195,1.0194343011575,1.01942189483904,1.01941274195159,1.01940684305093,1.01940419915798,1.01940481176371,1.01940868283439
nations_championship_2026,nations_championship,2026,mixed,penalties_conceded,primary,0.889445275518452,0.95296806087252,0.95301854861445,0.953070895462341,0.953125098214884,0.9531811537597,0.953239059072263,0.953298811214869,0.953360407335613,0.953423844667415,0.953489120527061,0.953556232314278,0.95362517751083,0.953695953679643,0.953768558463959,0.953842989586506,0.953919244848697,0.953997322129856,0.954077219386458,0.954158934651398,0.95424246603328,0.95432781171573,0.95441496995672,0.954503939087926,0.954594717514098,0.954687303712448,0.954781696232061,0.954877893693327,0.954975894787381,0.955075698275575,0.955177302988956,0.955280707827763,0.95538591176095,0.955492913825713,0.955601713127043,0.955712308837285,0.955824700195728,0.95593888650819,0.956054867146636,0.956172641548805,0.956292209217843,0.956413569721964,0.956536722694117,0.95666166783167,0.956788404896102,0.956916933712719,0.957047254170372,0.957179366221196,0.957313269880359,0.957448965225823,0.95758645239812,0.957725731600137,0.957866803096917,0.958009667215467,0.958154324344588,0.958300774934704,0.958449019497711,0.958599058606835,0.958750892896505,0.958904523062231,0.959059949860499,0.959217174108673,0.959376196684914,0.959537018528101,0.959699640637772,0.959864064074074,0.960030289957715,0.960198319469942,0.960368153852513,0.960539794407697,0.96071324249827,0.960888499547528,0.961065567039313,0.961244446518042,0.961425139588756,0.961607647917169,0.96179197322974,0.961978117313741,0.962166082017346,0.962355869249731,0.962547480981174,0.962740919243176,0.962936186128591,0.963133283791758,0.963332214448654,0.963532980377055,0.963735583916701,0.96394002746948,0.964146313499615,0.964354444533874,0.964564423161772,0.964776252035803,0.96498993387167,0.96520547144853,0.965422867609253,0.965642125260685,0.965863247373931,0.966086236984642,0.966311097193313,0.966537831165604,0.966766442132654,0.966996933391423
nations_championship_2026,nations_championship,2026,mixed,yellow_cards,primary,0.106409734755462,1.19368881029595,1.1818235346675,1.17186440937168,1.16325957383998,1.15567103830034,1.14887606287992,1.14271971418045,1.13708964987344,1.13190167524012,1.12709097089151,1.12260650738658,1.11840734782898,1.11446011894186,1.1107372324816,1.10721560392157,1.10387570981376,1.10070088139155,1.09767676647081,1.09479091351573,1.09203244588285,1.08939180364588,1.0868605367645,1.08443113775037,1.08209690506467,1.07985183067812,1.07769050681185,1.0756080480406,1.07360002580162,1.07166241299847,1.06979153687826,1.06798403873471,1.066236839278,1.06454710873673,1.06291224093344,1.06132983071387,1.05979765422087,1.05831365159242,1.05687591173439,1.05548265887643,1.05413224066673,1.05282311759965,1.05155385360204,1.05032310763066,1.04912962615445,1.04797223641399,1.04684984036565,1.04576140923084,1.04470597858151,1.04368264390244,1.04269055657863,1.04172892026272,1.04079698758334,1.03989405716003,1.03901947089467,1.03817261151327,1.03735290033488,1.03655979524742,1.03579278887266,1.03505140690462,1.03433520660782,1.03364377546324,1.03297672995159,1.03233371446478,1.03171440033773,1.0311184849938,1.03054569119819,1.0299957664146,1.02946848226139,1.02896363406439,1.02848104050431,1.02802054335747,1.02758200732971,1.02716531998379,1.0267703917617,1.02639715610422,1.02604556967102,1.02571561266554,1.02540728927017,1.02512062819855,1.02485568337304,1.02461253473725,1.02439128921512,1.02419208183028,1.02401507700191,1.02386047003569,1.02372848883231,1.02361939583944,1.02353349027758,1.02347111067592,1.02343263776041,1.02341849774423,1.02342916607982,1.02346517174333,1.02352710213553,1.02361560870037,1.02373141338292,1.02387531607392,1.02404820322013,1.02425105781948,1.02448497107083,1.02475115601169
nations_championship_2026,nations_championship,2026,mixed,red_cards,primary,0.0239770727297309,1.37913751083533,1.36825124929137,1.35833306745487,1.34920610962992,1.34073904601152,1.33283158759329,1.32540534830531,1.31839784669541,1.31175843485698,1.30544545566237,1.29942420837392,1.29366546125497,1.28814434341867,1.28283950530113,1.27773247306993,1.27280714545517,1.26804939679311,1.26344676038843,1.25898817338834,1.25466376931357,1.25046470790662,1.24638303448791,1.2424115628568,1.23854377713759,1.2347737489884,1.23109606735892,1.2275057785683,1.2239983349243,1.22056955045372,1.2172155625867,1.21393279885254,1.21071794781448,1.20756793360721,1.20447989355001,1.2014511583964,1.1984792348533,1.19556179006101,1.19269663777353,1.18988172601841,1.1871151260484,1.18439502242423,1.18171970409116,1.17908755633094,1.17649705348701,1.17394675237469,1.17143528629951,1.16896135961688,1.1665237427748,1.16412126778839,1.1617528241015,1.15941735479585,1.15711385311287,1.15484135925756,1.15259895745687,1.15038577324861,1.14820097097914,1.14604375149073,1.14391334998134,1.14180903402147,1.13973010171432,1.13767587998683,1.13564572300048,1.13363901067178,1.13165514729348,1.12969356024813,1.12775369880673,1.12583503300567,1.12393705259583,1.1220592660583,1.12020119968172,1.11836239669649,1.11654241646175,1.11474083370129,1.11295723778475,1.11119123205096,1.10944243317053,1.1077104705448,1.10599498573878,1.10429563194575,1.10261207348137,1.10094398530542,1.0992910525692,1.09765297018722,1.09602944243123,1.09442018254564,1.09282491238252,1.0912433620554,1.08967526961035,1.08812038071363,1.0865784483546,1.08504923256325,1.08353250014136,1.08202802440646,1.08053558494803,1.07905496739499,1.07758596319415,1.07612836939868,1.07468198846636,1.0732466280668,1.07182210089738,1.07040822450726
nations_championship_2026,nations_championship,2026,mixed,metres,primary,1.16241989671314,0.874290442689638,0.87487219495344,0.875476836148792,0.876103751832422,0.876752354292153,0.877422080871582,0.878112392436719,0.878822771969516,0.879552723275192,0.880301769791797,0.881069453491916,0.881855333867562,0.882658986990377,0.883480004640125,0.884317993495272,0.885172574380092,0.886043381563366,0.886930062104234,0.887832275241224,0.888749691820902,0.889681993762904,0.890628873558472,0.891590033799847,0.892565186738163,0.893554053867674,0.894556365534358,0.895571860567116,0.89660028592994,0.89764139639356,0.898694954225226,0.899760728895367,0.900838496799993,0.9019280409978,0.903029150961001,0.904141622339016,0.905265256734181,0.906399861488752,0.907545249482476,0.908701238940116,0.909867653248303,0.911044320781193,0.912231074734395,0.913427752966706,0.914634197849197,0.915850256121261,0.917075778753213,0.918310620815111,0.919554641351439,0.920807703261369,0.922069673184278,0.923340421390288,0.924619821675537,0.925907751261967,0.927204090701401,0.928508723783695,0.92982153744877,0.931142421702346,0.932471269535204,0.933807976845804,0.935152442366116,0.936504567590525,0.937864256707659,0.939231416535025,0.940605956456336,0.941987788361404,0.943376826588504,0.944772987869104,0.946176191274869,0.947586358166847,0.949003412146762,0.950427279010315,0.951857886702452,0.953295165274492,0.95473904684308,0.956189465550879,0.95764635752896,0.959109660860828,0.960579315548033,0.962055263477309,0.963537448389219,0.965025815848235,0.966520313214235,0.968020889615363,0.969527495922232,0.97104008472343,0.972558610302299,0.974083028614957,0.97561329726955,0.977149375506692,0.978691224181087,0.980238805744308,0.981792084228714,0.983351025232493,0.984915595905817,0.986485764938095,0.988061502546321,0.989642780464497,0.991229571934143,0.992821851695875,0.994419595982054,0.996022782510509
six_nations_2022,six_nations,2022,north,tackle_turnover,optimized_extended,2.35248670964256,0.657233886704166,0.320933079845435,0.300456376369225,0.288492457472161,0.28001696147384,0.273455148563351,0.268105481917918,0.263593667039089,0.259696231017139,0.25626899102088,0.253213471813009,0.250459414042206,0.247954925185038,0.245660585908211,0.243545746456649,0.241586103638382,0.239762061202887,0.238057588012477,0.236459402959906,0.23495638046053,0.233539108540173,0.232199554794861,0.230930810083472,0.229726889204327,0.228582573995039,0.227493288459751,0.226454998384396,0.225464129893833,0.224517502817455,0.223612275745751,0.222745900400393,0.221916083486362,0.2211207546017,0.220358039087424,0.219626234933662,0.218923793037469,0.218249300246735,0.217601464733085,0.216979103322021,0.216381130476152,0.215806548681318,0.215254440028639,0.214723958820497,0.214214325056797,0.213724818681033,0.213254774484651,0.212803577583888,0.212370659396234,0.211955494054451,0.21155759520512,0.211176513146239,0.210811832264798,0.210463168740633,0.210130168487459,0.209812505305879,0.209509879226523,0.20922201502434,0.208948660887532,0.2086895872268,0.208444585612409,0.208213467828226,0.207996065033334,0.207792227023065,0.207601821582457,0.207424733926131,0.207260866219491,0.207110137177005,0.206972481734076,0.206847850789708,0.206736211017878,0.206637544746137,0.206551849900596,0.206479140017065,0.20641944431872,0.206372807861314,0.206339291747564,0.206318973413053,0.206311946986691,0.206318323729563,0.206338232556853,0.206371820648456,0.206419254154978,0.206480719006984,0.20655642183673,0.206646591023135,0.206751477872594,0.206871357950225,0.207006532578658,0.207157330524239,0.20732410989393,0.207507260270151,0.207707205115567,0.20792440448553,0.208159358092763,0.208412608777224,0.208684746444272,0.208976412546773,0.209288305202218,0.209621185055193,0.209975882019607,0.210353303065546
summer_internationals_2022,summer_internationals,2022,south,tackle_turnover,optimized_extended,0.309280256896031,1.07993242450826,1.07847819640774,1.07702539258172,1.07557401946322,1.07412408352892,1.0726755912996,1.0712285493405,1.06978296426178,1.06833884271885,1.06689619141286,1.06545501709109,1.06401532654736,1.06257712662247,1.06114042420467,1.05970522623003,1.05827153968295,1.05683937159654,1.05540872905317,1.05397961918483,1.05255204917367,1.05112602625242,1.04970155770491,1.04827865086651,1.04685731312466,1.04543755191932,1.04401937474351,1.04260278914378,1.04118780272075,1.03977442312961,1.03836265808066,1.03695251533982,1.03554400272917,1.03413712812751,1.0327318994709,1.0313283247532,1.02992641202667,1.02852616940249,1.02712760505139,1.0257307272042,1.02433554415244,1.02294206424893,1.0215502959084,1.02016024760809,1.01877192788839,1.01738534535343,1.01600050867177,1.014617426577,1.01323610786841,1.01185656141166,1.01047879613942,1.00910282105209,1.00772864521844,1.00635627777633,1.00498572793341,1.00361700496786,1.00225011822904,1.00088507713829,0.999521891189645,0.998160569950579,0.996801123062773,0.99544356024288,0.994087891283309,0.992734126053009,0.991382274498274,0.99003234664355,0.988684352592255,0.987338302527616,0.985994206713504,0.984652075495297,0.983311919300735,0.981973748640807,0.980637574110631,0.979303406390358,0.977971256246087,0.976641134530783,0.97531305218522,0.973987020238928,0.972663049811156,0.971341152111849,0.970021338442634,0.968703620197826,0.967388008865443,0.966074516028236,0.964763153364733,0.963453932650299,0.962146865758209,0.960841964660735,0.959539241430255,0.958238708240365,0.956940377367017,0.955644261189671,0.954350372192462,0.953058722965378,0.951769326205469,0.950482194718056,0.949197341417971,0.947914779330807,0.946634521594188,0.945356581459058,0.94408097229099,0.942807707571508
rugby_championship_2022,rugby_championship,2022,south,tackle_turnover,optimized_extended,0.41325400476841,0.961636737474041,0.960788276886032,0.959953533158757,0.959132474412701,0.958325080975274,0.957531344169987,0.956751265786912,0.955984857612712,0.955232141014262,0.954493146570662,0.953767913749106,0.953056490620642,0.95235893361237,0.951675307293069,0.951005684189589,0.950350144631729,0.949708776623583,0.949081675739603,0.948468945043879,0.947870695031302,0.947287043589529,0.946718115980754,0.946164044842519,0.94562497020688,0.945101039537411,0.944592407783622,0.944099237452488,0.943621698696907,0.943159969420962,0.94271423540201,0.942284690429671,0.941871536461917,0.941474983798523,0.941095251272246,0.940732566458191,0.940387165901923,0.940059295366962,0.939749210102406,0.939457175131558,0.939183465562504,0.938928366921729,0.938692175511985,0.938475198795772,0.938277755805894,0.938100177584779,0.937942807654368,0.9378060025186,0.937690132200723,0.937595580817879,0.937522747195688,0.937472045525808,0.937443906069796,0.937438775912905,0.937457119771882,0.937499420861232,0.937566181822918,0.93765792572504,0.937775197135605,0.937918563278256,0.938088615277606,0.938285969502711,0.938511269018295,0.938765185154478,0.939048419207158,0.939361704282717,0.939705807302574,0.940081531185147,0.940489717225258,0.940931247693805,0.941407048683858,0.941918093233224,0.9424654047581,0.943050060837871,0.943673197397567,0.944336013342233,0.945039775706686,0.945785825395404,0.946575583600784,0.947410559004655,0.94829235588824,0.949222683300939,0.950203365469561,0.951236353668894,0.952323739823947,0.953467772177278,0.954670873435717,0.955935661915704,0.957264976343766,0.958661905150402,0.960129821338829,0.961672424339774,0.963293790716468,0.964998436215558,0.966791392554548,0.968678303626817,0.970665547702575,0.972760395053968,0.974971214816529,0.977307751824977,0.97978150543637,0.982406261345318
autumn_internationals_2022,autumn_internationals,2022,south,tackle_turnover,optimized_extended,0.466464488371579,1.04137051369887,1.03832576775888,1.03547415240555,1.03278740119238,1.0302439219187,1.02782677298559,1.02552236510392,1.0233195944417,1.02120924425241,1.01918356001237,1.0172359403569,1.01536070747266,1.01355293334233,1.01180830609233,1.01012302568226,1.0084937214264,1.00691738600651,1.00539132211279,1.00391309887543,1.00248051597302,1.00109157382308,0.999744448637496,0.99843747140346,0.997169110058082,0.995937954280748,0.994742702446538,0.993582150375394,0.992455181582765,0.99136075879292,0.990297916519964,0.989265754556293,0.988263432236074,0.987290163363678,0.986345211715145,0.985427887035482,0.984537541466746,0.983673566351743,0.98283538936649,0.982022471941367,0.981234306936663,0.980470416542975,0.979730350380984,0.979013683778542,0.97832001620591,0.977648969852449,0.977000188330179,0.976373335491461,0.975768094349564,0.975184166092284,0.974621269179909,0.974079138519861,0.973557524711215,0.973056193353081,0.972574924411503,0.97211351164013,0.971671762050446,0.971249495427794,0.970846543889865,0.970462751484674,0.970097973825386,0.969752077759642,0.969424941071308,0.969116452212815,0.968826510066456,0.968555023733247,0.968301912348099,0.968067104920245,0.967850540198032,0.967652166557307,0.967471941912797,0.967309833652007,0.967165818591285,0.96703988295384,0.966932022369609,0.96684224189701,0.966770556066733,0.966716988947835,0.966681574236552,0.966664355368376,0.966665385654051,0.966684728440332,0.966722457296474,0.966778656227595,0.966853419916248,0.966946853993698,0.967059075342661,0.96719021243344,0.967340405695703,0.967509807928392,0.967698584750597,0.967906915096568,0.968134991758448,0.968383021980751,0.968651228111129,0.968939848312537,0.969249137342567,0.96957936740648,0.969930829091315,0.970303832389453,0.970698707821143,0.971115807666848
six_nations_2023,six_nations,2023,north,tackle_turnover,optimized_extended,0.44028519667095,1.02210828859333,1.02106672664824,1.02005071927423,1.0190594235042,1.01809204973553,1.01714785708946,1.01622614928626,1.01532627096735,1.01444760440636,1.01358956655956,1.01275160641383,1.01193320259592,1.01113386121219,1.01035311389202,1.00959051601186,1.00884564507985,1.00811809926357,1.00740749604562,1.00671347099381,1.00603567663401,1.00537378141565,1.00472746876046,1.00409643618658,1.00348039450085,1.00287906705286,1.00229218904524,1.001719506895,1.0011607776415,1.00061576839694,1.00008425583582,0.999566025720005,0.999060872456559,0.998568598685588,0.998089014895787,0.997621939065468,0.997167196327119,0.996724618653705,0.996294044565093,0.99587531885312,0.995468292323961,0.995072821556575,0.994688768676093,0.994316001141147,0.993954391544176,0.993603817423875,0.99326416108898,0.992935309452681,0.99261715387699,0.992309590026457,0.992012517730685,0.991725840855099,0.991449467179539,0.991183308284195,0.990927279442518,0.990681299520713,0.990445290883492,0.990219179305756,0.990002893889938,0.98979636698872,0.989599534132903,0.989412333964192,0.989234708172694,0.989066601438957,0.988907961380354,0.988758738501687,0.988618886149853,0.988488360472445,0.988367120380201,0.988255127513164,0.988152346210497,0.988058743483871,0.987974288994349,0.987898955032728,0.987832716503293,0.987775550910954,0.987727438351737,0.987688361506634,0.987658305638798,0.987637258594109,0.98762521080512,0.987622155298428,0.987628087705508,0.987643006277066,0.98766691190099,0.987699808123963,0.987741701176852,0.987792600003962,0.987852516296299,0.98792146452896,0.987999462002824,0.988086528890702,0.988182688288152,0.98828796626916,0.988402391946932,0.98852599754005,0.988658818444282,0.988800893310361,0.988952264128069,0.989112976317022,0.98928307882456,0.989462624231207
rugby_championship_2023,rugby_championship,2023,south,tackle_turnover,optimized_extended,0.31704489103562,1.00673673997122,1.00658138713567,1.00642826176254,1.00627737507633,1.00612873848312,1.00598236357343,1.00583826212498,1.00569644610571,1.00555692767671,1.00541971919535,1.00528483321843,1.00515228250539,1.00502208002165,1.00489423894203,1.00476877265419,1.00464569476227,1.00452501909052,1.00440675968709,1.00429093082787,1.00417754702049,1.00406662300837,1.00395817377488,1.00385221454765,1.00374876080298,1.00364782827029,1.00354943293684,1.00345359105245,1.00336031913435,1.00326963397229,1.0031815526336,1.00309609246856,1.0030132711158,1.00293310650792,1.00285561687719,1.00278082076151,1.00270873701047,1.00263938479155,1.00257278359661,1.00250895324841,1.00244791390748,1.00238968607903,1.00233429062021,1.00228174874744,1.00223208204407,1.00218531246819,1.00214146236072,1.00210055445367,1.00206261187876,1.0020276581762,1.00199571730377,1.00196681364618,1.00194097202473,1.00191821770726,1.00189857641836,1.00188207435,1.00186873817239,1.00185859504529,1.00185167262956,1.0018479990992,1.0018476031537,1.00185051403082,1.00185676151981,1.00186637597503,1.00187938833004,1.00189583011217,1.00191573345759,1.00193913112687,1.00196605652106,1.00199654369842,1.00203062739159,1.00206834302549,1.00210972673578,1.00215481538803,1.00220364659751,1.00225625874978,1.00231269102197,1.00237298340488,1.00243717672587,1.00250531267269,1.00257743381807,1.00265358364538,1.00273380657521,1.002818147993,1.00290665427776,1.00299937283189,1.00309635211224,1.00319764166239,1.00330329214622,1.00341335538289,1.00352788438329,1.00364693338792,1.00377055790647,1.00389881475902,1.00403176211905,1.00416945955826,1.00431196809342,1.00445935023528,1.00461167003962,1.00476899316066,1.0049313869069,1.00509892029949
summer_internationals_2023,summer_internationals,2023,south,tackle_turnover,optimized_extended,0.617102941780972,0.814000010627723,0.812960270942709,0.811949328444186,0.810965566577614,0.810007542978678,0.809073963054533,0.808163658722969,0.807275571051156,0.806408735941652,0.805562272226612,0.804735371684949,0.803927290609631,0.803137342635633,0.802364892601451,0.80160935126445,0.800870170726508,0.80014684045446,0.799438883801658,0.798745854954152,0.798067336238625,0.79740293574008,0.796752285185991,0.796115038060769,0.795490867920079,0.79487946687932,0.794280544254446,0.793693825336508,0.793119050284004,0.792555973119342,0.792004360817603,0.791463992477381,0.790934658564816,0.790416160223087,0.789908308640578,0.789410924471809,0.788923837305891,0.788446885177927,0.787979914119287,0.78752277774315,0.787075336862138,0.786637459135176,0.786209018741064,0.785789896076481,0.785379977476411,0.784979154955163,0.784587325966363,0.784204393180458,0.783830264278401,0.783464851760353,0.783108072768306,0.782759848921689,0.782420106165059,0.78208877462712,0.781765788490335,0.781451085870507,0.78114460870575,0.78084630265432,0.780556117000856,0.780274004570598,0.779999921651218,0.779733827921928,0.779475686389571,0.779225463331439,0.778983128244597,0.778748653801517,0.778522015811867,0.778303193190319,0.778092167930286,0.777888925083502,0.777693452745411,0.777505742046333,0.777325787148442,0.777153585248571,0.776989136586922,0.776832444461786,0.776683515250385,0.776542358436018,0.77640898664169,0.776283415670473,0.776165664552851,0.776055755601395,0.775953714473097,0.775859570239802,0.775773355467191,0.775695106302847,0.775624862574017,0.775562667895708,0.775508569789919,0.775462619816819,0.775424873718857,0.775395391578865,0.775374237993371,0.775361482262485,0.7753571985979,0.775361466350738,0.775374370261216,0.77539600073235,0.775426454130228,0.775465833113729,0.775514246996962,0.775571812148176
rugby_world_cup_2023,rugby_world_cup,2023,north,tackle_turnover,optimized_extended,0.555230161436905,0.980721466986223,0.979743067185354,0.978795455604103,0.977877140173133,0.976986765341619,0.97612309526438,0.975284999597373,0.974471441407171,0.973681466822155,0.972914196128216,0.972168816069866,0.971444573163034,0.970740767861608,0.970056749448122,0.969391911541613,0.968745688133896,0.968117550080208,0.967507001982171,0.966913579410778,0.966336846425207,0.965776393349888,0.965231834777802,0.964702807772568,0.964188970245774,0.963689999489217,0.963205590844488,0.962735456494644,0.962279324364689,0.961836937119286,0.961408051247539,0.960992436225959,0.960589873751767,0.960200157039637,0.959823090175753,0.959458487523788,0.959106173177991,0.958765980459093,0.958437751449254,0.95812133656261,0.957816594148404,0.957523390123959,0.957241597635045,0.956971096741452,0.956711774125765,0.956463522823588,0.956226241973576,0.95599983658585,0.955784217327459,0.955579300323715,0.955385006974325,0.955201263783346,0.955028002202075,0.954865158484093,0.954712673551732,0.954570492873308,0.954438566350552,0.954316848215682,0.954205296937661,0.954103875137197,0.954012549510116,0.953931290758757,0.953860073531092,0.953798876367308,0.953747681653629,0.95370647558317,0.953675248123672,0.953653992991975,0.953642707635145,0.95364139321816,0.953650054618123,0.953668700424988,0.953697342948801,0.953735998233508,0.953784686077397,0.953843430060267,0.953912257577468,0.953991199880971,0.954080292127653,0.954179573435052,0.954289086944848,0.954408879894387,0.954539003696598,0.954679514028711,0.954830470930238,0.954991938910698,0.9551639870677,0.955346689215976,0.95554012402812,0.955744375187798,0.955959531556331,0.956185687353642,0.956422942354664,0.95667140210245,0.956931178139359,0.957202388257867,0.957485156772716,0.957779614816359,0.958085900659856,0.958404160061686,0.958734546647232,0.959077222322057
six_nations_2024,six_nations,2024,north,tackle_turnover,optimized_extended,0.475756307148672,0.98138218652668,0.981117434948725,0.9808602261253,0.980610381779094,0.980367737097968,0.980132139372953,0.979903446951569,0.979681528306257,0.97946626120314,0.979257531958481,0.979055234772038,0.978859271128034,0.97866954925576,0.978485983642899,0.978308494595569,0.978137007839916,0.977971454160681,0.97781176907281,0.97765789252261,0.977509768615421,0.977367345367104,0.97723057447699,0.97709941112018,0.976973813757364,0.976853743960495,0.976739166252856,0.976630047962229,0.976526359085989,0.976428072167085,0.976335162179987,0.976247606425757,0.976165384435486,0.976088477881447,0.97601687049534,0.975950547993079,0.975889498005656,0.975833710015603,0.975783175298678,0.975737886870403,0.975697839437122,0.97566302935129,0.975633454570721,0.975609114621563,0.975590010564758,0.975576144965822,0.975567521867738,0.975564146766816,0.975566026591379,0.975573169683138,0.975585585781138,0.975603286008185,0.975626282859656,0.975654590194613,0.975688223229147,0.975727198531908,0.975771534021751,0.97582124896748,0.975876363989632,0.975936901064299,0.97600288352896,0.976074336090317,0.976151284834131,0.976233757237068,0.976321782180575,0.976415389966787,0.976514612336517,0.976619482489351,0.976730035105896,0.976846306372234,0.976968334006644,0.97709615728865,0.977229817090493,0.977369355911095,0.977514817912619,0.97766624895974,0.97782369666173,0.977987210417508,0.978156841463776,0.978332642926417,0.978514669875316,0.978702979382797,0.978897630585873,0.979098684752546,0.979306205352389,0.979520258131673,0.979740911193347,0.979968235082169,0.980202302875336,0.980443190278997,0.980690975731055,0.980945740510709,0.981207568855223,0.981476548084468,0.981752768733819,0.98203632469606,0.982327313373004,0.982625835837605,0.98293199700743,0.983245905830426,0.98356767548404,0.983897423588822
summer_internationals_2024,summer_internationals,2024,north,tackle_turnover,optimized_extended,0.483171193170062,1.00392951782961,1.0032459800413,1.00257328495506,1.00191126041522,1.00125974131811,1.0006185691272,0.999987591560575,0.99936666229884,0.998755640711947,0.998154391603413,0.997562784970635,0.996980695780068,0.996408003756185,0.995844593183211,0.99529035271871,0.994745175218214,0.994208957570095,0.993681600540019,0.993163008624309,0.992653089911646,0.992151755952561,0.991658921636217,0.991174505074033,0.990698427489707,0.990230613115267,0.989770989092782,0.989319485381392,0.988876034669358,0.988440572290846,0.988013036147169,0.987593366632257,0.987181506562112,0.98677740110805,0.98638099773352,0.985992246134329,0.985611098182097,0.985237507870789,0.984871431266166,0.984512826458037,0.984161653515168,0.983817874442739,0.983481453142241,0.983152355373701,0.982830548720155,0.982516002554269,0.982208688007032,0.98190857793845,0.981615646910158,0.981329871159906,0.981051228577839,0.98077969868453,0.980515262610719,0.980257903078697,0.980007604385312,0.979764352386546,0.979528134483645,0.97929893961075,0.979076758224036,0.978861582292301,0.978653405289013,0.978452222185794,0.978258029447314,0.978070825027617,0.977890608367835,0.977717380395328,0.977551143524222,0.977391901657362,0.977239660189695,0.977094426013074,0.976956207522523,0.976825014623968,0.976700858743455,0.976583752837891,0.976473711407331,0.976370750508852,0.976274887772045,0.976186142416179,0.976104535269081,0.976030088787777,0.975962827080978,0.975902775933442,0.975849962832318,0.975804416995523,0.975766169402253,0.975735252825715,0.975711701868179,0.975695552998468,0.975686844591992,0.975685616973469,0.975691912462464,0.975705775421912,0.975727252309768,0.97575639173399,0.975793244511044,0.975837863728127,0.975890304809373,0.975950625586268,0.976018886372567,0.976095150044006,0.976179482123145,0.976271950869704
rugby_championship_2024,rugby_championship,2024,south,tackle_turnover,optimized_extended,0.416907117441474,1.05770532237727,1.05698689221087,1.0562860911262,1.05560223505044,1.05493469183669,1.05428287574673,1.05364624280377,1.05302428673377,1.05241653540675,1.05182254770482,1.05124191075608,1.05067423748339,1.0501191644253,1.04957634979319,1.04904547173385,1.04852622677173,1.04801832840862,1.04752150586168,1.04703550292351,1.04656007693024,1.04609499782522,1.04564004730789,1.04519501805852,1.04475971303064,1.04433394480431,1.04391753499376,1.0435103137042,1.04311211903265,1.04272279660888,1.04234219917239,1.04197018618215,1.04160662345619,1.04125138283828,1.04090434188925,1.04056538360103,1.0402343961312,1.03991127255659,1.03959591064416,1.039288212638,1.03898808506088,1.0386954385295,1.03841018758222,1.03813225051846,1.03786154924874,1.03759800915483,1.03734155895908,1.03709213060243,1.03684965913047,1.03661408258703,1.03638534191478,1.03616338086245,1.03594814589821,1.03573958612895,1.0355376532249,1.03534230134958,1.0351534870945,1.03497116941862,1.0347953095921,1.03462587114431,1.0344628198158,1.03430612351406,1.03415575227295,1.03401167821568,1.03387387552107,1.03374232039313,1.03361699103378,1.03349786761863,1.03338493227571,1.03327816906714,1.03317756397364,1.03308310488179,1.03299478157413,1.03291258572186,1.03283651088042,1.03276655248756,1.03270270786423,1.03264497621811,1.03259335864987,1.03254785816212,1.03250847967114,1.03247523002145,1.03244811800313,1.03242715437221,1.03241235187386,1.03240372526883,1.03240129136291,1.03240506903975,1.032415079297,1.03243134528605,1.03245389235531,1.03248274809742,1.03251794240041,1.03255950750302,1.03260747805452,1.03266189117902,1.03272278654479,1.03279020643869,1.03286419584601,1.03294480253622,1.03303207715478,1.03312607332149
pacific_nations_cup_2024,pacific_nations_cup,2024,south,tackle_turnover,optimized_extended,0.465966481728938,1.03549824130724,1.03461430783142,1.03374566505238,1.03289192226775,1.03205270660245,1.0312276617266,1.03041644688462,1.02961873599567,1.02883421681893,1.02806259017835,1.02730356924187,1.02655687885046,1.02582225489297,1.02509944372308,1.02438820161497,1.02368829425473,1.02299949626454,1.02232159075743,1.02165436891992,1.02099762962084,1.02035117904409,1.01971483034373,1.01908840331987,1.01847172411368,1.01786462492039,1.01726694371884,1.01667852401664,1.01609921460967,1.01552886935519,1.01496734695742,1.01441451076503,1.01387022857946,1.01333437247374,1.01280681862083,1.01228744713104,1.01177614189799,1.01127279045247,1.01077728382386,1.01028951640852,1.00980938584488,1.0093367928947,1.00887164133027,1.00841383782712,1.00796329186193,1.00751991561543,1.00708362387996,1.00665433397136,1.00623196564515,1.00581644101652,1.0054076844842,1.00500562265774,1.00461018428824,1.00422130020225,1.00383890323864,1.00346292818839,1.00309331173716,1.00272999241035,1.00237291052075,1.00202200811844,1.00167722894305,1.00133851837804,1.00100582340717,1.00067909257278,1.00035827593606,1.00004332503903,0.99973419286825,0.999430833820194,0.999133203668172,0.998841259530765,0.998554959841708,0.998274264321171,0.997999133948369,0.997729530935473,0.99746541870275,0.997206761854913,0.99695352615862,0.996705678521098,0.996463186969844,0.996226020633376,0.995994149722999,0.995767545515564,0.995546180337177,0.995330027547847,0.995119061527047,0.994913257660152,0.99471259232576,0.994517042883848,0.994326587664768,0.994141205959058,0.993960878008057,0.993785584995307,0.993615309038741,0.993450033183636,0.993289741396329,0.993134418558696,0.992984050463369,0.992838623809711,0.992698126200532,0.992562546139546,0.992431873029573,0.992306097171487
autumn_internationals_2024,autumn_internationals,2024,south,tackle_turnover,optimized_extended,0.441271178553941,1.05633621592423,1.05515570297251,1.05399631321856,1.05285695501739,1.05173665168133,1.05063452469057,1.04954977996066,1.04848169651269,1.04742961705123,1.04639294007076,1.04537111319743,1.04436362753705,1.04337001284886,1.04238983340163,1.04142268439715,1.04046818886858,1.03952599497812,1.03859577365283,1.03767721650759,1.03677003401364,1.03587395387762,1.03498871960223,1.03411408920388,1.03324983406676,1.03239573791583,1.03155159589386,1.03071721372973,1.02989240698718,1.02907700038454,1.0282708271773,1.02747372859659,1.02668555333737,1.02590615709102,1.0251354021177,1.0243731568543,1.02361929555454,1.02287369795783,1.02213624898435,1.02140683845361,1.02068536082448,1.01997171495464,1.01926580387772,1.01856753459652,1.01787681789101,1.01719356813981,1.01651770315393,1.01584914402193,1.01518781496545,1.01453364320429,1.01388655883043,1.01324649469007,1.01261338627333,1.01198717161089,1.0113677911771,1.0107551877991,1.01014930657155,1.00955009477656,1.00895750180847,1.00837147910313,1.00779198007149,1.00721896003704,1.00665237617705,1.0060921874673,1.00553835462996,1.00499084008473,1.00444960790273,1.00391462376321,1.00338585491278,1.0028632701272,1.00234683967531,1.00183653528534,1.00133233011319,1.00083419871273,1.00034211700799,0.999856062267194,0.999376013078461,0.998901949327199,0.998433852175081,0.997971704040542,0.997515488580749,0.997065190674991,0.996620796409429,0.996182293063186,0.995749669095715,0.995322914135428,0.994902018969535,0.994486975535087,0.994077776911178,0.993674417312298,0.993276892082808,0.992885197692532,0.992499331733438,0.992119292917417,0.991745081075134,0.991376697155955,0.991014143228954,0.990657422484982,0.990306539239825,0.989961498938433,0.989622308160249,0.989288974625632
six_nations_2025,six_nations,2025,north,tackle_turnover,optimized_extended,0.474339344061224,1.01347757738795,1.01269331512068,1.01193220901551,1.01119294426016,1.01047435376321,1.00977539587466,1.00909513625464,1.00843273298834,1.00778742426716,1.00715851811735,1.00654538377645,1.00594744440652,1.00536417090002,1.00479507658482,1.00423971267425,1.00369766433805,1.00316854729377,1.00265200483703,1.00214770524332,1.00165533948634,1.00117461922684,1.00070527503397,1.00024705480701,0.999799722370702,0.999363056221457,0.998936848405086,0.998520903509723,0.998115037759849,0.997719078199379,0.997332861953435,0.996956235559831,0.996589054362518,0.996231181960194,0.995882489704228,0.995542856240711,0.995212167092146,0.994890314274777,0.994577195948094,0.994272716093389,0.993976784218664,0.993689315087441,0.993410228469331,0.993139448910449,0.992876905521952,0.992622531785181,0.992376265372045,0.992138047979403,0.991907825176365,0.991685546263519,0.991471164143187,0.991264635199926,0.99106591919054,0.990874979142969,0.990691781263461,0.990516294851498,0.990348492222012,0.990188348634452,0.990035842228329,0.989890953964873,0.989753667574518,0.989623969509909,0.989501848904208,0.98938729753446,0.989280309789826,0.98918088264453,0.989089015635341,0.989004710843492,0.9889279728809,0.988858808880624,0.988797228491467,0.988743243876679,0.988696869716727,0.988658123216094,0.988627024114125,0.988603594699905,0.988587859831218,0.988579846957612,0.988579586147641,0.988587110120342,0.98860245428106,0.988625656761701,0.988656758465565,0.988695803116883,0.988742837315238,0.988797910595032,0.988861075490226,0.988932387604569,0.989011905687573,0.989099691716499,0.989195810984691,0.989300332196558,0.989413327569603,0.989534872943882,0.989665047899359,0.989803935881622,0.989951624336498,0.990108204854158,0.990273773323336,0.990448430096356,0.99063228016575,0.990825433353278
six_nations_2025,six_nations,2025,north,lineout_steals,optimized_extended,0.168256967817227,0.849170706963217,0.847387603749867,0.845615206809859,0.843853663998684,0.842103147188913,0.840363832478621,0.838635900334228,0.836919535739562,0.835214928351448,0.833522272662187,0.831841768169305,0.830173619552958,0.828518036861429,0.826875235705177,0.8252454374599,0.823628869479153,0.822025765317066,0.820436364961742,0.818860915079989,0.817299669274036,0.815752888350989,0.814220840605776,0.812703802118437,0.811202057066639,0.809715898054393,0.808245626458004,0.806791552790363,0.805353997084793,0.80393328929974,0.802529769745713,0.801143789535973,0.799775711062622,0.798425908499848,0.797094768336252,0.795782689938331,0.794490086147381,0.793217383912265,0.79196502496073,0.79073346651217,0.789523182035017,0.788334662052215,0.787168414998582,0.786024968134185,0.784904868518297,0.783808684048902,0.782737004573251,0.781690443075492,0.780669636948035,0.779675249353991,0.778707970688812,0.777768520150123,0.776857647425724,0.775976134510854,0.775124797667066,0.774304489536466,0.773516101426728,0.772760565784102,0.77203885887374,0.771352003689113,0.770701073114985,0.770087193371655,0.769511547771796,0.768975380825485,0.768480002733929,0.768026794318119,0.767617212435347,0.767252795944336,0.766935172288994,0.766666064781651,0.766447300679578,0.766280820163946,0.766168686348747,0.766113096469282,0.766116394426449,0.7661810848954,0.766309849246567,0.76650556357542,0.766771319197104,0.767110446036274,0.7675265394354,0.768023491021864,0.768605524422988,0.769277236808836,0.770043647489186,0.770910255113171,0.771883105445134,0.772968872257783,0.774174954650872,0.775509595154791,0.776982024440143,0.778602640520072,0.780383233303901,0.782337269720715,0.784480261169748,0.78683024510052,0.78940842838964,0.792240066018757,0.795355692148274,0.798792897262244,0.802598986090834,0.806835125573401
six_nations_2025,six_nations,2025,north,potm,optimized_extended,0.130012395922415,1.153525984879,0.995532658062448,0.976764228723366,0.964720145699377,0.955493707027378,0.947848414300786,0.941226906301473,0.935328006823495,0.929969543302092,0.925032455021447,0.920434401472096,0.916115926936262,0.912032615749802,0.908150363675954,0.904442384064725,0.900887234308734,0.897467470229758,0.89416870194552,0.890978914919858,0.88788797115897,0.884887235819719,0.881969293027616,0.879127726376686,0.876356947134143,0.873652058172161,0.871008745029403,0.868423187834406,0.865891989456014,0.863412116408992,0.860980849883071,0.858595744878618,0.856254595887734,0.853955407900938,0.851696371778036,0.849475843219351,0.847292324725857,0.845144450055337,0.84303097077459,0.8409507445812,0.838902725126703,0.836885953119845,0.834899548526225,0.832942703711234,0.831014677398063,0.829114789332967,0.827242415566822,0.82539698427589,0.823577972056344,0.821784900636761,0.820017333960976,0.818274875600508,0.816557166461675,0.814863882757429,0.813194734218247,0.811549462520085,0.809927839910582,0.808329668017516,0.806754776825949,0.80520302381271,0.803674293228787,0.802168495522043,0.800685566894248,0.799225468987994,0.797788188700521,0.796373738122856,0.794982154604108,0.793613500942127,0.792267865703177,0.790945363674798,0.7896461364576,0.78837035320349,0.787118211509728,0.785889938480355,0.784685791968906,0.783506062019116,0.782351072523453,0.781221183123025,0.780116791376709,0.779038335232477,0.777986295839942,0.776961200750416,0.775963627559524,0.77499420805801,0.774053632969291,0.773142657368169,0.772262106894679,0.771412884901383,0.770595980702858,0.769812479134501,0.769063571676525,0.76835056946141,0.767674918563655,0.767038218075664,0.766442241611702,0.765888963065399,0.765380587692966,0.764919589929744,0.76450875980979,0.764151260503705,0.763850700405285,0.763611224517432
british_irish_lions_2025,british_irish_lions,2025,south,tackle_turnover,optimized_extended,0.490469384066211,1.04567633516645,1.0448913911449,1.04411128370427,1.04333599549844,1.04256551007537,1.04179981177713,1.04103888572939,1.04028271783135,1.03953129474628,1.03878460389265,1.0380426334358,1.0373053722801,1.0365728100617,1.03584493714173,1.03512174460004,1.03440322422941,1.0336893685303,1.03298017070596,1.03227562465813,1.03157572498317,1.03088046696858,1.03018984659009,1.0295038605091,1.02882250607062,1.02814578130165,1.02747368490999,1.02680621628348,1.02614337548972,1.02548516327618,1.02483158107083,1.02418263098308,1.02353831580535,1.0228986390149,1.02226360477624,1.02163321794395,1.02100748406595,1.02038640938729,1.01977000085433,1.01915826611946,1.01855121354631,1.01794885221542,1.01735119193046,1.01675824322491,1.01617001736934,1.01558652637916,1.01500778302301,1.0144338008316,1.01386459410725,1.01330017793397,1.01274056818814,1.01218578154991,1.01163583551517,1.01109074840824,1.01055053939523,1.01001522849819,1.00948483660996,1.00895938550978,1.00843889787979,1.00792339732226,1.0074129083778,1.00690745654443,1.00640706829754,1.00591177111096,1.00542159347895,1.00493656493931,1.0044567160976,1.00398207865253,1.0035126854226,1.00304857037395,1.00258976864965,1.00213631660033,1.00168825181628,1.0012456131612,1.00080844080741,1.00037677627296,0.999950662460377,0.999530143697414,0.999115265779755,0.99870607601583,0.998302623273846,0.997904958031174,0.997513132426197,0.997127200312781,0.996747217317517,0.996373240899879,0.996005330415497,0.995643547182711,0.995287954552612,0.994938617982785,0.994595605114987,0.994258985856997,0.993928832468917,0.993605219654204,0.993288224655745,0.992977927357307,0.992674410390726,0.992377759249217,0.992088062407245,0.991805411447388,0.991529901194706,0.991261629859153
summer_internationals_2025,summer_internationals,2025,north,tackle_turnover,optimized_extended,0.487292566081498,1.04438906712573,1.04384174969775,1.04330267147378,1.04277168249049,1.04224863893074,1.04173340273228,1.04122584128179,1.04072582713093,1.04023323773227,1.03974795519343,1.039269866048,1.03879886104172,1.03833483493279,1.03787768630503,1.03742731739314,1.03698363391878,1.03654654493692,1.03611596269163,1.03569180248046,1.035273982527,1.03486242386093,1.03445705020497,1.03405778786837,1.03366456564647,1.03327731472586,1.03289596859477,1.03252046295844,1.0321507356591,1.03178672660017,1.03142837767459,1.03107563269694,1.03072843733905,1.03038673906902,1.03005048709341,1.02971963230233,1.02939412721738,1.02907392594226,1.02875898411579,1.02844925886739,1.02814470877472,1.0278452938235,1.02755097536929,1.02726171610122,1.02697748000747,1.02669823234256,1.02642393959621,1.02615456946381,1.02589009081832,1.02563047368372,1.02537568920964,1.02512570964748,1.02488050832765,1.02464005963809,1.02440433900386,1.02417332286793,1.02394698867296,1.02372531484417,1.02350828077312,1.02329586680255,1.02308805421209,1.02288482520485,1.02268616289495,1.02249205129584,1.02230247530946,1.02211742071626,1.02193687416592,1.02176082316892,1.02158925608882,1.02142216213532,1.02125953135799,1.02110135464083,1.0209476236974,1.02079833106679,1.02065347011023,1.02051303500834,1.02037702075921,1.02024542317703,1.02011823889152,1.01999546534795,1.01987710080798,1.01976314435105,1.01965359587664,1.01954845610707,1.01944772659118,1.01935140970862,1.01925950867495,1.01917202754748,1.01908897123188,1.01901034548956,1.01893615694589,1.01886641309924,1.01880112233082,1.01874029391552,1.01868393803349,1.01863206578278,1.0185846891929,1.01854182123937,1.0185034758593,1.0184696679681,1.01844041347724,1.01841572931322
rugby_championship_2025,rugby_championship,2025,south,tackle_turnover,optimized_extended,0.384503705737486,1.06639475815153,1.06538020398089,1.06438580412922,1.06341053840438,1.06245347247516,1.06151374845761,1.06059057676048,1.05968322899285,1.05879103177203,1.05791336129793,1.05704963858273,1.05619932524305,1.05536191977687,1.05453695425958,1.05372399140383,1.05292262193609,1.05213246224974,1.05135315230065,1.05058435371543,1.04982574808741,1.04907703543815,1.0483379328257,1.04760817308304,1.04688750367239,1.04617568564284,1.04547249268026,1.04477771023995,1.04409113475345,1.04341257290209,1.04274184095055,1.0420787641347,1.04142317609848,1.04077491837504,1.04013383990829,1.03949979661084,1.03887265095537,1.03825227159618,1.03763853301847,1.03703131521285,1.036430503373,1.03583598761449,1.03524766271303,1.03466542786061,1.03408918643799,1.03351884580237,1.03295431708891,1.03239551502522,1.03184235775758,1.03129476668828,1.03075266632305,1.03021598412794,1.0296846503949,1.02915859811556,1.02863776286247,1.0281220826774,1.02761149796617,1.02710595139959,1.02660538782001,1.02610975415329,1.02561899932561,1.02513307418501,1.0246519314272,1.0241755255255,1.02370381266452,1.02323675067746,1.02277429898681,1.02231641854809,1.02186307179666,1.02141422259729,1.02096983619634,1.02052987917649,1.02009431941368,1.01966312603642,1.01923626938706,1.01881372098509,1.01839545349231,1.01798144067974,1.01757165739621,1.01716607953857,1.0167646840234,1.01636744876008,1.01597435262535,1.01558537543906,1.01520049794116,1.01481970176996,1.01444296944139,1.01407028432942,1.01370163064743,1.0133369934306,1.01297635851926,1.01261971254305,1.01226704290604,1.01191833777258,1.01157358605401,1.01123277739611,1.01089590216726,1.01056295144734,1.0102339170173,1.00990879134935,1.00958756759788,1.00927023959088
pacific_nations_cup_2025,pacific_nations_cup,2025,south,tackle_turnover,optimized_extended,0.559441687699647,1.01516189281908,1.01454733067121,1.01395309166166,1.01337858759385,1.01282326089398,1.01228658245856,1.01176804969288,1.01126718472003,1.01078353274301,1.01031666054411,1.00986615510803,1.00943162235634,1.00901268598275,1.00860898637941,1.00822017964588,1.00784593667306,1.00748594229541,1.00713989450522,1.00680750372373,1.00648849212396,1.00618259300096,1.00588955018559,1.00560911749806,1.00534105823819,1.00508514470928,1.00484115777312,1.00460888643351,1.00438812744626,1.00417868495368,1.00398037014154,1.00379300091708,1.0036164016064,1.00345040266987,1.00329484043432,1.00314955684083,1.00301439920693,1.00288922000247,1.00277387663802,1.00266823126503,1.00257215058711,1.00248550568147,1.00240817183012,1.00234002836006,1.0022809584919,1.00223084919654,1.0021895910592,1.0021570781506,1.00213320790462,1.00211788100233,1.00211100126172,1.00211247553314,1.00212221359983,1.00214012808341,1.00216613435413,1.00220015044539,1.00224209697255,1.00229189705565,1.00234947624593,1.00241476245586,1.00248768589259,1.00256817899464,1.00265617637165,1.00275161474699,1.00285443290327,1.0029645716304,1.00308197367625,1.00320658369972,1.00333834822612,1.00347721560479,1.00362313596884,1.00377606119697,1.00393594487721,1.00410274227257,1.00427641028853,1.00445690744229,1.00464419383365,1.00483823111765,1.00503898247868,1.00524641260622,1.00546048767202,1.00568117530873,1.00590844459,1.00614226601193,1.00638261147583,1.00662945427237,1.00688276906698,1.00714253188653,1.00740872010727,1.00768131244397,1.00796028894035,1.00824563096063,1.00853732118231,1.00883534359016,1.00913968347138,1.00945032741189,1.00976726329389,1.01009048029451,1.01041996888573,1.01075572083542,1.01109772920961,1.01144598837605
autumn_internationals_2025,autumn_internationals,2025,south,tackle_turnover,optimized_extended,0.404389256697938,1.01652836218968,1.01586360250886,1.01521208200272,1.01457338187995,1.01394711337233,1.01333291472007,1.0127304485857,1.01213939979133,1.01155947333079,1.01099039261639,1.01043189792696,1.00988374502921,1.00934570394917,1.00881755787382,1.00829910216633,1.00779014348069,1.00729049896354,1.00679999553291,1.00631846922481,1.00584576460008,1.00538173420473,1.00492623807794,1.00447914330271,1.00404032359481,1.00360965892587,1.00318703517755,1.00277234382353,1.00236548163673,1.0019663504195,1.00157485675453,1.00119091177476,1.00081443095053,1.00044533389258,1.00008354416951,0.999728989138574,0.999381599788625,0.999041310594441,0.99870805938139,0.998381787199756,0.998062438208002,0.997749959564324,0.99744430132594,0.99714541635558,0.996853260234719,0.996567791183119,0.996288969984294,0.996016759916557,0.99575112668932,0.995492038384373,0.995239465401871,0.994993380410802,0.99475375830372,0.994520576155564,0.994293813186376,0.994073450727782,0.993859472193094,0.993651863050917,0.993450610802153,0.993255704960327,0.993067137035144,0.992884900519223,0.992708990877963,0.992539405542495,0.992376143905705,0.992219207321308,0.992068599105976,0.991924324544532,0.991786390898226,0.991654807416141,0.991529585349758,0.991410737970753,0.991298280592102,0.991192230592558,0.99109260744463,0.99099943274615,0.990912730255584,0.990832525931214,0.99075884797437,0.990691726876887,0.990631195472997,0.990577288995878,0.990530045139119,0.990489504123359,0.990455708768435,0.990428704571335,0.990408539790367,0.990395265535909,0.990388935868223,0.990389607902803,0.990397341923799,0.990412201506122,0.990434253646882,0.990463568906881,0.99050022156296,0.99054428977209,0.990595855748164,0.990655005952598,0.990721831299918,0.990796427379663,0.990878894696095,0.990969338927352
six_nations_2026,six_nations,2026,north,tackle_turnover,optimized_extended,0.442139440310648,0.993002297462011,0.992359752772978,0.991750389565386,0.991170970754026,0.990618787917973,0.990091550947405,0.989587305159087,0.989104368057423,0.988641280400531,0.988196767851827,0.987769710579563,0.987359118903325,0.9869641135969,0.986583909816527,0.986217803880531,0.985865162312721,0.985525412698606,0.98519803600508,0.984882560090365,0.984578554188857,0.984285624199654,0.984003408641732,0.983731575165289,0.983469817529573,0.983217852974038,0.982975419922696,0.982742275972052,0.982518196121442,0.982302971211418,0.982096406541416,0.981898320642478,0.981708544184556,0.981526919001043,0.981353297215733,0.981187540459559,0.981029519166262,0.980879111937663,0.980736204970458,0.980600691537569,0.980472471517977,0.980351450969753,0.980237541741674,0.980130661119385,0.980030731502551,0.979937680109891,0.979851438709328,0.979771943370823,0.979699134239756,0.979632955328909,0.979573354327384,0.979520282424918,0.979473694150254,0.979433547222358,0.9793998024134,0.979372423422527,0.97935137675957,0.979336631637879,0.979328159875616,0.979325935804835,0.979329936187812,0.979340140140085,0.979356529059751,0.979379086562596,0.97940779842268,0.979442652518032,0.979483638781151,0.979530749154021,0.979583977547407,0.979643319804185,0.979708773666516,0.979780338746679,0.979858016501385,0.979941810209451,0.980031724952685,0.980127767599867,0.980229946793749,0.98033827294096,0.980452758204759,0.980573416500573,0.980700263494272,0.980833316603132,0.980972594999473,0.981118119616951,0.981269913159487,0.981428000112855,0.981592406758926,0.981763161192602,0.981940293341469,0.982123834988219,0.982313819795893,0.982510283336004,0.982713263119632,0.982922798631573,0.983138931367637,0.983361704875221,0.983591164797281,0.983827358919839,0.984070337223201,0.984320151937042,0.984576857599561,0.984840511120927
six_nations_2026,six_nations,2026,north,lineout_steals,optimized_extended,0.232136345014683,0.806948711699601,0.807050611202891,0.807168990642254,0.807304111669059,0.807456257649726,0.807625719342954,0.807812795162582,0.808017791452366,0.808241022773349,0.80848281220451,0.80874349165745,0.809023402205922,0.809322894431055,0.809642328783193,0.809982075961316,0.81034251731111,0.81072404524279,0.811127063669883,0.811551988470265,0.811999247970827,0.812469283457265,0.81296254971058,0.813479515572014,0.814020664538266,0.814586495388986,0.81517752284869,0.815794278285418,0.816437310448643,0.81710718624914,0.817804491583741,0.818529832208164,0.819283834661364,0.82006714724513,0.820880441063018,0.821724411123025,0.822599777508838,0.823507286624899,0.824447712521031,0.825421858302897,0.826430557635139,0.827474676344734,0.828555114132808,0.829672806403967,0.830828726223125,0.832023886410816,0.833259341789108,0.834536191591528,0.835855582051819,0.83721870918798,0.838626821799852,0.840081224700566,0.841583282204496,0.843134421897008,0.844736138714303,0.846389999365059,0.84809764712952,0.849860807076148,0.851681291741108,0.853561007321811,0.855501960442572,0.8575062655584,0.859576153072173,0.861713978251199,0.863922231041768,0.866203546895071,0.868560718735269,0.87099671022111,0.873514670476894,0.876117950497814,0.878810121469557,0.881594995284139,0.884476647584776,0.887459443734383,0.890548068177927,0.893747557761772,0.897063339688225,0.900501274926808,0.904067708083649,0.907769524957742,0.911614219302701,0.91560997068529,0.919765735815741,0.924091356359167,0.928597687078114,0.933296749284311,0.938201916110552,0.943328138226678,0.948692221581921,0.954313172969219,0.96021263532291,0.966415443728211,0.972950346884812,0.979850960225972,0.987157051379213,0.994916316028002,1.0031869015957,1.01204111653102,1.02157110914269,1.03189801073345,1.04318762441459,1.05567968070697
six_nations_2026,six_nations,2026,north,potm,optimized_extended,0.116270963450968,1.08045968456361,1.00600516765263,0.996292709318756,0.990299946543799,0.985839401325487,0.982225550324564,0.979153057518035,0.976459065551062,0.97404638396563,0.971852345781432,0.969834186810572,0.96796143070141,0.966211601446412,0.964567657969203,0.963016382163993,0.961547324441899,0.960152090317422,0.958823843697068,0.957556952406384,0.956346729736484,0.955189242418932,0.954081165562002,0.953019671430781,0.952002343041366,0.951027106233282,0.950092175697293,0.949196011679218,0.948337284948057,0.947514848231724,0.946727712765974,0.945975028924352,0.945256070134721,0.944570219465345,0.9439169583972,0.943295857401126,0.942706568016739,0.942148816190809,0.94162239668036,0.941127168363308,0.940663050329292,0.940230018647349,0.939828103726474,0.939457388200963,0.939118005285515,0.938810137555974,0.938534016120806,0.938289920156302,0.938078176785374,0.937899161285877,0.937753297619983,0.937641059281184,0.937562970460459,0.937519607537872,0.937511600910706,0.937539637174168,0.93760446167595,0.937706881471596,0.937847768713829,0.938028064515995,0.938248783337682,0.938511017949688,0.938815945046069,0.939164831583419,0.939559041942135,0.940000046021855,0.940489428404131,0.941028898740485,0.941620303554566,0.942265639684276,0.942967069635447,0.943726939175127,0.944547797562696,0.945432420905006,0.946383839232564,0.947405368034642,0.948500645171575,0.949673674315423,0.950928876373676,0.952271150749923,0.953705948826036,0.95523936276353,0.956878233691513,0.958630284684725,0.960504285801875,0.962510261103007,0.96465975138614,0.966966152000805,0.969445153524422,0.97211532602649,0.974998908025403,0.978122894286937,0.981520571991007,0.985233751192577,0.989316110896243,0.993838418264314,0.998897064490286,1.00462887195731,1.01123879164782,1.01905718095656,1.02867622119968,1.04135371807452
six_nations_2026,six_nations,2026,north,scrums_won,optimized_extended,0.959358714900339,0.995574860769731,0.930978553078282,0.926244204441014,0.923364850404316,0.921280262995286,0.919658354156313,0.91835135804459,0.917280592821994,0.916399223068125,0.915677161615276,0.915093981408545,0.914635223675483,0.914290319230366,0.914051344642215,0.913912240644685,0.913868300836951,0.913915825733695,0.914051881885278,0.914274129967586,0.91458069943396,0.914970095382572,0.915441128200776,0.915992859626167,0.916624560845812,0.91733567956114,0.918125813824942,0.918994691059739,0.919942151087465,0.920968132298504,0.92207266030256,0.923255838560019,0.924517840607658,0.925858903578551,0.927279322780729,0.928779447148541,0.9303596754185,0.932020452910758,0.933762268820319,0.935585653940086,0.937491178752213,0.939479451835609,0.941551118546633,0.943706859937456,0.945947391882578,0.948273464388956,0.950685861069245,0.953185398761049,0.955772927277845,0.958449329279649,0.961215520253407,0.964072448594834,0.967021095784816,0.970062476654744,0.973197639736204,0.976427667691374,0.979753677821329,0.983176822650129,0.986698290583277,0.990319306639682,0.994041133256843,0.997865071169439,1.00179246036203,1.00582468109701,1.00996315501936,1.01420934634028,1.01856476310207,1.02303095852724,1.02760953245506,1.03230213286942,1.03711045752214,1.04203625565667,1.04708132983713,1.05224753788885,1.05753679495655,1.06295107568735,1.0684924165463,1.07416291827292,1.07996474848806,1.08590014446125,1.09197141604974,1.09818094882144,1.10453120737528,1.11102473887353,1.11766417680261,1.12445224497989,1.1313917618263,1.13848564492633,1.14573691589933,1.15314870560847,1.16072425973678,1.16846694476249,1.17638025437011,1.18446781633708,1.19273339994117,1.20118092393862,1.20981446516929,1.21863826785211,1.22765675364185,1.23687453252769,1.24629641466458,1.25592742324061
nations_championship_2026,nations_championship,2026,north,tackle_turnover,optimized_extended,0.42032653540939,1.04482907250569,1.0444653408932,1.04410668388148,1.04375306597352,1.0434044528239,1.04306081121092,1.04272210900993,1.04238831516777,1.04205939967836,1.0417353335592,1.04141608882903,1.04110163848629,1.04079195648863,1.04048701773318,1.0401867980378,1.039891274123,1.03960042359476,1.03931422492808,1.0390326574512,1.03875570133062,1.03848333755669,1.03821554792998,1.03795231504815,1.03769362229357,1.03743945382142,1.03718979454844,1.03694463014221,1.03670394701099,1.03646773229404,1.03623597385256,1.03600866026097,1.03578578079889,1.03556732544336,1.03535328486173,1.03514365040488,1.03493841410092,1.03473756864937,1.0345411074157,1.03434902442631,1.03416131436398,1.03397797256367,1.03379899500871,1.03362437832745,1.03345411979024,1.03328821730687,1.0331266694243,1.03296947532487,1.03281663482481,1.03266814837319,1.03252401705123,1.03238424257193,1.03224882728019,1.03211777415317,1.03199108680118,1.03186876946879,1.03175082703645,1.03163726502243,1.03152808958514,1.03142330752588,1.03132292629194,1.03122695398016,1.03113539934079,1.03104827178188,1.03096558137403,1.03088733885551,1.03081355563792,1.03074424381221,1.03067941615519,1.03061908613647,1.03056326792587,1.03051197640137,1.03046522715746,1.03042303651408,1.03038542152602,1.03035239999291,1.03032399046973,1.03030021227788,1.03028108551686,1.03026663107658,1.03025687065022,1.03025182674784,1.03025152271057,1.0302559827256,1.03026523184178,1.03027929598605,1.03029820198065,1.03032197756111,1.0303506513951,1.03038425310221,1.03042281327454,1.03046636349839,1.03051493637683,1.03056856555341,1.03062728573693,1.03069113272733,1.03076014344284,1.03083435594836,1.03091380948514,1.03099854450192,1.03108860268745,1.03118402700461
