season,comp_id,round,fixture_id,date,team,player_id,player_name,canonical_pos,is_forward,is_jumper,is_modern,minutes,started,min_share,team_scrums_won,team_lineout_steal,y_tries,y_try_assists,y_conversion_goals,y_penalty_goals,y_drop_goals_converted,y_metres,y_defenders_beaten,y_clean_breaks,y_offload,y_runs,y_tackles,y_missed_tackles,y_tackle_turnover,y_passes,y_penalties_conceded,y_yellow_cards,y_red_cards,recon_pts,official_pts,potm_winner,has_label,official_label_source,lat_sw,lat_ls,lat_potm,lat_other,latent_total,target_pts
2023,1266,1,8380528,2023-02-04,Wales,111690,Liam Williams,Back-three,False,False,False,80,True,1.0,3,0,1,0,0,0,0,86,8,2,2,14,2,3,0,7,2,1,0,33.0,54.6,0.0,True,official_workbook_name_identity,0.0,0.0,0.0,0.9468599033816418,0.9468599033816418,33.94685990338164
2023,1266,1,8380528,2023-02-04,Wales,129096,Josh Adams,Back-three,False,False,False,80,True,1.0,3,0,0,0,0,0,0,28,1,0,1,6,6,0,0,5,1,0,0,11.0,31.2,0.0,True,official_workbook_name_identity,0.0,0.0,0.0,0.9468599033816418,0.9468599033816418,11.946859903381641
2023,1266,1,8380528,2023-02-04,Wales,109650,George North,Centre,False,False,False,80,True,1.0,3,0,0,0,0,0,0,40,0,0,0,10,5,3,0,2,0,0,0,9.0,15.6,0.0,True,official_workbook_name_identity,0.0,0.0,0.0,1.4896551724137947,1.4896551724137947,10.489655172413794
2023,1266,1,8380528,2023-02-04,Wales,220962,Joe Hawkins,Centre,False,False,False,80,True,1.0,3,0,0,0,0,0,0,47,1,1,0,13,8,4,0,8,0,0,0,14.0,35.0,0.0,True,official_workbook_name_identity,0.0,0.0,0.0,1.4896551724137947,1.4896551724137947,15.489655172413794
2023,1266,1,8380528,2023-02-04,Wales,178890,Rio Dyer,Back-three,False,False,False,68,True,0.85,3,0,0,0,0,0,0,86,4,2,0,8,4,0,0,3,0,0,0,20.0,39.4,0.0,True,official_workbook_name_identity,0.0,0.0,0.0,0.9468599033816418,0.9468599033816418,20.946859903381643
2023,1266,1,8380528,2023-02-04,Wales,58554,Dan Biggar,Fly-half,False,False,False,67,True,0.8375,3,0,0,1,1,1,0,26,1,1,2,12,9,2,0,24,2,0,0,24.0,37.0,0.0,True,official_workbook_name_identity,0.0,0.0,0.0,1.6627906976744176,1.6627906976744176,25.662790697674417
2023,1266,1,8380528,2023-02-04,Wales,128628,Tomos Williams,Scrum-half,False,False,False,63,True,0.7875,3,0,0,0,0,0,0,15,0,0,1,8,7,1,0,56,0,0,0,10.0,9.8,0.0,True,official_workbook_name_identity,0.0,0.0,0.0,1.376068376068376,1.376068376068376,11.376068376068377
2023,1266,1,8380528,2023-02-04,Wales,119118,Gareth Thomas,Prop,True,False,False,53,True,0.6625,3,0,0,0,0,0,0,6,0,0,0,5,14,0,1,1,1,0,0,18.0,29.2,0.0,True,official_workbook_name_identity,1.7531085523339638,0.0,0.0,0.49340065242919223,2.246509204763156,20.246509204763157
2023,1266,1,8380528,2023-02-04,Wales,50484,Ken Owens,Hooker,True,False,False,60,True,0.75,3,0,0,0,0,0,0,6,0,0,0,12,19,1,0,1,0,0,0,19.0,40.6,0.0,True,official_workbook_name_identity,1.9846511913214688,0.0,0.0,0.912244070268424,2.8968952615898926,21.896895261589894
2023,1266,1,8380528,2023-02-04,Wales,131898,Tomas Francis,Prop,True,False,False,40,True,0.5,3,0,0,0,0,0,0,0,0,0,0,0,12,1,0,0,0,0,0,12.0,30.0,0.0,True,official_workbook_name_identity,1.3231007942143125,0.0,0.0,0.49340065242919223,1.8165014466435048,13.816501446643505
2023,1266,1,8380528,2023-02-04,Wales,129576,Adam Beard,Second-row,True,True,False,80,True,1.0,3,0,0,0,0,0,0,1,0,0,0,3,14,2,0,4,2,0,0,12.0,28.4,0.0,True,official_workbook_name_identity,2.646201588428625,0.0,0.0,1.301319777877228,3.9475213663058533,15.947521366305853
2023,1266,1,8380528,2023-02-04,Wales,46092,Alun Wyn Jones,Second-row,True,True,False,60,True,0.75,3,0,0,0,0,0,0,6,0,0,1,10,14,1,0,4,0,0,0,16.0,,,False,missing,1.9846511913214688,0.0,0.24324324324324326,1.301319777877228,3.52921421244194,19.52921421244194
2023,1266,1,8380528,2023-02-04,Wales,203070,Jac Morgan,Back-row,True,True,False,80,True,1.0,3,0,0,0,0,0,0,37,1,0,0,9,20,4,0,5,0,0,0,25.0,50.6,0.0,True,official_workbook_name_identity,2.646201588428625,0.0,0.0,1.4831920462553747,4.129393634684,29.129393634684
2023,1266,1,8380528,2023-02-04,Wales,78726,Justin Tipuric,Back-row,True,True,False,53,True,0.6625,3,0,0,0,0,0,0,12,0,0,0,4,14,0,0,7,1,0,0,14.0,35.6,0.0,True,official_workbook_name_identity,1.7531085523339638,0.0,0.0,1.4831920462553747,3.2363005985893385,17.236300598589338
2023,1266,1,8380528,2023-02-04,Wales,66186,Taulupe Faletau,Back-row,True,True,False,80,True,1.0,3,0,0,0,0,0,0,5,0,0,1,14,19,3,0,7,3,0,0,18.0,36.8,0.0,True,official_workbook_name_identity,2.646201588428625,0.0,0.0,1.4831920462553747,4.129393634684,22.129393634684
2023,1266,1,8380528,2023-02-04,Wales,60708,Scott Baldwin,Hooker,True,False,False,20,False,0.25,3,0,0,0,0,0,0,8,0,0,0,4,2,1,0,0,0,0,0,2.0,5.8,0.0,True,official_workbook_name_identity,0.6615503971071562,0.0,0.0,0.912244070268424,1.5737944673755804,3.5737944673755804
2023,1266,1,8380528,2023-02-04,Wales,162870,Rhys Carré,Prop,True,False,False,27,False,0.3375,3,0,0,0,0,0,0,6,0,0,0,2,4,3,0,2,0,0,0,4.0,10.0,0.0,True,official_workbook_name_identity,0.8930930360946611,0.0,0.0,0.49340065242919223,1.3864936885238532,5.386493688523853
2023,1266,1,8380528,2023-02-04,Wales,135306,Dillon Lewis,Prop,True,False,False,40,False,0.5,3,0,0,0,0,0,0,5,0,0,1,4,8,2,0,2,1,0,0,9.0,6.4,0.0,True,official_workbook_name_identity,1.3231007942143125,0.0,0.0,0.49340065242919223,1.8165014466435048,10.816501446643505
2023,1266,1,8380528,2023-02-04,Wales,232104,Dafydd Jenkins,Second-row,True,True,False,20,False,0.25,3,0,0,0,0,0,0,11,1,0,0,6,4,1,0,0,0,0,0,7.0,10.0,0.0,True,official_workbook_name_identity,0.6615503971071562,0.0,0.0,1.301319777877228,1.9628701749843844,8.962870174984385
2023,1266,1,8380528,2023-02-04,Wales,155826,Tommy Reffell,Back-row,True,True,False,27,False,0.3375,3,0,0,0,0,0,0,0,0,0,1,2,8,2,0,3,0,0,0,10.0,8.0,0.0,True,official_workbook_name_identity,0.8930930360946611,0.0,0.0,1.4831920462553747,2.376285082350036,12.376285082350035
2023,1266,1,8380528,2023-02-04,Wales,58584,Rhys Webb,Scrum-half,False,False,False,17,False,0.2125,3,0,0,0,0,0,0,2,0,0,0,3,3,0,0,23,1,0,0,2.0,9.2,0.0,True,official_workbook_name_identity,0.0,0.0,0.0,1.376068376068376,1.376068376068376,3.376068376068376
2023,1266,1,8380528,2023-02-04,Wales,111624,Owen Williams,Fly-half,False,False,False,13,False,0.1625,3,0,0,0,0,0,0,0,0,0,0,4,1,0,0,11,0,0,0,1.0,1.8,0.0,True,official_workbook_name_identity,0.0,0.0,0.0,1.6627906976744176,1.6627906976744176,2.6627906976744176
2023,1266,1,8380528,2023-02-04,Wales,116478,Alex Cuthbert,Back-three,False,False,False,12,False,0.15,3,0,0,0,0,0,0,17,0,0,0,3,3,0,1,2,0,0,0,9.0,6.6,0.0,True,official_workbook_name_identity,0.0,0.0,0.0,0.9468599033816418,0.9468599033816418,9.946859903381641
2023,1266,1,8380528,2023-02-04,Ireland,143496,Hugo Keenan,Back-three,False,False,False,80,True,1.0,6,2,0,0,0,0,0,80,3,0,0,12,0,1,0,2,1,0,0,13.0,40.2,1.0,True,official_workbook_name_identity,0.0,0.0,15.0,0.9468599033816418,15.946859903381641,28.946859903381643
2023,1266,1,8380528,2023-02-04,Ireland,166674,Mack Hansen,Back-three,False,False,False,80,True,1.0,6,2,0,0,0,0,0,24,2,1,3,8,7,2,0,5,0,0,0,19.0,40.8,0.0,True,official_workbook_name_identity,0.0,0.0,0.0,0.9468599033816418,0.9468599033816418,19.946859903381643
2023,1266,1,8380528,2023-02-04,Ireland,129372,Garry Ringrose,Centre,False,False,False,80,True,1.0,6,2,0,0,0,0,0,18,3,0,0,10,10,4,0,4,0,0,0,17.0,26.2,0.0,True,official_workbook_name_identity,0.0,0.0,0.0,1.4896551724137947,1.4896551724137947,18.489655172413794
2023,1266,1,8380528,2023-02-04,Ireland,129840,Stuart McCloskey,Centre,False,False,False,59,True,0.7375,6,2,0,0,0,0,0,33,3,0,1,9,8,1,1,3,0,0,0,24.0,13.6,0.0,True,official_workbook_name_identity,0.0,0.0,0.0,1.4896551724137947,1.4896551724137947,25.489655172413794
2023,1266,1,8380528,2023-02-04,Ireland,120468,James Lowe,Back-three,False,False,False,80,True,1.0,6,2,1,0,0,0,0,96,2,1,0,6,6,3,1,3,1,0,0,33.0,,,False,missing,0.0,0.0,0.5072463768115941,0.9468599033816418,1.454106280193236,34.45410628019324
2023,1266,1,8380528,2023-02-04,Ireland,90342,Johnny Sexton,Fly-half,False,False,False,68,True,0.85,6,2,0,0,3,2,0,23,3,0,0,12,8,0,0,18,0,0,0,28.0,5.4,0.0,True,official_workbook_name_identity,0.0,0.0,0.0,1.6627906976744176,1.6627906976744176,29.662790697674417
2023,1266,1,8380528,2023-02-04,Ireland,61860,Conor Murray,Scrum-half,False,False,False,63,True,0.7875,6,2,0,1,0,0,0,11,0,0,0,5,3,1,0,59,0,0,0,8.0,9.8,0.0,True,official_workbook_name_identity,0.0,0.0,0.0,1.376068376068376,1.376068376068376,9.376068376068377
2023,1266,1,8380528,2023-02-04,Ireland,139806,Andrew Porter,Prop,True,False,False,73,True,0.9125,6,2,0,0,0,0,0,12,1,0,0,10,14,1,0,4,6,0,0,11.0,7.0,0.0,True,official_workbook_name_identity,4.82931789888224,0.0,0.0,0.49340065242919223,5.322718551311432,16.322718551311432
2023,1266,1,8380528,2023-02-04,Ireland,186096,Dan Sheehan,Hooker,True,False,False,73,True,0.9125,6,2,0,0,0,0,0,34,6,2,1,9,9,2,0,4,0,0,0,26.0,5.5,0.0,True,official_workbook_name_identity,4.82931789888224,0.0,0.0,0.912244070268424,5.7415619691506645,31.741561969150666
2023,1266,1,8380528,2023-02-04,Ireland,112068,Finlay Bealham,Prop,True,False,False,59,True,0.7375,6,2,0,1,0,0,0,4,2,0,0,6,13,0,0,4,0,0,0,21.0,47.8,0.0,True,official_workbook_name_identity,3.9031473429322223,0.0,0.0,0.49340065242919223,4.396547995361415,25.396547995361416
2023,1266,1,8380528,2023-02-04,Ireland,117954,Tadhg Beirne,Second-row,True,True,False,53,True,0.6625,6,2,0,0,0,0,0,13,0,0,0,9,12,1,0,3,0,0,0,13.0,55.2,0.0,True,official_workbook_name_identity,3.5062171046679276,1.3662054614728831,0.0,1.301319777877228,6.173742344018039,19.173742344018038
2023,1266,1,8380528,2023-02-04,Ireland,143604,James Ryan,Second-row,True,True,False,80,True,1.0,6,2,1,0,0,0,0,7,0,0,0,5,14,0,0,2,1,0,0,28.0,7.6,0.0,True,official_workbook_name_identity,5.29240317685725,2.062196922977937,0.0,1.301319777877228,8.655919877712416,36.655919877712414
2023,1266,1,8380528,2023-02-04,Ireland,61620,Peter O'Mahony,Back-row,True,True,False,59,True,0.7375,6,2,0,0,0,0,0,16,1,0,0,9,5,1,0,5,0,0,0,8.0,63.0,0.0,True,official_workbook_name_identity,3.9031473429322223,1.5208702306962285,0.0,1.4831920462553747,6.907209619883825,14.907209619883826
2023,1266,1,8380528,2023-02-04,Ireland,118518,Josh van der Flier,Back-row,True,True,False,80,True,1.0,6,2,1,0,0,0,0,14,3,1,0,7,17,0,1,5,0,0,0,44.0,22.0,0.0,True,official_workbook_name_identity,5.29240317685725,2.062196922977937,0.0,1.4831920462553747,8.837792146090562,52.837792146090564
2023,1266,1,8380528,2023-02-04,Ireland,148680,Caelan Doris,Back-row,True,True,False,80,True,1.0,6,2,1,0,0,0,0,28,1,0,0,15,19,0,0,7,0,0,0,38.0,14.4,0.0,True,official_workbook_name_identity,5.29240317685725,2.062196922977937,0.0,1.4831920462553747,8.837792146090562,46.837792146090564
2023,1266,1,8380528,2023-02-04,Ireland,102312,Rob Herring,Hooker,True,False,False,7,False,0.0875,6,2,0,0,0,0,0,2,0,0,0,2,4,0,0,0,0,0,0,4.0,23.3,0.0,True,official_workbook_name_identity,0.4630852779750093,0.0,0.0,0.912244070268424,1.3753293482434334,5.375329348243433
2023,1266,1,8380528,2023-02-04,Ireland,66174,Dave Kilcoyne,Prop,True,False,False,7,False,0.0875,6,2,0,0,0,0,0,0,1,0,0,1,6,0,0,0,0,0,0,8.0,35.0,0.0,True,official_workbook_name_identity,0.4630852779750093,0.0,0.0,0.49340065242919223,0.9564859304042015,8.956485930404202
2023,1266,1,8380528,2023-02-04,Ireland,148650,Tom O'Toole,Prop,True,False,False,21,False,0.2625,6,2,0,0,0,0,0,0,0,0,0,1,6,0,0,0,0,0,0,6.0,6.1,0.0,True,official_workbook_name_identity,1.3892558339250283,0.0,0.0,0.49340065242919223,1.8826564863542206,7.882656486354221
2023,1266,1,8380528,2023-02-04,Ireland,112074,Iain Henderson,Second-row,True,True,False,27,False,0.3375,6,2,0,0,0,0,0,4,1,0,0,4,3,0,0,2,1,0,0,4.0,25.8,0.0,True,official_workbook_name_identity,1.7861860721893221,0.6959914615050538,0.0,1.301319777877228,3.7834973115716037,7.783497311571604
2023,1266,1,8380528,2023-02-04,Ireland,117936,Jack Conan,Back-row,True,True,False,21,False,0.2625,6,2,0,0,0,0,0,2,0,0,0,2,4,0,0,1,0,0,0,4.0,30.8,0.0,True,official_workbook_name_identity,1.3892558339250283,0.5413266922817085,0.0,1.4831920462553747,3.4137745724621116,7.413774572462112
2023,1266,1,8380528,2023-02-04,Ireland,203124,Craig Casey,Scrum-half,False,False,False,17,False,0.2125,6,2,0,1,0,0,0,3,0,0,0,4,1,0,0,15,1,0,0,4.0,42.8,0.0,True,official_workbook_name_identity,0.0,0.0,0.0,1.376068376068376,1.376068376068376,5.3760683760683765
2023,1266,1,8380528,2023-02-04,Ireland,129288,Ross Byrne,Fly-half,False,False,False,12,False,0.15,6,2,0,0,1,0,0,10,1,0,0,3,0,0,0,5,0,0,0,5.0,27.8,0.0,True,official_workbook_name_identity,0.0,0.0,0.0,1.6627906976744176,1.6627906976744176,6.662790697674417
2023,1266,1,8380528,2023-02-04,Ireland,114804,Bundee Aki,Centre,False,False,False,21,False,0.2625,6,2,0,0,0,0,0,7,1,0,0,2,3,0,0,0,1,0,0,4.0,63.4,0.0,True,official_workbook_name_identity,0.0,0.0,0.0,1.4896551724137947,1.4896551724137947,5.489655172413794
2023,1266,1,8380537,2023-02-04,England,203496,Freddie Steward,Back-three,False,False,False,80,True,1.0,2,0,0,0,0,0,0,89,3,0,0,14,2,2,0,4,1,0,0,15.0,55.4,0.0,True,official_workbook_name_identity,0.0,0.0,0.0,0.9468599033816418,0.9468599033816418,15.946859903381641
2023,1266,1,8380537,2023-02-04,England,132510,Max Malins,Back-three,False,False,False,80,True,1.0,2,0,2,0,0,0,0,56,1,1,0,8,6,3,0,3,0,0,0,33.0,20.2,0.0,True,official_workbook_name_identity,0.0,0.0,0.0,0.9468599033816418,0.9468599033816418,33.94685990338164
2023,1266,1,8380537,2023-02-04,England,132354,Joe Marchant,Centre,False,False,False,75,True,0.9375,2,0,0,0,0,0,0,33,2,0,0,6,6,1,0,0,0,0,0,13.0,2.0,0.0,True,official_workbook_name_identity,0.0,0.0,0.0,1.4896551724137947,1.4896551724137947,14.489655172413794
2023,1266,1,8380537,2023-02-04,England,59640,Owen Farrell,Centre,False,False,False,80,True,1.0,2,0,0,0,1,2,0,12,1,0,1,11,5,3,1,21,0,0,0,23.0,5.6,0.0,True,official_workbook_name_identity,0.0,0.0,0.0,1.4896551724137947,1.4896551724137947,24.489655172413794
2023,1266,1,8380537,2023-02-04,England,172362,Ollie Hassell-Collins,Back-three,False,False,False,64,True,0.8,2,0,0,0,0,0,0,97,2,0,0,9,2,0,0,0,1,0,0,14.0,58.1,0.0,True,official_workbook_name_identity,0.0,0.0,0.0,0.9468599033816418,0.9468599033816418,14.946859903381641
2023,1266,1,8380537,2023-02-04,England,156288,Marcus Smith,Fly-half,False,False,False,80,True,1.0,2,0,0,1,0,0,0,52,4,0,1,14,8,1,0,19,0,0,0,27.0,17.6,0.0,True,official_workbook_name_identity,0.0,0.0,0.0,1.6627906976744176,1.6627906976744176,28.662790697674417
2023,1266,1,8380537,2023-02-04,England,213786,Jack van Poortvliet,Scrum-half,False,False,False,58,True,0.725,2,0,0,1,0,0,0,20,1,1,3,7,3,2,0,87,0,0,0,17.0,35.4,0.0,True,official_workbook_name_identity,0.0,0.0,0.0,1.376068376068376,1.376068376068376,18.376068376068375
2023,1266,1,8380537,2023-02-04,England,136680,Ellis Genge,Prop,True,False,False,60,True,0.75,2,0,1,0,0,0,0,27,3,0,2,18,5,0,0,7,1,0,0,31.0,1.0,0.0,True,official_workbook_name_identity,1.3231007942143125,0.0,0.0,0.49340065242919223,1.8165014466435048,32.81650144664351
2023,1266,1,8380537,2023-02-04,England,61134,Jamie George,Hooker,True,False,False,80,True,1.0,2,0,0,0,0,0,0,8,1,0,0,6,9,0,0,3,0,0,0,11.0,7.4,0.0,True,official_workbook_name_identity,1.76413439228575,0.0,0.0,0.912244070268424,2.676378462554174,13.676378462554174
2023,1266,1,8380537,2023-02-04,England,116532,Kyle Sinckler,Prop,True,False,False,60,True,0.75,2,0,0,0,0,0,0,5,0,0,0,10,6,0,0,7,0,0,0,6.0,34.6,0.0,True,official_workbook_name_identity,1.3231007942143125,0.0,0.0,0.49340065242919223,1.8165014466435048,7.816501446643505
2023,1266,1,8380537,2023-02-04,England,122652,Maro Itoje,Second-row,True,True,False,80,True,1.0,2,0,0,0,0,0,0,2,0,0,0,5,12,0,0,3,2,0,0,10.0,8.6,0.0,True,official_workbook_name_identity,1.76413439228575,0.0,0.0,1.301319777877228,3.065454170162978,13.065454170162978
2023,1266,1,8380537,2023-02-04,England,218742,Ollie Chessum,Second-row,True,True,False,80,True,1.0,2,0,0,0,0,0,0,29,1,0,0,11,10,1,0,7,2,0,0,12.0,42.4,0.0,True,official_workbook_name_identity,1.76413439228575,0.0,0.0,1.301319777877228,3.065454170162978,15.065454170162978
2023,1266,1,8380537,2023-02-04,England,132330,Lewis Ludlam,Back-row,True,True,False,80,True,1.0,2,0,0,1,0,0,0,27,0,0,0,17,7,0,0,6,0,0,0,13.0,17.4,0.0,True,official_workbook_name_identity,1.76413439228575,0.0,0.0,1.4831920462553747,3.2473264385411245,16.247326438541123
2023,1266,1,8380537,2023-02-04,England,155898,Ben Curry,Back-row,True,True,False,60,True,0.75,2,0,0,0,0,0,0,9,1,0,0,9,13,4,0,5,1,0,0,14.0,6.0,0.0,True,official_workbook_name_identity,1.3231007942143125,0.0,0.0,1.4831920462553747,2.806292840469687,16.806292840469688
2023,1266,1,8380537,2023-02-04,England,164178,Alex Dombrandt,Back-row,True,True,False,55,True,0.6875,2,0,0,0,0,0,0,24,0,0,0,12,4,1,0,1,0,0,0,6.0,44.4,0.0,True,official_workbook_name_identity,1.212842394696453,0.0,0.0,1.4831920462553747,2.696034440951828,8.696034440951827
2023,1266,1,8380537,2023-02-04,England,129720,Jack Walker,Hooker,True,False,False,0,False,0.0,2,0,0,0,0,0,0,0,0,0,0,0,0,0,0,0,0,0,0,0.0,,,False,missing,0.0,0.0,0.1271186440677966,0.912244070268424,1.0393627143362205,1.0393627143362205
2023,1266,1,8380537,2023-02-04,England,102996,Mako Vunipola,Prop,True,False,False,20,False,0.25,2,0,0,0,0,0,0,2,0,0,0,6,2,0,0,0,0,0,0,2.0,19.0,0.0,True,official_workbook_name_identity,0.4410335980714375,0.0,0.0,0.49340065242919223,0.9344342505006298,2.9344342505006296
2023,1266,1,8380537,2023-02-04,England,54336,Dan Cole,Prop,True,False,False,20,False,0.25,2,0,0,0,0,0,0,0,0,0,0,0,1,0,0,0,0,0,0,1.0,26.2,0.0,True,official_workbook_name_identity,0.4410335980714375,0.0,0.0,0.49340065242919223,0.9344342505006298,1.9344342505006298
2023,1266,1,8380537,2023-02-04,England,162726,Nick Isiekwe,Second-row,True,True,False,20,False,0.25,2,0,0,0,0,0,0,0,0,0,0,2,2,0,0,0,0,0,0,2.0,20.4,0.0,True,official_workbook_name_identity,0.4410335980714375,0.0,0.0,1.301319777877228,1.7423533759486656,3.7423533759486656
2023,1266,1,8380537,2023-02-04,England,142404,Ben Earl,Back-row,True,True,False,25,False,0.3125,2,0,0,0,0,0,0,27,1,0,0,6,4,0,0,1,2,0,0,6.0,23.8,0.0,True,official_workbook_name_identity,0.5512919975892969,0.0,0.0,1.4831920462553747,2.034484043844672,8.034484043844671
2023,1266,1,8380537,2023-02-04,England,54876,Ben Youngs,Scrum-half,False,False,False,22,False,0.275,2,0,0,0,0,0,0,25,0,0,0,3,1,2,0,31,0,0,0,3.0,21.0,0.0,True,official_workbook_name_identity,0.0,0.0,0.0,1.376068376068376,1.376068376068376,4.3760683760683765
2023,1266,1,8380537,2023-02-04,England,177378,Ollie Lawrence,Centre,False,False,False,5,False,0.0625,2,0,0,0,0,0,0,5,0,0,0,2,0,0,0,0,0,0,0,0.0,26.2,0.0,True,official_workbook_name_identity,0.0,0.0,0.0,1.4896551724137947,1.4896551724137947,1.4896551724137947
2023,1266,1,8380537,2023-02-04,England,114510,Anthony Watson,Back-three,False,False,False,16,False,0.2,2,0,0,0,0,0,0,14,1,0,0,3,2,0,0,0,0,0,0,5.0,22.2,0.0,True,official_workbook_name_identity,0.0,0.0,0.0,0.9468599033816418,0.9468599033816418,5.946859903381641
2023,1266,1,8380537,2023-02-04,Scotland,111744,Stuart Hogg,Back-three,False,False,False,65,True,0.8125,5,2,0,0,0,0,0,35,2,0,0,8,5,0,0,3,0,0,0,12.0,14.2,0.0,True,official_workbook_name_identity,0.0,0.0,0.0,0.9468599033816418,0.9468599033816418,12.946859903381641
2023,1266,1,8380537,2023-02-04,Scotland,171582,Kyle Steyn,Back-three,False,False,False,80,True,1.0,5,2,0,1,0,0,0,58,2,2,0,4,9,4,0,3,0,0,0,22.0,8.2,0.0,True,official_workbook_name_identity,0.0,0.0,0.0,0.9468599033816418,0.9468599033816418,22.946859903381643
2023,1266,1,8380537,2023-02-04,Scotland,136776,Huw Jones,Centre,False,False,False,75,True,0.9375,5,2,1,0,0,0,0,34,0,1,1,6,12,0,0,3,0,0,0,27.0,1.4,0.0,True,official_workbook_name_identity,0.0,0.0,0.0,1.4896551724137947,1.4896551724137947,28.489655172413794
2023,1266,1,8380537,2023-02-04,Scotland,139998,Sione Tuipulotu,Centre,False,False,False,80,True,1.0,5,2,0,1,0,0,0,31,0,0,0,8,14,3,1,9,1,0,0,25.0,51.0,0.0,True,official_workbook_name_identity,0.0,0.0,0.0,1.4896551724137947,1.4896551724137947,26.489655172413794
2023,1266,1,8380537,2023-02-04,Scotland,131400,Duhan van der Merwe,Back-three,False,False,False,80,True,1.0,5,2,2,0,0,0,0,98,10,2,0,8,2,1,0,2,0,0,0,51.0,54.8,0.0,True,official_workbook_name_identity,0.0,0.0,0.0,0.9468599033816418,0.9468599033816418,51.94685990338164
2023,1266,1,8380537,2023-02-04,Scotland,117894,Finn Russell,Fly-half,False,False,False,80,True,1.0,5,2,0,0,3,1,0,66,2,0,0,19,11,6,0,22,0,0,0,30.0,44.6,0.0,True,official_workbook_name_identity,0.0,0.0,0.0,1.6627906976744176,1.6627906976744176,31.662790697674417
2023,1266,1,8380537,2023-02-04,Scotland,142476,Ben White,Scrum-half,False,False,False,69,True,0.8625,5,2,1,0,0,0,0,13,2,1,1,3,9,1,0,43,0,0,0,26.0,2.1,0.0,True,official_workbook_name_identity,0.0,0.0,0.0,1.376068376068376,1.376068376068376,27.376068376068375
2023,1266,1,8380537,2023-02-04,Scotland,130290,Pierre Schoeman,Prop,True,False,False,65,True,0.8125,5,2,0,0,0,0,0,0,0,0,0,10,19,0,1,2,1,0,0,23.0,17.4,0.0,True,official_workbook_name_identity,3.5833979843304298,0.0,0.0,0.49340065242919223,4.076798636759622,27.076798636759623
2023,1266,1,8380537,2023-02-04,Scotland,117864,George Turner,Hooker,True,False,False,58,True,0.725,5,2,0,0,0,0,0,2,0,0,0,5,14,3,0,2,0,0,0,14.0,5.6,0.0,True,official_workbook_name_identity,3.197493586017922,0.0,0.0,0.912244070268424,4.109737656286346,18.109737656286345
2023,1266,1,8380537,2023-02-04,Scotland,61812,WP Nel,Prop,True,False,False,58,True,0.725,5,2,0,0,0,0,0,1,0,0,0,1,10,0,0,2,2,0,0,8.0,4.8,0.0,True,official_workbook_name_identity,3.197493586017922,0.0,0.0,0.49340065242919223,3.690894238447114,11.690894238447115
2023,1266,1,8380537,2023-02-04,Scotland,97512,Richie Gray,Second-row,True,True,False,80,True,1.0,5,2,0,0,0,0,0,3,0,0,0,4,16,0,0,5,1,0,0,15.0,12.8,0.0,True,official_workbook_name_identity,4.410335980714375,2.062196922977937,0.0,1.301319777877228,7.77385268156954,22.77385268156954
2023,1266,1,8380537,2023-02-04,Scotland,102762,Grant Gilchrist,Second-row,True,True,False,65,True,0.8125,5,2,0,0,0,0,0,0,0,0,0,1,14,0,0,2,0,0,0,14.0,46.2,0.0,True,official_workbook_name_identity,3.5833979843304298,1.6755349999195737,0.0,1.301319777877228,6.560252762127232,20.56025276212723
2023,1266,1,8380537,2023-02-04,Scotland,130536,Jamie Ritchie,Back-row,True,True,False,80,True,1.0,5,2,0,0,0,0,0,6,0,0,1,9,16,1,0,5,1,0,0,17.0,59.2,0.0,True,official_workbook_name_identity,4.410335980714375,2.062196922977937,0.0,1.4831920462553747,7.955724949947687,24.955724949947687
2023,1266,1,8380537,2023-02-04,Scotland,146766,Luke Crosbie,Back-row,True,True,False,58,True,0.725,5,2,0,0,0,0,0,0,0,0,0,4,20,0,0,2,1,0,0,19.0,49.1,0.0,True,official_workbook_name_identity,3.197493586017922,1.4950927691590041,0.0,1.4831920462553747,6.175778401432301,25.1757784014323
2023,1266,1,8380537,2023-02-04,Scotland,161856,Matt Fagerson,Back-row,True,True,False,80,True,1.0,5,2,0,1,0,0,0,17,0,0,0,8,27,1,0,4,0,0,0,32.0,10.8,0.0,True,official_workbook_name_identity,4.410335980714375,2.062196922977937,0.0,1.4831920462553747,7.955724949947687,39.95572494994769
2023,1266,1,8380537,2023-02-04,Scotland,60816,Fraser Brown,Hooker,True,False,False,22,False,0.275,5,2,0,0,0,0,0,0,0,0,0,1,3,0,0,2,0,0,0,3.0,26.6,0.0,True,official_workbook_name_identity,1.212842394696453,0.0,0.0,0.912244070268424,2.125086464964877,5.125086464964877
2023,1266,1,8380537,2023-02-04,Scotland,117870,Jamie Bhatti,Prop,True,False,False,15,False,0.1875,5,2,0,0,0,0,0,1,0,0,0,1,3,0,0,1,1,0,0,2.0,10.2,0.0,True,official_workbook_name_identity,0.8269379963839453,0.0,0.0,0.49340065242919223,1.3203386488131374,3.3203386488131374
2023,1266,1,8380537,2023-02-04,Scotland,130044,Simon Berghan,Prop,True,False,False,22,False,0.275,5,2,0,0,0,0,0,0,0,0,0,0,10,0,0,0,1,0,0,9.0,38.2,0.0,True,official_workbook_name_identity,1.212842394696453,0.0,0.0,0.49340065242919223,1.7062430471256453,10.706243047125646
2023,1266,1,8380537,2023-02-04,Scotland,117852,Jonny Gray,Second-row,True,True,False,15,False,0.1875,5,2,0,0,0,0,0,0,0,0,0,2,5,0,0,0,0,0,0,5.0,34.4,0.0,True,official_workbook_name_identity,0.8269379963839453,0.38666192305836317,0.0,1.301319777877228,2.5149196973195362,7.514919697319536
2023,1266,1,8380537,2023-02-04,Scotland,124308,Jack Dempsey,Back-row,True,True,False,22,False,0.275,5,2,0,0,0,0,0,9,0,0,0,2,6,0,0,1,0,0,0,6.0,45.6,0.0,True,official_workbook_name_identity,1.212842394696453,0.5671041538189326,0.0,1.4831920462553747,3.2631385947707603,9.26313859477076
2023,1266,1,8380537,2023-02-04,Scotland,129792,George Horne,Scrum-half,False,False,False,11,False,0.1375,5,2,0,0,0,0,0,0,0,0,0,0,1,1,0,8,0,0,0,1.0,53.0,0.0,True,official_workbook_name_identity,0.0,0.0,0.0,1.376068376068376,1.376068376068376,2.376068376068376
2023,1266,1,8380537,2023-02-04,Scotland,139902,Blair Kinghorn,Back-three,False,False,False,15,False,0.1875,5,2,0,0,0,0,0,23,2,0,1,3,0,1,0,3,0,0,0,8.0,34.4,0.0,True,official_workbook_name_identity,0.0,0.0,0.0,0.9468599033816418,0.9468599033816418,8.946859903381641
2023,1266,1,8380537,2023-02-04,Scotland,125406,Chris Harris,Centre,False,False,False,5,False,0.0625,5,2,0,0,0,0,0,0,0,0,0,0,1,0,0,0,0,0,0,1.0,89.8,1.0,True,official_workbook_name_identity,0.0,0.0,15.0,1.4896551724137947,16.489655172413794,17.489655172413794
2023,1266,1,8380546,2023-02-05,Italy,207774,Ange Capuozzo,Back-three,False,False,False,80,True,1.0,5,1,1,0,0,0,0,96,2,0,1,13,0,2,0,8,1,0,0,24.0,15.2,0.0,True,official_workbook_name_identity,0.0,0.0,0.0,0.9468599033816418,0.9468599033816418,24.946859903381643
2023,1266,1,8380546,2023-02-05,Italy,136626,Pierre Bruno,Back-three,False,False,False,66,True,0.825,5,1,0,0,0,0,0,37,1,0,0,6,6,4,0,5,1,0,0,10.0,42.0,0.0,True,official_workbook_name_identity,0.0,0.0,0.0,0.9468599033816418,0.9468599033816418,10.946859903381641
2023,1266,1,8380546,2023-02-05,Italy,118614,Juan Ignacio Brex,Centre,False,False,False,80,True,1.0,5,1,0,0,0,0,0,32,0,0,0,14,5,1,1,10,1,0,0,12.0,3.8,0.0,True,official_workbook_name_identity,0.0,0.0,0.0,1.4896551724137947,1.4896551724137947,13.489655172413794
2023,1266,1,8380546,2023-02-05,Italy,112206,Luca Morisi,Centre,False,False,False,80,True,1.0,5,1,0,0,0,0,0,22,0,0,0,14,12,4,0,6,0,0,0,14.0,22.0,0.0,True,official_workbook_name_identity,0.0,0.0,0.0,1.4896551724137947,1.4896551724137947,15.489655172413794
2023,1266,1,8380546,2023-02-05,Italy,226818,Tommaso Menoncello,Centre,False,False,False,80,True,1.0,5,1,0,0,0,0,0,26,0,1,1,5,0,2,0,2,0,0,0,4.0,0.0,0.0,True,official_workbook_name_identity,0.0,0.0,0.0,1.4896551724137947,1.4896551724137947,5.489655172413794
2023,1266,1,8380546,2023-02-05,Italy,117834,Tommaso Allan,Back-three,False,False,False,80,True,1.0,5,1,0,0,0,4,0,46,3,0,1,16,6,0,1,34,1,0,0,34.0,32.6,0.0,True,official_workbook_name_identity,0.0,0.0,0.0,0.9468599033816418,0.9468599033816418,34.94685990338164
2023,1266,1,8380546,2023-02-05,Italy,213144,Stephen Varney,Scrum-half,False,False,False,74,True,0.925,5,1,0,1,0,0,0,2,0,0,0,4,2,2,0,83,0,0,0,6.0,43.6,0.0,True,official_workbook_name_identity,0.0,0.0,0.0,1.376068376068376,1.376068376068376,7.3760683760683765
2023,1266,1,8380546,2023-02-05,Italy,164232,Danilo Fischetti,Prop,True,False,False,68,True,0.85,5,1,0,0,0,0,0,24,4,1,0,7,9,2,0,3,1,0,0,18.0,12.6,0.0,True,official_workbook_name_identity,3.748785583607219,0.0,0.0,0.49340065242919223,4.242186236036411,22.24218623603641
2023,1266,1,8380546,2023-02-05,Italy,226836,Giacomo Nicotera,Hooker,True,False,False,68,True,0.85,5,1,0,0,0,0,0,8,0,0,1,7,14,6,0,5,0,0,0,16.0,0.0,0.0,True,official_workbook_name_identity,3.748785583607219,0.0,0.0,0.912244070268424,4.661029653875643,20.661029653875644
2023,1266,1,8380546,2023-02-05,Italy,123210,Simone Ferrari,Prop,True,False,False,56,True,0.7,5,1,0,0,0,0,0,4,0,0,0,4,10,2,0,0,0,0,0,10.0,2.4,0.0,True,official_workbook_name_identity,3.0872351865000622,0.0,0.0,0.49340065242919223,3.5806358389292545,13.580635838929254
2023,1266,1,8380546,2023-02-05,Italy,167196,Niccolo Cannone,Second-row,True,True,False,68,True,0.85,5,1,0,0,0,0,0,8,0,0,0,4,16,1,2,1,0,0,0,26.0,2.0,0.0,True,official_workbook_name_identity,3.748785583607219,0.8764336922656232,0.0,1.301319777877228,5.92653905375007,31.92653905375007
2023,1266,1,8380546,2023-02-05,Italy,129234,Federico Ruzza,Second-row,True,True,False,80,True,1.0,5,1,0,0,0,0,0,18,0,0,0,6,13,0,0,7,0,0,0,14.0,28.2,0.0,True,official_workbook_name_identity,4.410335980714375,1.0310984614889684,0.0,1.301319777877228,6.742754220080571,20.74275422008057
2023,1266,1,8380546,2023-02-05,Italy,129216,Sebastian Negri,Back-row,True,True,False,65,True,0.8125,5,1,0,0,0,0,0,16,1,1,0,15,9,3,0,5,0,0,0,12.0,19.0,0.0,True,official_workbook_name_identity,3.5833979843304298,0.8377674999597868,0.0,1.4831920462553747,5.9043575305455915,17.904357530545592
2023,1266,1,8380546,2023-02-05,Italy,164220,Michele Lamaro,Back-row,True,True,False,80,True,1.0,5,1,0,0,0,0,0,4,0,0,1,12,10,5,0,14,0,0,0,12.0,1.8,0.0,True,official_workbook_name_identity,4.410335980714375,1.0310984614889684,0.0,1.4831920462553747,6.924626488458718,18.924626488458717
2023,1266,1,8380546,2023-02-05,Italy,220140,Lorenzo Cannone,Back-row,True,True,False,68,True,0.85,5,1,0,0,0,0,0,28,1,0,0,9,9,0,0,2,0,0,0,13.0,30.2,0.0,True,official_workbook_name_identity,3.748785583607219,0.8764336922656232,0.0,1.4831920462553747,6.108411322128217,19.108411322128216
2023,1266,1,8380546,2023-02-05,Italy,128046,Luca Bigi,Hooker,True,False,False,12,False,0.15,5,1,0,0,0,0,0,0,0,0,0,0,0,0,0,1,0,0,0,0.0,1.8,0.0,True,official_workbook_name_identity,0.6615503971071562,0.0,0.0,0.912244070268424,1.5737944673755804,1.5737944673755804
2023,1266,1,8380546,2023-02-05,Italy,140904,Federico Zani,Prop,True,False,False,12,False,0.15,5,1,0,0,0,0,0,1,0,0,0,2,0,0,0,0,0,0,0,0.0,37.2,0.0,True,official_workbook_name_identity,0.6615503971071562,0.0,0.0,0.49340065242919223,1.1549510495363484,1.1549510495363484
2023,1266,1,8380546,2023-02-05,Italy,118062,Pietro Ceccarelli,Prop,True,False,False,24,False,0.3,5,1,0,0,0,0,0,3,0,0,0,2,0,0,0,0,0,0,0,0.0,3.2,0.0,True,official_workbook_name_identity,1.3231007942143125,0.0,0.0,0.49340065242919223,1.8165014466435048,1.8165014466435048
2023,1266,1,8380546,2023-02-05,Italy,164208,Edoardo Iachizzi,Second-row,True,True,False,12,False,0.15,5,1,0,0,0,0,0,5,0,0,0,2,0,0,0,2,0,0,0,0.0,9.4,0.0,True,official_workbook_name_identity,0.6615503971071562,0.15466476922334527,0.0,1.301319777877228,2.11753494420773,2.11753494420773
2023,1266,1,8380546,2023-02-05,Italy,147378,Giovanni Pettinelli,Back-row,True,True,False,12,False,0.15,5,1,0,0,0,0,0,8,0,0,0,1,0,0,0,0,0,0,0,0.0,27.0,0.0,True,official_workbook_name_identity,0.6615503971071562,0.15466476922334527,0.0,1.4831920462553747,2.2994072125858764,2.2994072125858764
2023,1266,1,8380546,2023-02-05,Italy,204054,Manuel Zuliani,Back-row,True,True,False,15,False,0.1875,5,1,0,0,0,0,0,8,1,0,0,2,0,1,0,2,1,0,0,1.0,45.0,0.0,True,official_workbook_name_identity,0.8269379963839453,0.19333096152918158,0.0,1.4831920462553747,2.5034610041685017,3.5034610041685017
2023,1266,1,8380546,2023-02-05,Italy,180450,Alessandro Fusco,Scrum-half,False,False,False,6,False,0.075,5,1,0,0,0,0,0,0,0,0,0,0,0,0,0,10,0,0,0,0.0,37.8,0.0,True,official_workbook_name_identity,0.0,0.0,0.0,1.376068376068376,1.376068376068376,1.376068376068376
2023,1266,1,8380546,2023-02-05,Italy,112584,Edoardo Padovani,Back-three,False,False,False,14,False,0.175,5,1,0,0,0,0,0,1,0,0,0,1,1,0,0,0,0,0,0,1.0,14.6,0.0,True,official_workbook_name_identity,0.0,0.0,0.0,0.9468599033816418,0.9468599033816418,1.9468599033816418
2023,1266,1,8380546,2023-02-05,France,129822,Thomas Ramos,Back-three,False,False,False,80,True,1.0,2,2,1,0,3,1,0,44,3,1,1,8,2,0,0,13,1,0,0,32.0,49.2,0.0,True,official_workbook_name_identity,0.0,0.0,0.0,0.9468599033816418,0.9468599033816418,32.94685990338164
2023,1266,1,8380546,2023-02-05,France,139668,Damian Penaud,Back-three,False,False,False,80,True,1.0,2,2,0,0,0,0,0,44,4,2,1,5,4,1,0,3,0,0,0,18.0,30.4,0.0,True,official_workbook_name_identity,0.0,0.0,0.0,0.9468599033816418,0.9468599033816418,18.946859903381643
2023,1266,1,8380546,2023-02-05,France,119154,Gael Fickou,Centre,False,False,False,80,True,1.0,2,2,0,0,0,0,0,22,6,0,0,14,15,0,0,5,0,0,0,29.0,35.2,0.0,True,official_workbook_name_identity,0.0,0.0,0.0,1.4896551724137947,1.4896551724137947,30.489655172413794
2023,1266,1,8380546,2023-02-05,France,196152,Yoram Moefana,Centre,False,False,False,80,True,1.0,2,2,0,0,0,0,0,39,3,0,1,5,3,1,0,4,0,0,0,14.0,37.2,0.0,True,official_workbook_name_identity,0.0,0.0,0.0,1.4896551724137947,1.4896551724137947,15.489655172413794
2023,1266,1,8380546,2023-02-05,France,202800,Ethan Dumortier,Back-three,False,False,False,80,True,1.0,2,2,1,0,0,0,0,15,4,1,1,4,1,0,0,3,0,0,0,22.0,53.4,0.0,True,official_workbook_name_identity,0.0,0.0,0.0,0.9468599033816418,0.9468599033816418,22.946859903381643
2023,1266,1,8380546,2023-02-05,France,165180,Romain Ntamack,Fly-half,False,False,False,65,True,0.8125,2,2,0,1,0,0,0,38,4,0,0,4,6,0,0,21,0,0,0,21.0,18.1,0.0,True,official_workbook_name_identity,0.0,0.0,0.0,1.6627906976744176,1.6627906976744176,22.662790697674417
2023,1266,1,8380546,2023-02-05,France,135318,Antoine Dupont,Scrum-half,False,False,False,80,True,1.0,2,2,0,0,0,0,0,52,3,0,1,7,12,1,1,60,1,0,0,29.0,27.1,0.0,True,official_workbook_name_identity,0.0,0.0,0.0,1.376068376068376,1.376068376068376,30.376068376068375
2023,1266,1,8380546,2023-02-05,France,121938,Cyril Baille,Prop,True,False,False,51,True,0.6375,2,2,0,0,0,0,0,14,0,0,2,11,8,0,0,4,0,0,0,13.0,17.5,0.0,True,official_workbook_name_identity,1.1246356750821656,0.0,0.0,0.49340065242919223,1.6180363275113578,14.618036327511359
2023,1266,1,8380546,2023-02-05,France,135138,Julien Marchand,Hooker,True,False,False,61,True,0.7625,2,2,0,0,0,0,0,14,0,0,0,9,13,1,0,1,2,0,0,12.0,12.9,0.0,True,official_workbook_name_identity,1.3451524741178842,0.0,0.0,0.912244070268424,2.2573965443863084,14.257396544386308
2023,1266,1,8380546,2023-02-05,France,133446,Uini Atonio,Prop,True,False,False,51,True,0.6375,2,2,0,0,0,0,0,8,1,0,0,4,9,0,0,3,1,0,0,10.0,25.8,0.0,True,official_workbook_name_identity,1.1246356750821656,0.0,0.0,0.49340065242919223,1.6180363275113578,11.618036327511359
2023,1266,1,8380546,2023-02-05,France,213072,Thibaud Flament,Second-row,True,True,False,80,True,1.0,2,2,1,0,0,0,0,29,1,1,0,4,17,1,0,2,1,0,0,35.0,27.8,0.0,True,official_workbook_name_identity,1.76413439228575,2.062196922977937,0.0,1.301319777877228,5.127651093140915,40.12765109314091
2023,1266,1,8380546,2023-02-05,France,118416,Paul Willemse,Second-row,True,True,False,53,True,0.6625,2,2,0,0,0,0,0,3,0,0,0,4,12,0,0,2,3,0,0,9.0,27.2,0.0,True,official_workbook_name_identity,1.1687390348893094,1.3662054614728831,0.0,1.301319777877228,3.8362642742394204,12.83626427423942
2023,1266,1,8380546,2023-02-05,France,139728,Anthony Jelonch,Back-row,True,True,False,80,True,1.0,2,2,0,0,0,0,0,8,0,0,1,3,20,3,0,6,1,0,0,21.0,40.5,0.0,True,official_workbook_name_identity,1.76413439228575,2.062196922977937,0.0,1.4831920462553747,5.309523361519061,26.309523361519062
2023,1266,1,8380546,2023-02-05,France,123504,Charles Ollivon,Back-row,True,True,False,80,True,1.0,2,2,0,0,0,0,0,44,2,0,2,13,9,1,1,5,4,1,0,17.0,12.9,0.0,True,official_workbook_name_identity,1.76413439228575,2.062196922977937,0.0,1.4831920462553747,5.309523361519061,22.309523361519062
2023,1266,1,8380546,2023-02-05,France,176748,Gregory Alldritt,Back-row,True,True,False,61,True,0.7625,2,2,0,0,0,0,0,47,3,0,0,11,14,2,0,1,1,0,0,23.0,44.4,1.0,True,official_workbook_name_identity,1.3451524741178842,1.5724251537706768,15.0,1.4831920462553747,19.400769674143937,42.40076967414394
2023,1266,1,8380546,2023-02-05,France,196806,Gaetan Barlot,Hooker,True,False,False,19,False,0.2375,2,2,0,0,0,0,0,0,0,0,0,0,5,0,0,0,0,0,0,5.0,9.9,0.0,True,official_workbook_name_identity,0.4189819181678656,0.0,0.0,0.912244070268424,1.3312259884362896,6.331225988436289
2023,1266,1,8380546,2023-02-05,France,189984,Reda Wardi,Prop,True,False,False,29,False,0.3625,2,2,0,0,0,0,0,0,0,0,0,0,7,0,0,0,0,0,0,7.0,5.9,0.0,True,official_workbook_name_identity,0.6394987172035843,0.0,0.0,0.49340065242919223,1.1328993696327765,8.132899369632776
2023,1266,1,8380546,2023-02-05,France,178248,Sipili Falatea,Prop,True,False,False,29,False,0.3625,2,2,0,0,0,0,0,0,0,0,0,0,4,2,0,0,0,0,0,4.0,20.5,0.0,True,official_workbook_name_identity,0.6394987172035843,0.0,0.0,0.49340065242919223,1.1328993696327765,5.132899369632776
2023,1266,1,8380546,2023-02-05,France,58998,Romain Taofifenua,Second-row,True,True,False,27,False,0.3375,2,2,0,1,0,0,0,2,0,0,1,1,4,0,0,1,3,0,0,7.0,61.0,0.0,True,official_workbook_name_identity,0.5953953573964407,0.6959914615050538,0.0,1.301319777877228,2.592706596778722,9.592706596778722
2023,1266,1,8380546,2023-02-05,France,178980,Thomas Lavault,Second-row,True,True,False,0,False,0.0,2,2,0,0,0,0,0,0,0,0,0,0,0,0,0,0,0,0,0,0.0,,,False,missing,0.0,0.0,0.24324324324324326,1.301319777877228,1.5445630211204713,1.5445630211204713
2023,1266,1,8380546,2023-02-05,France,136914,Sekou Macalou,Back-row,True,True,False,19,False,0.2375,2,2,0,0,0,0,0,0,0,0,0,0,3,0,0,0,0,0,0,3.0,43.4,0.0,True,official_workbook_name_identity,0.4189819181678656,0.48977176920726,0.0,1.4831920462553747,2.3919457336305,5.3919457336305
2023,1266,1,8380546,2023-02-05,France,219972,Nolann Le Garrec,Scrum-half,False,False,False,0,False,0.0,2,2,0,0,0,0,0,0,0,0,0,0,0,0,0,0,0,0,0,0.0,,,False,missing,0.0,0.0,0.5128205128205129,1.376068376068376,1.8888888888888888,1.8888888888888888
2023,1266,1,8380546,2023-02-05,France,169662,Matthieu Jalibert,Fly-half,False,False,False,15,False,0.1875,2,2,1,0,0,0,0,4,1,0,0,1,0,0,0,0,0,0,0,12.0,20.2,0.0,True,official_workbook_name_identity,0.0,0.0,0.0,1.6627906976744176,1.6627906976744176,13.662790697674417
2023,1266,2,8380555,2023-02-11,Ireland,143496,Hugo Keenan,Back-three,False,False,False,80,True,1.0,4,0,1,0,0,0,0,182,1,2,1,18,4,1,0,7,0,0,0,36.0,98.0,0.0,True,official_workbook_name_identity,0.0,0.0,0.0,0.9468599033816418,0.9468599033816418,36.94685990338164
2023,1266,2,8380555,2023-02-11,Ireland,166674,Mack Hansen,Back-three,False,False,False,80,True,1.0,4,0,0,0,0,0,0,53,6,0,1,13,5,3,0,14,0,0,0,24.0,25.6,0.0,True,official_workbook_name_identity,0.0,0.0,0.0,0.9468599033816418,0.9468599033816418,24.946859903381643
2023,1266,2,8380555,2023-02-11,Ireland,129372,Garry Ringrose,Centre,False,False,False,80,True,1.0,4,0,1,1,0,0,0,20,6,1,0,9,10,4,0,4,0,0,0,38.0,65.8,0.0,True,official_workbook_name_identity,0.0,0.0,0.0,1.4896551724137947,1.4896551724137947,39.4896551724138
2023,1266,2,8380555,2023-02-11,Ireland,129840,Stuart McCloskey,Centre,False,False,False,65,True,0.8125,4,0,0,0,0,0,0,43,0,0,0,10,3,1,0,2,0,0,0,7.0,30.4,0.0,True,official_workbook_name_identity,0.0,0.0,0.0,1.4896551724137947,1.4896551724137947,8.489655172413794
2023,1266,2,8380555,2023-02-11,Ireland,120468,James Lowe,Back-three,False,False,False,80,True,1.0,4,0,1,0,0,0,0,74,0,0,0,9,6,2,1,6,0,0,0,28.0,52.8,0.0,True,official_workbook_name_identity,0.0,0.0,0.0,0.9468599033816418,0.9468599033816418,28.946859903381643
2023,1266,2,8380555,2023-02-11,Ireland,90342,Johnny Sexton,Fly-half,False,False,False,47,True,0.5875,4,0,0,0,2,1,0,66,1,2,0,4,3,1,0,22,0,0,0,18.0,46.8,0.0,True,official_workbook_name_identity,0.0,0.0,0.0,1.6627906976744176,1.6627906976744176,19.662790697674417
2023,1266,2,8380555,2023-02-11,Ireland,61860,Conor Murray,Scrum-half,False,False,False,56,True,0.7,4,0,0,0,0,0,0,4,3,0,0,4,3,5,0,55,1,0,0,8.0,10.8,0.0,True,official_workbook_name_identity,0.0,0.0,0.0,1.376068376068376,1.376068376068376,9.376068376068377
2023,1266,2,8380555,2023-02-11,Ireland,139806,Andrew Porter,Prop,True,False,False,69,True,0.8625,4,0,1,0,0,0,0,8,0,0,0,7,8,5,0,3,0,0,0,23.0,31.3,0.0,True,official_workbook_name_identity,3.043131826692919,0.0,0.0,0.49340065242919223,3.536532479122111,26.536532479122112
2023,1266,2,8380555,2023-02-11,Ireland,102312,Rob Herring,Hooker,True,False,False,25,True,0.3125,4,0,0,0,0,0,0,5,0,0,0,3,6,1,0,1,0,0,0,6.0,9.9,0.0,True,official_workbook_name_identity,1.1025839951785938,0.0,0.0,0.912244070268424,2.014828065447018,8.014828065447018
2023,1266,2,8380555,2023-02-11,Ireland,112068,Finlay Bealham,Prop,True,False,False,61,True,0.7625,4,0,0,1,0,0,0,2,0,0,0,7,13,1,0,4,0,0,0,17.0,34.3,0.0,True,official_workbook_name_identity,2.6903049482357684,0.0,0.0,0.49340065242919223,3.1837056006649607,20.18370560066496
2023,1266,2,8380555,2023-02-11,Ireland,117954,Tadhg Beirne,Second-row,True,True,False,45,True,0.5625,4,0,0,0,0,0,0,15,0,1,0,7,13,2,0,2,1,0,0,13.0,49.1,0.0,True,official_workbook_name_identity,1.9846511913214688,0.0,0.0,1.301319777877228,3.285970969198697,16.285970969198697
2023,1266,2,8380555,2023-02-11,Ireland,143604,James Ryan,Second-row,True,True,False,80,True,1.0,4,0,0,0,0,0,0,8,0,0,0,13,17,0,0,2,2,0,0,15.0,40.4,0.0,True,official_workbook_name_identity,3.5282687845715,0.0,0.0,1.301319777877228,4.829588562448728,19.829588562448727
2023,1266,2,8380555,2023-02-11,Ireland,61620,Peter O'Mahony,Back-row,True,True,False,56,True,0.7,4,0,0,0,0,0,0,3,0,0,0,5,8,2,0,1,2,0,0,6.0,15.6,0.0,True,official_workbook_name_identity,2.46978814920005,0.0,0.0,1.4831920462553747,3.9529801954554245,9.952980195455424
2023,1266,2,8380555,2023-02-11,Ireland,118518,Josh van der Flier,Back-row,True,True,False,80,True,1.0,4,0,0,0,0,0,0,29,0,0,0,10,14,2,0,4,0,0,0,16.0,37.2,0.0,True,official_workbook_name_identity,3.5282687845715,0.0,0.0,1.4831920462553747,5.011460830826874,21.011460830826874
2023,1266,2,8380555,2023-02-11,Ireland,148680,Caelan Doris,Back-row,True,True,False,80,True,1.0,4,0,0,1,0,0,0,89,2,0,2,17,8,3,0,8,0,0,0,28.0,66.4,1.0,True,official_workbook_name_identity,3.5282687845715,0.0,15.0,1.4831920462553747,20.011460830826877,48.01146083082688
2023,1266,2,8380555,2023-02-11,Ireland,148644,Ronan Kelleher,Hooker,True,False,False,55,False,0.6875,4,0,0,0,0,0,0,24,0,0,0,7,11,2,0,3,0,0,0,13.0,36.1,0.0,True,official_workbook_name_identity,2.425684789392906,0.0,0.0,0.912244070268424,3.3379288596613303,16.337928859661332
2023,1266,2,8380555,2023-02-11,Ireland,66174,Dave Kilcoyne,Prop,True,False,False,11,False,0.1375,4,0,0,0,0,0,0,1,0,0,0,2,3,0,0,0,1,0,0,2.0,5.9,0.0,True,official_workbook_name_identity,0.4851369578785813,0.0,0.0,0.49340065242919223,0.9785376103077735,2.9785376103077734
2023,1266,2,8380555,2023-02-11,Ireland,148650,Tom O'Toole,Prop,True,False,False,19,False,0.2375,4,0,0,0,0,0,0,28,1,0,1,8,0,0,0,2,0,0,0,6.0,12.3,0.0,True,official_workbook_name_identity,0.8379638363357312,0.0,0.0,0.49340065242919223,1.3313644887649234,7.331364488764923
2023,1266,2,8380555,2023-02-11,Ireland,112074,Iain Henderson,Second-row,True,True,False,35,False,0.4375,4,0,0,0,0,0,0,11,0,0,0,5,4,2,0,2,0,0,0,5.0,11.5,0.0,True,official_workbook_name_identity,1.5436175932500311,0.0,0.0,1.301319777877228,2.8449373711272594,7.844937371127259
2023,1266,2,8380555,2023-02-11,Ireland,117936,Jack Conan,Back-row,True,True,False,24,False,0.3,4,0,0,0,0,0,0,12,0,0,1,6,2,0,0,2,0,0,0,5.0,8.8,0.0,True,official_workbook_name_identity,1.05848063537145,0.0,0.0,1.4831920462553747,2.5416726816268245,7.5416726816268245
2023,1266,2,8380555,2023-02-11,Ireland,203124,Craig Casey,Scrum-half,False,False,False,24,False,0.3,4,0,0,0,0,0,0,10,1,0,0,3,1,0,0,53,0,0,0,4.0,6.2,0.0,True,official_workbook_name_identity,0.0,0.0,0.0,1.376068376068376,1.376068376068376,5.3760683760683765
2023,1266,2,8380555,2023-02-11,Ireland,129288,Ross Byrne,Fly-half,False,False,False,33,False,0.4125,4,0,0,0,1,1,0,1,1,0,0,1,3,1,0,19,0,0,0,10.0,15.2,0.0,True,official_workbook_name_identity,0.0,0.0,0.0,1.6627906976744176,1.6627906976744176,11.662790697674417
2023,1266,2,8380555,2023-02-11,Ireland,114804,Bundee Aki,Centre,False,False,False,15,False,0.1875,4,0,0,0,0,0,0,3,1,0,0,5,3,0,0,0,0,0,0,5.0,9.4,0.0,True,official_workbook_name_identity,0.0,0.0,0.0,1.4896551724137947,1.4896551724137947,6.489655172413794
2023,1266,2,8380555,2023-02-11,France,129822,Thomas Ramos,Back-three,False,False,False,61,True,0.7625,1,0,0,0,1,3,1,84,2,0,0,10,3,0,0,9,1,0,0,29.0,45.0,0.0,True,official_workbook_name_identity,0.0,0.0,0.0,0.9468599033816418,0.9468599033816418,29.946859903381643
2023,1266,2,8380555,2023-02-11,France,139668,Damian Penaud,Back-three,False,False,False,80,True,1.0,1,0,1,0,0,0,0,109,11,0,0,10,5,1,0,7,0,0,0,47.0,52.8,0.0,True,official_workbook_name_identity,0.0,0.0,0.0,0.9468599033816418,0.9468599033816418,47.94685990338164
2023,1266,2,8380555,2023-02-11,France,119154,Gael Fickou,Centre,False,False,False,80,True,1.0,1,0,0,0,0,0,0,56,4,0,3,12,15,2,0,17,2,0,0,32.0,30.6,0.0,True,official_workbook_name_identity,0.0,0.0,0.0,1.4896551724137947,1.4896551724137947,33.4896551724138
2023,1266,2,8380555,2023-02-11,France,196152,Yoram Moefana,Centre,False,False,False,80,True,1.0,1,0,0,0,0,0,0,41,0,0,0,8,11,2,0,6,0,0,0,15.0,20.4,0.0,True,official_workbook_name_identity,0.0,0.0,0.0,1.4896551724137947,1.4896551724137947,16.489655172413794
2023,1266,2,8380555,2023-02-11,France,202800,Ethan Dumortier,Back-three,False,False,False,25,True,0.3125,1,0,0,0,0,0,0,77,9,2,0,10,3,2,0,1,1,0,0,27.0,33.6,0.0,True,official_workbook_name_identity,0.0,0.0,0.0,0.9468599033816418,0.9468599033816418,27.946859903381643
2023,1266,2,8380555,2023-02-11,France,165180,Romain Ntamack,Fly-half,False,False,False,80,True,1.0,1,0,0,0,0,0,0,50,0,0,0,6,12,1,0,28,0,0,0,17.0,22.2,0.0,True,official_workbook_name_identity,0.0,0.0,0.0,1.6627906976744176,1.6627906976744176,18.662790697674417
2023,1266,2,8380555,2023-02-11,France,135318,Antoine Dupont,Scrum-half,False,False,False,80,True,1.0,1,0,0,0,0,0,0,77,6,2,3,14,12,1,0,73,0,0,0,37.0,49.0,0.0,True,official_workbook_name_identity,0.0,0.0,0.0,1.376068376068376,1.376068376068376,38.376068376068375
2023,1266,2,8380555,2023-02-11,France,121938,Cyril Baille,Prop,True,False,False,56,True,0.7,1,0,0,0,0,0,0,2,0,0,0,6,15,0,0,4,0,0,0,15.0,18.6,0.0,True,official_workbook_name_identity,0.6174470373000125,0.0,0.0,0.49340065242919223,1.1108476897292048,16.110847689729205
2023,1266,2,8380555,2023-02-11,France,135138,Julien Marchand,Hooker,True,False,False,73,True,0.9125,1,0,0,0,0,0,0,6,1,0,1,8,23,2,0,4,1,0,0,26.0,37.8,0.0,True,official_workbook_name_identity,0.8048863164803735,0.0,0.0,0.912244070268424,1.7171303867487975,27.7171303867488
2023,1266,2,8380555,2023-02-11,France,133446,Uini Atonio,Prop,True,False,False,56,True,0.7,1,0,0,0,0,0,0,1,0,0,0,1,9,0,0,2,1,1,0,3.0,18.2,0.0,True,official_workbook_name_identity,0.6174470373000125,0.0,0.0,0.49340065242919223,1.1108476897292048,4.110847689729205
2023,1266,2,8380555,2023-02-11,France,213072,Thibaud Flament,Second-row,True,True,False,80,True,1.0,1,0,0,0,0,0,0,27,1,0,1,11,28,0,0,5,0,0,0,34.0,50.0,0.0,True,official_workbook_name_identity,0.882067196142875,0.0,0.0,1.301319777877228,2.1833869740201033,36.1833869740201
2023,1266,2,8380555,2023-02-11,France,118416,Paul Willemse,Second-row,True,True,False,45,True,0.5625,1,0,0,0,0,0,0,0,0,0,0,4,12,0,0,1,0,0,0,12.0,27.2,0.0,True,official_workbook_name_identity,0.4961627978303672,0.0,0.0,1.301319777877228,1.7974825757075954,13.797482575707596
2023,1266,2,8380555,2023-02-11,France,139728,Anthony Jelonch,Back-row,True,True,False,80,True,1.0,1,0,0,1,0,0,0,53,2,1,1,8,22,6,0,9,0,0,0,37.0,47.6,0.0,True,official_workbook_name_identity,0.882067196142875,0.0,0.0,1.4831920462553747,2.36525924239825,39.36525924239825
2023,1266,2,8380555,2023-02-11,France,123504,Charles Ollivon,Back-row,True,True,False,69,True,0.8625,1,0,0,0,0,0,0,8,0,0,0,7,22,1,0,0,0,0,0,22.0,33.0,0.0,True,official_workbook_name_identity,0.7607829566732297,0.0,0.0,1.4831920462553747,2.2439750029286043,24.243975002928604
2023,1266,2,8380555,2023-02-11,France,176748,Gregory Alldritt,Back-row,True,True,False,51,True,0.6375,1,0,0,0,0,0,0,15,0,0,0,6,13,0,0,2,0,0,0,14.0,16.4,0.0,True,official_workbook_name_identity,0.5623178375410828,0.0,0.0,1.4831920462553747,2.0455098837964574,16.045509883796456
2023,1266,2,8380555,2023-02-11,France,196806,Gaetan Barlot,Hooker,True,False,False,7,False,0.0875,1,0,0,0,0,0,0,11,1,0,1,1,2,0,0,1,0,0,0,7.0,5.6,0.0,True,official_workbook_name_identity,0.07718087966250156,0.0,0.0,0.912244070268424,0.9894249499309256,7.989424949930926
2023,1266,2,8380555,2023-02-11,France,189984,Reda Wardi,Prop,True,False,False,24,False,0.3,1,0,0,0,0,0,0,2,0,0,1,4,7,0,0,3,0,0,0,9.0,15.2,0.0,True,official_workbook_name_identity,0.2646201588428625,0.0,0.0,0.49340065242919223,0.7580208112720548,9.758020811272054
2023,1266,2,8380555,2023-02-11,France,178248,Sipili Falatea,Prop,True,False,False,12,False,0.15,1,0,0,0,0,0,0,9,1,0,0,3,7,0,0,3,0,0,0,9.0,17.0,0.0,True,official_workbook_name_identity,0.13231007942143125,0.0,0.0,0.49340065242919223,0.6257107318506234,9.625710731850624
2023,1266,2,8380555,2023-02-11,France,58998,Romain Taofifenua,Second-row,True,True,False,35,False,0.4375,1,0,0,0,0,0,0,1,0,0,1,3,12,1,0,2,1,0,0,13.0,25.6,0.0,True,official_workbook_name_identity,0.3859043983125078,0.0,0.0,1.301319777877228,1.6872241761897357,14.687224176189735
2023,1266,2,8380555,2023-02-11,France,123366,Francois Cros,Back-row,True,True,False,11,False,0.1375,1,0,0,0,0,0,0,0,0,0,0,0,6,1,0,0,0,0,0,6.0,6.0,0.0,True,official_workbook_name_identity,0.12128423946964532,0.0,0.0,1.4831920462553747,1.60447628572502,7.6044762857250205
2023,1266,2,8380555,2023-02-11,France,136914,Sekou Macalou,Back-row,True,True,False,29,False,0.3625,1,0,0,0,0,0,0,16,0,0,0,3,7,2,0,0,0,0,0,8.0,11.6,0.0,True,official_workbook_name_identity,0.31974935860179216,0.0,0.0,1.4831920462553747,1.8029414048571668,9.802941404857167
2023,1266,2,8380555,2023-02-11,France,147576,Baptiste Couilloud,Scrum-half,False,False,False,0,False,0.0,1,0,0,0,0,0,0,0,0,0,0,0,0,0,0,0,0,0,0,0.0,,,False,missing,0.0,0.0,0.5128205128205129,1.376068376068376,1.8888888888888888,1.8888888888888888
2023,1266,2,8380555,2023-02-11,France,169662,Matthieu Jalibert,Fly-half,False,False,False,19,False,0.2375,1,0,0,0,0,0,0,20,0,0,0,1,2,1,0,1,0,0,0,4.0,5.8,0.0,True,official_workbook_name_identity,0.0,0.0,0.0,1.6627906976744176,1.6627906976744176,5.662790697674417
2023,1266,2,8380564,2023-02-11,Scotland,111744,Stuart Hogg,Back-three,False,False,False,13,True,0.1625,2,2,0,0,0,0,0,14,3,0,0,3,1,0,0,0,0,0,0,8.0,5.9,0.0,True,official_workbook_name_identity,0.0,0.0,0.0,0.9468599033816418,0.9468599033816418,8.946859903381641
2023,1266,2,8380564,2023-02-11,Scotland,171582,Kyle Steyn,Back-three,False,False,False,80,True,1.0,2,2,2,0,0,0,0,50,3,4,0,10,3,3,0,3,0,0,0,34.0,75.0,0.0,True,official_workbook_name_identity,0.0,0.0,0.0,0.9468599033816418,0.9468599033816418,34.94685990338164
2023,1266,2,8380564,2023-02-11,Scotland,136776,Huw Jones,Centre,False,False,False,80,True,1.0,2,2,0,0,0,0,0,55,3,1,0,3,13,1,0,6,0,0,0,24.0,46.4,0.0,True,official_workbook_name_identity,0.0,0.0,0.0,1.4896551724137947,1.4896551724137947,25.489655172413794
2023,1266,2,8380564,2023-02-11,Scotland,139998,Sione Tuipulotu,Centre,False,False,False,71,True,0.8875,2,2,0,0,0,0,0,7,0,0,0,4,13,0,0,6,1,0,0,12.0,22.4,0.0,True,official_workbook_name_identity,0.0,0.0,0.0,1.4896551724137947,1.4896551724137947,13.489655172413794
2023,1266,2,8380564,2023-02-11,Scotland,131400,Duhan van der Merwe,Back-three,False,False,False,80,True,1.0,2,2,0,1,0,0,0,102,8,3,0,10,3,0,0,1,0,0,0,33.0,67.8,0.0,True,official_workbook_name_identity,0.0,0.0,0.0,0.9468599033816418,0.9468599033816418,33.94685990338164
2023,1266,2,8380564,2023-02-11,Scotland,117894,Finn Russell,Fly-half,False,False,False,80,True,1.0,2,2,0,3,2,2,0,28,1,0,2,8,9,1,0,25,1,0,0,38.0,90.6,1.0,True,official_workbook_name_identity,0.0,0.0,15.0,1.6627906976744176,16.662790697674417,54.66279069767442
2023,1266,2,8380564,2023-02-11,Scotland,142476,Ben White,Scrum-half,False,False,False,58,True,0.725,2,2,0,0,0,0,0,15,2,0,0,5,4,0,0,47,0,0,0,9.0,14.5,0.0,True,official_workbook_name_identity,0.0,0.0,0.0,1.376068376068376,1.376068376068376,10.376068376068377
2023,1266,2,8380564,2023-02-11,Scotland,130290,Pierre Schoeman,Prop,True,False,False,64,True,0.8,2,2,0,0,0,0,0,5,1,0,0,10,13,0,1,1,1,0,0,19.0,25.4,0.0,True,official_workbook_name_identity,1.4113075138286,0.0,0.0,0.49340065242919223,1.9047081662577923,20.90470816625779
2023,1266,2,8380564,2023-02-11,Scotland,117864,George Turner,Hooker,True,False,False,58,True,0.725,2,2,1,0,0,0,0,24,1,0,0,7,6,1,1,4,1,1,0,24.0,27.2,0.0,True,official_workbook_name_identity,1.2789974344071686,0.0,0.0,0.912244070268424,2.1912415046755926,26.19124150467559
2023,1266,2,8380564,2023-02-11,Scotland,130530,Zander Fagerson,Prop,True,False,False,64,True,0.8,2,2,0,0,0,0,0,6,0,0,0,4,17,0,0,1,2,0,0,15.0,38.2,0.0,True,official_workbook_name_identity,1.4113075138286,0.0,0.0,0.49340065242919223,1.9047081662577923,16.90470816625779
2023,1266,2,8380564,2023-02-11,Scotland,97512,Richie Gray,Second-row,True,True,False,80,True,1.0,2,2,0,0,0,0,0,5,0,0,0,2,14,0,0,6,0,0,0,14.0,34.8,0.0,True,official_workbook_name_identity,1.76413439228575,2.062196922977937,0.0,1.301319777877228,5.127651093140915,19.127651093140916
2023,1266,2,8380564,2023-02-11,Scotland,102762,Grant Gilchrist,Second-row,True,True,False,64,True,0.8,2,2,0,0,0,0,0,0,0,0,0,0,12,0,0,2,0,0,0,12.0,37.4,0.0,True,official_workbook_name_identity,1.4113075138286,1.6497575383823495,0.0,1.301319777877228,4.362384830088177,16.36238483008818
2023,1266,2,8380564,2023-02-11,Scotland,130536,Jamie Ritchie,Back-row,True,True,False,80,True,1.0,2,2,0,0,0,0,0,4,0,0,1,3,8,1,0,8,2,0,0,8.0,32.0,0.0,True,official_workbook_name_identity,1.76413439228575,2.062196922977937,0.0,1.4831920462553747,5.309523361519061,13.309523361519062
2023,1266,2,8380564,2023-02-11,Scotland,146766,Luke Crosbie,Back-row,True,True,False,36,True,0.45,2,2,0,0,0,0,0,0,0,0,0,3,12,0,0,1,0,0,0,12.0,23.9,0.0,True,official_workbook_name_identity,0.7938604765285875,0.9279886153400716,0.0,1.4831920462553747,3.2050411381240336,15.205041138124034
2023,1266,2,8380564,2023-02-11,Scotland,161856,Matt Fagerson,Back-row,True,True,False,80,True,1.0,2,2,1,0,0,0,0,26,3,1,0,12,20,1,2,2,1,0,0,52.0,69.8,0.0,True,official_workbook_name_identity,1.76413439228575,2.062196922977937,0.0,1.4831920462553747,5.309523361519061,57.30952336151906
2023,1266,2,8380564,2023-02-11,Scotland,60816,Fraser Brown,Hooker,True,False,False,6,False,0.075,2,2,0,0,0,0,0,7,0,0,0,4,4,0,0,4,0,0,0,4.0,15.5,0.0,True,official_workbook_name_identity,0.13231007942143125,0.0,0.0,0.912244070268424,1.0445541496898554,5.044554149689855
2023,1266,2,8380564,2023-02-11,Scotland,117870,Jamie Bhatti,Prop,True,False,False,16,False,0.2,2,2,0,0,0,0,0,0,0,0,0,0,3,0,0,2,0,0,0,3.0,4.6,0.0,True,official_workbook_name_identity,0.35282687845715,0.0,0.0,0.49340065242919223,0.8462275308863423,3.8462275308863423
2023,1266,2,8380564,2023-02-11,Scotland,61812,WP Nel,Prop,True,False,False,16,False,0.2,2,2,0,0,0,0,0,0,0,0,0,0,1,0,0,1,0,0,0,1.0,2.6,0.0,True,official_workbook_name_identity,0.35282687845715,0.0,0.0,0.49340065242919223,0.8462275308863423,1.8462275308863423
2023,1266,2,8380564,2023-02-11,Scotland,117852,Jonny Gray,Second-row,True,True,False,16,False,0.2,2,2,0,0,0,0,0,0,0,0,0,1,4,0,0,3,0,0,0,4.0,12.0,0.0,True,official_workbook_name_identity,0.35282687845715,0.4124393845955874,0.0,1.301319777877228,2.0665860409299652,6.066586040929965
2023,1266,2,8380564,2023-02-11,Scotland,124308,Jack Dempsey,Back-row,True,True,False,36,False,0.45,2,2,0,0,0,0,0,4,0,0,0,3,3,0,0,2,1,0,0,2.0,8.4,0.0,True,official_workbook_name_identity,0.7938604765285875,0.9279886153400716,0.0,1.4831920462553747,3.2050411381240336,5.205041138124034
2023,1266,2,8380564,2023-02-11,Scotland,129792,George Horne,Scrum-half,False,False,False,22,False,0.275,2,2,0,0,0,0,0,8,0,0,0,2,3,1,0,21,0,0,0,3.0,6.7,0.0,True,official_workbook_name_identity,0.0,0.0,0.0,1.376068376068376,1.376068376068376,4.3760683760683765
2023,1266,2,8380564,2023-02-11,Scotland,139902,Blair Kinghorn,Back-three,False,False,False,67,False,0.8375,2,2,1,0,0,0,0,70,3,1,1,8,5,0,0,7,0,0,0,30.0,62.7,0.0,True,official_workbook_name_identity,0.0,0.0,0.0,0.9468599033816418,0.9468599033816418,30.946859903381643
2023,1266,2,8380564,2023-02-11,Scotland,125406,Chris Harris,Centre,False,False,False,9,False,0.1125,2,2,0,0,0,0,0,12,0,0,0,2,3,0,0,0,1,0,0,3.0,6.2,0.0,True,official_workbook_name_identity,0.0,0.0,0.0,1.4896551724137947,1.4896551724137947,4.489655172413794
2023,1266,2,8380564,2023-02-11,Wales,111690,Liam Williams,Back-three,False,False,False,80,True,1.0,3,1,0,0,0,0,0,36,0,0,1,7,9,2,0,5,2,1,0,7.0,12.8,0.0,True,official_workbook_name_identity,0.0,0.0,0.0,0.9468599033816418,0.9468599033816418,7.946859903381641
2023,1266,2,8380564,2023-02-11,Wales,129096,Josh Adams,Back-three,False,False,False,58,True,0.725,3,1,0,0,0,0,0,19,0,0,0,2,7,1,1,2,0,0,0,13.0,23.2,0.0,True,official_workbook_name_identity,0.0,0.0,0.0,0.9468599033816418,0.9468599033816418,13.946859903381641
2023,1266,2,8380564,2023-02-11,Wales,109650,George North,Centre,False,False,False,33,True,0.4125,3,1,0,0,0,0,0,25,2,0,0,11,4,1,0,3,3,0,0,7.0,19.2,0.0,True,official_workbook_name_identity,0.0,0.0,0.0,1.4896551724137947,1.4896551724137947,8.489655172413794
2023,1266,2,8380564,2023-02-11,Wales,220962,Joe Hawkins,Centre,False,False,False,80,True,1.0,3,1,0,0,0,0,0,14,1,0,0,7,9,3,2,3,0,0,0,22.0,12.2,0.0,True,official_workbook_name_identity,0.0,0.0,0.0,1.4896551724137947,1.4896551724137947,23.489655172413794
2023,1266,2,8380564,2023-02-11,Wales,178890,Rio Dyer,Back-three,False,False,False,80,True,1.0,3,1,0,0,0,0,0,74,0,1,1,10,5,2,0,4,0,0,0,14.0,30.0,0.0,True,official_workbook_name_identity,0.0,0.0,0.0,0.9468599033816418,0.9468599033816418,14.946859903381641
2023,1266,2,8380564,2023-02-11,Wales,58554,Dan Biggar,Fly-half,False,False,False,56,True,0.7,3,1,0,0,1,0,0,2,0,0,1,3,6,1,0,22,0,0,0,10.0,18.2,0.0,True,official_workbook_name_identity,0.0,0.0,0.0,1.6627906976744176,1.6627906976744176,11.662790697674417
2023,1266,2,8380564,2023-02-11,Wales,128628,Tomos Williams,Scrum-half,False,False,False,56,True,0.7,3,1,0,0,0,0,0,12,1,0,1,6,5,2,0,68,2,0,0,8.0,13.6,0.0,True,official_workbook_name_identity,0.0,0.0,0.0,1.376068376068376,1.376068376068376,9.376068376068377
2023,1266,2,8380564,2023-02-11,Wales,128142,Wyn Jones,Prop,True,False,False,52,True,0.65,3,1,0,0,0,0,0,3,0,0,0,6,5,1,0,0,0,0,0,5.0,14.8,0.0,True,official_workbook_name_identity,1.7200310324786063,0.0,0.0,0.49340065242919223,2.2134316849077984,7.213431684907798
2023,1266,2,8380564,2023-02-11,Wales,50484,Ken Owens,Hooker,True,False,False,64,True,0.8,3,1,1,0,0,0,0,12,0,0,0,9,9,2,0,3,1,0,0,24.0,38.0,0.0,True,official_workbook_name_identity,2.1169612707429004,0.0,0.0,0.912244070268424,3.029205341011324,27.029205341011323
2023,1266,2,8380564,2023-02-11,Wales,135306,Dillon Lewis,Prop,True,False,False,64,True,0.8,3,1,0,0,0,0,0,0,0,0,0,5,11,2,0,2,0,0,0,11.0,12.4,0.0,True,official_workbook_name_identity,2.1169612707429004,0.0,0.0,0.49340065242919223,2.6103619231720927,13.610361923172093
2023,1266,2,8380564,2023-02-11,Wales,232104,Dafydd Jenkins,Second-row,True,True,False,65,True,0.8125,3,1,0,0,0,0,0,5,0,0,0,5,8,0,0,4,1,0,0,7.0,14.0,0.0,True,official_workbook_name_identity,2.150038790598258,0.8377674999597868,0.0,1.301319777877228,4.289126068435273,11.289126068435273
2023,1266,2,8380564,2023-02-11,Wales,129576,Adam Beard,Second-row,True,True,False,80,True,1.0,3,1,0,0,0,0,0,9,0,0,0,6,8,2,0,8,1,0,0,7.0,11.4,0.0,True,official_workbook_name_identity,2.646201588428625,1.0310984614889684,0.0,1.301319777877228,4.978619827794821,11.978619827794821
2023,1266,2,8380564,2023-02-11,Wales,232116,Christ Tshiunza,Back-row,True,True,False,80,True,1.0,3,1,0,0,0,0,0,18,1,0,0,8,8,2,0,0,0,0,0,11.0,24.0,0.0,True,official_workbook_name_identity,2.646201588428625,1.0310984614889684,0.0,1.4831920462553747,5.160492096172968,16.160492096172966
2023,1266,2,8380564,2023-02-11,Wales,155826,Tommy Reffell,Back-row,True,True,False,80,True,1.0,3,1,0,0,0,0,0,18,0,0,0,3,16,1,0,4,2,0,0,15.0,24.0,0.0,True,official_workbook_name_identity,2.646201588428625,1.0310984614889684,0.0,1.4831920462553747,5.160492096172968,20.160492096172966
2023,1266,2,8380564,2023-02-11,Wales,203070,Jac Morgan,Back-row,True,True,False,52,True,0.65,3,1,0,0,0,0,0,6,0,0,1,9,12,2,0,4,0,0,0,14.0,31.4,0.0,True,official_workbook_name_identity,1.7200310324786063,0.6702139999678295,0.0,1.4831920462553747,3.8734370787018104,17.873437078701812
2023,1266,2,8380564,2023-02-11,Wales,60708,Scott Baldwin,Hooker,True,False,False,16,False,0.2,3,1,0,0,0,0,0,1,0,0,0,2,4,1,0,3,0,0,0,4.0,5.6,0.0,True,official_workbook_name_identity,0.5292403176857251,0.0,0.0,0.912244070268424,1.4414843879541492,5.44148438795415
2023,1266,2,8380564,2023-02-11,Wales,162870,Rhys Carré,Prop,True,False,False,28,False,0.35,3,1,0,0,0,0,0,11,1,0,0,6,3,0,0,2,1,0,0,5.0,6.6,0.0,True,official_workbook_name_identity,0.9261705559500186,0.0,0.0,0.49340065242919223,1.419571208379211,6.419571208379211
2023,1266,2,8380564,2023-02-11,Wales,139644,Leon Brown,Prop,True,False,False,16,False,0.2,3,1,0,0,0,0,0,3,0,0,0,1,2,0,0,0,1,0,0,1.0,9.6,0.0,True,official_workbook_name_identity,0.5292403176857251,0.0,0.0,0.49340065242919223,1.0226409701149173,2.0226409701149173
2023,1266,2,8380564,2023-02-11,Wales,178878,Rhys Davies,Second-row,True,True,False,15,False,0.1875,3,1,0,0,0,0,0,0,0,0,0,1,3,0,0,1,0,0,0,3.0,1.2,0.0,True,official_workbook_name_identity,0.4961627978303672,0.19333096152918158,0.0,1.301319777877228,1.990813537236777,4.990813537236777
2023,1266,2,8380564,2023-02-11,Wales,66186,Taulupe Faletau,Back-row,True,True,False,28,False,0.35,3,1,0,0,0,0,0,15,0,0,2,8,7,0,0,3,0,0,0,12.0,13.0,0.0,True,official_workbook_name_identity,0.9261705559500186,0.36088446152113896,0.0,1.4831920462553747,2.770247063726532,14.770247063726533
2023,1266,2,8380564,2023-02-11,Wales,58584,Rhys Webb,Scrum-half,False,False,False,24,False,0.3,3,1,0,0,0,0,0,0,0,0,0,2,3,0,0,31,2,1,0,-4.0,-3.0,0.0,True,official_workbook_name_identity,0.0,0.0,0.0,1.376068376068376,1.376068376068376,-2.623931623931624
2023,1266,2,8380564,2023-02-11,Wales,116490,Rhys Patchell,Fly-half,False,False,False,24,False,0.3,3,1,0,0,0,0,0,4,1,0,1,3,1,1,0,7,0,0,0,5.0,4.6,0.0,True,official_workbook_name_identity,0.0,0.0,0.0,1.6627906976744176,1.6627906976744176,6.662790697674417
2023,1266,2,8380564,2023-02-11,Wales,116478,Alex Cuthbert,Back-three,False,False,False,7,False,0.0875,3,1,0,0,0,0,0,30,2,0,0,9,1,2,0,1,0,0,0,8.0,10.4,0.0,True,official_workbook_name_identity,0.0,0.0,0.0,0.9468599033816418,0.9468599033816418,8.946859903381641
2023,1266,2,8380573,2023-02-12,England,203496,Freddie Steward,Back-three,False,False,False,80,True,1.0,7,0,0,0,0,0,0,35,0,0,0,5,3,2,0,2,1,0,0,5.0,19.0,0.0,True,official_workbook_name_identity,0.0,0.0,0.0,0.9468599033816418,0.9468599033816418,5.946859903381641
2023,1266,2,8380573,2023-02-12,England,132510,Max Malins,Back-three,False,False,False,80,True,1.0,7,0,0,0,0,0,0,34,4,1,1,4,8,2,0,3,1,0,0,20.0,34.6,0.0,True,official_workbook_name_identity,0.0,0.0,0.0,0.9468599033816418,0.9468599033816418,20.946859903381643
2023,1266,2,8380573,2023-02-12,England,114534,Henry Slade,Centre,False,False,False,72,True,0.9,7,0,0,0,0,0,0,0,0,0,0,1,4,4,0,9,0,0,0,4.0,12.6,0.0,True,official_workbook_name_identity,0.0,0.0,0.0,1.4896551724137947,1.4896551724137947,5.489655172413794
2023,1266,2,8380573,2023-02-12,England,177378,Ollie Lawrence,Centre,False,False,False,80,True,1.0,7,0,0,0,0,0,0,58,7,1,0,11,9,1,0,2,1,0,0,27.0,61.6,1.0,True,official_workbook_name_identity,0.0,0.0,15.0,1.4896551724137947,16.489655172413794,43.48965517241379
2023,1266,2,8380573,2023-02-12,England,172362,Ollie Hassell-Collins,Back-three,False,False,False,54,True,0.675,7,0,0,0,0,0,0,8,0,0,0,2,4,1,0,1,0,0,0,4.0,12.8,0.0,True,official_workbook_name_identity,0.0,0.0,0.0,0.9468599033816418,0.9468599033816418,4.946859903381641
2023,1266,2,8380573,2023-02-12,England,59640,Owen Farrell,Centre,False,False,False,80,True,1.0,7,0,0,0,2,0,0,2,2,0,3,4,12,4,0,20,0,0,0,26.0,27.8,0.0,True,official_workbook_name_identity,0.0,0.0,0.0,1.4896551724137947,1.4896551724137947,27.489655172413794
2023,1266,2,8380573,2023-02-12,England,213786,Jack van Poortvliet,Scrum-half,False,False,False,59,True,0.7375,7,0,0,0,0,0,0,25,4,1,0,6,3,2,0,51,1,0,0,12.0,21.8,0.0,True,official_workbook_name_identity,0.0,0.0,0.0,1.376068376068376,1.376068376068376,13.376068376068377
2023,1266,2,8380573,2023-02-12,England,136680,Ellis Genge,Prop,True,False,False,54,True,0.675,7,0,0,1,0,0,0,9,0,0,0,6,6,2,0,5,0,0,0,10.0,21.6,0.0,True,official_workbook_name_identity,4.167767501775085,0.0,0.0,0.49340065242919223,4.661168154204277,14.661168154204276
2023,1266,2,8380573,2023-02-12,England,61134,Jamie George,Hooker,True,False,False,73,True,0.9125,7,0,1,0,0,0,0,6,0,0,0,3,9,4,0,0,0,0,0,24.0,37.5,0.0,True,official_workbook_name_identity,5.634204215362614,0.0,0.0,0.912244070268424,6.546448285631039,30.546448285631037
2023,1266,2,8380573,2023-02-12,England,116532,Kyle Sinckler,Prop,True,False,False,49,True,0.6125,7,0,0,0,0,0,0,4,0,0,0,3,12,1,0,1,0,0,0,12.0,25.3,0.0,True,official_workbook_name_identity,3.781863103462577,0.0,0.0,0.49340065242919223,4.275263755891769,16.27526375589177
2023,1266,2,8380573,2023-02-12,England,122652,Maro Itoje,Second-row,True,True,False,80,True,1.0,7,0,0,0,0,0,0,7,0,0,0,6,17,3,0,6,1,0,0,16.0,42.0,0.0,True,official_workbook_name_identity,6.1744703730001245,0.0,0.0,1.301319777877228,7.475790150877352,23.47579015087735
2023,1266,2,8380573,2023-02-12,England,218742,Ollie Chessum,Second-row,True,True,False,80,True,1.0,7,0,1,0,0,0,0,16,0,0,0,7,9,1,0,4,1,0,0,24.0,45.4,0.0,True,official_workbook_name_identity,6.1744703730001245,0.0,0.0,1.301319777877228,7.475790150877352,31.47579015087735
2023,1266,2,8380573,2023-02-12,England,132330,Lewis Ludlam,Back-row,True,True,False,80,True,1.0,7,0,0,0,0,0,0,11,0,0,0,4,22,3,0,6,0,0,0,23.0,60.0,0.0,True,official_workbook_name_identity,6.1744703730001245,0.0,0.0,1.4831920462553747,7.657662419255499,30.657662419255498
2023,1266,2,8380573,2023-02-12,England,147546,Jack Willis,Back-row,True,True,False,52,True,0.65,7,0,1,0,0,0,0,8,0,1,0,6,20,2,0,3,0,0,0,35.0,66.7,0.0,True,official_workbook_name_identity,4.013405742450081,0.0,0.0,1.4831920462553747,5.496597788705455,40.49659778870546
2023,1266,2,8380573,2023-02-12,England,164178,Alex Dombrandt,Back-row,True,True,False,65,True,0.8125,7,0,0,0,0,0,0,54,3,0,0,12,11,2,0,1,0,0,0,22.0,43.5,0.0,True,official_workbook_name_identity,5.016757178062601,0.0,0.0,1.4831920462553747,6.499949224317976,28.499949224317977
2023,1266,2,8380573,2023-02-12,England,129720,Jack Walker,Hooker,True,False,False,7,False,0.0875,7,0,0,0,0,0,0,9,1,0,0,1,3,0,0,1,0,0,0,5.0,5.5,0.0,True,official_workbook_name_identity,0.5402661576375108,0.0,0.0,0.912244070268424,1.4525102279059348,6.452510227905934
2023,1266,2,8380573,2023-02-12,England,102996,Mako Vunipola,Prop,True,False,False,26,False,0.325,7,0,0,0,0,0,0,0,0,0,0,0,3,0,0,1,0,0,0,3.0,5.6,0.0,True,official_workbook_name_identity,2.0067028712250403,0.0,0.0,0.49340065242919223,2.5001035236542326,5.500103523654232
2023,1266,2,8380573,2023-02-12,England,54336,Dan Cole,Prop,True,False,False,31,False,0.3875,7,0,0,0,0,0,0,3,0,0,0,2,2,2,0,0,0,0,0,2.0,6.7,0.0,True,official_workbook_name_identity,2.392607269537548,0.0,0.0,0.49340065242919223,2.8860079219667405,4.8860079219667405
2023,1266,2,8380573,2023-02-12,England,162726,Nick Isiekwe,Second-row,True,True,False,15,False,0.1875,7,0,0,0,0,0,0,0,0,0,0,0,3,0,0,1,0,0,0,3.0,4.5,0.0,True,official_workbook_name_identity,1.1577131949375234,0.0,0.0,1.301319777877228,2.4590329728147515,5.459032972814752
2023,1266,2,8380573,2023-02-12,England,142404,Ben Earl,Back-row,True,True,False,28,False,0.35,7,0,0,0,0,0,0,5,0,0,0,4,7,1,1,2,1,0,0,11.0,10.7,0.0,True,official_workbook_name_identity,2.1610646305500434,0.0,0.0,1.4831920462553747,3.6442566768054183,14.64425667680542
2023,1266,2,8380573,2023-02-12,England,142356,Alex Mitchell,Scrum-half,False,False,False,21,False,0.2625,7,0,0,1,0,0,0,1,0,0,1,2,5,1,0,7,0,0,0,11.0,14.2,0.0,True,official_workbook_name_identity,0.0,0.0,0.0,1.376068376068376,1.376068376068376,12.376068376068377
2023,1266,2,8380573,2023-02-12,England,156288,Marcus Smith,Fly-half,False,False,False,8,False,0.1,7,0,0,0,0,0,0,0,0,0,0,0,4,2,0,2,0,0,0,4.0,4.8,0.0,True,official_workbook_name_identity,0.0,0.0,0.0,1.6627906976744176,1.6627906976744176,5.662790697674417
2023,1266,2,8380573,2023-02-12,England,238830,Henry Arundell,Back-three,False,False,False,26,False,0.325,7,0,1,0,0,0,0,10,0,0,0,2,2,0,0,0,0,0,0,13.0,21.0,0.0,True,official_workbook_name_identity,0.0,0.0,0.0,0.9468599033816418,0.9468599033816418,13.946859903381641
2023,1266,2,8380573,2023-02-12,Italy,207774,Ange Capuozzo,Back-three,False,False,False,80,True,1.0,6,0,0,0,0,0,0,84,12,3,3,15,3,1,0,7,0,0,0,41.0,48.4,0.0,True,official_workbook_name_identity,0.0,0.0,0.0,0.9468599033816418,0.9468599033816418,41.94685990338164
2023,1266,2,8380573,2023-02-12,Italy,112584,Edoardo Padovani,Back-three,False,False,False,80,True,1.0,6,0,0,0,0,0,0,20,2,0,0,7,4,0,1,1,1,0,0,14.0,10.2,0.0,True,official_workbook_name_identity,0.0,0.0,0.0,0.9468599033816418,0.9468599033816418,14.946859903381641
2023,1266,2,8380573,2023-02-12,Italy,118614,Juan Ignacio Brex,Centre,False,False,False,80,True,1.0,6,0,0,0,0,0,0,26,3,0,1,11,4,2,0,12,0,0,0,14.0,22.4,0.0,True,official_workbook_name_identity,0.0,0.0,0.0,1.4896551724137947,1.4896551724137947,15.489655172413794
2023,1266,2,8380573,2023-02-12,Italy,112206,Luca Morisi,Centre,False,False,False,46,True,0.575,6,0,0,0,0,0,0,15,0,0,0,6,10,3,0,1,2,0,0,9.0,15.4,0.0,True,official_workbook_name_identity,0.0,0.0,0.0,1.4896551724137947,1.4896551724137947,10.489655172413794
2023,1266,2,8380573,2023-02-12,Italy,226818,Tommaso Menoncello,Centre,False,False,False,80,True,1.0,6,0,0,0,0,0,0,19,1,1,0,4,7,3,0,4,0,0,0,10.0,20.6,0.0,True,official_workbook_name_identity,0.0,0.0,0.0,1.4896551724137947,1.4896551724137947,11.489655172413794
2023,1266,2,8380573,2023-02-12,Italy,117834,Tommaso Allan,Back-three,False,False,False,80,True,1.0,6,0,0,0,2,0,0,13,1,0,2,9,13,1,0,36,0,0,0,24.0,27.2,0.0,True,official_workbook_name_identity,0.0,0.0,0.0,0.9468599033816418,0.9468599033816418,24.946859903381643
2023,1266,2,8380573,2023-02-12,Italy,213144,Stephen Varney,Scrum-half,False,False,False,61,True,0.7625,6,0,0,0,0,0,0,25,0,0,1,4,2,2,1,73,1,0,0,10.0,12.0,0.0,True,official_workbook_name_identity,0.0,0.0,0.0,1.376068376068376,1.376068376068376,11.376068376068377
2023,1266,2,8380573,2023-02-12,Italy,164232,Danilo Fischetti,Prop,True,False,False,54,True,0.675,6,0,0,0,0,0,0,3,0,0,0,5,10,2,0,1,2,0,0,8.0,29.4,0.0,True,official_workbook_name_identity,3.5723721443786443,0.0,0.0,0.49340065242919223,4.0657727968078365,12.065772796807837
2023,1266,2,8380573,2023-02-12,Italy,226836,Giacomo Nicotera,Hooker,True,False,False,60,True,0.75,6,0,0,0,0,0,0,4,0,0,0,7,13,0,0,5,0,0,0,13.0,21.6,0.0,True,official_workbook_name_identity,3.9693023826429377,0.0,0.0,0.912244070268424,4.881546452911362,17.881546452911362
2023,1266,2,8380573,2023-02-12,Italy,144684,Marco Riccioni,Prop,True,False,False,47,True,0.5875,6,0,1,0,0,0,0,9,1,0,0,3,8,2,0,1,2,0,0,23.0,25.0,0.0,True,official_workbook_name_identity,3.1092868664036346,0.0,0.0,0.49340065242919223,3.602687518832827,26.602687518832827
2023,1266,2,8380573,2023-02-12,Italy,167196,Niccolo Cannone,Second-row,True,True,False,74,True,0.925,6,0,0,0,0,0,0,0,0,0,0,4,3,0,0,4,2,0,0,1.0,10.2,0.0,True,official_workbook_name_identity,4.895472938592957,0.0,0.0,1.301319777877228,6.196792716470185,7.196792716470185
2023,1266,2,8380573,2023-02-12,Italy,129234,Federico Ruzza,Second-row,True,True,False,80,True,1.0,6,0,0,0,0,0,0,33,5,1,1,10,9,1,1,11,0,0,0,29.0,31.4,0.0,True,official_workbook_name_identity,5.29240317685725,0.0,0.0,1.301319777877228,6.593722954734478,35.593722954734474
2023,1266,2,8380573,2023-02-12,Italy,129216,Sebastian Negri,Back-row,True,True,False,54,True,0.675,6,0,0,0,0,0,0,41,4,1,0,14,8,0,0,5,0,0,0,20.0,36.6,0.0,True,official_workbook_name_identity,3.5723721443786443,0.0,0.0,1.4831920462553747,5.055564190634019,25.05556419063402
2023,1266,2,8380573,2023-02-12,Italy,164220,Michele Lamaro,Back-row,True,True,False,23,True,0.2875,6,0,0,0,0,0,0,2,0,0,0,4,0,0,0,4,0,0,0,0.0,1.0,0.0,True,official_workbook_name_identity,1.5215659133464592,0.0,0.0,1.4831920462553747,3.004757959601834,3.004757959601834
2023,1266,2,8380573,2023-02-12,Italy,220140,Lorenzo Cannone,Back-row,True,True,False,56,True,0.7,6,0,0,0,0,0,0,12,2,0,0,8,9,0,1,1,1,1,0,13.0,17.8,0.0,True,official_workbook_name_identity,3.7046822238000745,0.0,0.0,1.4831920462553747,5.187874270055449,18.18787427005545
2023,1266,2,8380573,2023-02-12,Italy,128046,Luca Bigi,Hooker,True,False,False,20,False,0.25,6,0,0,0,0,0,0,0,0,0,0,0,3,0,0,3,1,0,0,2.0,9.0,0.0,True,official_workbook_name_identity,1.3231007942143125,0.0,0.0,0.912244070268424,2.2353448644827365,4.2353448644827365
2023,1266,2,8380573,2023-02-12,Italy,140904,Federico Zani,Prop,True,False,False,26,False,0.325,6,0,0,0,0,0,0,0,0,0,0,3,1,0,0,0,0,0,0,1.0,3.4,0.0,True,official_workbook_name_identity,1.7200310324786063,0.0,0.0,0.49340065242919223,2.2134316849077984,3.2134316849077984
2023,1266,2,8380573,2023-02-12,Italy,123210,Simone Ferrari,Prop,True,False,False,33,False,0.4125,6,0,0,0,0,0,0,2,0,0,0,1,4,0,0,0,2,1,0,-3.0,-1.2,0.0,True,official_workbook_name_identity,2.1831163104536153,0.0,0.0,0.49340065242919223,2.6765169628828076,-0.3234830371171924
2023,1266,2,8380573,2023-02-12,Italy,164208,Edoardo Iachizzi,Second-row,True,True,False,6,False,0.075,6,0,0,0,0,0,0,16,0,0,0,6,0,0,0,0,0,0,0,1.0,5.2,0.0,True,official_workbook_name_identity,0.3969302382642937,0.0,0.0,1.301319777877228,1.6982500161415217,2.6982500161415217
2023,1266,2,8380573,2023-02-12,Italy,136740,Jake Polledri,Back-row,True,True,False,24,False,0.3,6,0,0,0,0,0,0,18,2,0,0,4,3,1,0,1,0,0,0,8.0,13.2,0.0,True,official_workbook_name_identity,1.5877209530571748,0.0,0.0,1.4831920462553747,3.0709129993125495,11.070912999312549
2023,1266,2,8380573,2023-02-12,Italy,204054,Manuel Zuliani,Back-row,True,True,False,55,False,0.6875,6,0,0,0,0,0,0,22,4,0,1,8,11,3,0,5,0,0,0,23.0,42.2,0.0,True,official_workbook_name_identity,3.638527184089359,0.0,0.0,1.4831920462553747,5.121719230344734,28.121719230344734
2023,1266,2,8380573,2023-02-12,Italy,180450,Alessandro Fusco,Scrum-half,False,False,False,19,False,0.2375,6,0,1,0,0,0,0,6,2,0,0,2,2,0,0,20,0,0,0,16.0,24.6,0.0,True,official_workbook_name_identity,0.0,0.0,0.0,1.376068376068376,1.376068376068376,17.376068376068375
2023,1266,2,8380573,2023-02-12,Italy,136626,Pierre Bruno,Back-three,False,False,False,34,False,0.425,6,0,0,0,0,0,0,24,1,0,1,4,0,0,0,4,0,0,0,6.0,5.4,0.0,True,official_workbook_name_identity,0.0,0.0,0.0,0.9468599033816418,0.9468599033816418,6.946859903381641
2023,1266,3,8380582,2023-02-25,Italy,207774,Ange Capuozzo,Back-three,False,False,False,80,True,1.0,7,1,0,0,0,0,0,31,3,1,0,7,5,2,1,6,1,0,0,18.0,36.0,0.0,True,official_workbook_name_identity,0.0,0.0,0.0,0.9468599033816418,0.9468599033816418,18.946859903381643
2023,1266,3,8380582,2023-02-25,Italy,112584,Edoardo Padovani,Back-three,False,False,False,80,True,1.0,7,1,0,0,0,0,0,50,1,0,0,9,0,1,0,3,0,0,0,7.0,10.2,0.0,True,official_workbook_name_identity,0.0,0.0,0.0,0.9468599033816418,0.9468599033816418,7.946859903381641
2023,1266,3,8380582,2023-02-25,Italy,118614,Juan Ignacio Brex,Centre,False,False,False,80,True,1.0,7,1,0,0,0,0,0,6,0,0,0,4,11,3,0,21,1,0,0,10.0,20.2,0.0,True,official_workbook_name_identity,0.0,0.0,0.0,1.4896551724137947,1.4896551724137947,11.489655172413794
2023,1266,3,8380582,2023-02-25,Italy,226818,Tommaso Menoncello,Centre,False,False,False,77,True,0.9625,7,1,0,0,0,0,0,57,2,1,1,7,12,0,0,11,0,0,0,23.0,33.4,0.0,True,official_workbook_name_identity,0.0,0.0,0.0,1.4896551724137947,1.4896551724137947,24.489655172413794
2023,1266,3,8380582,2023-02-25,Italy,136626,Pierre Bruno,Back-three,False,False,False,80,True,1.0,7,1,1,0,0,0,0,158,8,1,1,15,3,4,0,6,0,0,0,46.0,60.2,0.0,True,official_workbook_name_identity,0.0,0.0,0.0,0.9468599033816418,0.9468599033816418,46.94685990338164
2023,1266,3,8380582,2023-02-25,Italy,203034,Paolo Garbisi,Fly-half,False,False,False,72,True,0.9,7,1,0,0,2,2,0,24,0,0,0,6,5,2,0,34,0,0,0,17.0,27.4,0.0,True,official_workbook_name_identity,0.0,0.0,0.0,1.6627906976744176,1.6627906976744176,18.662790697674417
2023,1266,3,8380582,2023-02-25,Italy,213144,Stephen Varney,Scrum-half,False,False,False,67,True,0.8375,7,1,1,0,0,0,0,10,4,0,0,6,1,1,0,55,0,0,0,20.0,25.4,0.0,True,official_workbook_name_identity,0.0,0.0,0.0,1.376068376068376,1.376068376068376,21.376068376068375
2023,1266,3,8380582,2023-02-25,Italy,164232,Danilo Fischetti,Prop,True,False,False,60,True,0.75,7,1,0,0,0,0,0,10,0,0,0,6,12,0,0,4,2,0,0,11.0,36.6,0.0,True,official_workbook_name_identity,4.630852779750094,0.0,0.0,0.49340065242919223,5.124253432179286,16.124253432179287
2023,1266,3,8380582,2023-02-25,Italy,226836,Giacomo Nicotera,Hooker,True,False,False,30,True,0.375,7,1,0,0,0,0,0,9,0,0,0,4,8,1,0,3,0,0,0,8.0,18.4,0.0,True,official_workbook_name_identity,2.315426389875047,0.0,0.0,0.912244070268424,3.2276704601434707,11.227670460143472
2023,1266,3,8380582,2023-02-25,Italy,123210,Simone Ferrari,Prop,True,False,False,46,True,0.575,7,1,0,0,0,0,0,0,0,0,0,1,8,0,0,1,0,0,0,8.0,9.2,0.0,True,official_workbook_name_identity,3.5503204644750714,0.0,0.0,0.49340065242919223,4.043721116904264,12.043721116904264
2023,1266,3,8380582,2023-02-25,Italy,167196,Niccolo Cannone,Second-row,True,True,False,64,True,0.8,7,1,0,0,0,0,0,0,0,0,0,6,14,0,1,1,1,0,0,18.0,22.2,0.0,True,official_workbook_name_identity,4.939576298400101,0.8248787691911748,0.0,1.301319777877228,7.065774845468503,25.065774845468503
2023,1266,3,8380582,2023-02-25,Italy,129234,Federico Ruzza,Second-row,True,True,False,80,True,1.0,7,1,0,0,0,0,0,3,0,0,0,2,11,0,1,7,0,0,0,16.0,24.0,0.0,True,official_workbook_name_identity,6.1744703730001245,1.0310984614889684,0.0,1.301319777877228,8.506888612366321,24.50688861236632
2023,1266,3,8380582,2023-02-25,Italy,129216,Sebastian Negri,Back-row,True,True,False,80,True,1.0,7,1,0,0,0,0,0,9,1,0,0,12,12,1,0,3,0,0,0,14.0,28.8,0.0,True,official_workbook_name_identity,6.1744703730001245,1.0310984614889684,0.0,1.4831920462553747,8.688760880744468,22.688760880744468
2023,1266,3,8380582,2023-02-25,Italy,164220,Michele Lamaro,Back-row,True,True,False,80,True,1.0,7,1,0,0,0,0,0,9,0,0,0,5,16,1,0,9,1,0,0,15.0,29.8,0.0,True,official_workbook_name_identity,6.1744703730001245,1.0310984614889684,0.0,1.4831920462553747,8.688760880744468,23.688760880744468
2023,1266,3,8380582,2023-02-25,Italy,220140,Lorenzo Cannone,Back-row,True,True,False,64,True,0.8,7,1,0,0,0,0,0,63,7,2,1,8,15,0,0,4,1,0,0,36.0,61.4,0.0,True,official_workbook_name_identity,4.939576298400101,0.8248787691911748,0.0,1.4831920462553747,7.24764711384665,43.247647113846654
2023,1266,3,8380582,2023-02-25,Italy,128046,Luca Bigi,Hooker,True,False,False,10,False,0.125,7,1,0,0,0,0,0,0,0,0,0,1,11,1,0,3,0,0,0,11.0,19.2,0.0,True,official_workbook_name_identity,0.7718087966250156,0.0,0.0,0.912244070268424,1.6840528668934396,12.68405286689344
2023,1266,3,8380582,2023-02-25,Italy,140904,Federico Zani,Prop,True,False,False,20,False,0.25,7,1,0,0,0,0,0,0,0,0,0,1,6,0,0,0,1,0,0,5.0,12.2,0.0,True,official_workbook_name_identity,1.5436175932500311,0.0,0.0,0.49340065242919223,2.0370182456792234,7.037018245679223
2023,1266,3,8380582,2023-02-25,Italy,144684,Marco Riccioni,Prop,True,False,False,34,False,0.425,7,1,0,0,0,0,0,0,0,0,0,0,10,0,0,1,1,0,0,9.0,16.0,0.0,True,official_workbook_name_identity,2.624149908525053,0.0,0.0,0.49340065242919223,3.1175505609542453,12.117550560954246
2023,1266,3,8380582,2023-02-25,Italy,164208,Edoardo Iachizzi,Second-row,True,True,False,16,False,0.2,7,1,0,0,0,0,0,0,0,0,0,0,5,0,0,0,0,0,0,5.0,11.0,0.0,True,official_workbook_name_identity,1.2348940746000252,0.2062196922977937,0.0,1.301319777877228,2.742433544775047,7.7424335447750465
2023,1266,3,8380582,2023-02-25,Italy,147378,Giovanni Pettinelli,Back-row,True,True,False,16,False,0.2,7,1,0,0,0,0,0,30,1,1,0,2,6,0,0,0,0,0,0,11.0,17.6,0.0,True,official_workbook_name_identity,1.2348940746000252,0.2062196922977937,0.0,1.4831920462553747,2.9243058131531936,13.924305813153193
2023,1266,3,8380582,2023-02-25,Italy,180450,Alessandro Fusco,Scrum-half,False,False,False,13,False,0.1625,7,1,0,0,0,0,0,0,0,0,0,0,1,1,0,10,1,0,0,0.0,0.0,0.0,True,official_workbook_name_identity,0.0,0.0,0.0,1.376068376068376,1.376068376068376,1.376068376068376
2023,1266,3,8380582,2023-02-25,Italy,112206,Luca Morisi,Centre,False,False,False,3,False,0.0375,7,1,0,0,0,0,0,0,0,0,0,0,1,0,0,0,0,0,0,1.0,1.0,0.0,True,official_workbook_name_identity,0.0,0.0,0.0,1.4896551724137947,1.4896551724137947,2.4896551724137947
2023,1266,3,8380582,2023-02-25,Italy,117834,Tommaso Allan,Back-three,False,False,False,8,False,0.1,7,1,0,0,0,0,0,10,0,0,0,2,1,0,0,4,0,0,0,2.0,3.8,0.0,True,official_workbook_name_identity,0.0,0.0,0.0,0.9468599033816418,0.9468599033816418,2.946859903381642
2023,1266,3,8380582,2023-02-25,Ireland,143496,Hugo Keenan,Back-three,False,False,False,80,True,1.0,4,1,1,0,0,0,0,82,2,0,0,9,4,2,0,4,0,0,0,26.0,57.8,0.0,True,official_workbook_name_identity,0.0,0.0,0.0,0.9468599033816418,0.9468599033816418,26.946859903381643
2023,1266,3,8380582,2023-02-25,Ireland,166674,Mack Hansen,Back-three,False,False,False,80,True,1.0,4,1,2,0,0,0,0,58,1,2,0,12,3,1,0,5,1,0,0,29.0,98.0,1.0,True,official_workbook_name_identity,0.0,0.0,15.0,0.9468599033816418,15.946859903381641,44.94685990338164
2023,1266,3,8380582,2023-02-25,Ireland,114804,Bundee Aki,Centre,False,False,False,80,True,1.0,4,1,1,1,0,0,0,65,2,1,1,15,9,5,1,5,2,0,0,38.0,72.4,0.0,True,official_workbook_name_identity,0.0,0.0,0.0,1.4896551724137947,1.4896551724137947,39.4896551724138
2023,1266,3,8380582,2023-02-25,Ireland,129840,Stuart McCloskey,Centre,False,False,False,72,True,0.9,4,1,0,1,0,0,0,38,2,0,0,14,14,1,0,2,1,0,0,24.0,42.0,0.0,True,official_workbook_name_identity,0.0,0.0,0.0,1.4896551724137947,1.4896551724137947,25.489655172413794
2023,1266,3,8380582,2023-02-25,Ireland,120468,James Lowe,Back-three,False,False,False,80,True,1.0,4,1,0,2,0,0,0,118,2,4,1,8,3,3,0,12,0,0,0,28.0,91.2,0.0,True,official_workbook_name_identity,0.0,0.0,0.0,0.9468599033816418,0.9468599033816418,28.946859903381643
2023,1266,3,8380582,2023-02-25,Ireland,129288,Ross Byrne,Fly-half,False,False,False,77,True,0.9625,4,1,0,0,3,1,0,4,0,0,0,3,6,2,0,25,0,0,0,15.0,25.2,0.0,True,official_workbook_name_identity,0.0,0.0,0.0,1.6627906976744176,1.6627906976744176,16.662790697674417
2023,1266,3,8380582,2023-02-25,Ireland,203124,Craig Casey,Scrum-half,False,False,False,64,True,0.8,4,1,0,0,0,0,0,2,0,0,1,4,2,3,0,61,0,0,0,4.0,9.3,0.0,True,official_workbook_name_identity,0.0,0.0,0.0,1.376068376068376,1.376068376068376,5.3760683760683765
2023,1266,3,8380582,2023-02-25,Ireland,139806,Andrew Porter,Prop,True,False,False,64,True,0.8,4,1,0,0,0,0,0,1,1,0,0,4,5,1,0,4,1,0,0,6.0,18.5,0.0,True,official_workbook_name_identity,2.8226150276572,0.0,0.0,0.49340065242919223,3.3160156800863922,9.316015680086393
2023,1266,3,8380582,2023-02-25,Ireland,148644,Ronan Kelleher,Hooker,True,False,False,56,True,0.7,4,1,0,0,0,0,0,8,0,0,1,7,11,0,0,3,1,0,0,12.0,26.2,0.0,True,official_workbook_name_identity,2.46978814920005,0.0,0.0,0.912244070268424,3.382032219468474,15.382032219468474
2023,1266,3,8380582,2023-02-25,Ireland,112068,Finlay Bealham,Prop,True,False,False,36,True,0.45,4,1,0,0,0,0,0,1,0,0,0,1,3,0,0,2,1,0,0,2.0,12.9,0.0,True,official_workbook_name_identity,1.587720953057175,0.0,0.0,0.49340065242919223,2.0811216054863673,4.081121605486367
2023,1266,3,8380582,2023-02-25,Ireland,112074,Iain Henderson,Second-row,True,True,False,52,True,0.65,4,1,0,0,0,0,0,2,1,0,0,4,8,0,0,5,0,0,0,10.0,14.8,0.0,True,official_workbook_name_identity,2.293374709971475,0.6702139999678295,0.0,1.301319777877228,4.264908487816532,14.264908487816532
2023,1266,3,8380582,2023-02-25,Ireland,143604,James Ryan,Second-row,True,True,False,80,True,1.0,4,1,1,0,0,0,0,27,1,0,0,10,10,1,0,6,0,0,0,29.0,49.6,0.0,True,official_workbook_name_identity,3.5282687845715,1.0310984614889684,0.0,1.301319777877228,5.860687023937696,34.86068702393769
2023,1266,3,8380582,2023-02-25,Ireland,148680,Caelan Doris,Back-row,True,True,False,80,True,1.0,4,1,0,0,0,0,0,25,1,0,0,12,13,3,0,2,1,0,0,16.0,40.6,0.0,True,official_workbook_name_identity,3.5282687845715,1.0310984614889684,0.0,1.4831920462553747,6.042559292315842,22.042559292315843
2023,1266,3,8380582,2023-02-25,Ireland,118518,Josh van der Flier,Back-row,True,True,False,80,True,1.0,4,1,0,0,0,0,0,40,3,1,2,9,14,3,0,10,2,0,0,26.0,37.4,0.0,True,official_workbook_name_identity,3.5282687845715,1.0310984614889684,0.0,1.4831920462553747,6.042559292315842,32.04255929231584
2023,1266,3,8380582,2023-02-25,Ireland,117936,Jack Conan,Back-row,True,True,False,56,True,0.7,4,1,0,0,0,0,0,21,0,0,0,9,5,1,0,3,0,0,0,7.0,18.0,0.0,True,official_workbook_name_identity,2.46978814920005,0.7217689230422779,0.0,1.4831920462553747,4.674749118497703,11.674749118497703
2023,1266,3,8380582,2023-02-25,Ireland,186096,Dan Sheehan,Hooker,True,False,False,24,False,0.3,4,1,0,0,0,0,0,0,0,0,0,1,5,0,0,1,0,0,0,5.0,19.4,0.0,True,official_workbook_name_identity,1.05848063537145,0.0,0.0,0.912244070268424,1.970724705639874,6.970724705639874
2023,1266,3,8380582,2023-02-25,Ireland,66174,Dave Kilcoyne,Prop,True,False,False,16,False,0.2,4,1,0,0,0,0,0,1,0,0,0,2,1,0,0,0,0,0,0,1.0,9.9,0.0,True,official_workbook_name_identity,0.7056537569143,0.0,0.0,0.49340065242919223,1.1990544093434923,2.1990544093434923
2023,1266,3,8380582,2023-02-25,Ireland,148650,Tom O'Toole,Prop,True,False,False,44,False,0.55,4,1,0,0,0,0,0,7,1,0,0,6,5,0,0,0,0,0,0,7.0,22.1,0.0,True,official_workbook_name_identity,1.9405478315143252,0.0,0.0,0.49340065242919223,2.4339484839435173,9.433948483943517
2023,1266,3,8380582,2023-02-25,Ireland,203190,Ryan Baird,Back-row,True,True,False,28,False,0.35,4,1,0,0,0,0,0,5,0,0,0,2,2,1,0,3,0,0,0,2.0,26.4,0.0,True,official_workbook_name_identity,1.234894074600025,0.36088446152113896,0.0,1.4831920462553747,3.078970582376539,5.078970582376539
2023,1266,3,8380582,2023-02-25,Ireland,61620,Peter O'Mahony,Back-row,True,True,False,24,False,0.3,4,1,0,0,0,0,0,1,1,0,0,1,6,0,0,0,0,0,0,8.0,14.2,0.0,True,official_workbook_name_identity,1.05848063537145,0.30932953844669053,0.0,1.4831920462553747,2.8510022200735152,10.851002220073514
2023,1266,3,8380582,2023-02-25,Ireland,61860,Conor Murray,Scrum-half,False,False,False,16,False,0.2,4,1,0,1,0,0,0,6,0,0,1,2,1,0,0,26,0,0,0,7.0,10.7,0.0,True,official_workbook_name_identity,0.0,0.0,0.0,1.376068376068376,1.376068376068376,8.376068376068377
2023,1266,3,8380582,2023-02-25,Ireland,201696,Jack Crowley,Fly-half,False,False,False,3,False,0.0375,4,1,0,0,0,0,0,0,0,0,0,0,2,0,0,5,0,0,0,2.0,2.2,0.0,True,official_workbook_name_identity,0.0,0.0,0.0,1.6627906976744176,1.6627906976744176,3.6627906976744176
2023,1266,3,8380582,2023-02-25,Ireland,143514,Jimmy O'Brien,Back-three,False,False,False,8,False,0.1,4,1,0,0,0,0,0,0,0,0,0,0,1,0,0,1,0,0,0,1.0,0.8,0.0,True,official_workbook_name_identity,0.0,0.0,0.0,0.9468599033816418,0.9468599033816418,1.9468599033816418
2023,1266,3,8380591,2023-02-25,Wales,97650,Leigh Halfpenny,Back-three,False,False,False,80,True,1.0,6,1,0,0,1,1,0,43,2,0,0,14,2,1,0,5,0,0,0,15.0,22.0,0.0,True,official_workbook_name_identity,0.0,0.0,0.0,0.9468599033816418,0.9468599033816418,15.946859903381641
2023,1266,3,8380591,2023-02-25,Wales,129096,Josh Adams,Back-three,False,False,False,54,True,0.675,6,1,0,0,0,0,0,1,0,0,0,3,5,3,0,2,0,0,0,5.0,9.4,0.0,True,official_workbook_name_identity,0.0,0.0,0.0,0.9468599033816418,0.9468599033816418,5.946859903381641
2023,1266,3,8380591,2023-02-25,Wales,220956,Mason Grady,Centre,False,False,False,80,True,1.0,6,1,0,0,0,0,0,16,1,0,0,8,8,0,1,1,0,0,0,16.0,17.6,0.0,True,official_workbook_name_identity,0.0,0.0,0.0,1.4896551724137947,1.4896551724137947,17.489655172413794
2023,1266,3,8380591,2023-02-25,Wales,220962,Joe Hawkins,Centre,False,False,False,80,True,1.0,6,1,0,0,0,0,0,42,1,0,1,12,6,1,0,11,0,0,0,14.0,21.8,0.0,True,official_workbook_name_identity,0.0,0.0,0.0,1.4896551724137947,1.4896551724137947,15.489655172413794
2023,1266,3,8380591,2023-02-25,Wales,187290,Louis Rees-Zammit,Back-three,False,False,False,80,True,1.0,6,1,1,0,0,0,0,110,3,2,0,8,4,3,1,0,0,0,0,36.0,77.0,0.0,True,official_workbook_name_identity,0.0,0.0,0.0,0.9468599033816418,0.9468599033816418,36.94685990338164
2023,1266,3,8380591,2023-02-25,Wales,111624,Owen Williams,Fly-half,False,False,False,54,True,0.675,6,1,0,0,0,0,0,6,1,0,1,5,6,0,0,16,1,0,0,9.0,10.8,0.0,True,official_workbook_name_identity,0.0,0.0,0.0,1.6627906976744176,1.6627906976744176,10.662790697674417
2023,1266,3,8380591,2023-02-25,Wales,128628,Tomos Williams,Scrum-half,False,False,False,68,True,0.85,6,1,0,0,0,0,0,26,2,0,1,6,3,0,0,74,1,0,0,10.0,7.2,0.0,True,official_workbook_name_identity,0.0,0.0,0.0,1.376068376068376,1.376068376068376,11.376068376068377
2023,1266,3,8380591,2023-02-25,Wales,119118,Gareth Thomas,Prop,True,False,False,55,True,0.6875,6,1,0,0,0,0,0,17,1,1,0,3,10,1,0,1,2,0,0,11.0,23.8,0.0,True,official_workbook_name_identity,3.638527184089359,0.0,0.0,0.49340065242919223,4.1319278365185514,15.131927836518551
2023,1266,3,8380591,2023-02-25,Wales,50484,Ken Owens,Hooker,True,False,False,68,True,0.85,6,1,0,0,0,0,0,4,0,0,0,6,9,0,0,2,1,0,0,8.0,20.8,0.0,True,official_workbook_name_identity,4.498542700328662,0.0,0.0,0.912244070268424,5.4107867705970865,13.410786770597086
2023,1266,3,8380591,2023-02-25,Wales,131898,Tomas Francis,Prop,True,False,False,55,True,0.6875,6,1,0,0,0,0,0,0,0,0,0,3,12,0,0,2,0,0,0,12.0,12.4,0.0,True,official_workbook_name_identity,3.638527184089359,0.0,0.0,0.49340065242919223,4.1319278365185514,16.13192783651855
2023,1266,3,8380591,2023-02-25,Wales,129576,Adam Beard,Second-row,True,True,False,80,True,1.0,6,1,0,0,0,0,0,7,0,0,0,6,15,2,0,3,1,0,0,14.0,31.8,0.0,True,official_workbook_name_identity,5.29240317685725,1.0310984614889684,0.0,1.301319777877228,7.624821416223447,21.624821416223448
2023,1266,3,8380591,2023-02-25,Wales,46092,Alun Wyn Jones,Second-row,True,True,False,63,True,0.7875,6,1,0,0,0,0,0,2,0,0,0,5,10,0,0,6,0,0,0,10.0,,,False,missing,4.167767501775084,0.8119900384225627,0.24324324324324326,1.301319777877228,6.524320561318118,16.524320561318117
2023,1266,3,8380591,2023-02-25,Wales,232116,Christ Tshiunza,Back-row,True,True,False,63,True,0.7875,6,1,0,0,0,0,0,11,1,0,0,5,15,0,0,1,0,0,0,18.0,25.6,0.0,True,official_workbook_name_identity,4.167767501775084,0.8119900384225627,0.0,1.4831920462553747,6.462949586453021,24.46294958645302
2023,1266,3,8380591,2023-02-25,Wales,78726,Justin Tipuric,Back-row,True,True,False,80,True,1.0,6,1,0,0,0,0,0,11,1,0,0,7,17,0,0,3,0,0,0,20.0,42.2,0.0,True,official_workbook_name_identity,5.29240317685725,1.0310984614889684,0.0,1.4831920462553747,7.806693684601593,27.806693684601594
2023,1266,3,8380591,2023-02-25,Wales,66186,Taulupe Faletau,Back-row,True,True,False,80,True,1.0,6,1,0,0,0,0,0,24,0,0,1,12,10,2,0,10,2,0,0,12.0,36.0,0.0,True,official_workbook_name_identity,5.29240317685725,1.0310984614889684,0.0,1.4831920462553747,7.806693684601593,19.806693684601594
2023,1266,3,8380591,2023-02-25,Wales,226830,Bradley Roberts,Hooker,True,False,False,12,False,0.15,6,1,0,0,0,0,0,0,0,0,0,1,3,0,0,1,0,0,0,3.0,4.0,0.0,True,official_workbook_name_identity,0.7938604765285874,0.0,0.0,0.912244070268424,1.7061045467970115,4.706104546797011
2023,1266,3,8380591,2023-02-25,Wales,162870,Rhys Carré,Prop,True,False,False,25,False,0.3125,6,1,0,0,0,0,0,14,0,0,0,3,6,1,0,0,0,0,0,7.0,7.8,0.0,True,official_workbook_name_identity,1.6538759927678905,0.0,0.0,0.49340065242919223,2.1472766451970826,9.147276645197083
2023,1266,3,8380591,2023-02-25,Wales,135306,Dillon Lewis,Prop,True,False,False,25,False,0.3125,6,1,0,0,0,0,0,0,0,0,0,1,2,1,0,0,1,0,0,1.0,2.6,0.0,True,official_workbook_name_identity,1.6538759927678905,0.0,0.0,0.49340065242919223,2.1472766451970826,3.1472766451970826
2023,1266,3,8380591,2023-02-25,Wales,232104,Dafydd Jenkins,Second-row,True,True,False,17,False,0.2125,6,1,0,0,0,0,0,0,0,0,0,2,4,0,0,2,0,0,0,4.0,5.6,0.0,True,official_workbook_name_identity,1.1246356750821656,0.2191084230664058,0.0,1.301319777877228,2.6450638760257994,6.6450638760258
2023,1266,3,8380591,2023-02-25,Wales,155826,Tommy Reffell,Back-row,True,True,False,17,False,0.2125,6,1,0,0,0,0,0,3,0,0,0,5,3,0,0,3,0,0,0,3.0,8.0,0.0,True,official_workbook_name_identity,1.1246356750821656,0.2191084230664058,0.0,1.4831920462553747,2.826936144403946,5.8269361444039465
2023,1266,3,8380591,2023-02-25,Wales,135900,Kieran Hardy,Scrum-half,False,False,False,12,False,0.15,6,1,0,0,0,0,0,0,0,0,0,0,5,0,0,15,0,0,0,5.0,4.0,0.0,True,official_workbook_name_identity,0.0,0.0,0.0,1.376068376068376,1.376068376068376,6.3760683760683765
2023,1266,3,8380591,2023-02-25,Wales,58554,Dan Biggar,Fly-half,False,False,False,26,False,0.325,6,1,0,0,0,0,0,0,0,0,0,1,6,0,0,8,0,0,0,6.0,4.0,0.0,True,official_workbook_name_identity,0.0,0.0,0.0,1.6627906976744176,1.6627906976744176,7.662790697674417
2023,1266,3,8380591,2023-02-25,Wales,120162,Nick Tompkins,Centre,False,False,False,26,False,0.325,6,1,0,0,0,0,0,20,2,0,3,6,6,0,1,4,0,0,0,23.0,10.8,0.0,True,official_workbook_name_identity,0.0,0.0,0.0,1.4896551724137947,1.4896551724137947,24.489655172413794
2023,1266,3,8380591,2023-02-25,England,203496,Freddie Steward,Back-three,False,False,False,80,True,1.0,6,0,0,1,0,0,0,72,2,0,0,16,4,0,0,4,0,0,0,19.0,58.8,1.0,True,official_workbook_name_identity,0.0,0.0,15.0,0.9468599033816418,15.946859903381641,34.94685990338164
2023,1266,3,8380591,2023-02-25,England,132510,Max Malins,Back-three,False,False,False,79,True,0.9875,6,0,0,0,0,0,0,69,2,1,0,8,12,1,1,4,0,0,0,27.0,46.2,0.0,True,official_workbook_name_identity,0.0,0.0,0.0,0.9468599033816418,0.9468599033816418,27.946859903381643
2023,1266,3,8380591,2023-02-25,England,114534,Henry Slade,Centre,False,False,False,80,True,1.0,6,0,0,0,0,0,0,22,1,2,0,6,4,3,0,7,0,0,0,8.0,42.2,0.0,True,official_workbook_name_identity,0.0,0.0,0.0,1.4896551724137947,1.4896551724137947,9.489655172413794
2023,1266,3,8380591,2023-02-25,England,177378,Ollie Lawrence,Centre,False,False,False,80,True,1.0,6,0,1,0,0,0,0,42,1,0,0,12,9,1,0,4,0,0,0,25.0,75.2,0.0,True,official_workbook_name_identity,0.0,0.0,0.0,1.4896551724137947,1.4896551724137947,26.489655172413794
2023,1266,3,8380591,2023-02-25,England,114510,Anthony Watson,Back-three,False,False,False,80,True,1.0,6,0,1,0,0,0,0,38,2,2,0,7,4,0,0,4,0,0,0,21.0,58.6,0.0,True,official_workbook_name_identity,0.0,0.0,0.0,0.9468599033816418,0.9468599033816418,21.946859903381643
2023,1266,3,8380591,2023-02-25,England,59640,Owen Farrell,Centre,False,False,False,79,True,0.9875,6,0,0,0,1,1,0,5,0,0,0,3,18,1,0,20,0,0,0,23.0,50.6,0.0,True,official_workbook_name_identity,0.0,0.0,0.0,1.4896551724137947,1.4896551724137947,24.489655172413794
2023,1266,3,8380591,2023-02-25,England,213786,Jack van Poortvliet,Scrum-half,False,False,False,72,True,0.9,6,0,0,0,0,0,0,2,0,0,1,4,7,0,0,62,0,0,0,9.0,15.4,0.0,True,official_workbook_name_identity,0.0,0.0,0.0,1.376068376068376,1.376068376068376,10.376068376068377
2023,1266,3,8380591,2023-02-25,England,136680,Ellis Genge,Prop,True,False,False,54,True,0.675,6,0,0,0,0,0,0,27,2,0,0,12,10,3,0,3,1,0,0,15.0,33.6,0.0,True,official_workbook_name_identity,3.5723721443786443,0.0,0.0,0.49340065242919223,4.0657727968078365,19.065772796807835
2023,1266,3,8380591,2023-02-25,England,61134,Jamie George,Hooker,True,False,False,79,True,0.9875,6,0,0,0,0,0,0,2,0,0,0,6,15,1,0,5,1,0,0,14.0,33.6,0.0,True,official_workbook_name_identity,5.226248137146535,0.0,0.0,0.912244070268424,6.138492207414959,20.13849220741496
2023,1266,3,8380591,2023-02-25,England,116532,Kyle Sinckler,Prop,True,False,False,64,True,0.8,6,0,1,0,0,0,0,7,0,0,0,7,12,0,0,2,1,0,0,26.0,44.2,0.0,True,official_workbook_name_identity,4.233922541485801,0.0,0.0,0.49340065242919223,4.727323193914993,30.72732319391499
2023,1266,3,8380591,2023-02-25,England,122652,Maro Itoje,Second-row,True,True,False,80,True,1.0,6,0,0,1,0,0,0,7,1,0,0,5,20,3,0,4,0,0,0,26.0,48.2,0.0,True,official_workbook_name_identity,5.29240317685725,0.0,0.0,1.301319777877228,6.593722954734478,32.593722954734474
2023,1266,3,8380591,2023-02-25,England,218742,Ollie Chessum,Second-row,True,True,False,80,True,1.0,6,0,0,0,0,0,0,2,2,0,0,2,13,0,0,0,0,0,0,17.0,39.0,0.0,True,official_workbook_name_identity,5.29240317685725,0.0,0.0,1.301319777877228,6.593722954734478,23.593722954734478
2023,1266,3,8380591,2023-02-25,England,132330,Lewis Ludlam,Back-row,True,True,False,80,True,1.0,6,0,0,0,0,0,0,15,1,0,0,5,16,0,0,0,2,0,0,17.0,47.0,0.0,True,official_workbook_name_identity,5.29240317685725,0.0,0.0,1.4831920462553747,6.775595223112624,23.775595223112624
2023,1266,3,8380591,2023-02-25,England,147546,Jack Willis,Back-row,True,True,False,59,True,0.7375,6,0,0,0,0,0,0,3,0,0,0,4,9,0,0,1,0,0,0,9.0,36.1,0.0,True,official_workbook_name_identity,3.9031473429322223,0.0,0.0,1.4831920462553747,5.386339389187597,14.386339389187597
2023,1266,3,8380591,2023-02-25,England,164178,Alex Dombrandt,Back-row,True,True,False,68,True,0.85,6,0,0,1,0,0,0,46,1,1,1,11,7,1,0,9,0,0,0,19.0,38.1,0.0,True,official_workbook_name_identity,4.498542700328662,0.0,0.0,1.4831920462553747,5.981734746584037,24.98173474658404
2023,1266,3,8380591,2023-02-25,England,129720,Jack Walker,Hooker,True,False,False,1,False,0.0125,6,0,0,0,0,0,0,0,0,0,0,0,0,0,0,0,0,0,0,0.0,0.1,0.0,True,official_workbook_name_identity,0.06615503971071564,0.0,0.0,0.912244070268424,0.9783991099791397,0.9783991099791397
2023,1266,3,8380591,2023-02-25,England,102996,Mako Vunipola,Prop,True,False,False,26,False,0.325,6,0,0,0,0,0,0,0,0,0,0,4,6,0,0,1,1,0,0,5.0,11.2,0.0,True,official_workbook_name_identity,1.7200310324786063,0.0,0.0,0.49340065242919223,2.2134316849077984,7.213431684907798
2023,1266,3,8380591,2023-02-25,England,54336,Dan Cole,Prop,True,False,False,16,False,0.2,6,0,0,0,0,0,0,0,0,0,0,1,4,0,0,0,0,0,0,4.0,5.8,0.0,True,official_workbook_name_identity,1.0584806353714502,0.0,0.0,0.49340065242919223,1.5518812878006425,5.551881287800643
2023,1266,3,8380591,2023-02-25,England,58824,Courtney Lawes,Back-row,True,True,False,12,False,0.15,6,0,0,0,0,0,0,2,0,0,0,2,1,0,0,2,0,0,0,1.0,3.3,0.0,True,official_workbook_name_identity,0.7938604765285874,0.0,0.0,1.4831920462553747,2.277052522783962,3.277052522783962
2023,1266,3,8380591,2023-02-25,England,155898,Ben Curry,Back-row,True,True,False,21,False,0.2625,6,0,0,0,0,0,0,8,0,0,0,3,5,1,0,2,0,0,0,5.0,23.3,0.0,True,official_workbook_name_identity,1.3892558339250283,0.0,0.0,1.4831920462553747,2.872447880180403,7.8724478801804025
2023,1266,3,8380591,2023-02-25,England,142356,Alex Mitchell,Scrum-half,False,False,False,8,False,0.1,6,0,0,0,0,0,0,0,0,0,0,1,1,0,0,12,0,0,0,1.0,1.8,0.0,True,official_workbook_name_identity,0.0,0.0,0.0,1.376068376068376,1.376068376068376,2.376068376068376
2023,1266,3,8380591,2023-02-25,England,156288,Marcus Smith,Fly-half,False,False,False,1,False,0.0125,6,0,0,0,0,0,0,3,0,0,0,1,0,0,0,0,0,0,0,0.0,1.5,0.0,True,official_workbook_name_identity,0.0,0.0,0.0,1.6627906976744176,1.6627906976744176,1.6627906976744176
2023,1266,3,8380591,2023-02-25,England,238830,Henry Arundell,Back-three,False,False,False,1,False,0.0125,6,0,0,0,0,0,0,9,0,0,0,1,0,0,0,0,0,0,0,0.0,2.5,0.0,True,official_workbook_name_identity,0.0,0.0,0.0,0.9468599033816418,0.9468599033816418,0.9468599033816418
2023,1266,3,8380600,2023-02-26,France,129822,Thomas Ramos,Back-three,False,False,False,80,True,1.0,6,1,1,0,3,2,0,143,0,2,0,10,0,1,0,8,1,0,0,35.0,87.6,0.0,True,official_workbook_name_identity,0.0,0.0,0.0,0.9468599033816418,0.9468599033816418,35.94685990338164
2023,1266,3,8380600,2023-02-26,France,139668,Damian Penaud,Back-three,False,False,False,80,True,1.0,6,1,0,0,0,0,0,12,4,0,0,3,6,2,1,3,0,0,0,20.0,15.8,0.0,True,official_workbook_name_identity,0.0,0.0,0.0,0.9468599033816418,0.9468599033816418,20.946859903381643
2023,1266,3,8380600,2023-02-26,France,119154,Gael Fickou,Centre,False,False,False,80,True,1.0,6,1,1,0,0,0,0,29,3,1,1,8,15,0,0,11,0,0,0,35.0,71.0,1.0,True,official_workbook_name_identity,0.0,0.0,15.0,1.4896551724137947,16.489655172413794,51.48965517241379
2023,1266,3,8380600,2023-02-26,France,196152,Yoram Moefana,Centre,False,False,False,80,True,1.0,6,1,0,0,0,0,0,29,2,1,0,4,11,3,0,2,0,0,0,17.0,32.8,0.0,True,official_workbook_name_identity,0.0,0.0,0.0,1.4896551724137947,1.4896551724137947,18.489655172413794
2023,1266,3,8380600,2023-02-26,France,202800,Ethan Dumortier,Back-three,False,False,False,80,True,1.0,6,1,1,0,0,0,0,36,4,2,0,6,2,0,0,3,0,0,0,23.0,49.2,0.0,True,official_workbook_name_identity,0.0,0.0,0.0,0.9468599033816418,0.9468599033816418,23.946859903381643
2023,1266,3,8380600,2023-02-26,France,165180,Romain Ntamack,Fly-half,False,False,False,68,True,0.85,6,1,1,1,0,0,0,15,1,1,0,3,12,2,0,7,0,0,0,29.0,51.9,0.0,True,official_workbook_name_identity,0.0,0.0,0.0,1.6627906976744176,1.6627906976744176,30.662790697674417
2023,1266,3,8380600,2023-02-26,France,135318,Antoine Dupont,Scrum-half,False,False,False,80,True,1.0,6,1,0,2,0,0,0,12,1,0,0,4,12,1,0,49,2,0,0,21.0,44.8,0.0,True,official_workbook_name_identity,0.0,0.0,0.0,1.376068376068376,1.376068376068376,22.376068376068375
2023,1266,3,8380600,2023-02-26,France,121938,Cyril Baille,Prop,True,False,False,62,True,0.775,6,1,0,0,0,0,0,16,3,0,0,7,6,0,0,1,0,0,0,13.0,24.5,0.0,True,official_workbook_name_identity,4.101612462064369,0.0,0.0,0.49340065242919223,4.595013114493561,17.59501311449356
2023,1266,3,8380600,2023-02-26,France,135138,Julien Marchand,Hooker,True,False,False,68,True,0.85,6,1,0,0,0,0,0,6,0,0,1,5,15,1,0,2,0,0,0,17.0,26.3,0.0,True,official_workbook_name_identity,4.498542700328662,0.0,0.0,0.912244070268424,5.4107867705970865,22.410786770597085
2023,1266,3,8380600,2023-02-26,France,143010,Mohamed Haouas,Prop,True,False,False,80,True,1.0,6,1,0,0,0,0,0,0,0,0,0,0,1,1,0,0,1,0,1,-8.0,-7.9,0.0,True,official_workbook_name_identity,5.29240317685725,0.0,0.0,0.49340065242919223,5.785803829286442,-2.2141961707135582
2023,1266,3,8380600,2023-02-26,France,213072,Thibaud Flament,Second-row,True,True,False,80,True,1.0,6,1,0,0,0,0,0,10,0,0,0,6,16,1,0,3,0,0,0,17.0,32.0,0.0,True,official_workbook_name_identity,5.29240317685725,1.0310984614889684,0.0,1.301319777877228,7.624821416223447,24.624821416223448
2023,1266,3,8380600,2023-02-26,France,118416,Paul Willemse,Second-row,True,True,False,53,True,0.6625,6,1,0,0,0,0,0,12,0,0,0,4,7,1,0,1,2,0,0,6.0,25.3,0.0,True,official_workbook_name_identity,3.5062171046679276,0.6831027307364416,0.0,1.301319777877228,5.490639613281597,11.490639613281598
2023,1266,3,8380600,2023-02-26,France,139728,Anthony Jelonch,Back-row,True,True,False,6,True,0.075,6,1,0,0,0,0,0,16,0,0,0,3,6,1,0,0,0,0,0,7.0,23.5,0.0,True,official_workbook_name_identity,0.3969302382642937,0.07733238461167263,0.0,1.4831920462553747,1.957454669131341,8.95745466913134
2023,1266,3,8380600,2023-02-26,France,123504,Charles Ollivon,Back-row,True,True,False,80,True,1.0,6,1,0,0,0,0,0,30,1,0,1,6,17,1,0,3,2,0,0,22.0,37.0,0.0,True,official_workbook_name_identity,5.29240317685725,1.0310984614889684,0.0,1.4831920462553747,7.806693684601593,29.806693684601594
2023,1266,3,8380600,2023-02-26,France,176748,Gregory Alldritt,Back-row,True,True,False,12,True,0.15,6,1,0,0,0,0,0,3,0,0,0,1,1,1,0,0,0,0,0,1.0,2.4,0.0,True,official_workbook_name_identity,0.7938604765285874,0.15466476922334527,0.0,1.4831920462553747,2.431717292007307,3.431717292007307
2023,1266,3,8380600,2023-02-26,France,196806,Gaetan Barlot,Hooker,True,False,False,12,False,0.15,6,1,0,0,0,0,0,1,0,0,0,1,0,0,0,1,0,0,0,0.0,9.9,0.0,True,official_workbook_name_identity,0.7938604765285874,0.0,0.0,0.912244070268424,1.7061045467970115,1.7061045467970115
2023,1266,3,8380600,2023-02-26,France,189984,Reda Wardi,Prop,True,False,False,18,False,0.225,6,1,0,0,0,0,0,2,1,0,0,3,0,0,0,0,0,0,0,2.0,3.3,0.0,True,official_workbook_name_identity,1.1907907147928813,0.0,0.0,0.49340065242919223,1.6841913672220736,3.6841913672220734
2023,1266,3,8380600,2023-02-26,France,178248,Sipili Falatea,Prop,True,False,False,68,False,0.85,6,1,0,0,0,0,0,14,0,0,1,5,9,0,0,1,2,0,0,10.0,32.2,0.0,True,official_workbook_name_identity,4.498542700328662,0.0,0.0,0.49340065242919223,4.991943352757854,14.991943352757854
2023,1266,3,8380600,2023-02-26,France,58998,Romain Taofifenua,Second-row,True,True,False,27,False,0.3375,6,1,0,0,0,0,0,6,0,0,0,4,4,0,0,2,0,0,0,4.0,15.3,0.0,True,official_workbook_name_identity,1.7861860721893221,0.3479957307525269,0.0,1.301319777877228,3.4355015808190768,7.435501580819077
2023,1266,3,8380600,2023-02-26,France,123366,Francois Cros,Back-row,True,True,False,7,False,0.0875,6,1,0,0,0,0,0,7,2,0,0,7,13,1,0,3,0,0,0,17.0,35.5,0.0,True,official_workbook_name_identity,0.4630852779750093,0.09022111538028474,0.0,1.4831920462553747,2.0364984396106687,19.036498439610668
2023,1266,3,8380600,2023-02-26,France,136914,Sekou Macalou,Back-row,True,True,False,0,False,0.0,6,1,0,0,0,0,0,0,0,0,0,0,0,0,0,0,0,0,0,0.0,,,False,missing,0.0,0.0,0.39179104477611937,1.4831920462553747,1.8749830910314942,1.8749830910314942
2023,1266,3,8380600,2023-02-26,France,147576,Baptiste Couilloud,Scrum-half,False,False,False,0,False,0.0,6,1,0,0,0,0,0,0,0,0,0,0,0,0,0,0,0,0,0,0.0,,,False,missing,0.0,0.0,0.5128205128205129,1.376068376068376,1.8888888888888888,1.8888888888888888
2023,1266,3,8380600,2023-02-26,France,169662,Matthieu Jalibert,Fly-half,False,False,False,12,False,0.15,6,1,0,0,0,0,0,0,0,0,0,1,1,0,0,4,0,0,0,1.0,4.1,0.0,True,official_workbook_name_identity,0.0,0.0,0.0,1.6627906976744176,1.6627906976744176,2.6627906976744176
2023,1266,3,8380600,2023-02-26,Scotland,111744,Stuart Hogg,Back-three,False,False,False,80,True,1.0,4,0,0,0,0,0,0,75,0,1,0,9,7,0,2,5,0,0,0,24.0,30.4,0.0,True,official_workbook_name_identity,0.0,0.0,0.0,0.9468599033816418,0.9468599033816418,24.946859903381643
2023,1266,3,8380600,2023-02-26,Scotland,171582,Kyle Steyn,Back-three,False,False,False,68,True,0.85,4,0,0,0,0,0,0,21,1,0,0,5,2,2,0,3,0,0,0,6.0,11.0,0.0,True,official_workbook_name_identity,0.0,0.0,0.0,0.9468599033816418,0.9468599033816418,6.946859903381641
2023,1266,3,8380600,2023-02-26,Scotland,136776,Huw Jones,Centre,False,False,False,80,True,1.0,4,0,2,0,0,0,0,74,6,1,0,12,5,2,0,3,0,0,0,44.0,69.2,0.0,True,official_workbook_name_identity,0.0,0.0,0.0,1.4896551724137947,1.4896551724137947,45.4896551724138
2023,1266,3,8380600,2023-02-26,Scotland,139998,Sione Tuipulotu,Centre,False,False,False,80,True,1.0,4,0,0,1,0,0,0,19,2,0,0,8,10,2,0,8,0,0,0,19.0,26.4,0.0,True,official_workbook_name_identity,0.0,0.0,0.0,1.4896551724137947,1.4896551724137947,20.489655172413794
2023,1266,3,8380600,2023-02-26,Scotland,131400,Duhan van der Merwe,Back-three,False,False,False,80,True,1.0,4,0,0,0,0,0,0,9,1,0,1,6,4,1,0,1,0,0,0,8.0,8.2,0.0,True,official_workbook_name_identity,0.0,0.0,0.0,0.9468599033816418,0.9468599033816418,8.946859903381641
2023,1266,3,8380600,2023-02-26,Scotland,117894,Finn Russell,Fly-half,False,False,False,80,True,1.0,4,0,1,1,3,0,0,78,3,1,4,14,7,3,0,44,0,0,0,48.0,75.4,0.0,True,official_workbook_name_identity,0.0,0.0,0.0,1.6627906976744176,1.6627906976744176,49.66279069767442
2023,1266,3,8380600,2023-02-26,Scotland,142476,Ben White,Scrum-half,False,False,False,57,True,0.7125,4,0,0,0,0,0,0,20,2,0,0,8,5,0,1,60,0,0,0,16.0,9.0,0.0,True,official_workbook_name_identity,0.0,0.0,0.0,1.376068376068376,1.376068376068376,17.376068376068375
2023,1266,3,8380600,2023-02-26,Scotland,130290,Pierre Schoeman,Prop,True,False,False,63,True,0.7875,4,0,0,0,0,0,0,18,0,0,0,12,8,1,0,4,1,0,0,8.0,27.0,0.0,True,official_workbook_name_identity,2.778511667850056,0.0,0.0,0.49340065242919223,3.2719123202792484,11.271912320279249
2023,1266,3,8380600,2023-02-26,Scotland,117864,George Turner,Hooker,True,False,False,63,True,0.7875,4,0,0,0,0,0,0,32,1,0,1,9,6,0,1,6,0,0,0,18.0,14.4,0.0,True,official_workbook_name_identity,2.778511667850056,0.0,0.0,0.912244070268424,3.6907557381184803,21.69075573811848
2023,1266,3,8380600,2023-02-26,Scotland,130530,Zander Fagerson,Prop,True,False,False,63,True,0.7875,4,0,0,0,0,0,0,8,0,0,1,7,5,2,0,4,1,0,0,6.0,11.8,0.0,True,official_workbook_name_identity,2.778511667850056,0.0,0.0,0.49340065242919223,3.2719123202792484,9.271912320279249
2023,1266,3,8380600,2023-02-26,Scotland,97512,Richie Gray,Second-row,True,True,False,70,True,0.875,4,0,0,0,0,0,0,5,0,0,0,4,6,1,0,4,2,0,0,4.0,10.0,0.0,True,official_workbook_name_identity,3.0872351865000622,0.0,0.0,1.301319777877228,4.38855496437729,8.38855496437729
2023,1266,3,8380600,2023-02-26,Scotland,102762,Grant Gilchrist,Second-row,True,True,False,80,True,1.0,4,0,0,0,0,0,0,0,0,0,0,0,3,0,0,0,1,0,1,-6.0,-7.0,0.0,True,official_workbook_name_identity,3.5282687845715,0.0,0.0,1.301319777877228,4.829588562448728,-1.1704114375512722
2023,1266,3,8380600,2023-02-26,Scotland,130536,Jamie Ritchie,Back-row,True,True,False,80,True,1.0,4,0,0,0,0,0,0,14,0,0,0,8,14,1,0,5,2,0,0,13.0,22.2,0.0,True,official_workbook_name_identity,3.5282687845715,0.0,0.0,1.4831920462553747,5.011460830826874,18.011460830826874
2023,1266,3,8380600,2023-02-26,Scotland,111852,Hamish Watson,Back-row,True,True,False,10,True,0.125,4,0,0,0,0,0,0,0,0,0,0,0,4,0,0,1,0,0,0,4.0,5.0,0.0,True,official_workbook_name_identity,0.4410335980714375,0.0,0.0,1.4831920462553747,1.9242256443268122,5.924225644326812
2023,1266,3,8380600,2023-02-26,Scotland,161856,Matt Fagerson,Back-row,True,True,False,57,True,0.7125,4,0,0,0,0,0,0,9,0,0,0,4,11,3,0,3,1,0,0,10.0,14.4,0.0,True,official_workbook_name_identity,2.513891509007194,0.0,0.0,1.4831920462553747,3.9970835552625683,13.997083555262568
2023,1266,3,8380600,2023-02-26,Scotland,60816,Fraser Brown,Hooker,True,False,False,17,False,0.2125,4,0,0,0,0,0,0,3,0,0,0,1,4,0,0,0,0,0,0,4.0,5.4,0.0,True,official_workbook_name_identity,0.7497571167214437,0.0,0.0,0.912244070268424,1.6620011869898677,5.662001186989867
2023,1266,3,8380600,2023-02-26,Scotland,117870,Jamie Bhatti,Prop,True,False,False,17,False,0.2125,4,0,0,0,0,0,0,0,0,0,0,0,3,1,0,0,1,0,0,2.0,9.0,0.0,True,official_workbook_name_identity,0.7497571167214437,0.0,0.0,0.49340065242919223,1.243157769150636,3.2431577691506357
2023,1266,3,8380600,2023-02-26,Scotland,61812,WP Nel,Prop,True,False,False,17,False,0.2125,4,0,0,0,0,0,0,4,0,0,0,1,3,0,0,0,0,0,0,3.0,4.0,0.0,True,official_workbook_name_identity,0.7497571167214437,0.0,0.0,0.49340065242919223,1.243157769150636,4.243157769150636
2023,1266,3,8380600,2023-02-26,Scotland,117852,Jonny Gray,Second-row,True,True,False,70,False,0.875,4,0,0,0,0,0,0,12,0,0,1,9,9,0,0,4,0,0,0,12.0,20.6,0.0,True,official_workbook_name_identity,3.0872351865000622,0.0,0.0,1.301319777877228,4.38855496437729,16.388554964377292
2023,1266,3,8380600,2023-02-26,Scotland,135774,Sam Skinner,Second-row,True,True,False,10,False,0.125,4,0,0,0,0,0,0,0,0,0,0,0,4,0,0,0,0,0,0,4.0,11.0,0.0,True,official_workbook_name_identity,0.4410335980714375,0.0,0.0,1.301319777877228,1.7423533759486656,5.742353375948666
2023,1266,3,8380600,2023-02-26,Scotland,124308,Jack Dempsey,Back-row,True,True,False,23,False,0.2875,4,0,0,0,0,0,0,20,1,0,0,2,2,1,0,0,0,0,0,6.0,6.0,0.0,True,official_workbook_name_identity,1.0143772755643061,0.0,0.0,1.4831920462553747,2.4975693218196806,8.49756932181968
2023,1266,3,8380600,2023-02-26,Scotland,119892,Ali Price,Scrum-half,False,False,False,23,False,0.2875,4,0,0,1,0,0,0,0,0,0,0,1,1,2,0,22,0,0,0,5.0,8.0,0.0,True,official_workbook_name_identity,0.0,0.0,0.0,1.376068376068376,1.376068376068376,6.3760683760683765
2023,1266,3,8380600,2023-02-26,Scotland,139902,Blair Kinghorn,Back-three,False,False,False,12,False,0.15,4,0,0,0,0,0,0,0,0,0,0,0,1,0,0,0,0,0,0,1.0,1.0,0.0,True,official_workbook_name_identity,0.0,0.0,0.0,0.9468599033816418,0.9468599033816418,1.9468599033816418
2023,1266,4,8380609,2023-03-11,Italy,117834,Tommaso Allan,Back-three,False,False,False,80,True,1.0,9,0,0,1,2,1,0,69,3,3,1,7,1,1,0,17,0,0,0,26.0,52.6,0.0,True,official_workbook_name_identity,0.0,0.0,0.0,0.9468599033816418,0.9468599033816418,26.946859903381643
2023,1266,4,8380609,2023-03-11,Italy,112584,Edoardo Padovani,Back-three,False,False,False,80,True,1.0,9,0,0,0,0,0,0,44,1,0,0,8,2,0,0,3,0,0,0,8.0,25.2,0.0,True,official_workbook_name_identity,0.0,0.0,0.0,0.9468599033816418,0.9468599033816418,8.946859903381641
2023,1266,4,8380609,2023-03-11,Italy,118614,Juan Ignacio Brex,Centre,False,False,False,80,True,1.0,9,0,1,0,0,0,0,38,2,1,0,13,2,1,0,14,1,0,0,18.0,42.0,0.0,True,official_workbook_name_identity,0.0,0.0,0.0,1.4896551724137947,1.4896551724137947,19.489655172413794
2023,1266,4,8380609,2023-03-11,Italy,226818,Tommaso Menoncello,Centre,False,False,False,59,True,0.7375,9,0,0,0,0,0,0,58,5,1,0,8,8,0,0,4,0,0,0,23.0,36.8,0.0,True,official_workbook_name_identity,0.0,0.0,0.0,1.4896551724137947,1.4896551724137947,24.489655172413794
2023,1266,4,8380609,2023-03-11,Italy,136626,Pierre Bruno,Back-three,False,False,False,80,True,1.0,9,0,0,1,0,0,0,24,3,0,3,6,2,2,0,4,2,1,0,13.0,9.8,0.0,True,official_workbook_name_identity,0.0,0.0,0.0,0.9468599033816418,0.9468599033816418,13.946859903381641
2023,1266,4,8380609,2023-03-11,Italy,203034,Paolo Garbisi,Fly-half,False,False,False,80,True,1.0,9,0,0,0,0,0,0,22,1,1,0,6,6,0,0,33,0,0,0,10.0,20.4,0.0,True,official_workbook_name_identity,0.0,0.0,0.0,1.6627906976744176,1.6627906976744176,11.662790697674417
2023,1266,4,8380609,2023-03-11,Italy,213144,Stephen Varney,Scrum-half,False,False,False,56,True,0.7,9,0,0,0,0,0,0,36,1,0,1,4,2,2,0,51,1,0,0,8.0,10.6,0.0,True,official_workbook_name_identity,0.0,0.0,0.0,1.376068376068376,1.376068376068376,9.376068376068377
2023,1266,4,8380609,2023-03-11,Italy,164232,Danilo Fischetti,Prop,True,False,False,61,True,0.7625,9,0,0,0,0,0,0,20,2,0,0,9,4,1,0,1,2,0,0,8.0,12.8,0.0,True,official_workbook_name_identity,6.053186133530479,0.0,0.0,0.49340065242919223,6.546586785959671,14.546586785959672
2023,1266,4,8380609,2023-03-11,Italy,226836,Giacomo Nicotera,Hooker,True,False,False,52,True,0.65,9,0,0,0,0,0,0,4,1,0,1,6,11,2,0,3,1,0,0,14.0,21.4,0.0,True,official_workbook_name_identity,5.160093097435819,0.0,0.0,0.912244070268424,6.0723371677042435,20.072337167704244
2023,1266,4,8380609,2023-03-11,Italy,123210,Simone Ferrari,Prop,True,False,False,32,True,0.4,9,0,0,0,0,0,0,0,0,0,0,0,8,1,0,0,0,0,0,8.0,11.0,0.0,True,official_workbook_name_identity,3.17544190611435,0.0,0.0,0.49340065242919223,3.6688425585435422,11.668842558543542
2023,1266,4,8380609,2023-03-11,Italy,167196,Niccolo Cannone,Second-row,True,True,False,60,True,0.75,9,0,0,0,0,0,0,0,0,0,0,6,3,1,0,2,1,0,0,2.0,6.2,0.0,True,official_workbook_name_identity,5.953953573964406,0.0,0.0,1.301319777877228,7.255273351841634,9.255273351841634
2023,1266,4,8380609,2023-03-11,Italy,129234,Federico Ruzza,Second-row,True,True,False,80,True,1.0,9,0,0,0,0,0,0,28,1,0,2,5,3,0,0,6,1,0,0,10.0,10.0,0.0,True,official_workbook_name_identity,7.938604765285875,0.0,0.0,1.301319777877228,9.239924543163104,19.239924543163106
2023,1266,4,8380609,2023-03-11,Italy,129216,Sebastian Negri,Back-row,True,True,False,52,True,0.65,9,0,1,0,0,0,0,20,3,1,0,9,5,0,0,0,1,0,0,27.0,37.0,0.0,True,official_workbook_name_identity,5.160093097435819,0.0,0.0,1.4831920462553747,6.643285143691194,33.643285143691195
2023,1266,4,8380609,2023-03-11,Italy,164220,Michele Lamaro,Back-row,True,True,False,76,True,0.95,9,0,0,0,0,0,0,4,1,0,2,6,8,0,0,7,0,0,0,14.0,11.8,0.0,True,official_workbook_name_identity,7.541674527021581,0.0,0.0,1.4831920462553747,9.024866573276956,23.024866573276956
2023,1266,4,8380609,2023-03-11,Italy,220140,Lorenzo Cannone,Back-row,True,True,False,80,True,1.0,9,0,0,0,0,0,0,45,0,0,1,6,8,1,0,5,2,1,0,7.0,19.2,0.0,True,official_workbook_name_identity,7.938604765285875,0.0,0.0,1.4831920462553747,9.42179681154125,16.42179681154125
2023,1266,4,8380609,2023-03-11,Italy,128046,Luca Bigi,Hooker,True,False,False,28,False,0.35,9,0,0,0,0,0,0,0,0,0,0,0,3,0,0,1,0,0,0,3.0,3.0,0.0,True,official_workbook_name_identity,2.778511667850056,0.0,0.0,0.912244070268424,3.6907557381184803,6.69075573811848
2023,1266,4,8380609,2023-03-11,Italy,140904,Federico Zani,Prop,True,False,False,19,False,0.2375,9,0,0,0,0,0,0,0,0,0,0,0,0,0,0,1,1,0,0,-1.0,0.0,0.0,True,official_workbook_name_identity,1.8854186317553951,0.0,0.0,0.49340065242919223,2.3788192841845874,1.3788192841845874
2023,1266,4,8380609,2023-03-11,Italy,144684,Marco Riccioni,Prop,True,False,False,6,False,0.075,9,0,0,0,0,0,0,0,1,0,0,3,2,0,0,1,0,0,0,4.0,4.8,0.0,True,official_workbook_name_identity,0.5953953573964406,0.0,0.0,0.49340065242919223,1.0887960098256328,5.088796009825633
2023,1266,4,8380609,2023-03-11,Italy,164208,Edoardo Iachizzi,Second-row,True,True,False,20,False,0.25,9,0,0,0,0,0,0,20,1,1,0,2,1,0,0,1,0,0,0,5.0,20.6,0.0,True,official_workbook_name_identity,1.9846511913214688,0.0,0.0,1.301319777877228,3.285970969198697,8.285970969198697
2023,1266,4,8380609,2023-03-11,Italy,147378,Giovanni Pettinelli,Back-row,True,True,False,4,False,0.05,9,0,0,0,0,0,0,0,0,0,0,0,0,0,0,0,0,0,0,0.0,0.0,0.0,True,official_workbook_name_identity,0.39693023826429374,0.0,0.0,1.4831920462553747,1.8801222845196683,1.8801222845196683
2023,1266,4,8380609,2023-03-11,Italy,204054,Manuel Zuliani,Back-row,True,True,False,28,False,0.35,9,0,0,0,0,0,0,24,4,1,0,4,1,0,0,1,0,0,0,11.0,22.2,0.0,True,official_workbook_name_identity,2.778511667850056,0.0,0.0,1.4831920462553747,4.261703714105431,15.26170371410543
2023,1266,4,8380609,2023-03-11,Italy,180450,Alessandro Fusco,Scrum-half,False,False,False,24,False,0.3,9,0,0,0,0,0,0,46,3,1,0,3,0,0,0,25,0,0,0,10.0,17.0,0.0,True,official_workbook_name_identity,0.0,0.0,0.0,1.376068376068376,1.376068376068376,11.376068376068377
2023,1266,4,8380609,2023-03-11,Italy,112206,Luca Morisi,Centre,False,False,False,21,False,0.2625,9,0,0,0,0,0,0,22,2,0,0,3,0,1,0,2,0,0,0,6.0,4.8,0.0,True,official_workbook_name_identity,0.0,0.0,0.0,1.4896551724137947,1.4896551724137947,7.489655172413794
2023,1266,4,8380609,2023-03-11,Wales,111690,Liam Williams,Back-three,False,False,False,61,True,0.7625,4,3,1,0,0,0,0,81,4,1,1,6,1,1,0,4,1,0,0,28.0,53.6,0.0,True,official_workbook_name_identity,0.0,0.0,0.0,0.9468599033816418,0.9468599033816418,28.946859903381643
2023,1266,4,8380609,2023-03-11,Wales,129096,Josh Adams,Back-three,False,False,False,51,True,0.6375,4,3,0,0,0,0,0,18,1,1,0,4,2,1,0,0,0,0,0,5.0,26.3,0.0,True,official_workbook_name_identity,0.0,0.0,0.0,0.9468599033816418,0.9468599033816418,5.946859903381641
2023,1266,4,8380609,2023-03-11,Wales,220956,Mason Grady,Centre,False,False,False,80,True,1.0,4,3,0,0,0,0,0,17,2,0,0,3,4,4,0,1,0,0,0,9.0,18.2,0.0,True,official_workbook_name_identity,0.0,0.0,0.0,1.4896551724137947,1.4896551724137947,10.489655172413794
2023,1266,4,8380609,2023-03-11,Wales,220962,Joe Hawkins,Centre,False,False,False,80,True,1.0,4,3,0,0,0,0,0,76,0,0,1,13,4,2,0,7,1,0,0,12.0,37.4,0.0,True,official_workbook_name_identity,0.0,0.0,0.0,1.4896551724137947,1.4896551724137947,13.489655172413794
2023,1266,4,8380609,2023-03-11,Wales,178890,Rio Dyer,Back-three,False,False,False,80,True,1.0,4,3,1,0,0,0,0,10,2,1,2,5,5,5,0,5,0,0,0,24.0,44.8,0.0,True,official_workbook_name_identity,0.0,0.0,0.0,0.9468599033816418,0.9468599033816418,24.946859903381643
2023,1266,4,8380609,2023-03-11,Wales,111624,Owen Williams,Fly-half,False,False,False,80,True,1.0,4,3,0,0,2,1,0,14,0,0,0,1,9,3,1,9,0,0,0,22.0,28.8,0.0,True,official_workbook_name_identity,0.0,0.0,0.0,1.6627906976744176,1.6627906976744176,23.662790697674417
2023,1266,4,8380609,2023-03-11,Wales,58584,Rhys Webb,Scrum-half,False,False,False,53,True,0.6625,4,3,0,2,0,0,0,25,1,1,0,2,5,1,0,33,0,0,0,17.0,69.0,1.0,True,official_workbook_name_identity,0.0,0.0,15.0,1.376068376068376,16.376068376068375,33.376068376068375
2023,1266,4,8380609,2023-03-11,Wales,128142,Wyn Jones,Prop,True,False,False,45,True,0.5625,4,3,0,0,0,0,0,7,0,0,0,4,4,4,0,0,1,0,0,3.0,11.5,0.0,True,official_workbook_name_identity,1.9846511913214688,0.0,0.0,0.49340065242919223,2.478051843750661,5.478051843750661
2023,1266,4,8380609,2023-03-11,Wales,50484,Ken Owens,Hooker,True,False,False,68,True,0.85,4,3,0,0,0,0,0,2,0,0,0,4,12,2,0,0,1,0,0,11.0,21.8,0.0,True,official_workbook_name_identity,2.999028466885775,0.0,0.0,0.912244070268424,3.9112725371541988,14.911272537154199
2023,1266,4,8380609,2023-03-11,Wales,131898,Tomas Francis,Prop,True,False,False,52,True,0.65,4,3,0,0,0,0,0,0,0,0,0,1,6,0,0,1,1,0,0,5.0,13.3,0.0,True,official_workbook_name_identity,2.293374709971475,0.0,0.0,0.49340065242919223,2.7867753624006673,7.786775362400667
2023,1266,4,8380609,2023-03-11,Wales,129576,Adam Beard,Second-row,True,True,False,80,True,1.0,4,3,0,0,0,0,0,0,0,0,0,1,6,1,0,1,1,0,0,5.0,27.4,0.0,True,official_workbook_name_identity,3.5282687845715,3.0932953844669053,0.0,1.301319777877228,7.922883946915634,12.922883946915633
2023,1266,4,8380609,2023-03-11,Wales,232104,Dafydd Jenkins,Second-row,True,True,False,68,True,0.85,4,3,0,0,0,0,0,0,0,0,0,1,12,4,0,2,3,0,0,9.0,27.1,0.0,True,official_workbook_name_identity,2.999028466885775,2.629301076796869,0.0,1.301319777877228,6.9296493215598725,15.929649321559872
2023,1266,4,8380609,2023-03-11,Wales,203070,Jac Morgan,Back-row,True,True,False,59,True,0.7375,4,3,0,0,0,0,0,11,0,0,0,5,12,0,0,4,0,0,0,13.0,23.8,0.0,True,official_workbook_name_identity,2.6020982286214815,2.281305346044343,0.0,1.4831920462553747,6.366595620921199,19.3665956209212
2023,1266,4,8380609,2023-03-11,Wales,78726,Justin Tipuric,Back-row,True,True,False,80,True,1.0,4,3,0,0,0,0,0,0,0,0,0,1,9,0,0,7,0,0,0,9.0,37.4,0.0,True,official_workbook_name_identity,3.5282687845715,3.0932953844669053,0.0,1.4831920462553747,8.104756215293781,17.104756215293783
2023,1266,4,8380609,2023-03-11,Wales,66186,Taulupe Faletau,Back-row,True,True,False,80,True,1.0,4,3,1,0,0,0,0,35,2,0,1,10,12,3,0,4,0,0,0,36.0,45.8,0.0,True,official_workbook_name_identity,3.5282687845715,3.0932953844669053,0.0,1.4831920462553747,8.104756215293781,44.10475621529378
2023,1266,4,8380609,2023-03-11,Wales,60708,Scott Baldwin,Hooker,True,False,False,5,False,0.0625,4,3,0,0,0,0,0,0,0,0,0,0,2,1,0,0,0,0,0,2.0,2.6,0.0,True,official_workbook_name_identity,0.22051679903571875,0.0,0.0,0.912244070268424,1.1327608693041427,3.1327608693041427
2023,1266,4,8380609,2023-03-11,Wales,119118,Gareth Thomas,Prop,True,False,False,35,False,0.4375,4,3,0,0,0,0,0,1,0,0,0,1,3,0,0,1,1,0,0,2.0,7.5,0.0,True,official_workbook_name_identity,1.5436175932500311,0.0,0.0,0.49340065242919223,2.0370182456792234,4.037018245679223
2023,1266,4,8380609,2023-03-11,Wales,135306,Dillon Lewis,Prop,True,False,False,28,False,0.35,4,3,0,0,0,0,0,0,0,0,0,0,3,0,0,0,1,0,0,2.0,6.7,0.0,True,official_workbook_name_identity,1.234894074600025,0.0,0.0,0.49340065242919223,1.7282947270292173,3.7282947270292173
2023,1266,4,8380609,2023-03-11,Wales,178878,Rhys Davies,Second-row,True,True,False,12,False,0.15,4,3,0,0,0,0,0,0,0,0,0,1,2,0,0,0,0,0,0,2.0,3.5,0.0,True,official_workbook_name_identity,0.529240317685725,0.46399430767003574,0.0,1.301319777877228,2.294554403232989,4.294554403232989
2023,1266,4,8380609,2023-03-11,Wales,155826,Tommy Reffell,Back-row,True,True,False,21,False,0.2625,4,3,0,0,0,0,0,0,0,0,0,0,1,0,0,2,0,0,0,1.0,3.0,0.0,True,official_workbook_name_identity,0.9261705559500187,0.8119900384225628,0.0,1.4831920462553747,3.2213526406279565,4.2213526406279565
2023,1266,4,8380609,2023-03-11,Wales,128628,Tomos Williams,Scrum-half,False,False,False,27,False,0.3375,4,3,0,0,0,0,0,0,0,0,0,0,2,1,0,4,1,0,0,1.0,4.6,0.0,True,official_workbook_name_identity,0.0,0.0,0.0,1.376068376068376,1.376068376068376,2.376068376068376
2023,1266,4,8380609,2023-03-11,Wales,109650,George North,Centre,False,False,False,19,False,0.2375,4,3,0,0,0,0,0,0,0,0,0,0,1,1,0,0,0,0,0,1.0,2.8,0.0,True,official_workbook_name_identity,0.0,0.0,0.0,1.4896551724137947,1.4896551724137947,2.4896551724137947
2023,1266,4,8380609,2023-03-11,Wales,187290,Louis Rees-Zammit,Back-three,False,False,False,29,False,0.3625,4,3,0,0,0,0,0,46,1,0,0,2,3,1,0,0,2,0,0,7.0,15.1,0.0,True,official_workbook_name_identity,0.0,0.0,0.0,0.9468599033816418,0.9468599033816418,7.946859903381641
2023,1266,4,8380618,2023-03-11,England,203496,Freddie Steward,Back-three,False,False,False,80,True,1.0,5,0,1,0,0,0,0,98,6,0,0,13,3,4,0,1,1,0,0,33.0,56.6,0.0,True,official_workbook_name_identity,0.0,0.0,0.0,0.9468599033816418,0.9468599033816418,33.94685990338164
2023,1266,4,8380618,2023-03-11,England,132510,Max Malins,Back-three,False,False,False,58,True,0.725,5,0,0,0,0,0,0,36,0,0,0,4,6,1,0,1,1,0,0,8.0,15.0,0.0,True,official_workbook_name_identity,0.0,0.0,0.0,0.9468599033816418,0.9468599033816418,8.946859903381641
2023,1266,4,8380618,2023-03-11,England,114534,Henry Slade,Centre,False,False,False,45,True,0.5625,5,0,0,0,0,0,0,5,0,0,0,4,1,0,0,4,0,0,0,1.0,4.0,0.0,True,official_workbook_name_identity,0.0,0.0,0.0,1.4896551724137947,1.4896551724137947,2.4896551724137947
2023,1266,4,8380618,2023-03-11,England,177378,Ollie Lawrence,Centre,False,False,False,60,True,0.75,5,0,0,0,0,0,0,5,1,0,0,4,4,2,0,1,0,0,0,6.0,7.8,0.0,True,official_workbook_name_identity,0.0,0.0,0.0,1.4896551724137947,1.4896551724137947,7.489655172413794
2023,1266,4,8380618,2023-03-11,England,114510,Anthony Watson,Back-three,False,False,False,80,True,1.0,5,0,0,0,0,0,0,24,3,0,0,5,5,1,0,2,0,0,0,13.0,26.6,0.0,True,official_workbook_name_identity,0.0,0.0,0.0,0.9468599033816418,0.9468599033816418,13.946859903381641
2023,1266,4,8380618,2023-03-11,England,156288,Marcus Smith,Fly-half,False,False,False,80,True,1.0,5,0,0,0,1,1,0,80,5,1,0,10,10,0,0,26,0,0,0,33.0,47.0,0.0,True,official_workbook_name_identity,0.0,0.0,0.0,1.6627906976744176,1.6627906976744176,34.66279069767442
2023,1266,4,8380618,2023-03-11,England,213786,Jack van Poortvliet,Scrum-half,False,False,False,45,True,0.5625,5,0,0,0,0,0,0,5,0,0,0,2,3,2,0,28,0,0,0,3.0,3.8,0.0,True,official_workbook_name_identity,0.0,0.0,0.0,1.376068376068376,1.376068376068376,4.3760683760683765
2023,1266,4,8380618,2023-03-11,England,136680,Ellis Genge,Prop,True,False,False,64,True,0.8,5,0,0,0,0,0,0,0,1,0,1,5,5,2,0,6,0,0,0,9.0,14.4,0.0,True,official_workbook_name_identity,3.5282687845715,0.0,0.0,0.49340065242919223,4.021669437000692,13.021669437000693
2023,1266,4,8380618,2023-03-11,England,61134,Jamie George,Hooker,True,False,False,80,True,1.0,5,0,0,0,0,0,0,3,0,0,0,3,6,1,0,1,0,0,0,6.0,8.8,0.0,True,official_workbook_name_identity,4.410335980714375,0.0,0.0,0.912244070268424,5.3225800509828,11.3225800509828
2023,1266,4,8380618,2023-03-11,England,116532,Kyle Sinckler,Prop,True,False,False,64,True,0.8,5,0,0,0,0,0,0,2,0,0,0,6,9,5,0,2,3,0,0,6.0,19.8,0.0,True,official_workbook_name_identity,3.5282687845715,0.0,0.0,0.49340065242919223,4.021669437000692,10.021669437000693
2023,1266,4,8380618,2023-03-11,England,122652,Maro Itoje,Second-row,True,True,False,80,True,1.0,5,0,0,0,0,0,0,14,0,0,0,7,12,1,1,1,0,0,0,18.0,33.6,0.0,True,official_workbook_name_identity,4.410335980714375,0.0,0.0,1.301319777877228,5.711655758591603,23.711655758591604
2023,1266,4,8380618,2023-03-11,England,218742,Ollie Chessum,Second-row,True,True,False,80,True,1.0,5,0,0,0,0,0,0,15,1,0,0,5,5,1,1,5,0,0,0,13.0,9.0,0.0,True,official_workbook_name_identity,4.410335980714375,0.0,0.0,1.301319777877228,5.711655758591603,18.711655758591604
2023,1266,4,8380618,2023-03-11,England,132330,Lewis Ludlam,Back-row,True,True,False,80,True,1.0,5,0,0,0,0,0,0,21,0,0,0,5,12,2,0,3,3,0,0,11.0,23.4,0.0,True,official_workbook_name_identity,4.410335980714375,0.0,0.0,1.4831920462553747,5.89352802696975,16.89352802696975
2023,1266,4,8380618,2023-03-11,England,147546,Jack Willis,Back-row,True,True,False,52,True,0.65,5,0,0,0,0,0,0,6,0,0,0,4,7,3,0,0,1,0,0,6.0,10.4,0.0,True,official_workbook_name_identity,2.866718387464344,0.0,0.0,1.4831920462553747,4.349910433719718,10.349910433719717
2023,1266,4,8380618,2023-03-11,England,164178,Alex Dombrandt,Back-row,True,True,False,75,True,0.9375,5,0,0,0,0,0,0,34,1,0,0,7,14,1,0,6,0,0,0,19.0,27.8,0.0,True,official_workbook_name_identity,4.134689981919727,0.0,0.0,1.4831920462553747,5.617882028175101,24.617882028175103
2023,1266,4,8380618,2023-03-11,England,129720,Jack Walker,Hooker,True,False,False,20,False,0.25,5,0,0,0,0,0,0,2,1,0,0,5,3,0,0,0,0,0,0,5.0,7.2,0.0,True,official_workbook_name_identity,1.1025839951785938,0.0,0.0,0.912244070268424,2.014828065447018,7.014828065447018
2023,1266,4,8380618,2023-03-11,England,102996,Mako Vunipola,Prop,True,False,False,16,False,0.2,5,0,0,0,0,0,0,6,0,0,0,2,0,0,0,1,1,0,0,-1.0,2.8,0.0,True,official_workbook_name_identity,0.882067196142875,0.0,0.0,0.49340065242919223,1.3754678485720673,0.3754678485720673
2023,1266,4,8380618,2023-03-11,England,54336,Dan Cole,Prop,True,False,False,16,False,0.2,5,0,0,0,0,0,0,0,0,0,0,0,1,0,0,1,0,0,0,1.0,1.0,0.0,True,official_workbook_name_identity,0.882067196142875,0.0,0.0,0.49340065242919223,1.3754678485720673,2.3754678485720673
2023,1266,4,8380618,2023-03-11,England,147654,David Ribbans,Second-row,True,True,False,5,False,0.0625,5,0,0,0,0,0,0,4,0,0,0,1,0,0,0,0,0,0,0,0.0,0.6,0.0,True,official_workbook_name_identity,0.27564599879464846,0.0,0.0,1.301319777877228,1.5769657766718765,1.5769657766718765
2023,1266,4,8380618,2023-03-11,England,155898,Ben Curry,Back-row,True,True,False,28,False,0.35,5,0,0,0,0,0,0,7,0,0,1,2,7,0,2,1,1,0,0,18.0,14.2,0.0,True,official_workbook_name_identity,1.5436175932500311,0.0,0.0,1.4831920462553747,3.026809639505406,21.026809639505405
2023,1266,4,8380618,2023-03-11,England,142356,Alex Mitchell,Scrum-half,False,False,False,35,False,0.4375,5,0,0,1,0,0,0,7,0,0,0,4,0,0,0,40,0,0,0,4.0,8.6,0.0,True,official_workbook_name_identity,0.0,0.0,0.0,1.376068376068376,1.376068376068376,5.3760683760683765
2023,1266,4,8380618,2023-03-11,England,59640,Owen Farrell,Centre,False,False,False,35,False,0.4375,5,0,0,0,0,0,0,24,0,0,0,3,4,0,0,11,0,0,0,6.0,12.8,0.0,True,official_workbook_name_identity,0.0,0.0,0.0,1.4896551724137947,1.4896551724137947,7.489655172413794
2023,1266,4,8380618,2023-03-11,England,238830,Henry Arundell,Back-three,False,False,False,22,False,0.275,5,0,0,0,0,0,0,8,0,0,0,1,1,0,0,0,0,0,0,1.0,3.8,0.0,True,official_workbook_name_identity,0.0,0.0,0.0,0.9468599033816418,0.9468599033816418,1.9468599033816418
2023,1266,4,8380618,2023-03-11,France,129822,Thomas Ramos,Back-three,False,False,False,80,True,1.0,4,0,1,0,6,2,0,83,5,1,0,8,1,1,0,10,0,0,0,47.0,93.2,1.0,True,official_workbook_name_identity,0.0,0.0,15.0,0.9468599033816418,15.946859903381641,62.94685990338164
2023,1266,4,8380618,2023-03-11,France,139668,Damian Penaud,Back-three,False,False,False,80,True,1.0,4,0,2,0,0,0,0,76,4,1,1,4,4,3,0,2,0,0,0,41.0,73.2,0.0,True,official_workbook_name_identity,0.0,0.0,0.0,0.9468599033816418,0.9468599033816418,41.94685990338164
2023,1266,4,8380618,2023-03-11,France,119154,Gael Fickou,Centre,False,False,False,80,True,1.0,4,0,0,1,0,0,0,53,2,0,0,4,11,0,0,3,1,0,0,23.0,44.8,0.0,True,official_workbook_name_identity,0.0,0.0,0.0,1.4896551724137947,1.4896551724137947,24.489655172413794
2023,1266,4,8380618,2023-03-11,France,116418,Jonathan Danty,Centre,False,False,False,64,True,0.8,4,0,0,0,0,0,0,6,0,0,0,6,9,2,0,0,2,0,0,7.0,33.7,0.0,True,official_workbook_name_identity,0.0,0.0,0.0,1.4896551724137947,1.4896551724137947,8.489655172413794
2023,1266,4,8380618,2023-03-11,France,202800,Ethan Dumortier,Back-three,False,False,False,80,True,1.0,4,0,0,1,0,0,0,46,1,2,1,6,0,2,0,3,0,0,0,12.0,32.0,0.0,True,official_workbook_name_identity,0.0,0.0,0.0,0.9468599033816418,0.9468599033816418,12.946859903381641
2023,1266,4,8380618,2023-03-11,France,165180,Romain Ntamack,Fly-half,False,False,False,73,True,0.9125,4,0,0,1,0,0,0,17,0,0,1,4,6,0,0,13,1,0,0,12.0,23.5,0.0,True,official_workbook_name_identity,0.0,0.0,0.0,1.6627906976744176,1.6627906976744176,13.662790697674417
2023,1266,4,8380618,2023-03-11,France,135318,Antoine Dupont,Scrum-half,False,False,False,68,True,0.85,4,0,0,1,0,0,0,36,3,1,1,10,9,0,0,45,0,0,0,24.0,55.9,0.0,True,official_workbook_name_identity,0.0,0.0,0.0,1.376068376068376,1.376068376068376,25.376068376068375
2023,1266,4,8380618,2023-03-11,France,121938,Cyril Baille,Prop,True,False,False,60,True,0.75,4,0,0,0,0,0,0,14,0,0,1,10,5,0,0,1,0,0,0,8.0,18.7,0.0,True,official_workbook_name_identity,2.646201588428625,0.0,0.0,0.49340065242919223,3.1396022408578173,11.139602240857817
2023,1266,4,8380618,2023-03-11,France,135138,Julien Marchand,Hooker,True,False,False,60,True,0.75,4,0,0,0,0,0,0,13,0,0,1,6,1,0,0,2,0,0,0,4.0,11.3,0.0,True,official_workbook_name_identity,2.646201588428625,0.0,0.0,0.912244070268424,3.5584456586970488,7.558445658697049
2023,1266,4,8380618,2023-03-11,France,127122,Dorian Aldegheri,Prop,True,False,False,49,True,0.6125,4,0,0,0,0,0,0,0,0,0,0,0,6,0,0,1,1,0,0,5.0,11.0,0.0,True,official_workbook_name_identity,2.161064630550044,0.0,0.0,0.49340065242919223,2.654465282979236,7.654465282979237
2023,1266,4,8380618,2023-03-11,France,213072,Thibaud Flament,Second-row,True,True,False,80,True,1.0,4,0,2,0,0,0,0,39,4,2,1,6,9,0,0,5,1,0,0,51.0,70.6,0.0,True,official_workbook_name_identity,3.5282687845715,0.0,0.0,1.301319777877228,4.829588562448728,55.82958856244873
2023,1266,4,8380618,2023-03-11,France,118416,Paul Willemse,Second-row,True,True,False,49,True,0.6125,4,0,0,0,0,0,0,0,0,0,0,0,8,1,0,0,0,0,0,8.0,13.0,0.0,True,official_workbook_name_identity,2.161064630550044,0.0,0.0,1.301319777877228,3.4623844084272717,11.462384408427273
2023,1266,4,8380618,2023-03-11,France,123366,Francois Cros,Back-row,True,True,False,80,True,1.0,4,0,0,0,0,0,0,19,3,0,0,4,13,3,0,0,0,0,0,20.0,33.6,0.0,True,official_workbook_name_identity,3.5282687845715,0.0,0.0,1.4831920462553747,5.011460830826874,25.011460830826874
2023,1266,4,8380618,2023-03-11,France,123504,Charles Ollivon,Back-row,True,True,False,62,True,0.775,4,0,2,0,0,0,0,38,1,1,2,12,5,2,0,6,0,0,0,44.0,67.0,0.0,True,official_workbook_name_identity,2.7344083080429127,0.0,0.0,1.4831920462553747,4.217600354298288,48.217600354298284
2023,1266,4,8380618,2023-03-11,France,176748,Gregory Alldritt,Back-row,True,True,False,80,True,1.0,4,0,0,1,0,0,0,71,2,1,2,15,6,1,0,4,0,0,0,25.0,68.6,0.0,True,official_workbook_name_identity,3.5282687845715,0.0,0.0,1.4831920462553747,5.011460830826874,30.011460830826874
2023,1266,4,8380618,2023-03-11,France,147480,Peato Mauvaka,Hooker,True,False,False,20,False,0.25,4,0,0,0,0,0,0,0,0,0,0,1,3,1,0,0,0,0,0,3.0,6.1,0.0,True,official_workbook_name_identity,0.882067196142875,0.0,0.0,0.912244070268424,1.794311266411299,4.794311266411299
2023,1266,4,8380618,2023-03-11,France,189984,Reda Wardi,Prop,True,False,False,20,False,0.25,4,0,0,0,0,0,0,0,0,0,0,0,5,1,0,0,0,0,0,5.0,6.9,0.0,True,official_workbook_name_identity,0.882067196142875,0.0,0.0,0.49340065242919223,1.3754678485720673,6.375467848572067
2023,1266,4,8380618,2023-03-11,France,178248,Sipili Falatea,Prop,True,False,False,31,False,0.3875,4,0,0,0,0,0,0,0,0,0,0,0,2,0,0,0,3,0,0,-1.0,5.0,0.0,True,official_workbook_name_identity,1.3672041540214563,0.0,0.0,0.49340065242919223,1.8606048064506486,0.8606048064506486
2023,1266,4,8380618,2023-03-11,France,58998,Romain Taofifenua,Second-row,True,True,False,31,False,0.3875,4,0,0,0,0,0,0,1,1,0,0,4,7,0,0,0,2,0,0,7.0,12.6,0.0,True,official_workbook_name_identity,1.3672041540214563,0.0,0.0,1.301319777877228,2.6685239318986844,9.668523931898685
2023,1266,4,8380618,2023-03-11,France,136914,Sekou Macalou,Back-row,True,True,False,18,False,0.225,4,0,0,0,0,0,0,0,0,0,0,0,2,0,0,0,0,0,0,2.0,3.8,0.0,True,official_workbook_name_identity,0.7938604765285875,0.0,0.0,1.4831920462553747,2.277052522783962,4.277052522783962
2023,1266,4,8380618,2023-03-11,France,186162,Maxime Lucu,Scrum-half,False,False,False,12,False,0.15,4,0,0,0,0,0,0,1,0,0,0,1,0,0,0,2,0,0,0,0.0,1.5,0.0,True,official_workbook_name_identity,0.0,0.0,0.0,1.376068376068376,1.376068376068376,1.376068376068376
2023,1266,4,8380618,2023-03-11,France,196152,Yoram Moefana,Centre,False,False,False,16,False,0.2,4,0,0,0,0,0,0,1,0,0,0,1,2,2,0,1,1,0,0,1.0,5.7,0.0,True,official_workbook_name_identity,0.0,0.0,0.0,1.4896551724137947,1.4896551724137947,2.4896551724137947
2023,1266,4,8380618,2023-03-11,France,221094,Melvyn Jaminet,Back-three,False,False,False,7,False,0.0875,4,0,0,1,0,0,0,4,0,0,0,1,2,0,0,1,0,0,0,6.0,11.9,0.0,True,official_workbook_name_identity,0.0,0.0,0.0,0.9468599033816418,0.9468599033816418,6.946859903381641
2023,1266,4,8380627,2023-03-12,Scotland,111744,Stuart Hogg,Back-three,False,False,False,64,True,0.8,7,2,0,0,0,0,0,46,2,0,3,10,4,0,0,4,2,0,0,16.0,17.0,0.0,True,official_workbook_name_identity,0.0,0.0,0.0,0.9468599033816418,0.9468599033816418,16.946859903381643
2023,1266,4,8380627,2023-03-12,Scotland,171582,Kyle Steyn,Back-three,False,False,False,80,True,1.0,7,2,0,0,0,0,0,10,3,0,1,6,2,2,0,4,0,0,0,11.0,8.4,0.0,True,official_workbook_name_identity,0.0,0.0,0.0,0.9468599033816418,0.9468599033816418,11.946859903381641
2023,1266,4,8380627,2023-03-12,Scotland,136776,Huw Jones,Centre,False,False,False,80,True,1.0,7,2,1,0,0,0,0,78,2,1,2,9,7,1,0,8,0,0,0,32.0,51.4,0.0,True,official_workbook_name_identity,0.0,0.0,0.0,1.4896551724137947,1.4896551724137947,33.4896551724138
2023,1266,4,8380627,2023-03-12,Scotland,139998,Sione Tuipulotu,Centre,False,False,False,80,True,1.0,7,2,0,1,0,0,0,52,1,0,0,11,13,1,0,12,0,0,0,24.0,43.0,0.0,True,official_workbook_name_identity,0.0,0.0,0.0,1.4896551724137947,1.4896551724137947,25.489655172413794
2023,1266,4,8380627,2023-03-12,Scotland,131400,Duhan van der Merwe,Back-three,False,False,False,80,True,1.0,7,2,0,0,0,0,0,85,6,1,0,12,2,1,0,0,1,0,0,21.0,28.6,0.0,True,official_workbook_name_identity,0.0,0.0,0.0,0.9468599033816418,0.9468599033816418,21.946859903381643
2023,1266,4,8380627,2023-03-12,Scotland,117894,Finn Russell,Fly-half,False,False,False,80,True,1.0,7,2,0,0,1,0,0,30,2,0,1,7,5,2,0,46,2,0,0,14.0,19.6,0.0,True,official_workbook_name_identity,0.0,0.0,0.0,1.6627906976744176,1.6627906976744176,15.662790697674417
2023,1266,4,8380627,2023-03-12,Scotland,142476,Ben White,Scrum-half,False,False,False,58,True,0.725,7,2,0,0,0,0,0,11,1,0,0,3,6,0,0,58,0,0,0,9.0,7.0,0.0,True,official_workbook_name_identity,0.0,0.0,0.0,1.376068376068376,1.376068376068376,10.376068376068377
2023,1266,4,8380627,2023-03-12,Scotland,130290,Pierre Schoeman,Prop,True,False,False,53,True,0.6625,7,2,0,0,0,0,0,17,1,0,0,15,7,0,0,3,1,0,0,9.0,18.0,0.0,True,official_workbook_name_identity,4.090586622112583,0.0,0.0,0.49340065242919223,4.583987274541775,13.583987274541775
2023,1266,4,8380627,2023-03-12,Scotland,117864,George Turner,Hooker,True,False,False,58,True,0.725,7,2,0,0,0,0,0,10,0,0,1,4,11,2,0,4,0,0,0,14.0,30.8,0.0,True,official_workbook_name_identity,4.47649102042509,0.0,0.0,0.912244070268424,5.3887350906935145,19.388735090693515
2023,1266,4,8380627,2023-03-12,Scotland,130530,Zander Fagerson,Prop,True,False,False,53,True,0.6625,7,2,0,0,0,0,0,10,0,0,0,5,11,0,0,3,0,0,0,12.0,18.6,0.0,True,official_workbook_name_identity,4.090586622112583,0.0,0.0,0.49340065242919223,4.583987274541775,16.583987274541776
2023,1266,4,8380627,2023-03-12,Scotland,97512,Richie Gray,Second-row,True,True,False,5,True,0.0625,7,2,0,0,0,0,0,0,0,0,0,1,2,0,0,0,0,0,0,2.0,2.6,0.0,True,official_workbook_name_identity,0.3859043983125078,0.12888730768612106,0.0,1.301319777877228,1.816111483875857,3.816111483875857
2023,1266,4,8380627,2023-03-12,Scotland,117852,Jonny Gray,Second-row,True,True,False,80,True,1.0,7,2,0,0,0,0,0,3,1,0,1,5,20,0,0,5,0,0,0,24.0,35.8,0.0,True,official_workbook_name_identity,6.1744703730001245,2.062196922977937,0.0,1.301319777877228,9.537987073855291,33.53798707385529
2023,1266,4,8380627,2023-03-12,Scotland,161856,Matt Fagerson,Back-row,True,True,False,66,True,0.825,7,2,0,0,0,0,0,8,2,0,0,6,13,0,0,6,1,0,0,16.0,20.6,0.0,True,official_workbook_name_identity,5.0939380577251026,1.7013124614567978,0.0,1.4831920462553747,8.278442565437276,24.278442565437274
2023,1266,4,8380627,2023-03-12,Scotland,130536,Jamie Ritchie,Back-row,True,True,False,80,True,1.0,7,2,0,0,0,0,0,5,1,0,0,5,16,1,0,1,1,0,0,17.0,34.0,0.0,True,official_workbook_name_identity,6.1744703730001245,2.062196922977937,0.0,1.4831920462553747,9.719859342233438,26.719859342233438
2023,1266,4,8380627,2023-03-12,Scotland,124308,Jack Dempsey,Back-row,True,True,False,80,True,1.0,7,2,0,0,0,0,0,40,1,0,0,9,23,0,1,3,0,0,0,34.0,41.0,0.0,True,official_workbook_name_identity,6.1744703730001245,2.062196922977937,0.0,1.4831920462553747,9.719859342233438,43.719859342233434
2023,1266,4,8380627,2023-03-12,Scotland,60816,Fraser Brown,Hooker,True,False,False,22,False,0.275,7,2,0,0,0,0,0,0,0,0,0,0,3,0,0,4,0,0,0,3.0,10.0,0.0,True,official_workbook_name_identity,1.6979793525750346,0.0,0.0,0.912244070268424,2.6102234228434584,5.610223422843458
2023,1266,4,8380627,2023-03-12,Scotland,117870,Jamie Bhatti,Prop,True,False,False,27,False,0.3375,7,2,0,0,0,0,0,1,0,0,1,2,6,0,0,2,1,0,0,7.0,7.0,0.0,True,official_workbook_name_identity,2.0838837508875425,0.0,0.0,0.49340065242919223,2.577284403316735,9.577284403316735
2023,1266,4,8380627,2023-03-12,Scotland,130044,Simon Berghan,Prop,True,False,False,27,False,0.3375,7,2,0,0,0,0,0,6,0,0,0,4,5,0,0,1,1,0,0,4.0,7.8,0.0,True,official_workbook_name_identity,2.0838837508875425,0.0,0.0,0.49340065242919223,2.577284403316735,6.577284403316735
2023,1266,4,8380627,2023-03-12,Scotland,136596,Scott Cummings,Second-row,True,True,False,75,False,0.9375,7,2,0,0,0,0,0,4,0,0,0,2,10,0,0,4,0,0,0,10.0,10.8,0.0,True,official_workbook_name_identity,5.788565974687617,1.9333096152918159,0.0,1.301319777877228,9.023195367856662,19.023195367856662
2023,1266,4,8380627,2023-03-12,Scotland,111852,Hamish Watson,Back-row,True,True,False,14,False,0.175,7,2,0,0,0,0,0,0,0,0,0,0,1,0,0,1,0,0,0,1.0,2.6,0.0,True,official_workbook_name_identity,1.0805323152750217,0.36088446152113896,0.0,1.4831920462553747,2.9246088230515355,3.9246088230515355
2023,1266,4,8380627,2023-03-12,Scotland,119892,Ali Price,Scrum-half,False,False,False,22,False,0.275,7,2,0,0,0,0,0,0,0,0,0,0,2,0,0,31,0,0,0,2.0,2.0,0.0,True,official_workbook_name_identity,0.0,0.0,0.0,1.376068376068376,1.376068376068376,3.376068376068376
2023,1266,4,8380627,2023-03-12,Scotland,139902,Blair Kinghorn,Back-three,False,False,False,16,False,0.2,7,2,0,0,0,0,0,56,2,0,0,4,1,0,0,1,0,0,0,10.0,12.8,0.0,True,official_workbook_name_identity,0.0,0.0,0.0,0.9468599033816418,0.9468599033816418,10.946859903381641
2023,1266,4,8380627,2023-03-12,Scotland,125406,Chris Harris,Centre,False,False,False,0,False,0.0,7,2,0,0,0,0,0,0,0,0,0,0,1,0,0,0,0,0,0,1.0,1.0,0.0,True,official_workbook_name_identity,0.0,0.0,0.0,1.4896551724137947,1.4896551724137947,2.4896551724137947
2023,1266,4,8380627,2023-03-12,Ireland,143496,Hugo Keenan,Back-three,False,False,False,80,True,1.0,3,3,0,1,0,0,0,73,0,2,1,9,6,0,0,7,0,0,0,19.0,44.4,0.0,True,official_workbook_name_identity,0.0,0.0,0.0,0.9468599033816418,0.9468599033816418,19.946859903381643
2023,1266,4,8380627,2023-03-12,Ireland,166674,Mack Hansen,Back-three,False,False,False,80,True,1.0,3,3,1,1,0,0,0,57,1,0,2,11,4,3,0,10,0,0,0,29.0,95.8,1.0,True,official_workbook_name_identity,0.0,0.0,15.0,0.9468599033816418,15.946859903381641,44.94685990338164
2023,1266,4,8380627,2023-03-12,Ireland,129372,Garry Ringrose,Centre,False,False,False,72,True,0.9,3,3,0,0,0,0,0,28,0,0,0,5,2,7,0,4,0,0,0,4.0,27.0,0.0,True,official_workbook_name_identity,0.0,0.0,0.0,1.4896551724137947,1.4896551724137947,5.489655172413794
2023,1266,4,8380627,2023-03-12,Ireland,114804,Bundee Aki,Centre,False,False,False,66,True,0.825,3,3,0,0,0,0,0,23,1,0,0,7,11,1,0,5,0,0,0,15.0,33.2,0.0,True,official_workbook_name_identity,0.0,0.0,0.0,1.4896551724137947,1.4896551724137947,16.489655172413794
2023,1266,4,8380627,2023-03-12,Ireland,120468,James Lowe,Back-three,False,False,False,80,True,1.0,3,3,1,0,0,0,0,96,3,2,1,8,7,1,3,5,0,0,0,49.0,71.0,0.0,True,official_workbook_name_identity,0.0,0.0,0.0,0.9468599033816418,0.9468599033816418,49.94685990338164
2023,1266,4,8380627,2023-03-12,Ireland,90342,Johnny Sexton,Fly-half,False,False,False,70,True,0.875,3,3,0,0,2,1,0,20,0,0,0,4,10,4,0,27,0,0,0,19.0,31.4,0.0,True,official_workbook_name_identity,0.0,0.0,0.0,1.6627906976744176,1.6627906976744176,20.662790697674417
2023,1266,4,8380627,2023-03-12,Ireland,61860,Conor Murray,Scrum-half,False,False,False,53,True,0.6625,3,3,0,0,0,0,0,2,0,0,0,3,9,1,0,50,0,0,0,9.0,15.3,0.0,True,official_workbook_name_identity,0.0,0.0,0.0,1.376068376068376,1.376068376068376,10.376068376068377
2023,1266,4,8380627,2023-03-12,Ireland,139806,Andrew Porter,Prop,True,False,False,80,True,1.0,3,3,0,0,0,0,0,9,0,0,0,4,12,1,0,3,2,0,0,10.0,22.8,0.0,True,official_workbook_name_identity,2.646201588428625,0.0,0.0,0.49340065242919223,3.1396022408578173,13.139602240857817
2023,1266,4,8380627,2023-03-12,Ireland,186096,Dan Sheehan,Hooker,True,False,False,18,True,0.225,3,3,0,0,0,0,0,0,0,0,0,1,6,1,0,0,0,0,0,6.0,5.8,0.0,True,official_workbook_name_identity,0.5953953573964407,0.0,0.0,0.912244070268424,1.5076394276648646,7.507639427664865
2023,1266,4,8380627,2023-03-12,Ireland,112374,Tadhg Furlong,Prop,True,False,False,64,True,0.8,3,3,0,0,0,0,0,8,0,0,0,7,12,1,0,4,0,0,0,12.0,25.7,0.0,True,official_workbook_name_identity,2.1169612707429004,0.0,0.0,0.49340065242919223,2.6103619231720927,14.610361923172093
2023,1266,4,8380627,2023-03-12,Ireland,112074,Iain Henderson,Second-row,True,True,False,23,True,0.2875,3,3,0,0,0,0,0,0,2,0,0,2,8,0,0,1,0,0,0,12.0,11.2,0.0,True,official_workbook_name_identity,0.7607829566732296,0.8893224230342353,0.0,1.301319777877228,2.9514251575846933,14.951425157584694
2023,1266,4,8380627,2023-03-12,Ireland,143604,James Ryan,Second-row,True,True,False,80,True,1.0,3,3,0,0,0,0,0,39,0,0,0,12,11,0,1,4,0,0,0,19.0,70.0,0.0,True,official_workbook_name_identity,2.646201588428625,3.0932953844669053,0.0,1.301319777877228,7.040816750772758,26.04081675077276
2023,1266,4,8380627,2023-03-12,Ireland,61620,Peter O'Mahony,Back-row,True,True,False,80,True,1.0,3,3,0,0,0,0,0,8,0,0,0,7,14,0,1,2,0,0,0,19.0,26.2,0.0,True,official_workbook_name_identity,2.646201588428625,3.0932953844669053,0.0,1.4831920462553747,7.222689019150905,26.222689019150906
2023,1266,4,8380627,2023-03-12,Ireland,118518,Josh van der Flier,Back-row,True,True,False,80,True,1.0,3,3,0,0,0,0,0,26,1,0,0,2,18,0,0,6,1,0,0,21.0,49.2,0.0,True,official_workbook_name_identity,2.646201588428625,3.0932953844669053,0.0,1.4831920462553747,7.222689019150905,28.222689019150906
2023,1266,4,8380627,2023-03-12,Ireland,148680,Caelan Doris,Back-row,True,True,False,12,True,0.15,3,3,0,0,0,0,0,14,0,0,0,3,4,0,0,0,0,0,0,5.0,9.8,0.0,True,official_workbook_name_identity,0.3969302382642937,0.46399430767003574,0.0,1.4831920462553747,2.344116592189704,7.344116592189704
2023,1266,4,8380627,2023-03-12,Ireland,148644,Ronan Kelleher,Hooker,True,False,False,30,False,0.375,3,3,0,0,0,0,0,12,0,0,2,3,3,1,0,2,0,0,0,8.0,9.6,0.0,True,official_workbook_name_identity,0.9923255956607344,0.0,0.0,0.912244070268424,1.9045696659291584,9.90456966592916
2023,1266,4,8380627,2023-03-12,Ireland,56550,Cian Healy,Prop,True,False,False,32,False,0.4,3,3,0,0,0,0,0,4,0,0,0,4,1,0,0,1,1,0,0,0.0,7.2,0.0,True,official_workbook_name_identity,1.0584806353714502,0.0,0.0,0.49340065242919223,1.5518812878006425,1.5518812878006425
2023,1266,4,8380627,2023-03-12,Ireland,148650,Tom O'Toole,Prop,True,False,False,16,False,0.2,3,3,0,0,0,0,0,0,0,0,0,0,1,0,0,0,0,0,0,1.0,2.5,0.0,True,official_workbook_name_identity,0.5292403176857251,0.0,0.0,0.49340065242919223,1.0226409701149173,2.0226409701149173
2023,1266,4,8380627,2023-03-12,Ireland,203190,Ryan Baird,Back-row,True,True,False,57,False,0.7125,3,3,0,0,0,0,0,15,0,0,1,6,4,1,0,3,1,0,0,6.0,13.8,0.0,True,official_workbook_name_identity,1.8854186317553954,2.20397296143267,0.0,1.4831920462553747,5.57258363944344,11.57258363944344
2023,1266,4,8380627,2023-03-12,Ireland,117936,Jack Conan,Back-row,True,True,False,68,False,0.85,3,3,1,0,0,0,0,65,2,0,2,14,7,0,0,4,1,0,0,35.0,53.0,0.0,True,official_workbook_name_identity,2.249271350164331,2.629301076796869,0.0,1.4831920462553747,6.361764473216575,41.361764473216574
2023,1266,4,8380627,2023-03-12,Ireland,120504,Jamison Gibson-Park,Scrum-half,False,False,False,27,False,0.3375,3,3,0,1,0,0,0,34,0,1,0,1,2,0,0,31,0,0,0,9.0,25.5,0.0,True,official_workbook_name_identity,0.0,0.0,0.0,1.376068376068376,1.376068376068376,10.376068376068377
2023,1266,4,8380627,2023-03-12,Ireland,129288,Ross Byrne,Fly-half,False,False,False,10,False,0.125,3,3,0,0,0,0,0,0,0,0,0,0,2,1,0,1,0,0,0,2.0,3.0,0.0,True,official_workbook_name_identity,0.0,0.0,0.0,1.6627906976744176,1.6627906976744176,3.6627906976744176
2023,1266,4,8380627,2023-03-12,Ireland,120702,Robbie Henshaw,Centre,False,False,False,14,False,0.175,3,3,0,0,0,0,0,0,0,0,0,1,8,2,1,3,0,0,0,13.0,8.2,0.0,True,official_workbook_name_identity,0.0,0.0,0.0,1.4896551724137947,1.4896551724137947,14.489655172413794
2023,1266,5,8380636,2023-03-18,Scotland,202194,Ollie Smith,Back-three,False,False,False,67,True,0.8375,7,1,0,0,0,0,0,78,4,1,0,7,0,0,0,4,0,0,0,15.0,,,False,missing,0.0,0.0,0.5072463768115941,0.9468599033816418,1.454106280193236,16.454106280193237
2023,1266,5,8380636,2023-03-18,Scotland,171582,Kyle Steyn,Back-three,False,False,False,80,True,1.0,7,1,0,0,0,0,0,59,2,0,1,10,7,0,0,5,0,0,0,18.0,,,False,missing,0.0,0.0,0.5072463768115941,0.9468599033816418,1.454106280193236,19.454106280193237
2023,1266,5,8380636,2023-03-18,Scotland,136776,Huw Jones,Centre,False,False,False,80,True,1.0,7,1,0,1,0,0,0,21,1,0,1,6,9,1,0,5,0,0,0,19.0,,,False,missing,0.0,0.0,0.3103448275862069,1.4896551724137947,1.8000000000000016,20.8
2023,1266,5,8380636,2023-03-18,Scotland,139998,Sione Tuipulotu,Centre,False,False,False,67,True,0.8375,7,1,0,0,0,0,0,10,2,0,0,10,6,1,0,13,0,0,0,11.0,,,False,missing,0.0,0.0,0.3103448275862069,1.4896551724137947,1.8000000000000016,12.8
2023,1266,5,8380636,2023-03-18,Scotland,131400,Duhan van der Merwe,Back-three,False,False,False,80,True,1.0,7,1,1,1,0,0,0,86,8,2,0,11,1,1,0,6,2,0,0,37.0,,,False,missing,0.0,0.0,0.5072463768115941,0.9468599033816418,1.454106280193236,38.45410628019324
2023,1266,5,8380636,2023-03-18,Scotland,139902,Blair Kinghorn,Back-three,False,False,False,80,True,1.0,7,1,3,0,3,0,0,82,2,0,0,8,4,1,0,27,1,0,0,51.0,,,False,missing,0.0,0.0,0.5072463768115941,0.9468599033816418,1.454106280193236,52.45410628019324
2023,1266,5,8380636,2023-03-18,Scotland,142476,Ben White,Scrum-half,False,False,False,59,True,0.7375,7,1,0,2,0,0,0,10,0,0,2,7,9,0,0,73,0,0,0,22.0,,,False,missing,0.0,0.0,0.5128205128205129,1.376068376068376,1.8888888888888888,23.88888888888889
2023,1266,5,8380636,2023-03-18,Scotland,130290,Pierre Schoeman,Prop,True,False,False,59,True,0.7375,7,1,0,0,0,0,0,19,2,0,1,13,11,1,0,5,1,0,0,17.0,,,False,missing,4.5536719000875925,0.0,0.0635593220338983,0.49340065242919223,5.110631874550682,22.110631874550684
2023,1266,5,8380636,2023-03-18,Scotland,117864,George Turner,Hooker,True,False,False,50,True,0.625,7,1,0,0,0,0,0,14,0,0,0,5,5,1,0,2,0,0,0,6.0,,,False,missing,3.859043983125078,0.0,0.1271186440677966,0.912244070268424,4.898406697461299,10.898406697461299
2023,1266,5,8380636,2023-03-18,Scotland,130530,Zander Fagerson,Prop,True,False,False,70,True,0.875,7,1,0,0,0,0,0,8,2,0,0,9,11,1,0,5,2,0,0,13.0,,,False,missing,5.40266157637511,0.0,0.0635593220338983,0.49340065242919223,5.959621550838199,18.9596215508382
2023,1266,5,8380636,2023-03-18,Scotland,135774,Sam Skinner,Second-row,True,True,False,80,True,1.0,7,1,0,0,0,0,0,3,1,0,0,5,11,0,1,4,0,0,0,18.0,,,False,missing,6.1744703730001245,1.0310984614889684,0.24324324324324326,1.301319777877228,8.750131855609563,26.750131855609563
2023,1266,5,8380636,2023-03-18,Scotland,117852,Jonny Gray,Second-row,True,True,False,59,True,0.7375,7,1,0,0,0,0,0,16,0,1,1,12,14,0,0,1,1,0,0,16.0,,,False,missing,4.5536719000875925,0.7604351153481143,0.24324324324324326,1.301319777877228,6.858670036556178,22.858670036556177
2023,1266,5,8380636,2023-03-18,Scotland,130536,Jamie Ritchie,Back-row,True,True,False,80,True,1.0,7,1,0,0,0,0,0,10,1,0,2,9,12,1,0,8,1,0,0,18.0,,,False,missing,6.1744703730001245,1.0310984614889684,0.39179104477611937,1.4831920462553747,9.080551925520586,27.080551925520588
2023,1266,5,8380636,2023-03-18,Scotland,111852,Hamish Watson,Back-row,True,True,False,50,True,0.625,7,1,0,0,0,0,0,18,1,0,1,7,10,0,0,4,0,0,0,15.0,,,False,missing,3.859043983125078,0.6444365384306052,0.39179104477611937,1.4831920462553747,6.378463612587177,21.378463612587176
2023,1266,5,8380636,2023-03-18,Scotland,124308,Jack Dempsey,Back-row,True,True,False,80,True,1.0,7,1,0,0,0,0,0,52,6,0,1,13,23,0,0,5,3,0,0,39.0,,,False,missing,6.1744703730001245,1.0310984614889684,0.39179104477611937,1.4831920462553747,9.080551925520586,48.08055192552059
2023,1266,5,8380636,2023-03-18,Scotland,187422,Ewan Ashman,Hooker,True,False,False,30,False,0.375,7,1,0,0,0,0,0,1,0,0,1,1,10,0,0,2,1,0,0,11.0,,,False,missing,2.315426389875047,0.0,0.1271186440677966,0.912244070268424,3.3547891042112674,14.354789104211267
2023,1266,5,8380636,2023-03-18,Scotland,134172,Rory Sutherland,Prop,True,False,False,21,False,0.2625,7,1,0,0,0,0,0,0,0,0,1,3,1,1,0,2,0,0,0,3.0,,,False,missing,1.6207984729125329,0.0,0.0635593220338983,0.49340065242919223,2.1777584473756235,5.1777584473756235
2023,1266,5,8380636,2023-03-18,Scotland,61812,WP Nel,Prop,True,False,False,10,False,0.125,7,1,0,0,0,0,0,0,0,0,0,0,3,0,0,1,0,0,0,3.0,,,False,missing,0.7718087966250156,0.0,0.0635593220338983,0.49340065242919223,1.3287687710881062,4.328768771088106
2023,1266,5,8380636,2023-03-18,Scotland,136596,Scott Cummings,Second-row,True,True,False,21,False,0.2625,7,1,0,0,0,0,0,0,0,0,0,2,4,0,0,2,0,0,0,4.0,,,False,missing,1.6207984729125329,0.27066334614085424,0.24324324324324326,1.301319777877228,3.4360248401738582,7.436024840173858
2023,1266,5,8380636,2023-03-18,Scotland,161856,Matt Fagerson,Back-row,True,True,False,30,False,0.375,7,1,0,0,0,0,0,2,0,0,0,4,13,0,0,2,2,0,0,11.0,,,False,missing,2.315426389875047,0.38666192305836317,0.39179104477611937,1.4831920462553747,4.577071403964904,15.577071403964904
2023,1266,5,8380636,2023-03-18,Scotland,119892,Ali Price,Scrum-half,False,False,False,21,False,0.2625,7,1,0,0,0,0,0,59,1,1,1,3,2,0,0,13,0,0,0,11.0,,,False,missing,0.0,0.0,0.5128205128205129,1.376068376068376,1.8888888888888888,12.88888888888889
2023,1266,5,8380636,2023-03-18,Scotland,203100,Ben Healy,Fly-half,False,False,False,13,False,0.1625,7,1,0,0,0,0,0,0,0,0,0,1,3,0,0,4,1,0,0,2.0,,,False,missing,0.0,0.0,0.6976744186046512,1.6627906976744176,2.3604651162790686,4.360465116279069
2023,1266,5,8380636,2023-03-18,Scotland,177348,Cameron Redpath,Centre,False,False,False,13,False,0.1625,7,1,0,0,0,0,0,7,1,0,1,2,1,0,1,2,0,0,0,10.0,,,False,missing,0.0,0.0,0.3103448275862069,1.4896551724137947,1.8000000000000016,11.8
2023,1266,5,8380636,2023-03-18,Italy,117834,Tommaso Allan,Back-three,False,False,False,80,True,1.0,3,0,1,0,0,2,0,68,0,1,0,6,2,1,0,15,0,0,0,24.0,,,False,missing,0.0,0.0,0.5072463768115941,0.9468599033816418,1.454106280193236,25.454106280193237
2023,1266,5,8380636,2023-03-18,Italy,136626,Pierre Bruno,Back-three,False,False,False,80,True,1.0,3,0,0,0,0,0,0,63,0,1,3,6,6,6,0,8,0,0,0,18.0,,,False,missing,0.0,0.0,0.5072463768115941,0.9468599033816418,1.454106280193236,19.454106280193237
2023,1266,5,8380636,2023-03-18,Italy,118614,Juan Ignacio Brex,Centre,False,False,False,80,True,1.0,3,0,0,0,0,0,0,27,0,0,0,11,10,1,0,22,1,0,0,11.0,,,False,missing,0.0,0.0,0.3103448275862069,1.4896551724137947,1.8000000000000016,12.8
2023,1266,5,8380636,2023-03-18,Italy,112206,Luca Morisi,Centre,False,False,False,70,True,0.875,3,0,0,0,0,0,0,58,1,0,0,13,12,1,0,5,0,0,0,19.0,,,False,missing,0.0,0.0,0.3103448275862069,1.4896551724137947,1.8000000000000016,20.8
2023,1266,5,8380636,2023-03-18,Italy,231810,Simone Gesi,Back-three,False,False,False,28,True,0.35,3,0,0,0,0,0,0,15,1,0,0,4,2,1,0,2,0,0,0,5.0,,,False,missing,0.0,0.0,0.5072463768115941,0.9468599033816418,1.454106280193236,6.454106280193236
2023,1266,5,8380636,2023-03-18,Italy,203034,Paolo Garbisi,Fly-half,False,False,False,80,True,1.0,3,0,0,1,0,1,0,23,1,0,0,9,10,1,0,36,0,0,0,21.0,,,False,missing,0.0,0.0,0.6976744186046512,1.6627906976744176,2.3604651162790686,23.36046511627907
2023,1266,5,8380636,2023-03-18,Italy,180450,Alessandro Fusco,Scrum-half,False,False,False,50,True,0.625,3,0,0,0,0,0,0,30,2,1,0,4,10,5,0,40,0,0,0,17.0,,,False,missing,0.0,0.0,0.5128205128205129,1.376068376068376,1.8888888888888888,18.88888888888889
2023,1266,5,8380636,2023-03-18,Italy,164232,Danilo Fischetti,Prop,True,False,False,56,True,0.7,3,0,0,0,0,0,0,7,0,0,0,6,18,1,0,1,2,0,0,16.0,,,False,missing,1.8523411119000373,0.0,0.0635593220338983,0.49340065242919223,2.409301086363128,18.40930108636313
2023,1266,5,8380636,2023-03-18,Italy,226836,Giacomo Nicotera,Hooker,True,False,False,72,True,0.9,3,0,0,0,0,0,0,3,0,0,0,5,18,5,0,8,0,0,0,18.0,,,False,missing,2.3815814295857627,0.0,0.1271186440677966,0.912244070268424,3.420944143921983,21.420944143921982
2023,1266,5,8380636,2023-03-18,Italy,144684,Marco Riccioni,Prop,True,False,False,56,True,0.7,3,0,0,0,0,0,0,0,1,0,0,2,12,1,0,3,2,1,0,7.0,,,False,missing,1.8523411119000373,0.0,0.0635593220338983,0.49340065242919223,2.409301086363128,9.409301086363127
2023,1266,5,8380636,2023-03-18,Italy,164208,Edoardo Iachizzi,Second-row,True,True,False,22,True,0.275,3,0,0,0,0,0,0,4,0,0,0,5,7,2,0,1,2,0,0,5.0,,,False,missing,0.7277054368178719,0.0,0.24324324324324326,1.301319777877228,2.272268457938343,7.272268457938344
2023,1266,5,8380636,2023-03-18,Italy,129234,Federico Ruzza,Second-row,True,True,False,80,True,1.0,3,0,0,0,0,0,0,6,0,0,0,3,21,0,0,3,0,0,0,21.0,,,False,missing,2.646201588428625,0.0,0.24324324324324326,1.301319777877228,4.190764609549096,25.190764609549095
2023,1266,5,8380636,2023-03-18,Italy,129216,Sebastian Negri,Back-row,True,True,False,45,True,0.5625,3,0,0,0,0,0,0,9,1,0,0,6,13,1,0,1,0,0,0,15.0,,,False,missing,1.4884883934911015,0.0,0.39179104477611937,1.4831920462553747,3.363471484522596,18.363471484522595
2023,1266,5,8380636,2023-03-18,Italy,164220,Michele Lamaro,Back-row,True,True,False,80,True,1.0,3,0,0,0,0,0,0,6,0,0,1,6,18,2,0,10,1,0,0,19.0,,,False,missing,2.646201588428625,0.0,0.39179104477611937,1.4831920462553747,4.521184679460119,23.52118467946012
2023,1266,5,8380636,2023-03-18,Italy,220140,Lorenzo Cannone,Back-row,True,True,False,59,True,0.7375,3,0,0,0,0,0,0,37,1,0,1,7,11,1,0,3,1,0,0,17.0,,,False,missing,1.9515736714661112,0.0,0.39179104477611937,1.4831920462553747,3.8265567624976056,20.826556762497606
2023,1266,5,8380636,2023-03-18,Italy,147360,Marco Manfredi,Hooker,True,False,False,8,False,0.1,3,0,0,0,0,0,0,10,0,0,0,3,0,0,0,0,0,0,0,1.0,,,False,missing,0.26462015884286255,0.0,0.1271186440677966,0.912244070268424,1.3039828731790832,2.3039828731790832
2023,1266,5,8380636,2023-03-18,Italy,140904,Federico Zani,Prop,True,False,False,24,False,0.3,3,0,0,0,0,0,0,0,0,0,0,1,6,0,0,1,0,0,0,6.0,,,False,missing,0.7938604765285874,0.0,0.0635593220338983,0.49340065242919223,1.350820450991678,7.350820450991678
2023,1266,5,8380636,2023-03-18,Italy,118062,Pietro Ceccarelli,Prop,True,False,False,11,False,0.1375,3,0,0,0,0,0,0,4,0,0,0,3,2,1,0,2,0,0,0,2.0,,,False,missing,0.36385271840893596,0.0,0.0635593220338983,0.49340065242919223,0.9208126928720265,2.9208126928720266
2023,1266,5,8380636,2023-03-18,Italy,167196,Niccolo Cannone,Second-row,True,True,False,10,False,0.125,3,0,0,0,0,0,0,2,0,0,0,5,9,3,0,0,0,0,0,9.0,,,False,missing,0.3307751985535781,0.0,0.24324324324324326,1.301319777877228,1.8753382196740493,10.875338219674049
2023,1266,5,8380636,2023-03-18,Italy,147378,Giovanni Pettinelli,Back-row,True,True,False,21,False,0.2625,3,0,0,0,0,0,0,5,0,0,0,3,5,0,0,2,0,0,0,5.0,,,False,missing,0.6946279169625141,0.0,0.39179104477611937,1.4831920462553747,2.569611007994008,7.569611007994008
2023,1266,5,8380636,2023-03-18,Italy,204054,Manuel Zuliani,Back-row,True,True,False,35,False,0.4375,3,0,0,0,0,0,0,8,0,0,1,7,3,0,0,3,0,0,0,5.0,,,False,missing,1.1577131949375234,0.0,0.39179104477611937,1.4831920462553747,3.032696285969018,8.032696285969017
2023,1266,5,8380636,2023-03-18,Italy,231774,Alessandro Garbisi,Scrum-half,False,False,False,30,False,0.375,3,0,0,0,0,0,0,13,1,0,0,4,1,1,0,42,0,0,0,4.0,,,False,missing,0.0,0.0,0.5128205128205129,1.376068376068376,1.8888888888888888,5.888888888888889
2023,1266,5,8380636,2023-03-18,Italy,148110,Marco Zanon,Centre,False,False,False,10,False,0.125,3,0,0,0,0,0,0,8,0,0,0,4,0,0,0,1,0,0,0,0.0,,,False,missing,0.0,0.0,0.3103448275862069,1.4896551724137947,1.8000000000000016,1.8000000000000016
2023,1266,5,8380645,2023-03-18,France,129822,Thomas Ramos,Back-three,False,False,False,80,True,1.0,5,1,0,2,5,2,0,68,2,1,1,11,2,1,0,14,0,0,0,38.0,,,False,missing,0.0,0.0,0.5072463768115941,0.9468599033816418,1.454106280193236,39.45410628019324
2023,1266,5,8380645,2023-03-18,France,139668,Damian Penaud,Back-three,False,False,False,80,True,1.0,5,1,2,1,0,0,0,78,2,2,1,6,8,3,0,5,1,0,0,44.0,,,False,missing,0.0,0.0,0.5072463768115941,0.9468599033816418,1.454106280193236,45.45410628019324
2023,1266,5,8380645,2023-03-18,France,119154,Gael Fickou,Centre,False,False,False,80,True,1.0,5,1,1,0,0,0,0,28,2,1,0,5,10,2,0,4,1,0,0,25.0,,,False,missing,0.0,0.0,0.3103448275862069,1.4896551724137947,1.8000000000000016,26.8
2023,1266,5,8380645,2023-03-18,France,116418,Jonathan Danty,Centre,False,False,False,80,True,1.0,5,1,1,0,0,0,0,34,0,0,1,9,10,0,1,3,0,0,0,30.0,,,False,missing,0.0,0.0,0.3103448275862069,1.4896551724137947,1.8000000000000016,31.8
2023,1266,5,8380645,2023-03-18,France,202800,Ethan Dumortier,Back-three,False,False,False,74,True,0.925,5,1,0,0,0,0,0,26,2,0,1,5,6,1,1,2,0,0,0,19.0,,,False,missing,0.0,0.0,0.5072463768115941,0.9468599033816418,1.454106280193236,20.454106280193237
2023,1266,5,8380645,2023-03-18,France,165180,Romain Ntamack,Fly-half,False,False,False,80,True,1.0,5,1,0,0,0,0,0,43,2,1,2,6,5,3,0,21,0,0,0,17.0,,,False,missing,0.0,0.0,0.6976744186046512,1.6627906976744176,2.3604651162790686,19.36046511627907
2023,1266,5,8380645,2023-03-18,France,135318,Antoine Dupont,Scrum-half,False,False,False,74,True,0.925,5,1,0,1,0,0,0,42,4,1,0,10,8,2,1,52,1,0,0,28.0,,,False,missing,0.0,0.0,0.5128205128205129,1.376068376068376,1.8888888888888888,29.88888888888889
2023,1266,5,8380645,2023-03-18,France,121938,Cyril Baille,Prop,True,False,False,49,True,0.6125,5,1,0,0,0,0,0,11,0,0,0,6,8,0,0,2,0,0,0,9.0,,,False,missing,2.701330788187555,0.0,0.0635593220338983,0.49340065242919223,3.2582907626506454,12.258290762650645
2023,1266,5,8380645,2023-03-18,France,135138,Julien Marchand,Hooker,True,False,False,49,True,0.6125,5,1,0,0,0,0,0,12,1,1,0,2,7,0,0,1,0,0,0,10.0,,,False,missing,2.701330788187555,0.0,0.1271186440677966,0.912244070268424,3.7406935025237757,13.740693502523776
2023,1266,5,8380645,2023-03-18,France,133446,Uini Atonio,Prop,True,False,False,44,True,0.55,5,1,1,0,0,0,0,0,0,0,0,3,6,2,0,1,0,0,0,21.0,,,False,missing,2.425684789392906,0.0,0.0635593220338983,0.49340065242919223,2.9826447638559968,23.982644763855998
2023,1266,5,8380645,2023-03-18,France,213072,Thibaud Flament,Second-row,True,True,False,80,True,1.0,5,1,0,0,0,0,0,1,0,0,0,2,14,0,0,2,0,0,0,14.0,,,False,missing,4.410335980714375,1.0310984614889684,0.24324324324324326,1.301319777877228,6.985997463323814,20.985997463323812
2023,1266,5,8380645,2023-03-18,France,58998,Romain Taofifenua,Second-row,True,True,False,59,True,0.7375,5,1,0,0,0,0,0,10,0,0,0,6,7,0,0,2,0,0,0,8.0,,,False,missing,3.2526227857768517,0.7604351153481143,0.24324324324324326,1.301319777877228,5.5576209222454365,13.557620922245437
2023,1266,5,8380645,2023-03-18,France,123366,Francois Cros,Back-row,True,True,False,80,True,1.0,5,1,0,0,0,0,0,5,0,0,0,3,18,1,0,1,0,0,0,18.0,,,False,missing,4.410335980714375,1.0310984614889684,0.39179104477611937,1.4831920462553747,7.316417533234837,25.316417533234837
2023,1266,5,8380645,2023-03-18,France,123504,Charles Ollivon,Back-row,True,True,False,74,True,0.925,5,1,0,0,0,0,0,38,0,0,0,7,13,2,0,2,0,0,0,16.0,,,False,missing,4.079560782160796,0.9537660768772959,0.39179104477611937,1.4831920462553747,6.908309950069586,22.908309950069587
2023,1266,5,8380645,2023-03-18,France,176748,Gregory Alldritt,Back-row,True,True,False,80,True,1.0,5,1,0,0,0,0,0,32,3,0,0,12,8,1,0,1,1,0,0,16.0,,,False,missing,4.410335980714375,1.0310984614889684,0.39179104477611937,1.4831920462553747,7.316417533234837,23.316417533234837
2023,1266,5,8380645,2023-03-18,France,147480,Peato Mauvaka,Hooker,True,False,False,31,False,0.3875,5,1,0,0,0,0,0,5,0,0,0,2,4,1,0,2,0,0,0,4.0,,,False,missing,1.7090051925268204,0.0,0.1271186440677966,0.912244070268424,2.7483679068630407,6.748367906863041
2023,1266,5,8380645,2023-03-18,France,189984,Reda Wardi,Prop,True,False,False,31,False,0.3875,5,1,0,0,0,0,0,1,0,0,0,4,4,0,0,0,0,0,0,4.0,,,False,missing,1.7090051925268204,0.0,0.0635593220338983,0.49340065242919223,2.265965166989911,6.265965166989911
2023,1266,5,8380645,2023-03-18,France,178248,Sipili Falatea,Prop,True,False,False,0,False,0.0,5,1,0,0,0,0,0,0,0,0,0,2,4,1,0,0,1,0,0,3.0,,,False,missing,0.0,0.0,0.0635593220338983,0.49340065242919223,0.5569599744630905,3.5569599744630906
2023,1266,5,8380645,2023-03-18,France,118122,Bastien Chalureau,Second-row,True,True,False,21,False,0.2625,5,1,0,0,0,0,0,3,0,0,0,3,2,0,0,0,0,0,0,2.0,,,False,missing,1.1577131949375234,0.27066334614085424,0.24324324324324326,1.301319777877228,2.972939562198849,4.9729395621988495
2023,1266,5,8380645,2023-03-18,France,136914,Sekou Macalou,Back-row,True,True,False,6,False,0.075,5,1,0,0,0,0,0,0,0,0,0,0,0,0,0,0,0,0,0,0.0,,,False,missing,0.3307751985535781,0.07733238461167263,0.39179104477611937,1.4831920462553747,2.2830906741967447,2.2830906741967447
2023,1266,5,8380645,2023-03-18,France,186162,Maxime Lucu,Scrum-half,False,False,False,6,False,0.075,5,1,0,0,0,0,0,0,0,0,0,0,1,0,0,4,0,0,0,1.0,,,False,missing,0.0,0.0,0.5128205128205129,1.376068376068376,1.8888888888888888,2.888888888888889
2023,1266,5,8380645,2023-03-18,France,196152,Yoram Moefana,Centre,False,False,False,6,False,0.075,5,1,0,0,0,0,0,0,0,0,0,0,0,0,0,0,0,0,0,0.0,,,False,missing,0.0,0.0,0.3103448275862069,1.4896551724137947,1.8000000000000016,1.8000000000000016
2023,1266,5,8380645,2023-03-18,France,221094,Melvyn Jaminet,Back-three,False,False,False,0,False,0.0,5,1,0,0,0,0,0,0,0,0,0,0,0,0,0,0,0,0,0,0.0,,,False,missing,0.0,0.0,0.5072463768115941,0.9468599033816418,1.454106280193236,1.454106280193236
2023,1266,5,8380645,2023-03-18,Wales,187290,Louis Rees-Zammit,Back-three,False,False,False,74,True,0.925,5,0,0,0,0,0,0,68,1,0,1,10,2,1,0,5,0,0,0,12.0,,,False,missing,0.0,0.0,0.5072463768115941,0.9468599033816418,1.454106280193236,13.454106280193237
2023,1266,5,8380645,2023-03-18,Wales,129096,Josh Adams,Back-three,False,False,False,80,True,1.0,5,0,0,0,0,0,0,36,1,1,0,5,6,1,1,3,0,0,0,16.0,,,False,missing,0.0,0.0,0.5072463768115941,0.9468599033816418,1.454106280193236,17.454106280193237
2023,1266,5,8380645,2023-03-18,Wales,109650,George North,Centre,False,False,False,80,True,1.0,5,0,1,0,0,0,0,31,5,2,1,10,5,2,0,5,0,0,0,30.0,,,False,missing,0.0,0.0,0.3103448275862069,1.4896551724137947,1.8000000000000016,31.8
2023,1266,5,8380645,2023-03-18,Wales,120162,Nick Tompkins,Centre,False,False,False,80,True,1.0,5,0,0,0,0,0,0,17,6,0,6,11,7,1,0,16,1,0,0,31.0,,,False,missing,0.0,0.0,0.3103448275862069,1.4896551724137947,1.8000000000000016,32.800000000000004
2023,1266,5,8380645,2023-03-18,Wales,178890,Rio Dyer,Back-three,False,False,False,80,True,1.0,5,0,1,0,0,0,0,56,5,2,0,10,4,1,0,1,0,0,0,29.0,,,False,missing,0.0,0.0,0.5072463768115941,0.9468599033816418,1.454106280193236,30.454106280193237
2023,1266,5,8380645,2023-03-18,Wales,58554,Dan Biggar,Fly-half,False,False,False,74,True,0.925,5,0,0,0,3,0,0,25,1,0,0,5,8,1,0,22,0,0,0,18.0,,,False,missing,0.0,0.0,0.6976744186046512,1.6627906976744176,2.3604651162790686,20.36046511627907
2023,1266,5,8380645,2023-03-18,Wales,58584,Rhys Webb,Scrum-half,False,False,False,54,True,0.675,5,0,0,1,0,0,0,14,0,0,1,3,7,2,0,36,0,0,0,14.0,,,False,missing,0.0,0.0,0.5128205128205129,1.376068376068376,1.8888888888888888,15.88888888888889
2023,1266,5,8380645,2023-03-18,Wales,128142,Wyn Jones,Prop,True,False,False,44,True,0.55,5,0,0,0,0,0,0,10,0,0,0,6,2,0,0,6,2,0,0,1.0,,,False,missing,2.425684789392906,0.0,0.0635593220338983,0.49340065242919223,2.9826447638559968,3.9826447638559968
2023,1266,5,8380645,2023-03-18,Wales,50484,Ken Owens,Hooker,True,False,False,80,True,1.0,5,0,0,0,0,0,0,5,0,0,0,6,8,0,0,0,0,0,0,8.0,,,False,missing,4.410335980714375,0.0,0.1271186440677966,0.912244070268424,5.449698695050596,13.449698695050596
2023,1266,5,8380645,2023-03-18,Wales,131898,Tomas Francis,Prop,True,False,False,57,True,0.7125,5,0,0,0,0,0,0,6,0,0,1,3,6,2,0,2,0,0,0,8.0,,,False,missing,3.142364386258992,0.0,0.0635593220338983,0.49340065242919223,3.6993243607220827,11.699324360722082
2023,1266,5,8380645,2023-03-18,Wales,129576,Adam Beard,Second-row,True,True,False,80,True,1.0,5,0,0,0,0,0,0,12,0,0,0,9,10,1,0,11,1,0,0,10.0,,,False,missing,4.410335980714375,0.0,0.24324324324324326,1.301319777877228,5.954899001834846,15.954899001834846
2023,1266,5,8380645,2023-03-18,Wales,46092,Alun Wyn Jones,Second-row,True,True,False,24,True,0.3,5,0,0,0,0,0,0,5,0,0,1,6,5,1,0,3,0,0,0,7.0,,,False,missing,1.3231007942143125,0.0,0.24324324324324326,1.301319777877228,2.867663815334784,9.867663815334783
2023,1266,5,8380645,2023-03-18,Wales,176652,Aaron Wainwright,Back-row,True,True,False,80,True,1.0,5,0,0,0,0,0,0,7,0,0,0,7,10,1,0,2,0,0,0,10.0,,,False,missing,4.410335980714375,0.0,0.39179104477611937,1.4831920462553747,6.285319071745869,16.285319071745867
2023,1266,5,8380645,2023-03-18,Wales,78726,Justin Tipuric,Back-row,True,True,False,80,True,1.0,5,0,0,1,0,0,0,17,0,0,1,7,18,0,0,8,1,0,0,24.0,,,False,missing,4.410335980714375,0.0,0.39179104477611937,1.4831920462553747,6.285319071745869,30.285319071745867
2023,1266,5,8380645,2023-03-18,Wales,66186,Taulupe Faletau,Back-row,True,True,False,62,True,0.775,5,0,0,0,0,0,0,33,1,0,3,15,6,3,1,12,2,0,0,20.0,,,False,missing,3.4180103850536407,0.0,0.39179104477611937,1.4831920462553747,5.292993476085135,25.292993476085137
2023,1266,5,8380645,2023-03-18,Wales,226830,Bradley Roberts,Hooker,True,False,False,36,False,0.45,5,0,1,0,0,0,0,4,0,0,0,2,8,0,0,2,0,0,0,23.0,,,False,missing,1.9846511913214688,0.0,0.1271186440677966,0.912244070268424,3.0240139056576893,26.02401390565769
2023,1266,5,8380645,2023-03-18,Wales,119118,Gareth Thomas,Prop,True,False,False,36,False,0.45,5,0,0,0,0,0,0,0,0,0,0,0,4,0,0,2,1,0,0,3.0,,,False,missing,1.9846511913214688,0.0,0.0635593220338983,0.49340065242919223,2.5416111657845595,5.541611165784559
2023,1266,5,8380645,2023-03-18,Wales,135306,Dillon Lewis,Prop,True,False,False,23,False,0.2875,5,0,0,0,0,0,0,1,0,0,0,4,5,0,0,0,0,0,0,5.0,,,False,missing,1.2679715944553829,0.0,0.0635593220338983,0.49340065242919223,1.8249315689184735,6.8249315689184735
2023,1266,5,8380645,2023-03-18,Wales,232104,Dafydd Jenkins,Second-row,True,True,False,13,False,0.1625,5,0,0,0,0,0,0,0,0,0,1,2,10,1,0,1,0,0,0,12.0,,,False,missing,0.716679596866086,0.0,0.24324324324324326,1.301319777877228,2.2612426179865572,14.261242617986557
2023,1266,5,8380645,2023-03-18,Wales,155826,Tommy Reffell,Back-row,True,True,False,18,False,0.225,5,0,0,0,0,0,0,10,0,0,0,3,5,0,0,0,0,0,0,6.0,,,False,missing,0.9923255956607344,0.0,0.39179104477611937,1.4831920462553747,2.867308686692229,8.86730868669223
2023,1266,5,8380645,2023-03-18,Wales,128628,Tomos Williams,Scrum-half,False,False,False,26,False,0.325,5,0,1,1,0,0,0,9,0,0,0,2,1,0,0,26,0,0,0,15.0,,,False,missing,0.0,0.0,0.5128205128205129,1.376068376068376,1.8888888888888888,16.88888888888889
2023,1266,5,8380645,2023-03-18,Wales,111624,Owen Williams,Fly-half,False,False,False,6,False,0.075,5,0,0,0,0,0,0,0,0,0,0,0,0,0,0,3,0,0,0,0.0,,,False,missing,0.0,0.0,0.6976744186046512,1.6627906976744176,2.3604651162790686,2.3604651162790686
2023,1266,5,8380645,2023-03-18,Wales,97650,Leigh Halfpenny,Back-three,False,False,False,6,False,0.075,5,0,0,0,1,0,0,0,0,0,0,0,0,0,0,2,0,0,0,2.0,,,False,missing,0.0,0.0,0.5072463768115941,0.9468599033816418,1.454106280193236,3.454106280193236
2023,1266,5,8380654,2023-03-18,Ireland,143496,Hugo Keenan,Back-three,False,False,False,42,True,0.525,4,0,0,0,0,0,0,53,4,1,0,7,3,0,0,4,0,0,0,16.0,,,False,missing,0.0,0.0,0.5072463768115941,0.9468599033816418,1.454106280193236,17.454106280193237
2023,1266,5,8380654,2023-03-18,Ireland,166674,Mack Hansen,Back-three,False,False,False,80,True,1.0,4,0,0,0,0,0,0,61,4,0,0,7,4,1,1,6,0,0,0,23.0,,,False,missing,0.0,0.0,0.5072463768115941,0.9468599033816418,1.454106280193236,24.454106280193237
2023,1266,5,8380654,2023-03-18,Ireland,120702,Robbie Henshaw,Centre,False,False,False,80,True,1.0,4,0,1,0,0,0,0,23,2,1,0,6,9,0,0,3,0,0,0,25.0,,,False,missing,0.0,0.0,0.3103448275862069,1.4896551724137947,1.8000000000000016,26.8
2023,1266,5,8380654,2023-03-18,Ireland,114804,Bundee Aki,Centre,False,False,False,80,True,1.0,4,0,0,1,0,0,0,41,4,0,0,15,7,0,0,4,0,0,0,23.0,,,False,missing,0.0,0.0,0.3103448275862069,1.4896551724137947,1.8000000000000016,24.8
2023,1266,5,8380654,2023-03-18,Ireland,120468,James Lowe,Back-three,False,False,False,80,True,1.0,4,0,0,0,0,0,0,27,1,2,1,8,4,2,1,7,0,0,0,15.0,,,False,missing,0.0,0.0,0.5072463768115941,0.9468599033816418,1.454106280193236,16.454106280193237
2023,1266,5,8380654,2023-03-18,Ireland,90342,Johnny Sexton,Fly-half,False,False,False,73,True,0.9125,4,0,0,0,3,1,0,49,3,0,0,8,5,0,0,27,0,0,0,24.0,,,False,missing,0.0,0.0,0.6976744186046512,1.6627906976744176,2.3604651162790686,26.36046511627907
2023,1266,5,8380654,2023-03-18,Ireland,120504,Jamison Gibson-Park,Scrum-half,False,False,False,73,True,0.9125,4,0,0,0,0,0,0,60,2,1,0,7,5,0,0,88,0,0,0,15.0,,,False,missing,0.0,0.0,0.5128205128205129,1.376068376068376,1.8888888888888888,16.88888888888889
2023,1266,5,8380654,2023-03-18,Ireland,139806,Andrew Porter,Prop,True,False,False,75,True,0.9375,4,0,0,0,0,0,0,0,0,0,0,3,10,1,0,1,3,0,0,7.0,,,False,missing,3.307751985535781,0.0,0.0635593220338983,0.49340065242919223,3.8647119599988717,10.864711959998871
2023,1266,5,8380654,2023-03-18,Ireland,186096,Dan Sheehan,Hooker,True,False,False,69,True,0.8625,4,0,2,0,0,0,0,48,5,3,0,10,7,3,0,3,0,0,0,51.0,,,False,missing,3.043131826692919,0.0,0.1271186440677966,0.912244070268424,4.082494541029139,55.08249454102914
2023,1266,5,8380654,2023-03-18,Ireland,112374,Tadhg Furlong,Prop,True,False,False,58,True,0.725,4,0,0,0,0,0,0,6,0,0,0,6,11,2,0,7,1,0,0,10.0,,,False,missing,2.5579948688143372,0.0,0.0635593220338983,0.49340065242919223,3.114954843277428,13.114954843277427
2023,1266,5,8380654,2023-03-18,Ireland,203190,Ryan Baird,Back-row,True,True,False,73,True,0.9125,4,0,0,0,0,0,0,25,3,0,0,11,10,1,0,0,0,0,0,18.0,,,False,missing,3.219545265921494,0.0,0.39179104477611937,1.4831920462553747,5.094528356952988,23.09452835695299
2023,1266,5,8380654,2023-03-18,Ireland,143604,James Ryan,Second-row,True,True,False,80,True,1.0,4,0,0,0,0,0,0,7,0,0,0,6,14,1,0,3,0,0,0,14.0,,,False,missing,3.5282687845715,0.0,0.24324324324324326,1.301319777877228,5.072831805691972,19.072831805691973
2023,1266,5,8380654,2023-03-18,Ireland,61620,Peter O'Mahony,Back-row,True,True,False,55,True,0.6875,4,0,0,0,0,0,0,2,1,0,0,5,5,1,0,3,0,0,0,7.0,,,False,missing,2.425684789392906,0.0,0.39179104477611937,1.4831920462553747,4.3006678804244,11.300667880424399
2023,1266,5,8380654,2023-03-18,Ireland,118518,Josh van der Flier,Back-row,True,True,False,80,True,1.0,4,0,0,1,0,0,0,16,1,0,0,9,12,1,1,6,0,0,0,24.0,,,False,missing,3.5282687845715,0.0,0.39179104477611937,1.4831920462553747,5.403251875602994,29.403251875602994
2023,1266,5,8380654,2023-03-18,Ireland,148680,Caelan Doris,Back-row,True,True,False,78,True,0.975,4,0,0,0,0,0,0,20,2,0,0,10,11,1,0,2,1,0,0,16.0,,,False,missing,3.4400620649572122,0.0,0.39179104477611937,1.4831920462553747,5.315045155988706,21.315045155988706
2023,1266,5,8380654,2023-03-18,Ireland,102312,Rob Herring,Hooker,True,False,False,11,False,0.1375,4,0,1,0,0,0,0,13,0,0,0,1,2,0,0,0,0,0,0,18.0,,,False,missing,0.4851369578785813,0.0,0.1271186440677966,0.912244070268424,1.5244996722148019,19.5244996722148
2023,1266,5,8380654,2023-03-18,Ireland,56550,Cian Healy,Prop,True,False,False,5,False,0.0625,4,0,0,0,0,0,0,0,0,0,0,0,3,0,0,0,0,0,0,3.0,,,False,missing,0.22051679903571875,0.0,0.0635593220338983,0.49340065242919223,0.7774767734988093,3.777476773498809
2023,1266,5,8380654,2023-03-18,Ireland,148650,Tom O'Toole,Prop,True,False,False,22,False,0.275,4,0,0,0,0,0,0,0,0,0,0,1,7,0,0,0,0,0,0,7.0,,,False,missing,0.9702739157571626,0.0,0.0635593220338983,0.49340065242919223,1.5272338902202531,8.527233890220254
2023,1266,5,8380654,2023-03-18,Ireland,129558,Kieran Treadwell,Second-row,True,True,False,7,False,0.0875,4,0,0,0,0,0,0,0,0,0,0,0,2,0,0,0,0,0,0,2.0,,,False,missing,0.30872351865000625,0.0,0.24324324324324326,1.301319777877228,1.8532865397704776,3.853286539770478
2023,1266,5,8380654,2023-03-18,Ireland,117936,Jack Conan,Back-row,True,True,False,25,False,0.3125,4,0,0,1,0,0,0,1,0,0,1,2,4,0,0,1,1,0,0,9.0,,,False,missing,1.1025839951785938,0.0,0.39179104477611937,1.4831920462553747,2.9775670862100876,11.977567086210087
2023,1266,5,8380654,2023-03-18,Ireland,61860,Conor Murray,Scrum-half,False,False,False,7,False,0.0875,4,0,0,0,0,0,0,0,0,0,0,0,4,0,0,2,0,0,0,4.0,,,False,missing,0.0,0.0,0.5128205128205129,1.376068376068376,1.8888888888888888,5.888888888888889
2023,1266,5,8380654,2023-03-18,Ireland,129288,Ross Byrne,Fly-half,False,False,False,7,False,0.0875,4,0,0,0,0,0,0,0,0,0,0,0,3,1,0,0,0,0,0,3.0,,,False,missing,0.0,0.0,0.6976744186046512,1.6627906976744176,2.3604651162790686,5.360465116279069
2023,1266,5,8380654,2023-03-18,Ireland,143514,Jimmy O'Brien,Back-three,False,False,False,38,False,0.475,4,0,0,0,0,0,0,15,1,0,1,2,1,0,0,2,0,0,0,6.0,,,False,missing,0.0,0.0,0.5072463768115941,0.9468599033816418,1.454106280193236,7.454106280193236
2023,1266,5,8380654,2023-03-18,England,203496,Freddie Steward,Back-three,False,False,False,80,True,1.0,6,0,0,0,0,0,0,21,0,0,1,8,1,0,0,2,1,0,1,-4.0,,,False,missing,0.0,0.0,0.5072463768115941,0.9468599033816418,1.454106280193236,-2.545893719806764
2023,1266,5,8380654,2023-03-18,England,114510,Anthony Watson,Back-three,False,False,False,80,True,1.0,6,0,0,0,0,0,0,42,7,0,1,10,3,1,0,3,0,0,0,23.0,,,False,missing,0.0,0.0,0.5072463768115941,0.9468599033816418,1.454106280193236,24.454106280193237
2023,1266,5,8380654,2023-03-18,England,114534,Henry Slade,Centre,False,False,False,80,True,1.0,6,0,0,0,0,0,0,11,0,0,1,11,6,1,1,9,0,0,0,14.0,,,False,missing,0.0,0.0,0.3103448275862069,1.4896551724137947,1.8000000000000016,15.8
2023,1266,5,8380654,2023-03-18,England,66192,Manu Tuilagi,Centre,False,False,False,80,True,1.0,6,0,0,0,0,0,0,11,1,0,0,9,6,2,0,5,0,0,0,9.0,,,False,missing,0.0,0.0,0.3103448275862069,1.4896551724137947,1.8000000000000016,10.8
2023,1266,5,8380654,2023-03-18,England,238830,Henry Arundell,Back-three,False,False,False,58,True,0.725,6,0,0,0,0,0,0,43,2,0,0,3,2,3,0,0,1,0,0,9.0,,,False,missing,0.0,0.0,0.5072463768115941,0.9468599033816418,1.454106280193236,10.454106280193237
2023,1266,5,8380654,2023-03-18,England,59640,Owen Farrell,Centre,False,False,False,80,True,1.0,6,0,0,0,1,3,0,38,0,0,0,4,11,6,1,20,1,0,0,29.0,,,False,missing,0.0,0.0,0.3103448275862069,1.4896551724137947,1.8000000000000016,30.8
2023,1266,5,8380654,2023-03-18,England,213786,Jack van Poortvliet,Scrum-half,False,False,False,69,True,0.8625,6,0,0,0,0,0,0,0,1,0,0,1,7,1,0,40,0,0,0,9.0,,,False,missing,0.0,0.0,0.5128205128205129,1.376068376068376,1.8888888888888888,10.88888888888889
2023,1266,5,8380654,2023-03-18,England,136680,Ellis Genge,Prop,True,False,False,63,True,0.7875,6,0,0,0,0,0,0,8,2,0,0,6,9,4,0,5,2,0,0,11.0,,,False,missing,4.167767501775084,0.0,0.0635593220338983,0.49340065242919223,4.724727476238174,15.724727476238174
2023,1266,5,8380654,2023-03-18,England,61134,Jamie George,Hooker,True,False,False,80,True,1.0,6,0,1,0,0,0,0,4,0,0,0,5,15,2,0,5,1,0,0,29.0,,,False,missing,5.29240317685725,0.0,0.1271186440677966,0.912244070268424,6.331765891193471,35.33176589119347
2023,1266,5,8380654,2023-03-18,England,116532,Kyle Sinckler,Prop,True,False,False,67,True,0.8375,6,0,0,0,0,0,0,16,0,0,0,7,12,1,1,4,2,0,0,16.0,,,False,missing,4.432387660617947,0.0,0.0635593220338983,0.49340065242919223,4.989347635081037,20.98934763508104
2023,1266,5,8380654,2023-03-18,England,122652,Maro Itoje,Second-row,True,True,False,80,True,1.0,6,0,0,0,0,0,0,3,0,0,0,8,6,3,0,1,2,0,0,4.0,,,False,missing,5.29240317685725,0.0,0.24324324324324326,1.301319777877228,6.836966197977721,10.83696619797772
2023,1266,5,8380654,2023-03-18,England,147654,David Ribbans,Second-row,True,True,False,69,True,0.8625,6,0,0,0,0,0,0,3,2,0,0,4,12,4,0,3,1,0,0,15.0,,,False,missing,4.564697740039379,0.0,0.24324324324324326,1.301319777877228,6.10926076115985,21.10926076115985
2023,1266,5,8380654,2023-03-18,England,132330,Lewis Ludlam,Back-row,True,True,False,80,True,1.0,6,0,0,0,0,0,0,22,0,0,1,7,11,0,0,1,0,0,0,15.0,,,False,missing,5.29240317685725,0.0,0.39179104477611937,1.4831920462553747,7.167386267888744,22.167386267888745
2023,1266,5,8380654,2023-03-18,England,147546,Jack Willis,Back-row,True,True,False,52,True,0.65,6,0,0,0,0,0,0,12,0,0,0,4,22,1,0,1,1,1,0,17.0,,,False,missing,3.4400620649572127,0.0,0.39179104477611937,1.4831920462553747,5.315045155988707,22.315045155988706
2023,1266,5,8380654,2023-03-18,England,164178,Alex Dombrandt,Back-row,True,True,False,64,True,0.8,6,0,0,0,0,0,0,27,0,0,0,5,11,2,0,2,1,0,0,12.0,,,False,missing,4.233922541485801,0.0,0.39179104477611937,1.4831920462553747,6.108905632517295,18.108905632517295
2023,1266,5,8380654,2023-03-18,England,129720,Jack Walker,Hooker,True,False,False,0,False,0.0,6,0,0,0,0,0,0,0,0,0,0,0,0,0,0,0,0,0,0,0.0,,,False,missing,0.0,0.0,0.1271186440677966,0.912244070268424,1.0393627143362205,1.0393627143362205
2023,1266,5,8380654,2023-03-18,England,102996,Mako Vunipola,Prop,True,False,False,17,False,0.2125,6,0,0,0,0,0,0,0,0,0,0,3,3,0,0,2,0,0,0,3.0,,,False,missing,1.1246356750821656,0.0,0.0635593220338983,0.49340065242919223,1.6815956495452562,4.681595649545256
2023,1266,5,8380654,2023-03-18,England,54336,Dan Cole,Prop,True,False,False,13,False,0.1625,6,0,0,0,0,0,0,0,0,0,0,1,1,0,0,1,0,0,0,1.0,,,False,missing,0.8600155162393032,0.0,0.0635593220338983,0.49340065242919223,1.4169754907023937,2.4169754907023937
2023,1266,5,8380654,2023-03-18,England,162726,Nick Isiekwe,Second-row,True,True,False,11,False,0.1375,6,0,0,0,0,0,0,0,0,0,0,0,1,0,0,1,0,0,0,1.0,,,False,missing,0.7277054368178719,0.0,0.24324324324324326,1.301319777877228,2.272268457938343,3.272268457938343
2023,1266,5,8380654,2023-03-18,England,155898,Ben Curry,Back-row,True,True,False,28,False,0.35,6,0,0,0,0,0,0,6,0,0,0,3,2,1,0,0,0,0,0,2.0,,,False,missing,1.8523411119000373,0.0,0.39179104477611937,1.4831920462553747,3.7273242029315314,5.727324202931531
2023,1266,5,8380654,2023-03-18,England,142356,Alex Mitchell,Scrum-half,False,False,False,11,False,0.1375,6,0,0,0,0,0,0,2,0,0,0,2,0,0,0,21,0,0,0,0.0,,,False,missing,0.0,0.0,0.5128205128205129,1.376068376068376,1.8888888888888888,1.8888888888888888
2023,1266,5,8380654,2023-03-18,England,156288,Marcus Smith,Fly-half,False,False,False,0,False,0.0,6,0,0,0,0,0,0,0,0,0,0,0,0,0,0,0,0,0,0,0.0,,,False,missing,0.0,0.0,0.6976744186046512,1.6627906976744176,2.3604651162790686,2.3604651162790686
2023,1266,5,8380654,2023-03-18,England,132354,Joe Marchant,Centre,False,False,False,22,False,0.275,6,0,0,0,0,0,0,1,0,0,0,1,2,1,0,1,0,0,0,2.0,,,False,missing,0.0,0.0,0.3103448275862069,1.4896551724137947,1.8000000000000016,3.8000000000000016
2024,1266,1,8428786,2024-02-02,France,129822,Thomas Ramos,Back-three,False,False,False,80,True,1.0,2,0,0,0,2,1,0,55,0,0,1,6,3,0,0,13,0,0,0,17.0,,,False,missing,0.0,0.0,0.5072463768115941,0.9468599033816418,1.454106280193236,18.454106280193237
2024,1266,1,8428786,2024-02-02,France,139668,Damian Penaud,Back-three,False,False,False,80,True,1.0,2,0,1,0,0,0,0,19,2,2,1,4,1,0,0,4,1,0,0,17.0,,,False,missing,0.0,0.0,0.5072463768115941,0.9468599033816418,1.454106280193236,18.454106280193237
2024,1266,1,8428786,2024-02-02,France,119154,Gael Fickou,Centre,False,False,False,80,True,1.0,2,0,0,0,0,0,0,20,1,1,0,5,10,0,0,10,1,0,0,13.0,,,False,missing,0.0,0.0,0.3103448275862069,1.4896551724137947,1.8000000000000016,14.8
2024,1266,1,8428786,2024-02-02,France,116418,Jonathan Danty,Centre,False,False,False,63,True,0.7875,2,0,0,0,0,0,0,3,1,0,0,3,6,2,0,1,0,0,0,8.0,,,False,missing,0.0,0.0,0.3103448275862069,1.4896551724137947,1.8000000000000016,9.8
2024,1266,1,8428786,2024-02-02,France,196152,Yoram Moefana,Centre,False,False,False,80,True,1.0,2,0,0,0,0,0,0,13,1,0,0,5,5,0,0,0,0,0,0,8.0,,,False,missing,0.0,0.0,0.3103448275862069,1.4896551724137947,1.8000000000000016,9.8
2024,1266,1,8428786,2024-02-02,France,169662,Matthieu Jalibert,Fly-half,False,False,False,80,True,1.0,2,0,0,1,0,0,0,66,5,0,2,7,3,3,0,15,0,0,0,27.0,,,False,missing,0.0,0.0,0.6976744186046512,1.6627906976744176,2.3604651162790686,29.36046511627907
2024,1266,1,8428786,2024-02-02,France,186162,Maxime Lucu,Scrum-half,False,False,False,63,True,0.7875,2,0,0,0,0,0,0,3,0,0,0,5,6,4,0,36,0,0,0,6.0,,,False,missing,0.0,0.0,0.5128205128205129,1.376068376068376,1.8888888888888888,7.888888888888889
2024,1266,1,8428786,2024-02-02,France,121938,Cyril Baille,Prop,True,False,False,52,True,0.65,2,0,0,0,0,0,0,6,3,0,0,10,9,0,0,6,1,0,0,14.0,,,False,missing,1.1466873549857375,0.0,0.0635593220338983,0.49340065242919223,1.7036473294488281,15.703647329448827
2024,1266,1,8428786,2024-02-02,France,147480,Peato Mauvaka,Hooker,True,False,False,52,True,0.65,2,0,0,0,0,0,0,11,0,0,1,3,8,1,0,1,1,0,0,10.0,,,False,missing,1.1466873549857375,0.0,0.1271186440677966,0.912244070268424,2.186050069321958,12.186050069321958
2024,1266,1,8428786,2024-02-02,France,133446,Uini Atonio,Prop,True,False,False,52,True,0.65,2,0,0,0,0,0,0,3,0,0,0,4,4,1,0,1,0,0,0,4.0,,,False,missing,1.1466873549857375,0.0,0.0635593220338983,0.49340065242919223,1.7036473294488281,5.703647329448828
2024,1266,1,8428786,2024-02-02,France,133476,Paul Gabrillagues,Second-row,True,True,False,52,True,0.65,2,0,1,0,0,0,0,2,0,0,0,4,12,2,0,0,0,0,0,27.0,,,False,missing,1.1466873549857375,0.0,0.24324324324324326,1.301319777877228,2.6912503761062085,29.691250376106208
2024,1266,1,8428786,2024-02-02,France,118416,Paul Willemse,Second-row,True,True,False,80,True,1.0,2,0,0,0,0,0,0,1,0,0,0,1,10,0,0,0,2,1,1,-5.0,,,False,missing,1.76413439228575,0.0,0.24324324324324326,1.301319777877228,3.3086974134062217,-1.6913025865937783
2024,1266,1,8428786,2024-02-02,France,123366,Francois Cros,Back-row,True,True,False,80,True,1.0,2,0,0,0,0,0,0,19,1,0,0,4,12,1,0,2,0,0,0,15.0,,,False,missing,1.76413439228575,0.0,0.39179104477611937,1.4831920462553747,3.6391174833172437,18.639117483317243
2024,1266,1,8428786,2024-02-02,France,123504,Charles Ollivon,Back-row,True,True,False,80,True,1.0,2,0,0,0,0,0,0,7,0,0,1,5,15,1,0,2,0,0,0,17.0,,,False,missing,1.76413439228575,0.0,0.39179104477611937,1.4831920462553747,3.6391174833172437,20.639117483317243
2024,1266,1,8428786,2024-02-02,France,176748,Gregory Alldritt,Back-row,True,True,False,80,True,1.0,2,0,0,0,0,0,0,34,3,0,0,15,16,0,0,2,1,0,0,24.0,,,False,missing,1.76413439228575,0.0,0.39179104477611937,1.4831920462553747,3.6391174833172437,27.639117483317243
2024,1266,1,8428786,2024-02-02,France,135138,Julien Marchand,Hooker,True,False,False,28,False,0.35,2,0,0,0,0,0,0,0,0,0,0,1,2,0,0,0,0,0,0,2.0,,,False,missing,0.6174470373000125,0.0,0.1271186440677966,0.912244070268424,1.6568097516362332,3.6568097516362332
2024,1266,1,8428786,2024-02-02,France,189984,Reda Wardi,Prop,True,False,False,18,False,0.225,2,0,0,0,0,0,0,0,0,0,0,2,5,0,0,0,0,0,0,5.0,,,False,missing,0.39693023826429374,0.0,0.0635593220338983,0.49340065242919223,0.9538902127273843,5.9538902127273845
2024,1266,1,8428786,2024-02-02,France,127122,Dorian Aldegheri,Prop,True,False,False,28,False,0.35,2,0,0,0,0,0,0,0,0,0,0,0,2,1,0,0,0,0,0,2.0,,,False,missing,0.6174470373000125,0.0,0.0635593220338983,0.49340065242919223,1.1744070117631031,3.174407011763103
2024,1266,1,8428786,2024-02-02,France,238206,Posolo Tuilagi,Second-row,True,True,False,28,False,0.35,2,0,0,0,0,0,0,3,1,0,0,3,3,1,0,1,0,0,0,5.0,,,False,missing,0.6174470373000125,0.0,0.24324324324324326,1.301319777877228,2.162010058420484,7.162010058420484
2024,1266,1,8428786,2024-02-02,France,165864,Cameron Woki,Second-row,True,True,False,0,False,0.0,2,0,0,0,0,0,0,3,1,0,0,2,4,0,0,1,0,0,0,6.0,,,False,missing,0.0,0.0,0.24324324324324326,1.301319777877228,1.5445630211204713,7.544563021120471
2024,1266,1,8428786,2024-02-02,France,198624,Paul Boudehent,Back-row,True,True,False,17,False,0.2125,2,0,0,0,0,0,0,16,0,0,0,2,3,1,0,0,0,0,0,4.0,,,False,missing,0.37487855836072187,0.0,0.39179104477611937,1.4831920462553747,2.2498616493922157,6.249861649392216
2024,1266,1,8428786,2024-02-02,France,219972,Nolann Le Garrec,Scrum-half,False,False,False,17,False,0.2125,2,0,0,0,0,0,0,0,0,0,0,0,0,1,0,20,0,0,0,0.0,,,False,missing,0.0,0.0,0.5128205128205129,1.376068376068376,1.8888888888888888,1.8888888888888888
2024,1266,1,8428786,2024-02-02,France,231684,Louis Bielle-Biarrey,Back-three,False,False,False,17,False,0.2125,2,0,0,0,0,0,0,35,1,2,1,2,3,1,0,1,0,0,0,10.0,,,False,missing,0.0,0.0,0.5072463768115941,0.9468599033816418,1.454106280193236,11.454106280193237
2024,1266,1,8428786,2024-02-02,Ireland,143496,Hugo Keenan,Back-three,False,False,False,80,True,1.0,5,2,0,0,0,0,0,3,1,0,0,2,5,1,1,5,0,0,0,12.0,,,False,missing,0.0,0.0,0.5072463768115941,0.9468599033816418,1.454106280193236,13.454106280193237
2024,1266,1,8428786,2024-02-02,Ireland,148836,Calvin Nash,Back-three,False,False,False,79,True,0.9875,5,2,1,0,0,0,0,76,0,1,0,8,5,0,0,2,0,0,0,22.0,,,False,missing,0.0,0.0,0.5072463768115941,0.9468599033816418,1.454106280193236,23.454106280193237
2024,1266,1,8428786,2024-02-02,Ireland,120702,Robbie Henshaw,Centre,False,False,False,80,True,1.0,5,2,0,0,0,0,0,20,1,0,1,9,5,1,0,4,0,0,0,11.0,,,False,missing,0.0,0.0,0.3103448275862069,1.4896551724137947,1.8000000000000016,12.8
2024,1266,1,8428786,2024-02-02,Ireland,114804,Bundee Aki,Centre,False,False,False,80,True,1.0,5,2,0,1,0,0,0,36,2,0,1,9,5,1,0,9,0,0,0,18.0,,,False,missing,0.0,0.0,0.3103448275862069,1.4896551724137947,1.8000000000000016,19.8
2024,1266,1,8428786,2024-02-02,Ireland,120468,James Lowe,Back-three,False,False,False,80,True,1.0,5,2,0,0,0,0,0,42,1,0,1,7,2,0,0,5,0,0,0,10.0,,,False,missing,0.0,0.0,0.5072463768115941,0.9468599033816418,1.454106280193236,11.454106280193237
2024,1266,1,8428786,2024-02-02,Ireland,201696,Jack Crowley,Fly-half,False,False,False,80,True,1.0,5,2,0,1,5,1,0,31,3,1,0,4,5,0,0,33,1,0,0,30.0,,,False,missing,0.0,0.0,0.6976744186046512,1.6627906976744176,2.3604651162790686,32.360465116279066
2024,1266,1,8428786,2024-02-02,Ireland,120504,Jamison Gibson-Park,Scrum-half,False,False,False,66,True,0.825,5,2,1,0,0,0,0,24,1,1,0,5,5,0,0,79,0,0,0,19.0,,,False,missing,0.0,0.0,0.5128205128205129,1.376068376068376,1.8888888888888888,20.88888888888889
2024,1266,1,8428786,2024-02-02,Ireland,139806,Andrew Porter,Prop,True,False,False,8,True,0.1,5,2,0,0,0,0,0,4,0,0,0,5,6,2,0,0,5,0,0,1.0,,,False,missing,0.4410335980714375,0.0,0.0635593220338983,0.49340065242919223,0.9979935725345281,1.9979935725345281
2024,1266,1,8428786,2024-02-02,Ireland,186096,Dan Sheehan,Hooker,True,False,False,63,True,0.7875,5,2,1,0,0,0,0,22,3,1,0,7,10,2,0,1,1,0,0,32.0,,,False,missing,3.47313958481257,0.0,0.1271186440677966,0.912244070268424,4.512502299148791,36.51250229914879
2024,1266,1,8428786,2024-02-02,Ireland,112374,Tadhg Furlong,Prop,True,False,False,63,True,0.7875,5,2,0,0,0,0,0,0,0,0,0,1,5,0,0,3,1,0,0,4.0,,,False,missing,3.47313958481257,0.0,0.0635593220338983,0.49340065242919223,4.03009955927566,8.03009955927566
2024,1266,1,8428786,2024-02-02,Ireland,220194,Joe McCarthy,Second-row,True,True,False,63,True,0.7875,5,2,0,0,0,0,0,32,3,0,0,9,9,5,0,2,1,0,0,17.0,,,False,missing,3.47313958481257,1.6239800768451254,0.24324324324324326,1.301319777877228,6.641682682778166,23.641682682778168
2024,1266,1,8428786,2024-02-02,Ireland,117954,Tadhg Beirne,Second-row,True,True,False,80,True,1.0,5,2,1,0,0,0,0,32,1,2,0,12,7,0,0,7,1,0,0,26.0,,,False,missing,4.410335980714375,2.062196922977937,0.24324324324324326,1.301319777877228,8.017095924812784,34.017095924812786
2024,1266,1,8428786,2024-02-02,Ireland,61620,Peter O'Mahony,Back-row,True,True,False,63,True,0.7875,5,2,0,0,0,0,0,1,0,0,0,3,8,1,0,1,1,1,0,2.0,,,False,missing,3.47313958481257,1.6239800768451254,0.39179104477611937,1.4831920462553747,6.972102752689189,8.972102752689189
2024,1266,1,8428786,2024-02-02,Ireland,118518,Josh van der Flier,Back-row,True,True,False,63,True,0.7875,5,2,0,0,0,0,0,13,1,0,0,8,6,4,0,5,0,0,0,9.0,,,False,missing,3.47313958481257,1.6239800768451254,0.39179104477611937,1.4831920462553747,6.972102752689189,15.972102752689189
2024,1266,1,8428786,2024-02-02,Ireland,148680,Caelan Doris,Back-row,True,True,False,80,True,1.0,5,2,0,1,0,0,0,41,1,0,0,9,8,1,0,5,0,0,0,18.0,,,False,missing,4.410335980714375,2.062196922977937,0.39179104477611937,1.4831920462553747,8.347515994723807,26.347515994723807
2024,1266,1,8428786,2024-02-02,Ireland,148644,Ronan Kelleher,Hooker,True,False,False,17,False,0.2125,5,2,1,0,0,0,0,3,1,0,0,4,4,0,0,2,0,0,0,21.0,,,False,missing,0.9371963959018047,0.0,0.1271186440677966,0.912244070268424,1.9765591102380253,22.976559110238025
2024,1266,1,8428786,2024-02-02,Ireland,56550,Cian Healy,Prop,True,False,False,10,False,0.125,5,2,0,0,0,0,0,2,0,0,0,1,4,1,0,3,0,0,0,4.0,,,False,missing,0.5512919975892969,0.0,0.0635593220338983,0.49340065242919223,1.1082519720523876,5.108251972052388
2024,1266,1,8428786,2024-02-02,Ireland,112068,Finlay Bealham,Prop,True,False,False,17,False,0.2125,5,2,0,0,0,0,0,0,0,0,0,0,3,1,0,1,0,0,0,3.0,,,False,missing,0.9371963959018047,0.0,0.0635593220338983,0.49340065242919223,1.4941563703648952,4.4941563703648955
2024,1266,1,8428786,2024-02-02,Ireland,143604,James Ryan,Second-row,True,True,False,14,False,0.175,5,2,0,0,0,0,0,0,0,0,0,0,4,0,0,1,0,0,0,4.0,,,False,missing,0.7718087966250156,0.36088446152113896,0.24324324324324326,1.301319777877228,2.6772562792666257,6.677256279266626
2024,1266,1,8428786,2024-02-02,Ireland,203190,Ryan Baird,Back-row,True,True,False,17,False,0.2125,5,2,0,0,0,0,0,6,0,0,0,3,3,0,0,0,0,0,0,3.0,,,False,missing,0.9371963959018047,0.4382168461328116,0.39179104477611937,1.4831920462553747,3.25039633306611,6.25039633306611
2024,1266,1,8428786,2024-02-02,Ireland,117936,Jack Conan,Back-row,True,True,False,17,False,0.2125,5,2,0,0,0,0,0,8,1,0,0,5,4,0,0,2,1,0,0,5.0,,,False,missing,0.9371963959018047,0.4382168461328116,0.39179104477611937,1.4831920462553747,3.25039633306611,8.25039633306611
2024,1266,1,8428786,2024-02-02,Ireland,61860,Conor Murray,Scrum-half,False,False,False,10,False,0.125,5,2,0,0,0,0,0,0,0,0,0,1,0,0,0,9,0,0,0,0.0,,,False,missing,0.0,0.0,0.5128205128205129,1.376068376068376,1.8888888888888888,1.8888888888888888
2024,1266,1,8428786,2024-02-02,Ireland,148890,Ciaran Frawley,Back-three,False,False,False,1,False,0.0125,5,2,0,0,0,0,0,0,0,0,0,0,0,0,0,0,0,0,0,0.0,,,False,missing,0.0,0.0,0.5072463768115941,0.9468599033816418,1.454106280193236,1.454106280193236
2024,1266,1,8428795,2024-02-03,Italy,117834,Tommaso Allan,Back-three,False,False,False,80,True,1.0,6,1,1,0,2,1,0,38,0,1,0,8,3,1,0,8,1,0,0,22.0,,,False,missing,0.0,0.0,0.5072463768115941,0.9468599033816418,1.454106280193236,23.454106280193237
2024,1266,1,8428795,2024-02-03,Italy,231744,Lorenzo Pani,Back-three,False,False,False,68,True,0.85,6,1,0,0,0,0,0,2,0,0,0,1,2,0,0,0,0,0,0,2.0,,,False,missing,0.0,0.0,0.5072463768115941,0.9468599033816418,1.454106280193236,3.454106280193236
2024,1266,1,8428795,2024-02-03,Italy,118614,Juan Ignacio Brex,Centre,False,False,False,80,True,1.0,6,1,0,0,0,0,0,4,1,0,2,4,9,2,0,15,0,0,0,15.0,,,False,missing,0.0,0.0,0.3103448275862069,1.4896551724137947,1.8000000000000016,16.8
2024,1266,1,8428795,2024-02-03,Italy,226818,Tommaso Menoncello,Centre,False,False,False,80,True,1.0,6,1,0,1,0,0,0,80,4,2,1,11,10,3,1,3,0,0,0,37.0,,,False,missing,0.0,0.0,0.3103448275862069,1.4896551724137947,1.8000000000000016,38.800000000000004
2024,1266,1,8428795,2024-02-03,Italy,134016,Monty Ioane,Back-three,False,False,False,80,True,1.0,6,1,1,0,0,0,0,77,7,2,1,12,7,0,1,3,0,0,0,45.0,,,False,missing,0.0,0.0,0.5072463768115941,0.9468599033816418,1.454106280193236,46.45410628019324
2024,1266,1,8428795,2024-02-03,Italy,203034,Paolo Garbisi,Fly-half,False,False,False,80,True,1.0,6,1,0,1,1,0,0,28,0,0,2,10,9,4,0,30,0,0,0,21.0,,,False,missing,0.0,0.0,0.6976744186046512,1.6627906976744176,2.3604651162790686,23.36046511627907
2024,1266,1,8428795,2024-02-03,Italy,231774,Alessandro Garbisi,Scrum-half,False,False,False,52,True,0.65,6,1,1,0,0,0,0,20,2,0,0,2,4,1,0,34,0,0,0,20.0,,,False,missing,0.0,0.0,0.5128205128205129,1.376068376068376,1.8888888888888888,21.88888888888889
2024,1266,1,8428795,2024-02-03,Italy,164232,Danilo Fischetti,Prop,True,False,False,66,True,0.825,6,1,0,0,0,0,0,0,0,0,0,2,16,2,0,0,0,0,0,16.0,,,False,missing,4.366232620907231,0.0,0.0635593220338983,0.49340065242919223,4.92319259537032,20.92319259537032
2024,1266,1,8428795,2024-02-03,Italy,202980,Gianmarco Lucchesi,Hooker,True,False,False,52,True,0.65,6,1,0,0,0,0,0,0,0,0,0,1,15,1,0,2,2,0,0,13.0,,,False,missing,3.4400620649572127,0.0,0.1271186440677966,0.912244070268424,4.479424779293433,17.47942477929343
2024,1266,1,8428795,2024-02-03,Italy,118062,Pietro Ceccarelli,Prop,True,False,False,45,True,0.5625,6,1,0,0,0,0,0,0,0,0,0,0,6,1,0,0,1,0,0,5.0,,,False,missing,2.976976786982203,0.0,0.0635593220338983,0.49340065242919223,3.5339367614452937,8.533936761445293
2024,1266,1,8428795,2024-02-03,Italy,167196,Niccolo Cannone,Second-row,True,True,False,80,True,1.0,6,1,0,0,0,0,0,0,1,0,0,4,9,1,0,2,1,0,0,10.0,,,False,missing,5.29240317685725,1.0310984614889684,0.24324324324324326,1.301319777877228,7.86806465946669,17.86806465946669
2024,1266,1,8428795,2024-02-03,Italy,129234,Federico Ruzza,Second-row,True,True,False,72,True,0.9,6,1,0,0,0,0,0,3,1,0,0,2,10,0,0,0,0,0,0,12.0,,,False,missing,4.763162859171525,0.9279886153400716,0.24324324324324326,1.301319777877228,7.235714495632068,19.235714495632067
2024,1266,1,8428795,2024-02-03,Italy,129216,Sebastian Negri,Back-row,True,True,False,66,True,0.825,6,1,0,0,0,0,0,12,0,0,0,12,15,1,1,2,0,0,0,21.0,,,False,missing,4.366232620907231,0.8506562307283989,0.39179104477611937,1.4831920462553747,7.091871942667123,28.091871942667122
2024,1266,1,8428795,2024-02-03,Italy,164220,Michele Lamaro,Back-row,True,True,False,80,True,1.0,6,1,0,0,0,0,0,20,0,0,0,6,19,4,0,5,2,1,0,14.0,,,False,missing,5.29240317685725,1.0310984614889684,0.39179104477611937,1.4831920462553747,8.198484729377713,22.19848472937771
2024,1266,1,8428795,2024-02-03,Italy,220140,Lorenzo Cannone,Back-row,True,True,False,45,True,0.5625,6,1,0,1,0,0,0,29,0,1,0,4,12,0,0,1,1,0,0,17.0,,,False,missing,2.976976786982203,0.5799928845875447,0.39179104477611937,1.4831920462553747,5.431952762601242,22.43195276260124
2024,1266,1,8428795,2024-02-03,Italy,226836,Giacomo Nicotera,Hooker,True,False,False,28,False,0.35,6,1,0,0,0,0,0,0,0,0,0,2,5,2,0,0,0,0,0,5.0,,,False,missing,1.8523411119000373,0.0,0.1271186440677966,0.912244070268424,2.8917038262362578,7.891703826236258
2024,1266,1,8428795,2024-02-03,Italy,231804,Mirco Spagnolo,Prop,True,False,False,14,False,0.175,6,1,0,0,0,0,0,2,0,0,0,3,1,0,0,1,0,0,0,1.0,,,False,missing,0.9261705559500186,0.0,0.0635593220338983,0.49340065242919223,1.4831305304131093,2.483130530413109
2024,1266,1,8428795,2024-02-03,Italy,147354,Giosue Zilocchi,Prop,True,False,False,35,False,0.4375,6,1,0,0,0,0,0,0,2,0,0,4,3,0,0,1,1,0,0,6.0,,,False,missing,2.315426389875047,0.0,0.0635593220338983,0.49340065242919223,2.8723863643381375,8.872386364338137
2024,1266,1,8428795,2024-02-03,Italy,208140,Andrea Zambonin,Second-row,True,True,False,8,False,0.1,6,1,0,0,0,0,0,4,0,0,1,1,0,1,0,2,0,0,0,2.0,,,False,missing,0.5292403176857251,0.10310984614889684,0.24324324324324326,1.301319777877228,2.1769131849550933,4.176913184955094
2024,1266,1,8428795,2024-02-03,Italy,218130,Alessandro Izekor,Back-row,True,True,False,14,False,0.175,6,1,0,0,0,0,0,7,1,0,0,3,1,0,0,1,0,0,0,3.0,,,False,missing,0.9261705559500186,0.18044223076056948,0.39179104477611937,1.4831920462553747,2.981595877742082,5.981595877742082
2024,1266,1,8428795,2024-02-03,Italy,204054,Manuel Zuliani,Back-row,True,True,False,35,False,0.4375,6,1,0,0,0,0,0,0,0,0,1,2,5,0,0,2,2,0,0,5.0,,,False,missing,2.315426389875047,0.4511055769014237,0.39179104477611937,1.4831920462553747,4.641515057807965,9.641515057807965
2024,1266,1,8428795,2024-02-03,Italy,213144,Stephen Varney,Scrum-half,False,False,False,28,False,0.35,6,1,0,0,0,0,0,0,0,0,1,2,0,1,0,31,0,0,0,2.0,,,False,missing,0.0,0.0,0.5128205128205129,1.376068376068376,1.8888888888888888,3.888888888888889
2024,1266,1,8428795,2024-02-03,Italy,202962,Federico Mori,Centre,False,False,False,12,False,0.15,6,1,0,0,0,0,0,13,0,0,0,2,1,0,0,1,0,0,0,2.0,,,False,missing,0.0,0.0,0.3103448275862069,1.4896551724137947,1.8000000000000016,3.8000000000000016
2024,1266,1,8428795,2024-02-03,England,203496,Freddie Steward,Back-three,False,False,False,80,True,1.0,2,2,0,0,0,0,0,46,4,0,0,10,0,0,0,1,0,0,0,12.0,,,False,missing,0.0,0.0,0.5072463768115941,0.9468599033816418,1.454106280193236,13.454106280193237
2024,1266,1,8428795,2024-02-03,England,213192,Tommy Freeman,Back-three,False,False,False,77,True,0.9625,2,2,0,1,0,0,0,70,4,2,1,8,6,2,1,2,0,0,0,32.0,,,False,missing,0.0,0.0,0.5072463768115941,0.9468599033816418,1.454106280193236,33.45410628019324
2024,1266,1,8428795,2024-02-03,England,114534,Henry Slade,Centre,False,False,False,80,True,1.0,2,2,0,0,0,0,0,21,1,0,1,7,3,2,0,6,0,0,0,9.0,,,False,missing,0.0,0.0,0.3103448275862069,1.4896551724137947,1.8000000000000016,10.8
2024,1266,1,8428795,2024-02-03,England,156030,Fraser Dingwall,Centre,False,False,False,80,True,1.0,2,2,0,0,0,0,0,3,0,0,0,2,9,5,0,7,0,0,0,9.0,,,False,missing,0.0,0.0,0.3103448275862069,1.4896551724137947,1.8000000000000016,10.8
2024,1266,1,8428795,2024-02-03,England,111072,Elliot Daly,Back-three,False,False,False,80,True,1.0,2,2,1,0,0,0,0,19,0,1,0,5,6,0,0,7,1,1,0,11.0,,,False,missing,0.0,0.0,0.5072463768115941,0.9468599033816418,1.454106280193236,12.454106280193237
2024,1266,1,8428795,2024-02-03,England,66258,George Ford,Fly-half,False,False,False,66,True,0.825,2,2,0,0,1,5,0,5,0,0,0,5,4,1,0,30,0,0,0,21.0,,,False,missing,0.0,0.0,0.6976744186046512,1.6627906976744176,2.3604651162790686,23.36046511627907
2024,1266,1,8428795,2024-02-03,England,142356,Alex Mitchell,Scrum-half,False,False,False,58,True,0.725,2,2,1,0,0,0,0,23,4,0,2,8,2,1,0,59,0,0,0,26.0,,,False,missing,0.0,0.0,0.5128205128205129,1.376068376068376,1.8888888888888888,27.88888888888889
2024,1266,1,8428795,2024-02-03,England,97614,Joe Marler,Prop,True,False,False,75,True,0.9375,2,2,0,0,0,0,0,1,0,0,0,9,7,0,0,2,0,0,0,7.0,,,False,missing,1.6538759927678905,0.0,0.0635593220338983,0.49340065242919223,2.210835967230981,9.210835967230981
2024,1266,1,8428795,2024-02-03,England,61134,Jamie George,Hooker,True,False,False,73,True,0.9125,2,2,0,0,0,0,0,4,0,0,0,5,10,0,0,2,0,0,0,10.0,,,False,missing,1.609772632960747,0.0,0.1271186440677966,0.912244070268424,2.6491353472969674,12.649135347296967
2024,1266,1,8428795,2024-02-03,England,144738,Will Stuart,Prop,True,False,False,55,True,0.6875,2,2,0,0,0,0,0,8,2,0,0,9,4,0,0,1,0,0,0,8.0,,,False,missing,1.212842394696453,0.0,0.0635593220338983,0.49340065242919223,1.7698023691595437,9.769802369159544
2024,1266,1,8428795,2024-02-03,England,122652,Maro Itoje,Second-row,True,True,False,80,True,1.0,2,2,0,0,0,0,0,18,0,0,0,8,9,0,0,4,2,0,0,8.0,,,False,missing,1.76413439228575,2.062196922977937,0.24324324324324326,1.301319777877228,5.370894336384158,13.370894336384158
2024,1266,1,8428795,2024-02-03,England,218742,Ollie Chessum,Second-row,True,True,False,72,True,0.9,2,2,0,0,0,0,0,0,0,0,0,6,9,3,0,1,1,0,0,8.0,,,False,missing,1.587720953057175,1.8559772306801432,0.24324324324324326,1.301319777877228,4.98826120485779,12.988261204857789
2024,1266,1,8428795,2024-02-03,England,209640,Ethan Roots,Back-row,True,True,False,80,True,1.0,2,2,0,0,0,0,0,36,2,0,0,9,8,2,0,3,1,0,0,14.0,,,False,missing,1.76413439228575,2.062196922977937,0.39179104477611937,1.4831920462553747,5.701314406295181,19.701314406295182
2024,1266,1,8428795,2024-02-03,England,129660,Sam Underhill,Back-row,True,True,False,66,True,0.825,2,2,0,0,0,0,0,14,0,0,0,5,5,0,0,4,1,0,0,5.0,,,False,missing,1.4554108736357436,1.7013124614567978,0.39179104477611937,1.4831920462553747,5.031706426124035,10.031706426124035
2024,1266,1,8428795,2024-02-03,England,142404,Ben Earl,Back-row,True,True,False,80,True,1.0,2,2,0,0,0,0,0,42,4,0,0,16,10,0,0,7,0,0,0,22.0,,,False,missing,1.76413439228575,2.062196922977937,0.39179104477611937,1.4831920462553747,5.701314406295181,27.701314406295182
2024,1266,1,8428795,2024-02-03,England,218844,Theo Dan,Hooker,True,False,False,7,False,0.0875,2,2,0,0,0,0,0,5,1,0,0,2,1,0,0,0,0,0,0,3.0,,,False,missing,0.15436175932500312,0.0,0.1271186440677966,0.912244070268424,1.1937244736612238,4.193724473661224
2024,1266,1,8428795,2024-02-03,England,137016,Beno Obano,Prop,True,False,False,5,False,0.0625,2,2,0,0,0,0,0,0,0,0,0,0,2,0,0,0,1,0,0,1.0,,,False,missing,0.11025839951785937,0.0,0.0635593220338983,0.49340065242919223,0.6672183739809499,1.6672183739809499
2024,1266,1,8428795,2024-02-03,England,54336,Dan Cole,Prop,True,False,False,25,False,0.3125,2,2,0,0,0,0,0,0,0,0,0,0,4,0,0,0,1,0,0,3.0,,,False,missing,0.5512919975892969,0.0,0.0635593220338983,0.49340065242919223,1.1082519720523876,4.108251972052388
2024,1266,1,8428795,2024-02-03,England,198696,Alex Coles,Second-row,True,True,False,8,False,0.1,2,2,0,0,0,0,0,0,0,0,0,0,2,0,0,0,0,0,0,2.0,,,False,missing,0.176413439228575,0.2062196922977937,0.24324324324324326,1.301319777877228,1.92719615264684,3.92719615264684
2024,1266,1,8428795,2024-02-03,England,264444,Chandler Cunningham-South,Back-row,True,True,False,14,False,0.175,2,2,0,0,0,0,0,20,1,1,0,2,5,1,0,0,0,0,0,9.0,,,False,missing,0.30872351865000625,0.36088446152113896,0.39179104477611937,1.4831920462553747,2.544591071202639,11.544591071202639
2024,1266,1,8428795,2024-02-03,England,45822,Danny Care,Scrum-half,False,False,False,22,False,0.275,2,2,0,0,0,0,0,1,0,0,0,1,0,2,0,11,0,0,0,0.0,,,False,missing,0.0,0.0,0.5128205128205129,1.376068376068376,1.8888888888888888,1.8888888888888888
2024,1266,1,8428795,2024-02-03,England,227772,Fin Smith,Fly-half,False,False,False,14,False,0.175,2,2,0,0,0,0,0,0,1,0,0,1,4,0,0,3,0,0,0,6.0,,,False,missing,0.0,0.0,0.6976744186046512,1.6627906976744176,2.3604651162790686,8.36046511627907
2024,1266,1,8428795,2024-02-03,England,230898,Immanuel Feyi-Waboso,Back-three,False,False,False,3,False,0.0375,2,2,0,0,0,0,0,3,1,0,0,1,1,0,1,0,0,0,0,8.0,,,False,missing,0.0,0.0,0.5072463768115941,0.9468599033816418,1.454106280193236,9.454106280193237
2024,1266,1,8428804,2024-02-03,Wales,243378,Cameron Winnett,Back-three,False,False,False,80,True,1.0,3,2,0,0,0,0,0,126,2,0,0,15,4,0,0,6,0,0,0,20.0,,,False,missing,0.0,0.0,0.5072463768115941,0.9468599033816418,1.454106280193236,21.454106280193237
2024,1266,1,8428804,2024-02-03,Wales,129096,Josh Adams,Back-three,False,False,False,80,True,1.0,3,2,0,0,0,0,0,48,1,1,0,14,0,0,0,5,1,0,0,5.0,,,False,missing,0.0,0.0,0.5072463768115941,0.9468599033816418,1.454106280193236,6.454106280193236
2024,1266,1,8428804,2024-02-03,Wales,136476,Owen Watkin,Centre,False,False,False,51,True,0.6375,3,2,0,0,0,0,0,8,0,0,0,4,3,1,1,1,0,0,0,8.0,,,False,missing,0.0,0.0,0.3103448275862069,1.4896551724137947,1.8000000000000016,9.8
2024,1266,1,8428804,2024-02-03,Wales,120162,Nick Tompkins,Centre,False,False,False,80,True,1.0,3,2,0,0,0,0,0,9,1,0,3,10,10,1,0,21,0,0,0,18.0,,,False,missing,0.0,0.0,0.3103448275862069,1.4896551724137947,1.8000000000000016,19.8
2024,1266,1,8428804,2024-02-03,Wales,178890,Rio Dyer,Back-three,False,False,False,80,True,1.0,3,2,1,0,0,0,0,70,5,3,1,7,8,1,0,4,0,0,0,37.0,,,False,missing,0.0,0.0,0.5072463768115941,0.9468599033816418,1.454106280193236,38.45410628019324
2024,1266,1,8428804,2024-02-03,Wales,203076,Sam Costelow,Fly-half,False,False,False,35,True,0.4375,3,2,0,0,0,0,0,2,0,0,0,2,10,3,0,8,1,0,0,9.0,,,False,missing,0.0,0.0,0.6976744186046512,1.6627906976744176,2.3604651162790686,11.36046511627907
2024,1266,1,8428804,2024-02-03,Wales,60942,Gareth Davies,Scrum-half,False,False,False,40,True,0.5,3,2,0,0,0,0,0,14,2,0,0,2,3,2,0,38,0,0,0,8.0,,,False,missing,0.0,0.0,0.5128205128205129,1.376068376068376,1.8888888888888888,9.88888888888889
2024,1266,1,8428804,2024-02-03,Wales,144486,Corey Domachowski,Prop,True,False,False,80,True,1.0,3,2,0,0,0,0,0,4,0,0,1,10,12,0,0,3,0,0,0,14.0,,,False,missing,2.646201588428625,0.0,0.0635593220338983,0.49340065242919223,3.2031615628917156,17.203161562891715
2024,1266,1,8428804,2024-02-03,Wales,128574,Ryan Elias,Hooker,True,False,False,40,True,0.5,3,2,0,0,0,0,0,3,0,0,0,2,10,1,0,3,0,0,0,10.0,,,False,missing,1.3231007942143125,0.0,0.1271186440677966,0.912244070268424,2.362463508550533,12.362463508550533
2024,1266,1,8428804,2024-02-03,Wales,139644,Leon Brown,Prop,True,False,False,40,True,0.5,3,2,0,0,0,0,0,0,0,0,0,2,7,1,0,2,0,0,0,7.0,,,False,missing,1.3231007942143125,0.0,0.0635593220338983,0.49340065242919223,1.8800607686774031,8.880060768677403
2024,1266,1,8428804,2024-02-03,Wales,232104,Dafydd Jenkins,Second-row,True,True,False,80,True,1.0,3,2,0,0,0,0,0,2,0,0,0,3,17,0,0,3,1,0,0,16.0,,,False,missing,2.646201588428625,2.062196922977937,0.24324324324324326,1.301319777877228,6.252961532527033,22.25296153252703
2024,1266,1,8428804,2024-02-03,Wales,129576,Adam Beard,Second-row,True,True,False,48,True,0.6,3,2,0,0,0,0,0,4,0,0,0,8,8,0,0,2,0,0,0,8.0,,,False,missing,1.5877209530571748,1.2373181537867621,0.24324324324324326,1.301319777877228,4.369602127964408,12.36960212796441
2024,1266,1,8428804,2024-02-03,Wales,154938,James Botham,Back-row,True,True,False,48,True,0.6,3,2,1,0,0,0,0,0,0,0,0,6,6,0,0,1,0,0,0,21.0,,,False,missing,1.5877209530571748,1.2373181537867621,0.39179104477611937,1.4831920462553747,4.70002219787543,25.70002219787543
2024,1266,1,8428804,2024-02-03,Wales,155826,Tommy Reffell,Back-row,True,True,False,80,True,1.0,3,2,0,0,0,0,0,20,2,1,0,9,11,0,0,3,0,0,0,17.0,,,False,missing,2.646201588428625,2.062196922977937,0.39179104477611937,1.4831920462553747,6.583381602438056,23.583381602438056
2024,1266,1,8428804,2024-02-03,Wales,176652,Aaron Wainwright,Back-row,True,True,False,80,True,1.0,3,2,1,0,0,0,0,65,5,1,0,11,12,0,0,11,0,0,0,43.0,,,False,missing,2.646201588428625,2.062196922977937,0.39179104477611937,1.4831920462553747,6.583381602438056,49.58338160243805
2024,1266,1,8428804,2024-02-03,Wales,122628,Elliot Dee,Hooker,True,False,False,40,False,0.5,3,2,0,0,0,0,0,9,0,0,0,8,6,0,0,5,0,0,0,6.0,,,False,missing,1.3231007942143125,0.0,0.1271186440677966,0.912244070268424,2.362463508550533,8.362463508550533
2024,1266,1,8428804,2024-02-03,Wales,178866,Kemsley Mathias,Prop,True,False,False,0,False,0.0,3,2,0,0,0,0,0,0,0,0,0,0,0,0,0,0,0,0,0,0.0,,,False,missing,0.0,0.0,0.0635593220338983,0.49340065242919223,0.5569599744630905,0.5569599744630905
2024,1266,1,8428804,2024-02-03,Wales,144480,Keiron Assiratti,Prop,True,False,False,40,False,0.5,3,2,0,0,0,0,0,0,0,0,0,4,6,0,0,0,0,0,0,6.0,,,False,missing,1.3231007942143125,0.0,0.0635593220338983,0.49340065242919223,1.8800607686774031,7.880060768677403
2024,1266,1,8428804,2024-02-03,Wales,203082,Teddy Williams,Second-row,True,True,False,6,False,0.075,3,2,0,0,0,0,0,1,0,0,0,3,4,0,0,0,0,0,0,4.0,,,False,missing,0.19846511913214684,0.15466476922334527,0.24324324324324326,1.301319777877228,1.8976929094759634,5.897692909475963
2024,1266,1,8428804,2024-02-03,Wales,232110,Alex Mann,Back-row,True,True,False,32,False,0.4,3,2,1,0,0,0,0,21,1,0,0,8,8,0,0,1,0,0,0,27.0,,,False,missing,1.0584806353714502,0.8248787691911748,0.39179104477611937,1.4831920462553747,3.7583424955941194,30.75834249559412
2024,1266,1,8428804,2024-02-03,Wales,128628,Tomos Williams,Scrum-half,False,False,False,40,False,0.5,3,2,0,1,0,0,0,19,0,0,0,6,3,1,0,57,0,0,0,8.0,,,False,missing,0.0,0.0,0.5128205128205129,1.376068376068376,1.8888888888888888,9.88888888888889
2024,1266,1,8428804,2024-02-03,Wales,187314,Ioan Lloyd,Fly-half,False,False,False,45,False,0.5625,3,2,0,0,3,0,0,28,0,0,0,5,2,1,0,17,0,0,0,10.0,,,False,missing,0.0,0.0,0.6976744186046512,1.6627906976744176,2.3604651162790686,12.36046511627907
2024,1266,1,8428804,2024-02-03,Wales,220956,Mason Grady,Centre,False,False,False,29,False,0.3625,3,2,0,0,0,0,0,0,0,0,0,1,5,1,0,2,0,0,0,5.0,,,False,missing,0.0,0.0,0.3103448275862069,1.4896551724137947,1.8000000000000016,6.800000000000002
2024,1266,1,8428804,2024-02-03,Scotland,179370,Kyle Rowe,Back-three,False,False,False,80,True,1.0,4,3,0,0,0,0,0,76,2,2,1,11,4,1,0,8,1,0,0,16.0,,,False,missing,0.0,0.0,0.5072463768115941,0.9468599033816418,1.454106280193236,17.454106280193237
2024,1266,1,8428804,2024-02-03,Scotland,171582,Kyle Steyn,Back-three,False,False,False,80,True,1.0,4,3,0,0,0,0,0,56,1,1,3,9,4,5,0,4,0,0,0,17.0,,,False,missing,0.0,0.0,0.5072463768115941,0.9468599033816418,1.454106280193236,18.454106280193237
2024,1266,1,8428804,2024-02-03,Scotland,136776,Huw Jones,Centre,False,False,False,80,True,1.0,4,3,0,0,0,0,0,41,2,0,1,8,13,1,1,3,0,0,0,28.0,,,False,missing,0.0,0.0,0.3103448275862069,1.4896551724137947,1.8000000000000016,29.8
2024,1266,1,8428804,2024-02-03,Scotland,139998,Sione Tuipulotu,Centre,False,False,False,80,True,1.0,4,3,0,0,0,0,0,37,2,0,0,8,7,0,0,3,1,1,0,8.0,,,False,missing,0.0,0.0,0.3103448275862069,1.4896551724137947,1.8000000000000016,9.8
2024,1266,1,8428804,2024-02-03,Scotland,131400,Duhan van der Merwe,Back-three,False,False,False,80,True,1.0,4,3,2,0,0,0,0,76,3,1,1,10,4,2,0,2,1,0,0,38.0,,,False,missing,0.0,0.0,0.5072463768115941,0.9468599033816418,1.454106280193236,39.45410628019324
2024,1266,1,8428804,2024-02-03,Scotland,117894,Finn Russell,Fly-half,False,False,False,80,True,1.0,4,3,0,2,3,2,0,21,1,1,2,6,10,2,0,25,0,0,0,38.0,,,False,missing,0.0,0.0,0.6976744186046512,1.6627906976744176,2.3604651162790686,40.360465116279066
2024,1266,1,8428804,2024-02-03,Scotland,142476,Ben White,Scrum-half,False,False,False,69,True,0.8625,4,3,0,0,0,0,0,4,0,0,0,2,2,0,0,47,0,0,0,2.0,,,False,missing,0.0,0.0,0.5128205128205129,1.376068376068376,1.8888888888888888,3.888888888888889
2024,1266,1,8428804,2024-02-03,Scotland,130290,Pierre Schoeman,Prop,True,False,False,61,True,0.7625,4,3,1,0,0,0,0,9,2,0,0,5,15,0,1,1,1,0,0,38.0,,,False,missing,2.6903049482357684,0.0,0.0635593220338983,0.49340065242919223,3.247264922698859,41.24726492269886
2024,1266,1,8428804,2024-02-03,Scotland,117864,George Turner,Hooker,True,False,False,69,True,0.8625,4,3,0,0,0,0,0,14,0,0,0,5,6,3,0,2,2,1,0,0.0,,,False,missing,3.043131826692919,0.0,0.1271186440677966,0.912244070268424,4.082494541029139,4.082494541029139
2024,1266,1,8428804,2024-02-03,Scotland,130530,Zander Fagerson,Prop,True,False,False,69,True,0.8625,4,3,0,0,0,0,0,7,0,0,0,8,9,0,0,2,3,0,0,6.0,,,False,missing,3.043131826692919,0.0,0.0635593220338983,0.49340065242919223,3.6000918011560095,9.60009180115601
2024,1266,1,8428804,2024-02-03,Scotland,97512,Richie Gray,Second-row,True,True,False,31,True,0.3875,4,3,0,0,0,0,0,0,0,0,0,1,4,0,0,2,0,0,0,4.0,,,False,missing,1.3672041540214563,1.198651961480926,0.24324324324324326,1.301319777877228,4.110419136622854,8.110419136622854
2024,1266,1,8428804,2024-02-03,Scotland,136596,Scott Cummings,Second-row,True,True,False,80,True,1.0,4,3,0,0,0,0,0,6,0,0,0,7,11,1,0,2,0,0,0,11.0,,,False,missing,3.5282687845715,3.0932953844669053,0.24324324324324326,1.301319777877228,8.166127190158877,19.166127190158875
2024,1266,1,8428804,2024-02-03,Scotland,146766,Luke Crosbie,Back-row,True,True,False,50,True,0.625,4,3,0,0,0,0,0,7,0,0,0,8,11,1,0,2,0,0,0,11.0,,,False,missing,2.2051679903571877,1.9333096152918159,0.39179104477611937,1.4831920462553747,6.0134606966804975,17.013460696680497
2024,1266,1,8428804,2024-02-03,Scotland,130536,Jamie Ritchie,Back-row,True,True,False,61,True,0.7625,4,3,0,0,0,0,0,10,0,0,0,4,14,1,0,0,1,0,0,14.0,,,False,missing,2.6903049482357684,2.358637730656015,0.39179104477611937,1.4831920462553747,6.923925769923278,20.92392576992328
2024,1266,1,8428804,2024-02-03,Scotland,161856,Matt Fagerson,Back-row,True,True,False,80,True,1.0,4,3,0,0,0,0,0,3,0,0,0,7,18,2,0,4,0,0,0,18.0,,,False,missing,3.5282687845715,3.0932953844669053,0.39179104477611937,1.4831920462553747,8.4965472600699,26.4965472600699
2024,1266,1,8428804,2024-02-03,Scotland,187422,Ewan Ashman,Hooker,True,False,False,8,False,0.1,4,3,0,0,0,0,0,5,0,0,1,3,5,0,0,3,1,0,0,6.0,,,False,missing,0.35282687845715,0.0,0.1271186440677966,0.912244070268424,1.3921895927933705,7.39218959279337
2024,1266,1,8428804,2024-02-03,Scotland,117978,Alec Hepburn,Prop,True,False,False,19,False,0.2375,4,3,0,0,0,0,0,0,0,0,0,5,4,0,0,2,0,0,0,4.0,,,False,missing,0.8379638363357312,0.0,0.0635593220338983,0.49340065242919223,1.3949238107988218,5.394923810798822
2024,1266,1,8428804,2024-02-03,Scotland,178038,Elliot Millar-Mills,Prop,True,False,False,11,False,0.1375,4,3,0,0,0,0,0,0,0,0,0,1,2,0,0,1,0,0,0,2.0,,,False,missing,0.4851369578785813,0.0,0.0635593220338983,0.49340065242919223,1.0420969323416718,3.0420969323416718
2024,1266,1,8428804,2024-02-03,Scotland,135774,Sam Skinner,Second-row,True,True,False,49,False,0.6125,4,3,0,0,0,0,0,1,0,0,0,4,10,0,0,1,4,0,0,6.0,,,False,missing,2.161064630550044,1.8946434229859797,0.24324324324324326,1.301319777877228,5.6002710746564945,11.600271074656494
2024,1266,1,8428804,2024-02-03,Scotland,124308,Jack Dempsey,Back-row,True,True,False,19,False,0.2375,4,3,0,0,0,0,0,6,0,0,0,4,6,0,0,0,0,0,0,6.0,,,False,missing,0.8379638363357312,0.7346576538108899,0.39179104477611937,1.4831920462553747,3.4476045811781155,9.447604581178116
2024,1266,1,8428804,2024-02-03,Scotland,129792,George Horne,Scrum-half,False,False,False,11,False,0.1375,4,3,0,0,0,0,0,0,0,0,1,3,1,0,0,20,1,0,0,2.0,,,False,missing,0.0,0.0,0.5128205128205129,1.376068376068376,1.8888888888888888,3.888888888888889
2024,1266,1,8428804,2024-02-03,Scotland,203100,Ben Healy,Fly-half,False,False,False,0,False,0.0,4,3,0,0,0,0,0,0,0,0,0,0,0,0,0,0,0,0,0,0.0,,,False,missing,0.0,0.0,0.6976744186046512,1.6627906976744176,2.3604651162790686,2.3604651162790686
2024,1266,1,8428804,2024-02-03,Scotland,177348,Cameron Redpath,Centre,False,False,False,9,False,0.1125,4,3,0,0,0,0,0,6,0,0,0,2,1,0,0,2,0,0,0,1.0,,,False,missing,0.0,0.0,0.3103448275862069,1.4896551724137947,1.8000000000000016,2.8000000000000016
2024,1266,2,8428813,2024-02-10,Scotland,220776,Harry Paterson,Back-three,False,False,False,80,True,1.0,6,1,0,0,0,0,0,81,2,1,1,10,1,1,0,5,0,0,0,15.0,,,False,missing,0.0,0.0,0.5072463768115941,0.9468599033816418,1.454106280193236,16.454106280193237
2024,1266,2,8428813,2024-02-10,Scotland,179370,Kyle Rowe,Back-three,False,False,False,80,True,1.0,6,1,0,0,0,0,0,42,7,1,1,3,5,1,0,2,0,0,0,25.0,,,False,missing,0.0,0.0,0.5072463768115941,0.9468599033816418,1.454106280193236,26.454106280193237
2024,1266,2,8428813,2024-02-10,Scotland,136776,Huw Jones,Centre,False,False,False,76,True,0.95,6,1,0,1,0,0,0,28,1,0,0,8,3,1,1,4,0,0,0,16.0,,,False,missing,0.0,0.0,0.3103448275862069,1.4896551724137947,1.8000000000000016,17.8
2024,1266,2,8428813,2024-02-10,Scotland,139998,Sione Tuipulotu,Centre,False,False,False,80,True,1.0,6,1,0,0,0,0,0,28,1,0,2,10,3,1,0,6,0,0,0,11.0,,,False,missing,0.0,0.0,0.3103448275862069,1.4896551724137947,1.8000000000000016,12.8
2024,1266,2,8428813,2024-02-10,Scotland,131400,Duhan van der Merwe,Back-three,False,False,False,80,True,1.0,6,1,0,0,0,0,0,18,0,1,0,6,3,2,0,3,0,0,0,4.0,,,False,missing,0.0,0.0,0.5072463768115941,0.9468599033816418,1.454106280193236,5.454106280193236
2024,1266,2,8428813,2024-02-10,Scotland,117894,Finn Russell,Fly-half,False,False,False,80,True,1.0,6,1,0,0,1,3,0,38,1,0,2,9,7,2,1,25,0,0,0,32.0,,,False,missing,0.0,0.0,0.6976744186046512,1.6627906976744176,2.3604651162790686,34.360465116279066
2024,1266,2,8428813,2024-02-10,Scotland,142476,Ben White,Scrum-half,False,False,False,80,True,1.0,6,1,1,0,0,0,0,20,0,0,1,5,9,3,0,72,0,0,0,23.0,,,False,missing,0.0,0.0,0.5128205128205129,1.376068376068376,1.8888888888888888,24.88888888888889
2024,1266,2,8428813,2024-02-10,Scotland,130290,Pierre Schoeman,Prop,True,False,False,71,True,0.8875,6,1,0,0,0,0,0,15,0,0,0,9,10,0,0,0,0,0,0,11.0,,,False,missing,4.697007819460809,0.0,0.0635593220338983,0.49340065242919223,5.2539677939238985,16.2539677939239
2024,1266,2,8428813,2024-02-10,Scotland,117864,George Turner,Hooker,True,False,False,16,True,0.2,6,1,0,0,0,0,0,23,1,0,0,5,7,2,0,6,0,0,0,11.0,,,False,missing,1.0584806353714502,0.0,0.1271186440677966,0.912244070268424,2.097843349707671,13.09784334970767
2024,1266,2,8428813,2024-02-10,Scotland,130530,Zander Fagerson,Prop,True,False,False,80,True,1.0,6,1,0,0,0,0,0,9,0,0,0,9,12,1,0,0,1,0,0,11.0,,,False,missing,5.29240317685725,0.0,0.0635593220338983,0.49340065242919223,5.84936315132034,16.84936315132034
2024,1266,2,8428813,2024-02-10,Scotland,102762,Grant Gilchrist,Second-row,True,True,False,74,True,0.925,6,1,0,0,0,0,0,4,1,0,0,5,7,0,0,6,1,0,0,8.0,,,False,missing,4.895472938592957,0.9537660768772959,0.24324324324324326,1.301319777877228,7.393802036590723,15.393802036590724
2024,1266,2,8428813,2024-02-10,Scotland,136596,Scott Cummings,Second-row,True,True,False,80,True,1.0,6,1,0,0,0,0,0,2,0,0,0,3,7,2,0,3,1,0,0,6.0,,,False,missing,5.29240317685725,1.0310984614889684,0.24324324324324326,1.301319777877228,7.86806465946669,13.86806465946669
2024,1266,2,8428813,2024-02-10,Scotland,161856,Matt Fagerson,Back-row,True,True,False,40,True,0.5,6,1,0,0,0,0,0,10,0,0,0,5,3,0,0,2,0,0,0,4.0,,,False,missing,2.646201588428625,0.5155492307444842,0.39179104477611937,1.4831920462553747,5.036733910204603,9.036733910204603
2024,1266,2,8428813,2024-02-10,Scotland,180222,Rory Darge,Back-row,True,True,False,80,True,1.0,6,1,0,0,0,0,0,32,1,0,0,15,13,1,0,1,0,0,0,18.0,,,False,missing,5.29240317685725,1.0310984614889684,0.39179104477611937,1.4831920462553747,8.198484729377713,26.19848472937771
2024,1266,2,8428813,2024-02-10,Scotland,124308,Jack Dempsey,Back-row,True,True,False,80,True,1.0,6,1,0,0,0,0,0,39,1,0,0,11,12,0,0,5,1,0,0,16.0,,,False,missing,5.29240317685725,1.0310984614889684,0.39179104477611937,1.4831920462553747,8.198484729377713,24.19848472937771
2024,1266,2,8428813,2024-02-10,Scotland,187422,Ewan Ashman,Hooker,True,False,False,11,False,0.1375,6,1,0,0,0,0,0,3,0,0,0,2,3,0,0,1,0,0,0,3.0,,,False,missing,0.7277054368178719,0.0,0.1271186440677966,0.912244070268424,1.7670681511540924,4.767068151154092
2024,1266,2,8428813,2024-02-10,Scotland,117978,Alec Hepburn,Prop,True,False,False,9,False,0.1125,6,1,0,0,0,0,0,0,0,0,0,2,1,0,0,1,1,0,0,0.0,,,False,missing,0.5953953573964407,0.0,0.0635593220338983,0.49340065242919223,1.1523553318595312,1.1523553318595312
2024,1266,2,8428813,2024-02-10,Scotland,178038,Elliot Millar-Mills,Prop,True,False,False,0,False,0.0,6,1,0,0,0,0,0,0,0,0,0,0,0,0,0,0,0,0,0,0.0,,,False,missing,0.0,0.0,0.0635593220338983,0.49340065242919223,0.5569599744630905,0.5569599744630905
2024,1266,2,8428813,2024-02-10,Scotland,135774,Sam Skinner,Second-row,True,True,False,6,False,0.075,6,1,0,0,0,0,0,1,0,0,0,4,0,0,0,1,0,0,0,0.0,,,False,missing,0.3969302382642937,0.07733238461167263,0.24324324324324326,1.301319777877228,2.0188256439964376,2.0188256439964376
2024,1266,2,8428813,2024-02-10,Scotland,172434,Andy Christie,Back-row,True,True,False,40,False,0.5,6,1,0,0,0,0,0,12,0,0,0,2,7,0,0,1,1,0,0,7.0,,,False,missing,2.646201588428625,0.5155492307444842,0.39179104477611937,1.4831920462553747,5.036733910204603,12.036733910204603
2024,1266,2,8428813,2024-02-10,Scotland,129792,George Horne,Scrum-half,False,False,False,0,False,0.0,6,1,0,0,0,0,0,0,0,0,0,0,0,0,0,0,0,0,0,0.0,,,False,missing,0.0,0.0,0.5128205128205129,1.376068376068376,1.8888888888888888,1.8888888888888888
2024,1266,2,8428813,2024-02-10,Scotland,203100,Ben Healy,Fly-half,False,False,False,0,False,0.0,6,1,0,0,0,0,0,0,0,0,0,0,0,0,0,0,0,0,0,0.0,,,False,missing,0.0,0.0,0.6976744186046512,1.6627906976744176,2.3604651162790686,2.3604651162790686
2024,1266,2,8428813,2024-02-10,Scotland,177348,Cameron Redpath,Centre,False,False,False,4,False,0.05,6,1,0,0,0,0,0,1,0,0,0,1,0,0,0,0,0,0,0,0.0,,,False,missing,0.0,0.0,0.3103448275862069,1.4896551724137947,1.8000000000000016,1.8000000000000016
2024,1266,2,8428813,2024-02-10,France,129822,Thomas Ramos,Back-three,False,False,False,80,True,1.0,4,1,0,0,2,2,0,103,5,1,0,10,1,1,0,9,0,0,0,31.0,,,False,missing,0.0,0.0,0.5072463768115941,0.9468599033816418,1.454106280193236,32.45410628019324
2024,1266,2,8428813,2024-02-10,France,139668,Damian Penaud,Back-three,False,False,False,80,True,1.0,4,1,0,0,0,0,0,29,2,0,1,6,5,1,0,4,0,0,0,13.0,,,False,missing,0.0,0.0,0.5072463768115941,0.9468599033816418,1.454106280193236,14.454106280193237
2024,1266,2,8428813,2024-02-10,France,119154,Gael Fickou,Centre,False,False,False,80,True,1.0,4,1,1,0,0,0,0,50,3,1,0,5,8,1,0,1,2,0,0,27.0,,,False,missing,0.0,0.0,0.3103448275862069,1.4896551724137947,1.8000000000000016,28.8
2024,1266,2,8428813,2024-02-10,France,116418,Jonathan Danty,Centre,False,False,False,62,True,0.775,4,1,0,0,0,0,0,8,1,0,1,3,4,1,0,3,1,0,0,7.0,,,False,missing,0.0,0.0,0.3103448275862069,1.4896551724137947,1.8000000000000016,8.8
2024,1266,2,8428813,2024-02-10,France,231684,Louis Bielle-Biarrey,Back-three,False,False,False,37,True,0.4625,4,1,1,0,0,0,0,20,1,1,0,5,2,1,0,2,0,0,0,16.0,,,False,missing,0.0,0.0,0.5072463768115941,0.9468599033816418,1.454106280193236,17.454106280193237
2024,1266,2,8428813,2024-02-10,France,169662,Matthieu Jalibert,Fly-half,False,False,False,80,True,1.0,4,1,0,1,0,0,0,14,1,0,0,6,10,2,1,17,2,0,0,20.0,,,False,missing,0.0,0.0,0.6976744186046512,1.6627906976744176,2.3604651162790686,22.36046511627907
2024,1266,2,8428813,2024-02-10,France,186162,Maxime Lucu,Scrum-half,False,False,False,49,True,0.6125,4,1,0,0,0,0,0,0,0,0,0,2,5,0,0,40,1,0,0,4.0,,,False,missing,0.0,0.0,0.5128205128205129,1.376068376068376,1.8888888888888888,5.888888888888889
2024,1266,2,8428813,2024-02-10,France,121938,Cyril Baille,Prop,True,False,False,57,True,0.7125,4,1,0,0,0,0,0,2,0,0,0,8,12,0,0,2,0,0,0,12.0,,,False,missing,2.513891509007194,0.0,0.0635593220338983,0.49340065242919223,3.0708514834702845,15.070851483470285
2024,1266,2,8428813,2024-02-10,France,147480,Peato Mauvaka,Hooker,True,False,False,48,True,0.6,4,1,0,0,0,0,0,0,0,0,0,3,7,0,0,2,0,0,0,7.0,,,False,missing,2.1169612707429,0.0,0.1271186440677966,0.912244070268424,3.156323985079121,10.156323985079121
2024,1266,2,8428813,2024-02-10,France,133446,Uini Atonio,Prop,True,False,False,57,True,0.7125,4,1,0,0,0,0,0,0,0,0,0,3,6,0,1,2,1,1,0,5.0,,,False,missing,2.513891509007194,0.0,0.0635593220338983,0.49340065242919223,3.0708514834702845,8.070851483470285
2024,1266,2,8428813,2024-02-10,France,165864,Cameron Woki,Second-row,True,True,False,48,True,0.6,4,1,0,0,0,0,0,1,0,0,0,1,7,1,0,1,0,0,0,7.0,,,False,missing,2.1169612707429,0.6186590768933811,0.24324324324324326,1.301319777877228,4.280183368756752,11.280183368756752
2024,1266,2,8428813,2024-02-10,France,133476,Paul Gabrillagues,Second-row,True,True,False,48,True,0.6,4,1,0,0,0,0,0,1,0,0,0,2,11,0,0,0,0,0,0,11.0,,,False,missing,2.1169612707429,0.6186590768933811,0.24324324324324326,1.301319777877228,4.280183368756752,15.280183368756752
2024,1266,2,8428813,2024-02-10,France,123366,Francois Cros,Back-row,True,True,False,80,True,1.0,4,1,0,0,0,0,0,30,1,0,0,8,18,2,0,0,1,0,0,22.0,,,False,missing,3.5282687845715,1.0310984614889684,0.39179104477611937,1.4831920462553747,6.434350337091962,28.434350337091963
2024,1266,2,8428813,2024-02-10,France,123504,Charles Ollivon,Back-row,True,True,False,80,True,1.0,4,1,0,0,0,0,0,26,0,0,0,7,13,2,0,0,1,0,0,14.0,,,False,missing,3.5282687845715,1.0310984614889684,0.39179104477611937,1.4831920462553747,6.434350337091962,20.434350337091963
2024,1266,2,8428813,2024-02-10,France,176748,Gregory Alldritt,Back-row,True,True,False,49,True,0.6125,4,1,0,0,0,0,0,19,2,0,1,6,14,1,0,3,0,0,0,21.0,,,False,missing,2.161064630550044,0.6315478076619933,0.39179104477611937,1.4831920462553747,4.667595529243531,25.66759552924353
2024,1266,2,8428813,2024-02-10,France,135138,Julien Marchand,Hooker,True,False,False,32,False,0.4,4,1,0,0,0,0,0,7,0,0,0,4,1,0,0,1,0,0,0,1.0,,,False,missing,1.4113075138286,0.0,0.1271186440677966,0.912244070268424,2.450670228164821,3.450670228164821
2024,1266,2,8428813,2024-02-10,France,88518,Sebastien Taofifenua,Prop,True,False,False,23,False,0.2875,4,1,0,0,0,0,0,0,0,0,0,1,7,0,0,1,0,0,0,7.0,,,False,missing,1.0143772755643061,0.0,0.0635593220338983,0.49340065242919223,1.5713372500273968,8.571337250027398
2024,1266,2,8428813,2024-02-10,France,127122,Dorian Aldegheri,Prop,True,False,False,11,False,0.1375,4,1,0,0,0,0,0,0,0,0,0,0,3,1,0,0,0,0,0,3.0,,,False,missing,0.4851369578785813,0.0,0.0635593220338983,0.49340065242919223,1.0420969323416718,4.042096932341671
2024,1266,2,8428813,2024-02-10,France,238206,Posolo Tuilagi,Second-row,True,True,False,32,False,0.4,4,1,0,0,0,0,0,1,0,0,0,2,6,0,0,0,0,0,0,6.0,,,False,missing,1.4113075138286,0.4124393845955874,0.24324324324324326,1.301319777877228,3.368309919544659,9.368309919544659
2024,1266,2,8428813,2024-02-10,France,146952,Alexandre Roumat,Second-row,True,True,False,32,False,0.4,4,1,0,0,0,0,0,2,1,0,0,2,4,1,0,0,0,0,0,6.0,,,False,missing,1.4113075138286,0.4124393845955874,0.24324324324324326,1.301319777877228,3.368309919544659,9.368309919544659
2024,1266,2,8428813,2024-02-10,France,198624,Paul Boudehent,Back-row,True,True,False,31,False,0.3875,4,1,0,0,0,0,0,7,0,0,0,2,5,0,0,0,0,0,0,5.0,,,False,missing,1.3672041540214563,0.3995506538269753,0.39179104477611937,1.4831920462553747,3.641737898879926,8.641737898879926
2024,1266,2,8428813,2024-02-10,France,219972,Nolann Le Garrec,Scrum-half,False,False,False,31,False,0.3875,4,1,0,0,0,0,0,1,0,0,0,2,6,0,0,23,0,0,0,6.0,,,False,missing,0.0,0.0,0.5128205128205129,1.376068376068376,1.8888888888888888,7.888888888888889
2024,1266,2,8428813,2024-02-10,France,196152,Yoram Moefana,Centre,False,False,False,18,False,0.225,4,1,0,0,0,0,0,22,0,0,0,2,2,1,0,2,0,0,0,4.0,,,False,missing,0.0,0.0,0.3103448275862069,1.4896551724137947,1.8000000000000016,5.800000000000002
2024,1266,2,8428822,2024-02-10,England,203496,Freddie Steward,Back-three,False,False,False,80,True,1.0,7,0,0,0,0,0,0,107,4,1,0,12,2,1,0,1,0,0,0,20.0,,,False,missing,0.0,0.0,0.5072463768115941,0.9468599033816418,1.454106280193236,21.454106280193237
2024,1266,2,8428822,2024-02-10,England,213192,Tommy Freeman,Back-three,False,False,False,80,True,1.0,7,0,0,0,0,0,0,31,3,1,1,5,5,2,0,2,0,0,0,16.0,,,False,missing,0.0,0.0,0.5072463768115941,0.9468599033816418,1.454106280193236,17.454106280193237
2024,1266,2,8428822,2024-02-10,England,114534,Henry Slade,Centre,False,False,False,80,True,1.0,7,0,0,0,0,0,0,7,0,0,0,2,8,2,0,4,0,0,0,8.0,,,False,missing,0.0,0.0,0.3103448275862069,1.4896551724137947,1.8000000000000016,9.8
2024,1266,2,8428822,2024-02-10,England,156030,Fraser Dingwall,Centre,False,False,False,80,True,1.0,7,0,1,0,0,0,0,3,0,0,0,3,9,3,0,5,2,0,0,17.0,,,False,missing,0.0,0.0,0.3103448275862069,1.4896551724137947,1.8000000000000016,18.8
2024,1266,2,8428822,2024-02-10,England,111072,Elliot Daly,Back-three,False,False,False,80,True,1.0,7,0,0,1,0,0,0,33,0,2,0,6,0,2,0,2,0,0,0,7.0,,,False,missing,0.0,0.0,0.5072463768115941,0.9468599033816418,1.454106280193236,8.454106280193237
2024,1266,2,8428822,2024-02-10,England,66258,George Ford,Fly-half,False,False,False,80,True,1.0,7,0,0,0,0,2,0,0,0,0,0,1,10,0,1,23,0,0,0,21.0,,,False,missing,0.0,0.0,0.6976744186046512,1.6627906976744176,2.3604651162790686,23.36046511627907
2024,1266,2,8428822,2024-02-10,England,142356,Alex Mitchell,Scrum-half,False,False,False,68,True,0.85,7,0,0,0,0,0,0,16,4,1,0,5,3,2,0,36,0,0,0,12.0,,,False,missing,0.0,0.0,0.5128205128205129,1.376068376068376,1.8888888888888888,13.88888888888889
2024,1266,2,8428822,2024-02-10,England,97614,Joe Marler,Prop,True,False,False,51,True,0.6375,7,0,0,0,0,0,0,1,0,0,0,1,8,0,0,1,0,0,0,8.0,,,False,missing,3.9362248627875793,0.0,0.0635593220338983,0.49340065242919223,4.49318483725067,12.49318483725067
2024,1266,2,8428822,2024-02-10,England,61134,Jamie George,Hooker,True,False,False,71,True,0.8875,7,0,0,0,0,0,0,7,0,0,0,4,12,1,0,0,0,0,0,12.0,,,False,missing,5.47984245603761,0.0,0.1271186440677966,0.912244070268424,6.519205170373831,18.51920517037383
2024,1266,2,8428822,2024-02-10,England,144738,Will Stuart,Prop,True,False,False,51,True,0.6375,7,0,0,0,0,0,0,2,1,0,0,1,8,1,0,0,1,0,0,9.0,,,False,missing,3.9362248627875793,0.0,0.0635593220338983,0.49340065242919223,4.49318483725067,13.49318483725067
2024,1266,2,8428822,2024-02-10,England,122652,Maro Itoje,Second-row,True,True,False,80,True,1.0,7,0,0,0,0,0,0,3,0,0,0,5,12,0,0,3,1,0,0,11.0,,,False,missing,6.1744703730001245,0.0,0.24324324324324326,1.301319777877228,7.719033394120595,18.719033394120594
2024,1266,2,8428822,2024-02-10,England,218742,Ollie Chessum,Second-row,True,True,False,23,True,0.2875,7,0,0,0,0,0,0,3,0,0,0,4,8,3,0,3,1,1,0,2.0,,,False,missing,1.7751602322375357,0.0,0.24324324324324326,1.301319777877228,3.319723253358007,5.319723253358007
2024,1266,2,8428822,2024-02-10,England,209640,Ethan Roots,Back-row,True,True,False,72,True,0.9,7,0,0,0,0,0,0,5,1,0,0,4,9,1,0,2,2,1,0,4.0,,,False,missing,5.557023335700112,0.0,0.39179104477611937,1.4831920462553747,7.432006426731606,11.432006426731606
2024,1266,2,8428822,2024-02-10,England,129660,Sam Underhill,Back-row,True,True,False,63,True,0.7875,7,0,0,0,0,0,0,9,2,0,0,2,13,2,1,1,0,0,0,22.0,,,False,missing,4.862395418737599,0.0,0.39179104477611937,1.4831920462553747,6.737378509769092,28.737378509769094
2024,1266,2,8428822,2024-02-10,England,142404,Ben Earl,Back-row,True,True,False,80,True,1.0,7,0,1,0,0,0,0,41,4,0,0,10,8,2,0,9,0,0,0,35.0,,,False,missing,6.1744703730001245,0.0,0.39179104477611937,1.4831920462553747,8.049453464031618,43.049453464031615
2024,1266,2,8428822,2024-02-10,England,218844,Theo Dan,Hooker,True,False,False,9,False,0.1125,7,0,0,0,0,0,0,18,1,0,0,2,5,1,0,0,0,0,0,8.0,,,False,missing,0.694627916962514,0.0,0.1271186440677966,0.912244070268424,1.7339906312987345,9.733990631298735
2024,1266,2,8428822,2024-02-10,England,136680,Ellis Genge,Prop,True,False,False,29,False,0.3625,7,0,0,0,0,0,0,1,1,0,0,3,6,1,0,1,0,0,0,8.0,,,False,missing,2.238245510212545,0.0,0.0635593220338983,0.49340065242919223,2.795205484675636,10.795205484675636
2024,1266,2,8428822,2024-02-10,England,54336,Dan Cole,Prop,True,False,False,29,False,0.3625,7,0,0,0,0,0,0,0,0,0,0,0,3,0,0,0,0,0,0,3.0,,,False,missing,2.238245510212545,0.0,0.0635593220338983,0.49340065242919223,2.795205484675636,5.795205484675636
2024,1266,2,8428822,2024-02-10,England,198696,Alex Coles,Second-row,True,True,False,11,False,0.1375,7,0,0,0,0,0,0,0,0,0,0,0,12,1,0,0,0,0,0,12.0,,,False,missing,0.8489896762875173,0.0,0.24324324324324326,1.301319777877228,2.393552697407989,14.393552697407989
2024,1266,2,8428822,2024-02-10,England,264444,Chandler Cunningham-South,Back-row,True,True,False,17,False,0.2125,7,0,0,0,0,0,0,0,0,0,0,2,7,0,0,0,0,0,0,7.0,,,False,missing,1.3120749542625265,0.0,0.39179104477611937,1.4831920462553747,3.1870580452940205,10.18705804529402
2024,1266,2,8428822,2024-02-10,England,45822,Danny Care,Scrum-half,False,False,False,12,False,0.15,7,0,0,0,0,0,0,0,0,0,0,0,1,0,0,9,0,0,0,1.0,,,False,missing,0.0,0.0,0.5128205128205129,1.376068376068376,1.8888888888888888,2.888888888888889
2024,1266,2,8428822,2024-02-10,England,227772,Fin Smith,Fly-half,False,False,False,0,False,0.0,7,0,0,0,0,0,0,0,0,0,0,0,0,0,0,0,0,0,0,0.0,,,False,missing,0.0,0.0,0.6976744186046512,1.6627906976744176,2.3604651162790686,2.3604651162790686
2024,1266,2,8428822,2024-02-10,England,230898,Immanuel Feyi-Waboso,Back-three,False,False,False,0,False,0.0,7,0,0,0,0,0,0,0,0,0,0,0,0,0,0,0,0,0,0,0.0,,,False,missing,0.0,0.0,0.5072463768115941,0.9468599033816418,1.454106280193236,1.454106280193236
2024,1266,2,8428822,2024-02-10,Wales,243378,Cameron Winnett,Back-three,False,False,False,80,True,1.0,4,0,0,0,0,0,0,34,3,1,1,9,1,0,1,4,0,0,0,17.0,,,False,missing,0.0,0.0,0.5072463768115941,0.9468599033816418,1.454106280193236,18.454106280193237
2024,1266,2,8428822,2024-02-10,Wales,129096,Josh Adams,Back-three,False,False,False,60,True,0.75,4,0,0,0,0,0,0,46,5,0,0,3,2,0,0,1,0,0,0,16.0,,,False,missing,0.0,0.0,0.5072463768115941,0.9468599033816418,1.454106280193236,17.454106280193237
2024,1266,2,8428822,2024-02-10,Wales,109650,George North,Centre,False,False,False,80,True,1.0,4,0,0,0,0,0,0,22,3,0,0,9,1,1,0,1,0,0,0,9.0,,,False,missing,0.0,0.0,0.3103448275862069,1.4896551724137947,1.8000000000000016,10.8
2024,1266,2,8428822,2024-02-10,Wales,120162,Nick Tompkins,Centre,False,False,False,80,True,1.0,4,0,0,0,0,0,0,5,1,0,2,10,5,4,0,14,1,0,0,10.0,,,False,missing,0.0,0.0,0.3103448275862069,1.4896551724137947,1.8000000000000016,11.8
2024,1266,2,8428822,2024-02-10,Wales,178890,Rio Dyer,Back-three,False,False,False,80,True,1.0,4,0,0,0,0,0,0,28,1,1,0,4,4,2,0,3,0,0,0,8.0,,,False,missing,0.0,0.0,0.5072463768115941,0.9468599033816418,1.454106280193236,9.454106280193237
2024,1266,2,8428822,2024-02-10,Wales,187314,Ioan Lloyd,Fly-half,False,False,False,80,True,1.0,4,0,0,0,1,0,0,23,1,0,0,10,4,2,0,14,0,0,0,10.0,,,False,missing,0.0,0.0,0.6976744186046512,1.6627906976744176,2.3604651162790686,12.36046511627907
2024,1266,2,8428822,2024-02-10,Wales,128628,Tomos Williams,Scrum-half,False,False,False,72,True,0.9,4,0,0,1,0,0,0,14,0,1,0,3,9,1,0,65,0,0,0,14.0,,,False,missing,0.0,0.0,0.5128205128205129,1.376068376068376,1.8888888888888888,15.88888888888889
2024,1266,2,8428822,2024-02-10,Wales,119118,Gareth Thomas,Prop,True,False,False,58,True,0.725,4,0,0,0,0,0,0,1,0,0,0,7,6,1,1,0,1,0,0,10.0,,,False,missing,2.5579948688143372,0.0,0.0635593220338983,0.49340065242919223,3.114954843277428,13.114954843277427
2024,1266,2,8428822,2024-02-10,Wales,122628,Elliot Dee,Hooker,True,False,False,54,True,0.675,4,0,0,0,0,0,0,1,0,0,0,7,6,0,0,3,0,0,0,6.0,,,False,missing,2.3815814295857627,0.0,0.1271186440677966,0.912244070268424,3.420944143921983,9.420944143921982
2024,1266,2,8428822,2024-02-10,Wales,144480,Keiron Assiratti,Prop,True,False,False,54,True,0.675,4,0,0,0,0,0,0,0,0,0,0,1,3,0,0,3,1,0,0,2.0,,,False,missing,2.3815814295857627,0.0,0.0635593220338983,0.49340065242919223,2.9385414040488533,4.938541404048854
2024,1266,2,8428822,2024-02-10,Wales,232104,Dafydd Jenkins,Second-row,True,True,False,80,True,1.0,4,0,0,0,0,0,0,8,0,0,0,7,7,2,0,5,0,0,0,7.0,,,False,missing,3.5282687845715,0.0,0.24324324324324326,1.301319777877228,5.072831805691972,12.072831805691973
2024,1266,2,8428822,2024-02-10,Wales,129576,Adam Beard,Second-row,True,True,False,68,True,0.85,4,0,0,0,0,0,0,4,0,0,0,3,4,1,0,2,0,0,0,4.0,,,False,missing,2.999028466885775,0.0,0.24324324324324326,1.301319777877228,4.543591488006246,8.543591488006246
2024,1266,2,8428822,2024-02-10,Wales,232110,Alex Mann,Back-row,True,True,False,68,True,0.85,4,0,1,0,0,0,0,27,2,0,0,8,7,2,0,1,0,0,0,28.0,,,False,missing,2.999028466885775,0.0,0.39179104477611937,1.4831920462553747,4.874011557917269,32.87401155791727
2024,1266,2,8428822,2024-02-10,Wales,155826,Tommy Reffell,Back-row,True,True,False,80,True,1.0,4,0,0,0,0,0,0,15,4,1,1,8,14,1,0,1,0,0,0,25.0,,,False,missing,3.5282687845715,0.0,0.39179104477611937,1.4831920462553747,5.403251875602994,30.403251875602994
2024,1266,2,8428822,2024-02-10,Wales,176652,Aaron Wainwright,Back-row,True,True,False,80,True,1.0,4,0,0,0,0,0,0,5,1,0,1,13,9,0,0,6,0,0,0,13.0,,,False,missing,3.5282687845715,0.0,0.39179104477611937,1.4831920462553747,5.403251875602994,18.403251875602994
2024,1266,2,8428822,2024-02-10,Wales,128574,Ryan Elias,Hooker,True,False,False,26,False,0.325,4,0,0,0,0,0,0,2,0,0,0,4,5,1,0,0,0,0,0,5.0,,,False,missing,1.1466873549857375,0.0,0.1271186440677966,0.912244070268424,2.186050069321958,7.186050069321958
2024,1266,2,8428822,2024-02-10,Wales,144486,Corey Domachowski,Prop,True,False,False,22,False,0.275,4,0,0,0,0,0,0,2,0,0,0,2,4,1,0,0,0,0,0,4.0,,,False,missing,0.9702739157571626,0.0,0.0635593220338983,0.49340065242919223,1.5272338902202531,5.527233890220253
2024,1266,2,8428822,2024-02-10,Wales,219990,Archie Griffin,Prop,True,False,False,27,False,0.3375,4,0,0,0,0,0,0,0,0,0,0,3,5,1,0,0,1,0,0,4.0,,,False,missing,1.1907907147928813,0.0,0.0635593220338983,0.49340065242919223,1.747750689255972,5.747750689255972
2024,1266,2,8428822,2024-02-10,Wales,122568,Will Rowlands,Second-row,True,True,False,12,False,0.15,4,0,0,0,0,0,0,4,1,0,0,2,1,0,0,0,0,0,0,3.0,,,False,missing,0.529240317685725,0.0,0.24324324324324326,1.301319777877228,2.0738033388061963,5.073803338806196
2024,1266,2,8428822,2024-02-10,Wales,178746,Taine Basham,Back-row,True,True,False,12,False,0.15,4,0,0,0,0,0,0,0,2,0,0,4,3,0,0,1,0,0,0,7.0,,,False,missing,0.529240317685725,0.0,0.39179104477611937,1.4831920462553747,2.404223408717219,9.404223408717218
2024,1266,2,8428822,2024-02-10,Wales,135900,Kieran Hardy,Scrum-half,False,False,False,8,False,0.1,4,0,0,0,0,0,0,7,1,0,0,1,2,1,0,21,0,0,0,4.0,,,False,missing,0.0,0.0,0.5128205128205129,1.376068376068376,1.8888888888888888,5.888888888888889
2024,1266,2,8428822,2024-02-10,Wales,177552,Cai Evans,Back-three,False,False,False,0,False,0.0,4,0,0,0,0,0,0,0,0,0,0,0,0,0,0,0,0,0,0,0.0,,,False,missing,0.0,0.0,0.5072463768115941,0.9468599033816418,1.454106280193236,1.454106280193236
2024,1266,2,8428822,2024-02-10,Wales,220956,Mason Grady,Centre,False,False,False,20,False,0.25,4,0,0,0,0,0,0,4,0,0,0,1,0,0,0,0,1,1,0,-6.0,,,False,missing,0.0,0.0,0.3103448275862069,1.4896551724137947,1.8000000000000016,-4.199999999999998
2024,1266,2,8428831,2024-02-11,Ireland,143496,Hugo Keenan,Back-three,False,False,False,55,True,0.6875,8,2,0,0,0,0,0,82,8,2,0,8,1,0,0,6,0,0,0,25.0,,,False,missing,0.0,0.0,0.5072463768115941,0.9468599033816418,1.454106280193236,26.454106280193237
2024,1266,2,8428831,2024-02-11,Ireland,148836,Calvin Nash,Back-three,False,False,False,80,True,1.0,8,2,1,0,0,0,0,48,4,1,0,10,2,0,0,4,0,0,0,24.0,,,False,missing,0.0,0.0,0.5072463768115941,0.9468599033816418,1.454106280193236,25.454106280193237
2024,1266,2,8428831,2024-02-11,Ireland,120702,Robbie Henshaw,Centre,False,False,False,63,True,0.7875,8,2,0,0,0,0,0,34,5,1,2,9,4,0,0,9,2,0,0,19.0,,,False,missing,0.0,0.0,0.3103448275862069,1.4896551724137947,1.8000000000000016,20.8
2024,1266,2,8428831,2024-02-11,Ireland,129840,Stuart McCloskey,Centre,False,False,False,80,True,1.0,8,2,0,2,0,0,0,35,1,1,3,19,7,3,0,17,0,0,0,26.0,,,False,missing,0.0,0.0,0.3103448275862069,1.4896551724137947,1.8000000000000016,27.8
2024,1266,2,8428831,2024-02-11,Ireland,120468,James Lowe,Back-three,False,False,False,80,True,1.0,8,2,1,0,0,0,0,116,4,4,3,13,6,0,1,13,2,0,0,44.0,,,False,missing,0.0,0.0,0.5072463768115941,0.9468599033816418,1.454106280193236,45.45410628019324
2024,1266,2,8428831,2024-02-11,Ireland,201696,Jack Crowley,Fly-half,False,False,False,80,True,1.0,8,2,1,0,2,0,0,64,4,1,3,18,3,0,0,36,0,0,0,37.0,,,False,missing,0.0,0.0,0.6976744186046512,1.6627906976744176,2.3604651162790686,39.360465116279066
2024,1266,2,8428831,2024-02-11,Ireland,203124,Craig Casey,Scrum-half,False,False,False,72,True,0.9,8,2,0,1,0,0,0,8,1,0,0,5,4,0,0,94,0,0,0,10.0,,,False,missing,0.0,0.0,0.5128205128205129,1.376068376068376,1.8888888888888888,11.88888888888889
2024,1266,2,8428831,2024-02-11,Ireland,139806,Andrew Porter,Prop,True,False,False,55,True,0.6875,8,2,0,0,0,0,0,6,0,0,0,7,4,1,0,4,1,0,0,3.0,,,False,missing,4.851369578785812,0.0,0.0635593220338983,0.49340065242919223,5.408329553248902,8.408329553248901
2024,1266,2,8428831,2024-02-11,Ireland,186096,Dan Sheehan,Hooker,True,False,False,55,True,0.6875,8,2,2,1,0,0,0,30,0,1,0,10,7,2,0,3,0,0,0,44.0,,,False,missing,4.851369578785812,0.0,0.1271186440677966,0.912244070268424,5.890732293122033,49.890732293122035
2024,1266,2,8428831,2024-02-11,Ireland,112068,Finlay Bealham,Prop,True,False,False,55,True,0.6875,8,2,0,0,0,0,0,2,0,0,0,7,5,1,0,1,0,0,0,5.0,,,False,missing,4.851369578785812,0.0,0.0635593220338983,0.49340065242919223,5.408329553248902,10.408329553248901
2024,1266,2,8428831,2024-02-11,Ireland,220194,Joe McCarthy,Second-row,True,True,False,80,True,1.0,8,2,0,0,0,0,0,2,2,0,0,5,4,1,0,8,0,0,0,8.0,,,False,missing,7.056537569143,2.062196922977937,0.24324324324324326,1.301319777877228,10.663297513241409,18.66329751324141
2024,1266,2,8428831,2024-02-11,Ireland,143604,James Ryan,Second-row,True,True,False,60,True,0.75,8,2,0,0,0,0,0,12,1,0,0,8,8,1,0,1,1,0,0,10.0,,,False,missing,5.29240317685725,1.5466476922334527,0.24324324324324326,1.301319777877228,8.383613890211175,18.383613890211173
2024,1266,2,8428831,2024-02-11,Ireland,203190,Ryan Baird,Back-row,True,True,False,65,True,0.8125,8,2,0,0,0,0,0,33,2,1,0,10,8,1,0,8,1,0,0,14.0,,,False,missing,5.733436774928688,1.6755349999195737,0.39179104477611937,1.4831920462553747,9.283954865879755,23.283954865879757
2024,1266,2,8428831,2024-02-11,Ireland,148680,Caelan Doris,Back-row,True,True,False,80,True,1.0,8,2,0,0,0,0,0,30,0,0,1,11,9,2,0,6,1,0,0,13.0,,,False,missing,7.056537569143,2.062196922977937,0.39179104477611937,1.4831920462553747,10.993717583152431,23.99371758315243
2024,1266,2,8428831,2024-02-11,Ireland,117936,Jack Conan,Back-row,True,True,False,80,True,1.0,8,2,1,0,0,0,0,34,2,0,0,14,6,4,0,6,0,0,0,28.0,,,False,missing,7.056537569143,2.062196922977937,0.39179104477611937,1.4831920462553747,10.993717583152431,38.99371758315243
2024,1266,2,8428831,2024-02-11,Ireland,148644,Ronan Kelleher,Hooker,True,False,False,25,False,0.3125,8,2,0,0,0,0,0,3,0,0,0,1,5,1,0,3,0,0,0,5.0,,,False,missing,2.2051679903571877,0.0,0.1271186440677966,0.912244070268424,3.2445307046934087,8.244530704693409
2024,1266,2,8428831,2024-02-11,Ireland,136854,Jeremy Loughman,Prop,True,False,False,25,False,0.3125,8,2,0,0,0,0,0,5,0,0,0,1,2,0,0,1,1,0,0,1.0,,,False,missing,2.2051679903571877,0.0,0.0635593220338983,0.49340065242919223,2.7621279648202783,3.7621279648202783
2024,1266,2,8428831,2024-02-11,Ireland,148650,Tom O'Toole,Prop,True,False,False,25,False,0.3125,8,2,0,0,0,0,0,4,0,0,0,1,1,0,0,0,1,0,0,0.0,,,False,missing,2.2051679903571877,0.0,0.0635593220338983,0.49340065242919223,2.7621279648202783,2.7621279648202783
2024,1266,2,8428831,2024-02-11,Ireland,112074,Iain Henderson,Second-row,True,True,False,20,False,0.25,8,2,0,0,0,0,0,8,0,0,0,2,1,0,0,1,0,0,0,1.0,,,False,missing,1.76413439228575,0.5155492307444842,0.24324324324324326,1.301319777877228,3.8242466441507057,4.824246644150706
2024,1266,2,8428831,2024-02-11,Ireland,118518,Josh van der Flier,Back-row,True,True,False,15,False,0.1875,8,2,0,0,0,0,0,24,0,0,0,2,1,0,0,1,0,0,0,3.0,,,False,missing,1.3231007942143125,0.38666192305836317,0.39179104477611937,1.4831920462553747,3.58474580830417,6.58474580830417
2024,1266,2,8428831,2024-02-11,Ireland,120504,Jamison Gibson-Park,Scrum-half,False,False,False,8,False,0.1,8,2,0,1,0,0,0,16,1,0,0,7,0,0,0,12,0,0,0,7.0,,,False,missing,0.0,0.0,0.5128205128205129,1.376068376068376,1.8888888888888888,8.88888888888889
2024,1266,2,8428831,2024-02-11,Ireland,179142,Harry Byrne,Fly-half,False,False,False,25,False,0.3125,8,2,0,0,1,0,0,5,0,0,0,3,2,0,0,16,0,0,0,4.0,,,False,missing,0.0,0.0,0.6976744186046512,1.6627906976744176,2.3604651162790686,6.360465116279069
2024,1266,2,8428831,2024-02-11,Ireland,148896,Jordan Larmour,Back-three,False,False,False,17,False,0.2125,8,2,0,0,0,0,0,8,0,0,1,1,1,0,0,4,1,0,0,2.0,,,False,missing,0.0,0.0,0.5072463768115941,0.9468599033816418,1.454106280193236,3.454106280193236
2024,1266,2,8428831,2024-02-11,Italy,207774,Ange Capuozzo,Back-three,False,False,False,80,True,1.0,4,0,0,0,0,0,0,86,4,1,0,9,3,3,0,5,0,0,0,19.0,,,False,missing,0.0,0.0,0.5072463768115941,0.9468599033816418,1.454106280193236,20.454106280193237
2024,1266,2,8428831,2024-02-11,Italy,231744,Lorenzo Pani,Back-three,False,False,False,57,True,0.7125,4,0,0,0,0,0,0,29,0,0,0,3,5,1,0,0,0,0,0,7.0,,,False,missing,0.0,0.0,0.5072463768115941,0.9468599033816418,1.454106280193236,8.454106280193237
2024,1266,2,8428831,2024-02-11,Italy,118614,Juan Ignacio Brex,Centre,False,False,False,80,True,1.0,4,0,0,0,0,0,0,0,0,0,0,4,9,6,0,10,0,0,0,9.0,,,False,missing,0.0,0.0,0.3103448275862069,1.4896551724137947,1.8000000000000016,10.8
2024,1266,2,8428831,2024-02-11,Italy,226818,Tommaso Menoncello,Centre,False,False,False,80,True,1.0,4,0,0,0,0,0,0,1,0,0,0,1,10,4,0,3,1,1,0,4.0,,,False,missing,0.0,0.0,0.3103448275862069,1.4896551724137947,1.8000000000000016,5.800000000000002
2024,1266,2,8428831,2024-02-11,Italy,134016,Monty Ioane,Back-three,False,False,False,80,True,1.0,4,0,0,0,0,0,0,40,3,0,2,7,5,4,0,4,0,0,0,19.0,,,False,missing,0.0,0.0,0.5072463768115941,0.9468599033816418,1.454106280193236,20.454106280193237
2024,1266,2,8428831,2024-02-11,Italy,203034,Paolo Garbisi,Fly-half,False,False,False,80,True,1.0,4,0,0,0,0,0,0,64,4,0,0,13,13,1,0,18,0,0,0,27.0,,,False,missing,0.0,0.0,0.6976744186046512,1.6627906976744176,2.3604651162790686,29.36046511627907
2024,1266,2,8428831,2024-02-11,Italy,213144,Stephen Varney,Scrum-half,False,False,False,57,True,0.7125,4,0,0,0,0,0,0,1,0,0,0,1,10,2,0,33,0,0,0,10.0,,,False,missing,0.0,0.0,0.5128205128205129,1.376068376068376,1.8888888888888888,11.88888888888889
2024,1266,2,8428831,2024-02-11,Italy,164232,Danilo Fischetti,Prop,True,False,False,56,True,0.7,4,0,0,0,0,0,0,2,2,0,1,8,8,0,0,2,1,0,0,13.0,,,False,missing,2.46978814920005,0.0,0.0635593220338983,0.49340065242919223,3.0267481236631406,16.02674812366314
2024,1266,2,8428831,2024-02-11,Italy,202980,Gianmarco Lucchesi,Hooker,True,False,False,56,True,0.7,4,0,0,0,0,0,0,1,0,0,0,5,17,2,0,1,0,0,0,17.0,,,False,missing,2.46978814920005,0.0,0.1271186440677966,0.912244070268424,3.509150863536271,20.50915086353627
2024,1266,2,8428831,2024-02-11,Italy,118062,Pietro Ceccarelli,Prop,True,False,False,40,True,0.5,4,0,0,0,0,0,0,0,0,0,0,3,11,0,0,1,1,0,0,10.0,,,False,missing,1.76413439228575,0.0,0.0635593220338983,0.49340065242919223,2.3210943667488406,12.321094366748842
2024,1266,2,8428831,2024-02-11,Italy,167196,Niccolo Cannone,Second-row,True,True,False,80,True,1.0,4,0,0,0,0,0,0,2,0,0,0,5,21,0,0,2,1,0,0,20.0,,,False,missing,3.5282687845715,0.0,0.24324324324324326,1.301319777877228,5.072831805691972,25.072831805691973
2024,1266,2,8428831,2024-02-11,Italy,129234,Federico Ruzza,Second-row,True,True,False,63,True,0.7875,4,0,0,0,0,0,0,7,1,0,1,3,11,2,0,3,0,0,0,15.0,,,False,missing,2.778511667850056,0.0,0.24324324324324326,1.301319777877228,4.323074688970528,19.32307468897053
2024,1266,2,8428831,2024-02-11,Italy,218130,Alessandro Izekor,Back-row,True,True,False,80,True,1.0,4,0,0,0,0,0,0,0,0,0,0,0,17,3,0,0,1,0,0,16.0,,,False,missing,3.5282687845715,0.0,0.39179104477611937,1.4831920462553747,5.403251875602994,21.403251875602994
2024,1266,2,8428831,2024-02-11,Italy,204054,Manuel Zuliani,Back-row,True,True,False,68,True,0.85,4,0,0,0,0,0,0,5,2,0,0,3,20,0,0,0,1,0,0,23.0,,,False,missing,2.999028466885775,0.0,0.39179104477611937,1.4831920462553747,4.874011557917269,27.87401155791727
2024,1266,2,8428831,2024-02-11,Italy,164220,Michele Lamaro,Back-row,True,True,False,80,True,1.0,4,0,0,0,0,0,0,3,0,0,0,4,19,3,0,4,0,0,0,19.0,,,False,missing,3.5282687845715,0.0,0.39179104477611937,1.4831920462553747,5.403251875602994,24.403251875602994
2024,1266,2,8428831,2024-02-11,Italy,226836,Giacomo Nicotera,Hooker,True,False,False,24,False,0.3,4,0,0,0,0,0,0,0,0,0,0,0,5,0,0,0,0,0,0,5.0,,,False,missing,1.05848063537145,0.0,0.1271186440677966,0.912244070268424,2.097843349707671,7.097843349707671
2024,1266,2,8428831,2024-02-11,Italy,231804,Mirco Spagnolo,Prop,True,False,False,24,False,0.3,4,0,0,0,0,0,0,0,0,0,0,2,6,0,0,0,2,0,0,4.0,,,False,missing,1.05848063537145,0.0,0.0635593220338983,0.49340065242919223,1.6154406098345406,5.615440609834541
2024,1266,2,8428831,2024-02-11,Italy,147354,Giosue Zilocchi,Prop,True,False,False,40,False,0.5,4,0,0,0,0,0,0,0,0,0,0,1,9,2,0,3,1,0,0,8.0,,,False,missing,1.76413439228575,0.0,0.0635593220338983,0.49340065242919223,2.3210943667488406,10.321094366748842
2024,1266,2,8428831,2024-02-11,Italy,208140,Andrea Zambonin,Second-row,True,True,False,17,False,0.2125,4,0,0,0,0,0,0,0,0,0,0,0,1,0,0,0,0,0,0,1.0,,,False,missing,0.7497571167214437,0.0,0.24324324324324326,1.301319777877228,2.294320137841915,3.294320137841915
2024,1266,2,8428831,2024-02-11,Italy,231840,Ross Vintcent,Back-row,True,True,False,12,False,0.15,4,0,0,0,0,0,0,0,0,0,0,0,2,1,0,0,0,0,0,2.0,,,False,missing,0.529240317685725,0.0,0.39179104477611937,1.4831920462553747,2.404223408717219,4.404223408717219
2024,1266,2,8428831,2024-02-11,Italy,223740,Martin Page-Relo,Scrum-half,False,False,False,23,False,0.2875,4,0,0,0,0,0,0,4,1,0,0,3,2,1,0,8,0,0,0,4.0,,,False,missing,0.0,0.0,0.5128205128205129,1.376068376068376,1.8888888888888888,5.888888888888889
2024,1266,2,8428831,2024-02-11,Italy,117834,Tommaso Allan,Back-three,False,False,False,0,False,0.0,4,0,0,0,0,0,0,0,0,0,0,0,0,0,0,0,0,0,0,0.0,,,False,missing,0.0,0.0,0.5072463768115941,0.9468599033816418,1.454106280193236,1.454106280193236
2024,1266,2,8428831,2024-02-11,Italy,202962,Federico Mori,Centre,False,False,False,23,False,0.2875,4,0,0,0,0,0,0,0,0,0,0,0,5,0,1,0,0,0,0,10.0,,,False,missing,0.0,0.0,0.3103448275862069,1.4896551724137947,1.8000000000000016,11.8
2024,1266,3,8428840,2024-02-24,Ireland,148890,Ciaran Frawley,Back-three,False,False,False,80,True,1.0,3,0,1,0,0,0,0,48,6,1,0,9,3,0,0,16,0,0,0,29.0,,,False,missing,0.0,0.0,0.5072463768115941,0.9468599033816418,1.454106280193236,30.454106280193237
2024,1266,3,8428840,2024-02-24,Ireland,148836,Calvin Nash,Back-three,False,False,False,66,True,0.825,3,0,0,1,0,0,0,53,0,0,1,11,1,1,0,4,0,0,0,12.0,,,False,missing,0.0,0.0,0.5072463768115941,0.9468599033816418,1.454106280193236,13.454106280193237
2024,1266,3,8428840,2024-02-24,Ireland,120702,Robbie Henshaw,Centre,False,False,False,80,True,1.0,3,0,0,0,0,0,0,36,1,1,0,7,10,2,0,12,0,0,0,15.0,,,False,missing,0.0,0.0,0.3103448275862069,1.4896551724137947,1.8000000000000016,16.8
2024,1266,3,8428840,2024-02-24,Ireland,114804,Bundee Aki,Centre,False,False,False,80,True,1.0,3,0,0,0,0,0,0,40,3,2,0,16,9,0,0,5,1,0,0,18.0,,,False,missing,0.0,0.0,0.3103448275862069,1.4896551724137947,1.8000000000000016,19.8
2024,1266,3,8428840,2024-02-24,Ireland,120468,James Lowe,Back-three,False,False,False,80,True,1.0,3,0,1,0,0,0,0,84,0,3,3,14,1,3,0,12,1,0,0,24.0,,,False,missing,0.0,0.0,0.5072463768115941,0.9468599033816418,1.454106280193236,25.454106280193237
2024,1266,3,8428840,2024-02-24,Ireland,201696,Jack Crowley,Fly-half,False,False,False,80,True,1.0,3,0,0,0,4,1,0,19,3,0,1,12,9,2,0,45,0,0,0,29.0,,,False,missing,0.0,0.0,0.6976744186046512,1.6627906976744176,2.3604651162790686,31.36046511627907
2024,1266,3,8428840,2024-02-24,Ireland,120504,Jamison Gibson-Park,Scrum-half,False,False,False,70,True,0.875,3,0,0,1,0,0,0,30,1,0,0,6,5,1,0,103,1,0,0,13.0,,,False,missing,0.0,0.0,0.5128205128205129,1.376068376068376,1.8888888888888888,14.88888888888889
2024,1266,3,8428840,2024-02-24,Ireland,139806,Andrew Porter,Prop,True,False,False,72,True,0.9,3,0,0,0,0,0,0,5,0,0,0,7,10,0,0,2,2,0,0,8.0,,,False,missing,2.3815814295857627,0.0,0.0635593220338983,0.49340065242919223,2.9385414040488533,10.938541404048854
2024,1266,3,8428840,2024-02-24,Ireland,186096,Dan Sheehan,Hooker,True,False,False,54,True,0.675,3,0,1,0,0,0,0,40,2,2,0,9,3,1,0,1,1,0,0,25.0,,,False,missing,1.7861860721893221,0.0,0.1271186440677966,0.912244070268424,2.825548786525543,27.825548786525545
2024,1266,3,8428840,2024-02-24,Ireland,112374,Tadhg Furlong,Prop,True,False,False,54,True,0.675,3,0,0,0,0,0,0,1,0,0,1,6,6,0,0,4,1,0,0,7.0,,,False,missing,1.7861860721893221,0.0,0.0635593220338983,0.49340065242919223,2.3431460466524126,9.343146046652413
2024,1266,3,8428840,2024-02-24,Ireland,220194,Joe McCarthy,Second-row,True,True,False,54,True,0.675,3,0,0,0,0,0,0,14,3,0,0,7,9,2,0,5,3,0,0,13.0,,,False,missing,1.7861860721893221,0.0,0.24324324324324326,1.301319777877228,3.3307490933097936,16.330749093309795
2024,1266,3,8428840,2024-02-24,Ireland,117954,Tadhg Beirne,Second-row,True,True,False,80,True,1.0,3,0,1,0,0,0,0,30,5,2,1,10,15,0,0,4,1,1,0,39.0,,,False,missing,2.646201588428625,0.0,0.24324324324324326,1.301319777877228,4.190764609549096,43.1907646095491
2024,1266,3,8428840,2024-02-24,Ireland,61620,Peter O'Mahony,Back-row,True,True,False,54,True,0.675,3,0,0,0,0,0,0,4,0,0,0,7,10,0,0,1,0,0,0,10.0,,,False,missing,1.7861860721893221,0.0,0.39179104477611937,1.4831920462553747,3.6611691632208165,13.661169163220816
2024,1266,3,8428840,2024-02-24,Ireland,118518,Josh van der Flier,Back-row,True,True,False,50,True,0.625,3,0,0,0,0,0,0,24,0,0,0,6,5,0,0,3,0,0,0,7.0,,,False,missing,1.6538759927678905,0.0,0.39179104477611937,1.4831920462553747,3.528859083799385,10.528859083799386
2024,1266,3,8428840,2024-02-24,Ireland,148680,Caelan Doris,Back-row,True,True,False,80,True,1.0,3,0,0,0,0,0,0,28,1,0,1,12,20,1,0,9,0,0,0,26.0,,,False,missing,2.646201588428625,0.0,0.39179104477611937,1.4831920462553747,4.521184679460119,30.52118467946012
2024,1266,3,8428840,2024-02-24,Ireland,148644,Ronan Kelleher,Hooker,True,False,False,26,False,0.325,3,0,0,0,0,0,0,7,1,0,1,2,13,0,0,4,0,0,0,17.0,,,False,missing,0.8600155162393032,0.0,0.1271186440677966,0.912244070268424,1.8993782305755238,18.899378230575525
2024,1266,3,8428840,2024-02-24,Ireland,56550,Cian Healy,Prop,True,False,False,8,False,0.1,3,0,0,0,0,0,0,6,1,0,0,4,11,0,0,0,0,0,0,13.0,,,False,missing,0.26462015884286255,0.0,0.0635593220338983,0.49340065242919223,0.8215801333059531,13.821580133305954
2024,1266,3,8428840,2024-02-24,Ireland,147540,Oli Jager,Prop,True,False,False,26,False,0.325,3,0,0,0,0,0,0,0,0,0,0,1,10,0,0,3,0,0,0,10.0,,,False,missing,0.8600155162393032,0.0,0.0635593220338983,0.49340065242919223,1.4169754907023937,11.416975490702393
2024,1266,3,8428840,2024-02-24,Ireland,143604,James Ryan,Second-row,True,True,False,26,False,0.325,3,0,0,0,0,0,0,2,0,0,0,2,11,1,0,1,1,1,0,5.0,,,False,missing,0.8600155162393032,0.0,0.24324324324324326,1.301319777877228,2.4045785373597743,7.404578537359774
2024,1266,3,8428840,2024-02-24,Ireland,203190,Ryan Baird,Back-row,True,True,False,26,False,0.325,3,0,0,0,0,0,0,40,4,1,0,3,11,0,0,2,0,0,0,23.0,,,False,missing,0.8600155162393032,0.0,0.39179104477611937,1.4831920462553747,2.7349986072707972,25.734998607270796
2024,1266,3,8428840,2024-02-24,Ireland,117936,Jack Conan,Back-row,True,True,False,30,False,0.375,3,0,0,0,0,0,0,10,1,0,0,6,14,0,0,2,1,0,0,16.0,,,False,missing,0.9923255956607344,0.0,0.39179104477611937,1.4831920462553747,2.867308686692229,18.86730868669223
2024,1266,3,8428840,2024-02-24,Ireland,61860,Conor Murray,Scrum-half,False,False,False,10,False,0.125,3,0,0,1,0,0,0,3,0,0,1,1,1,1,0,14,0,0,0,7.0,,,False,missing,0.0,0.0,0.5128205128205129,1.376068376068376,1.8888888888888888,8.88888888888889
2024,1266,3,8428840,2024-02-24,Ireland,129840,Stuart McCloskey,Centre,False,False,False,14,False,0.175,3,0,0,0,0,0,0,2,1,0,0,1,3,0,0,0,0,0,0,5.0,,,False,missing,0.0,0.0,0.3103448275862069,1.4896551724137947,1.8000000000000016,6.800000000000002
2024,1266,3,8428840,2024-02-24,Wales,243378,Cameron Winnett,Back-three,False,False,False,75,True,0.9375,5,0,0,0,0,0,0,107,4,1,1,13,1,0,0,5,1,0,0,20.0,,,False,missing,0.0,0.0,0.5072463768115941,0.9468599033816418,1.454106280193236,21.454106280193237
2024,1266,3,8428840,2024-02-24,Wales,129096,Josh Adams,Back-three,False,False,False,56,True,0.7,5,0,0,0,0,0,0,1,0,0,0,3,2,3,0,2,1,0,0,1.0,,,False,missing,0.0,0.0,0.5072463768115941,0.9468599033816418,1.454106280193236,2.454106280193236
2024,1266,3,8428840,2024-02-24,Wales,109650,George North,Centre,False,False,False,80,True,1.0,5,0,0,0,0,0,0,13,3,0,0,9,13,1,0,0,0,0,0,20.0,,,False,missing,0.0,0.0,0.3103448275862069,1.4896551724137947,1.8000000000000016,21.8
2024,1266,3,8428840,2024-02-24,Wales,120162,Nick Tompkins,Centre,False,False,False,80,True,1.0,5,0,0,0,0,0,0,2,0,0,0,5,16,2,0,12,1,0,0,15.0,,,False,missing,0.0,0.0,0.3103448275862069,1.4896551724137947,1.8000000000000016,16.8
2024,1266,3,8428840,2024-02-24,Wales,178890,Rio Dyer,Back-three,False,False,False,80,True,1.0,5,0,0,0,0,0,0,30,6,0,0,4,15,5,0,1,0,0,0,30.0,,,False,missing,0.0,0.0,0.5072463768115941,0.9468599033816418,1.454106280193236,31.454106280193237
2024,1266,3,8428840,2024-02-24,Wales,203076,Sam Costelow,Fly-half,False,False,False,72,True,0.9,5,0,0,0,0,0,0,17,0,0,1,6,17,2,0,16,0,0,0,20.0,,,False,missing,0.0,0.0,0.6976744186046512,1.6627906976744176,2.3604651162790686,22.36046511627907
2024,1266,3,8428840,2024-02-24,Wales,128628,Tomos Williams,Scrum-half,False,False,False,66,True,0.825,5,0,0,0,0,0,0,13,0,0,0,3,8,2,0,53,0,0,0,9.0,,,False,missing,0.0,0.0,0.5128205128205129,1.376068376068376,1.8888888888888888,10.88888888888889
2024,1266,3,8428840,2024-02-24,Wales,119118,Gareth Thomas,Prop,True,False,False,59,True,0.7375,5,0,0,0,0,0,0,5,0,0,0,5,9,3,0,3,0,0,0,9.0,,,False,missing,3.2526227857768517,0.0,0.0635593220338983,0.49340065242919223,3.8095827602399424,12.809582760239943
2024,1266,3,8428840,2024-02-24,Wales,122628,Elliot Dee,Hooker,True,False,False,59,True,0.7375,5,0,0,0,0,0,0,18,0,0,0,11,11,0,0,7,1,0,0,11.0,,,False,missing,3.2526227857768517,0.0,0.1271186440677966,0.912244070268424,4.291985500113072,15.291985500113071
2024,1266,3,8428840,2024-02-24,Wales,144480,Keiron Assiratti,Prop,True,False,False,50,True,0.625,5,0,0,0,0,0,0,1,0,0,0,2,4,0,0,1,1,0,0,3.0,,,False,missing,2.756459987946484,0.0,0.0635593220338983,0.49340065242919223,3.313419962409575,6.313419962409575
2024,1266,3,8428840,2024-02-24,Wales,232104,Dafydd Jenkins,Second-row,True,True,False,80,True,1.0,5,0,0,0,0,0,0,4,0,0,0,8,17,3,1,3,2,0,0,20.0,,,False,missing,4.410335980714375,0.0,0.24324324324324326,1.301319777877228,5.954899001834846,25.954899001834846
2024,1266,3,8428840,2024-02-24,Wales,129576,Adam Beard,Second-row,True,True,False,54,True,0.675,5,0,0,0,0,0,0,0,0,0,0,1,13,0,0,4,1,0,0,12.0,,,False,missing,2.976976786982203,0.0,0.24324324324324326,1.301319777877228,4.521539808102674,16.521539808102673
2024,1266,3,8428840,2024-02-24,Wales,232110,Alex Mann,Back-row,True,True,False,54,True,0.675,5,0,0,0,0,0,0,7,0,0,0,5,12,1,0,2,0,0,0,12.0,,,False,missing,2.976976786982203,0.0,0.39179104477611937,1.4831920462553747,4.851959878013697,16.851959878013698
2024,1266,3,8428840,2024-02-24,Wales,155826,Tommy Reffell,Back-row,True,True,False,80,True,1.0,5,0,0,0,0,0,0,2,0,0,1,8,21,2,0,4,2,0,0,21.0,,,False,missing,4.410335980714375,0.0,0.39179104477611937,1.4831920462553747,6.285319071745869,27.285319071745867
2024,1266,3,8428840,2024-02-24,Wales,176652,Aaron Wainwright,Back-row,True,True,False,80,True,1.0,5,0,0,0,0,0,0,31,1,0,0,14,8,2,0,5,1,0,0,12.0,,,False,missing,4.410335980714375,0.0,0.39179104477611937,1.4831920462553747,6.285319071745869,18.285319071745867
2024,1266,3,8428840,2024-02-24,Wales,128574,Ryan Elias,Hooker,True,False,False,21,False,0.2625,5,0,0,0,0,0,0,4,0,0,0,7,4,0,0,0,0,0,0,4.0,,,False,missing,1.1577131949375234,0.0,0.1271186440677966,0.912244070268424,2.197075909273744,6.197075909273744
2024,1266,3,8428840,2024-02-24,Wales,144486,Corey Domachowski,Prop,True,False,False,8,False,0.1,5,0,0,0,0,0,0,0,0,0,0,0,2,0,0,0,0,0,0,2.0,,,False,missing,0.4410335980714375,0.0,0.0635593220338983,0.49340065242919223,0.9979935725345281,2.9979935725345284
2024,1266,3,8428840,2024-02-24,Wales,135306,Dillon Lewis,Prop,True,False,False,30,False,0.375,5,0,0,0,0,0,0,3,0,0,0,4,5,2,0,1,0,0,0,5.0,,,False,missing,1.6538759927678905,0.0,0.0635593220338983,0.49340065242919223,2.210835967230981,7.210835967230981
2024,1266,3,8428840,2024-02-24,Wales,122568,Will Rowlands,Second-row,True,True,False,26,False,0.325,5,0,0,0,0,0,0,1,0,0,0,5,6,1,0,1,0,0,0,6.0,,,False,missing,1.433359193732172,0.0,0.24324324324324326,1.301319777877228,2.977922214852643,8.977922214852644
2024,1266,3,8428840,2024-02-24,Wales,337560,Mackenzie Martin,Back-row,True,True,False,26,False,0.325,5,0,0,0,0,0,0,2,0,0,0,6,4,3,0,1,0,0,0,4.0,,,False,missing,1.433359193732172,0.0,0.39179104477611937,1.4831920462553747,3.3083422847636657,7.308342284763666
2024,1266,3,8428840,2024-02-24,Wales,135900,Kieran Hardy,Scrum-half,False,False,False,14,False,0.175,5,0,0,0,0,0,0,25,1,0,0,2,0,1,0,14,0,0,0,4.0,,,False,missing,0.0,0.0,0.5128205128205129,1.376068376068376,1.8888888888888888,5.888888888888889
2024,1266,3,8428840,2024-02-24,Wales,187314,Ioan Lloyd,Fly-half,False,False,False,8,False,0.1,5,0,0,0,0,0,0,0,0,0,0,2,0,0,0,5,0,0,0,0.0,,,False,missing,0.0,0.0,0.6976744186046512,1.6627906976744176,2.3604651162790686,2.3604651162790686
2024,1266,3,8428840,2024-02-24,Wales,220956,Mason Grady,Centre,False,False,False,24,False,0.3,5,0,0,0,0,0,0,0,0,0,0,1,4,0,0,1,1,0,0,3.0,,,False,missing,0.0,0.0,0.3103448275862069,1.4896551724137947,1.8000000000000016,4.800000000000002
2024,1266,3,8428849,2024-02-24,Scotland,139902,Blair Kinghorn,Back-three,False,False,False,80,True,1.0,7,1,0,0,0,0,0,42,0,0,2,10,2,0,0,3,0,0,0,10.0,,,False,missing,0.0,0.0,0.5072463768115941,0.9468599033816418,1.454106280193236,11.454106280193237
2024,1266,3,8428849,2024-02-24,Scotland,171582,Kyle Steyn,Back-three,False,False,False,80,True,1.0,7,1,0,0,0,0,0,27,2,0,1,7,7,2,0,4,0,0,0,15.0,,,False,missing,0.0,0.0,0.5072463768115941,0.9468599033816418,1.454106280193236,16.454106280193237
2024,1266,3,8428849,2024-02-24,Scotland,136776,Huw Jones,Centre,False,False,False,80,True,1.0,7,1,0,2,0,0,0,31,3,1,2,4,10,3,0,4,0,0,0,31.0,,,False,missing,0.0,0.0,0.3103448275862069,1.4896551724137947,1.8000000000000016,32.800000000000004
2024,1266,3,8428849,2024-02-24,Scotland,139998,Sione Tuipulotu,Centre,False,False,False,40,True,0.5,7,1,0,0,0,0,0,11,0,0,0,4,3,0,0,3,1,0,0,3.0,,,False,missing,0.0,0.0,0.3103448275862069,1.4896551724137947,1.8000000000000016,4.800000000000002
2024,1266,3,8428849,2024-02-24,Scotland,131400,Duhan van der Merwe,Back-three,False,False,False,80,True,1.0,7,1,3,0,0,0,0,89,6,2,0,5,4,1,1,1,1,1,0,53.0,,,False,missing,0.0,0.0,0.5072463768115941,0.9468599033816418,1.454106280193236,54.45410628019324
2024,1266,3,8428849,2024-02-24,Scotland,117894,Finn Russell,Fly-half,False,False,False,80,True,1.0,7,1,0,1,3,3,0,0,0,0,0,1,4,1,0,10,0,0,0,23.0,,,False,missing,0.0,0.0,0.6976744186046512,1.6627906976744176,2.3604651162790686,25.36046511627907
2024,1266,3,8428849,2024-02-24,Scotland,142476,Ben White,Scrum-half,False,False,False,62,True,0.775,7,1,0,0,0,0,0,2,0,0,0,2,9,2,0,36,0,0,0,9.0,,,False,missing,0.0,0.0,0.5128205128205129,1.376068376068376,1.8888888888888888,10.88888888888889
2024,1266,3,8428849,2024-02-24,Scotland,130290,Pierre Schoeman,Prop,True,False,False,61,True,0.7625,7,1,0,0,0,0,0,4,0,0,0,9,12,2,0,0,1,0,0,11.0,,,False,missing,4.708033659412595,0.0,0.0635593220338983,0.49340065242919223,5.264993633875685,16.264993633875683
2024,1266,3,8428849,2024-02-24,Scotland,117864,George Turner,Hooker,True,False,False,52,True,0.65,7,1,0,0,0,0,0,12,1,0,0,5,5,1,0,4,0,0,0,8.0,,,False,missing,4.013405742450081,0.0,0.1271186440677966,0.912244070268424,5.052768456786302,13.052768456786302
2024,1266,3,8428849,2024-02-24,Scotland,130530,Zander Fagerson,Prop,True,False,False,6,True,0.075,7,1,0,0,0,0,0,4,1,0,0,3,9,0,0,0,1,0,0,10.0,,,False,missing,0.46308527797500937,0.0,0.0635593220338983,0.49340065242919223,1.0200452524380998,11.0200452524381
2024,1266,3,8428849,2024-02-24,Scotland,102762,Grant Gilchrist,Second-row,True,True,False,67,True,0.8375,7,1,0,0,0,0,0,4,0,0,0,5,7,0,0,4,0,0,0,7.0,,,False,missing,5.171118937387605,0.8635449614970111,0.24324324324324326,1.301319777877228,7.579226920005087,14.579226920005087
2024,1266,3,8428849,2024-02-24,Scotland,136596,Scott Cummings,Second-row,True,True,False,80,True,1.0,7,1,0,0,0,0,0,5,0,0,1,6,15,1,0,5,0,0,0,17.0,,,False,missing,6.1744703730001245,1.0310984614889684,0.24324324324324326,1.301319777877228,8.750131855609563,25.750131855609563
2024,1266,3,8428849,2024-02-24,Scotland,130536,Jamie Ritchie,Back-row,True,True,False,52,True,0.65,7,1,0,0,0,0,0,2,0,0,0,1,6,0,1,3,1,0,0,10.0,,,False,missing,4.013405742450081,0.6702139999678295,0.39179104477611937,1.4831920462553747,6.558602833449404,16.558602833449406
2024,1266,3,8428849,2024-02-24,Scotland,180222,Rory Darge,Back-row,True,True,False,80,True,1.0,7,1,0,0,0,0,0,10,0,0,0,5,15,2,0,5,1,0,0,15.0,,,False,missing,6.1744703730001245,1.0310984614889684,0.39179104477611937,1.4831920462553747,9.080551925520586,24.080551925520588
2024,1266,3,8428849,2024-02-24,Scotland,124308,Jack Dempsey,Back-row,True,True,False,80,True,1.0,7,1,0,0,0,0,0,18,1,0,0,6,14,1,0,1,0,0,0,17.0,,,False,missing,6.1744703730001245,1.0310984614889684,0.39179104477611937,1.4831920462553747,9.080551925520586,26.080551925520588
2024,1266,3,8428849,2024-02-24,Scotland,187422,Ewan Ashman,Hooker,True,False,False,28,False,0.35,7,1,0,0,0,0,0,2,1,0,0,3,9,0,1,2,1,0,0,15.0,,,False,missing,2.1610646305500434,0.0,0.1271186440677966,0.912244070268424,3.200427344886264,18.200427344886265
2024,1266,3,8428849,2024-02-24,Scotland,117978,Alec Hepburn,Prop,True,False,False,19,False,0.2375,7,1,0,0,0,0,0,3,0,0,0,1,2,1,0,0,0,0,0,2.0,,,False,missing,1.4664367135875296,0.0,0.0635593220338983,0.49340065242919223,2.02339668805062,4.02339668805062
2024,1266,3,8428849,2024-02-24,Scotland,178038,Elliot Millar-Mills,Prop,True,False,False,11,False,0.1375,7,1,0,0,0,0,0,2,0,0,0,1,6,2,0,0,2,0,0,4.0,,,False,missing,0.8489896762875173,0.0,0.0635593220338983,0.49340065242919223,1.405949650750608,5.405949650750608
2024,1266,3,8428849,2024-02-24,Scotland,135774,Sam Skinner,Second-row,True,True,False,13,False,0.1625,7,1,0,0,0,0,0,0,0,0,0,1,2,0,0,0,0,0,0,2.0,,,False,missing,1.0033514356125202,0.16755349999195737,0.24324324324324326,1.301319777877228,2.715467956724949,4.7154679567249485
2024,1266,3,8428849,2024-02-24,Scotland,172434,Andy Christie,Back-row,True,True,False,28,False,0.35,7,1,0,0,0,0,0,1,0,0,1,3,4,1,0,1,0,0,0,6.0,,,False,missing,2.1610646305500434,0.36088446152113896,0.39179104477611937,1.4831920462553747,4.396932183102677,10.396932183102678
2024,1266,3,8428849,2024-02-24,Scotland,129792,George Horne,Scrum-half,False,False,False,18,False,0.225,7,1,0,0,0,0,0,0,0,0,0,0,1,0,0,9,1,0,0,0.0,,,False,missing,0.0,0.0,0.5128205128205129,1.376068376068376,1.8888888888888888,1.8888888888888888
2024,1266,3,8428849,2024-02-24,Scotland,203100,Ben Healy,Fly-half,False,False,False,3,False,0.0375,7,1,0,0,0,0,0,0,0,0,0,0,1,0,0,0,0,0,0,1.0,,,False,missing,0.0,0.0,0.6976744186046512,1.6627906976744176,2.3604651162790686,3.3604651162790686
2024,1266,3,8428849,2024-02-24,Scotland,177348,Cameron Redpath,Centre,False,False,False,32,False,0.4,7,1,0,0,0,0,0,30,5,1,0,4,3,2,0,1,0,0,0,16.0,,,False,missing,0.0,0.0,0.3103448275862069,1.4896551724137947,1.8000000000000016,17.8
2024,1266,3,8428849,2024-02-24,England,155724,George Furbank,Back-three,False,False,False,80,True,1.0,3,1,1,0,0,0,0,92,2,1,1,11,0,1,0,8,0,0,0,25.0,,,False,missing,0.0,0.0,0.5072463768115941,0.9468599033816418,1.454106280193236,26.454106280193237
2024,1266,3,8428849,2024-02-24,England,213192,Tommy Freeman,Back-three,False,False,False,80,True,1.0,3,1,0,0,0,0,0,23,2,0,0,7,2,1,0,3,0,0,0,8.0,,,False,missing,0.0,0.0,0.5072463768115941,0.9468599033816418,1.454106280193236,9.454106280193237
2024,1266,3,8428849,2024-02-24,England,114534,Henry Slade,Centre,False,False,False,61,True,0.7625,3,1,0,0,0,0,0,12,0,1,0,4,1,2,0,7,0,0,0,2.0,,,False,missing,0.0,0.0,0.3103448275862069,1.4896551724137947,1.8000000000000016,3.8000000000000016
2024,1266,3,8428849,2024-02-24,England,177378,Ollie Lawrence,Centre,False,False,False,80,True,1.0,3,1,0,0,0,0,0,10,2,0,0,7,7,1,0,4,0,0,0,12.0,,,False,missing,0.0,0.0,0.3103448275862069,1.4896551724137947,1.8000000000000016,13.8
2024,1266,3,8428849,2024-02-24,England,111072,Elliot Daly,Back-three,False,False,False,80,True,1.0,3,1,0,1,0,0,0,25,3,1,0,2,1,1,0,4,0,0,0,13.0,,,False,missing,0.0,0.0,0.5072463768115941,0.9468599033816418,1.454106280193236,14.454106280193237
2024,1266,3,8428849,2024-02-24,England,66258,George Ford,Fly-half,False,False,False,61,True,0.7625,3,1,0,0,1,2,1,30,0,0,0,4,10,1,2,18,0,0,0,35.0,,,False,missing,0.0,0.0,0.6976744186046512,1.6627906976744176,2.3604651162790686,37.360465116279066
2024,1266,3,8428849,2024-02-24,England,45822,Danny Care,Scrum-half,False,False,False,46,True,0.575,3,1,0,0,0,0,0,1,0,0,0,1,2,1,0,36,0,0,0,2.0,,,False,missing,0.0,0.0,0.5128205128205129,1.376068376068376,1.8888888888888888,3.888888888888889
2024,1266,3,8428849,2024-02-24,England,136680,Ellis Genge,Prop,True,False,False,61,True,0.7625,3,1,0,0,0,0,0,8,0,0,0,8,4,1,0,6,0,0,0,4.0,,,False,missing,2.0177287111768263,0.0,0.0635593220338983,0.49340065242919223,2.574688685639917,6.5746886856399165
2024,1266,3,8428849,2024-02-24,England,61134,Jamie George,Hooker,True,False,False,67,True,0.8375,3,1,0,0,0,0,0,12,0,0,0,4,9,1,0,1,0,0,0,10.0,,,False,missing,2.2161938303089737,0.0,0.1271186440677966,0.912244070268424,3.255556544645194,13.255556544645195
2024,1266,3,8428849,2024-02-24,England,54336,Dan Cole,Prop,True,False,False,55,True,0.6875,3,1,0,0,0,0,0,5,0,0,0,2,5,0,0,1,0,0,0,5.0,,,False,missing,1.8192635920446796,0.0,0.0635593220338983,0.49340065242919223,2.37622356650777,7.37622356650777
2024,1266,3,8428849,2024-02-24,England,122652,Maro Itoje,Second-row,True,True,False,80,True,1.0,3,1,0,0,0,0,0,13,2,0,0,9,12,0,2,2,1,0,0,26.0,,,False,missing,2.646201588428625,1.0310984614889684,0.24324324324324326,1.301319777877228,5.221863071038065,31.221863071038065
2024,1266,3,8428849,2024-02-24,England,218742,Ollie Chessum,Second-row,True,True,False,80,True,1.0,3,1,0,0,0,0,0,16,0,0,0,4,6,1,1,6,0,0,0,12.0,,,False,missing,2.646201588428625,1.0310984614889684,0.24324324324324326,1.301319777877228,5.221863071038065,17.221863071038065
2024,1266,3,8428849,2024-02-24,England,209640,Ethan Roots,Back-row,True,True,False,46,True,0.575,3,1,0,0,0,0,0,12,2,0,0,5,8,3,0,3,1,0,0,12.0,,,False,missing,1.5215659133464592,0.5928816153561568,0.39179104477611937,1.4831920462553747,3.98943061973411,15.98943061973411
2024,1266,3,8428849,2024-02-24,England,129660,Sam Underhill,Back-row,True,True,False,55,True,0.6875,3,1,0,0,0,0,0,18,0,0,1,3,5,2,0,2,1,0,0,7.0,,,False,missing,1.8192635920446796,0.7088801922736658,0.39179104477611937,1.4831920462553747,4.403126875349839,11.40312687534984
2024,1266,3,8428849,2024-02-24,England,142404,Ben Earl,Back-row,True,True,False,80,True,1.0,3,1,0,0,0,0,0,46,4,0,0,14,15,2,0,6,0,0,0,27.0,,,False,missing,2.646201588428625,1.0310984614889684,0.39179104477611937,1.4831920462553747,5.552283140949087,32.552283140949086
2024,1266,3,8428849,2024-02-24,England,218844,Theo Dan,Hooker,True,False,False,13,False,0.1625,3,1,0,0,0,0,0,0,0,0,0,0,1,1,0,0,0,0,0,1.0,,,False,missing,0.4300077581196516,0.0,0.1271186440677966,0.912244070268424,1.4693704724558723,2.4693704724558723
2024,1266,3,8428849,2024-02-24,England,97614,Joe Marler,Prop,True,False,False,19,False,0.2375,3,1,0,0,0,0,0,0,0,0,0,1,0,0,0,0,0,0,0,0.0,,,False,missing,0.6284728772517983,0.0,0.0635593220338983,0.49340065242919223,1.1854328517148889,1.1854328517148889
2024,1266,3,8428849,2024-02-24,England,144738,Will Stuart,Prop,True,False,False,25,False,0.3125,3,1,0,0,0,0,0,2,0,0,0,3,3,1,0,0,0,0,0,3.0,,,False,missing,0.8269379963839453,0.0,0.0635593220338983,0.49340065242919223,1.3838979708470358,4.383897970847036
2024,1266,3,8428849,2024-02-24,England,213798,George Martin,Second-row,True,True,False,34,False,0.425,3,1,0,0,0,0,0,20,1,0,0,4,3,0,0,2,0,0,0,7.0,,,False,missing,1.1246356750821656,0.4382168461328116,0.24324324324324326,1.301319777877228,3.107415542335448,10.107415542335449
2024,1266,3,8428849,2024-02-24,England,264444,Chandler Cunningham-South,Back-row,True,True,False,25,False,0.3125,3,1,0,0,0,0,0,2,0,0,0,1,7,0,0,1,1,0,0,6.0,,,False,missing,0.8269379963839453,0.3222182692153026,0.39179104477611937,1.4831920462553747,3.0241393566307417,9.02413935663074
2024,1266,3,8428849,2024-02-24,England,116268,Ben Spencer,Scrum-half,False,False,False,34,False,0.425,3,1,0,1,0,0,0,3,0,0,0,1,1,0,0,31,1,0,0,4.0,,,False,missing,0.0,0.0,0.5128205128205129,1.376068376068376,1.8888888888888888,5.888888888888889
2024,1266,3,8428849,2024-02-24,England,227772,Fin Smith,Fly-half,False,False,False,19,False,0.2375,3,1,0,0,0,0,0,5,1,0,0,2,2,0,0,6,0,0,0,4.0,,,False,missing,0.0,0.0,0.6976744186046512,1.6627906976744176,2.3604651162790686,6.360465116279069
2024,1266,3,8428849,2024-02-24,England,230898,Immanuel Feyi-Waboso,Back-three,False,False,False,19,False,0.2375,3,1,1,0,0,0,0,45,3,1,0,4,0,0,0,1,0,0,0,20.0,,,False,missing,0.0,0.0,0.5072463768115941,0.9468599033816418,1.454106280193236,21.454106280193237
2024,1266,3,8428858,2024-02-25,France,129822,Thomas Ramos,Back-three,False,False,False,80,True,1.0,4,1,0,0,1,2,0,23,3,0,2,7,7,2,0,29,0,0,0,27.0,,,False,missing,0.0,0.0,0.5072463768115941,0.9468599033816418,1.454106280193236,28.454106280193237
2024,1266,3,8428858,2024-02-25,France,139668,Damian Penaud,Back-three,False,False,False,80,True,1.0,4,1,0,0,0,0,0,83,5,3,2,11,1,3,1,8,0,0,0,28.0,,,False,missing,0.0,0.0,0.5072463768115941,0.9468599033816418,1.454106280193236,29.454106280193237
2024,1266,3,8428858,2024-02-25,France,119154,Gael Fickou,Centre,False,False,False,80,True,1.0,4,1,0,0,0,0,0,30,5,0,2,8,8,1,0,9,0,0,0,25.0,,,False,missing,0.0,0.0,0.3103448275862069,1.4896551724137947,1.8000000000000016,26.8
2024,1266,3,8428858,2024-02-25,France,116418,Jonathan Danty,Centre,False,False,False,80,True,1.0,4,1,0,0,0,0,0,0,0,0,0,5,4,1,0,3,1,0,1,-5.0,,,False,missing,0.0,0.0,0.3103448275862069,1.4896551724137947,1.8000000000000016,-3.1999999999999984
2024,1266,3,8428858,2024-02-25,France,178986,Matthis Lebel,Back-three,False,False,False,80,True,1.0,4,1,0,0,0,0,0,50,3,0,1,6,4,0,0,4,0,0,0,17.0,,,False,missing,0.0,0.0,0.5072463768115941,0.9468599033816418,1.454106280193236,18.454106280193237
2024,1266,3,8428858,2024-02-25,France,169662,Matthieu Jalibert,Fly-half,False,False,False,36,True,0.45,4,1,0,0,0,0,0,62,1,1,1,7,1,0,0,9,1,0,0,10.0,,,False,missing,0.0,0.0,0.6976744186046512,1.6627906976744176,2.3604651162790686,12.36046511627907
2024,1266,3,8428858,2024-02-25,France,186162,Maxime Lucu,Scrum-half,False,False,False,48,True,0.6,4,1,0,0,0,0,0,12,2,0,1,5,4,0,0,49,0,0,0,11.0,,,False,missing,0.0,0.0,0.5128205128205129,1.376068376068376,1.8888888888888888,12.88888888888889
2024,1266,3,8428858,2024-02-25,France,121938,Cyril Baille,Prop,True,False,False,47,True,0.5875,4,1,0,0,0,0,0,3,2,0,0,12,6,1,0,3,2,0,0,8.0,,,False,missing,2.072857910935756,0.0,0.0635593220338983,0.49340065242919223,2.6298178853988468,10.629817885398847
2024,1266,3,8428858,2024-02-25,France,147480,Peato Mauvaka,Hooker,True,False,False,48,True,0.6,4,1,0,0,0,0,0,8,1,0,0,8,7,2,0,6,0,0,0,9.0,,,False,missing,2.1169612707429,0.0,0.1271186440677966,0.912244070268424,3.156323985079121,12.156323985079121
2024,1266,3,8428858,2024-02-25,France,133446,Uini Atonio,Prop,True,False,False,48,True,0.6,4,1,0,0,0,0,0,10,1,0,0,9,2,0,0,2,0,0,0,5.0,,,False,missing,2.1169612707429,0.0,0.0635593220338983,0.49340065242919223,2.6739212452059906,7.673921245205991
2024,1266,3,8428858,2024-02-25,France,165864,Cameron Woki,Second-row,True,True,False,48,True,0.6,4,1,0,1,0,0,0,1,0,0,1,4,5,0,0,3,0,0,0,11.0,,,False,missing,2.1169612707429,0.6186590768933811,0.24324324324324326,1.301319777877228,4.280183368756752,15.280183368756752
2024,1266,3,8428858,2024-02-25,France,238206,Posolo Tuilagi,Second-row,True,True,False,47,True,0.5875,4,1,0,0,0,0,0,14,4,0,1,6,4,1,0,6,0,0,0,15.0,,,False,missing,2.072857910935756,0.605770346124769,0.24324324324324326,1.301319777877228,4.223191278180996,19.223191278180998
2024,1266,3,8428858,2024-02-25,France,198624,Paul Boudehent,Back-row,True,True,False,80,True,1.0,4,1,0,0,0,0,0,36,0,0,0,8,14,0,0,5,1,0,0,16.0,,,False,missing,3.5282687845715,1.0310984614889684,0.39179104477611937,1.4831920462553747,6.434350337091962,22.434350337091963
2024,1266,3,8428858,2024-02-25,France,123504,Charles Ollivon,Back-row,True,True,False,65,True,0.8125,4,1,1,0,0,0,0,17,1,0,0,9,10,0,0,7,0,0,0,28.0,,,False,missing,2.866718387464344,0.8377674999597868,0.39179104477611937,1.4831920462553747,5.579468978455624,33.57946897845562
2024,1266,3,8428858,2024-02-25,France,123366,Francois Cros,Back-row,True,True,False,80,True,1.0,4,1,0,0,0,0,0,5,2,0,1,6,10,0,1,5,2,0,0,19.0,,,False,missing,3.5282687845715,1.0310984614889684,0.39179104477611937,1.4831920462553747,6.434350337091962,25.434350337091963
2024,1266,3,8428858,2024-02-25,France,135138,Julien Marchand,Hooker,True,False,False,32,False,0.4,4,1,0,0,0,0,0,13,1,0,0,3,4,0,0,1,1,0,0,6.0,,,False,missing,1.4113075138286,0.0,0.1271186440677966,0.912244070268424,2.450670228164821,8.450670228164821
2024,1266,3,8428858,2024-02-25,France,88518,Sebastien Taofifenua,Prop,True,False,False,33,False,0.4125,4,1,0,0,0,0,0,9,0,0,0,3,2,0,0,0,1,0,0,1.0,,,False,missing,1.4554108736357436,0.0,0.0635593220338983,0.49340065242919223,2.012370848098834,3.012370848098834
2024,1266,3,8428858,2024-02-25,France,127122,Dorian Aldegheri,Prop,True,False,False,32,False,0.4,4,1,0,0,0,0,0,9,0,0,0,3,3,0,0,2,1,0,0,2.0,,,False,missing,1.4113075138286,0.0,0.0635593220338983,0.49340065242919223,1.9682674882916906,3.9682674882916906
2024,1266,3,8428858,2024-02-25,France,58998,Romain Taofifenua,Second-row,True,True,False,33,False,0.4125,4,1,0,0,0,0,0,6,1,0,0,3,4,1,0,1,0,0,0,6.0,,,False,missing,1.4554108736357436,0.42532811536419945,0.24324324324324326,1.301319777877228,3.425302010120414,9.425302010120415
2024,1266,3,8428858,2024-02-25,France,146952,Alexandre Roumat,Second-row,True,True,False,32,False,0.4,4,1,0,0,0,0,0,0,0,0,0,2,6,0,0,3,1,0,0,5.0,,,False,missing,1.4113075138286,0.4124393845955874,0.24324324324324326,1.301319777877228,3.368309919544659,8.368309919544659
2024,1266,3,8428858,2024-02-25,France,184068,Esteban Abadie,Back-row,True,True,False,15,False,0.1875,4,1,0,0,0,0,0,0,0,0,0,1,2,0,0,1,0,0,0,2.0,,,False,missing,0.6615503971071562,0.19333096152918158,0.39179104477611937,1.4831920462553747,2.729864449667832,4.729864449667832
2024,1266,3,8428858,2024-02-25,France,219972,Nolann Le Garrec,Scrum-half,False,False,False,32,False,0.4,4,1,0,0,0,0,0,20,0,0,1,4,3,0,0,31,0,0,0,7.0,,,False,missing,0.0,0.0,0.5128205128205129,1.376068376068376,1.8888888888888888,8.88888888888889
2024,1266,3,8428858,2024-02-25,France,196152,Yoram Moefana,Centre,False,False,False,44,False,0.55,4,1,0,0,0,0,0,32,1,0,0,4,5,0,0,4,1,0,0,9.0,,,False,missing,0.0,0.0,0.3103448275862069,1.4896551724137947,1.8000000000000016,10.8
2024,1266,3,8428858,2024-02-25,Italy,207774,Ange Capuozzo,Back-three,False,False,False,80,True,1.0,6,1,1,0,0,0,0,66,3,1,1,9,8,1,0,9,0,0,0,32.0,,,False,missing,0.0,0.0,0.5072463768115941,0.9468599033816418,1.454106280193236,33.45410628019324
2024,1266,3,8428858,2024-02-25,Italy,226818,Tommaso Menoncello,Centre,False,False,False,80,True,1.0,6,1,0,0,0,0,0,41,1,0,2,6,8,3,1,4,1,0,0,22.0,,,False,missing,0.0,0.0,0.3103448275862069,1.4896551724137947,1.8000000000000016,23.8
2024,1266,3,8428858,2024-02-25,Italy,118614,Juan Ignacio Brex,Centre,False,False,False,80,True,1.0,6,1,0,0,0,0,0,30,0,0,1,12,11,3,1,15,2,0,0,19.0,,,False,missing,0.0,0.0,0.3103448275862069,1.4896551724137947,1.8000000000000016,20.8
2024,1266,3,8428858,2024-02-25,Italy,202962,Federico Mori,Centre,False,False,False,65,True,0.8125,6,1,0,0,0,0,0,21,0,1,0,5,5,1,0,1,0,0,0,7.0,,,False,missing,0.0,0.0,0.3103448275862069,1.4896551724137947,1.8000000000000016,8.8
2024,1266,3,8428858,2024-02-25,Italy,134016,Monty Ioane,Back-three,False,False,False,80,True,1.0,6,1,0,0,0,0,0,110,1,1,3,15,0,3,0,9,0,0,0,19.0,,,False,missing,0.0,0.0,0.5072463768115941,0.9468599033816418,1.454106280193236,20.454106280193237
2024,1266,3,8428858,2024-02-25,Italy,203034,Paolo Garbisi,Fly-half,False,False,False,80,True,1.0,6,1,0,0,1,1,0,29,2,0,1,10,11,2,0,29,0,0,0,24.0,,,False,missing,0.0,0.0,0.6976744186046512,1.6627906976744176,2.3604651162790686,26.36046511627907
2024,1266,3,8428858,2024-02-25,Italy,223740,Martin Page-Relo,Scrum-half,False,False,False,53,True,0.6625,6,1,0,0,0,1,0,11,1,0,1,3,3,0,0,36,0,0,0,11.0,,,False,missing,0.0,0.0,0.5128205128205129,1.376068376068376,1.8888888888888888,12.88888888888889
2024,1266,3,8428858,2024-02-25,Italy,164232,Danilo Fischetti,Prop,True,False,False,56,True,0.7,6,1,0,0,0,0,0,6,2,0,0,6,10,3,0,2,1,0,0,13.0,,,False,missing,3.7046822238000745,0.0,0.0635593220338983,0.49340065242919223,4.261642198263165,17.261642198263164
2024,1266,3,8428858,2024-02-25,Italy,226836,Giacomo Nicotera,Hooker,True,False,False,56,True,0.7,6,1,0,0,0,0,0,23,0,0,1,5,16,5,0,2,1,0,0,19.0,,,False,missing,3.7046822238000745,0.0,0.1271186440677966,0.912244070268424,4.7440449381362955,23.744044938136295
2024,1266,3,8428858,2024-02-25,Italy,147354,Giosue Zilocchi,Prop,True,False,False,63,True,0.7875,6,1,0,0,0,0,0,0,0,0,0,4,8,2,0,1,3,0,0,5.0,,,False,missing,4.167767501775084,0.0,0.0635593220338983,0.49340065242919223,4.724727476238174,9.724727476238174
2024,1266,3,8428858,2024-02-25,Italy,167196,Niccolo Cannone,Second-row,True,True,False,80,True,1.0,6,1,0,0,0,0,0,5,0,0,0,4,16,2,0,4,0,0,0,16.0,,,False,missing,5.29240317685725,1.0310984614889684,0.24324324324324326,1.301319777877228,7.86806465946669,23.86806465946669
2024,1266,3,8428858,2024-02-25,Italy,129234,Federico Ruzza,Second-row,True,True,False,65,True,0.8125,6,1,0,0,0,0,0,2,0,0,0,2,13,0,1,4,1,0,0,17.0,,,False,missing,4.300077581196516,0.8377674999597868,0.24324324324324326,1.301319777877228,6.682408102276773,23.682408102276774
2024,1266,3,8428858,2024-02-25,Italy,220128,Riccardo Favretto,Back-row,True,True,False,48,True,0.6,6,1,0,0,0,0,0,2,0,0,0,4,12,0,0,4,1,0,0,11.0,,,False,missing,3.1754419061143495,0.6186590768933811,0.39179104477611937,1.4831920462553747,5.669084074039224,16.669084074039226
2024,1266,3,8428858,2024-02-25,Italy,164220,Michele Lamaro,Back-row,True,True,False,80,True,1.0,6,1,0,0,0,0,0,17,0,0,2,10,18,2,0,12,0,0,0,23.0,,,False,missing,5.29240317685725,1.0310984614889684,0.39179104477611937,1.4831920462553747,8.198484729377713,31.19848472937771
2024,1266,3,8428858,2024-02-25,Italy,231840,Ross Vintcent,Back-row,True,True,False,80,True,1.0,6,1,0,0,0,0,0,40,1,0,0,7,18,2,0,5,1,0,0,23.0,,,False,missing,5.29240317685725,1.0310984614889684,0.39179104477611937,1.4831920462553747,8.198484729377713,31.19848472937771
2024,1266,3,8428858,2024-02-25,Italy,202980,Gianmarco Lucchesi,Hooker,True,False,False,24,False,0.3,6,1,0,0,0,0,0,0,0,0,0,1,4,0,0,2,0,0,0,4.0,,,False,missing,1.5877209530571748,0.0,0.1271186440677966,0.912244070268424,2.6270836673933955,6.6270836673933955
2024,1266,3,8428858,2024-02-25,Italy,231804,Mirco Spagnolo,Prop,True,False,False,24,False,0.3,6,1,0,0,0,0,0,6,0,0,0,2,1,1,0,1,1,0,0,0.0,,,False,missing,1.5877209530571748,0.0,0.0635593220338983,0.49340065242919223,2.144680927520265,2.144680927520265
2024,1266,3,8428858,2024-02-25,Italy,123210,Simone Ferrari,Prop,True,False,False,17,False,0.2125,6,1,0,0,0,0,0,0,0,0,0,0,4,0,0,1,0,0,0,4.0,,,False,missing,1.1246356750821656,0.0,0.0635593220338983,0.49340065242919223,1.6815956495452562,5.681595649545256
2024,1266,3,8428858,2024-02-25,Italy,178944,Matteo Canali,Second-row,True,True,False,0,False,0.0,6,1,0,0,0,0,0,0,0,0,0,0,0,0,0,0,0,0,0,0.0,,,False,missing,0.0,0.0,0.24324324324324326,1.301319777877228,1.5445630211204713,1.5445630211204713
2024,1266,3,8428858,2024-02-25,Italy,208140,Andrea Zambonin,Second-row,True,True,False,15,False,0.1875,6,1,0,0,0,0,0,5,0,0,0,1,2,0,0,1,0,0,0,2.0,,,False,missing,0.9923255956607344,0.19333096152918158,0.24324324324324326,1.301319777877228,2.730219578310387,4.730219578310387
2024,1266,3,8428858,2024-02-25,Italy,204054,Manuel Zuliani,Back-row,True,True,False,32,False,0.4,6,1,0,0,0,0,0,6,0,0,0,2,5,0,0,2,0,0,0,5.0,,,False,missing,2.1169612707429004,0.4124393845955874,0.39179104477611937,1.4831920462553747,4.404383746369982,9.404383746369982
2024,1266,3,8428858,2024-02-25,Italy,213144,Stephen Varney,Scrum-half,False,False,False,27,False,0.3375,6,1,0,0,0,0,0,15,0,1,0,3,5,2,0,27,0,0,0,6.0,,,False,missing,0.0,0.0,0.5128205128205129,1.376068376068376,1.8888888888888888,7.888888888888889
2024,1266,3,8428858,2024-02-25,Italy,231834,Leonardo Marin,Centre,False,False,False,15,False,0.1875,6,1,0,1,0,0,0,11,1,0,2,3,1,1,0,3,0,0,0,12.0,,,False,missing,0.0,0.0,0.3103448275862069,1.4896551724137947,1.8000000000000016,13.8
2024,1266,4,8428867,2024-03-09,Italy,207774,Ange Capuozzo,Back-three,False,False,False,80,True,1.0,2,0,0,0,0,0,0,37,2,1,0,5,4,3,0,2,0,0,0,11.0,,,False,missing,0.0,0.0,0.5072463768115941,0.9468599033816418,1.454106280193236,12.454106280193237
2024,1266,4,8428867,2024-03-09,Italy,213750,Louis Lynagh,Back-three,False,False,False,70,True,0.875,2,0,1,0,0,0,0,15,0,1,0,2,5,0,1,2,0,0,0,21.0,,,False,missing,0.0,0.0,0.5072463768115941,0.9468599033816418,1.454106280193236,22.454106280193237
2024,1266,4,8428867,2024-03-09,Italy,118614,Juan Ignacio Brex,Centre,False,False,False,80,True,1.0,2,0,1,0,0,0,0,27,0,1,1,8,12,2,1,10,0,0,0,31.0,,,False,missing,0.0,0.0,0.3103448275862069,1.4896551724137947,1.8000000000000016,32.800000000000004
2024,1266,4,8428867,2024-03-09,Italy,226818,Tommaso Menoncello,Centre,False,False,False,78,True,0.975,2,0,0,0,0,0,0,47,3,0,0,10,8,3,1,1,0,0,0,23.0,,,False,missing,0.0,0.0,0.3103448275862069,1.4896551724137947,1.8000000000000016,24.8
2024,1266,4,8428867,2024-03-09,Italy,134016,Monty Ioane,Back-three,False,False,False,80,True,1.0,2,0,0,0,0,0,0,20,2,0,0,7,11,4,2,2,1,0,0,26.0,,,False,missing,0.0,0.0,0.5072463768115941,0.9468599033816418,1.454106280193236,27.454106280193237
2024,1266,4,8428867,2024-03-09,Italy,203034,Paolo Garbisi,Fly-half,False,False,False,80,True,1.0,2,0,0,1,2,3,0,22,0,0,0,7,10,1,0,20,0,0,0,29.0,,,False,missing,0.0,0.0,0.6976744186046512,1.6627906976744176,2.3604651162790686,31.36046511627907
2024,1266,4,8428867,2024-03-09,Italy,223740,Martin Page-Relo,Scrum-half,False,False,False,50,True,0.625,2,0,0,1,0,1,0,5,1,0,0,2,5,1,0,44,0,0,0,14.0,,,False,missing,0.0,0.0,0.5128205128205129,1.376068376068376,1.8888888888888888,15.88888888888889
2024,1266,4,8428867,2024-03-09,Italy,164232,Danilo Fischetti,Prop,True,False,False,58,True,0.725,2,0,0,0,0,0,0,11,1,0,0,3,6,2,0,4,1,0,0,8.0,,,False,missing,1.2789974344071686,0.0,0.0635593220338983,0.49340065242919223,1.8359574088702593,9.835957408870259
2024,1266,4,8428867,2024-03-09,Italy,226836,Giacomo Nicotera,Hooker,True,False,False,50,True,0.625,2,0,0,0,0,0,0,14,0,0,0,5,10,0,1,5,0,0,0,16.0,,,False,missing,1.1025839951785938,0.0,0.1271186440677966,0.912244070268424,2.141946709514815,18.141946709514816
2024,1266,4,8428867,2024-03-09,Italy,123210,Simone Ferrari,Prop,True,False,False,50,True,0.625,2,0,0,0,0,0,0,0,0,0,0,1,8,4,0,1,1,0,0,7.0,,,False,missing,1.1025839951785938,0.0,0.0635593220338983,0.49340065242919223,1.6595439696416845,8.659543969641685
2024,1266,4,8428867,2024-03-09,Italy,167196,Niccolo Cannone,Second-row,True,True,False,72,True,0.9,2,0,0,0,0,0,0,4,0,0,0,6,10,2,0,2,1,0,0,9.0,,,False,missing,1.587720953057175,0.0,0.24324324324324326,1.301319777877228,3.1322839741776463,12.132283974177646
2024,1266,4,8428867,2024-03-09,Italy,129234,Federico Ruzza,Second-row,True,True,False,80,True,1.0,2,0,0,0,0,0,0,10,0,0,1,4,17,1,0,4,1,0,0,19.0,,,False,missing,1.76413439228575,0.0,0.24324324324324326,1.301319777877228,3.3086974134062217,22.30869741340622
2024,1266,4,8428867,2024-03-09,Italy,129216,Sebastian Negri,Back-row,True,True,False,58,True,0.725,2,0,0,0,0,0,0,17,2,0,0,11,11,0,0,5,0,0,0,16.0,,,False,missing,1.2789974344071686,0.0,0.39179104477611937,1.4831920462553747,3.153980525438663,19.153980525438662
2024,1266,4,8428867,2024-03-09,Italy,164220,Michele Lamaro,Back-row,True,True,False,80,True,1.0,2,0,0,0,0,0,0,18,0,0,0,7,26,2,0,6,0,0,0,27.0,,,False,missing,1.76413439228575,0.0,0.39179104477611937,1.4831920462553747,3.6391174833172437,30.639117483317243
2024,1266,4,8428867,2024-03-09,Italy,231840,Ross Vintcent,Back-row,True,True,False,80,True,1.0,2,0,0,0,0,0,0,59,3,1,0,4,18,3,1,2,0,0,0,34.0,,,False,missing,1.76413439228575,0.0,0.39179104477611937,1.4831920462553747,3.6391174833172437,37.63911748331724
2024,1266,4,8428867,2024-03-09,Italy,202980,Gianmarco Lucchesi,Hooker,True,False,False,30,False,0.375,2,0,0,0,0,0,0,0,0,0,0,2,7,1,0,0,0,0,0,7.0,,,False,missing,0.6615503971071562,0.0,0.1271186440677966,0.912244070268424,1.7009131114433769,8.700913111443377
2024,1266,4,8428867,2024-03-09,Italy,231804,Mirco Spagnolo,Prop,True,False,False,22,False,0.275,2,0,0,0,0,0,0,3,0,0,0,2,9,1,0,0,0,0,0,9.0,,,False,missing,0.4851369578785813,0.0,0.0635593220338983,0.49340065242919223,1.0420969323416718,10.042096932341671
2024,1266,4,8428867,2024-03-09,Italy,147354,Giosue Zilocchi,Prop,True,False,False,30,False,0.375,2,0,0,0,0,0,0,7,0,0,0,3,6,5,0,0,0,0,0,6.0,,,False,missing,0.6615503971071562,0.0,0.0635593220338983,0.49340065242919223,1.2185103715702468,7.218510371570247
2024,1266,4,8428867,2024-03-09,Italy,208140,Andrea Zambonin,Second-row,True,True,False,8,False,0.1,2,0,0,0,0,0,0,0,0,0,0,0,7,0,0,0,0,0,0,7.0,,,False,missing,0.176413439228575,0.0,0.24324324324324326,1.301319777877228,1.7209764603490463,8.720976460349046
2024,1266,4,8428867,2024-03-09,Italy,220140,Lorenzo Cannone,Back-row,True,True,False,22,False,0.275,2,0,0,0,0,0,0,1,0,0,0,1,12,0,0,0,0,0,0,12.0,,,False,missing,0.4851369578785813,0.0,0.39179104477611937,1.4831920462553747,2.3601200489100753,14.360120048910076
2024,1266,4,8428867,2024-03-09,Italy,213144,Stephen Varney,Scrum-half,False,False,False,30,False,0.375,2,0,1,0,0,0,0,1,1,0,0,1,4,1,0,13,0,0,0,16.0,,,False,missing,0.0,0.0,0.5128205128205129,1.376068376068376,1.8888888888888888,17.88888888888889
2024,1266,4,8428867,2024-03-09,Italy,231834,Leonardo Marin,Centre,False,False,False,2,False,0.025,2,0,0,0,0,0,0,0,0,0,0,0,1,0,0,0,0,0,0,1.0,,,False,missing,0.0,0.0,0.3103448275862069,1.4896551724137947,1.8000000000000016,2.8000000000000016
2024,1266,4,8428867,2024-03-09,Italy,202962,Federico Mori,Centre,False,False,False,10,False,0.125,2,0,0,0,0,0,0,24,0,1,0,1,6,0,0,1,0,0,0,8.0,,,False,missing,0.0,0.0,0.3103448275862069,1.4896551724137947,1.8000000000000016,9.8
2024,1266,4,8428867,2024-03-09,Scotland,139902,Blair Kinghorn,Back-three,False,False,False,80,True,1.0,5,0,0,1,0,0,0,98,4,1,2,18,2,0,0,10,0,0,0,27.0,,,False,missing,0.0,0.0,0.5072463768115941,0.9468599033816418,1.454106280193236,28.454106280193237
2024,1266,4,8428867,2024-03-09,Scotland,171582,Kyle Steyn,Back-three,False,False,False,80,True,1.0,5,0,1,0,0,0,0,45,3,1,0,8,5,2,0,3,1,0,0,24.0,,,False,missing,0.0,0.0,0.5072463768115941,0.9468599033816418,1.454106280193236,25.454106280193237
2024,1266,4,8428867,2024-03-09,Scotland,136776,Huw Jones,Centre,False,False,False,80,True,1.0,5,0,0,0,0,0,0,46,3,0,3,9,6,0,0,9,0,0,0,22.0,,,False,missing,0.0,0.0,0.3103448275862069,1.4896551724137947,1.8000000000000016,23.8
2024,1266,4,8428867,2024-03-09,Scotland,177348,Cameron Redpath,Centre,False,False,False,80,True,1.0,5,0,0,0,0,0,0,65,2,0,4,16,11,2,0,10,0,0,0,29.0,,,False,missing,0.0,0.0,0.3103448275862069,1.4896551724137947,1.8000000000000016,30.8
2024,1266,4,8428867,2024-03-09,Scotland,131400,Duhan van der Merwe,Back-three,False,False,False,80,True,1.0,5,0,0,0,0,0,0,96,4,2,1,12,3,0,0,5,0,0,0,22.0,,,False,missing,0.0,0.0,0.5072463768115941,0.9468599033816418,1.454106280193236,23.454106280193237
2024,1266,4,8428867,2024-03-09,Scotland,117894,Finn Russell,Fly-half,False,False,False,80,True,1.0,5,0,0,0,3,1,0,59,0,0,1,13,5,2,0,53,1,0,0,20.0,,,False,missing,0.0,0.0,0.6976744186046512,1.6627906976744176,2.3604651162790686,22.36046511627907
2024,1266,4,8428867,2024-03-09,Scotland,129792,George Horne,Scrum-half,False,False,False,58,True,0.725,5,0,0,0,0,0,0,19,0,0,0,2,6,0,0,59,1,0,0,6.0,,,False,missing,0.0,0.0,0.5128205128205129,1.376068376068376,1.8888888888888888,7.888888888888889
2024,1266,4,8428867,2024-03-09,Scotland,130290,Pierre Schoeman,Prop,True,False,False,58,True,0.725,5,0,1,0,0,0,0,4,0,0,0,8,9,3,0,2,2,0,0,22.0,,,False,missing,3.197493586017922,0.0,0.0635593220338983,0.49340065242919223,3.7544535604810125,25.75445356048101
2024,1266,4,8428867,2024-03-09,Scotland,117864,George Turner,Hooker,True,False,False,58,True,0.725,5,0,0,0,0,0,0,37,4,0,0,10,16,1,0,2,1,0,0,26.0,,,False,missing,3.197493586017922,0.0,0.1271186440677966,0.912244070268424,4.236856300354143,30.23685630035414
2024,1266,4,8428867,2024-03-09,Scotland,130530,Zander Fagerson,Prop,True,False,False,69,True,0.8625,5,0,1,0,0,0,0,4,0,0,0,6,5,1,0,1,0,0,0,20.0,,,False,missing,3.803914783366148,0.0,0.0635593220338983,0.49340065242919223,4.360874757829238,24.360874757829237
2024,1266,4,8428867,2024-03-09,Scotland,102762,Grant Gilchrist,Second-row,True,True,False,69,True,0.8625,5,0,0,0,0,0,0,1,0,0,0,5,8,0,0,2,0,0,0,8.0,,,False,missing,3.803914783366148,0.0,0.24324324324324326,1.301319777877228,5.3484778044866195,13.34847780448662
2024,1266,4,8428867,2024-03-09,Scotland,136596,Scott Cummings,Second-row,True,True,False,80,True,1.0,5,0,0,0,0,0,0,3,0,0,0,4,14,2,0,4,1,0,0,13.0,,,False,missing,4.410335980714375,0.0,0.24324324324324326,1.301319777877228,5.954899001834846,18.954899001834846
2024,1266,4,8428867,2024-03-09,Scotland,172434,Andy Christie,Back-row,True,True,False,58,True,0.725,5,0,0,0,0,0,0,96,2,1,1,8,10,0,0,4,3,0,0,22.0,,,False,missing,3.197493586017922,0.0,0.39179104477611937,1.4831920462553747,5.072476677049416,27.072476677049416
2024,1266,4,8428867,2024-03-09,Scotland,180222,Rory Darge,Back-row,True,True,False,69,True,0.8625,5,0,0,0,0,0,0,16,3,1,1,6,13,1,0,3,0,0,0,22.0,,,False,missing,3.803914783366148,0.0,0.39179104477611937,1.4831920462553747,5.678897874397642,27.67889787439764
2024,1266,4,8428867,2024-03-09,Scotland,124308,Jack Dempsey,Back-row,True,True,False,80,True,1.0,5,0,0,0,0,0,0,25,8,0,3,18,12,1,0,12,0,0,0,36.0,,,False,missing,4.410335980714375,0.0,0.39179104477611937,1.4831920462553747,6.285319071745869,42.28531907174587
2024,1266,4,8428867,2024-03-09,Scotland,187422,Ewan Ashman,Hooker,True,False,False,22,False,0.275,5,0,0,0,0,0,0,5,0,0,0,4,0,0,0,2,0,0,0,0.0,,,False,missing,1.212842394696453,0.0,0.1271186440677966,0.912244070268424,2.2522051090326736,2.2522051090326736
2024,1266,4,8428867,2024-03-09,Scotland,117978,Alec Hepburn,Prop,True,False,False,22,False,0.275,5,0,0,0,0,0,0,5,0,0,0,3,2,0,1,2,1,0,0,6.0,,,False,missing,1.212842394696453,0.0,0.0635593220338983,0.49340065242919223,1.7698023691595437,7.769802369159544
2024,1266,4,8428867,2024-03-09,Scotland,178038,Elliot Millar-Mills,Prop,True,False,False,11,False,0.1375,5,0,0,0,0,0,0,1,0,0,0,4,1,0,0,0,0,0,0,1.0,,,False,missing,0.6064211973482265,0.0,0.0635593220338983,0.49340065242919223,1.1633811718113172,2.1633811718113174
2024,1266,4,8428867,2024-03-09,Scotland,135774,Sam Skinner,Second-row,True,True,False,11,False,0.1375,5,0,1,0,0,0,0,1,0,0,1,5,0,0,0,4,1,0,0,16.0,,,False,missing,0.6064211973482265,0.0,0.24324324324324326,1.301319777877228,2.1509842184686976,18.150984218468697
2024,1266,4,8428867,2024-03-09,Scotland,130536,Jamie Ritchie,Back-row,True,True,False,11,False,0.1375,5,0,0,0,0,0,0,10,1,0,1,5,0,0,0,2,0,0,0,5.0,,,False,missing,0.6064211973482265,0.0,0.39179104477611937,1.4831920462553747,2.4814042883797205,7.4814042883797205
2024,1266,4,8428867,2024-03-09,Scotland,161856,Matt Fagerson,Back-row,True,True,False,22,False,0.275,5,0,0,1,0,0,0,29,0,0,0,9,1,0,0,2,0,0,0,7.0,,,False,missing,1.212842394696453,0.0,0.39179104477611937,1.4831920462553747,3.0878254857279472,10.087825485727947
2024,1266,4,8428867,2024-03-09,Scotland,119892,Ali Price,Scrum-half,False,False,False,22,False,0.275,5,0,0,0,0,0,0,19,2,0,1,4,1,0,0,47,0,0,0,8.0,,,False,missing,0.0,0.0,0.5128205128205129,1.376068376068376,1.8888888888888888,9.88888888888889
2024,1266,4,8428867,2024-03-09,Scotland,179370,Kyle Rowe,Back-three,False,False,False,0,False,0.0,5,0,0,0,0,0,0,0,0,0,0,0,0,0,0,0,0,0,0,0.0,,,False,missing,0.0,0.0,0.5072463768115941,0.9468599033816418,1.454106280193236,1.454106280193236
2024,1266,4,8428876,2024-03-09,England,155724,George Furbank,Back-three,False,False,False,80,True,1.0,3,1,1,0,0,0,0,76,2,1,1,12,1,2,0,7,2,0,0,22.0,,,False,missing,0.0,0.0,0.5072463768115941,0.9468599033816418,1.454106280193236,23.454106280193237
2024,1266,4,8428876,2024-03-09,England,230898,Immanuel Feyi-Waboso,Back-three,False,False,False,80,True,1.0,3,1,0,0,0,0,0,74,5,1,0,9,6,0,1,1,1,0,0,27.0,,,False,missing,0.0,0.0,0.5072463768115941,0.9468599033816418,1.454106280193236,28.454106280193237
2024,1266,4,8428876,2024-03-09,England,114534,Henry Slade,Centre,False,False,False,65,True,0.8125,3,1,0,1,0,0,0,32,0,1,1,7,6,3,0,10,0,0,0,15.0,,,False,missing,0.0,0.0,0.3103448275862069,1.4896551724137947,1.8000000000000016,16.8
2024,1266,4,8428876,2024-03-09,England,177378,Ollie Lawrence,Centre,False,False,False,80,True,1.0,3,1,1,0,0,0,0,37,2,0,1,5,14,1,0,2,2,0,0,31.0,,,False,missing,0.0,0.0,0.3103448275862069,1.4896551724137947,1.8000000000000016,32.800000000000004
2024,1266,4,8428876,2024-03-09,England,213192,Tommy Freeman,Back-three,False,False,False,80,True,1.0,3,1,0,0,0,0,0,55,1,1,1,8,3,0,0,2,0,0,0,12.0,,,False,missing,0.0,0.0,0.5072463768115941,0.9468599033816418,1.454106280193236,13.454106280193237
2024,1266,4,8428876,2024-03-09,England,66258,George Ford,Fly-half,False,False,False,58,True,0.725,3,1,0,0,0,1,0,19,0,0,0,3,3,0,0,27,0,0,0,7.0,,,False,missing,0.0,0.0,0.6976744186046512,1.6627906976744176,2.3604651162790686,9.36046511627907
2024,1266,4,8428876,2024-03-09,England,142356,Alex Mitchell,Scrum-half,False,False,False,65,True,0.8125,3,1,0,1,0,0,0,18,0,0,1,5,2,1,0,58,0,0,0,9.0,,,False,missing,0.0,0.0,0.5128205128205129,1.376068376068376,1.8888888888888888,10.88888888888889
2024,1266,4,8428876,2024-03-09,England,136680,Ellis Genge,Prop,True,False,False,53,True,0.6625,3,1,0,0,0,0,0,13,3,0,0,7,5,1,0,2,1,0,0,11.0,,,False,missing,1.7531085523339638,0.0,0.0635593220338983,0.49340065242919223,2.310068526797054,13.310068526797053
2024,1266,4,8428876,2024-03-09,England,61134,Jamie George,Hooker,True,False,False,53,True,0.6625,3,1,0,0,0,0,0,30,0,1,0,5,6,0,0,1,0,0,0,9.0,,,False,missing,1.7531085523339638,0.0,0.1271186440677966,0.912244070268424,2.7924712666701845,11.792471266670184
2024,1266,4,8428876,2024-03-09,England,54336,Dan Cole,Prop,True,False,False,53,True,0.6625,3,1,0,0,0,0,0,0,0,0,0,0,6,0,0,1,0,0,0,6.0,,,False,missing,1.7531085523339638,0.0,0.0635593220338983,0.49340065242919223,2.310068526797054,8.310068526797053
2024,1266,4,8428876,2024-03-09,England,122652,Maro Itoje,Second-row,True,True,False,80,True,1.0,3,1,0,1,0,0,0,2,0,1,0,1,11,1,1,5,1,0,0,19.0,,,False,missing,2.646201588428625,1.0310984614889684,0.24324324324324326,1.301319777877228,5.221863071038065,24.221863071038065
2024,1266,4,8428876,2024-03-09,England,213798,George Martin,Second-row,True,True,False,80,True,1.0,3,1,0,0,0,0,0,8,1,0,1,6,14,3,0,4,0,0,0,18.0,,,False,missing,2.646201588428625,1.0310984614889684,0.24324324324324326,1.301319777877228,5.221863071038065,23.221863071038065
2024,1266,4,8428876,2024-03-09,England,218742,Ollie Chessum,Second-row,True,True,False,60,True,0.75,3,1,0,0,0,0,0,12,1,0,0,5,7,1,2,3,1,0,0,19.0,,,False,missing,1.9846511913214688,0.7733238461167263,0.24324324324324326,1.301319777877228,4.302538058558667,23.302538058558667
2024,1266,4,8428876,2024-03-09,England,129660,Sam Underhill,Back-row,True,True,False,60,True,0.75,3,1,0,0,0,0,0,6,0,0,0,3,6,2,0,2,1,0,0,5.0,,,False,missing,1.9846511913214688,0.7733238461167263,0.39179104477611937,1.4831920462553747,4.6329581284696895,9.632958128469689
2024,1266,4,8428876,2024-03-09,England,142404,Ben Earl,Back-row,True,True,False,80,True,1.0,3,1,1,0,0,0,0,101,8,1,1,19,12,1,0,3,0,0,0,55.0,,,False,missing,2.646201588428625,1.0310984614889684,0.39179104477611937,1.4831920462553747,5.552283140949087,60.552283140949086
2024,1266,4,8428876,2024-03-09,England,218844,Theo Dan,Hooker,True,False,False,27,False,0.3375,3,1,0,0,0,0,0,4,0,0,0,3,5,0,0,1,0,0,0,5.0,,,False,missing,0.8930930360946611,0.0,0.1271186440677966,0.912244070268424,1.9324557504308817,6.932455750430882
2024,1266,4,8428876,2024-03-09,England,97614,Joe Marler,Prop,True,False,False,27,False,0.3375,3,1,0,0,0,0,0,2,0,0,0,2,3,2,0,0,0,0,0,3.0,,,False,missing,0.8930930360946611,0.0,0.0635593220338983,0.49340065242919223,1.4500530105577516,4.450053010557752
2024,1266,4,8428876,2024-03-09,England,144738,Will Stuart,Prop,True,False,False,27,False,0.3375,3,1,0,0,0,0,0,0,0,0,0,2,1,0,0,0,0,0,0,1.0,,,False,missing,0.8930930360946611,0.0,0.0635593220338983,0.49340065242919223,1.4500530105577516,2.4500530105577516
2024,1266,4,8428876,2024-03-09,England,264444,Chandler Cunningham-South,Back-row,True,True,False,20,False,0.25,3,1,0,0,0,0,0,21,0,0,1,2,5,0,0,1,0,0,0,9.0,,,False,missing,0.6615503971071562,0.2577746153722421,0.39179104477611937,1.4831920462553747,2.7943081035108923,11.794308103510893
2024,1266,4,8428876,2024-03-09,England,164178,Alex Dombrandt,Back-row,True,True,False,15,False,0.1875,3,1,0,0,0,0,0,9,0,0,0,3,0,0,0,1,0,0,0,0.0,,,False,missing,0.4961627978303672,0.19333096152918158,0.39179104477611937,1.4831920462553747,2.564476850391043,2.564476850391043
2024,1266,4,8428876,2024-03-09,England,45822,Danny Care,Scrum-half,False,False,False,15,False,0.1875,3,1,0,0,0,0,0,0,0,0,0,0,1,0,0,19,0,0,0,1.0,,,False,missing,0.0,0.0,0.5128205128205129,1.376068376068376,1.8888888888888888,2.888888888888889
2024,1266,4,8428876,2024-03-09,England,156288,Marcus Smith,Fly-half,False,False,False,22,False,0.275,3,1,0,0,1,0,1,20,1,1,1,2,0,0,0,11,0,0,0,12.0,,,False,missing,0.0,0.0,0.6976744186046512,1.6627906976744176,2.3604651162790686,14.36046511627907
2024,1266,4,8428876,2024-03-09,England,111072,Elliot Daly,Back-three,False,False,False,15,False,0.1875,3,1,0,0,0,0,0,6,1,0,0,3,2,0,0,2,0,0,0,4.0,,,False,missing,0.0,0.0,0.5072463768115941,0.9468599033816418,1.454106280193236,5.454106280193236
2024,1266,4,8428876,2024-03-09,Ireland,143496,Hugo Keenan,Back-three,False,False,False,80,True,1.0,3,1,0,0,0,0,0,12,0,0,0,4,5,3,0,3,0,0,0,6.0,,,False,missing,0.0,0.0,0.5072463768115941,0.9468599033816418,1.454106280193236,7.454106280193236
2024,1266,4,8428876,2024-03-09,Ireland,148836,Calvin Nash,Back-three,False,False,False,5,True,0.0625,3,1,0,0,0,0,0,0,0,0,0,0,0,1,0,0,0,0,0,0.0,,,False,missing,0.0,0.0,0.5072463768115941,0.9468599033816418,1.454106280193236,1.454106280193236
2024,1266,4,8428876,2024-03-09,Ireland,120702,Robbie Henshaw,Centre,False,False,False,80,True,1.0,3,1,0,0,0,0,0,12,2,0,3,7,9,0,0,4,0,0,0,20.0,,,False,missing,0.0,0.0,0.3103448275862069,1.4896551724137947,1.8000000000000016,21.8
2024,1266,4,8428876,2024-03-09,Ireland,114804,Bundee Aki,Centre,False,False,False,80,True,1.0,3,1,0,0,0,0,0,50,4,0,0,12,12,3,0,2,2,0,0,23.0,,,False,missing,0.0,0.0,0.3103448275862069,1.4896551724137947,1.8000000000000016,24.8
2024,1266,4,8428876,2024-03-09,Ireland,120468,James Lowe,Back-three,False,False,False,80,True,1.0,3,1,2,0,0,0,0,51,0,0,1,4,3,1,0,3,0,0,0,30.0,,,False,missing,0.0,0.0,0.5072463768115941,0.9468599033816418,1.454106280193236,31.454106280193237
2024,1266,4,8428876,2024-03-09,Ireland,201696,Jack Crowley,Fly-half,False,False,False,80,True,1.0,3,1,0,0,0,4,0,19,1,0,0,5,11,2,0,17,0,0,0,26.0,,,False,missing,0.0,0.0,0.6976744186046512,1.6627906976744176,2.3604651162790686,28.36046511627907
2024,1266,4,8428876,2024-03-09,Ireland,120504,Jamison Gibson-Park,Scrum-half,False,False,False,80,True,1.0,3,1,0,1,0,0,0,27,4,0,0,8,2,1,0,35,0,0,0,16.0,,,False,missing,0.0,0.0,0.5128205128205129,1.376068376068376,1.8888888888888888,17.88888888888889
2024,1266,4,8428876,2024-03-09,Ireland,139806,Andrew Porter,Prop,True,False,False,68,True,0.85,3,1,0,0,0,0,0,2,0,0,0,3,9,1,2,2,0,0,0,19.0,,,False,missing,2.249271350164331,0.0,0.0635593220338983,0.49340065242919223,2.8062313246274218,21.806231324627422
2024,1266,4,8428876,2024-03-09,Ireland,186096,Dan Sheehan,Hooker,True,False,False,80,True,1.0,3,1,0,0,0,0,0,11,1,1,0,6,12,1,0,3,0,0,0,15.0,,,False,missing,2.646201588428625,0.0,0.1271186440677966,0.912244070268424,3.6855643027648455,18.685564302764845
2024,1266,4,8428876,2024-03-09,Ireland,112374,Tadhg Furlong,Prop,True,False,False,60,True,0.75,3,1,0,0,0,0,0,10,1,0,0,2,7,0,0,1,1,0,0,9.0,,,False,missing,1.9846511913214688,0.0,0.0635593220338983,0.49340065242919223,2.5416111657845595,11.541611165784559
2024,1266,4,8428876,2024-03-09,Ireland,220194,Joe McCarthy,Second-row,True,True,False,60,True,0.75,3,1,0,0,0,0,0,4,0,0,1,4,10,2,0,3,1,0,0,11.0,,,False,missing,1.9846511913214688,0.7733238461167263,0.24324324324324326,1.301319777877228,4.302538058558667,15.302538058558667
2024,1266,4,8428876,2024-03-09,Ireland,117954,Tadhg Beirne,Second-row,True,True,False,80,True,1.0,3,1,0,0,0,0,0,0,0,0,0,5,8,0,0,4,0,0,0,8.0,,,False,missing,2.646201588428625,1.0310984614889684,0.24324324324324326,1.301319777877228,5.221863071038065,13.221863071038065
2024,1266,4,8428876,2024-03-09,Ireland,61620,Peter O'Mahony,Back-row,True,True,False,65,True,0.8125,3,1,0,0,0,0,0,4,0,0,0,1,8,1,0,2,1,1,0,2.0,,,False,missing,2.150038790598258,0.8377674999597868,0.39179104477611937,1.4831920462553747,4.862789381589539,6.862789381589539
2024,1266,4,8428876,2024-03-09,Ireland,118518,Josh van der Flier,Back-row,True,True,False,60,True,0.75,3,1,0,0,0,0,0,12,1,0,1,6,12,1,0,4,0,0,0,17.0,,,False,missing,1.9846511913214688,0.7733238461167263,0.39179104477611937,1.4831920462553747,4.6329581284696895,21.63295812846969
2024,1266,4,8428876,2024-03-09,Ireland,148680,Caelan Doris,Back-row,True,True,False,80,True,1.0,3,1,0,0,0,0,0,16,2,1,0,8,13,4,0,5,1,0,0,17.0,,,False,missing,2.646201588428625,1.0310984614889684,0.39179104477611937,1.4831920462553747,5.552283140949087,22.552283140949086
2024,1266,4,8428876,2024-03-09,Ireland,148644,Ronan Kelleher,Hooker,True,False,False,20,False,0.25,3,1,0,0,0,0,0,1,0,0,0,2,3,0,0,2,0,0,0,3.0,,,False,missing,0.6615503971071562,0.0,0.1271186440677966,0.912244070268424,1.7009131114433769,4.700913111443377
2024,1266,4,8428876,2024-03-09,Ireland,56550,Cian Healy,Prop,True,False,False,0,False,0.0,3,1,0,0,0,0,0,0,0,0,0,0,2,0,0,0,0,0,0,2.0,,,False,missing,0.0,0.0,0.0635593220338983,0.49340065242919223,0.5569599744630905,2.5569599744630906
2024,1266,4,8428876,2024-03-09,Ireland,112068,Finlay Bealham,Prop,True,False,False,20,False,0.25,3,1,0,0,0,0,0,2,0,0,0,4,3,1,0,0,0,0,0,3.0,,,False,missing,0.6615503971071562,0.0,0.0635593220338983,0.49340065242919223,1.2185103715702468,4.218510371570247
2024,1266,4,8428876,2024-03-09,Ireland,112074,Iain Henderson,Second-row,True,True,False,20,False,0.25,3,1,0,0,0,0,0,1,0,0,0,2,3,0,0,2,2,0,0,1.0,,,False,missing,0.6615503971071562,0.2577746153722421,0.24324324324324326,1.301319777877228,2.4638880335998694,3.4638880335998694
2024,1266,4,8428876,2024-03-09,Ireland,203190,Ryan Baird,Back-row,True,True,False,12,False,0.15,3,1,0,0,0,0,0,0,0,0,0,0,5,1,0,1,0,0,0,5.0,,,False,missing,0.3969302382642937,0.15466476922334527,0.39179104477611937,1.4831920462553747,2.426578098519133,7.426578098519133
2024,1266,4,8428876,2024-03-09,Ireland,117936,Jack Conan,Back-row,True,True,False,20,False,0.25,3,1,0,0,0,0,0,10,0,0,0,6,4,0,0,0,0,0,0,5.0,,,False,missing,0.6615503971071562,0.2577746153722421,0.39179104477611937,1.4831920462553747,2.7943081035108923,7.794308103510892
2024,1266,4,8428876,2024-03-09,Ireland,61860,Conor Murray,Scrum-half,False,False,False,30,False,0.375,3,1,0,0,0,0,0,5,2,0,0,1,2,0,0,20,0,0,0,6.0,,,False,missing,0.0,0.0,0.5128205128205129,1.376068376068376,1.8888888888888888,7.888888888888889
2024,1266,4,8428876,2024-03-09,Ireland,148890,Ciaran Frawley,Back-three,False,False,False,45,False,0.5625,3,1,0,1,0,0,0,0,0,0,0,2,3,2,1,5,0,0,0,12.0,,,False,missing,0.0,0.0,0.5072463768115941,0.9468599033816418,1.454106280193236,13.454106280193237
2024,1266,4,8428885,2024-03-10,Wales,243378,Cameron Winnett,Back-three,False,False,False,80,True,1.0,4,1,0,0,0,0,0,0,0,0,1,5,2,3,0,7,0,0,0,4.0,,,False,missing,0.0,0.0,0.5072463768115941,0.9468599033816418,1.454106280193236,5.454106280193236
2024,1266,4,8428885,2024-03-10,Wales,129096,Josh Adams,Back-three,False,False,False,80,True,1.0,4,1,0,0,0,0,0,9,0,0,0,3,6,1,0,3,0,0,0,6.0,,,False,missing,0.0,0.0,0.5072463768115941,0.9468599033816418,1.454106280193236,7.454106280193236
2024,1266,4,8428885,2024-03-10,Wales,203736,Joe Roberts,Back-three,False,False,False,60,True,0.75,4,1,1,0,0,0,0,18,2,0,0,4,11,2,0,2,0,0,0,26.0,,,False,missing,0.0,0.0,0.5072463768115941,0.9468599033816418,1.454106280193236,27.454106280193237
2024,1266,4,8428885,2024-03-10,Wales,136476,Owen Watkin,Centre,False,False,False,80,True,1.0,4,1,0,1,0,0,0,22,2,1,0,6,6,3,1,10,0,0,0,21.0,,,False,missing,0.0,0.0,0.3103448275862069,1.4896551724137947,1.8000000000000016,22.8
2024,1266,4,8428885,2024-03-10,Wales,178890,Rio Dyer,Back-three,False,False,False,80,True,1.0,4,1,1,0,0,0,0,82,3,1,0,9,3,2,0,3,0,0,0,27.0,,,False,missing,0.0,0.0,0.5072463768115941,0.9468599033816418,1.454106280193236,28.454106280193237
2024,1266,4,8428885,2024-03-10,Wales,203076,Sam Costelow,Fly-half,False,False,False,56,True,0.7,4,1,0,1,3,1,0,32,1,0,1,6,9,2,0,15,0,0,0,29.0,,,False,missing,0.0,0.0,0.6976744186046512,1.6627906976744176,2.3604651162790686,31.36046511627907
2024,1266,4,8428885,2024-03-10,Wales,128628,Tomos Williams,Scrum-half,False,False,False,56,True,0.7,4,1,1,0,0,0,0,66,0,2,0,5,7,2,0,37,1,0,0,22.0,,,False,missing,0.0,0.0,0.5128205128205129,1.376068376068376,1.8888888888888888,23.88888888888889
2024,1266,4,8428885,2024-03-10,Wales,119118,Gareth Thomas,Prop,True,False,False,70,True,0.875,4,1,0,0,0,0,0,6,0,0,0,3,17,1,0,4,1,0,0,16.0,,,False,missing,3.0872351865000622,0.0,0.0635593220338983,0.49340065242919223,3.644195160963153,19.644195160963154
2024,1266,4,8428885,2024-03-10,Wales,122628,Elliot Dee,Hooker,True,False,False,70,True,0.875,4,1,0,0,0,0,0,7,0,0,0,5,13,0,0,4,1,0,0,12.0,,,False,missing,3.0872351865000622,0.0,0.1271186440677966,0.912244070268424,4.126597900836283,16.126597900836284
2024,1266,4,8428885,2024-03-10,Wales,144480,Keiron Assiratti,Prop,True,False,False,44,True,0.55,4,1,0,0,0,0,0,0,0,0,0,0,4,1,0,1,1,0,0,3.0,,,False,missing,1.9405478315143252,0.0,0.0635593220338983,0.49340065242919223,2.4975078059774156,5.497507805977415
2024,1266,4,8428885,2024-03-10,Wales,122568,Will Rowlands,Second-row,True,True,False,70,True,0.875,4,1,0,0,0,0,0,11,1,0,0,9,12,0,0,6,0,0,0,15.0,,,False,missing,3.0872351865000622,0.9022111538028474,0.24324324324324326,1.301319777877228,5.53400936142338,20.53400936142338
2024,1266,4,8428885,2024-03-10,Wales,129576,Adam Beard,Second-row,True,True,False,80,True,1.0,4,1,0,1,0,0,0,3,0,0,0,3,15,2,0,7,0,0,0,19.0,,,False,missing,3.5282687845715,1.0310984614889684,0.24324324324324326,1.301319777877228,6.103930267180939,25.10393026718094
2024,1266,4,8428885,2024-03-10,Wales,232104,Dafydd Jenkins,Second-row,True,True,False,80,True,1.0,4,1,0,0,0,0,0,7,0,0,0,3,26,0,2,2,0,0,0,36.0,,,False,missing,3.5282687845715,1.0310984614889684,0.24324324324324326,1.301319777877228,6.103930267180939,42.10393026718094
2024,1266,4,8428885,2024-03-10,Wales,155826,Tommy Reffell,Back-row,True,True,False,56,True,0.7,4,1,0,0,0,0,0,6,1,0,1,3,18,1,0,3,0,0,0,22.0,,,False,missing,2.46978814920005,0.7217689230422779,0.39179104477611937,1.4831920462553747,5.066540163273822,27.06654016327382
2024,1266,4,8428885,2024-03-10,Wales,176652,Aaron Wainwright,Back-row,True,True,False,80,True,1.0,4,1,0,0,0,0,0,22,0,0,0,7,10,2,0,7,0,0,0,12.0,,,False,missing,3.5282687845715,1.0310984614889684,0.39179104477611937,1.4831920462553747,6.434350337091962,18.434350337091963
2024,1266,4,8428885,2024-03-10,Wales,232134,Evan Lloyd,Hooker,True,False,False,10,False,0.125,4,1,0,0,0,0,0,0,0,0,0,2,0,0,0,1,0,0,0,0.0,,,False,missing,0.4410335980714375,0.0,0.1271186440677966,0.912244070268424,1.4803963124076582,1.4803963124076582
2024,1266,4,8428885,2024-03-10,Wales,144486,Corey Domachowski,Prop,True,False,False,10,False,0.125,4,1,0,0,0,0,0,1,0,0,0,2,0,1,0,0,0,0,0,0.0,,,False,missing,0.4410335980714375,0.0,0.0635593220338983,0.49340065242919223,0.9979935725345281,0.9979935725345281
2024,1266,4,8428885,2024-03-10,Wales,135306,Dillon Lewis,Prop,True,False,False,36,False,0.45,4,1,0,0,0,0,0,0,0,0,0,3,7,0,0,2,2,0,0,5.0,,,False,missing,1.587720953057175,0.0,0.0635593220338983,0.49340065242919223,2.1446809275202656,7.144680927520266
2024,1266,4,8428885,2024-03-10,Wales,232110,Alex Mann,Back-row,True,True,False,24,False,0.3,4,1,0,0,0,0,0,0,0,0,0,2,5,1,0,2,0,0,0,5.0,,,False,missing,1.05848063537145,0.30932953844669053,0.39179104477611937,1.4831920462553747,3.2427932648496345,8.242793264849634
2024,1266,4,8428885,2024-03-10,Wales,337560,Mackenzie Martin,Back-row,True,True,False,10,False,0.125,4,1,0,0,0,0,0,7,0,0,0,2,0,0,0,0,0,0,0,0.0,,,False,missing,0.4410335980714375,0.12888730768612106,0.39179104477611937,1.4831920462553747,2.4449039967890527,2.4449039967890527
2024,1266,4,8428885,2024-03-10,Wales,60942,Gareth Davies,Scrum-half,False,False,False,24,False,0.3,4,1,0,0,0,0,0,26,3,1,1,1,2,1,0,31,0,0,0,12.0,,,False,missing,0.0,0.0,0.5128205128205129,1.376068376068376,1.8888888888888888,13.88888888888889
2024,1266,4,8428885,2024-03-10,Wales,187314,Ioan Lloyd,Fly-half,False,False,False,24,False,0.3,4,1,0,0,0,0,0,26,0,0,0,3,1,1,0,15,0,0,0,3.0,,,False,missing,0.0,0.0,0.6976744186046512,1.6627906976744176,2.3604651162790686,5.360465116279069
2024,1266,4,8428885,2024-03-10,Wales,220956,Mason Grady,Centre,False,False,False,20,False,0.25,4,1,0,0,0,0,0,8,0,0,0,4,2,0,1,0,0,0,0,7.0,,,False,missing,0.0,0.0,0.3103448275862069,1.4896551724137947,1.8000000000000016,8.8
2024,1266,4,8428885,2024-03-10,France,224724,Leo Barre,Back-three,False,False,False,80,True,1.0,9,0,0,0,0,0,0,95,1,0,1,10,0,1,0,11,1,0,0,12.0,,,False,missing,0.0,0.0,0.5072463768115941,0.9468599033816418,1.454106280193236,13.454106280193237
2024,1266,4,8428885,2024-03-10,France,139668,Damian Penaud,Back-three,False,False,False,80,True,1.0,9,0,0,2,0,0,0,113,8,3,4,11,6,0,0,12,0,0,0,49.0,,,False,missing,0.0,0.0,0.5072463768115941,0.9468599033816418,1.454106280193236,50.45410628019324
2024,1266,4,8428885,2024-03-10,France,119154,Gael Fickou,Centre,False,False,False,80,True,1.0,9,0,1,1,0,0,0,37,3,0,1,12,14,0,0,4,1,0,0,38.0,,,False,missing,0.0,0.0,0.3103448275862069,1.4896551724137947,1.8000000000000016,39.800000000000004
2024,1266,4,8428885,2024-03-10,France,262248,Nicolas Depoortere,Centre,False,False,False,70,True,0.875,9,0,0,0,0,0,0,26,1,0,0,7,7,2,0,6,0,0,0,11.0,,,False,missing,0.0,0.0,0.3103448275862069,1.4896551724137947,1.8000000000000016,12.8
2024,1266,4,8428885,2024-03-10,France,231684,Louis Bielle-Biarrey,Back-three,False,False,False,80,True,1.0,9,0,0,0,0,0,0,86,1,1,2,9,4,0,0,5,0,0,0,18.0,,,False,missing,0.0,0.0,0.5072463768115941,0.9468599033816418,1.454106280193236,19.454106280193237
2024,1266,4,8428885,2024-03-10,France,129822,Thomas Ramos,Back-three,False,False,False,80,True,1.0,9,0,0,0,4,4,0,16,4,0,1,8,6,1,0,39,0,0,0,37.0,,,False,missing,0.0,0.0,0.5072463768115941,0.9468599033816418,1.454106280193236,38.45410628019324
2024,1266,4,8428885,2024-03-10,France,219972,Nolann Le Garrec,Scrum-half,False,False,False,80,True,1.0,9,0,1,0,0,0,0,13,1,0,0,6,4,0,0,72,0,0,0,17.0,,,False,missing,0.0,0.0,0.5128205128205129,1.376068376068376,1.8888888888888888,18.88888888888889
2024,1266,4,8428885,2024-03-10,France,121938,Cyril Baille,Prop,True,False,False,51,True,0.6375,9,0,0,0,0,0,0,8,0,0,0,8,4,1,0,0,0,0,0,4.0,,,False,missing,5.060860537869745,0.0,0.0635593220338983,0.49340065242919223,5.617820512332835,9.617820512332834
2024,1266,4,8428885,2024-03-10,France,135138,Julien Marchand,Hooker,True,False,False,51,True,0.6375,9,0,0,0,0,0,0,10,0,0,0,5,6,0,0,2,0,0,0,7.0,,,False,missing,5.060860537869745,0.0,0.1271186440677966,0.912244070268424,6.100223252205966,13.100223252205966
2024,1266,4,8428885,2024-03-10,France,133446,Uini Atonio,Prop,True,False,False,51,True,0.6375,9,0,0,0,0,0,0,2,0,0,0,7,3,1,0,0,0,0,0,3.0,,,False,missing,5.060860537869745,0.0,0.0635593220338983,0.49340065242919223,5.617820512332835,8.617820512332834
2024,1266,4,8428885,2024-03-10,France,213072,Thibaud Flament,Second-row,True,True,False,80,True,1.0,9,0,0,0,0,0,0,9,0,0,1,6,4,1,0,3,0,0,0,6.0,,,False,missing,7.938604765285875,0.0,0.24324324324324326,1.301319777877228,9.483167786406348,15.483167786406348
2024,1266,4,8428885,2024-03-10,France,166476,Emmanuel Meafou,Second-row,True,True,False,51,True,0.6375,9,0,0,0,0,0,0,14,1,0,0,8,4,0,0,1,0,0,0,7.0,,,False,missing,5.060860537869745,0.0,0.24324324324324326,1.301319777877228,6.605423558990216,13.605423558990216
2024,1266,4,8428885,2024-03-10,France,123366,Francois Cros,Back-row,True,True,False,70,True,0.875,9,0,0,0,0,0,0,2,0,0,0,2,10,1,1,4,0,0,0,15.0,,,False,missing,6.94627916962514,0.0,0.39179104477611937,1.4831920462553747,8.821262260656635,23.821262260656635
2024,1266,4,8428885,2024-03-10,France,123504,Charles Ollivon,Back-row,True,True,False,62,True,0.775,9,0,0,0,0,0,0,20,0,0,0,10,7,1,0,3,0,0,0,9.0,,,False,missing,6.152418693096553,0.0,0.39179104477611937,1.4831920462553747,8.027401784128047,17.027401784128045
2024,1266,4,8428885,2024-03-10,France,176748,Gregory Alldritt,Back-row,True,True,False,80,True,1.0,9,0,0,0,0,0,0,50,2,0,1,15,10,2,0,6,0,0,0,21.0,,,False,missing,7.938604765285875,0.0,0.39179104477611937,1.4831920462553747,9.81358785631737,30.81358785631737
2024,1266,4,8428885,2024-03-10,France,147480,Peato Mauvaka,Hooker,True,False,False,29,False,0.3625,9,0,0,0,0,0,0,2,0,0,0,1,2,0,0,2,0,0,0,2.0,,,False,missing,2.8777442274161293,0.0,0.1271186440677966,0.912244070268424,3.9171069417523503,5.91710694175235
2024,1266,4,8428885,2024-03-10,France,88518,Sebastien Taofifenua,Prop,True,False,False,29,False,0.3625,9,0,0,0,0,0,0,1,1,0,0,2,7,0,0,0,0,0,0,9.0,,,False,missing,2.8777442274161293,0.0,0.0635593220338983,0.49340065242919223,3.43470420187922,12.43470420187922
2024,1266,4,8428885,2024-03-10,France,165192,Georges-Henri Colombe,Prop,True,False,False,29,False,0.3625,9,0,1,0,0,0,0,5,2,0,0,5,5,0,0,0,0,0,0,24.0,,,False,missing,2.8777442274161293,0.0,0.0635593220338983,0.49340065242919223,3.43470420187922,27.43470420187922
2024,1266,4,8428885,2024-03-10,France,58998,Romain Taofifenua,Second-row,True,True,False,29,False,0.3625,9,0,1,0,0,0,0,4,0,0,0,4,2,0,0,1,1,0,0,16.0,,,False,missing,2.8777442274161293,0.0,0.24324324324324326,1.301319777877228,4.422307248536601,20.4223072485366
2024,1266,4,8428885,2024-03-10,France,146952,Alexandre Roumat,Second-row,True,True,False,18,False,0.225,9,0,0,0,0,0,0,2,0,0,0,1,4,0,0,0,0,0,0,4.0,,,False,missing,1.7861860721893217,0.0,0.24324324324324326,1.301319777877228,3.3307490933097927,7.330749093309793
2024,1266,4,8428885,2024-03-10,France,198624,Paul Boudehent,Back-row,True,True,False,10,False,0.125,9,0,0,0,0,0,0,0,0,0,0,0,4,1,0,0,0,0,0,4.0,,,False,missing,0.9923255956607344,0.0,0.39179104477611937,1.4831920462553747,2.867308686692229,6.867308686692229
2024,1266,4,8428885,2024-03-10,France,186162,Maxime Lucu,Scrum-half,False,False,False,10,False,0.125,9,0,1,0,0,0,0,11,1,0,0,2,2,1,0,2,0,0,0,15.0,,,False,missing,0.0,0.0,0.5128205128205129,1.376068376068376,1.8888888888888888,16.88888888888889
2024,1266,4,8428885,2024-03-10,France,196152,Yoram Moefana,Centre,False,False,False,0,False,0.0,9,0,0,0,0,0,0,0,0,0,0,0,2,0,0,0,0,0,0,2.0,,,False,missing,0.0,0.0,0.3103448275862069,1.4896551724137947,1.8000000000000016,3.8000000000000016
2024,1266,5,8428894,2024-03-16,Wales,243378,Cameron Winnett,Back-three,False,False,False,80,True,1.0,4,0,0,0,0,0,0,27,2,1,1,16,1,1,0,8,1,0,0,8.0,,,False,missing,0.0,0.0,0.5072463768115941,0.9468599033816418,1.454106280193236,9.454106280193237
2024,1266,5,8428894,2024-03-16,Wales,129096,Josh Adams,Back-three,False,False,False,80,True,1.0,4,0,0,0,0,0,0,34,4,0,0,8,3,1,0,1,2,0,0,12.0,,,False,missing,0.0,0.0,0.5072463768115941,0.9468599033816418,1.454106280193236,13.454106280193237
2024,1266,5,8428894,2024-03-16,Wales,109650,George North,Centre,False,False,False,80,True,1.0,4,0,0,0,0,0,0,47,3,0,1,12,3,1,0,4,1,0,0,14.0,,,False,missing,0.0,0.0,0.3103448275862069,1.4896551724137947,1.8000000000000016,15.8
2024,1266,5,8428894,2024-03-16,Wales,120162,Nick Tompkins,Centre,False,False,False,48,True,0.6,4,0,0,0,0,0,0,14,1,0,0,7,2,0,1,9,0,0,0,10.0,,,False,missing,0.0,0.0,0.3103448275862069,1.4896551724137947,1.8000000000000016,11.8
2024,1266,5,8428894,2024-03-16,Wales,178890,Rio Dyer,Back-three,False,False,False,80,True,1.0,4,0,0,0,0,0,0,56,4,2,1,10,2,5,0,4,2,0,0,15.0,,,False,missing,0.0,0.0,0.5072463768115941,0.9468599033816418,1.454106280193236,16.454106280193237
2024,1266,5,8428894,2024-03-16,Wales,203076,Sam Costelow,Fly-half,False,False,False,73,True,0.9125,4,0,0,0,1,0,0,7,1,0,0,4,9,1,0,34,0,0,0,13.0,,,False,missing,0.0,0.0,0.6976744186046512,1.6627906976744176,2.3604651162790686,15.36046511627907
2024,1266,5,8428894,2024-03-16,Wales,128628,Tomos Williams,Scrum-half,False,False,False,62,True,0.775,4,0,0,0,0,0,0,65,3,1,1,7,3,0,0,91,1,0,0,16.0,,,False,missing,0.0,0.0,0.5128205128205129,1.376068376068376,1.8888888888888888,17.88888888888889
2024,1266,5,8428894,2024-03-16,Wales,119118,Gareth Thomas,Prop,True,False,False,73,True,0.9125,4,0,0,0,0,0,0,10,1,0,0,13,7,1,0,6,1,0,0,9.0,,,False,missing,3.219545265921494,0.0,0.0635593220338983,0.49340065242919223,3.7765052403845845,12.776505240384584
2024,1266,5,8428894,2024-03-16,Wales,122628,Elliot Dee,Hooker,True,False,False,73,True,0.9125,4,0,1,0,0,0,0,6,0,0,1,11,11,0,0,6,0,0,0,28.0,,,False,missing,3.219545265921494,0.0,0.1271186440677966,0.912244070268424,4.258907980257715,32.25890798025772
2024,1266,5,8428894,2024-03-16,Wales,135306,Dillon Lewis,Prop,True,False,False,73,True,0.9125,4,0,0,0,0,0,0,6,0,0,0,6,10,1,0,4,2,0,0,8.0,,,False,missing,3.219545265921494,0.0,0.0635593220338983,0.49340065242919223,3.7765052403845845,11.776505240384584
2024,1266,5,8428894,2024-03-16,Wales,232104,Dafydd Jenkins,Second-row,True,True,False,80,True,1.0,4,0,0,0,0,0,0,11,0,0,0,8,11,1,1,3,0,0,0,17.0,,,False,missing,3.5282687845715,0.0,0.24324324324324326,1.301319777877228,5.072831805691972,22.072831805691973
2024,1266,5,8428894,2024-03-16,Wales,129576,Adam Beard,Second-row,True,True,False,51,True,0.6375,4,0,0,0,0,0,0,5,0,0,0,5,4,0,0,10,1,0,0,3.0,,,False,missing,2.249271350164331,0.0,0.24324324324324326,1.301319777877228,3.7938343712848024,6.793834371284802
2024,1266,5,8428894,2024-03-16,Wales,232110,Alex Mann,Back-row,True,True,False,57,True,0.7125,4,0,0,0,0,0,0,10,0,0,0,9,13,1,0,5,0,0,0,14.0,,,False,missing,2.513891509007194,0.0,0.39179104477611937,1.4831920462553747,4.388874600038688,18.388874600038687
2024,1266,5,8428894,2024-03-16,Wales,155826,Tommy Reffell,Back-row,True,True,False,80,True,1.0,4,0,0,0,0,0,0,8,2,0,0,8,15,1,3,4,0,0,0,34.0,,,False,missing,3.5282687845715,0.0,0.39179104477611937,1.4831920462553747,5.403251875602994,39.40325187560299
2024,1266,5,8428894,2024-03-16,Wales,176652,Aaron Wainwright,Back-row,True,True,False,80,True,1.0,4,0,0,0,0,0,0,8,1,0,0,8,3,1,0,12,0,0,0,5.0,,,False,missing,3.5282687845715,0.0,0.39179104477611937,1.4831920462553747,5.403251875602994,10.403251875602994
2024,1266,5,8428894,2024-03-16,Wales,232134,Evan Lloyd,Hooker,True,False,False,7,False,0.0875,4,0,0,0,0,0,0,8,0,0,0,4,0,0,0,2,0,0,0,0.0,,,False,missing,0.30872351865000625,0.0,0.1271186440677966,0.912244070268424,1.3480862329862269,1.3480862329862269
2024,1266,5,8428894,2024-03-16,Wales,178866,Kemsley Mathias,Prop,True,False,False,7,False,0.0875,4,0,0,0,0,0,0,1,0,0,0,1,1,0,0,0,0,0,0,1.0,,,False,missing,0.30872351865000625,0.0,0.0635593220338983,0.49340065242919223,0.8656834931130968,1.8656834931130968
2024,1266,5,8428894,2024-03-16,Wales,220068,Harri O'Connor,Prop,True,False,False,7,False,0.0875,4,0,0,0,0,0,0,1,0,0,0,1,0,0,0,0,0,0,0,0.0,,,False,missing,0.30872351865000625,0.0,0.0635593220338983,0.49340065242919223,0.8656834931130968,0.8656834931130968
2024,1266,5,8428894,2024-03-16,Wales,122568,Will Rowlands,Second-row,True,True,False,29,False,0.3625,4,0,1,0,0,0,0,12,0,0,0,7,5,0,1,2,0,0,0,26.0,,,False,missing,1.2789974344071686,0.0,0.24324324324324326,1.301319777877228,2.82356045552764,28.82356045552764
2024,1266,5,8428894,2024-03-16,Wales,337560,Mackenzie Martin,Back-row,True,True,False,23,False,0.2875,4,0,0,0,0,0,0,3,0,0,0,3,3,1,0,0,0,0,0,3.0,,,False,missing,1.0143772755643061,0.0,0.39179104477611937,1.4831920462553747,2.8893603665958,5.8893603665958
2024,1266,5,8428894,2024-03-16,Wales,135900,Kieran Hardy,Scrum-half,False,False,False,18,False,0.225,4,0,0,0,0,0,0,1,1,0,0,2,1,0,0,28,1,0,0,2.0,,,False,missing,0.0,0.0,0.5128205128205129,1.376068376068376,1.8888888888888888,3.888888888888889
2024,1266,5,8428894,2024-03-16,Wales,187314,Ioan Lloyd,Fly-half,False,False,False,7,False,0.0875,4,0,0,0,2,0,0,9,1,0,0,4,0,0,0,1,0,0,0,6.0,,,False,missing,0.0,0.0,0.6976744186046512,1.6627906976744176,2.3604651162790686,8.36046511627907
2024,1266,5,8428894,2024-03-16,Wales,220956,Mason Grady,Centre,False,False,False,32,False,0.4,4,0,1,0,0,0,0,89,4,1,0,11,1,0,0,4,1,0,0,26.0,,,False,missing,0.0,0.0,0.3103448275862069,1.4896551724137947,1.8000000000000016,27.8
2024,1266,5,8428894,2024-03-16,Italy,231744,Lorenzo Pani,Back-three,False,False,False,80,True,1.0,6,0,1,0,0,0,0,58,3,0,0,4,1,1,0,1,0,0,0,22.0,,,False,missing,0.0,0.0,0.5072463768115941,0.9468599033816418,1.454106280193236,23.454106280193237
2024,1266,5,8428894,2024-03-16,Italy,213750,Louis Lynagh,Back-three,False,False,False,80,True,1.0,6,0,0,0,0,0,0,34,0,1,2,4,7,1,0,3,1,0,0,13.0,,,False,missing,0.0,0.0,0.5072463768115941,0.9468599033816418,1.454106280193236,14.454106280193237
2024,1266,5,8428894,2024-03-16,Italy,118614,Juan Ignacio Brex,Centre,False,False,False,80,True,1.0,6,0,0,0,0,0,0,18,1,0,0,8,12,4,0,9,0,0,0,15.0,,,False,missing,0.0,0.0,0.3103448275862069,1.4896551724137947,1.8000000000000016,16.8
2024,1266,5,8428894,2024-03-16,Italy,226818,Tommaso Menoncello,Centre,False,False,False,80,True,1.0,6,0,0,0,0,0,0,18,1,0,1,7,11,2,0,4,1,0,0,15.0,,,False,missing,0.0,0.0,0.3103448275862069,1.4896551724137947,1.8000000000000016,16.8
2024,1266,5,8428894,2024-03-16,Italy,134016,Monty Ioane,Back-three,False,False,False,75,True,0.9375,6,0,1,1,0,0,0,58,4,4,2,7,2,3,0,6,0,0,0,33.0,,,False,missing,0.0,0.0,0.5072463768115941,0.9468599033816418,1.454106280193236,34.45410628019324
2024,1266,5,8428894,2024-03-16,Italy,203034,Paolo Garbisi,Fly-half,False,False,False,80,True,1.0,6,0,0,1,1,3,0,38,2,0,1,9,14,1,1,9,0,0,0,43.0,,,False,missing,0.0,0.0,0.6976744186046512,1.6627906976744176,2.3604651162790686,45.360465116279066
2024,1266,5,8428894,2024-03-16,Italy,213144,Stephen Varney,Scrum-half,False,False,False,50,True,0.625,6,0,0,0,0,0,0,18,2,0,0,4,3,1,0,28,0,0,0,8.0,,,False,missing,0.0,0.0,0.5128205128205129,1.376068376068376,1.8888888888888888,9.88888888888889
2024,1266,5,8428894,2024-03-16,Italy,164232,Danilo Fischetti,Prop,True,False,False,57,True,0.7125,6,0,0,0,0,0,0,0,0,0,0,1,11,1,0,1,1,0,0,10.0,,,False,missing,3.7708372635107907,0.0,0.0635593220338983,0.49340065242919223,4.327797237973881,14.327797237973881
2024,1266,5,8428894,2024-03-16,Italy,226836,Giacomo Nicotera,Hooker,True,False,False,29,True,0.3625,6,0,0,0,0,0,0,0,0,0,0,0,10,2,0,2,0,0,0,10.0,,,False,missing,1.918496151610753,0.0,0.1271186440677966,0.912244070268424,2.9578588659469736,12.957858865946974
2024,1266,5,8428894,2024-03-16,Italy,123210,Simone Ferrari,Prop,True,False,False,50,True,0.625,6,0,0,0,0,0,0,0,0,0,0,2,8,2,0,1,0,0,0,8.0,,,False,missing,3.307751985535781,0.0,0.0635593220338983,0.49340065242919223,3.8647119599988717,11.864711959998871
2024,1266,5,8428894,2024-03-16,Italy,167196,Niccolo Cannone,Second-row,True,True,False,75,True,0.9375,6,0,0,0,0,0,0,2,0,0,0,4,18,2,0,0,0,0,0,18.0,,,False,missing,4.961627978303672,0.0,0.24324324324324326,1.301319777877228,6.506190999424143,24.506190999424142
2024,1266,5,8428894,2024-03-16,Italy,129234,Federico Ruzza,Second-row,True,True,False,80,True,1.0,6,0,0,0,0,0,0,16,1,0,0,6,11,2,0,9,0,0,0,14.0,,,False,missing,5.29240317685725,0.0,0.24324324324324326,1.301319777877228,6.836966197977721,20.83696619797772
2024,1266,5,8428894,2024-03-16,Italy,129216,Sebastian Negri,Back-row,True,True,False,60,True,0.75,6,0,0,0,0,0,0,4,0,0,0,10,18,0,0,2,1,0,0,17.0,,,False,missing,3.9693023826429377,0.0,0.39179104477611937,1.4831920462553747,5.844285473674431,22.844285473674432
2024,1266,5,8428894,2024-03-16,Italy,164220,Michele Lamaro,Back-row,True,True,False,80,True,1.0,6,0,0,0,0,0,0,20,2,0,0,7,21,1,1,6,1,0,0,31.0,,,False,missing,5.29240317685725,0.0,0.39179104477611937,1.4831920462553747,7.167386267888744,38.167386267888745
2024,1266,5,8428894,2024-03-16,Italy,220140,Lorenzo Cannone,Back-row,True,True,False,50,True,0.625,6,0,0,0,0,0,0,12,0,0,0,3,16,0,0,2,0,0,0,17.0,,,False,missing,3.307751985535781,0.0,0.39179104477611937,1.4831920462553747,5.182735076567275,22.182735076567276
2024,1266,5,8428894,2024-03-16,Italy,202980,Gianmarco Lucchesi,Hooker,True,False,False,11,False,0.1375,6,0,0,0,0,0,0,0,0,0,0,0,11,1,0,0,2,0,0,9.0,,,False,missing,0.7277054368178719,0.0,0.1271186440677966,0.912244070268424,1.7670681511540924,10.767068151154092
2024,1266,5,8428894,2024-03-16,Italy,231804,Mirco Spagnolo,Prop,True,False,False,23,False,0.2875,6,0,0,0,0,0,0,0,0,0,0,1,7,0,0,0,1,0,0,6.0,,,False,missing,1.5215659133464592,0.0,0.0635593220338983,0.49340065242919223,2.07852588780955,8.07852588780955
2024,1266,5,8428894,2024-03-16,Italy,147354,Giosue Zilocchi,Prop,True,False,False,30,False,0.375,6,0,0,0,0,0,0,0,0,0,0,1,12,3,0,0,0,0,0,12.0,,,False,missing,1.9846511913214688,0.0,0.0635593220338983,0.49340065242919223,2.5416111657845595,14.541611165784559
2024,1266,5,8428894,2024-03-16,Italy,220128,Riccardo Favretto,Back-row,True,True,False,5,False,0.0625,6,0,0,0,0,0,0,0,0,0,0,0,5,0,0,0,0,0,0,5.0,,,False,missing,0.3307751985535781,0.0,0.39179104477611937,1.4831920462553747,2.2057582895850723,7.205758289585072
2024,1266,5,8428894,2024-03-16,Italy,231840,Ross Vintcent,Back-row,True,True,False,30,False,0.375,6,0,0,0,0,0,0,7,0,0,0,4,10,1,0,1,1,0,0,9.0,,,False,missing,1.9846511913214688,0.0,0.39179104477611937,1.4831920462553747,3.859634282352963,12.859634282352964
2024,1266,5,8428894,2024-03-16,Italy,204054,Manuel Zuliani,Back-row,True,True,False,20,False,0.25,6,0,0,0,0,0,0,6,0,0,0,1,5,0,0,0,0,0,0,5.0,,,False,missing,1.3231007942143125,0.0,0.39179104477611937,1.4831920462553747,3.198083885245807,8.198083885245808
2024,1266,5,8428894,2024-03-16,Italy,223740,Martin Page-Relo,Scrum-half,False,False,False,30,False,0.375,6,0,0,0,0,1,0,0,0,0,0,0,1,0,0,12,0,0,0,4.0,,,False,missing,0.0,0.0,0.5128205128205129,1.376068376068376,1.8888888888888888,5.888888888888889
2024,1266,5,8428894,2024-03-16,Italy,231834,Leonardo Marin,Centre,False,False,False,5,False,0.0625,6,0,0,0,0,0,0,0,0,0,0,0,1,0,0,0,0,0,0,1.0,,,False,missing,0.0,0.0,0.3103448275862069,1.4896551724137947,1.8000000000000016,2.8000000000000016
2024,1266,5,8428903,2024-03-16,Ireland,148896,Jordan Larmour,Back-three,False,False,False,67,True,0.8375,7,0,0,0,0,0,0,37,1,0,1,8,3,0,0,8,0,0,0,10.0,,,False,missing,0.0,0.0,0.5072463768115941,0.9468599033816418,1.454106280193236,11.454106280193237
2024,1266,5,8428903,2024-03-16,Ireland,148836,Calvin Nash,Back-three,False,False,False,56,True,0.7,7,0,0,0,0,0,0,34,6,0,1,7,3,1,0,4,0,0,0,20.0,,,False,missing,0.0,0.0,0.5072463768115941,0.9468599033816418,1.454106280193236,21.454106280193237
2024,1266,5,8428903,2024-03-16,Ireland,120702,Robbie Henshaw,Centre,False,False,False,80,True,1.0,7,0,0,0,0,0,0,32,3,0,0,14,8,1,0,7,0,0,0,17.0,,,False,missing,0.0,0.0,0.3103448275862069,1.4896551724137947,1.8000000000000016,18.8
2024,1266,5,8428903,2024-03-16,Ireland,114804,Bundee Aki,Centre,False,False,False,80,True,1.0,7,0,0,0,0,0,0,53,2,2,0,13,9,1,0,6,0,0,0,18.0,,,False,missing,0.0,0.0,0.3103448275862069,1.4896551724137947,1.8000000000000016,19.8
2024,1266,5,8428903,2024-03-16,Ireland,120468,James Lowe,Back-three,False,False,False,80,True,1.0,7,0,0,0,0,0,0,89,4,0,1,10,3,4,0,7,1,0,0,20.0,,,False,missing,0.0,0.0,0.5072463768115941,0.9468599033816418,1.454106280193236,21.454106280193237
2024,1266,5,8428903,2024-03-16,Ireland,201696,Jack Crowley,Fly-half,False,False,False,80,True,1.0,7,0,0,0,2,1,0,13,0,0,1,6,6,4,0,33,0,0,0,16.0,,,False,missing,0.0,0.0,0.6976744186046512,1.6627906976744176,2.3604651162790686,18.36046511627907
2024,1266,5,8428903,2024-03-16,Ireland,120504,Jamison Gibson-Park,Scrum-half,False,False,False,69,True,0.8625,7,0,0,0,0,0,0,10,0,0,0,4,6,1,0,103,0,0,0,7.0,,,False,missing,0.0,0.0,0.5128205128205129,1.376068376068376,1.8888888888888888,8.88888888888889
2024,1266,5,8428903,2024-03-16,Ireland,139806,Andrew Porter,Prop,True,False,False,67,True,0.8375,7,0,1,0,0,0,0,7,0,0,0,15,5,0,0,5,1,0,0,19.0,,,False,missing,5.171118937387605,0.0,0.0635593220338983,0.49340065242919223,5.7280789118506945,24.728078911850695
2024,1266,5,8428903,2024-03-16,Ireland,186096,Dan Sheehan,Hooker,True,False,False,55,True,0.6875,7,0,1,0,0,0,0,43,2,1,0,10,3,0,0,1,0,0,0,26.0,,,False,missing,4.2449483814375855,0.0,0.1271186440677966,0.912244070268424,5.284311095773806,31.284311095773806
2024,1266,5,8428903,2024-03-16,Ireland,112374,Tadhg Furlong,Prop,True,False,False,51,True,0.6375,7,0,0,0,0,0,0,4,0,0,0,6,7,1,0,4,0,0,0,7.0,,,False,missing,3.9362248627875793,0.0,0.0635593220338983,0.49340065242919223,4.49318483725067,11.49318483725067
2024,1266,5,8428903,2024-03-16,Ireland,220194,Joe McCarthy,Second-row,True,True,False,55,True,0.6875,7,0,0,0,0,0,0,10,0,0,2,6,6,1,1,4,1,0,0,15.0,,,False,missing,4.2449483814375855,0.0,0.24324324324324326,1.301319777877228,5.789511402558056,20.789511402558055
2024,1266,5,8428903,2024-03-16,Ireland,117954,Tadhg Beirne,Second-row,True,True,False,80,True,1.0,7,0,0,0,0,0,0,4,0,0,0,9,13,1,0,6,0,0,0,13.0,,,False,missing,6.1744703730001245,0.0,0.24324324324324326,1.301319777877228,7.719033394120595,20.719033394120594
2024,1266,5,8428903,2024-03-16,Ireland,61620,Peter O'Mahony,Back-row,True,True,False,64,True,0.8,7,0,0,0,0,0,0,13,0,0,0,10,12,1,0,4,0,0,0,13.0,,,False,missing,4.939576298400101,0.0,0.39179104477611937,1.4831920462553747,6.814559389431595,19.814559389431594
2024,1266,5,8428903,2024-03-16,Ireland,118518,Josh van der Flier,Back-row,True,True,False,80,True,1.0,7,0,0,0,0,0,0,11,0,0,0,5,7,4,0,6,0,0,0,8.0,,,False,missing,6.1744703730001245,0.0,0.39179104477611937,1.4831920462553747,8.049453464031618,16.049453464031618
2024,1266,5,8428903,2024-03-16,Ireland,148680,Caelan Doris,Back-row,True,True,False,80,True,1.0,7,0,0,0,0,0,0,44,1,0,0,14,5,2,0,7,0,0,0,11.0,,,False,missing,6.1744703730001245,0.0,0.39179104477611937,1.4831920462553747,8.049453464031618,19.049453464031618
2024,1266,5,8428903,2024-03-16,Ireland,148644,Ronan Kelleher,Hooker,True,False,False,25,False,0.3125,7,0,0,1,0,0,0,15,0,0,0,5,2,2,0,3,0,0,0,7.0,,,False,missing,1.929521991562539,0.0,0.1271186440677966,0.912244070268424,2.96888470589876,9.968884705898759
2024,1266,5,8428903,2024-03-16,Ireland,56550,Cian Healy,Prop,True,False,False,13,False,0.1625,7,0,0,0,0,0,0,0,0,0,0,0,3,0,0,0,0,0,0,3.0,,,False,missing,1.0033514356125202,0.0,0.0635593220338983,0.49340065242919223,1.5603114100756108,4.560311410075611
2024,1266,5,8428903,2024-03-16,Ireland,112068,Finlay Bealham,Prop,True,False,False,29,False,0.3625,7,0,0,0,0,0,0,0,0,0,0,3,5,0,0,0,0,0,0,5.0,,,False,missing,2.238245510212545,0.0,0.0635593220338983,0.49340065242919223,2.795205484675636,7.795205484675636
2024,1266,5,8428903,2024-03-16,Ireland,203190,Ryan Baird,Back-row,True,True,False,25,False,0.3125,7,0,0,0,0,0,0,1,1,0,0,3,5,1,0,1,0,0,0,7.0,,,False,missing,1.929521991562539,0.0,0.39179104477611937,1.4831920462553747,3.8045050825940327,10.804505082594034
2024,1266,5,8428903,2024-03-16,Ireland,117936,Jack Conan,Back-row,True,True,False,16,False,0.2,7,0,0,0,0,0,0,0,0,0,0,1,2,0,0,0,0,0,0,2.0,,,False,missing,1.2348940746000252,0.0,0.39179104477611937,1.4831920462553747,3.109877165631519,5.109877165631519
2024,1266,5,8428903,2024-03-16,Ireland,61860,Conor Murray,Scrum-half,False,False,False,11,False,0.1375,7,0,0,0,0,0,0,0,0,0,0,0,2,0,0,8,0,0,0,2.0,,,False,missing,0.0,0.0,0.5128205128205129,1.376068376068376,1.8888888888888888,3.888888888888889
2024,1266,5,8428903,2024-03-16,Ireland,179142,Harry Byrne,Fly-half,False,False,False,13,False,0.1625,7,0,0,0,0,0,0,6,0,0,0,1,1,0,0,0,1,1,0,-5.0,,,False,missing,0.0,0.0,0.6976744186046512,1.6627906976744176,2.3604651162790686,-2.6395348837209314
2024,1266,5,8428903,2024-03-16,Ireland,129372,Garry Ringrose,Centre,False,False,False,24,False,0.3,7,0,0,0,0,0,0,60,0,1,0,2,2,0,0,0,0,0,0,8.0,,,False,missing,0.0,0.0,0.3103448275862069,1.4896551724137947,1.8000000000000016,9.8
2024,1266,5,8428903,2024-03-16,Scotland,139902,Blair Kinghorn,Back-three,False,False,False,66,True,0.825,7,0,0,0,0,0,0,81,2,0,1,10,3,4,0,6,1,0,0,16.0,,,False,missing,0.0,0.0,0.5072463768115941,0.9468599033816418,1.454106280193236,17.454106280193237
2024,1266,5,8428903,2024-03-16,Scotland,171582,Kyle Steyn,Back-three,False,False,False,80,True,1.0,7,0,0,0,0,0,0,20,1,0,0,7,10,1,0,1,0,0,0,14.0,,,False,missing,0.0,0.0,0.5072463768115941,0.9468599033816418,1.454106280193236,15.454106280193237
2024,1266,5,8428903,2024-03-16,Scotland,136776,Huw Jones,Centre,False,False,False,80,True,1.0,7,0,1,0,0,0,0,44,4,1,0,5,11,5,0,2,1,0,0,32.0,,,False,missing,0.0,0.0,0.3103448275862069,1.4896551724137947,1.8000000000000016,33.800000000000004
2024,1266,5,8428903,2024-03-16,Scotland,163866,Stafford McDowall,Centre,False,False,False,80,True,1.0,7,0,0,0,0,0,0,38,3,1,0,4,17,1,1,2,0,0,0,31.0,,,False,missing,0.0,0.0,0.3103448275862069,1.4896551724137947,1.8000000000000016,32.800000000000004
2024,1266,5,8428903,2024-03-16,Scotland,131400,Duhan van der Merwe,Back-three,False,False,False,80,True,1.0,7,0,0,0,0,0,0,10,2,0,1,8,4,1,0,2,3,0,0,8.0,,,False,missing,0.0,0.0,0.5072463768115941,0.9468599033816418,1.454106280193236,9.454106280193237
2024,1266,5,8428903,2024-03-16,Scotland,117894,Finn Russell,Fly-half,False,False,False,80,True,1.0,7,0,0,0,1,2,0,37,1,0,0,4,11,0,0,25,0,0,0,24.0,,,False,missing,0.0,0.0,0.6976744186046512,1.6627906976744176,2.3604651162790686,26.36046511627907
2024,1266,5,8428903,2024-03-16,Scotland,142476,Ben White,Scrum-half,False,False,False,61,True,0.7625,7,0,0,0,0,0,0,0,0,0,0,0,9,2,0,49,0,0,0,9.0,,,False,missing,0.0,0.0,0.5128205128205129,1.376068376068376,1.8888888888888888,10.88888888888889
2024,1266,5,8428903,2024-03-16,Scotland,130290,Pierre Schoeman,Prop,True,False,False,48,True,0.6,7,0,0,0,0,0,0,4,0,0,0,5,17,0,0,2,1,0,0,16.0,,,False,missing,3.704682223800075,0.0,0.0635593220338983,0.49340065242919223,4.261642198263165,20.261642198263164
2024,1266,5,8428903,2024-03-16,Scotland,117864,George Turner,Hooker,True,False,False,48,True,0.6,7,0,0,0,0,0,0,0,0,0,0,3,16,1,0,2,0,0,0,16.0,,,False,missing,3.704682223800075,0.0,0.1271186440677966,0.912244070268424,4.7440449381362955,20.744044938136295
2024,1266,5,8428903,2024-03-16,Scotland,130530,Zander Fagerson,Prop,True,False,False,70,True,0.875,7,0,0,0,0,0,0,12,1,0,0,6,22,0,1,0,3,0,0,27.0,,,False,missing,5.40266157637511,0.0,0.0635593220338983,0.49340065242919223,5.959621550838199,32.9596215508382
2024,1266,5,8428903,2024-03-16,Scotland,102762,Grant Gilchrist,Second-row,True,True,False,80,True,1.0,7,0,0,0,0,0,0,1,0,0,0,3,13,0,1,2,1,0,0,17.0,,,False,missing,6.1744703730001245,0.0,0.24324324324324326,1.301319777877228,7.719033394120595,24.719033394120594
2024,1266,5,8428903,2024-03-16,Scotland,136596,Scott Cummings,Second-row,True,True,False,70,True,0.875,7,0,0,0,0,0,0,0,0,0,0,1,25,1,0,2,1,0,0,24.0,,,False,missing,5.40266157637511,0.0,0.24324324324324326,1.301319777877228,6.94722459749558,30.94722459749558
2024,1266,5,8428903,2024-03-16,Scotland,172434,Andy Christie,Back-row,True,True,False,67,True,0.8375,7,0,0,0,0,0,0,1,0,0,0,5,27,1,1,5,1,0,0,31.0,,,False,missing,5.171118937387605,0.0,0.39179104477611937,1.4831920462553747,7.0461020284190985,38.0461020284191
2024,1266,5,8428903,2024-03-16,Scotland,180222,Rory Darge,Back-row,True,True,False,61,True,0.7625,7,0,0,0,0,0,0,3,0,0,0,4,14,1,0,0,0,0,0,14.0,,,False,missing,4.708033659412595,0.0,0.39179104477611937,1.4831920462553747,6.583016750444089,20.583016750444088
2024,1266,5,8428903,2024-03-16,Scotland,124308,Jack Dempsey,Back-row,True,True,False,80,True,1.0,7,0,0,0,0,0,0,33,2,0,0,12,20,0,0,7,0,0,0,27.0,,,False,missing,6.1744703730001245,0.0,0.39179104477611937,1.4831920462553747,8.049453464031618,35.049453464031615
2024,1266,5,8428903,2024-03-16,Scotland,187422,Ewan Ashman,Hooker,True,False,False,32,False,0.4,7,0,0,0,0,0,0,2,1,0,0,3,6,0,0,0,1,1,0,2.0,,,False,missing,2.4697881492000504,0.0,0.1271186440677966,0.912244070268424,3.509150863536271,5.509150863536271
2024,1266,5,8428903,2024-03-16,Scotland,134172,Rory Sutherland,Prop,True,False,False,32,False,0.4,7,0,0,0,0,0,0,2,1,0,0,3,5,1,0,0,0,0,0,7.0,,,False,missing,2.4697881492000504,0.0,0.0635593220338983,0.49340065242919223,3.026748123663141,10.026748123663141
2024,1266,5,8428903,2024-03-16,Scotland,135522,Javan Sebastian,Prop,True,False,False,10,False,0.125,7,0,0,0,0,0,0,0,0,0,0,0,1,0,0,0,0,0,0,1.0,,,False,missing,0.7718087966250156,0.0,0.0635593220338983,0.49340065242919223,1.3287687710881062,2.3287687710881064
2024,1266,5,8428903,2024-03-16,Scotland,135774,Sam Skinner,Second-row,True,True,False,10,False,0.125,7,0,0,0,0,0,0,0,0,0,0,1,1,0,0,2,0,0,0,1.0,,,False,missing,0.7718087966250156,0.0,0.24324324324324326,1.301319777877228,2.3163718177454866,3.3163718177454866
2024,1266,5,8428903,2024-03-16,Scotland,161856,Matt Fagerson,Back-row,True,True,False,19,False,0.2375,7,0,0,1,0,0,0,0,0,0,0,2,3,0,0,2,0,0,0,7.0,,,False,missing,1.4664367135875296,0.0,0.39179104477611937,1.4831920462553747,3.341419804619024,10.341419804619024
2024,1266,5,8428903,2024-03-16,Scotland,129792,George Horne,Scrum-half,False,False,False,19,False,0.2375,7,0,0,0,0,0,0,24,1,1,1,2,1,1,0,16,0,0,0,7.0,,,False,missing,0.0,0.0,0.5128205128205129,1.376068376068376,1.8888888888888888,8.88888888888889
2024,1266,5,8428903,2024-03-16,Scotland,177348,Cameron Redpath,Centre,False,False,False,0,False,0.0,7,0,0,0,0,0,0,27,3,1,1,3,3,0,0,3,0,0,0,13.0,,,False,missing,0.0,0.0,0.3103448275862069,1.4896551724137947,1.8000000000000016,14.8
2024,1266,5,8428903,2024-03-16,Scotland,179370,Kyle Rowe,Back-three,False,False,False,14,False,0.175,7,0,0,0,0,0,0,21,3,0,0,2,0,0,0,2,0,0,0,8.0,,,False,missing,0.0,0.0,0.5072463768115941,0.9468599033816418,1.454106280193236,9.454106280193237
2024,1266,5,8428912,2024-03-16,France,224724,Leo Barre,Back-three,False,False,False,80,True,1.0,2,1,1,1,0,0,0,101,7,1,3,11,4,2,0,4,0,0,0,48.0,,,False,missing,0.0,0.0,0.5072463768115941,0.9468599033816418,1.454106280193236,49.45410628019324
2024,1266,5,8428912,2024-03-16,France,139668,Damian Penaud,Back-three,False,False,False,80,True,1.0,2,1,0,1,0,0,0,68,10,3,3,9,5,1,1,7,0,0,0,46.0,,,False,missing,0.0,0.0,0.5072463768115941,0.9468599033816418,1.454106280193236,47.45410628019324
2024,1266,5,8428912,2024-03-16,France,119154,Gael Fickou,Centre,False,False,False,80,True,1.0,2,1,1,0,0,0,0,62,3,1,1,9,3,1,0,6,0,0,0,27.0,,,False,missing,0.0,0.0,0.3103448275862069,1.4896551724137947,1.8000000000000016,28.8
2024,1266,5,8428912,2024-03-16,France,262248,Nicolas Depoortere,Centre,False,False,False,59,True,0.7375,2,1,0,0,0,0,0,20,0,1,0,2,4,1,0,2,0,0,0,6.0,,,False,missing,0.0,0.0,0.3103448275862069,1.4896551724137947,1.8000000000000016,7.800000000000002
2024,1266,5,8428912,2024-03-16,France,231684,Louis Bielle-Biarrey,Back-three,False,False,False,80,True,1.0,2,1,0,0,0,0,0,7,0,0,0,1,1,2,0,4,0,0,0,1.0,,,False,missing,0.0,0.0,0.5072463768115941,0.9468599033816418,1.454106280193236,2.454106280193236
2024,1266,5,8428912,2024-03-16,France,129822,Thomas Ramos,Back-three,False,False,False,80,True,1.0,2,1,0,0,3,4,0,21,5,0,0,4,5,2,1,18,0,0,0,40.0,,,False,missing,0.0,0.0,0.5072463768115941,0.9468599033816418,1.454106280193236,41.45410628019324
2024,1266,5,8428912,2024-03-16,France,219972,Nolann Le Garrec,Scrum-half,False,False,False,66,True,0.825,2,1,1,0,0,0,0,20,1,0,0,6,4,0,0,53,0,0,0,18.0,,,False,missing,0.0,0.0,0.5128205128205129,1.376068376068376,1.8888888888888888,19.88888888888889
2024,1266,5,8428912,2024-03-16,France,121938,Cyril Baille,Prop,True,False,False,47,True,0.5875,2,1,0,0,0,0,0,2,2,0,0,3,3,1,0,2,0,0,0,7.0,,,False,missing,1.036428955467878,0.0,0.0635593220338983,0.49340065242919223,1.5933889299309687,8.593388929930969
2024,1266,5,8428912,2024-03-16,France,135138,Julien Marchand,Hooker,True,False,False,47,True,0.5875,2,1,0,0,0,0,0,3,0,0,0,5,7,2,0,2,0,0,0,7.0,,,False,missing,1.036428955467878,0.0,0.1271186440677966,0.912244070268424,2.075791669804099,9.075791669804099
2024,1266,5,8428912,2024-03-16,France,133446,Uini Atonio,Prop,True,False,False,61,True,0.7625,2,1,0,0,0,0,0,10,0,0,0,7,7,0,1,2,2,0,0,11.0,,,False,missing,1.3451524741178842,0.0,0.0635593220338983,0.49340065242919223,1.9021124485809748,12.902112448580976
2024,1266,5,8428912,2024-03-16,France,213072,Thibaud Flament,Second-row,True,True,False,80,True,1.0,2,1,0,0,0,0,0,4,0,0,1,8,5,1,0,9,0,0,0,7.0,,,False,missing,1.76413439228575,1.0310984614889684,0.24324324324324326,1.301319777877228,4.33979587489519,11.33979587489519
2024,1266,5,8428912,2024-03-16,France,166476,Emmanuel Meafou,Second-row,True,True,False,47,True,0.5875,2,1,0,0,0,0,0,18,1,0,0,10,4,0,0,1,0,0,0,7.0,,,False,missing,1.036428955467878,0.605770346124769,0.24324324324324326,1.301319777877228,3.1867623227131183,10.186762322713118
2024,1266,5,8428912,2024-03-16,France,123366,Francois Cros,Back-row,True,True,False,80,True,1.0,2,1,0,0,0,0,0,27,3,1,0,3,8,1,0,3,0,0,0,16.0,,,False,missing,1.76413439228575,1.0310984614889684,0.39179104477611937,1.4831920462553747,4.670215944806213,20.670215944806213
2024,1266,5,8428912,2024-03-16,France,123504,Charles Ollivon,Back-row,True,True,False,61,True,0.7625,2,1,0,1,0,0,0,44,1,0,1,4,4,0,0,3,1,0,0,15.0,,,False,missing,1.3451524741178842,0.7862125768853384,0.39179104477611937,1.4831920462553747,4.0063481420347165,19.006348142034717
2024,1266,5,8428912,2024-03-16,France,176748,Gregory Alldritt,Back-row,True,True,False,69,True,0.8625,2,1,0,0,0,0,0,11,1,0,1,13,6,2,0,4,1,0,0,10.0,,,False,missing,1.5215659133464594,0.8893224230342354,0.39179104477611937,1.4831920462553747,4.2858714274121885,14.28587142741219
2024,1266,5,8428912,2024-03-16,France,147480,Peato Mauvaka,Hooker,True,False,False,33,False,0.4125,2,1,0,0,0,0,0,17,0,0,0,6,1,1,0,2,0,0,0,2.0,,,False,missing,0.7277054368178718,0.0,0.1271186440677966,0.912244070268424,1.7670681511540924,3.7670681511540924
2024,1266,5,8428912,2024-03-16,France,88518,Sebastien Taofifenua,Prop,True,False,False,33,False,0.4125,2,1,0,0,0,0,0,1,0,0,0,6,1,0,0,2,0,0,0,1.0,,,False,missing,0.7277054368178718,0.0,0.0635593220338983,0.49340065242919223,1.2846654112809623,2.2846654112809626
2024,1266,5,8428912,2024-03-16,France,165192,Georges-Henri Colombe,Prop,True,False,False,19,False,0.2375,2,1,0,0,0,0,0,1,0,0,0,4,2,0,0,0,0,0,0,2.0,,,False,missing,0.4189819181678656,0.0,0.0635593220338983,0.49340065242919223,0.9759418926309562,2.9759418926309564
2024,1266,5,8428912,2024-03-16,France,58998,Romain Taofifenua,Second-row,True,True,False,33,False,0.4125,2,1,0,0,0,0,0,7,0,0,0,6,1,0,0,1,1,0,0,0.0,,,False,missing,0.7277054368178718,0.42532811536419945,0.24324324324324326,1.301319777877228,2.6975965733025427,2.6975965733025427
2024,1266,5,8428912,2024-03-16,France,146952,Alexandre Roumat,Second-row,True,True,False,19,False,0.2375,2,1,0,0,0,0,0,6,2,0,0,4,0,1,0,3,0,0,0,4.0,,,False,missing,0.4189819181678656,0.24488588460363,0.24324324324324326,1.301319777877228,2.208430823891967,6.208430823891967
2024,1266,5,8428912,2024-03-16,France,198624,Paul Boudehent,Back-row,True,True,False,11,False,0.1375,2,1,0,0,0,0,0,0,0,0,0,0,0,0,0,0,0,0,0,0.0,,,False,missing,0.24256847893929065,0.14177603845473316,0.39179104477611937,1.4831920462553747,2.259327608425518,2.259327608425518
2024,1266,5,8428912,2024-03-16,France,186162,Maxime Lucu,Scrum-half,False,False,False,14,False,0.175,2,1,0,0,0,0,0,12,0,0,0,2,1,0,0,17,0,0,0,2.0,,,False,missing,0.0,0.0,0.5128205128205129,1.376068376068376,1.8888888888888888,3.888888888888889
2024,1266,5,8428912,2024-03-16,France,196152,Yoram Moefana,Centre,False,False,False,21,False,0.2625,2,1,0,0,0,0,0,8,0,0,0,2,1,0,0,1,0,0,0,1.0,,,False,missing,0.0,0.0,0.3103448275862069,1.4896551724137947,1.8000000000000016,2.8000000000000016
2024,1266,5,8428912,2024-03-16,England,155724,George Furbank,Back-three,False,False,False,7,True,0.0875,3,1,0,0,0,0,0,0,0,0,0,0,1,0,0,1,0,0,0,1.0,,,False,missing,0.0,0.0,0.5072463768115941,0.9468599033816418,1.454106280193236,2.454106280193236
2024,1266,5,8428912,2024-03-16,England,213192,Tommy Freeman,Back-three,False,False,False,80,True,1.0,3,1,1,0,0,0,0,73,3,3,0,5,5,3,0,4,1,0,0,27.0,,,False,missing,0.0,0.0,0.5072463768115941,0.9468599033816418,1.454106280193236,28.454106280193237
2024,1266,5,8428912,2024-03-16,England,114534,Henry Slade,Centre,False,False,False,59,True,0.7375,3,1,0,1,0,0,0,4,0,0,0,2,2,0,0,4,0,0,0,6.0,,,False,missing,0.0,0.0,0.3103448275862069,1.4896551724137947,1.8000000000000016,7.800000000000002
2024,1266,5,8428912,2024-03-16,England,177378,Ollie Lawrence,Centre,False,False,False,80,True,1.0,3,1,2,0,0,0,0,36,2,2,0,7,6,4,0,0,0,0,0,33.0,,,False,missing,0.0,0.0,0.3103448275862069,1.4896551724137947,1.8000000000000016,34.800000000000004
2024,1266,5,8428912,2024-03-16,England,111072,Elliot Daly,Back-three,False,False,False,80,True,1.0,3,1,0,0,0,0,0,2,1,0,0,4,3,2,0,1,0,0,0,5.0,,,False,missing,0.0,0.0,0.5072463768115941,0.9468599033816418,1.454106280193236,6.454106280193236
2024,1266,5,8428912,2024-03-16,England,66258,George Ford,Fly-half,False,False,False,80,True,1.0,3,1,0,0,4,1,0,13,0,0,0,1,6,0,0,16,0,0,0,18.0,,,False,missing,0.0,0.0,0.6976744186046512,1.6627906976744176,2.3604651162790686,20.36046511627907
2024,1266,5,8428912,2024-03-16,England,142356,Alex Mitchell,Scrum-half,False,False,False,69,True,0.8625,3,1,0,1,0,0,0,0,0,0,0,2,1,2,0,34,0,0,0,5.0,,,False,missing,0.0,0.0,0.5128205128205129,1.376068376068376,1.8888888888888888,6.888888888888889
2024,1266,5,8428912,2024-03-16,England,136680,Ellis Genge,Prop,True,False,False,49,True,0.6125,3,1,0,0,0,0,0,23,0,0,0,4,5,1,0,2,2,0,0,5.0,,,False,missing,1.6207984729125329,0.0,0.0635593220338983,0.49340065242919223,2.1777584473756235,7.1777584473756235
2024,1266,5,8428912,2024-03-16,England,61134,Jamie George,Hooker,True,False,False,49,True,0.6125,3,1,0,0,0,0,0,0,0,0,0,1,6,1,0,0,0,0,0,6.0,,,False,missing,1.6207984729125329,0.0,0.1271186440677966,0.912244070268424,2.660161187248754,8.660161187248754
2024,1266,5,8428912,2024-03-16,England,54336,Dan Cole,Prop,True,False,False,49,True,0.6125,3,1,0,0,0,0,0,0,0,0,0,1,5,1,0,0,0,0,0,5.0,,,False,missing,1.6207984729125329,0.0,0.0635593220338983,0.49340065242919223,2.1777584473756235,7.1777584473756235
2024,1266,5,8428912,2024-03-16,England,122652,Maro Itoje,Second-row,True,True,False,80,True,1.0,3,1,0,0,0,0,0,12,2,0,0,5,7,2,1,2,0,0,0,17.0,,,False,missing,2.646201588428625,1.0310984614889684,0.24324324324324326,1.301319777877228,5.221863071038065,22.221863071038065
2024,1266,5,8428912,2024-03-16,England,213798,George Martin,Second-row,True,True,False,80,True,1.0,3,1,0,0,0,0,0,4,0,0,0,5,12,3,0,1,1,0,0,11.0,,,False,missing,2.646201588428625,1.0310984614889684,0.24324324324324326,1.301319777877228,5.221863071038065,16.221863071038065
2024,1266,5,8428912,2024-03-16,England,218742,Ollie Chessum,Second-row,True,True,False,54,True,0.675,3,1,0,0,0,0,0,3,1,0,0,2,11,3,0,3,1,0,0,12.0,,,False,missing,1.7861860721893221,0.6959914615050538,0.24324324324324326,1.301319777877228,4.026740554814848,16.026740554814847
2024,1266,5,8428912,2024-03-16,England,129660,Sam Underhill,Back-row,True,True,False,66,True,0.825,3,1,0,0,0,0,0,8,1,1,1,3,14,5,0,1,1,0,0,17.0,,,False,missing,2.1831163104536153,0.8506562307283989,0.39179104477611937,1.4831920462553747,4.908755632213508,21.90875563221351
2024,1266,5,8428912,2024-03-16,England,142404,Ben Earl,Back-row,True,True,False,80,True,1.0,3,1,0,1,0,0,0,38,4,1,0,11,19,1,1,4,1,0,0,38.0,,,False,missing,2.646201588428625,1.0310984614889684,0.39179104477611937,1.4831920462553747,5.552283140949087,43.552283140949086
2024,1266,5,8428912,2024-03-16,England,218844,Theo Dan,Hooker,True,False,False,31,False,0.3875,3,1,0,0,0,0,0,8,1,0,0,1,10,3,0,0,0,0,0,12.0,,,False,missing,1.0254031155160923,0.0,0.1271186440677966,0.912244070268424,2.0647658298523126,14.064765829852313
2024,1266,5,8428912,2024-03-16,England,97614,Joe Marler,Prop,True,False,False,31,False,0.3875,3,1,0,0,0,0,0,0,0,0,0,0,5,1,0,0,0,0,0,5.0,,,False,missing,1.0254031155160923,0.0,0.0635593220338983,0.49340065242919223,1.582363089979183,6.582363089979183
2024,1266,5,8428912,2024-03-16,England,144738,Will Stuart,Prop,True,False,False,31,False,0.3875,3,1,0,0,0,0,0,0,0,0,0,0,5,0,0,0,1,0,0,4.0,,,False,missing,1.0254031155160923,0.0,0.0635593220338983,0.49340065242919223,1.582363089979183,5.582363089979183
2024,1266,5,8428912,2024-03-16,England,209640,Ethan Roots,Back-row,True,True,False,26,False,0.325,3,1,0,0,0,0,0,0,0,0,0,0,9,1,0,0,0,0,0,9.0,,,False,missing,0.8600155162393032,0.33510699998391474,0.39179104477611937,1.4831920462553747,3.070105607254712,12.070105607254712
2024,1266,5,8428912,2024-03-16,England,164178,Alex Dombrandt,Back-row,True,True,False,14,False,0.175,3,1,0,0,0,0,0,0,0,0,0,1,2,0,0,0,0,0,0,2.0,,,False,missing,0.4630852779750093,0.18044223076056948,0.39179104477611937,1.4831920462553747,2.5185105997670725,4.5185105997670725
2024,1266,5,8428912,2024-03-16,England,45822,Danny Care,Scrum-half,False,False,False,11,False,0.1375,3,1,0,0,0,0,0,0,0,0,0,0,0,0,0,5,0,0,0,0.0,,,False,missing,0.0,0.0,0.5128205128205129,1.376068376068376,1.8888888888888888,1.8888888888888888
2024,1266,5,8428912,2024-03-16,England,156288,Marcus Smith,Fly-half,False,False,False,73,False,0.9125,3,1,1,1,0,0,0,66,3,0,1,8,1,2,1,3,2,0,0,32.0,,,False,missing,0.0,0.0,0.6976744186046512,1.6627906976744176,2.3604651162790686,34.360465116279066
2024,1266,5,8428912,2024-03-16,England,66192,Manu Tuilagi,Centre,False,False,False,21,False,0.2625,3,1,0,0,0,0,0,1,0,0,0,1,1,1,0,0,0,0,0,1.0,,,False,missing,0.0,0.0,0.3103448275862069,1.4896551724137947,1.8000000000000016,2.8000000000000016
2025,1266,1,8476108,2025-01-31,France,129822,Thomas Ramos,Back-three,False,False,True,66,True,0.825,5,0,0,1,4,0,0,49,3,1,1,9,3,1,0,10,0,0,0,27.0,37.0,0.0,True,official_workbook_name_identity,0.0,0.0,0.0,0.9468599033816418,0.9468599033816418,27.946859903381643
2025,1266,1,8476108,2025-01-31,France,339450,Theo Attissogbe,Back-three,False,False,True,80,True,1.0,5,0,2,0,0,0,0,53,1,3,1,5,7,1,0,1,0,0,0,36.0,38.0,0.0,True,official_workbook_name_identity,0.0,0.0,0.0,0.9468599033816418,0.9468599033816418,36.94685990338164
2025,1266,1,8476108,2025-01-31,France,162150,Pierre-Louis Barassi,Centre,False,False,True,80,True,1.0,5,0,0,0,0,0,0,19,0,0,2,7,15,0,0,5,0,0,0,20.0,22.0,0.0,True,official_workbook_name_identity,0.0,0.0,0.0,1.4896551724137947,1.4896551724137947,21.489655172413794
2025,1266,1,8476108,2025-01-31,France,196152,Yoram Moefana,Centre,False,False,True,80,True,1.0,5,0,0,0,0,0,0,26,1,0,0,6,17,1,0,6,0,0,0,21.0,21.0,0.0,True,official_workbook_name_identity,0.0,0.0,0.0,1.4896551724137947,1.4896551724137947,22.489655172413794
2025,1266,1,8476108,2025-01-31,France,231684,Louis Bielle-Biarrey,Back-three,False,False,True,80,True,1.0,5,0,2,0,0,0,0,26,5,1,1,8,4,0,1,3,0,0,0,43.0,41.0,0.0,True,official_workbook_name_identity,0.0,0.0,0.0,0.9468599033816418,0.9468599033816418,43.94685990338164
2025,1266,1,8476108,2025-01-31,France,165180,Romain Ntamack,Fly-half,False,False,True,80,True,1.0,5,0,0,1,0,0,0,27,2,1,1,6,8,0,0,17,1,0,1,11.0,13.0,0.0,True,official_workbook_name_identity,0.0,0.0,0.0,1.6627906976744176,1.6627906976744176,12.662790697674417
2025,1266,1,8476108,2025-01-31,France,135318,Antoine Dupont,Scrum-half,False,False,True,49,True,0.6125,5,0,0,3,0,0,0,58,4,1,1,12,4,0,0,61,1,0,0,30.0,31.0,0.0,True,official_workbook_name_identity,0.0,0.0,0.0,1.376068376068376,1.376068376068376,31.376068376068375
2025,1266,1,8476108,2025-01-31,France,178704,Jean-Baptiste Gros,Prop,True,False,True,49,True,0.6125,5,0,0,0,0,0,0,15,3,0,0,10,9,0,1,2,0,0,0,21.0,20.0,0.0,True,official_workbook_name_identity,2.701330788187555,0.0,0.0,0.49340065242919223,3.194731440616747,24.194731440616746
2025,1266,1,8476108,2025-01-31,France,147480,Peato Mauvaka,Hooker,True,False,True,49,True,0.6125,5,0,0,0,0,0,0,18,0,0,0,7,11,0,0,2,0,0,0,12.0,15.0,0.0,True,official_workbook_name_identity,2.701330788187555,0.0,0.0,0.912244070268424,3.613574858455979,15.61357485845598
2025,1266,1,8476108,2025-01-31,France,133446,Uini Atonio,Prop,True,False,True,49,True,0.6125,5,0,0,0,0,0,0,5,0,0,0,5,6,1,0,1,0,0,0,6.0,9.0,0.0,True,official_workbook_name_identity,2.701330788187555,0.0,0.0,0.49340065242919223,3.194731440616747,9.194731440616748
2025,1266,1,8476108,2025-01-31,France,146952,Alexandre Roumat,Second-row,True,True,True,49,True,0.6125,5,0,0,0,0,0,0,4,0,0,0,6,7,1,0,2,1,0,0,6.0,8.0,0.0,True,official_workbook_name_identity,2.701330788187555,0.0,0.0,1.301319777877228,4.002650566064783,10.002650566064784
2025,1266,1,8476108,2025-01-31,France,166476,Emmanuel Meafou,Second-row,True,True,True,49,True,0.6125,5,0,0,0,0,0,0,11,1,0,1,10,10,0,0,2,0,0,0,15.0,19.0,0.0,True,official_workbook_name_identity,2.701330788187555,0.0,0.0,1.301319777877228,4.002650566064783,19.002650566064784
2025,1266,1,8476108,2025-01-31,France,123366,Francois Cros,Back-row,True,True,True,60,True,0.75,5,0,0,0,0,0,0,2,0,0,1,1,14,1,0,1,0,0,0,16.0,17.0,0.0,True,official_workbook_name_identity,3.307751985535781,0.0,0.0,1.4831920462553747,4.790944031791156,20.790944031791156
2025,1266,1,8476108,2025-01-31,France,198624,Paul Boudehent,Back-row,True,True,True,80,True,1.0,5,0,0,0,0,0,0,3,0,0,0,4,14,0,0,1,0,0,0,14.0,18.0,0.0,True,official_workbook_name_identity,4.410335980714375,0.0,0.0,1.4831920462553747,5.89352802696975,19.89352802696975
2025,1266,1,8476108,2025-01-31,France,176748,Gregory Alldritt,Back-row,True,True,True,80,True,1.0,5,0,1,0,0,0,0,64,2,0,1,18,19,1,0,9,0,0,0,46.0,71.0,1.0,True,official_workbook_name_identity,4.410335980714375,0.0,15.0,1.4831920462553747,20.89352802696975,66.89352802696975
2025,1266,1,8476108,2025-01-31,France,135138,Julien Marchand,Hooker,True,False,True,31,False,0.3875,5,0,1,0,0,0,0,12,1,0,1,6,6,1,0,2,0,0,0,26.0,27.0,0.0,True,official_workbook_name_identity,1.7090051925268204,0.0,0.0,0.912244070268424,2.6212492627952444,28.621249262795246
2025,1266,1,8476108,2025-01-31,France,121938,Cyril Baille,Prop,True,False,True,31,False,0.3875,5,0,0,0,0,0,0,16,0,0,0,6,4,0,0,1,0,0,0,5.0,8.0,0.0,True,official_workbook_name_identity,1.7090051925268204,0.0,0.0,0.49340065242919223,2.2024058449560124,7.202405844956012
2025,1266,1,8476108,2025-01-31,France,165192,Georges-Henri Colombe,Prop,True,False,True,31,False,0.3875,5,0,0,0,0,0,0,2,0,0,1,4,4,0,0,1,0,0,0,6.0,,,False,missing,1.7090051925268204,0.0,0.0635593220338983,0.49340065242919223,2.265965166989911,8.265965166989911
2025,1266,1,8476108,2025-01-31,France,238278,Hugo Auradou,Second-row,True,True,True,31,False,0.3875,5,0,0,0,0,0,0,0,0,0,0,0,6,0,0,0,0,0,0,6.0,7.0,0.0,True,official_workbook_name_identity,1.7090051925268204,0.0,0.0,1.301319777877228,3.0103249704040485,9.01032497040405
2025,1266,1,8476108,2025-01-31,France,219930,Mickael Guillard,Second-row,True,True,True,31,False,0.3875,5,0,0,0,0,0,0,11,1,0,0,6,7,1,0,0,0,0,0,10.0,12.0,0.0,True,official_workbook_name_identity,1.7090051925268204,0.0,0.0,1.301319777877228,3.0103249704040485,13.01032497040405
2025,1266,1,8476108,2025-01-31,France,242478,Oscar Jegou,Back-row,True,True,True,20,False,0.25,5,0,0,0,0,0,0,0,0,0,0,1,4,0,0,1,0,0,0,4.0,5.0,0.0,True,official_workbook_name_identity,1.1025839951785938,0.0,0.0,1.4831920462553747,2.5857760414339683,6.585776041433968
2025,1266,1,8476108,2025-01-31,France,219972,Nolann Le Garrec,Scrum-half,False,False,True,31,False,0.3875,5,0,0,0,0,0,0,2,0,0,1,2,5,1,0,18,0,0,0,7.0,5.0,0.0,True,official_workbook_name_identity,0.0,0.0,0.0,1.376068376068376,1.376068376068376,8.376068376068377
2025,1266,1,8476108,2025-01-31,France,231696,Emilien Gailleton,Centre,False,False,True,14,False,0.175,5,0,1,0,0,0,0,2,2,1,0,1,3,1,0,0,0,0,0,17.0,,,False,missing,0.0,0.0,0.3103448275862069,1.4896551724137947,1.8000000000000016,18.8
2025,1266,1,8476108,2025-01-31,Wales,111690,Liam Williams,Back-three,False,False,True,80,True,1.0,9,0,0,0,0,0,0,37,0,0,0,9,8,1,1,6,0,0,0,16.0,,,False,missing,0.0,0.0,0.5072463768115941,0.9468599033816418,1.454106280193236,17.454106280193237
2025,1266,1,8476108,2025-01-31,Wales,177600,Tom Rogers,Back-three,False,False,True,61,True,0.7625,9,0,0,0,0,0,0,44,1,1,0,6,3,2,0,0,0,0,0,9.0,9.0,0.0,True,official_workbook_name_identity,0.0,0.0,0.0,0.9468599033816418,0.9468599033816418,9.946859903381641
2025,1266,1,8476108,2025-01-31,Wales,120162,Nick Tompkins,Centre,False,False,True,80,True,1.0,9,0,0,0,0,0,0,32,2,1,2,10,8,3,0,11,0,0,0,19.0,21.0,0.0,True,official_workbook_name_identity,0.0,0.0,0.0,1.4896551724137947,1.4896551724137947,20.489655172413794
2025,1266,1,8476108,2025-01-31,Wales,136476,Owen Watkin,Centre,False,False,True,26,True,0.325,9,0,0,0,0,0,0,14,0,0,0,4,2,1,1,6,0,0,0,8.0,,,False,missing,0.0,0.0,0.3103448275862069,1.4896551724137947,1.8000000000000016,9.8
2025,1266,1,8476108,2025-01-31,Wales,129096,Josh Adams,Back-three,False,False,True,80,True,1.0,9,0,0,0,0,0,0,30,0,1,1,11,3,3,0,4,1,0,0,7.0,10.0,0.0,True,official_workbook_name_identity,0.0,0.0,0.0,0.9468599033816418,0.9468599033816418,7.946859903381641
2025,1266,1,8476108,2025-01-31,Wales,154968,Ben Thomas,Centre,False,False,True,80,True,1.0,9,0,0,0,0,0,0,59,2,1,0,16,7,0,0,23,0,0,0,16.0,21.0,0.0,True,official_workbook_name_identity,0.0,0.0,0.0,1.4896551724137947,1.4896551724137947,17.489655172413794
2025,1266,1,8476108,2025-01-31,Wales,128628,Tomos Williams,Scrum-half,False,False,True,70,True,0.875,9,0,0,0,0,0,0,11,0,0,1,8,8,1,0,96,1,0,0,10.0,10.0,0.0,True,official_workbook_name_identity,0.0,0.0,0.0,1.376068376068376,1.376068376068376,11.376068376068377
2025,1266,1,8476108,2025-01-31,Wales,119118,Gareth Thomas,Prop,True,False,True,45,True,0.5625,9,0,0,0,0,0,0,2,0,0,0,2,17,2,0,2,2,0,0,15.0,18.0,0.0,True,official_workbook_name_identity,4.465465180473305,0.0,0.0,0.49340065242919223,4.958865832902497,19.958865832902497
2025,1266,1,8476108,2025-01-31,Wales,232134,Evan Lloyd,Hooker,True,False,True,45,True,0.5625,9,0,0,0,0,0,0,6,1,0,0,8,7,1,0,1,2,1,0,2.0,8.0,0.0,True,official_workbook_name_identity,4.465465180473305,0.0,0.0,0.912244070268424,5.377709250741729,7.377709250741729
2025,1266,1,8476108,2025-01-31,Wales,110982,Henry Thomas,Prop,True,False,True,45,True,0.5625,9,0,0,0,0,0,0,5,0,0,0,3,12,0,0,3,0,0,0,12.0,16.0,0.0,True,official_workbook_name_identity,4.465465180473305,0.0,0.0,0.49340065242919223,4.958865832902497,16.958865832902497
2025,1266,1,8476108,2025-01-31,Wales,122568,Will Rowlands,Second-row,True,True,True,80,True,1.0,9,0,0,0,0,0,0,7,1,0,0,13,18,1,0,3,0,0,0,20.0,31.0,0.0,True,official_workbook_name_identity,7.938604765285875,0.0,0.0,1.301319777877228,9.239924543163104,29.239924543163106
2025,1266,1,8476108,2025-01-31,Wales,232104,Dafydd Jenkins,Second-row,True,True,True,80,True,1.0,9,0,0,0,0,0,0,3,0,0,0,8,24,4,1,7,0,0,0,29.0,35.0,0.0,True,official_workbook_name_identity,7.938604765285875,0.0,0.0,1.301319777877228,9.239924543163104,38.239924543163106
2025,1266,1,8476108,2025-01-31,Wales,154938,James Botham,Back-row,True,True,True,63,True,0.7875,9,0,0,0,0,0,0,5,0,0,0,5,11,0,0,3,1,0,0,10.0,18.0,0.0,True,official_workbook_name_identity,6.251651252662626,0.0,0.0,1.4831920462553747,7.734843298918,17.734843298918
2025,1266,1,8476108,2025-01-31,Wales,203070,Jac Morgan,Back-row,True,True,True,80,True,1.0,9,0,0,0,0,0,0,81,3,1,1,15,21,2,0,4,0,0,0,37.0,49.0,0.0,True,official_workbook_name_identity,7.938604765285875,0.0,0.0,1.4831920462553747,9.42179681154125,46.42179681154125
2025,1266,1,8476108,2025-01-31,Wales,176652,Aaron Wainwright,Back-row,True,True,True,3,True,0.0375,9,0,0,0,0,0,0,0,0,0,0,1,1,1,0,0,0,0,0,1.0,0.0,0.0,True,official_workbook_name_identity,0.2976976786982203,0.0,0.0,1.4831920462553747,1.780889724953595,2.780889724953595
2025,1266,1,8476108,2025-01-31,Wales,122628,Elliot Dee,Hooker,True,False,True,3,False,0.0375,9,0,0,0,0,0,0,1,0,0,0,7,9,0,0,9,1,0,0,8.0,14.0,0.0,True,official_workbook_name_identity,0.2976976786982203,0.0,0.0,0.912244070268424,1.2099417489666444,9.209941748966644
2025,1266,1,8476108,2025-01-31,Wales,121974,Nicky Smith,Prop,True,False,True,35,False,0.4375,9,0,0,0,0,0,0,5,1,0,0,6,4,0,0,3,0,0,0,6.0,11.0,0.0,True,official_workbook_name_identity,3.47313958481257,0.0,0.0,0.49340065242919223,3.9665402372417624,9.966540237241762
2025,1266,1,8476108,2025-01-31,Wales,144480,Keiron Assiratti,Prop,True,False,True,35,False,0.4375,9,0,0,0,0,0,0,0,0,0,0,1,3,1,0,1,1,0,0,2.0,6.0,0.0,True,official_workbook_name_identity,3.47313958481257,0.0,0.0,0.49340065242919223,3.9665402372417624,5.966540237241762
2025,1266,1,8476108,2025-01-31,Wales,226926,Freddie Thomas,Second-row,True,True,True,17,False,0.2125,9,0,0,0,0,0,0,0,0,0,0,3,1,1,0,0,1,1,0,-5.0,-2.0,0.0,True,official_workbook_name_identity,1.6869535126232482,0.0,0.0,1.301319777877228,2.9882732905004765,-2.0117267094995235
2025,1266,1,8476108,2025-01-31,Wales,155826,Tommy Reffell,Back-row,True,True,True,34,False,0.425,9,0,0,0,0,0,0,20,0,0,0,10,13,1,0,2,0,0,0,15.0,29.0,0.0,True,official_workbook_name_identity,3.3739070252464964,0.0,0.0,1.4831920462553747,4.857099071501871,19.85709907150187
2025,1266,1,8476108,2025-01-31,Wales,116400,Rhodri Williams,Scrum-half,False,False,True,10,False,0.125,9,0,0,0,0,0,0,2,0,0,0,3,1,0,0,21,0,0,0,1.0,1.0,0.0,True,official_workbook_name_identity,0.0,0.0,0.0,1.376068376068376,1.376068376068376,2.376068376068376
2025,1266,1,8476108,2025-01-31,Wales,263442,Dan Edwards,Fly-half,False,False,True,54,False,0.675,9,0,0,0,0,0,0,24,0,0,0,6,7,1,0,26,1,0,0,8.0,9.0,0.0,True,official_workbook_name_identity,0.0,0.0,0.0,1.6627906976744176,1.6627906976744176,9.662790697674417
2025,1266,1,8476108,2025-01-31,Wales,197892,Blair Murray,Back-three,False,False,True,19,False,0.2375,9,0,0,0,0,0,0,15,0,0,0,3,0,0,0,2,0,0,0,1.0,2.0,0.0,True,official_workbook_name_identity,0.0,0.0,0.0,0.9468599033816418,0.9468599033816418,1.9468599033816418
2025,1266,1,8476117,2025-02-01,Scotland,139902,Blair Kinghorn,Back-three,False,False,True,80,True,1.0,5,0,0,0,0,0,0,110,4,1,2,18,2,1,0,12,1,0,0,24.0,28.0,0.0,True,official_workbook_name_identity,0.0,0.0,0.0,0.9468599033816418,0.9468599033816418,24.946859903381643
2025,1266,1,8476117,2025-02-01,Scotland,146754,Darcy Graham,Back-three,False,False,True,72,True,0.9,5,0,0,1,0,0,0,107,11,3,0,9,4,0,0,3,0,0,0,40.0,41.0,0.0,True,official_workbook_name_identity,0.0,0.0,0.0,0.9468599033816418,0.9468599033816418,40.94685990338164
2025,1266,1,8476117,2025-02-01,Scotland,136776,Huw Jones,Centre,False,False,True,80,True,1.0,5,0,3,0,0,0,0,81,2,0,0,13,7,1,0,6,0,0,0,49.0,66.0,1.0,True,official_workbook_name_identity,0.0,0.0,15.0,1.4896551724137947,16.489655172413794,65.48965517241379
2025,1266,1,8476117,2025-02-01,Scotland,163866,Stafford McDowall,Centre,False,False,True,56,True,0.7,5,0,0,0,0,0,0,5,0,0,0,5,6,2,0,3,0,0,0,6.0,7.0,0.0,True,official_workbook_name_identity,0.0,0.0,0.0,1.4896551724137947,1.4896551724137947,7.489655172413794
2025,1266,1,8476117,2025-02-01,Scotland,131400,Duhan van der Merwe,Back-three,False,False,True,80,True,1.0,5,0,0,0,0,0,0,75,4,2,1,9,6,0,0,3,0,0,0,23.0,27.0,0.0,True,official_workbook_name_identity,0.0,0.0,0.0,0.9468599033816418,0.9468599033816418,23.946859903381643
2025,1266,1,8476117,2025-02-01,Scotland,117894,Finn Russell,Fly-half,False,False,True,80,True,1.0,5,0,0,0,3,0,0,15,3,0,0,5,4,3,0,31,1,0,0,16.0,19.0,0.0,True,official_workbook_name_identity,0.0,0.0,0.0,1.6627906976744176,1.6627906976744176,17.662790697674417
2025,1266,1,8476117,2025-02-01,Scotland,142476,Ben White,Scrum-half,False,False,True,56,True,0.7,5,0,1,1,0,0,0,5,0,0,0,2,3,1,0,89,0,0,0,17.0,17.0,0.0,True,official_workbook_name_identity,0.0,0.0,0.0,1.376068376068376,1.376068376068376,18.376068376068375
2025,1266,1,8476117,2025-02-01,Scotland,130290,Pierre Schoeman,Prop,True,False,True,51,True,0.6375,5,0,0,0,0,0,0,22,0,1,0,15,4,1,0,2,1,0,0,5.0,10.0,0.0,True,official_workbook_name_identity,2.811589187705414,0.0,0.0,0.49340065242919223,3.3049898401346063,8.304989840134606
2025,1266,1,8476117,2025-02-01,Scotland,111864,Dave Cherry,Hooker,True,False,True,50,True,0.625,5,0,0,1,0,0,0,14,0,0,1,7,7,0,0,4,0,0,0,14.0,16.0,0.0,True,official_workbook_name_identity,2.756459987946484,0.0,0.0,0.912244070268424,3.6687040582149084,17.668704058214907
2025,1266,1,8476117,2025-02-01,Scotland,130530,Zander Fagerson,Prop,True,False,True,68,True,0.85,5,0,0,0,0,0,0,8,1,0,1,16,6,0,0,5,0,0,0,10.0,19.0,0.0,True,official_workbook_name_identity,3.748785583607219,0.0,0.0,0.49340065242919223,4.242186236036411,14.24218623603641
2025,1266,1,8476117,2025-02-01,Scotland,117852,Jonny Gray,Second-row,True,True,True,56,True,0.7,5,0,0,0,0,0,0,12,1,0,4,10,4,0,0,10,1,0,0,14.0,17.0,0.0,True,official_workbook_name_identity,3.0872351865000622,0.0,0.0,1.301319777877228,4.38855496437729,18.388554964377292
2025,1266,1,8476117,2025-02-01,Scotland,102762,Grant Gilchrist,Second-row,True,True,True,80,True,1.0,5,0,0,0,0,0,0,8,1,0,1,8,10,0,0,6,0,0,0,14.0,22.0,0.0,True,official_workbook_name_identity,4.410335980714375,0.0,0.0,1.301319777877228,5.711655758591603,19.711655758591604
2025,1266,1,8476117,2025-02-01,Scotland,130536,Jamie Ritchie,Back-row,True,True,True,50,True,0.625,5,0,0,0,0,0,0,4,1,1,0,5,6,0,0,4,0,0,0,8.0,11.0,0.0,True,official_workbook_name_identity,2.756459987946484,0.0,0.0,1.4831920462553747,4.239652034201859,12.239652034201859
2025,1266,1,8476117,2025-02-01,Scotland,180222,Rory Darge,Back-row,True,True,True,80,True,1.0,5,0,1,0,0,0,0,22,2,0,3,13,13,1,1,3,0,0,0,45.0,52.0,0.0,True,official_workbook_name_identity,4.410335980714375,0.0,0.0,1.4831920462553747,5.89352802696975,50.89352802696975
2025,1266,1,8476117,2025-02-01,Scotland,161856,Matt Fagerson,Back-row,True,True,True,80,True,1.0,5,0,0,0,0,0,0,22,0,0,1,15,10,1,1,4,2,0,0,17.0,20.0,0.0,True,official_workbook_name_identity,4.410335980714375,0.0,0.0,1.4831920462553747,5.89352802696975,22.89352802696975
2025,1266,1,8476117,2025-02-01,Scotland,187422,Ewan Ashman,Hooker,True,False,True,30,False,0.375,5,0,0,0,0,0,0,1,0,0,0,3,11,0,0,0,0,0,0,11.0,17.0,0.0,True,official_workbook_name_identity,1.6538759927678905,0.0,0.0,0.912244070268424,2.5661200630363146,13.566120063036315
2025,1266,1,8476117,2025-02-01,Scotland,134172,Rory Sutherland,Prop,True,False,True,29,False,0.3625,5,0,0,0,0,0,0,2,0,0,0,4,3,0,0,0,0,0,0,3.0,9.0,0.0,True,official_workbook_name_identity,1.598746793008961,0.0,0.0,0.49340065242919223,2.0921474454381532,5.092147445438153
2025,1266,1,8476117,2025-02-01,Scotland,203400,Will Hurd,Prop,True,False,True,12,False,0.15,5,0,0,0,0,0,0,0,0,0,0,0,3,2,0,0,1,0,0,2.0,4.0,0.0,True,official_workbook_name_identity,0.6615503971071562,0.0,0.0,0.49340065242919223,1.1549510495363484,3.1549510495363484
2025,1266,1,8476117,2025-02-01,Scotland,220296,Gregor Brown,Second-row,True,True,True,24,False,0.3,5,0,0,0,0,0,0,0,0,0,0,2,10,0,0,0,0,0,0,10.0,14.0,0.0,True,official_workbook_name_identity,1.3231007942143125,0.0,0.0,1.301319777877228,2.6244205720915406,12.624420572091541
2025,1266,1,8476117,2025-02-01,Scotland,124308,Jack Dempsey,Back-row,True,True,True,30,False,0.375,5,0,0,0,0,0,0,20,0,0,0,4,6,1,0,1,0,0,0,8.0,17.0,0.0,True,official_workbook_name_identity,1.6538759927678905,0.0,0.0,1.4831920462553747,3.1370680390232653,11.137068039023266
2025,1266,1,8476117,2025-02-01,Scotland,129792,George Horne,Scrum-half,False,False,True,24,False,0.3,5,0,0,0,0,0,0,0,0,0,0,1,2,0,0,12,0,0,0,2.0,2.0,0.0,True,official_workbook_name_identity,0.0,0.0,0.0,1.376068376068376,1.376068376068376,3.376068376068376
2025,1266,1,8476117,2025-02-01,Scotland,242766,Tom Jordan,Centre,False,False,True,24,False,0.3,5,0,0,1,0,0,0,6,0,0,0,1,5,2,1,2,0,0,0,14.0,9.0,0.0,True,official_workbook_name_identity,0.0,0.0,0.0,1.4896551724137947,1.4896551724137947,15.489655172413794
2025,1266,1,8476117,2025-02-01,Scotland,179370,Kyle Rowe,Back-three,False,False,True,8,False,0.1,5,0,0,0,0,0,0,0,0,0,0,0,0,0,0,0,0,0,0,0.0,0.0,0.0,True,official_workbook_name_identity,0.0,0.0,0.0,0.9468599033816418,0.9468599033816418,0.9468599033816418
2025,1266,1,8476117,2025-02-01,Italy,117834,Tommaso Allan,Back-three,False,False,True,80,True,1.0,5,0,0,0,1,4,0,22,0,0,1,4,1,2,0,6,0,0,0,19.0,20.0,0.0,True,official_workbook_name_identity,0.0,0.0,0.0,0.9468599033816418,0.9468599033816418,19.946859903381643
2025,1266,1,8476117,2025-02-01,Italy,207774,Ange Capuozzo,Back-three,False,False,True,80,True,1.0,5,0,0,0,0,0,0,24,2,0,0,6,7,1,0,0,0,0,0,13.0,14.0,0.0,True,official_workbook_name_identity,0.0,0.0,0.0,0.9468599033816418,0.9468599033816418,13.946859903381641
2025,1266,1,8476117,2025-02-01,Italy,118614,Juan Ignacio Brex,Centre,False,False,True,80,True,1.0,5,0,1,0,0,0,0,68,0,1,0,3,10,5,0,15,0,0,0,26.0,27.0,0.0,True,official_workbook_name_identity,0.0,0.0,0.0,1.4896551724137947,1.4896551724137947,27.489655172413794
2025,1266,1,8476117,2025-02-01,Italy,226818,Tommaso Menoncello,Centre,False,False,True,80,True,1.0,5,0,0,0,0,0,0,64,3,0,2,10,14,1,1,7,1,0,0,34.0,39.0,0.0,True,official_workbook_name_identity,0.0,0.0,0.0,1.4896551724137947,1.4896551724137947,35.4896551724138
2025,1266,1,8476117,2025-02-01,Italy,134016,Monty Ioane,Back-three,False,False,True,67,True,0.8375,5,0,0,0,0,0,0,24,2,0,0,6,5,2,0,1,0,0,0,11.0,12.0,0.0,True,official_workbook_name_identity,0.0,0.0,0.0,0.9468599033816418,0.9468599033816418,11.946859903381641
2025,1266,1,8476117,2025-02-01,Italy,203034,Paolo Garbisi,Fly-half,False,False,True,80,True,1.0,5,0,0,0,0,0,0,39,0,1,0,8,7,2,0,18,0,0,0,10.0,17.0,0.0,True,official_workbook_name_identity,0.0,0.0,0.0,1.6627906976744176,1.6627906976744176,11.662790697674417
2025,1266,1,8476117,2025-02-01,Italy,223740,Martin Page-Relo,Scrum-half,False,False,True,62,True,0.775,5,0,0,0,0,0,0,7,0,0,0,1,2,1,0,29,0,0,0,2.0,3.0,0.0,True,official_workbook_name_identity,0.0,0.0,0.0,1.376068376068376,1.376068376068376,3.376068376068376
2025,1266,1,8476117,2025-02-01,Italy,164232,Danilo Fischetti,Prop,True,False,True,67,True,0.8375,5,0,0,0,0,0,0,4,0,0,1,3,15,1,0,1,1,0,0,16.0,26.0,0.0,True,official_workbook_name_identity,3.693656383848289,0.0,0.0,0.49340065242919223,4.187057036277481,20.18705703627748
2025,1266,1,8476117,2025-02-01,Italy,226836,Giacomo Nicotera,Hooker,True,False,True,51,True,0.6375,5,0,0,0,0,0,0,0,0,0,0,0,20,2,0,1,0,0,0,20.0,23.0,0.0,True,official_workbook_name_identity,2.811589187705414,0.0,0.0,0.912244070268424,3.723833257973838,23.723833257973837
2025,1266,1,8476117,2025-02-01,Italy,123210,Simone Ferrari,Prop,True,False,True,50,True,0.625,5,0,0,0,0,0,0,0,0,0,0,0,14,2,1,0,0,0,0,19.0,17.0,0.0,True,official_workbook_name_identity,2.756459987946484,0.0,0.0,0.49340065242919223,3.2498606403756765,22.249860640375676
2025,1266,1,8476117,2025-02-01,Italy,142434,Dino Lamb,Second-row,True,True,True,54,True,0.675,5,0,0,0,0,0,0,0,0,0,0,0,11,2,0,1,0,0,0,11.0,14.0,0.0,True,official_workbook_name_identity,2.976976786982203,0.0,0.0,1.301319777877228,4.278296564859431,15.278296564859431
2025,1266,1,8476117,2025-02-01,Italy,129234,Federico Ruzza,Second-row,True,True,True,42,True,0.525,5,0,0,0,0,0,0,9,0,0,0,3,11,1,0,4,0,0,0,11.0,15.0,0.0,True,official_workbook_name_identity,2.315426389875047,0.0,0.0,1.301319777877228,3.616746167752275,14.616746167752275
2025,1266,1,8476117,2025-02-01,Italy,129216,Sebastian Negri,Back-row,True,True,True,80,True,1.0,5,0,0,0,0,0,0,21,1,0,0,11,26,1,0,7,2,0,0,28.0,33.0,0.0,True,official_workbook_name_identity,4.410335980714375,0.0,0.0,1.4831920462553747,5.89352802696975,33.89352802696975
2025,1266,1,8476117,2025-02-01,Italy,164220,Michele Lamaro,Back-row,True,True,True,62,True,0.775,5,0,0,0,0,0,0,0,0,0,0,2,19,2,0,3,0,0,0,19.0,23.0,0.0,True,official_workbook_name_identity,3.4180103850536407,0.0,0.0,1.4831920462553747,4.901202431309016,23.901202431309017
2025,1266,1,8476117,2025-02-01,Italy,220140,Lorenzo Cannone,Back-row,True,True,True,54,True,0.675,5,0,0,0,0,0,0,50,0,0,0,6,14,1,1,4,1,0,0,23.0,22.0,0.0,True,official_workbook_name_identity,2.976976786982203,0.0,0.0,1.4831920462553747,4.460168833237578,27.460168833237578
2025,1266,1,8476117,2025-02-01,Italy,202980,Gianmarco Lucchesi,Hooker,True,False,True,29,False,0.3625,5,0,0,0,0,0,0,2,2,0,0,8,9,0,0,1,1,0,0,12.0,13.0,0.0,True,official_workbook_name_identity,1.598746793008961,0.0,0.0,0.912244070268424,2.510990863277385,14.510990863277385
2025,1266,1,8476117,2025-02-01,Italy,231762,Luca Rizzoli,Prop,True,False,True,13,False,0.1625,5,0,0,0,0,0,0,0,0,0,1,2,1,0,0,3,0,0,0,3.0,,,False,missing,0.716679596866086,0.0,0.0635593220338983,0.49340065242919223,1.2736395713291766,4.273639571329177
2025,1266,1,8476117,2025-02-01,Italy,144684,Marco Riccioni,Prop,True,False,True,30,False,0.375,5,0,0,0,0,0,0,0,0,0,0,2,6,1,0,2,0,0,0,6.0,7.0,0.0,True,official_workbook_name_identity,1.6538759927678905,0.0,0.0,0.49340065242919223,2.1472766451970826,8.147276645197083
2025,1266,1,8476117,2025-02-01,Italy,167196,Niccolo Cannone,Second-row,True,True,True,38,False,0.475,5,0,0,0,0,0,0,0,0,0,0,4,9,0,0,0,0,0,0,9.0,10.0,0.0,True,official_workbook_name_identity,2.094909590839328,0.0,0.0,1.301319777877228,3.396229368716556,12.396229368716556
2025,1266,1,8476117,2025-02-01,Italy,204054,Manuel Zuliani,Back-row,True,True,True,18,False,0.225,5,0,0,0,0,0,0,9,3,0,0,6,2,0,0,1,0,0,0,8.0,11.0,0.0,True,official_workbook_name_identity,0.9923255956607344,0.0,0.0,1.4831920462553747,2.475517641916109,10.47551764191611
2025,1266,1,8476117,2025-02-01,Italy,231840,Ross Vintcent,Back-row,True,True,True,26,False,0.325,5,0,0,0,0,0,0,18,0,1,0,6,3,2,0,2,0,0,0,4.0,5.0,0.0,True,official_workbook_name_identity,1.433359193732172,0.0,0.0,1.4831920462553747,2.9165512399875464,6.916551239987546
2025,1266,1,8476117,2025-02-01,Italy,231774,Alessandro Garbisi,Scrum-half,False,False,True,18,False,0.225,5,0,0,0,0,0,0,0,0,0,0,0,2,1,0,36,0,0,0,2.0,2.0,0.0,True,official_workbook_name_identity,0.0,0.0,0.0,1.376068376068376,1.376068376068376,3.376068376068376
2025,1266,1,8476117,2025-02-01,Italy,231810,Simone Gesi,Back-three,False,False,True,13,False,0.1625,5,0,0,0,0,0,0,17,3,1,0,4,0,0,0,1,0,0,0,7.0,9.0,0.0,True,official_workbook_name_identity,0.0,0.0,0.0,0.9468599033816418,0.9468599033816418,7.946859903381641
2025,1266,1,8476126,2025-02-01,Ireland,143496,Hugo Keenan,Back-three,False,False,True,80,True,1.0,5,0,0,0,0,0,0,40,0,0,1,11,4,0,0,5,0,0,0,10.0,14.0,0.0,True,official_workbook_name_identity,0.0,0.0,0.0,0.9468599033816418,0.9468599033816418,10.946859903381641
2025,1266,1,8476126,2025-02-01,Ireland,166674,Mack Hansen,Back-three,False,False,True,3,True,0.0375,5,0,0,0,0,0,0,28,4,0,1,8,5,1,0,2,2,0,0,15.0,19.0,0.0,True,official_workbook_name_identity,0.0,0.0,0.0,0.9468599033816418,0.9468599033816418,15.946859903381641
2025,1266,1,8476126,2025-02-01,Ireland,129372,Garry Ringrose,Centre,False,False,True,80,True,1.0,5,0,0,0,0,0,0,22,1,1,0,6,12,3,1,6,0,0,0,21.0,17.0,0.0,True,official_workbook_name_identity,0.0,0.0,0.0,1.4896551724137947,1.4896551724137947,22.489655172413794
2025,1266,1,8476126,2025-02-01,Ireland,114804,Bundee Aki,Centre,False,False,True,57,True,0.7125,5,0,1,0,0,0,0,26,3,1,1,10,6,2,0,5,0,0,0,26.0,31.0,0.0,True,official_workbook_name_identity,0.0,0.0,0.0,1.4896551724137947,1.4896551724137947,27.489655172413794
2025,1266,1,8476126,2025-02-01,Ireland,120468,James Lowe,Back-three,False,False,True,80,True,1.0,5,0,0,3,0,0,0,123,3,5,1,13,5,0,1,10,0,0,0,42.0,41.0,0.0,True,official_workbook_name_identity,0.0,0.0,0.0,0.9468599033816418,0.9468599033816418,42.94685990338164
2025,1266,1,8476126,2025-02-01,Ireland,337638,Sam Prendergast,Fly-half,False,False,True,58,True,0.725,5,0,0,1,0,1,0,20,2,1,0,3,1,2,0,21,0,0,0,14.0,14.0,0.0,True,official_workbook_name_identity,0.0,0.0,0.0,1.6627906976744176,1.6627906976744176,15.662790697674417
2025,1266,1,8476126,2025-02-01,Ireland,120504,Jamison Gibson-Park,Scrum-half,False,False,True,74,True,0.925,5,0,1,0,0,0,0,33,1,0,1,3,10,3,0,80,0,0,0,27.0,42.0,1.0,True,official_workbook_name_identity,0.0,0.0,15.0,1.376068376068376,16.376068376068375,43.376068376068375
2025,1266,1,8476126,2025-02-01,Ireland,139806,Andrew Porter,Prop,True,False,True,73,True,0.9125,5,0,0,0,0,0,0,3,1,0,1,9,13,2,1,6,0,0,0,22.0,24.0,0.0,True,official_workbook_name_identity,4.024431582401867,0.0,0.0,0.49340065242919223,4.517832234831059,26.517832234831058
2025,1266,1,8476126,2025-02-01,Ireland,148644,Ronan Kelleher,Hooker,True,False,True,49,True,0.6125,5,0,0,0,0,0,0,33,4,0,0,9,7,2,0,6,0,0,0,18.0,23.0,0.0,True,official_workbook_name_identity,2.701330788187555,0.0,0.0,0.912244070268424,3.613574858455979,21.61357485845598
2025,1266,1,8476126,2025-02-01,Ireland,112068,Finlay Bealham,Prop,True,False,True,58,True,0.725,5,0,0,0,0,0,0,4,0,0,0,4,6,0,0,2,0,0,0,6.0,9.0,0.0,True,official_workbook_name_identity,3.197493586017922,0.0,0.0,0.49340065242919223,3.690894238447114,9.690894238447115
2025,1266,1,8476126,2025-02-01,Ireland,143604,James Ryan,Second-row,True,True,True,61,True,0.7625,5,0,0,0,0,0,0,5,0,0,0,3,8,2,0,4,1,0,0,7.0,10.0,0.0,True,official_workbook_name_identity,3.362881185294711,0.0,0.0,1.301319777877228,4.664200963171939,11.66420096317194
2025,1266,1,8476126,2025-02-01,Ireland,117954,Tadhg Beirne,Second-row,True,True,True,80,True,1.0,5,0,1,0,0,0,0,18,0,0,0,3,12,2,0,5,2,0,0,26.0,35.0,0.0,True,official_workbook_name_identity,4.410335980714375,0.0,0.0,1.301319777877228,5.711655758591603,31.711655758591604
2025,1266,1,8476126,2025-02-01,Ireland,203190,Ryan Baird,Back-row,True,True,True,49,True,0.6125,5,0,0,0,0,0,0,24,2,1,1,6,5,1,0,11,1,0,0,12.0,16.0,0.0,True,official_workbook_name_identity,2.701330788187555,0.0,0.0,1.4831920462553747,4.184522834442929,16.18452283444293
2025,1266,1,8476126,2025-02-01,Ireland,118518,Josh van der Flier,Back-row,True,True,True,80,True,1.0,5,0,0,0,0,0,0,12,1,0,0,5,17,2,0,7,1,0,0,19.0,24.0,0.0,True,official_workbook_name_identity,4.410335980714375,0.0,0.0,1.4831920462553747,5.89352802696975,24.89352802696975
2025,1266,1,8476126,2025-02-01,Ireland,148680,Caelan Doris,Back-row,True,True,True,80,True,1.0,5,0,0,0,0,0,0,13,0,0,2,11,13,4,1,4,0,0,0,23.0,25.0,0.0,True,official_workbook_name_identity,4.410335980714375,0.0,0.0,1.4831920462553747,5.89352802696975,28.89352802696975
2025,1266,1,8476126,2025-02-01,Ireland,186096,Dan Sheehan,Hooker,True,False,True,31,False,0.3875,5,0,1,0,0,0,0,17,1,0,0,5,4,0,0,2,0,0,0,22.0,25.0,0.0,True,official_workbook_name_identity,1.7090051925268204,0.0,0.0,0.912244070268424,2.6212492627952444,24.621249262795246
2025,1266,1,8476126,2025-02-01,Ireland,56550,Cian Healy,Prop,True,False,True,7,False,0.0875,5,0,0,0,0,0,0,4,0,0,0,1,2,2,0,1,0,0,0,2.0,2.0,0.0,True,official_workbook_name_identity,0.3859043983125078,0.0,0.0,0.49340065242919223,0.8793050507417,2.8793050507417
2025,1266,1,8476126,2025-02-01,Ireland,203208,Thomas Clarkson,Prop,True,False,True,22,False,0.275,5,0,0,0,0,0,0,1,0,0,0,2,1,0,0,0,0,0,0,1.0,2.0,0.0,True,official_workbook_name_identity,1.212842394696453,0.0,0.0,0.49340065242919223,1.7062430471256453,2.7062430471256453
2025,1266,1,8476126,2025-02-01,Ireland,112074,Iain Henderson,Second-row,True,True,True,19,False,0.2375,5,0,0,0,0,0,0,0,0,0,0,0,5,0,0,0,0,0,0,5.0,5.0,0.0,True,official_workbook_name_identity,1.047454795419664,0.0,0.0,1.301319777877228,2.3487745732968923,7.348774573296892
2025,1266,1,8476126,2025-02-01,Ireland,117936,Jack Conan,Back-row,True,True,True,31,False,0.3875,5,0,0,0,0,0,0,38,1,1,0,5,7,1,0,6,0,0,0,12.0,15.0,0.0,True,official_workbook_name_identity,1.7090051925268204,0.0,0.0,1.4831920462553747,3.192197238782195,15.192197238782196
2025,1266,1,8476126,2025-02-01,Ireland,61860,Conor Murray,Scrum-half,False,False,True,6,False,0.075,5,0,0,0,0,0,0,0,0,0,0,1,1,0,0,8,0,0,0,1.0,1.0,0.0,True,official_workbook_name_identity,0.0,0.0,0.0,1.376068376068376,1.376068376068376,2.376068376068376
2025,1266,1,8476126,2025-02-01,Ireland,201696,Jack Crowley,Fly-half,False,False,True,22,False,0.275,5,0,0,0,2,0,0,3,1,0,0,1,1,1,0,13,1,0,0,6.0,6.0,0.0,True,official_workbook_name_identity,0.0,0.0,0.0,1.6627906976744176,1.6627906976744176,7.662790697674417
2025,1266,1,8476126,2025-02-01,Ireland,120702,Robbie Henshaw,Centre,False,False,True,13,False,0.1625,5,0,0,0,0,0,0,0,0,0,0,4,4,2,0,4,0,0,0,4.0,6.0,0.0,True,official_workbook_name_identity,0.0,0.0,0.0,1.4896551724137947,1.4896551724137947,5.489655172413794
2025,1266,1,8476126,2025-02-01,England,203496,Freddie Steward,Back-three,False,False,True,64,True,0.8,3,0,0,0,0,0,0,67,1,0,0,7,1,1,0,3,0,0,0,9.0,10.0,0.0,True,official_workbook_name_identity,0.0,0.0,0.0,0.9468599033816418,0.9468599033816418,9.946859903381641
2025,1266,1,8476126,2025-02-01,England,213192,Tommy Freeman,Back-three,False,False,True,80,True,1.0,3,0,1,0,0,0,0,66,4,2,0,6,6,1,0,2,0,0,0,30.0,32.0,0.0,True,official_workbook_name_identity,0.0,0.0,0.0,0.9468599033816418,0.9468599033816418,30.946859903381643
2025,1266,1,8476126,2025-02-01,England,177378,Ollie Lawrence,Centre,False,False,True,80,True,1.0,3,0,0,0,0,0,0,23,5,1,1,5,12,0,0,2,1,0,0,25.0,28.0,0.0,True,official_workbook_name_identity,0.0,0.0,0.0,1.4896551724137947,1.4896551724137947,26.489655172413794
2025,1266,1,8476126,2025-02-01,England,114534,Henry Slade,Centre,False,False,True,80,True,1.0,3,0,0,1,0,0,0,18,0,1,0,4,6,4,1,4,1,0,0,15.0,12.0,0.0,True,official_workbook_name_identity,0.0,0.0,0.0,1.4896551724137947,1.4896551724137947,16.489655172413794
2025,1266,1,8476126,2025-02-01,England,172428,Cadan Murley,Back-three,False,False,True,80,True,1.0,3,0,1,1,0,0,0,57,3,3,1,9,7,1,1,4,0,0,0,39.0,,,False,missing,0.0,0.0,0.5072463768115941,0.9468599033816418,1.454106280193236,40.45410628019324
2025,1266,1,8476126,2025-02-01,England,156288,Marcus Smith,Fly-half,False,False,True,80,True,1.0,3,0,0,0,2,1,0,58,4,1,1,8,10,3,0,17,1,1,0,26.0,29.0,0.0,True,official_workbook_name_identity,0.0,0.0,0.0,1.6627906976744176,1.6627906976744176,27.662790697674417
2025,1266,1,8476126,2025-02-01,England,142356,Alex Mitchell,Scrum-half,False,False,True,64,True,0.8,3,0,0,0,0,0,0,16,3,0,0,6,3,6,0,49,0,0,0,10.0,11.0,0.0,True,official_workbook_name_identity,0.0,0.0,0.0,1.376068376068376,1.376068376068376,11.376068376068377
2025,1266,1,8476126,2025-02-01,England,136680,Ellis Genge,Prop,True,False,True,70,True,0.875,3,0,0,0,0,0,0,8,1,0,0,10,9,1,0,3,2,0,0,9.0,14.0,0.0,True,official_workbook_name_identity,2.315426389875047,0.0,0.0,0.49340065242919223,2.808827042304239,11.80882704230424
2025,1266,1,8476126,2025-02-01,England,115452,Luke Cowan-Dickie,Hooker,True,False,True,55,True,0.6875,3,0,0,0,0,0,0,10,0,0,0,5,8,1,0,1,1,0,0,8.0,14.0,0.0,True,official_workbook_name_identity,1.8192635920446796,0.0,0.0,0.912244070268424,2.7315076623131036,10.731507662313103
2025,1266,1,8476126,2025-02-01,England,144738,Will Stuart,Prop,True,False,True,37,True,0.4625,3,0,0,0,0,0,0,2,0,0,0,3,7,1,0,1,0,0,0,7.0,9.0,0.0,True,official_workbook_name_identity,1.2238682346482392,0.0,0.0,0.49340065242919223,1.7172688870774315,8.71726888707743
2025,1266,1,8476126,2025-02-01,England,122652,Maro Itoje,Second-row,True,True,True,80,True,1.0,3,0,0,0,0,0,0,0,0,0,0,4,15,0,0,8,2,0,0,13.0,16.0,0.0,True,official_workbook_name_identity,2.646201588428625,0.0,0.0,1.301319777877228,3.9475213663058533,16.947521366305853
2025,1266,1,8476126,2025-02-01,England,213798,George Martin,Second-row,True,True,True,59,True,0.7375,3,0,0,0,0,0,0,1,0,0,0,4,14,0,0,2,1,0,0,13.0,15.0,0.0,True,official_workbook_name_identity,1.9515736714661112,0.0,0.0,1.301319777877228,3.2528934493433392,16.25289344934334
2025,1266,1,8476126,2025-02-01,England,155892,Tom Curry,Back-row,True,True,True,80,True,1.0,3,0,1,0,0,0,0,15,1,0,0,7,11,1,0,9,0,0,0,29.0,50.0,0.0,True,official_workbook_name_identity,2.646201588428625,0.0,0.0,1.4831920462553747,4.129393634684,33.129393634684
2025,1266,1,8476126,2025-02-01,England,155898,Ben Curry,Back-row,True,True,True,59,True,0.7375,3,0,0,0,0,0,0,3,1,0,0,2,18,0,0,2,1,0,0,19.0,20.0,0.0,True,official_workbook_name_identity,1.9515736714661112,0.0,0.0,1.4831920462553747,3.434765717721486,22.434765717721486
2025,1266,1,8476126,2025-02-01,England,142404,Ben Earl,Back-row,True,True,True,55,True,0.6875,3,0,0,0,0,0,0,28,4,1,0,8,6,3,0,2,0,0,0,16.0,26.0,0.0,True,official_workbook_name_identity,1.8192635920446796,0.0,0.0,1.4831920462553747,3.3024556383000543,19.302455638300053
2025,1266,1,8476126,2025-02-01,England,218844,Theo Dan,Hooker,True,False,True,25,False,0.3125,3,0,0,1,0,0,0,4,2,0,0,5,3,0,0,2,0,0,0,11.0,13.0,0.0,True,official_workbook_name_identity,0.8269379963839453,0.0,0.0,0.912244070268424,1.7391820666523694,12.739182066652369
2025,1266,1,8476126,2025-02-01,England,226920,Fin Baxter,Prop,True,False,True,10,False,0.125,3,0,0,0,0,0,0,0,0,0,0,0,3,0,0,0,0,0,0,3.0,4.0,0.0,True,official_workbook_name_identity,0.3307751985535781,0.0,0.0,0.49340065242919223,0.8241758509827704,3.8241758509827704
2025,1266,1,8476126,2025-02-01,England,178806,Joe Heyes,Prop,True,False,True,3,False,0.0375,3,0,0,0,0,0,0,0,0,0,0,1,1,0,0,0,0,0,0,1.0,2.0,0.0,True,official_workbook_name_identity,0.09923255956607342,0.0,0.0,0.49340065242919223,0.5926332119952656,1.5926332119952655
2025,1266,1,8476126,2025-02-01,England,218742,Ollie Chessum,Second-row,True,True,True,21,False,0.2625,3,0,0,0,0,0,0,12,0,0,0,1,3,0,0,1,0,0,0,4.0,6.0,0.0,True,official_workbook_name_identity,0.6946279169625141,0.0,0.0,1.301319777877228,1.9959476948397423,5.995947694839742
2025,1266,1,8476126,2025-02-01,England,264444,Chandler Cunningham-South,Back-row,True,True,True,21,False,0.2625,3,0,0,0,0,0,0,8,1,0,0,3,2,1,0,0,1,0,0,3.0,4.0,0.0,True,official_workbook_name_identity,0.6946279169625141,0.0,0.0,1.4831920462553747,2.177819963217889,5.177819963217889
2025,1266,1,8476126,2025-02-01,England,164394,Tom Willis,Back-row,True,True,True,25,False,0.3125,3,0,0,0,0,0,0,22,0,0,0,5,2,0,1,1,0,0,0,9.0,5.0,0.0,True,official_workbook_name_identity,0.8269379963839453,0.0,0.0,1.4831920462553747,2.31013004263932,11.31013004263932
2025,1266,1,8476126,2025-02-01,England,148404,Harry Randall,Scrum-half,False,False,True,16,False,0.2,3,0,0,0,0,0,0,2,0,0,0,1,0,0,0,13,0,0,0,0.0,0.0,0.0,True,official_workbook_name_identity,0.0,0.0,0.0,1.376068376068376,1.376068376068376,1.376068376068376
2025,1266,1,8476126,2025-02-01,England,227772,Fin Smith,Fly-half,False,False,True,16,False,0.2,3,0,0,0,0,0,0,13,2,0,0,3,3,1,0,5,0,0,0,8.0,9.0,0.0,True,official_workbook_name_identity,0.0,0.0,0.0,1.6627906976744176,1.6627906976744176,9.662790697674417
2025,1266,2,8476135,2025-02-08,Italy,117834,Tommaso Allan,Back-three,False,False,True,73,True,0.9125,7,1,0,0,1,5,0,25,0,0,0,5,2,0,0,2,1,0,0,20.0,20.0,0.0,True,official_workbook_name_identity,0.0,0.0,0.0,0.9468599033816418,0.9468599033816418,20.946859903381643
2025,1266,2,8476135,2025-02-08,Italy,207774,Ange Capuozzo,Back-three,False,False,True,80,True,1.0,7,1,1,0,0,0,0,2,0,0,0,2,5,2,0,1,1,0,0,14.0,14.0,0.0,True,official_workbook_name_identity,0.0,0.0,0.0,0.9468599033816418,0.9468599033816418,14.946859903381641
2025,1266,2,8476135,2025-02-08,Italy,118614,Juan Ignacio Brex,Centre,False,False,True,80,True,1.0,7,1,0,0,0,0,0,3,0,0,0,3,4,3,0,2,0,0,0,4.0,5.0,0.0,True,official_workbook_name_identity,0.0,0.0,0.0,1.4896551724137947,1.4896551724137947,5.489655172413794
2025,1266,2,8476135,2025-02-08,Italy,226818,Tommaso Menoncello,Centre,False,False,True,80,True,1.0,7,1,0,0,0,0,0,1,0,0,0,2,8,1,0,0,1,0,0,7.0,8.0,0.0,True,official_workbook_name_identity,0.0,0.0,0.0,1.4896551724137947,1.4896551724137947,8.489655172413794
2025,1266,2,8476135,2025-02-08,Italy,134016,Monty Ioane,Back-three,False,False,True,80,True,1.0,7,1,0,0,0,0,0,38,1,1,0,8,3,3,0,2,0,0,0,8.0,8.0,0.0,True,official_workbook_name_identity,0.0,0.0,0.0,0.9468599033816418,0.9468599033816418,8.946859903381641
2025,1266,2,8476135,2025-02-08,Italy,203034,Paolo Garbisi,Fly-half,False,False,True,58,True,0.725,7,1,0,1,0,0,0,21,2,0,0,7,8,0,0,5,0,0,0,18.0,19.0,0.0,True,official_workbook_name_identity,0.0,0.0,0.0,1.6627906976744176,1.6627906976744176,19.662790697674417
2025,1266,2,8476135,2025-02-08,Italy,223740,Martin Page-Relo,Scrum-half,False,False,True,68,True,0.85,7,1,0,0,0,0,0,27,2,0,0,7,1,1,0,38,0,0,0,7.0,14.0,0.0,True,official_workbook_name_identity,0.0,0.0,0.0,1.376068376068376,1.376068376068376,8.376068376068377
2025,1266,2,8476135,2025-02-08,Italy,164232,Danilo Fischetti,Prop,True,False,True,66,True,0.825,7,1,0,0,0,0,0,6,1,0,0,5,11,0,0,1,0,0,0,13.0,18.0,0.0,True,official_workbook_name_identity,5.0939380577251026,0.0,0.0,0.49340065242919223,5.587338710154294,18.587338710154295
2025,1266,2,8476135,2025-02-08,Italy,226836,Giacomo Nicotera,Hooker,True,False,True,52,True,0.65,7,1,0,0,0,0,0,0,0,0,0,1,10,3,3,2,1,0,0,24.0,12.0,0.0,True,official_workbook_name_identity,4.013405742450081,0.0,0.0,0.912244070268424,4.925649812718505,28.925649812718504
2025,1266,2,8476135,2025-02-08,Italy,123210,Simone Ferrari,Prop,True,False,True,52,True,0.65,7,1,0,0,0,0,0,0,0,0,0,1,7,0,0,0,0,0,0,7.0,9.0,0.0,True,official_workbook_name_identity,4.013405742450081,0.0,0.0,0.49340065242919223,4.5068063948792725,11.506806394879273
2025,1266,2,8476135,2025-02-08,Italy,167196,Niccolo Cannone,Second-row,True,True,True,80,True,1.0,7,1,0,0,0,0,0,7,0,0,0,5,11,1,1,0,0,0,0,16.0,15.0,0.0,True,official_workbook_name_identity,6.1744703730001245,1.0310984614889684,0.0,1.301319777877228,8.506888612366321,24.50688861236632
2025,1266,2,8476135,2025-02-08,Italy,129234,Federico Ruzza,Second-row,True,True,True,61,True,0.7625,7,1,0,0,0,0,0,2,1,0,0,2,5,1,0,2,0,0,0,7.0,9.0,0.0,True,official_workbook_name_identity,4.708033659412595,0.7862125768853384,0.0,1.301319777877228,6.7955660141751615,13.795566014175161
2025,1266,2,8476135,2025-02-08,Italy,129216,Sebastian Negri,Back-row,True,True,True,61,True,0.7625,7,1,0,0,0,0,0,9,0,0,0,8,10,0,0,0,0,0,0,10.0,23.0,0.0,True,official_workbook_name_identity,4.708033659412595,0.7862125768853384,0.0,1.4831920462553747,6.977438282553308,16.977438282553308
2025,1266,2,8476135,2025-02-08,Italy,164220,Michele Lamaro,Back-row,True,True,True,66,True,0.825,7,1,0,0,0,0,0,0,0,0,0,2,10,2,0,3,0,0,0,10.0,17.0,0.0,True,official_workbook_name_identity,5.0939380577251026,0.8506562307283989,0.0,1.4831920462553747,7.427786334708876,17.427786334708877
2025,1266,2,8476135,2025-02-08,Italy,220140,Lorenzo Cannone,Back-row,True,True,True,80,True,1.0,7,1,0,0,0,0,0,86,7,0,0,12,17,1,1,1,2,0,0,42.0,67.0,1.0,True,official_workbook_name_identity,6.1744703730001245,1.0310984614889684,15.0,1.4831920462553747,23.688760880744468,65.68876088074447
2025,1266,2,8476135,2025-02-08,Italy,202980,Gianmarco Lucchesi,Hooker,True,False,True,28,False,0.35,7,1,0,0,0,0,0,0,1,0,0,2,5,0,0,1,0,0,0,7.0,7.0,0.0,True,official_workbook_name_identity,2.1610646305500434,0.0,0.0,0.912244070268424,3.073308700818467,10.073308700818467
2025,1266,2,8476135,2025-02-08,Italy,231762,Luca Rizzoli,Prop,True,False,True,14,False,0.175,7,1,0,0,0,0,0,0,0,0,0,1,4,0,0,0,0,0,0,4.0,3.0,0.0,True,official_workbook_name_identity,1.0805323152750217,0.0,0.0,0.49340065242919223,1.573932967704214,5.573932967704214
2025,1266,2,8476135,2025-02-08,Italy,144684,Marco Riccioni,Prop,True,False,True,28,False,0.35,7,1,0,0,0,0,0,0,0,0,0,0,6,0,0,0,2,1,0,-1.0,0.0,0.0,True,official_workbook_name_identity,2.1610646305500434,0.0,0.0,0.49340065242919223,2.6544652829792357,1.6544652829792357
2025,1266,2,8476135,2025-02-08,Italy,142434,Dino Lamb,Second-row,True,True,True,19,False,0.2375,7,1,0,0,0,0,0,0,0,0,0,0,4,0,0,0,2,1,0,-3.0,-2.0,0.0,True,official_workbook_name_identity,1.4664367135875296,0.24488588460363,0.0,1.301319777877228,3.0126423760683876,0.012642376068387584
2025,1266,2,8476135,2025-02-08,Italy,204054,Manuel Zuliani,Back-row,True,True,True,14,False,0.175,7,1,0,0,0,0,0,0,0,0,0,0,4,0,0,0,0,0,0,4.0,9.0,0.0,True,official_workbook_name_identity,1.0805323152750217,0.18044223076056948,0.0,1.4831920462553747,2.744166592290966,6.744166592290966
2025,1266,2,8476135,2025-02-08,Italy,231840,Ross Vintcent,Back-row,True,True,True,19,False,0.2375,7,1,0,0,0,0,0,0,0,0,0,1,6,0,0,0,0,0,0,6.0,7.0,0.0,True,official_workbook_name_identity,1.4664367135875296,0.24488588460363,0.0,1.4831920462553747,3.194514644446534,9.194514644446535
2025,1266,2,8476135,2025-02-08,Italy,231774,Alessandro Garbisi,Scrum-half,False,False,True,12,False,0.15,7,1,0,0,0,0,0,0,0,0,0,0,1,1,0,2,0,0,0,1.0,1.0,0.0,True,official_workbook_name_identity,0.0,0.0,0.0,1.376068376068376,1.376068376068376,2.376068376068376
2025,1266,2,8476135,2025-02-08,Italy,202992,Jacopo Trulla,Back-three,False,False,True,10,False,0.125,7,1,0,0,0,0,0,0,0,0,0,0,3,1,0,0,0,0,0,3.0,3.0,0.0,True,official_workbook_name_identity,0.0,0.0,0.0,0.9468599033816418,0.9468599033816418,3.946859903381642
2025,1266,2,8476135,2025-02-08,Wales,197892,Blair Murray,Back-three,False,False,True,80,True,1.0,1,1,0,0,0,0,0,40,6,2,1,9,1,0,0,3,0,0,0,19.0,20.0,0.0,True,official_workbook_name_identity,0.0,0.0,0.0,0.9468599033816418,0.9468599033816418,19.946859903381643
2025,1266,2,8476135,2025-02-08,Wales,177600,Tom Rogers,Back-three,False,False,True,61,True,0.7625,1,1,0,0,0,0,0,0,1,0,0,1,6,2,0,1,1,0,0,7.0,6.0,0.0,True,official_workbook_name_identity,0.0,0.0,0.0,0.9468599033816418,0.9468599033816418,7.946859903381641
2025,1266,2,8476135,2025-02-08,Wales,120162,Nick Tompkins,Centre,False,False,True,16,True,0.2,1,1,0,0,0,0,0,12,0,0,0,2,1,0,0,9,0,0,0,2.0,2.0,0.0,True,official_workbook_name_identity,0.0,0.0,0.0,1.4896551724137947,1.4896551724137947,3.4896551724137947
2025,1266,2,8476135,2025-02-08,Wales,232158,Eddie James,Centre,False,False,True,80,True,1.0,1,1,0,0,0,0,0,8,0,0,0,6,4,0,0,3,0,0,0,4.0,7.0,0.0,True,official_workbook_name_identity,0.0,0.0,0.0,1.4896551724137947,1.4896551724137947,5.489655172413794
2025,1266,2,8476135,2025-02-08,Wales,129096,Josh Adams,Back-three,False,False,True,80,True,1.0,1,1,0,0,0,0,0,8,3,0,0,4,1,0,0,2,1,1,0,1.0,2.0,0.0,True,official_workbook_name_identity,0.0,0.0,0.0,0.9468599033816418,0.9468599033816418,1.9468599033816418
2025,1266,2,8476135,2025-02-08,Wales,154968,Ben Thomas,Centre,False,False,True,48,True,0.6,1,1,0,0,0,1,0,0,1,0,0,4,2,0,0,6,1,0,0,6.0,5.0,0.0,True,official_workbook_name_identity,0.0,0.0,0.0,1.4896551724137947,1.4896551724137947,7.489655172413794
2025,1266,2,8476135,2025-02-08,Wales,128628,Tomos Williams,Scrum-half,False,False,True,66,True,0.825,1,1,0,0,0,0,0,0,1,0,0,2,1,1,0,50,0,0,0,3.0,3.0,0.0,True,official_workbook_minutes_identity,0.0,0.0,0.0,1.376068376068376,1.376068376068376,4.3760683760683765
2025,1266,2,8476135,2025-02-08,Wales,119118,Gareth Thomas,Prop,True,False,True,44,True,0.55,1,1,0,0,0,0,0,0,0,0,0,1,6,1,0,2,0,0,0,6.0,7.0,0.0,True,official_workbook_name_identity,0.4851369578785813,0.0,0.0,0.49340065242919223,0.9785376103077735,6.978537610307773
2025,1266,2,8476135,2025-02-08,Wales,232134,Evan Lloyd,Hooker,True,False,True,44,True,0.55,1,1,0,0,0,0,0,12,1,0,1,7,2,0,0,5,1,0,0,6.0,8.0,0.0,True,official_workbook_name_identity,0.4851369578785813,0.0,0.0,0.912244070268424,1.3973810281470054,7.397381028147006
2025,1266,2,8476135,2025-02-08,Wales,110982,Henry Thomas,Prop,True,False,True,44,True,0.55,1,1,0,0,0,0,0,4,0,0,0,3,3,2,0,1,2,0,0,1.0,3.0,0.0,True,official_workbook_name_identity,0.4851369578785813,0.0,0.0,0.49340065242919223,0.9785376103077735,1.9785376103077734
2025,1266,2,8476135,2025-02-08,Wales,122568,Will Rowlands,Second-row,True,True,True,57,True,0.7125,1,1,0,0,0,0,0,14,0,0,0,9,5,2,0,4,1,0,0,5.0,8.0,0.0,True,official_workbook_name_identity,0.6284728772517985,0.73465765381089,0.0,1.301319777877228,2.6644503089399167,7.664450308939917
2025,1266,2,8476135,2025-02-08,Wales,226926,Freddie Thomas,Second-row,True,True,True,80,True,1.0,1,1,0,0,0,0,0,2,0,0,0,5,9,0,0,6,2,0,0,7.0,16.0,0.0,True,official_workbook_name_identity,0.882067196142875,1.0310984614889684,0.0,1.301319777877228,3.2144854355090713,10.214485435509072
2025,1266,2,8476135,2025-02-08,Wales,154938,James Botham,Back-row,True,True,True,57,True,0.7125,1,1,0,0,0,0,0,3,0,0,0,7,4,0,0,1,0,0,0,4.0,12.0,0.0,True,official_workbook_name_identity,0.6284728772517985,0.73465765381089,0.0,1.4831920462553747,2.8463225773180634,6.846322577318063
2025,1266,2,8476135,2025-02-08,Wales,203070,Jac Morgan,Back-row,True,True,True,80,True,1.0,1,1,0,0,0,0,0,14,3,0,0,8,13,0,0,4,1,0,0,19.0,23.0,0.0,True,official_workbook_name_identity,0.882067196142875,1.0310984614889684,0.0,1.4831920462553747,3.396357703887218,22.39635770388722
2025,1266,2,8476135,2025-02-08,Wales,66186,Taulupe Faletau,Back-row,True,True,True,80,True,1.0,1,1,0,0,0,0,0,56,1,0,1,13,14,3,0,5,3,0,0,20.0,25.0,0.0,True,official_workbook_name_identity,0.882067196142875,1.0310984614889684,0.0,1.4831920462553747,3.396357703887218,23.39635770388722
2025,1266,2,8476135,2025-02-08,Wales,122628,Elliot Dee,Hooker,True,False,True,36,False,0.45,1,1,0,0,0,0,0,17,0,0,0,3,6,1,0,3,0,0,0,7.0,8.0,0.0,True,official_workbook_name_identity,0.39693023826429374,0.0,0.0,0.912244070268424,1.3091743085327177,8.309174308532718
2025,1266,2,8476135,2025-02-08,Wales,121974,Nicky Smith,Prop,True,False,True,36,False,0.45,1,1,0,0,0,0,0,4,0,0,0,4,1,0,0,0,0,0,0,1.0,2.0,0.0,True,official_workbook_name_identity,0.39693023826429374,0.0,0.0,0.49340065242919223,0.8903308906934859,1.890330890693486
2025,1266,2,8476135,2025-02-08,Wales,144480,Keiron Assiratti,Prop,True,False,True,36,False,0.45,1,1,0,0,0,0,0,2,0,0,0,2,4,0,0,1,1,0,0,3.0,3.0,0.0,True,official_workbook_name_identity,0.39693023826429374,0.0,0.0,0.49340065242919223,0.8903308906934859,3.8903308906934857
2025,1266,2,8476135,2025-02-08,Wales,203082,Teddy Williams,Second-row,True,True,True,23,False,0.2875,1,1,0,0,0,0,0,1,0,0,0,5,2,1,0,0,0,0,0,2.0,3.0,0.0,True,official_workbook_minutes_identity,0.25359431889107653,0.2964408076780784,0.0,1.301319777877228,1.851354904446383,3.8513549044463833
2025,1266,2,8476135,2025-02-08,Wales,176652,Aaron Wainwright,Back-row,True,True,True,23,False,0.2875,1,1,1,0,0,0,0,16,0,0,0,8,3,0,0,3,0,0,0,19.0,22.0,0.0,True,official_workbook_name_identity,0.25359431889107653,0.2964408076780784,0.0,1.4831920462553747,2.03322717282453,21.03322717282453
2025,1266,2,8476135,2025-02-08,Wales,116400,Rhodri Williams,Scrum-half,False,False,True,14,False,0.175,1,1,0,0,0,0,0,4,0,0,0,2,1,0,0,18,0,0,0,1.0,0.0,0.0,True,official_workbook_name_identity,0.0,0.0,0.0,1.376068376068376,1.376068376068376,2.376068376068376
2025,1266,2,8476135,2025-02-08,Wales,263442,Dan Edwards,Fly-half,False,False,True,32,False,0.4,1,1,0,0,0,0,0,16,3,0,0,3,1,0,0,5,0,0,0,8.0,8.0,0.0,True,official_workbook_name_identity,0.0,0.0,0.0,1.6627906976744176,1.6627906976744176,9.662790697674417
2025,1266,2,8476135,2025-02-08,Wales,263466,Josh Hathaway,Back-three,False,False,True,11,False,0.1375,1,1,0,0,0,0,0,1,0,0,0,3,1,2,0,0,0,0,0,1.0,1.0,0.0,True,official_workbook_name_identity,0.0,0.0,0.0,0.9468599033816418,0.9468599033816418,1.9468599033816418
2025,1266,2,8476144,2025-02-08,England,156288,Marcus Smith,Fly-half,False,False,True,80,True,1.0,9,0,0,0,1,0,0,131,2,1,0,13,3,0,0,13,0,0,0,22.0,23.0,0.0,True,official_workbook_name_identity,0.0,0.0,0.0,1.6627906976744176,1.6627906976744176,23.662790697674417
2025,1266,2,8476144,2025-02-08,England,213192,Tommy Freeman,Back-three,False,False,True,80,True,1.0,9,0,1,1,0,0,0,47,4,2,3,8,4,1,1,6,1,0,0,40.0,36.0,0.0,True,official_workbook_name_identity,0.0,0.0,0.0,0.9468599033816418,0.9468599033816418,40.94685990338164
2025,1266,2,8476144,2025-02-08,England,177378,Ollie Lawrence,Centre,False,False,True,80,True,1.0,9,0,1,0,0,0,0,11,2,1,0,5,7,1,0,1,0,0,0,22.0,28.0,0.0,True,official_workbook_name_identity,0.0,0.0,0.0,1.4896551724137947,1.4896551724137947,23.489655172413794
2025,1266,2,8476144,2025-02-08,England,114534,Henry Slade,Centre,False,False,True,75,True,0.9375,9,0,0,0,0,0,0,32,0,0,0,2,3,3,0,4,0,0,0,6.0,6.0,0.0,True,official_workbook_name_identity,0.0,0.0,0.0,1.4896551724137947,1.4896551724137947,7.489655172413794
2025,1266,2,8476144,2025-02-08,England,172416,Ollie Sleightholme,Back-three,False,False,True,80,True,1.0,9,0,0,0,0,0,0,45,5,2,0,5,3,1,0,1,0,0,0,17.0,18.0,0.0,True,official_workbook_name_identity,0.0,0.0,0.0,0.9468599033816418,0.9468599033816418,17.946859903381643
2025,1266,2,8476144,2025-02-08,England,227772,Fin Smith,Fly-half,False,False,True,80,True,1.0,9,0,0,2,2,0,0,12,1,0,0,3,9,1,0,15,0,0,0,24.0,39.0,1.0,True,official_workbook_name_identity,0.0,0.0,15.0,1.6627906976744176,16.662790697674417,40.66279069767442
2025,1266,2,8476144,2025-02-08,England,142356,Alex Mitchell,Scrum-half,False,False,True,80,True,1.0,9,0,0,0,0,0,0,38,1,0,0,8,2,5,0,50,0,0,0,7.0,9.0,0.0,True,official_workbook_name_identity,0.0,0.0,0.0,1.376068376068376,1.376068376068376,8.376068376068377
2025,1266,2,8476144,2025-02-08,England,136680,Ellis Genge,Prop,True,False,True,51,True,0.6375,9,0,0,0,0,0,0,4,0,0,1,3,11,0,0,2,2,0,0,11.0,18.0,0.0,True,official_workbook_name_identity,5.060860537869745,0.0,0.0,0.49340065242919223,5.554261190298937,16.554261190298938
2025,1266,2,8476144,2025-02-08,England,115452,Luke Cowan-Dickie,Hooker,True,False,True,61,True,0.7625,9,0,0,0,0,0,0,1,0,0,0,4,8,0,0,1,0,0,0,8.0,15.0,0.0,True,official_workbook_name_identity,6.053186133530479,0.0,0.0,0.912244070268424,6.9654302037989035,14.965430203798903
2025,1266,2,8476144,2025-02-08,England,144738,Will Stuart,Prop,True,False,True,58,True,0.725,9,0,0,0,0,0,0,0,0,0,0,0,5,0,0,2,0,0,0,5.0,11.0,0.0,True,official_workbook_name_identity,5.755488454832259,0.0,0.0,0.49340065242919223,6.2488891072614505,11.248889107261451
2025,1266,2,8476144,2025-02-08,England,122652,Maro Itoje,Second-row,True,True,True,80,True,1.0,9,0,0,0,0,0,0,4,0,0,0,2,10,3,0,2,0,0,0,10.0,21.0,0.0,True,official_workbook_name_identity,7.938604765285875,0.0,0.0,1.301319777877228,9.239924543163104,19.239924543163106
2025,1266,2,8476144,2025-02-08,England,213798,George Martin,Second-row,True,True,True,61,True,0.7625,9,0,0,0,0,0,0,4,0,0,0,3,12,1,0,0,0,0,0,12.0,19.0,0.0,True,official_workbook_name_identity,6.053186133530479,0.0,0.0,1.301319777877228,7.354505911407707,19.354505911407706
2025,1266,2,8476144,2025-02-08,England,155892,Tom Curry,Back-row,True,True,True,80,True,1.0,9,0,0,0,0,0,0,21,3,0,1,8,11,3,1,4,0,0,0,26.0,34.0,0.0,True,official_workbook_name_identity,7.938604765285875,0.0,0.0,1.4831920462553747,9.42179681154125,35.42179681154125
2025,1266,2,8476144,2025-02-08,England,142404,Ben Earl,Back-row,True,True,True,80,True,1.0,9,0,0,0,0,0,0,63,3,0,0,12,7,4,0,7,0,0,0,19.0,33.0,0.0,True,official_workbook_name_identity,7.938604765285875,0.0,0.0,1.4831920462553747,9.42179681154125,28.42179681154125
2025,1266,2,8476144,2025-02-08,England,164394,Tom Willis,Back-row,True,True,True,53,True,0.6625,9,0,0,0,0,0,0,22,5,0,0,6,16,0,0,0,1,0,0,27.0,34.0,0.0,True,official_workbook_name_identity,5.259325657001892,0.0,0.0,1.4831920462553747,6.742517703257266,33.74251770325726
2025,1266,2,8476144,2025-02-08,England,61134,Jamie George,Hooker,True,False,True,19,False,0.2375,9,0,0,0,0,0,0,12,1,1,0,1,0,0,0,3,0,0,0,3.0,3.0,0.0,True,official_workbook_name_identity,1.8854186317553951,0.0,0.0,0.912244070268424,2.7976627020238194,5.797662702023819
2025,1266,2,8476144,2025-02-08,England,226920,Fin Baxter,Prop,True,False,True,29,False,0.3625,9,0,1,0,0,0,0,5,0,0,0,5,5,0,0,1,1,0,0,19.0,21.0,0.0,True,official_workbook_name_identity,2.8777442274161293,0.0,0.0,0.49340065242919223,3.3711448798453216,22.37114487984532
2025,1266,2,8476144,2025-02-08,England,178806,Joe Heyes,Prop,True,False,True,22,False,0.275,9,0,0,0,0,0,0,0,0,0,0,0,4,1,0,1,0,0,0,4.0,4.0,0.0,True,official_workbook_name_identity,2.1831163104536158,0.0,0.0,0.49340065242919223,2.676516962882808,6.676516962882808
2025,1266,2,8476144,2025-02-08,England,218742,Ollie Chessum,Second-row,True,True,True,19,False,0.2375,9,0,0,0,0,0,0,1,1,0,0,3,2,0,0,2,0,0,0,4.0,5.0,0.0,True,official_workbook_name_identity,1.8854186317553951,0.0,0.0,1.301319777877228,3.186738409632623,7.186738409632623
2025,1266,2,8476144,2025-02-08,England,264444,Chandler Cunningham-South,Back-row,True,True,True,0,False,0.0,9,0,0,0,0,0,0,0,0,0,0,0,0,0,0,0,0,0,0,0.0,0.0,0.0,True,unused_bench_no_recorded_events,0.0,0.0,0.0,1.4831920462553747,1.4831920462553747,1.4831920462553747
2025,1266,2,8476144,2025-02-08,England,155898,Ben Curry,Back-row,True,True,True,27,False,0.3375,9,0,0,0,0,0,0,2,0,0,0,2,2,0,0,2,0,0,0,2.0,2.0,0.0,True,official_workbook_name_identity,2.679279108283983,0.0,0.0,1.4831920462553747,4.162471154539357,6.162471154539357
2025,1266,2,8476144,2025-02-08,England,148404,Harry Randall,Scrum-half,False,False,True,0,False,0.0,9,0,0,0,0,0,0,0,0,0,0,0,0,0,0,0,0,0,0,0.0,0.0,0.0,True,unused_bench_no_recorded_events,0.0,0.0,0.0,1.376068376068376,1.376068376068376,1.376068376068376
2025,1266,2,8476144,2025-02-08,England,111072,Elliot Daly,Back-three,False,False,True,5,False,0.0625,9,0,1,0,0,0,0,19,2,1,0,2,0,0,0,0,0,0,0,15.0,17.0,0.0,True,official_workbook_name_identity,0.0,0.0,0.0,0.9468599033816418,0.9468599033816418,15.946859903381641
2025,1266,2,8476144,2025-02-08,France,129822,Thomas Ramos,Back-three,False,False,True,80,True,1.0,5,1,0,0,2,2,0,121,3,2,2,17,0,1,0,14,2,0,0,30.0,34.0,0.0,True,official_workbook_name_identity,0.0,0.0,0.0,0.9468599033816418,0.9468599033816418,30.946859903381643
2025,1266,2,8476144,2025-02-08,France,139668,Damian Penaud,Back-three,False,False,True,80,True,1.0,5,1,1,1,0,0,0,93,6,2,0,12,2,5,0,8,1,0,0,36.0,37.0,0.0,True,official_workbook_name_identity,0.0,0.0,0.0,0.9468599033816418,0.9468599033816418,36.94685990338164
2025,1266,2,8476144,2025-02-08,France,162150,Pierre-Louis Barassi,Centre,False,False,True,80,True,1.0,5,1,0,0,0,0,0,40,0,2,1,4,6,2,0,4,0,0,0,12.0,13.0,0.0,True,official_workbook_name_identity,0.0,0.0,0.0,1.4896551724137947,1.4896551724137947,13.489655172413794
2025,1266,2,8476144,2025-02-08,France,196152,Yoram Moefana,Centre,False,False,True,80,True,1.0,5,1,0,1,0,0,0,25,1,0,0,7,7,1,0,6,0,0,0,15.0,17.0,0.0,True,official_workbook_name_identity,0.0,0.0,0.0,1.4896551724137947,1.4896551724137947,16.489655172413794
2025,1266,2,8476144,2025-02-08,France,231684,Louis Bielle-Biarrey,Back-three,False,False,True,80,True,1.0,5,1,2,1,0,0,0,89,4,2,2,10,9,0,2,8,0,0,0,63.0,56.0,0.0,True,official_workbook_name_identity,0.0,0.0,0.0,0.9468599033816418,0.9468599033816418,63.94685990338164
2025,1266,2,8476144,2025-02-08,France,169662,Matthieu Jalibert,Fly-half,False,False,True,66,True,0.825,5,1,0,0,0,0,0,44,2,0,2,14,5,5,0,19,0,0,0,17.0,24.0,0.0,True,official_workbook_name_identity,0.0,0.0,0.0,1.6627906976744176,1.6627906976744176,18.662790697674417
2025,1266,2,8476144,2025-02-08,France,135318,Antoine Dupont,Scrum-half,False,False,True,80,True,1.0,5,1,0,0,0,0,0,42,2,0,0,11,6,2,0,63,1,0,0,13.0,13.0,0.0,True,official_workbook_name_identity,0.0,0.0,0.0,1.376068376068376,1.376068376068376,14.376068376068377
2025,1266,2,8476144,2025-02-08,France,178704,Jean-Baptiste Gros,Prop,True,False,True,56,True,0.7,5,1,0,0,0,0,0,7,1,0,0,4,6,1,0,1,1,0,0,7.0,14.0,0.0,True,official_workbook_name_identity,3.0872351865000622,0.0,0.0,0.49340065242919223,3.5806358389292545,10.580635838929254
2025,1266,2,8476144,2025-02-08,France,147480,Peato Mauvaka,Hooker,True,False,True,56,True,0.7,5,1,0,0,0,0,0,21,1,0,0,3,4,2,0,1,0,0,0,8.0,17.0,0.0,True,official_workbook_name_identity,3.0872351865000622,0.0,0.0,0.912244070268424,3.9994792567684865,11.999479256768486
2025,1266,2,8476144,2025-02-08,France,133446,Uini Atonio,Prop,True,False,True,56,True,0.7,5,1,0,0,0,0,0,0,0,0,1,4,2,1,0,4,0,0,0,4.0,8.0,0.0,True,official_workbook_name_identity,3.0872351865000622,0.0,0.0,0.49340065242919223,3.5806358389292545,7.580635838929254
2025,1266,2,8476144,2025-02-08,France,146952,Alexandre Roumat,Second-row,True,True,True,49,True,0.6125,5,1,0,0,0,0,0,5,1,0,0,7,2,0,0,4,0,0,0,4.0,17.0,0.0,True,official_workbook_name_identity,2.701330788187555,0.6315478076619933,0.0,1.301319777877228,4.634198373726776,8.634198373726775
2025,1266,2,8476144,2025-02-08,France,166476,Emmanuel Meafou,Second-row,True,True,True,66,True,0.825,5,1,0,0,0,0,0,14,0,0,0,8,8,1,0,4,0,0,0,9.0,17.0,0.0,True,official_workbook_name_identity,3.638527184089359,0.8506562307283989,0.0,1.301319777877228,5.7905031926949855,14.790503192694985
2025,1266,2,8476144,2025-02-08,France,123366,Francois Cros,Back-row,True,True,True,80,True,1.0,5,1,0,0,0,0,0,7,0,0,0,3,13,2,0,2,0,0,0,13.0,19.0,0.0,True,official_workbook_name_identity,4.410335980714375,1.0310984614889684,0.0,1.4831920462553747,6.924626488458718,19.924626488458717
2025,1266,2,8476144,2025-02-08,France,198624,Paul Boudehent,Back-row,True,True,True,49,True,0.6125,5,1,0,0,0,0,0,9,0,0,0,6,4,1,0,1,1,0,0,3.0,9.0,0.0,True,official_workbook_name_identity,2.701330788187555,0.6315478076619933,0.0,1.4831920462553747,4.816070642104923,7.816070642104923
2025,1266,2,8476144,2025-02-08,France,176748,Gregory Alldritt,Back-row,True,True,True,80,True,1.0,5,1,0,0,0,0,0,65,1,0,1,15,8,3,0,6,0,0,0,18.0,27.0,0.0,True,official_workbook_name_identity,4.410335980714375,1.0310984614889684,0.0,1.4831920462553747,6.924626488458718,24.924626488458717
2025,1266,2,8476144,2025-02-08,France,135138,Julien Marchand,Hooker,True,False,True,24,False,0.3,5,1,0,0,0,0,0,2,0,0,0,2,3,1,0,0,0,0,0,3.0,4.0,0.0,True,official_workbook_name_identity,1.3231007942143125,0.0,0.0,0.912244070268424,2.2353448644827365,5.2353448644827365
2025,1266,2,8476144,2025-02-08,France,121938,Cyril Baille,Prop,True,False,True,24,False,0.3,5,1,0,0,0,0,0,6,0,0,0,1,6,0,0,1,0,0,0,6.0,7.0,0.0,True,official_workbook_name_identity,1.3231007942143125,0.0,0.0,0.49340065242919223,1.8165014466435048,7.816501446643505
2025,1266,2,8476144,2025-02-08,France,165192,Georges-Henri Colombe,Prop,True,False,True,24,False,0.3,5,1,0,0,0,0,0,0,1,0,0,1,5,1,0,0,1,0,0,6.0,7.0,0.0,True,official_workbook_name_identity,1.3231007942143125,0.0,0.0,0.49340065242919223,1.8165014466435048,7.816501446643505
2025,1266,2,8476144,2025-02-08,France,238278,Hugo Auradou,Second-row,True,True,True,31,False,0.3875,5,1,0,0,0,0,0,3,0,0,0,2,5,0,0,0,1,0,0,4.0,5.0,0.0,True,official_workbook_name_identity,1.7090051925268204,0.3995506538269753,0.0,1.301319777877228,3.4098756242310237,7.409875624231024
2025,1266,2,8476144,2025-02-08,France,219930,Mickael Guillard,Second-row,True,True,True,14,False,0.175,5,1,0,0,0,0,0,0,0,0,0,0,3,0,0,1,0,0,0,3.0,3.0,0.0,True,official_workbook_name_identity,0.7718087966250156,0.18044223076056948,0.0,1.301319777877228,2.253570805262813,5.253570805262813
2025,1266,2,8476144,2025-02-08,France,242478,Oscar Jegou,Back-row,True,True,True,31,False,0.3875,5,1,0,0,0,0,0,12,1,1,0,3,3,1,0,0,0,0,0,6.0,8.0,0.0,True,official_workbook_name_identity,1.7090051925268204,0.3995506538269753,0.0,1.4831920462553747,3.5917478926091704,9.59174789260917
2025,1266,2,8476144,2025-02-08,France,219972,Nolann Le Garrec,Scrum-half,False,False,True,14,False,0.175,5,1,0,0,0,0,0,0,0,0,0,1,1,0,0,2,0,0,0,1.0,1.0,0.0,True,official_workbook_name_identity,0.0,0.0,0.0,1.376068376068376,1.376068376068376,2.376068376068376
2025,1266,2,8476144,2025-02-08,France,231696,Emilien Gailleton,Centre,False,False,True,0,False,0.0,5,1,0,0,0,0,0,0,0,0,0,0,0,0,0,0,0,0,0,0.0,0.0,0.0,True,unused_bench_no_recorded_events,0.0,0.0,0.0,1.4896551724137947,1.4896551724137947,1.4896551724137947
2025,1266,2,8476153,2025-02-09,Scotland,139902,Blair Kinghorn,Back-three,False,False,True,80,True,1.0,5,1,0,0,1,2,0,133,4,1,3,18,1,1,0,14,0,0,0,36.0,38.0,0.0,True,official_workbook_name_identity,0.0,0.0,0.0,0.9468599033816418,0.9468599033816418,36.94685990338164
2025,1266,2,8476153,2025-02-09,Scotland,146754,Darcy Graham,Back-three,False,False,True,21,True,0.2625,5,1,0,0,0,0,0,7,0,0,0,2,4,1,0,1,0,0,0,4.0,5.0,0.0,True,official_workbook_name_identity,0.0,0.0,0.0,0.9468599033816418,0.9468599033816418,4.946859903381641
2025,1266,2,8476153,2025-02-09,Scotland,136776,Huw Jones,Centre,False,False,True,80,True,1.0,5,1,0,0,0,0,0,13,3,1,0,9,4,3,0,7,0,0,0,11.0,24.0,0.0,True,official_workbook_name_identity,0.0,0.0,0.0,1.4896551724137947,1.4896551724137947,12.489655172413794
2025,1266,2,8476153,2025-02-09,Scotland,242766,Tom Jordan,Centre,False,False,True,80,True,1.0,5,1,0,0,0,0,0,25,0,0,1,5,6,0,0,21,0,0,0,10.0,11.0,0.0,True,official_workbook_name_identity,0.0,0.0,0.0,1.4896551724137947,1.4896551724137947,11.489655172413794
2025,1266,2,8476153,2025-02-09,Scotland,131400,Duhan van der Merwe,Back-three,False,False,True,80,True,1.0,5,1,1,0,0,0,0,34,5,1,0,8,5,0,0,1,1,1,0,22.0,26.0,0.0,True,official_workbook_name_identity,0.0,0.0,0.0,0.9468599033816418,0.9468599033816418,22.946859903381643
2025,1266,2,8476153,2025-02-09,Scotland,117894,Finn Russell,Fly-half,False,False,True,21,True,0.2625,5,1,0,0,0,0,0,0,0,0,0,1,1,2,0,3,0,0,0,1.0,1.0,0.0,True,official_workbook_name_identity,0.0,0.0,0.0,1.6627906976744176,1.6627906976744176,2.6627906976744176
2025,1266,2,8476153,2025-02-09,Scotland,142476,Ben White,Scrum-half,False,False,True,80,True,1.0,5,1,1,0,0,0,0,12,2,0,1,5,7,1,0,86,1,0,0,23.0,23.0,0.0,True,official_workbook_name_identity,0.0,0.0,0.0,1.376068376068376,1.376068376068376,24.376068376068375
2025,1266,2,8476153,2025-02-09,Scotland,134172,Rory Sutherland,Prop,True,False,True,47,True,0.5875,5,1,0,0,0,0,0,10,0,0,0,5,3,0,0,3,0,0,0,4.0,8.0,0.0,True,official_workbook_name_identity,2.591072388669695,0.0,0.0,0.49340065242919223,3.0844730410988874,7.084473041098887
2025,1266,2,8476153,2025-02-09,Scotland,111864,Dave Cherry,Hooker,True,False,True,47,True,0.5875,5,1,0,0,0,0,0,2,0,0,0,2,3,0,0,2,0,0,0,3.0,16.0,0.0,True,official_workbook_name_identity,2.591072388669695,0.0,0.0,0.912244070268424,3.5033164589381194,6.503316458938119
2025,1266,2,8476153,2025-02-09,Scotland,130530,Zander Fagerson,Prop,True,False,True,67,True,0.8375,5,1,0,0,0,0,0,19,0,0,0,11,6,0,0,1,0,0,0,7.0,15.0,0.0,True,official_workbook_name_identity,3.693656383848289,0.0,0.0,0.49340065242919223,4.187057036277481,11.18705703627748
2025,1266,2,8476153,2025-02-09,Scotland,117852,Jonny Gray,Second-row,True,True,True,47,True,0.5875,5,1,0,0,0,0,0,4,0,0,1,5,3,1,0,2,0,0,0,5.0,15.0,0.0,True,official_workbook_name_identity,2.591072388669695,0.605770346124769,0.0,1.301319777877228,4.498162512671692,9.498162512671692
2025,1266,2,8476153,2025-02-09,Scotland,102762,Grant Gilchrist,Second-row,True,True,True,67,True,0.8375,5,1,0,0,0,0,0,0,0,0,0,4,3,0,0,7,0,0,0,3.0,9.0,0.0,True,official_workbook_name_identity,3.693656383848289,0.8635449614970111,0.0,1.301319777877228,5.858521123222528,8.858521123222527
2025,1266,2,8476153,2025-02-09,Scotland,161856,Matt Fagerson,Back-row,True,True,True,80,True,1.0,5,1,0,0,0,0,0,20,3,0,0,9,6,0,0,12,3,0,0,11.0,17.0,0.0,True,official_workbook_name_identity,4.410335980714375,1.0310984614889684,0.0,1.4831920462553747,6.924626488458718,17.924626488458717
2025,1266,2,8476153,2025-02-09,Scotland,180222,Rory Darge,Back-row,True,True,True,80,True,1.0,5,1,0,0,0,0,0,3,0,0,2,5,17,2,0,3,1,0,0,20.0,24.0,0.0,True,official_workbook_name_identity,4.410335980714375,1.0310984614889684,0.0,1.4831920462553747,6.924626488458718,26.924626488458717
2025,1266,2,8476153,2025-02-09,Scotland,124308,Jack Dempsey,Back-row,True,True,True,60,True,0.75,5,1,0,0,0,0,0,14,2,0,0,15,8,0,0,4,0,0,0,13.0,20.0,0.0,True,official_workbook_name_identity,3.307751985535781,0.7733238461167263,0.0,1.4831920462553747,5.564267877907882,18.56426787790788
2025,1266,2,8476153,2025-02-09,Scotland,187422,Ewan Ashman,Hooker,True,False,True,33,False,0.4125,5,1,0,0,0,0,0,10,1,0,0,3,2,0,0,1,0,0,0,5.0,8.0,0.0,True,official_workbook_name_identity,1.8192635920446796,0.0,0.0,0.912244070268424,2.7315076623131036,7.731507662313104
2025,1266,2,8476153,2025-02-09,Scotland,130290,Pierre Schoeman,Prop,True,False,True,33,False,0.4125,5,1,0,0,0,0,0,14,2,1,0,5,0,1,0,2,1,0,0,4.0,9.0,0.0,True,official_workbook_name_identity,1.8192635920446796,0.0,0.0,0.49340065242919223,2.3126642444738716,6.312664244473872
2025,1266,2,8476153,2025-02-09,Scotland,203400,Will Hurd,Prop,True,False,True,13,False,0.1625,5,1,0,0,0,0,0,0,0,0,0,1,0,0,0,0,1,0,0,-1.0,-1.0,0.0,True,official_workbook_name_identity,0.716679596866086,0.0,0.0,0.49340065242919223,1.2100802492952782,0.21008024929527824
2025,1266,2,8476153,2025-02-09,Scotland,135774,Sam Skinner,Second-row,True,True,True,13,False,0.1625,5,1,0,0,0,0,0,0,0,0,0,0,2,0,0,3,0,0,0,2.0,2.0,0.0,True,official_workbook_name_identity,0.716679596866086,0.16755349999195737,0.0,1.301319777877228,2.1855528747352713,4.185552874735271
2025,1266,2,8476153,2025-02-09,Scotland,220296,Gregor Brown,Second-row,True,True,True,33,False,0.4125,5,1,0,0,0,0,0,5,0,0,0,2,2,0,0,2,1,0,0,1.0,4.0,0.0,True,official_workbook_name_identity,1.8192635920446796,0.42532811536419945,0.0,1.301319777877228,3.5459114852861067,4.545911485286107
2025,1266,2,8476153,2025-02-09,Scotland,130536,Jamie Ritchie,Back-row,True,True,True,20,False,0.25,5,1,0,0,0,0,0,4,0,0,0,5,3,1,0,3,0,0,0,3.0,11.0,0.0,True,official_workbook_name_identity,1.1025839951785938,0.2577746153722421,0.0,1.4831920462553747,2.8435506568062108,5.843550656806211
2025,1266,2,8476153,2025-02-09,Scotland,214146,Jamie Dobie,Back-three,False,False,True,59,False,0.7375,5,1,0,0,0,0,0,7,2,0,0,3,4,0,0,1,0,0,0,8.0,14.0,0.0,True,official_workbook_name_identity,0.0,0.0,0.0,0.9468599033816418,0.9468599033816418,8.946859903381641
2025,1266,2,8476153,2025-02-09,Scotland,163866,Stafford McDowall,Centre,False,False,True,59,False,0.7375,5,1,0,1,0,0,0,5,1,0,1,8,8,0,0,12,0,0,0,16.0,18.0,0.0,True,official_workbook_name_identity,0.0,0.0,0.0,1.4896551724137947,1.4896551724137947,17.489655172413794
2025,1266,2,8476153,2025-02-09,Ireland,143496,Hugo Keenan,Back-three,False,False,True,80,True,1.0,8,1,0,1,0,0,0,16,1,1,0,7,2,1,0,6,0,0,0,9.0,10.0,0.0,True,official_workbook_name_identity,0.0,0.0,0.0,0.9468599033816418,0.9468599033816418,9.946859903381641
2025,1266,2,8476153,2025-02-09,Ireland,148836,Calvin Nash,Back-three,False,False,True,64,True,0.8,8,1,1,0,0,0,0,5,0,1,0,4,4,2,0,1,1,0,0,13.0,15.0,0.0,True,official_workbook_name_identity,0.0,0.0,0.0,0.9468599033816418,0.9468599033816418,13.946859903381641
2025,1266,2,8476153,2025-02-09,Ireland,120702,Robbie Henshaw,Centre,False,False,True,80,True,1.0,8,1,0,1,0,0,0,46,2,1,0,8,13,2,0,4,0,0,0,25.0,28.0,0.0,True,official_workbook_name_identity,0.0,0.0,0.0,1.4896551724137947,1.4896551724137947,26.489655172413794
2025,1266,2,8476153,2025-02-09,Ireland,114804,Bundee Aki,Centre,False,False,True,57,True,0.7125,8,1,0,0,0,0,0,11,0,0,0,3,5,1,0,2,2,0,0,4.0,6.0,0.0,True,official_workbook_name_identity,0.0,0.0,0.0,1.4896551724137947,1.4896551724137947,5.489655172413794
2025,1266,2,8476153,2025-02-09,Ireland,120468,James Lowe,Back-three,False,False,True,80,True,1.0,8,1,1,0,0,0,0,42,2,3,1,9,3,3,0,9,0,0,0,23.0,25.0,0.0,True,official_workbook_name_identity,0.0,0.0,0.0,0.9468599033816418,0.9468599033816418,23.946859903381643
2025,1266,2,8476153,2025-02-09,Ireland,337638,Sam Prendergast,Fly-half,False,False,True,80,True,1.0,8,1,0,1,3,2,0,11,2,0,0,4,11,5,0,28,0,0,0,32.0,46.0,1.0,True,official_workbook_name_identity,0.0,0.0,15.0,1.6627906976744176,16.662790697674417,48.66279069767442
2025,1266,2,8476153,2025-02-09,Ireland,120504,Jamison Gibson-Park,Scrum-half,False,False,True,68,True,0.85,8,1,0,1,0,0,0,7,0,0,0,2,6,1,1,52,0,0,0,15.0,9.0,0.0,True,official_workbook_name_identity,0.0,0.0,0.0,1.376068376068376,1.376068376068376,16.376068376068375
2025,1266,2,8476153,2025-02-09,Ireland,139806,Andrew Porter,Prop,True,False,True,69,True,0.8625,8,1,0,0,0,0,0,4,0,0,0,4,16,1,0,3,0,0,0,16.0,18.0,0.0,True,official_workbook_name_identity,6.086263653385838,0.0,0.0,0.49340065242919223,6.5796643058150295,22.57966430581503
2025,1266,2,8476153,2025-02-09,Ireland,148644,Ronan Kelleher,Hooker,True,False,True,40,True,0.5,8,1,0,0,0,0,0,0,0,0,0,0,7,0,0,1,0,0,0,7.0,8.0,0.0,True,official_workbook_name_identity,3.5282687845715,0.0,0.0,0.912244070268424,4.440512854839924,11.440512854839923
2025,1266,2,8476153,2025-02-09,Ireland,112068,Finlay Bealham,Prop,True,False,True,60,True,0.75,8,1,0,0,0,0,0,0,0,0,0,0,14,0,0,0,0,0,0,14.0,22.0,0.0,True,official_workbook_name_identity,5.29240317685725,0.0,0.0,0.49340065242919223,5.785803829286442,19.785803829286444
2025,1266,2,8476153,2025-02-09,Ireland,143604,James Ryan,Second-row,True,True,True,64,True,0.8,8,1,0,0,0,0,0,0,0,0,0,2,12,1,0,3,2,0,0,10.0,21.0,0.0,True,official_workbook_name_identity,5.6452300553144,0.8248787691911748,0.0,1.301319777877228,7.7714286023828025,17.7714286023828
2025,1266,2,8476153,2025-02-09,Ireland,117954,Tadhg Beirne,Second-row,True,True,True,9,True,0.1125,8,1,0,0,0,0,0,5,1,0,0,3,12,1,0,5,2,0,0,12.0,25.0,0.0,True,official_workbook_name_identity,0.7938604765285875,0.11599857691750895,0.0,1.301319777877228,2.2111788313233243,14.211178831323323
2025,1266,2,8476153,2025-02-09,Ireland,61620,Peter O'Mahony,Back-row,True,True,True,51,True,0.6375,8,1,0,0,0,0,0,18,0,0,0,9,8,1,1,2,0,0,0,14.0,18.0,0.0,True,official_workbook_name_identity,4.498542700328662,0.6573252691992173,0.0,1.4831920462553747,6.6390600157832536,20.639060015783254
2025,1266,2,8476153,2025-02-09,Ireland,118518,Josh van der Flier,Back-row,True,True,True,80,True,1.0,8,1,0,0,0,0,0,16,2,0,0,4,19,1,0,5,1,0,0,23.0,34.0,0.0,True,official_workbook_name_identity,7.056537569143,1.0310984614889684,0.0,1.4831920462553747,9.570828076887343,32.570828076887345
2025,1266,2,8476153,2025-02-09,Ireland,148680,Caelan Doris,Back-row,True,True,True,80,True,1.0,8,1,1,0,0,0,0,57,1,0,0,10,17,1,1,10,1,0,0,43.0,53.0,0.0,True,official_workbook_name_identity,7.056537569143,1.0310984614889684,0.0,1.4831920462553747,9.570828076887343,52.570828076887345
2025,1266,2,8476153,2025-02-09,Ireland,186096,Dan Sheehan,Hooker,True,False,True,40,False,0.5,8,1,0,0,0,0,0,0,0,0,0,2,7,0,0,1,1,0,0,6.0,10.0,0.0,True,official_workbook_name_identity,3.5282687845715,0.0,0.0,0.912244070268424,4.440512854839924,10.440512854839923
2025,1266,2,8476153,2025-02-09,Ireland,56550,Cian Healy,Prop,True,False,True,11,False,0.1375,8,1,0,0,0,0,0,1,0,0,1,2,2,2,0,1,0,0,0,4.0,6.0,0.0,True,official_workbook_name_identity,0.9702739157571626,0.0,0.0,0.49340065242919223,1.4636745681863548,5.463674568186355
2025,1266,2,8476153,2025-02-09,Ireland,203208,Thomas Clarkson,Prop,True,False,True,20,False,0.25,8,1,0,0,0,0,0,0,0,0,0,0,4,0,0,1,0,0,0,4.0,6.0,0.0,True,official_workbook_name_identity,1.76413439228575,0.0,0.0,0.49340065242919223,2.2575350447149423,6.257535044714942
2025,1266,2,8476153,2025-02-09,Ireland,203190,Ryan Baird,Back-row,True,True,True,4,False,0.05,8,1,0,0,0,0,0,13,1,0,0,2,4,0,0,2,0,0,0,7.0,9.0,0.0,True,official_workbook_name_identity,0.35282687845715,0.05155492307444842,0.0,1.4831920462553747,1.8875738477869732,8.887573847786973
2025,1266,2,8476153,2025-02-09,Ireland,117936,Jack Conan,Back-row,True,True,True,5,False,0.0625,8,1,1,0,0,0,0,4,0,0,0,3,6,0,0,1,0,0,0,21.0,30.0,0.0,True,official_workbook_name_identity,0.4410335980714375,0.06444365384306053,0.0,1.4831920462553747,1.9886692981698726,22.988669298169874
2025,1266,2,8476153,2025-02-09,Ireland,61860,Conor Murray,Scrum-half,False,False,True,12,False,0.15,8,1,0,0,0,0,0,0,1,0,0,1,1,1,0,6,0,0,0,3.0,3.0,0.0,True,official_workbook_name_identity,0.0,0.0,0.0,1.376068376068376,1.376068376068376,4.3760683760683765
2025,1266,2,8476153,2025-02-09,Ireland,201696,Jack Crowley,Fly-half,False,False,True,16,False,0.2,8,1,0,0,0,0,0,5,0,0,0,2,0,0,0,2,0,0,0,0.0,0.0,0.0,True,official_workbook_name_identity,0.0,0.0,0.0,1.6627906976744176,1.6627906976744176,1.6627906976744176
2025,1266,2,8476153,2025-02-09,Ireland,129372,Garry Ringrose,Centre,False,False,True,23,False,0.2875,8,1,0,0,0,0,0,0,0,0,0,0,2,1,0,2,0,0,0,2.0,2.0,0.0,True,official_workbook_name_identity,0.0,0.0,0.0,1.4896551724137947,1.4896551724137947,3.4896551724137947
2025,1266,3,8476162,2025-02-22,Wales,197892,Blair Murray,Back-three,False,False,True,80,True,1.0,3,1,0,1,0,0,0,77,11,2,2,11,5,0,0,8,0,0,0,42.0,45.0,0.0,True,official_workbook_name_identity,0.0,0.0,0.0,0.9468599033816418,0.9468599033816418,42.94685990338164
2025,1266,3,8476162,2025-02-22,Wales,177600,Tom Rogers,Back-three,False,False,True,62,True,0.775,3,1,1,0,0,0,0,36,0,1,2,6,5,0,0,3,0,0,0,22.0,21.0,0.0,True,official_workbook_name_identity,0.0,0.0,0.0,0.9468599033816418,0.9468599033816418,22.946859903381643
2025,1266,3,8476162,2025-02-22,Wales,177912,Max Llewellyn,Centre,False,False,True,80,True,1.0,3,1,0,0,0,0,0,8,3,0,0,11,9,0,0,8,0,0,0,15.0,21.0,0.0,True,official_workbook_name_identity,0.0,0.0,0.0,1.4896551724137947,1.4896551724137947,16.489655172413794
2025,1266,3,8476162,2025-02-22,Wales,154968,Ben Thomas,Centre,False,False,True,80,True,1.0,3,1,0,0,0,0,0,29,1,0,1,10,9,1,0,34,0,0,0,15.0,19.0,0.0,True,official_workbook_name_identity,0.0,0.0,0.0,1.4896551724137947,1.4896551724137947,16.489655172413794
2025,1266,3,8476162,2025-02-22,Wales,363636,Ellis Mee,Back-three,False,False,True,80,True,1.0,3,1,0,0,0,0,0,69,6,2,1,13,2,0,1,4,2,0,0,25.0,24.0,0.0,True,official_workbook_name_identity,0.0,0.0,0.0,0.9468599033816418,0.9468599033816418,25.946859903381643
2025,1266,3,8476162,2025-02-22,Wales,109668,Gareth Anscombe,Fly-half,False,False,True,52,True,0.65,3,1,0,0,1,2,0,17,1,0,0,5,3,1,0,25,0,0,0,14.0,16.0,0.0,True,official_workbook_name_identity,0.0,0.0,0.0,1.6627906976744176,1.6627906976744176,15.662790697674417
2025,1266,3,8476162,2025-02-22,Wales,128628,Tomos Williams,Scrum-half,False,False,True,80,True,1.0,3,1,0,0,0,0,0,9,1,0,1,5,3,1,0,97,1,0,0,6.0,7.0,0.0,True,official_workbook_minutes_identity,0.0,0.0,0.0,1.376068376068376,1.376068376068376,7.3760683760683765
2025,1266,3,8476162,2025-02-22,Wales,121974,Nicky Smith,Prop,True,False,True,18,True,0.225,3,1,0,0,0,0,0,4,0,0,0,4,6,0,0,0,0,0,0,6.0,8.0,0.0,True,official_workbook_name_identity,0.5953953573964407,0.0,0.0,0.49340065242919223,1.0887960098256328,7.088796009825633
2025,1266,3,8476162,2025-02-22,Wales,122628,Elliot Dee,Hooker,True,False,True,73,True,0.9125,3,1,0,0,0,0,0,3,0,0,1,3,6,2,0,7,1,0,0,7.0,8.0,0.0,True,official_workbook_name_identity,2.41465894944112,0.0,0.0,0.912244070268424,3.326903019709544,10.326903019709544
2025,1266,3,8476162,2025-02-22,Wales,111564,WillGriff John,Prop,True,False,True,52,True,0.65,3,1,0,0,0,0,0,0,0,0,1,7,10,2,0,2,1,0,0,11.0,14.0,0.0,True,official_workbook_name_identity,1.7200310324786063,0.0,0.0,0.49340065242919223,2.2134316849077984,13.213431684907798
2025,1266,3,8476162,2025-02-22,Wales,122568,Will Rowlands,Second-row,True,True,True,71,True,0.8875,3,1,0,0,0,0,0,20,2,0,0,8,6,1,0,4,0,0,0,12.0,21.0,0.0,True,official_workbook_name_identity,2.3485039097304043,0.9150998845714594,0.0,1.301319777877228,4.564923572179092,16.56492357217909
2025,1266,3,8476162,2025-02-22,Wales,232104,Dafydd Jenkins,Second-row,True,True,True,80,True,1.0,3,1,0,0,0,0,0,7,0,0,0,8,11,1,0,5,1,0,0,10.0,13.0,0.0,True,official_workbook_name_identity,2.646201588428625,1.0310984614889684,0.0,1.301319777877228,4.978619827794821,14.978619827794821
2025,1266,3,8476162,2025-02-22,Wales,203070,Jac Morgan,Back-row,True,True,True,80,True,1.0,3,1,1,0,0,0,0,21,1,1,1,12,13,0,0,7,1,0,0,33.0,37.0,0.0,True,official_workbook_name_identity,2.646201588428625,1.0310984614889684,0.0,1.4831920462553747,5.160492096172968,38.160492096172966
2025,1266,3,8476162,2025-02-22,Wales,155826,Tommy Reffell,Back-row,True,True,True,56,True,0.7,3,1,0,0,0,0,0,2,0,0,0,7,17,2,0,3,0,0,0,17.0,19.0,0.0,True,official_workbook_name_identity,1.8523411119000373,0.7217689230422779,0.0,1.4831920462553747,4.057302081197689,21.05730208119769
2025,1266,3,8476162,2025-02-22,Wales,66186,Taulupe Faletau,Back-row,True,True,True,80,True,1.0,3,1,0,0,0,0,0,26,2,0,1,15,8,0,0,13,1,0,0,15.0,21.0,0.0,True,official_workbook_name_identity,2.646201588428625,1.0310984614889684,0.0,1.4831920462553747,5.160492096172968,20.160492096172966
2025,1266,3,8476162,2025-02-22,Wales,232134,Evan Lloyd,Hooker,True,False,True,7,False,0.0875,3,1,0,0,0,0,0,0,0,0,0,1,1,0,0,1,0,0,0,1.0,1.0,0.0,True,official_workbook_name_identity,0.23154263898750466,0.0,0.0,0.912244070268424,1.1437867092559286,2.1437867092559286
2025,1266,3,8476162,2025-02-22,Wales,119118,Gareth Thomas,Prop,True,False,True,12,False,0.15,3,1,0,0,0,0,0,3,0,0,0,4,3,1,1,5,2,0,0,6.0,3.0,0.0,True,official_workbook_name_identity,0.3969302382642937,0.0,0.0,0.49340065242919223,0.8903308906934859,6.890330890693486
2025,1266,3,8476162,2025-02-22,Wales,110982,Henry Thomas,Prop,True,False,True,28,False,0.35,3,1,0,0,0,0,0,4,0,0,0,1,4,0,0,3,1,0,0,3.0,5.0,0.0,True,official_workbook_name_identity,0.9261705559500186,0.0,0.0,0.49340065242919223,1.419571208379211,4.419571208379211
2025,1266,3,8476162,2025-02-22,Wales,203082,Teddy Williams,Second-row,True,True,True,9,False,0.1125,3,1,0,0,0,0,0,11,0,1,1,3,1,0,0,2,0,0,0,4.0,4.0,0.0,True,official_workbook_minutes_identity,0.29769767869822034,0.11599857691750895,0.0,1.301319777877228,1.7150160334929574,5.715016033492957
2025,1266,3,8476162,2025-02-22,Wales,176652,Aaron Wainwright,Back-row,True,True,True,24,False,0.3,3,1,0,0,0,0,0,4,0,0,0,6,2,0,0,0,1,0,0,1.0,3.0,0.0,True,official_workbook_name_identity,0.7938604765285874,0.30932953844669053,0.0,1.4831920462553747,2.586382061230653,3.586382061230653
2025,1266,3,8476162,2025-02-22,Wales,116400,Rhodri Williams,Scrum-half,False,False,True,0,False,0.0,3,1,0,0,0,0,0,0,0,0,0,0,0,0,0,0,0,0,0,0.0,0.0,0.0,True,unused_bench_no_recorded_events,0.0,0.0,0.0,1.376068376068376,1.376068376068376,1.376068376068376
2025,1266,3,8476162,2025-02-22,Wales,139716,Jarrod Evans,Fly-half,False,False,True,28,False,0.35,3,1,0,0,0,0,0,8,4,0,1,5,2,0,0,17,0,0,0,12.0,15.0,0.0,True,official_workbook_name_identity,0.0,0.0,0.0,1.6627906976744176,1.6627906976744176,13.662790697674417
2025,1266,3,8476162,2025-02-22,Wales,203736,Joe Roberts,Back-three,False,False,True,18,False,0.225,3,1,0,0,0,0,0,0,0,0,0,0,5,0,0,2,0,0,0,5.0,5.0,0.0,True,official_workbook_name_identity,0.0,0.0,0.0,0.9468599033816418,0.9468599033816418,5.946859903381641
2025,1266,3,8476162,2025-02-22,Ireland,227658,Jamie Osborne,Back-three,False,False,True,80,True,1.0,4,0,1,0,0,0,0,49,2,1,1,13,6,1,1,3,0,0,0,31.0,29.0,0.0,True,official_workbook_name_identity,0.0,0.0,0.0,0.9468599033816418,0.9468599033816418,31.946859903381643
2025,1266,3,8476162,2025-02-22,Ireland,166674,Mack Hansen,Back-three,False,False,True,72,True,0.9,4,0,0,0,0,0,0,7,0,1,0,7,8,3,0,7,0,0,0,8.0,10.0,0.0,True,official_workbook_name_identity,0.0,0.0,0.0,0.9468599033816418,0.9468599033816418,8.946859903381641
2025,1266,3,8476162,2025-02-22,Ireland,129372,Garry Ringrose,Centre,False,False,True,51,True,0.6375,4,0,0,0,0,0,0,1,0,0,0,1,6,0,0,0,1,0,1,-3.0,4.0,0.0,True,official_workbook_name_identity,0.0,0.0,0.0,1.4896551724137947,1.4896551724137947,-1.5103448275862053
2025,1266,3,8476162,2025-02-22,Ireland,120702,Robbie Henshaw,Centre,False,False,True,80,True,1.0,4,0,0,0,0,0,0,18,0,0,1,10,14,1,0,9,1,0,0,16.0,18.0,0.0,True,official_workbook_name_identity,0.0,0.0,0.0,1.4896551724137947,1.4896551724137947,17.489655172413794
2025,1266,3,8476162,2025-02-22,Ireland,120468,James Lowe,Back-three,False,False,True,80,True,1.0,4,0,0,1,0,0,0,35,1,0,2,8,3,4,0,10,0,0,0,16.0,19.0,0.0,True,official_workbook_name_identity,0.0,0.0,0.0,0.9468599033816418,0.9468599033816418,16.946859903381643
2025,1266,3,8476162,2025-02-22,Ireland,337638,Sam Prendergast,Fly-half,False,False,True,80,True,1.0,4,0,0,0,1,5,0,2,1,0,0,3,8,8,0,18,0,0,0,27.0,37.0,0.0,True,official_workbook_name_identity,0.0,0.0,0.0,1.6627906976744176,1.6627906976744176,28.662790697674417
2025,1266,3,8476162,2025-02-22,Ireland,120504,Jamison Gibson-Park,Scrum-half,False,False,True,78,True,0.975,4,0,0,1,0,0,0,9,0,0,0,3,7,2,0,75,0,0,0,11.0,33.0,1.0,True,official_workbook_name_identity,0.0,0.0,15.0,1.376068376068376,16.376068376068375,27.376068376068375
2025,1266,3,8476162,2025-02-22,Ireland,139806,Andrew Porter,Prop,True,False,True,70,True,0.875,4,0,0,0,0,0,0,1,0,0,1,7,15,1,0,3,2,0,0,15.0,16.0,0.0,True,official_workbook_name_identity,3.0872351865000622,0.0,0.0,0.49340065242919223,3.5806358389292545,18.580635838929254
2025,1266,3,8476162,2025-02-22,Ireland,186096,Dan Sheehan,Hooker,True,False,True,74,True,0.925,4,0,0,0,0,0,0,11,1,0,0,9,11,0,0,8,0,0,0,14.0,18.0,0.0,True,official_workbook_name_identity,3.2636486257286377,0.0,0.0,0.912244070268424,4.175892695997062,18.175892695997064
2025,1266,3,8476162,2025-02-22,Ireland,203208,Thomas Clarkson,Prop,True,False,True,48,True,0.6,4,0,0,0,0,0,0,6,1,0,0,3,6,2,0,0,2,0,0,6.0,8.0,0.0,True,official_workbook_name_identity,2.1169612707429,0.0,0.0,0.49340065242919223,2.6103619231720923,8.610361923172093
2025,1266,3,8476162,2025-02-22,Ireland,220194,Joe McCarthy,Second-row,True,True,True,40,True,0.5,4,0,0,0,0,0,0,21,3,0,1,4,8,2,0,5,1,0,0,17.0,19.0,0.0,True,official_workbook_name_identity,1.76413439228575,0.0,0.0,1.301319777877228,3.065454170162978,20.06545417016298
2025,1266,3,8476162,2025-02-22,Ireland,117954,Tadhg Beirne,Second-row,True,True,True,80,True,1.0,4,0,0,0,0,0,0,0,0,0,0,4,14,1,0,5,1,0,0,13.0,16.0,0.0,True,official_workbook_name_identity,3.5282687845715,0.0,0.0,1.301319777877228,4.829588562448728,17.829588562448727
2025,1266,3,8476162,2025-02-22,Ireland,61620,Peter O'Mahony,Back-row,True,True,True,80,True,1.0,4,0,0,0,0,0,0,12,1,0,0,7,19,1,0,3,0,0,0,22.0,26.0,0.0,True,official_workbook_name_identity,3.5282687845715,0.0,0.0,1.4831920462553747,5.011460830826874,27.011460830826874
2025,1266,3,8476162,2025-02-22,Ireland,118518,Josh van der Flier,Back-row,True,True,True,80,True,1.0,4,0,0,0,0,0,0,11,0,0,0,9,13,0,0,5,1,0,0,13.0,15.0,0.0,True,official_workbook_name_identity,3.5282687845715,0.0,0.0,1.4831920462553747,5.011460830826874,18.011460830826874
2025,1266,3,8476162,2025-02-22,Ireland,117936,Jack Conan,Back-row,True,True,True,43,True,0.5375,4,0,1,0,0,0,0,29,0,0,1,10,10,0,0,1,0,0,0,29.0,38.0,0.0,True,official_workbook_name_identity,1.8964444717071811,0.0,0.0,1.4831920462553747,3.379636517962556,32.37963651796255
2025,1266,3,8476162,2025-02-22,Ireland,350502,Gus McCarthy,Hooker,True,False,True,6,False,0.075,4,0,0,0,0,0,0,0,0,0,0,1,4,1,0,0,0,0,0,4.0,4.0,0.0,True,official_workbook_name_identity,0.2646201588428625,0.0,0.0,0.912244070268424,1.1768642291112865,5.1768642291112865
2025,1266,3,8476162,2025-02-22,Ireland,231864,Jack Boyle,Prop,True,False,True,10,False,0.125,4,0,0,0,0,0,0,0,0,0,0,0,4,0,0,0,0,0,0,4.0,4.0,0.0,True,official_workbook_name_identity,0.4410335980714375,0.0,0.0,0.49340065242919223,0.9344342505006298,4.93443425050063
2025,1266,3,8476162,2025-02-22,Ireland,112068,Finlay Bealham,Prop,True,False,True,32,False,0.4,4,0,0,0,0,0,0,0,0,0,0,2,4,1,0,0,0,0,0,4.0,5.0,0.0,True,official_workbook_name_identity,1.4113075138286,0.0,0.0,0.49340065242919223,1.9047081662577923,5.904708166257793
2025,1266,3,8476162,2025-02-22,Ireland,143604,James Ryan,Second-row,True,True,True,9,False,0.1125,4,0,0,0,0,0,0,0,0,0,0,0,2,1,0,1,0,0,0,2.0,2.0,0.0,True,official_workbook_name_identity,0.39693023826429374,0.0,0.0,1.301319777877228,1.6982500161415217,3.6982500161415217
2025,1266,3,8476162,2025-02-22,Ireland,203190,Ryan Baird,Back-row,True,True,True,37,False,0.4625,4,0,0,0,0,0,0,4,1,0,0,3,4,0,0,2,1,0,0,5.0,7.0,0.0,True,official_workbook_name_identity,1.6318243128643188,0.0,0.0,1.4831920462553747,3.1150163591196938,8.115016359119693
2025,1266,3,8476162,2025-02-22,Ireland,61860,Conor Murray,Scrum-half,False,False,True,2,False,0.025,4,0,0,0,0,0,0,0,0,0,0,0,0,1,0,2,0,0,0,0.0,0.0,0.0,True,official_workbook_name_identity,0.0,0.0,0.0,1.376068376068376,1.376068376068376,1.376068376068376
2025,1266,3,8476162,2025-02-22,Ireland,201696,Jack Crowley,Fly-half,False,False,True,8,False,0.1,4,0,0,0,0,0,0,0,0,0,0,0,2,1,0,0,0,0,0,2.0,1.0,0.0,True,official_workbook_name_identity,0.0,0.0,0.0,1.6627906976744176,1.6627906976744176,3.6627906976744176
2025,1266,3,8476162,2025-02-22,Ireland,114804,Bundee Aki,Centre,False,False,True,29,False,0.3625,4,0,0,0,0,0,0,6,1,0,0,2,5,1,0,4,1,0,0,6.0,11.0,0.0,True,official_workbook_name_identity,0.0,0.0,0.0,1.4896551724137947,1.4896551724137947,7.489655172413794
2025,1266,3,8476171,2025-02-22,England,156288,Marcus Smith,Fly-half,False,False,True,80,True,1.0,5,0,0,0,1,2,0,71,1,0,0,6,3,2,0,5,1,0,0,19.0,20.0,0.0,True,official_workbook_name_identity,0.0,0.0,0.0,1.6627906976744176,1.6627906976744176,20.662790697674417
2025,1266,3,8476171,2025-02-22,England,213192,Tommy Freeman,Back-three,False,False,True,80,True,1.0,5,0,1,0,0,0,0,6,0,0,0,3,10,0,0,2,0,0,0,20.0,22.0,0.0,True,official_workbook_name_identity,0.0,0.0,0.0,0.9468599033816418,0.9468599033816418,20.946859903381643
2025,1266,3,8476171,2025-02-22,England,177378,Ollie Lawrence,Centre,False,False,True,80,True,1.0,5,0,0,0,0,0,0,21,1,1,2,4,9,3,0,5,0,0,0,17.0,17.0,0.0,True,official_workbook_name_identity,0.0,0.0,0.0,1.4896551724137947,1.4896551724137947,18.489655172413794
2025,1266,3,8476171,2025-02-22,England,114534,Henry Slade,Centre,False,False,True,80,True,1.0,5,0,0,0,0,0,0,32,0,1,0,4,12,5,0,2,0,0,0,15.0,16.0,0.0,True,official_workbook_name_identity,0.0,0.0,0.0,1.4896551724137947,1.4896551724137947,16.489655172413794
2025,1266,3,8476171,2025-02-22,England,172416,Ollie Sleightholme,Back-three,False,False,True,44,True,0.55,5,0,0,0,0,0,0,0,0,0,0,0,4,2,0,2,0,0,0,4.0,5.0,0.0,True,official_workbook_name_identity,0.0,0.0,0.0,0.9468599033816418,0.9468599033816418,4.946859903381641
2025,1266,3,8476171,2025-02-22,England,227772,Fin Smith,Fly-half,False,False,True,80,True,1.0,5,0,0,0,0,1,0,27,2,0,0,5,16,4,0,17,0,0,0,25.0,26.0,0.0,True,official_workbook_name_identity,0.0,0.0,0.0,1.6627906976744176,1.6627906976744176,26.662790697674417
2025,1266,3,8476171,2025-02-22,England,142356,Alex Mitchell,Scrum-half,False,False,True,61,True,0.7625,5,0,0,1,0,0,0,16,0,0,0,3,5,2,0,37,1,0,0,9.0,9.0,0.0,True,official_workbook_name_identity,0.0,0.0,0.0,1.376068376068376,1.376068376068376,10.376068376068377
2025,1266,3,8476171,2025-02-22,England,136680,Ellis Genge,Prop,True,False,True,57,True,0.7125,5,0,0,0,0,0,0,12,0,0,0,6,7,0,0,2,0,0,0,8.0,13.0,0.0,True,official_workbook_name_identity,3.142364386258992,0.0,0.0,0.49340065242919223,3.6357650386881843,11.635765038688184
2025,1266,3,8476171,2025-02-22,England,115452,Luke Cowan-Dickie,Hooker,True,False,True,44,True,0.55,5,0,0,0,0,0,0,3,0,0,0,4,10,1,0,0,0,0,0,10.0,12.0,0.0,True,official_workbook_name_identity,2.425684789392906,0.0,0.0,0.912244070268424,3.3379288596613303,13.33792885966133
2025,1266,3,8476171,2025-02-22,England,144738,Will Stuart,Prop,True,False,True,70,True,0.875,5,0,0,0,0,0,0,6,0,0,0,5,9,1,0,1,0,0,0,9.0,13.0,0.0,True,official_workbook_name_identity,3.859043983125078,0.0,0.0,0.49340065242919223,4.35244463555427,13.35244463555427
2025,1266,3,8476171,2025-02-22,England,122652,Maro Itoje,Second-row,True,True,True,80,True,1.0,5,0,0,0,0,0,0,4,0,0,0,4,11,1,2,3,1,0,0,20.0,19.0,0.0,True,official_workbook_name_identity,4.410335980714375,0.0,0.0,1.301319777877228,5.711655758591603,25.711655758591604
2025,1266,3,8476171,2025-02-22,England,218742,Ollie Chessum,Second-row,True,True,True,79,True,0.9875,5,0,0,0,0,0,0,12,0,0,0,2,15,2,0,4,2,0,0,14.0,14.0,0.0,True,official_workbook_name_identity,4.355206780955445,0.0,0.0,1.301319777877228,5.656526558832673,19.656526558832674
2025,1266,3,8476171,2025-02-22,England,155892,Tom Curry,Back-row,True,True,True,46,True,0.575,5,0,0,0,0,0,0,2,0,0,0,1,5,1,0,3,0,0,0,5.0,13.0,0.0,True,official_workbook_name_identity,2.5359431889107658,0.0,0.0,1.4831920462553747,4.01913523516614,9.01913523516614
2025,1266,3,8476171,2025-02-22,England,142404,Ben Earl,Back-row,True,True,True,80,True,1.0,5,0,0,0,0,0,0,30,3,0,0,12,13,2,0,2,2,0,0,20.0,34.0,0.0,True,official_workbook_name_identity,4.410335980714375,0.0,0.0,1.4831920462553747,5.89352802696975,25.89352802696975
2025,1266,3,8476171,2025-02-22,England,164394,Tom Willis,Back-row,True,True,True,36,True,0.45,5,0,0,0,0,0,0,21,0,0,0,5,9,1,0,0,1,0,0,10.0,10.0,0.0,True,official_workbook_name_identity,1.9846511913214688,0.0,0.0,1.4831920462553747,3.4678432375768438,13.467843237576844
2025,1266,3,8476171,2025-02-22,England,61134,Jamie George,Hooker,True,False,True,36,False,0.45,5,0,0,0,0,0,0,4,0,0,0,1,12,1,0,1,0,0,0,12.0,18.0,0.0,True,official_workbook_name_identity,1.9846511913214688,0.0,0.0,0.912244070268424,2.8968952615898926,14.896895261589894
2025,1266,3,8476171,2025-02-22,England,226920,Fin Baxter,Prop,True,False,True,23,False,0.2875,5,0,0,0,0,0,0,0,0,0,0,2,3,1,0,0,0,0,0,3.0,5.0,0.0,True,official_workbook_name_identity,1.2679715944553829,0.0,0.0,0.49340065242919223,1.7613722468845752,4.761372246884575
2025,1266,3,8476171,2025-02-22,England,178806,Joe Heyes,Prop,True,False,True,10,False,0.125,5,0,0,0,0,0,0,0,0,0,0,0,7,2,0,0,1,0,0,6.0,7.0,0.0,True,official_workbook_name_identity,0.5512919975892969,0.0,0.0,0.49340065242919223,1.0446926500184892,7.044692650018489
2025,1266,3,8476171,2025-02-22,England,155868,Ted Hill,Back-row,True,True,True,1,False,0.0125,5,0,0,0,0,0,0,0,0,0,0,0,4,2,0,0,0,0,0,4.0,4.0,0.0,True,official_workbook_name_identity,0.05512919975892969,0.0,0.0,1.4831920462553747,1.5383212460143043,5.538321246014304
2025,1266,3,8476171,2025-02-22,England,264444,Chandler Cunningham-South,Back-row,True,True,True,34,False,0.425,5,0,0,0,0,0,0,17,1,0,0,3,8,3,0,0,1,0,0,10.0,11.0,0.0,True,official_workbook_name_identity,1.8743927918036094,0.0,0.0,1.4831920462553747,3.357584838058984,13.357584838058983
2025,1266,3,8476171,2025-02-22,England,155898,Ben Curry,Back-row,True,True,True,44,False,0.55,5,0,0,0,0,0,0,0,0,0,0,2,13,0,0,1,0,0,0,13.0,19.0,0.0,True,official_workbook_name_identity,2.425684789392906,0.0,0.0,1.4831920462553747,3.9088768356482806,16.90887683564828
2025,1266,3,8476171,2025-02-22,England,148404,Harry Randall,Scrum-half,False,False,True,19,False,0.2375,5,0,0,0,0,0,0,2,0,0,0,1,6,0,0,12,0,0,0,6.0,4.0,0.0,True,official_workbook_name_identity,0.0,0.0,0.0,1.376068376068376,1.376068376068376,7.3760683760683765
2025,1266,3,8476171,2025-02-22,England,111072,Elliot Daly,Back-three,False,False,True,36,False,0.45,5,0,0,0,0,0,0,35,2,0,1,6,3,0,0,3,0,0,0,12.0,13.0,0.0,True,official_workbook_name_identity,0.0,0.0,0.0,0.9468599033816418,0.9468599033816418,12.946859903381641
2025,1266,3,8476171,2025-02-22,Scotland,139902,Blair Kinghorn,Back-three,False,False,True,80,True,1.0,2,0,0,1,0,0,0,127,7,3,3,22,3,0,0,10,1,0,0,38.0,44.0,0.0,True,official_workbook_name_identity,0.0,0.0,0.0,0.9468599033816418,0.9468599033816418,38.94685990338164
2025,1266,3,8476171,2025-02-22,Scotland,179370,Kyle Rowe,Back-three,False,False,True,80,True,1.0,2,0,0,0,0,0,0,32,6,0,1,9,2,2,0,4,1,0,0,18.0,21.0,0.0,True,official_workbook_name_identity,0.0,0.0,0.0,0.9468599033816418,0.9468599033816418,18.946859903381643
2025,1266,3,8476171,2025-02-22,Scotland,136776,Huw Jones,Centre,False,False,True,64,True,0.8,2,0,1,0,0,0,0,36,0,1,1,9,5,0,1,5,1,0,0,24.0,22.0,0.0,True,official_workbook_name_identity,0.0,0.0,0.0,1.4896551724137947,1.4896551724137947,25.489655172413794
2025,1266,3,8476171,2025-02-22,Scotland,242766,Tom Jordan,Centre,False,False,True,80,True,1.0,2,0,0,1,0,0,0,52,5,0,0,12,4,2,0,13,1,0,0,22.0,27.0,0.0,True,official_workbook_name_identity,0.0,0.0,0.0,1.4896551724137947,1.4896551724137947,23.489655172413794
2025,1266,3,8476171,2025-02-22,Scotland,131400,Duhan van der Merwe,Back-three,False,False,True,80,True,1.0,2,0,1,1,0,0,0,88,5,2,3,15,3,0,0,6,0,0,0,41.0,62.0,1.0,True,official_workbook_name_identity,0.0,0.0,15.0,0.9468599033816418,15.946859903381641,56.94685990338164
2025,1266,3,8476171,2025-02-22,Scotland,117894,Finn Russell,Fly-half,False,False,True,80,True,1.0,2,0,0,0,0,0,0,29,2,1,0,4,2,2,0,39,0,0,0,8.0,10.0,0.0,True,official_workbook_name_identity,0.0,0.0,0.0,1.6627906976744176,1.6627906976744176,9.662790697674417
2025,1266,3,8476171,2025-02-22,Scotland,142476,Ben White,Scrum-half,False,False,True,64,True,0.8,2,0,1,0,0,0,0,20,0,0,0,2,6,0,0,81,0,0,0,18.0,19.0,0.0,True,official_workbook_name_identity,0.0,0.0,0.0,1.376068376068376,1.376068376068376,19.376068376068375
2025,1266,3,8476171,2025-02-22,Scotland,130290,Pierre Schoeman,Prop,True,False,True,70,True,0.875,2,0,0,0,0,0,0,1,0,0,0,10,3,0,0,2,1,0,0,2.0,5.0,0.0,True,official_workbook_name_identity,1.5436175932500311,0.0,0.0,0.49340065242919223,2.0370182456792234,4.037018245679223
2025,1266,3,8476171,2025-02-22,Scotland,111864,Dave Cherry,Hooker,True,False,True,54,True,0.675,2,0,0,0,0,0,0,14,0,0,0,4,5,0,0,2,1,0,0,5.0,6.0,0.0,True,official_workbook_name_identity,1.1907907147928813,0.0,0.0,0.912244070268424,2.1030347850613054,7.103034785061306
2025,1266,3,8476171,2025-02-22,Scotland,130530,Zander Fagerson,Prop,True,False,True,76,True,0.95,2,0,0,0,0,0,0,11,0,0,0,11,7,0,0,3,1,0,0,7.0,10.0,0.0,True,official_workbook_name_identity,1.6759276726714625,0.0,0.0,0.49340065242919223,2.1693283251006545,9.169328325100654
2025,1266,3,8476171,2025-02-22,Scotland,117852,Jonny Gray,Second-row,True,True,True,61,True,0.7625,2,0,0,0,0,0,0,1,0,0,1,7,7,0,0,8,0,0,0,9.0,11.0,0.0,True,official_workbook_name_identity,1.3451524741178842,0.0,0.0,1.301319777877228,2.646472251995112,11.646472251995112
2025,1266,3,8476171,2025-02-22,Scotland,102762,Grant Gilchrist,Second-row,True,True,True,70,True,0.875,2,0,0,0,0,0,0,0,0,0,0,4,9,0,0,5,1,0,0,8.0,9.0,0.0,True,official_workbook_name_identity,1.5436175932500311,0.0,0.0,1.301319777877228,2.8449373711272594,10.844937371127259
2025,1266,3,8476171,2025-02-22,Scotland,130536,Jamie Ritchie,Back-row,True,True,True,80,True,1.0,2,0,0,0,0,0,0,11,0,1,0,7,8,2,0,13,1,0,0,8.0,26.0,0.0,True,official_workbook_name_identity,1.76413439228575,0.0,0.0,1.4831920462553747,3.2473264385411245,11.247326438541124
2025,1266,3,8476171,2025-02-22,Scotland,180222,Rory Darge,Back-row,True,True,True,80,True,1.0,2,0,0,0,0,0,0,4,0,0,0,5,10,0,0,5,1,0,0,9.0,12.0,0.0,True,official_workbook_name_identity,1.76413439228575,0.0,0.0,1.4831920462553747,3.2473264385411245,12.247326438541124
2025,1266,3,8476171,2025-02-22,Scotland,124308,Jack Dempsey,Back-row,True,True,True,54,True,0.675,2,0,0,0,0,0,0,20,1,0,0,11,3,1,0,5,1,0,0,6.0,10.0,0.0,True,official_workbook_name_identity,1.1907907147928813,0.0,0.0,1.4831920462553747,2.673982761048256,8.673982761048256
2025,1266,3,8476171,2025-02-22,Scotland,187422,Ewan Ashman,Hooker,True,False,True,26,False,0.325,2,0,0,0,0,0,0,8,0,0,0,4,2,0,0,2,2,0,0,0.0,1.0,0.0,True,official_workbook_name_identity,0.5733436774928687,0.0,0.0,0.912244070268424,1.4855877477612927,1.4855877477612927
2025,1266,3,8476171,2025-02-22,Scotland,117870,Jamie Bhatti,Prop,True,False,True,10,False,0.125,2,0,0,0,0,0,0,0,0,0,0,4,1,0,0,3,0,0,0,1.0,1.0,0.0,True,official_workbook_name_identity,0.22051679903571875,0.0,0.0,0.49340065242919223,0.7139174514649109,1.713917451464911
2025,1266,3,8476171,2025-02-22,Scotland,203400,Will Hurd,Prop,True,False,True,4,False,0.05,2,0,0,0,0,0,0,0,0,0,0,1,0,0,0,0,0,0,0,0.0,0.0,0.0,True,official_workbook_name_identity,0.0882067196142875,0.0,0.0,0.49340065242919223,0.5816073720434798,0.5816073720434798
2025,1266,3,8476171,2025-02-22,Scotland,135774,Sam Skinner,Second-row,True,True,True,19,False,0.2375,2,0,0,0,0,0,0,0,0,0,0,0,0,0,0,6,0,0,0,0.0,0.0,0.0,True,official_workbook_name_identity,0.4189819181678656,0.0,0.0,1.301319777877228,1.7203016960450936,1.7203016960450936
2025,1266,3,8476171,2025-02-22,Scotland,220296,Gregor Brown,Second-row,True,True,True,10,False,0.125,2,0,0,0,0,0,0,0,1,0,0,5,1,0,0,1,0,0,0,3.0,5.0,0.0,True,official_workbook_name_identity,0.22051679903571875,0.0,0.0,1.301319777877228,1.5218365769129467,4.521836576912946
2025,1266,3,8476171,2025-02-22,Scotland,161856,Matt Fagerson,Back-row,True,True,True,26,False,0.325,2,0,0,0,0,0,0,12,3,0,0,9,4,0,0,1,0,0,0,11.0,13.0,0.0,True,official_workbook_name_identity,0.5733436774928687,0.0,0.0,1.4831920462553747,2.0565357237482433,13.056535723748244
2025,1266,3,8476171,2025-02-22,Scotland,214146,Jamie Dobie,Back-three,False,False,True,16,False,0.2,2,0,0,0,0,0,0,4,1,0,0,2,1,0,0,34,0,0,0,3.0,3.0,0.0,True,official_workbook_name_identity,0.0,0.0,0.0,0.9468599033816418,0.9468599033816418,3.946859903381642
2025,1266,3,8476171,2025-02-22,Scotland,163866,Stafford McDowall,Centre,False,False,True,16,False,0.2,2,0,0,0,0,0,0,47,4,1,1,3,1,1,0,3,0,0,0,15.0,16.0,0.0,True,official_workbook_name_identity,0.0,0.0,0.0,1.4896551724137947,1.4896551724137947,16.489655172413794
2025,1266,3,8476180,2025-02-23,Italy,117834,Tommaso Allan,Back-three,False,False,True,54,True,0.675,4,0,0,0,2,1,0,17,0,1,0,5,0,2,0,7,0,0,0,8.0,9.0,0.0,True,official_workbook_name_identity,0.0,0.0,0.0,0.9468599033816418,0.9468599033816418,8.946859903381641
2025,1266,3,8476180,2025-02-23,Italy,207774,Ange Capuozzo,Back-three,False,False,True,80,True,1.0,4,0,0,0,0,0,0,48,4,1,1,7,8,3,1,3,0,0,0,27.0,22.0,0.0,True,official_workbook_name_identity,0.0,0.0,0.0,0.9468599033816418,0.9468599033816418,27.946859903381643
2025,1266,3,8476180,2025-02-23,Italy,118614,Juan Ignacio Brex,Centre,False,False,True,80,True,1.0,4,0,1,1,0,0,0,24,0,0,0,5,9,0,0,10,1,0,0,24.0,26.0,0.0,True,official_workbook_name_identity,0.0,0.0,0.0,1.4896551724137947,1.4896551724137947,25.489655172413794
2025,1266,3,8476180,2025-02-23,Italy,226818,Tommaso Menoncello,Centre,False,False,True,80,True,1.0,4,0,1,0,0,0,0,49,4,1,0,6,14,1,0,1,1,0,0,35.0,38.0,0.0,True,official_workbook_name_identity,0.0,0.0,0.0,1.4896551724137947,1.4896551724137947,36.4896551724138
2025,1266,3,8476180,2025-02-23,Italy,231810,Simone Gesi,Back-three,False,False,True,80,True,1.0,4,0,0,0,0,0,0,46,1,1,0,7,5,0,0,0,0,0,0,11.0,12.0,0.0,True,official_workbook_name_identity,0.0,0.0,0.0,0.9468599033816418,0.9468599033816418,11.946859903381641
2025,1266,3,8476180,2025-02-23,Italy,203034,Paolo Garbisi,Fly-half,False,False,True,80,True,1.0,4,0,1,0,1,0,0,24,2,1,1,7,8,2,0,27,0,0,0,28.0,31.0,0.0,True,official_workbook_name_identity,0.0,0.0,0.0,1.6627906976744176,1.6627906976744176,29.662790697674417
2025,1266,3,8476180,2025-02-23,Italy,223740,Martin Page-Relo,Scrum-half,False,False,True,58,True,0.725,4,0,0,0,0,0,0,14,0,0,2,4,4,1,1,35,0,0,0,14.0,9.0,0.0,True,official_workbook_name_identity,0.0,0.0,0.0,1.376068376068376,1.376068376068376,15.376068376068377
2025,1266,3,8476180,2025-02-23,Italy,164232,Danilo Fischetti,Prop,True,False,True,16,True,0.2,4,0,0,0,0,0,0,4,0,0,0,1,6,0,0,0,0,0,0,6.0,7.0,0.0,True,official_workbook_name_identity,0.7056537569143,0.0,0.0,0.49340065242919223,1.1990544093434923,7.199054409343493
2025,1266,3,8476180,2025-02-23,Italy,202980,Gianmarco Lucchesi,Hooker,True,False,True,45,True,0.5625,4,0,0,0,0,0,0,12,2,1,0,2,12,1,0,0,0,0,0,17.0,17.0,0.0,True,official_workbook_name_identity,1.9846511913214688,0.0,0.0,0.912244070268424,2.8968952615898926,19.896895261589894
2025,1266,3,8476180,2025-02-23,Italy,123210,Simone Ferrari,Prop,True,False,True,45,True,0.5625,4,0,0,0,0,0,0,0,0,0,0,3,9,1,0,1,0,0,0,9.0,9.0,0.0,True,official_workbook_name_identity,1.9846511913214688,0.0,0.0,0.49340065242919223,2.478051843750661,11.478051843750661
2025,1266,3,8476180,2025-02-23,Italy,167196,Niccolo Cannone,Second-row,True,True,True,72,True,0.9,4,0,0,0,0,0,0,1,0,0,0,4,13,2,0,1,1,0,0,12.0,16.0,0.0,True,official_workbook_name_identity,3.17544190611435,0.0,0.0,1.301319777877228,4.476761683991578,16.476761683991576
2025,1266,3,8476180,2025-02-23,Italy,129234,Federico Ruzza,Second-row,True,True,True,80,True,1.0,4,0,0,1,0,0,0,26,1,2,0,3,11,1,0,6,1,0,0,18.0,19.0,0.0,True,official_workbook_name_identity,3.5282687845715,0.0,0.0,1.301319777877228,4.829588562448728,22.829588562448727
2025,1266,3,8476180,2025-02-23,Italy,129216,Sebastian Negri,Back-row,True,True,True,48,True,0.6,4,0,0,0,0,0,0,12,0,0,0,8,13,3,0,1,1,0,0,13.0,17.0,0.0,True,official_workbook_name_identity,2.1169612707429,0.0,0.0,1.4831920462553747,3.6001533169982745,16.600153316998274
2025,1266,3,8476180,2025-02-23,Italy,164220,Michele Lamaro,Back-row,True,True,True,61,True,0.7625,4,0,0,0,0,0,0,7,0,0,0,6,16,6,0,4,0,0,0,16.0,19.0,0.0,True,official_workbook_name_identity,2.6903049482357684,0.0,0.0,1.4831920462553747,4.173496994491143,20.173496994491142
2025,1266,3,8476180,2025-02-23,Italy,220140,Lorenzo Cannone,Back-row,True,True,True,54,True,0.675,4,0,0,0,0,0,0,29,0,0,0,7,9,0,0,0,1,0,0,10.0,11.0,0.0,True,official_workbook_name_identity,2.3815814295857627,0.0,0.0,1.4831920462553747,3.8647734758411376,13.864773475841137
2025,1266,3,8476180,2025-02-23,Italy,226836,Giacomo Nicotera,Hooker,True,False,True,35,False,0.4375,4,0,0,0,0,0,0,0,0,0,0,2,3,1,0,3,0,0,0,3.0,6.0,0.0,True,official_workbook_name_identity,1.5436175932500311,0.0,0.0,0.912244070268424,2.455861663518455,5.455861663518455
2025,1266,3,8476180,2025-02-23,Italy,231804,Mirco Spagnolo,Prop,True,False,True,64,False,0.8,4,0,0,0,0,0,0,0,0,0,0,3,10,2,0,2,1,0,0,9.0,10.0,0.0,True,official_workbook_name_identity,2.8226150276572,0.0,0.0,0.49340065242919223,3.3160156800863922,12.316015680086393
2025,1266,3,8476180,2025-02-23,Italy,147354,Giosue Zilocchi,Prop,True,False,True,35,False,0.4375,4,0,0,0,0,0,0,0,0,0,0,0,4,2,0,0,0,0,0,4.0,7.0,0.0,True,official_workbook_name_identity,1.5436175932500311,0.0,0.0,0.49340065242919223,2.0370182456792234,6.037018245679223
2025,1266,3,8476180,2025-02-23,Italy,220128,Riccardo Favretto,Back-row,True,True,True,8,False,0.1,4,0,0,0,0,0,0,0,0,0,0,0,0,0,0,0,0,0,0,0.0,0.0,0.0,True,official_workbook_name_identity,0.35282687845715,0.0,0.0,1.4831920462553747,1.8360189247125247,1.8360189247125247
2025,1266,3,8476180,2025-02-23,Italy,204054,Manuel Zuliani,Back-row,True,True,True,32,False,0.4,4,0,0,0,0,0,0,2,1,0,0,2,5,2,0,1,1,0,0,6.0,13.0,0.0,True,official_workbook_name_identity,1.4113075138286,0.0,0.0,1.4831920462553747,2.8944995600839745,8.894499560083975
2025,1266,3,8476180,2025-02-23,Italy,231840,Ross Vintcent,Back-row,True,True,True,26,False,0.325,4,0,0,0,0,0,0,4,0,0,0,1,5,0,0,0,0,0,0,5.0,9.0,0.0,True,official_workbook_name_identity,1.1466873549857375,0.0,0.0,1.4831920462553747,2.629879401241112,7.629879401241112
2025,1266,3,8476180,2025-02-23,Italy,231774,Alessandro Garbisi,Scrum-half,False,False,True,22,False,0.275,4,0,0,1,0,0,0,5,1,0,0,2,3,2,1,19,0,0,0,14.0,9.0,0.0,True,official_workbook_name_identity,0.0,0.0,0.0,1.376068376068376,1.376068376068376,15.376068376068377
2025,1266,3,8476180,2025-02-23,Italy,202992,Jacopo Trulla,Back-three,False,False,True,26,False,0.325,4,0,0,0,0,0,0,40,2,1,0,2,0,1,0,3,0,0,0,8.0,7.0,0.0,True,official_workbook_name_identity,0.0,0.0,0.0,0.9468599033816418,0.9468599033816418,8.946859903381641
2025,1266,3,8476180,2025-02-23,France,224724,Leo Barre,Back-three,False,False,True,80,True,1.0,5,0,2,0,0,0,0,131,6,2,3,14,2,1,1,11,0,0,0,58.0,56.0,0.0,True,official_workbook_name_identity,0.0,0.0,0.0,0.9468599033816418,0.9468599033816418,58.94685990338164
2025,1266,3,8476180,2025-02-23,France,339450,Theo Attissogbe,Back-three,False,False,True,80,True,1.0,5,0,1,1,0,0,0,76,3,3,2,7,10,2,0,10,0,0,0,41.0,42.0,0.0,True,official_workbook_name_identity,0.0,0.0,0.0,0.9468599033816418,0.9468599033816418,41.94685990338164
2025,1266,3,8476180,2025-02-23,France,162150,Pierre-Louis Barassi,Centre,False,False,True,80,True,1.0,5,0,1,0,0,0,0,47,1,1,0,9,3,4,0,8,0,0,0,19.0,23.0,0.0,True,official_workbook_name_identity,0.0,0.0,0.0,1.4896551724137947,1.4896551724137947,20.489655172413794
2025,1266,3,8476180,2025-02-23,France,196152,Yoram Moefana,Centre,False,False,True,80,True,1.0,5,0,0,1,0,0,0,70,4,2,4,14,8,0,0,17,0,0,0,35.0,39.0,0.0,True,official_workbook_name_identity,0.0,0.0,0.0,1.4896551724137947,1.4896551724137947,36.4896551724138
2025,1266,3,8476180,2025-02-23,France,231684,Louis Bielle-Biarrey,Back-three,False,False,True,80,True,1.0,5,0,1,3,0,0,0,73,1,1,0,11,3,1,0,6,0,0,0,34.0,37.0,0.0,True,official_workbook_name_identity,0.0,0.0,0.0,0.9468599033816418,0.9468599033816418,34.94685990338164
2025,1266,3,8476180,2025-02-23,France,129822,Thomas Ramos,Back-three,False,False,True,67,True,0.8375,5,0,0,0,8,0,0,43,2,1,3,7,4,3,0,28,0,0,0,34.0,36.0,0.0,True,official_workbook_name_identity,0.0,0.0,0.0,0.9468599033816418,0.9468599033816418,34.94685990338164
2025,1266,3,8476180,2025-02-23,France,135318,Antoine Dupont,Scrum-half,False,False,True,80,True,1.0,5,0,2,3,0,0,0,87,6,2,8,18,5,2,0,83,0,0,0,73.0,90.0,1.0,True,official_workbook_name_identity,0.0,0.0,15.0,1.376068376068376,16.376068376068375,89.37606837606837
2025,1266,3,8476180,2025-02-23,France,178704,Jean-Baptiste Gros,Prop,True,False,True,48,True,0.6,5,0,0,0,0,0,0,2,0,0,0,4,4,0,0,4,0,0,0,4.0,4.0,0.0,True,official_workbook_name_identity,2.646201588428625,0.0,0.0,0.49340065242919223,3.1396022408578173,7.139602240857817
2025,1266,3,8476180,2025-02-23,France,147480,Peato Mauvaka,Hooker,True,False,True,48,True,0.6,5,0,1,0,0,0,0,17,0,0,0,6,6,1,1,3,0,0,0,27.0,22.0,0.0,True,official_workbook_name_identity,2.646201588428625,0.0,0.0,0.912244070268424,3.5584456586970488,30.55844565869705
2025,1266,3,8476180,2025-02-23,France,133446,Uini Atonio,Prop,True,False,True,48,True,0.6,5,0,0,0,0,0,0,3,0,0,0,5,2,1,0,5,0,0,0,2.0,3.0,0.0,True,official_workbook_name_identity,2.646201588428625,0.0,0.0,0.49340065242919223,3.1396022408578173,5.139602240857817
2025,1266,3,8476180,2025-02-23,France,213072,Thibaud Flament,Second-row,True,True,True,65,True,0.8125,5,0,0,0,0,0,0,12,0,0,0,9,6,0,0,6,1,0,0,6.0,9.0,0.0,True,official_workbook_name_identity,3.5833979843304298,0.0,0.0,1.301319777877228,4.884717762207658,10.884717762207657
2025,1266,3,8476180,2025-02-23,France,219930,Mickael Guillard,Second-row,True,True,True,48,True,0.6,5,0,1,0,0,0,0,16,1,1,1,11,3,0,0,1,0,0,0,23.0,31.0,0.0,True,official_workbook_name_identity,2.646201588428625,0.0,0.0,1.301319777877228,3.9475213663058533,26.947521366305853
2025,1266,3,8476180,2025-02-23,France,123366,Francois Cros,Back-row,True,True,True,80,True,1.0,5,0,0,0,0,0,0,11,0,0,0,7,8,0,1,3,0,0,0,14.0,15.0,0.0,True,official_workbook_name_identity,4.410335980714375,0.0,0.0,1.4831920462553747,5.89352802696975,19.89352802696975
2025,1266,3,8476180,2025-02-23,France,198624,Paul Boudehent,Back-row,True,True,True,48,True,0.6,5,0,1,0,0,0,0,12,1,1,0,4,4,0,0,3,1,0,0,21.0,23.0,0.0,True,official_workbook_name_identity,2.646201588428625,0.0,0.0,1.4831920462553747,4.129393634684,25.129393634684
2025,1266,3,8476180,2025-02-23,France,176748,Gregory Alldritt,Back-row,True,True,True,48,True,0.6,5,0,1,0,0,0,0,38,4,0,1,13,7,1,0,8,1,0,0,34.0,47.0,0.0,True,official_workbook_name_identity,2.646201588428625,0.0,0.0,1.4831920462553747,4.129393634684,38.129393634684
2025,1266,3,8476180,2025-02-23,France,135138,Julien Marchand,Hooker,True,False,True,32,False,0.4,5,0,0,0,0,0,0,2,1,0,0,4,2,0,0,3,0,0,0,4.0,13.0,0.0,True,official_workbook_name_identity,1.76413439228575,0.0,0.0,0.912244070268424,2.676378462554174,6.676378462554174
2025,1266,3,8476180,2025-02-23,France,121938,Cyril Baille,Prop,True,False,True,32,False,0.4,5,0,0,0,0,0,0,2,0,0,0,2,4,0,0,3,1,0,0,3.0,7.0,0.0,True,official_workbook_name_identity,1.76413439228575,0.0,0.0,0.49340065242919223,2.2575350447149423,5.257535044714942
2025,1266,3,8476180,2025-02-23,France,127122,Dorian Aldegheri,Prop,True,False,True,32,False,0.4,5,0,0,0,0,0,0,0,0,0,0,1,1,0,0,1,0,0,0,1.0,5.0,0.0,True,official_workbook_name_identity,1.76413439228575,0.0,0.0,0.49340065242919223,2.2575350447149423,3.2575350447149423
2025,1266,3,8476180,2025-02-23,France,58998,Romain Taofifenua,Second-row,True,True,True,32,False,0.4,5,0,0,0,0,0,0,13,0,0,3,7,1,0,0,6,1,0,0,7.0,12.0,0.0,True,official_workbook_name_identity,1.76413439228575,0.0,0.0,1.301319777877228,3.065454170162978,10.065454170162978
2025,1266,3,8476180,2025-02-23,France,146952,Alexandre Roumat,Second-row,True,True,True,15,False,0.1875,5,0,0,0,0,0,0,2,0,0,0,2,2,1,0,4,0,0,0,2.0,2.0,0.0,True,official_workbook_name_identity,0.8269379963839453,0.0,0.0,1.301319777877228,2.1282577742611735,4.128257774261174
2025,1266,3,8476180,2025-02-23,France,242478,Oscar Jegou,Back-row,True,True,True,32,False,0.4,5,0,0,0,0,0,0,10,0,0,1,7,3,1,0,6,0,0,0,6.0,12.0,0.0,True,official_workbook_name_identity,1.76413439228575,0.0,0.0,1.4831920462553747,3.2473264385411245,9.247326438541124
2025,1266,3,8476180,2025-02-23,France,139728,Anthony Jelonch,Back-row,True,True,True,32,False,0.4,5,0,0,1,0,0,0,0,0,0,1,3,1,0,0,5,1,0,0,6.0,11.0,0.0,True,official_workbook_name_identity,1.76413439228575,0.0,0.0,1.4831920462553747,3.2473264385411245,9.247326438541124
2025,1266,3,8476180,2025-02-23,France,186162,Maxime Lucu,Scrum-half,False,False,True,13,False,0.1625,5,0,0,0,1,0,0,10,3,1,1,2,0,0,0,21,0,0,0,11.0,10.0,0.0,True,official_workbook_name_identity,0.0,0.0,0.0,1.376068376068376,1.376068376068376,12.376068376068377
2025,1266,4,8476189,2025-03-08,Ireland,143496,Hugo Keenan,Back-three,False,False,True,80,True,1.0,4,0,0,0,0,0,0,100,3,2,1,12,6,0,0,16,0,0,0,24.0,37.0,0.0,True,official_workbook_name_identity,0.0,0.0,0.0,0.9468599033816418,0.9468599033816418,24.946859903381643
2025,1266,4,8476189,2025-03-08,Ireland,227658,Jamie Osborne,Back-three,False,False,True,80,True,1.0,4,0,0,0,0,0,0,47,4,0,0,11,6,0,0,5,0,0,0,18.0,21.0,0.0,True,official_workbook_name_identity,0.0,0.0,0.0,0.9468599033816418,0.9468599033816418,18.946859903381643
2025,1266,4,8476189,2025-03-08,Ireland,120702,Robbie Henshaw,Centre,False,False,True,80,True,1.0,4,0,0,0,0,0,0,12,1,0,0,8,5,0,0,6,0,0,0,8.0,17.0,0.0,True,official_workbook_name_identity,0.0,0.0,0.0,1.4896551724137947,1.4896551724137947,9.489655172413794
2025,1266,4,8476189,2025-03-08,Ireland,114804,Bundee Aki,Centre,False,False,True,55,True,0.6875,4,0,0,0,0,0,0,13,0,0,0,4,9,1,0,9,0,0,0,10.0,13.0,0.0,True,official_workbook_name_identity,0.0,0.0,0.0,1.4896551724137947,1.4896551724137947,11.489655172413794
2025,1266,4,8476189,2025-03-08,Ireland,148836,Calvin Nash,Back-three,False,False,True,80,True,1.0,4,0,0,0,0,0,0,45,2,1,2,10,1,2,0,3,1,1,0,7.0,9.0,0.0,True,official_workbook_name_identity,0.0,0.0,0.0,0.9468599033816418,0.9468599033816418,7.946859903381641
2025,1266,4,8476189,2025-03-08,Ireland,337638,Sam Prendergast,Fly-half,False,False,True,80,True,1.0,4,0,0,0,3,2,0,45,2,0,2,8,4,3,0,35,0,0,0,28.0,29.0,0.0,True,official_workbook_name_identity,0.0,0.0,0.0,1.6627906976744176,1.6627906976744176,29.662790697674417
2025,1266,4,8476189,2025-03-08,Ireland,120504,Jamison Gibson-Park,Scrum-half,False,False,True,68,True,0.85,4,0,0,0,0,0,0,2,0,0,1,2,5,1,0,72,0,0,0,7.0,7.0,0.0,True,official_workbook_name_identity,0.0,0.0,0.0,1.376068376068376,1.376068376068376,8.376068376068377
2025,1266,4,8476189,2025-03-08,Ireland,139806,Andrew Porter,Prop,True,False,True,68,True,0.85,4,0,0,0,0,0,0,3,0,0,0,5,8,4,0,3,1,0,0,7.0,11.0,0.0,True,official_workbook_name_identity,2.999028466885775,0.0,0.0,0.49340065242919223,3.4924291193149672,10.492429119314966
2025,1266,4,8476189,2025-03-08,Ireland,186096,Dan Sheehan,Hooker,True,False,True,68,True,0.85,4,0,1,0,0,0,0,19,2,0,0,9,3,1,0,2,0,0,0,23.0,30.0,0.0,True,official_workbook_name_identity,2.999028466885775,0.0,0.0,0.912244070268424,3.9112725371541988,26.911272537154197
2025,1266,4,8476189,2025-03-08,Ireland,112068,Finlay Bealham,Prop,True,False,True,59,True,0.7375,4,0,0,0,0,0,0,7,1,0,0,6,6,0,0,2,0,0,0,8.0,14.0,0.0,True,official_workbook_name_identity,2.6020982286214815,0.0,0.0,0.49340065242919223,3.095498881050674,11.095498881050673
2025,1266,4,8476189,2025-03-08,Ireland,220194,Joe McCarthy,Second-row,True,True,True,57,True,0.7125,4,0,0,0,0,0,0,8,1,0,0,9,6,1,0,3,1,1,0,2.0,7.0,0.0,True,official_workbook_name_identity,2.513891509007194,0.0,0.0,1.301319777877228,3.8152112868844217,5.815211286884422
2025,1266,4,8476189,2025-03-08,Ireland,117954,Tadhg Beirne,Second-row,True,True,True,80,True,1.0,4,0,0,0,0,0,0,8,1,0,0,5,9,0,0,7,1,0,0,10.0,13.0,0.0,True,official_workbook_name_identity,3.5282687845715,0.0,0.0,1.301319777877228,4.829588562448728,14.829588562448727
2025,1266,4,8476189,2025-03-08,Ireland,61620,Peter O'Mahony,Back-row,True,True,True,48,True,0.6,4,0,0,0,0,0,0,8,0,0,0,2,3,1,0,5,0,0,0,3.0,7.0,0.0,True,official_workbook_name_identity,2.1169612707429,0.0,0.0,1.4831920462553747,3.6001533169982745,6.6001533169982745
2025,1266,4,8476189,2025-03-08,Ireland,118518,Josh van der Flier,Back-row,True,True,True,48,True,0.6,4,0,0,0,0,0,0,14,0,0,0,9,9,0,0,4,0,0,0,10.0,15.0,0.0,True,official_workbook_name_identity,2.1169612707429,0.0,0.0,1.4831920462553747,3.6001533169982745,13.600153316998274
2025,1266,4,8476189,2025-03-08,Ireland,148680,Caelan Doris,Back-row,True,True,True,64,True,0.8,4,0,0,0,0,0,0,67,1,0,1,16,6,3,0,2,1,0,0,15.0,30.0,0.0,True,official_workbook_name_identity,2.8226150276572,0.0,0.0,1.4831920462553747,4.3058070739125744,19.305807073912575
2025,1266,4,8476189,2025-03-08,Ireland,102312,Rob Herring,Hooker,True,False,True,12,False,0.15,4,0,0,0,0,0,0,2,0,0,0,2,0,0,0,0,0,0,0,0.0,0.0,0.0,True,official_workbook_name_identity,0.529240317685725,0.0,0.0,0.912244070268424,1.441484387954149,1.441484387954149
2025,1266,4,8476189,2025-03-08,Ireland,56550,Cian Healy,Prop,True,False,True,12,False,0.15,4,0,1,0,0,0,0,8,2,0,0,4,0,0,0,1,0,0,0,19.0,21.0,0.0,True,official_workbook_name_identity,0.529240317685725,0.0,0.0,0.49340065242919223,1.0226409701149173,20.022640970114917
2025,1266,4,8476189,2025-03-08,Ireland,203208,Thomas Clarkson,Prop,True,False,True,21,False,0.2625,4,0,0,0,0,0,0,0,0,0,0,3,1,0,0,1,0,0,0,1.0,-1.0,0.0,True,official_workbook_name_identity,0.9261705559500187,0.0,0.0,0.49340065242919223,1.419571208379211,2.419571208379211
2025,1266,4,8476189,2025-03-08,Ireland,143604,James Ryan,Second-row,True,True,True,23,False,0.2875,4,0,0,0,0,0,0,9,0,0,0,3,2,0,0,2,0,0,0,2.0,8.0,0.0,True,official_workbook_name_identity,1.0143772755643061,0.0,0.0,1.301319777877228,2.315697053441534,4.315697053441534
2025,1266,4,8476189,2025-03-08,Ireland,117936,Jack Conan,Back-row,True,True,True,32,False,0.4,4,0,1,0,0,0,0,42,1,1,1,10,2,1,0,2,1,0,0,24.0,27.0,0.0,True,official_workbook_name_identity,1.4113075138286,0.0,0.0,1.4831920462553747,2.8944995600839745,26.894499560083975
2025,1266,4,8476189,2025-03-08,Ireland,203190,Ryan Baird,Back-row,True,True,True,32,False,0.4,4,0,0,0,0,0,0,0,0,0,0,0,4,1,0,5,0,0,0,4.0,4.0,0.0,True,official_workbook_name_identity,1.4113075138286,0.0,0.0,1.4831920462553747,2.8944995600839745,6.8944995600839745
2025,1266,4,8476189,2025-03-08,Ireland,61860,Conor Murray,Scrum-half,False,False,True,12,False,0.15,4,0,0,1,0,0,0,3,0,0,0,1,0,0,0,27,0,0,0,4.0,4.0,0.0,True,official_workbook_name_identity,0.0,0.0,0.0,1.376068376068376,1.376068376068376,5.3760683760683765
2025,1266,4,8476189,2025-03-08,Ireland,201696,Jack Crowley,Fly-half,False,False,True,25,False,0.3125,4,0,0,1,0,0,0,14,0,0,1,3,2,0,0,9,0,0,0,9.0,8.0,0.0,True,official_workbook_name_identity,0.0,0.0,0.0,1.6627906976744176,1.6627906976744176,10.662790697674417
2025,1266,4,8476189,2025-03-08,France,129822,Thomas Ramos,Back-three,False,False,True,80,True,1.0,3,1,0,1,4,3,0,75,1,1,1,9,3,0,0,9,1,0,0,34.0,36.0,0.0,True,official_workbook_name_identity,0.0,0.0,0.0,0.9468599033816418,0.9468599033816418,34.94685990338164
2025,1266,4,8476189,2025-03-08,France,139668,Damian Penaud,Back-three,False,False,True,80,True,1.0,3,1,1,0,0,0,0,101,3,1,1,9,7,4,0,8,0,0,0,35.0,37.0,0.0,True,official_workbook_name_identity,0.0,0.0,0.0,0.9468599033816418,0.9468599033816418,35.94685990338164
2025,1266,4,8476189,2025-03-08,France,162150,Pierre-Louis Barassi,Centre,False,False,True,46,True,0.575,3,1,0,0,0,0,0,21,3,1,1,6,4,2,0,2,0,0,0,14.0,17.0,0.0,True,official_workbook_name_identity,0.0,0.0,0.0,1.4896551724137947,1.4896551724137947,15.489655172413794
2025,1266,4,8476189,2025-03-08,France,196152,Yoram Moefana,Centre,False,False,True,80,True,1.0,3,1,0,0,0,0,0,24,2,0,0,8,12,4,0,9,0,0,0,18.0,19.0,0.0,True,official_workbook_name_identity,0.0,0.0,0.0,1.4896551724137947,1.4896551724137947,19.489655172413794
2025,1266,4,8476189,2025-03-08,France,231684,Louis Bielle-Biarrey,Back-three,False,False,True,80,True,1.0,3,1,2,0,0,0,0,40,0,2,0,5,8,0,0,4,0,0,0,32.0,47.0,1.0,True,official_workbook_name_identity,0.0,0.0,15.0,0.9468599033816418,15.946859903381641,47.94685990338164
2025,1266,4,8476189,2025-03-08,France,165180,Romain Ntamack,Fly-half,False,False,True,80,True,1.0,3,1,0,0,0,0,0,3,0,0,0,4,9,0,0,16,0,0,0,9.0,10.0,0.0,True,official_workbook_name_identity,0.0,0.0,0.0,1.6627906976744176,1.6627906976744176,10.662790697674417
2025,1266,4,8476189,2025-03-08,France,135318,Antoine Dupont,Scrum-half,False,False,True,28,True,0.35,3,1,0,1,0,0,0,53,3,0,0,4,3,0,0,15,2,0,0,16.0,14.0,0.0,True,official_workbook_name_identity,0.0,0.0,0.0,1.376068376068376,1.376068376068376,17.376068376068375
2025,1266,4,8476189,2025-03-08,France,178704,Jean-Baptiste Gros,Prop,True,False,True,48,True,0.6,3,1,0,0,0,0,0,8,0,0,1,5,11,0,0,1,1,0,0,12.0,13.0,0.0,True,official_workbook_name_identity,1.5877209530571748,0.0,0.0,0.49340065242919223,2.081121605486367,14.081121605486366
2025,1266,4,8476189,2025-03-08,France,147480,Peato Mauvaka,Hooker,True,False,True,48,True,0.6,3,1,0,0,0,0,0,15,2,0,0,4,10,1,0,2,1,0,0,14.0,13.0,0.0,True,official_workbook_name_identity,1.5877209530571748,0.0,0.0,0.912244070268424,2.499965023325599,16.4999650233256
2025,1266,4,8476189,2025-03-08,France,133446,Uini Atonio,Prop,True,False,True,48,True,0.6,3,1,0,0,0,0,0,0,0,0,0,1,8,0,0,2,0,0,0,8.0,10.0,0.0,True,official_workbook_name_identity,1.5877209530571748,0.0,0.0,0.49340065242919223,2.081121605486367,10.081121605486366
2025,1266,4,8476189,2025-03-08,France,213072,Thibaud Flament,Second-row,True,True,True,75,True,0.9375,3,1,0,0,0,0,0,11,0,0,0,6,13,2,1,4,1,0,0,18.0,15.0,0.0,True,official_workbook_name_identity,2.480813989151836,0.9666548076459079,0.0,1.301319777877228,4.748788574674972,22.748788574674972
2025,1266,4,8476189,2025-03-08,France,219930,Mickael Guillard,Second-row,True,True,True,48,True,0.6,3,1,0,0,0,0,0,4,1,0,0,2,14,0,0,2,0,0,0,16.0,23.0,0.0,True,official_workbook_name_identity,1.5877209530571748,0.6186590768933811,0.0,1.301319777877228,3.507699807827784,19.507699807827784
2025,1266,4,8476189,2025-03-08,France,123366,Francois Cros,Back-row,True,True,True,80,True,1.0,3,1,0,0,0,0,0,0,0,0,0,0,17,1,2,1,2,1,0,20.0,18.0,0.0,True,official_workbook_name_identity,2.646201588428625,1.0310984614889684,0.0,1.4831920462553747,5.160492096172968,25.160492096172966
2025,1266,4,8476189,2025-03-08,France,198624,Paul Boudehent,Back-row,True,True,True,80,True,1.0,3,1,1,0,0,0,0,45,0,1,0,9,11,1,0,2,2,0,0,28.0,33.0,0.0,True,official_workbook_name_identity,2.646201588428625,1.0310984614889684,0.0,1.4831920462553747,5.160492096172968,33.160492096172966
2025,1266,4,8476189,2025-03-08,France,176748,Gregory Alldritt,Back-row,True,True,True,48,True,0.6,3,1,0,0,0,0,0,14,0,0,0,4,14,1,0,3,0,0,0,15.0,14.0,0.0,True,official_workbook_name_identity,1.5877209530571748,0.6186590768933811,0.0,1.4831920462553747,3.6895720762059305,18.68957207620593
2025,1266,4,8476189,2025-03-08,France,135138,Julien Marchand,Hooker,True,False,True,32,False,0.4,3,1,0,0,0,0,0,27,1,0,1,6,8,0,0,3,0,0,0,14.0,24.0,0.0,True,official_workbook_name_identity,1.0584806353714502,0.0,0.0,0.912244070268424,1.9707247056398742,15.970724705639874
2025,1266,4,8476189,2025-03-08,France,121938,Cyril Baille,Prop,True,False,True,32,False,0.4,3,1,0,0,0,0,0,0,0,0,1,3,8,0,0,3,0,0,0,10.0,19.0,0.0,True,official_workbook_name_identity,1.0584806353714502,0.0,0.0,0.49340065242919223,1.5518812878006425,11.551881287800642
2025,1266,4,8476189,2025-03-08,France,127122,Dorian Aldegheri,Prop,True,False,True,32,False,0.4,3,1,0,0,0,0,0,0,0,0,0,0,7,1,0,1,0,0,0,7.0,10.0,0.0,True,official_workbook_name_identity,1.0584806353714502,0.0,0.0,0.49340065242919223,1.5518812878006425,8.551881287800642
2025,1266,4,8476189,2025-03-08,France,166476,Emmanuel Meafou,Second-row,True,True,True,32,False,0.4,3,1,0,0,0,0,0,7,1,0,1,4,3,0,0,6,2,0,0,5.0,8.0,0.0,True,official_workbook_name_identity,1.0584806353714502,0.4124393845955874,0.0,1.301319777877228,2.7722397978442657,7.772239797844266
2025,1266,4,8476189,2025-03-08,France,238278,Hugo Auradou,Second-row,True,True,True,5,False,0.0625,3,1,0,0,0,0,0,0,0,0,0,0,1,0,0,0,0,0,0,1.0,5.0,0.0,True,official_workbook_name_identity,0.16538759927678906,0.06444365384306053,0.0,1.301319777877228,1.5311510309970777,2.5311510309970777
2025,1266,4,8476189,2025-03-08,France,242478,Oscar Jegou,Back-row,True,True,True,34,False,0.425,3,1,1,0,0,0,0,3,0,0,0,2,11,3,1,1,0,0,0,31.0,26.0,0.0,True,official_workbook_name_identity,1.1246356750821656,0.4382168461328116,0.0,1.4831920462553747,3.046044567470352,34.046044567470354
2025,1266,4,8476189,2025-03-08,France,139728,Anthony Jelonch,Back-row,True,True,True,32,False,0.4,3,1,0,0,0,0,0,11,2,0,0,2,4,1,0,1,1,0,0,8.0,9.0,0.0,True,official_workbook_name_identity,1.0584806353714502,0.4124393845955874,0.0,1.4831920462553747,2.9541120662224123,10.954112066222413
2025,1266,4,8476189,2025-03-08,France,186162,Maxime Lucu,Scrum-half,False,False,True,52,False,0.65,3,1,0,1,0,0,0,11,0,0,1,3,10,0,0,36,0,0,0,17.0,17.0,0.0,True,official_workbook_name_identity,0.0,0.0,0.0,1.376068376068376,1.376068376068376,18.376068376068375
2025,1266,4,8476198,2025-03-08,Scotland,139902,Blair Kinghorn,Back-three,False,False,True,80,True,1.0,2,0,2,0,0,0,0,96,6,2,4,14,1,1,0,10,0,0,0,50.0,71.0,1.0,True,official_workbook_name_identity,0.0,0.0,15.0,0.9468599033816418,15.946859903381641,65.94685990338164
2025,1266,4,8476198,2025-03-08,Scotland,146754,Darcy Graham,Back-three,False,False,True,66,True,0.825,2,0,1,1,0,0,0,51,2,1,0,11,6,1,0,3,0,0,0,29.0,33.0,0.0,True,official_workbook_name_identity,0.0,0.0,0.0,0.9468599033816418,0.9468599033816418,29.946859903381643
2025,1266,4,8476198,2025-03-08,Scotland,136776,Huw Jones,Centre,False,False,True,80,True,1.0,2,0,0,1,0,0,0,54,1,3,1,11,6,1,0,7,1,0,0,18.0,26.0,0.0,True,official_workbook_name_identity,0.0,0.0,0.0,1.4896551724137947,1.4896551724137947,19.489655172413794
2025,1266,4,8476198,2025-03-08,Scotland,242766,Tom Jordan,Centre,False,False,True,80,True,1.0,2,0,2,0,0,0,0,65,5,2,1,15,8,3,0,14,1,0,0,45.0,52.0,0.0,True,official_workbook_name_identity,0.0,0.0,0.0,1.4896551724137947,1.4896551724137947,46.4896551724138
2025,1266,4,8476198,2025-03-08,Scotland,131400,Duhan van der Merwe,Back-three,False,False,True,80,True,1.0,2,0,0,0,0,0,0,50,8,0,1,11,2,2,1,6,0,0,0,30.0,28.0,0.0,True,official_workbook_name_identity,0.0,0.0,0.0,0.9468599033816418,0.9468599033816418,30.946859903381643
2025,1266,4,8476198,2025-03-08,Scotland,117894,Finn Russell,Fly-half,False,False,True,61,True,0.7625,2,0,0,2,5,0,0,0,1,0,0,3,5,1,0,28,0,0,0,25.0,26.0,0.0,True,official_workbook_name_identity,0.0,0.0,0.0,1.6627906976744176,1.6627906976744176,26.662790697674417
2025,1266,4,8476198,2025-03-08,Scotland,142476,Ben White,Scrum-half,False,False,True,55,True,0.6875,2,0,0,0,0,0,0,7,1,0,1,2,2,1,0,71,0,0,0,6.0,6.0,0.0,True,official_workbook_name_identity,0.0,0.0,0.0,1.376068376068376,1.376068376068376,7.3760683760683765
2025,1266,4,8476198,2025-03-08,Scotland,130290,Pierre Schoeman,Prop,True,False,True,61,True,0.7625,2,0,0,0,0,0,0,22,0,0,0,10,6,0,0,0,0,0,0,8.0,15.0,0.0,True,official_workbook_name_identity,1.3451524741178842,0.0,0.0,0.49340065242919223,1.8385531265470765,9.838553126547076
2025,1266,4,8476198,2025-03-08,Scotland,111864,Dave Cherry,Hooker,True,False,True,55,True,0.6875,2,0,0,0,0,0,0,11,0,0,0,8,10,1,0,1,0,0,0,11.0,14.0,0.0,True,official_workbook_name_identity,1.212842394696453,0.0,0.0,0.912244070268424,2.125086464964877,13.125086464964877
2025,1266,4,8476198,2025-03-08,Scotland,130530,Zander Fagerson,Prop,True,False,True,61,True,0.7625,2,0,0,0,0,0,0,15,0,0,0,7,12,1,0,1,2,0,0,11.0,14.0,0.0,True,official_workbook_name_identity,1.3451524741178842,0.0,0.0,0.49340065242919223,1.8385531265470765,12.838553126547076
2025,1266,4,8476198,2025-03-08,Scotland,117852,Jonny Gray,Second-row,True,True,True,66,True,0.825,2,0,0,0,0,0,0,9,0,0,2,8,13,0,0,12,0,0,0,17.0,18.0,0.0,True,official_workbook_name_identity,1.4554108736357436,0.0,0.0,1.301319777877228,2.7567306515129717,19.75673065151297
2025,1266,4,8476198,2025-03-08,Scotland,102762,Grant Gilchrist,Second-row,True,True,True,80,True,1.0,2,0,0,0,0,0,0,5,1,0,0,13,8,0,0,7,2,0,0,8.0,13.0,0.0,True,official_workbook_name_identity,1.76413439228575,0.0,0.0,1.301319777877228,3.065454170162978,11.065454170162978
2025,1266,4,8476198,2025-03-08,Scotland,130536,Jamie Ritchie,Back-row,True,True,True,80,True,1.0,2,0,0,0,0,0,0,6,2,0,0,7,9,0,0,3,2,0,0,11.0,25.0,0.0,True,official_workbook_name_identity,1.76413439228575,0.0,0.0,1.4831920462553747,3.2473264385411245,14.247326438541124
2025,1266,4,8476198,2025-03-08,Scotland,180222,Rory Darge,Back-row,True,True,True,35,True,0.4375,2,0,0,0,0,0,0,4,0,0,0,1,6,0,0,2,1,0,0,5.0,5.0,0.0,True,official_workbook_name_identity,0.7718087966250156,0.0,0.0,1.4831920462553747,2.2550008428803903,7.25500084288039
2025,1266,4,8476198,2025-03-08,Scotland,124308,Jack Dempsey,Back-row,True,True,True,80,True,1.0,2,0,0,0,0,0,0,93,3,0,1,19,13,1,0,8,0,0,0,30.0,36.0,0.0,True,official_workbook_name_identity,1.76413439228575,0.0,0.0,1.4831920462553747,3.2473264385411245,33.24732643854112
2025,1266,4,8476198,2025-03-08,Scotland,187422,Ewan Ashman,Hooker,True,False,True,25,False,0.3125,2,0,0,0,0,0,0,6,0,0,2,3,6,0,0,3,0,0,0,10.0,13.0,0.0,True,official_workbook_name_identity,0.5512919975892969,0.0,0.0,0.912244070268424,1.463536067857721,11.46353606785772
2025,1266,4,8476198,2025-03-08,Scotland,134172,Rory Sutherland,Prop,True,False,True,19,False,0.2375,2,0,0,0,0,0,0,6,0,0,0,6,2,0,0,0,1,0,0,1.0,4.0,0.0,True,official_workbook_name_identity,0.4189819181678656,0.0,0.0,0.49340065242919223,0.9123825705970579,1.9123825705970579
2025,1266,4,8476198,2025-03-08,Scotland,203400,Will Hurd,Prop,True,False,True,19,False,0.2375,2,0,0,0,0,0,0,10,0,0,0,5,1,0,0,0,1,0,0,1.0,4.0,0.0,True,official_workbook_name_identity,0.4189819181678656,0.0,0.0,0.49340065242919223,0.9123825705970579,1.9123825705970579
2025,1266,4,8476198,2025-03-08,Scotland,220296,Gregor Brown,Second-row,True,True,True,14,False,0.175,2,0,0,0,0,0,0,8,0,0,0,5,1,0,0,2,0,0,0,1.0,5.0,0.0,True,official_workbook_name_identity,0.30872351865000625,0.0,0.0,1.301319777877228,1.6100432965272344,2.6100432965272344
2025,1266,4,8476198,2025-03-08,Scotland,161856,Matt Fagerson,Back-row,True,True,True,45,False,0.5625,2,0,0,0,0,0,0,7,0,0,2,4,13,0,0,9,0,0,0,17.0,25.0,0.0,True,official_workbook_name_identity,0.9923255956607344,0.0,0.0,1.4831920462553747,2.475517641916109,19.47551764191611
2025,1266,4,8476198,2025-03-08,Scotland,129792,George Horne,Scrum-half,False,False,True,25,False,0.3125,2,0,0,0,0,0,0,23,2,1,1,3,6,1,0,29,0,0,0,14.0,14.0,0.0,True,official_workbook_name_identity,0.0,0.0,0.0,1.376068376068376,1.376068376068376,15.376068376068377
2025,1266,4,8476198,2025-03-08,Scotland,163866,Stafford McDowall,Centre,False,False,True,19,False,0.2375,2,0,0,0,0,0,0,7,1,0,0,5,1,1,0,1,0,0,0,3.0,7.0,0.0,True,official_workbook_name_identity,0.0,0.0,0.0,1.4896551724137947,1.4896551724137947,4.489655172413794
2025,1266,4,8476198,2025-03-08,Scotland,179370,Kyle Rowe,Back-three,False,False,True,14,False,0.175,2,0,0,0,0,0,0,4,0,0,0,3,1,2,0,2,0,0,0,1.0,2.0,0.0,True,official_workbook_name_identity,0.0,0.0,0.0,0.9468599033816418,0.9468599033816418,1.9468599033816418
2025,1266,4,8476198,2025-03-08,Wales,197892,Blair Murray,Back-three,False,False,True,80,True,1.0,5,2,1,0,0,0,0,65,4,0,1,8,5,1,0,9,2,0,0,29.0,30.0,0.0,True,official_workbook_name_identity,0.0,0.0,0.0,0.9468599033816418,0.9468599033816418,29.946859903381643
2025,1266,4,8476198,2025-03-08,Wales,177600,Tom Rogers,Back-three,False,False,True,9,True,0.1125,5,2,0,0,0,0,0,0,0,0,0,0,1,1,0,0,0,0,0,1.0,1.0,0.0,True,official_workbook_name_identity,0.0,0.0,0.0,0.9468599033816418,0.9468599033816418,1.9468599033816418
2025,1266,4,8476198,2025-03-08,Wales,177912,Max Llewellyn,Centre,False,False,True,80,True,1.0,5,2,1,0,0,0,0,37,3,0,0,10,3,4,1,4,1,0,0,26.0,26.0,0.0,True,official_workbook_name_identity,0.0,0.0,0.0,1.4896551724137947,1.4896551724137947,27.489655172413794
2025,1266,4,8476198,2025-03-08,Wales,154968,Ben Thomas,Centre,False,False,True,80,True,1.0,5,2,1,1,0,0,0,12,2,1,0,3,17,4,1,16,1,0,0,40.0,38.0,0.0,True,official_workbook_name_identity,0.0,0.0,0.0,1.4896551724137947,1.4896551724137947,41.4896551724138
2025,1266,4,8476198,2025-03-08,Wales,363636,Ellis Mee,Back-three,False,False,True,80,True,1.0,5,2,0,0,0,0,0,47,0,0,0,5,7,2,0,1,0,0,0,11.0,13.0,0.0,True,official_workbook_name_identity,0.0,0.0,0.0,0.9468599033816418,0.9468599033816418,11.946859903381641
2025,1266,4,8476198,2025-03-08,Wales,109668,Gareth Anscombe,Fly-half,False,False,True,55,True,0.6875,5,2,0,1,0,1,0,0,0,0,0,2,5,2,0,24,0,0,0,12.0,12.0,0.0,True,official_workbook_name_identity,0.0,0.0,0.0,1.6627906976744176,1.6627906976744176,13.662790697674417
2025,1266,4,8476198,2025-03-08,Wales,128628,Tomos Williams,Scrum-half,False,False,True,69,True,0.8625,5,2,0,1,0,0,0,7,0,0,0,1,6,1,0,70,0,0,0,10.0,9.0,0.0,True,official_workbook_minutes_identity,0.0,0.0,0.0,1.376068376068376,1.376068376068376,11.376068376068377
2025,1266,4,8476198,2025-03-08,Wales,121974,Nicky Smith,Prop,True,False,True,55,True,0.6875,5,2,0,0,0,0,0,5,1,0,0,5,11,1,0,2,1,0,0,12.0,17.0,0.0,True,official_workbook_name_identity,3.032105986741133,0.0,0.0,0.49340065242919223,3.525506639170325,15.525506639170326
2025,1266,4,8476198,2025-03-08,Wales,122628,Elliot Dee,Hooker,True,False,True,45,True,0.5625,5,2,0,0,0,0,0,8,0,0,0,6,14,0,0,4,1,0,0,13.0,18.0,0.0,True,official_workbook_name_identity,2.480813989151836,0.0,0.0,0.912244070268424,3.3930580594202597,16.39305805942026
2025,1266,4,8476198,2025-03-08,Wales,111564,WillGriff John,Prop,True,False,True,45,True,0.5625,5,2,0,0,0,0,0,0,0,0,0,2,13,1,0,0,1,1,0,7.0,8.0,0.0,True,official_workbook_name_identity,2.480813989151836,0.0,0.0,0.49340065242919223,2.974214641581028,9.974214641581028
2025,1266,4,8476198,2025-03-08,Wales,122568,Will Rowlands,Second-row,True,True,True,62,True,0.775,5,2,0,0,0,0,0,2,0,0,0,4,12,2,0,4,1,0,0,11.0,14.0,0.0,True,official_workbook_name_identity,3.4180103850536407,1.5982026153079012,0.0,1.301319777877228,6.31753277823877,17.31753277823877
2025,1266,4,8476198,2025-03-08,Wales,232104,Dafydd Jenkins,Second-row,True,True,True,80,True,1.0,5,2,0,0,0,0,0,12,0,0,0,8,28,2,2,7,0,0,0,39.0,42.0,0.0,True,official_workbook_name_identity,4.410335980714375,2.062196922977937,0.0,1.301319777877228,7.77385268156954,46.77385268156954
2025,1266,4,8476198,2025-03-08,Wales,203070,Jac Morgan,Back-row,True,True,True,80,True,1.0,5,2,0,0,0,0,0,23,0,0,0,9,25,0,1,6,1,0,0,31.0,39.0,0.0,True,official_workbook_name_identity,4.410335980714375,2.062196922977937,0.0,1.4831920462553747,7.955724949947687,38.95572494994769
2025,1266,4,8476198,2025-03-08,Wales,155826,Tommy Reffell,Back-row,True,True,True,35,True,0.4375,5,2,0,0,0,0,0,0,0,0,0,2,14,2,0,3,0,0,0,14.0,15.0,0.0,True,official_workbook_name_identity,1.929521991562539,0.9022111538028474,0.0,1.4831920462553747,4.314925191620761,18.31492519162076
2025,1266,4,8476198,2025-03-08,Wales,66186,Taulupe Faletau,Back-row,True,True,True,80,True,1.0,5,2,0,0,0,0,0,111,2,0,0,15,19,0,0,9,1,0,0,33.0,41.0,0.0,True,official_workbook_name_identity,4.410335980714375,2.062196922977937,0.0,1.4831920462553747,7.955724949947687,40.95572494994769
2025,1266,4,8476198,2025-03-08,Wales,178848,Dewi Lake,Hooker,True,False,True,35,False,0.4375,5,2,0,0,0,0,0,8,0,0,0,6,11,0,0,2,0,0,0,11.0,16.0,0.0,True,official_workbook_name_identity,1.929521991562539,0.0,0.0,0.912244070268424,2.8417660618309633,13.841766061830963
2025,1266,4,8476198,2025-03-08,Wales,119118,Gareth Thomas,Prop,True,False,True,25,False,0.3125,5,2,0,0,0,0,0,2,0,0,0,1,14,1,1,1,0,0,0,19.0,16.0,0.0,True,official_workbook_name_identity,1.378229993973242,0.0,0.0,0.49340065242919223,1.8716306464024344,20.871630646402433
2025,1266,4,8476198,2025-03-08,Wales,144480,Keiron Assiratti,Prop,True,False,True,5,False,0.0625,5,2,0,0,0,0,0,0,0,0,0,1,6,2,0,2,0,0,0,6.0,9.0,0.0,True,official_workbook_name_identity,0.27564599879464846,0.0,0.0,0.49340065242919223,0.7690466512238407,6.7690466512238405
2025,1266,4,8476198,2025-03-08,Wales,203082,Teddy Williams,Second-row,True,True,True,18,False,0.225,5,2,1,0,0,0,0,5,1,0,0,2,11,0,0,1,0,0,0,28.0,37.0,0.0,True,official_workbook_minutes_identity,0.9923255956607344,0.4639943076700358,0.0,1.301319777877228,2.7576396812079986,30.757639681207998
2025,1266,4,8476198,2025-03-08,Wales,176652,Aaron Wainwright,Back-row,True,True,True,35,False,0.4375,5,2,0,0,0,0,0,8,0,0,0,3,10,0,0,3,1,0,0,9.0,13.0,0.0,True,official_workbook_name_identity,1.929521991562539,0.9022111538028474,0.0,1.4831920462553747,4.314925191620761,13.31492519162076
2025,1266,4,8476198,2025-03-08,Wales,116400,Rhodri Williams,Scrum-half,False,False,True,11,False,0.1375,5,2,0,0,0,0,0,4,0,0,0,1,5,1,0,4,0,0,0,5.0,4.0,0.0,True,official_workbook_name_identity,0.0,0.0,0.0,1.376068376068376,1.376068376068376,6.3760683760683765
2025,1266,4,8476198,2025-03-08,Wales,139716,Jarrod Evans,Fly-half,False,False,True,25,False,0.3125,5,2,0,1,3,0,0,0,0,0,0,1,1,2,0,9,0,0,0,11.0,11.0,0.0,True,official_workbook_name_identity,0.0,0.0,0.0,1.6627906976744176,1.6627906976744176,12.662790697674417
2025,1266,4,8476198,2025-03-08,Wales,203736,Joe Roberts,Back-three,False,False,True,71,False,0.8875,5,2,0,0,0,0,0,116,4,2,0,7,6,4,0,2,0,0,0,25.0,27.0,0.0,True,official_workbook_name_identity,0.0,0.0,0.0,0.9468599033816418,0.9468599033816418,25.946859903381643
2025,1266,4,8476207,2025-03-09,England,111072,Elliot Daly,Back-three,False,False,True,80,True,1.0,6,2,0,1,0,0,0,41,2,0,0,8,5,0,0,7,2,0,0,15.0,20.0,0.0,True,official_workbook_name_identity,0.0,0.0,0.0,0.9468599033816418,0.9468599033816418,15.946859903381641
2025,1266,4,8476207,2025-03-09,England,213192,Tommy Freeman,Back-three,False,False,True,80,True,1.0,6,2,1,0,0,0,0,76,5,3,4,15,4,0,0,10,0,0,0,39.0,43.0,0.0,True,official_workbook_name_identity,0.0,0.0,0.0,0.9468599033816418,0.9468599033816418,39.94685990338164
2025,1266,4,8476207,2025-03-09,England,177378,Ollie Lawrence,Centre,False,False,True,8,True,0.1,6,2,0,0,0,0,0,21,0,0,1,3,1,0,0,1,0,0,0,5.0,6.0,0.0,True,official_workbook_name_identity,0.0,0.0,0.0,1.4896551724137947,1.4896551724137947,6.489655172413794
2025,1266,4,8476207,2025-03-09,England,156030,Fraser Dingwall,Centre,False,False,True,73,True,0.9125,6,2,0,0,0,0,0,3,1,0,0,4,8,2,0,9,0,0,0,10.0,12.0,0.0,True,official_workbook_name_identity,0.0,0.0,0.0,1.4896551724137947,1.4896551724137947,11.489655172413794
2025,1266,4,8476207,2025-03-09,England,172416,Ollie Sleightholme,Back-three,False,False,True,80,True,1.0,6,2,2,0,0,0,0,24,5,2,1,9,1,2,0,3,1,0,0,34.0,43.0,0.0,True,official_workbook_name_identity,0.0,0.0,0.0,0.9468599033816418,0.9468599033816418,34.94685990338164
2025,1266,4,8476207,2025-03-09,England,227772,Fin Smith,Fly-half,False,False,True,80,True,1.0,6,2,0,0,6,0,0,21,2,0,0,11,9,1,0,29,0,0,0,27.0,30.0,0.0,True,official_workbook_name_identity,0.0,0.0,0.0,1.6627906976744176,1.6627906976744176,28.662790697674417
2025,1266,4,8476207,2025-03-09,England,142356,Alex Mitchell,Scrum-half,False,False,True,63,True,0.7875,6,2,0,1,0,0,0,19,2,0,0,8,3,1,0,71,0,0,0,12.0,13.0,0.0,True,official_workbook_name_identity,0.0,0.0,0.0,1.376068376068376,1.376068376068376,13.376068376068377
2025,1266,4,8476207,2025-03-09,England,136680,Ellis Genge,Prop,True,False,True,59,True,0.7375,6,2,0,0,0,0,0,9,1,0,0,6,4,1,0,3,1,0,0,5.0,9.0,0.0,True,official_workbook_name_identity,3.9031473429322223,0.0,0.0,0.49340065242919223,4.396547995361415,9.396547995361415
2025,1266,4,8476207,2025-03-09,England,61134,Jamie George,Hooker,True,False,True,53,True,0.6625,6,2,0,1,0,0,0,6,0,0,1,5,4,1,0,7,0,0,0,10.0,14.0,0.0,True,official_workbook_name_identity,3.5062171046679276,0.0,0.0,0.912244070268424,4.418461174936351,14.41846117493635
2025,1266,4,8476207,2025-03-09,England,144738,Will Stuart,Prop,True,False,True,59,True,0.7375,6,2,0,0,0,0,0,8,3,0,1,4,6,0,1,3,1,0,0,18.0,17.0,0.0,True,official_workbook_name_identity,3.9031473429322223,0.0,0.0,0.49340065242919223,4.396547995361415,22.396547995361416
2025,1266,4,8476207,2025-03-09,England,122652,Maro Itoje,Second-row,True,True,True,80,True,1.0,6,2,0,0,0,0,0,24,1,0,0,11,9,0,0,5,2,0,0,11.0,14.0,0.0,True,official_workbook_name_identity,5.29240317685725,2.062196922977937,0.0,1.301319777877228,8.655919877712416,19.655919877712414
2025,1266,4,8476207,2025-03-09,England,218742,Ollie Chessum,Second-row,True,True,True,80,True,1.0,6,2,0,0,0,0,0,58,4,1,1,8,5,3,1,5,1,0,0,24.0,46.0,1.0,True,official_workbook_name_identity,5.29240317685725,2.062196922977937,15.0,1.301319777877228,23.655919877712417,47.65591987771242
2025,1266,4,8476207,2025-03-09,England,155892,Tom Curry,Back-row,True,True,True,55,True,0.6875,6,2,1,1,0,0,0,21,1,0,1,6,6,0,0,2,0,0,0,31.0,34.0,0.0,True,official_workbook_name_identity,3.638527184089359,1.4177603845473317,0.0,1.4831920462553747,6.539479614892065,37.539479614892066
2025,1266,4,8476207,2025-03-09,England,142404,Ben Earl,Back-row,True,True,True,50,True,0.625,6,2,1,0,0,0,0,112,0,2,0,17,5,0,0,2,1,0,0,30.0,34.0,0.0,True,official_workbook_name_identity,3.307751985535781,1.2888730768612104,0.0,1.4831920462553747,6.0798171086523665,36.079817108652364
2025,1266,4,8476207,2025-03-09,England,164394,Tom Willis,Back-row,True,True,True,44,True,0.55,6,2,1,0,0,0,0,24,2,0,1,11,8,0,1,5,0,0,0,36.0,40.0,0.0,True,official_workbook_name_identity,2.9108217472714877,1.1342083076378653,0.0,1.4831920462553747,5.528222101164728,41.52822210116473
2025,1266,4,8476207,2025-03-09,England,115452,Luke Cowan-Dickie,Hooker,True,False,True,27,False,0.3375,6,2,0,0,0,0,0,5,0,0,0,2,2,1,0,1,1,0,0,1.0,2.0,0.0,True,official_workbook_name_identity,1.7861860721893221,0.0,0.0,0.912244070268424,2.698430142457746,3.698430142457746
2025,1266,4,8476207,2025-03-09,England,226920,Fin Baxter,Prop,True,False,True,21,False,0.2625,6,2,0,0,0,0,0,0,0,0,0,0,3,2,0,0,2,0,0,1.0,2.0,0.0,True,official_workbook_name_identity,1.3892558339250283,0.0,0.0,0.49340065242919223,1.8826564863542206,2.882656486354221
2025,1266,4,8476207,2025-03-09,England,178806,Joe Heyes,Prop,True,False,True,21,False,0.2625,6,2,0,0,0,0,0,1,0,0,0,1,1,1,0,0,0,0,0,1.0,2.0,0.0,True,official_workbook_name_identity,1.3892558339250283,0.0,0.0,0.49340065242919223,1.8826564863542206,2.882656486354221
2025,1266,4,8476207,2025-03-09,England,155868,Ted Hill,Back-row,True,True,True,4,False,0.05,6,2,0,0,0,0,0,1,0,0,0,1,1,0,0,0,0,0,0,1.0,1.0,0.0,True,official_workbook_name_identity,0.26462015884286255,0.10310984614889684,0.0,1.4831920462553747,1.850922051247134,2.8509220512471343
2025,1266,4,8476207,2025-03-09,England,264444,Chandler Cunningham-South,Back-row,True,True,True,30,False,0.375,6,2,0,0,0,0,0,31,1,0,0,2,4,1,0,0,0,0,0,9.0,18.0,0.0,True,official_workbook_name_identity,1.9846511913214688,0.7733238461167263,0.0,1.4831920462553747,4.24116708369357,13.24116708369357
2025,1266,4,8476207,2025-03-09,England,155898,Ben Curry,Back-row,True,True,True,36,False,0.45,6,2,0,1,0,0,0,21,1,1,0,3,4,2,1,6,1,0,0,16.0,23.0,0.0,True,official_workbook_name_identity,2.3815814295857627,0.9279886153400716,0.0,1.4831920462553747,4.792762091181209,20.79276209118121
2025,1266,4,8476207,2025-03-09,England,213786,Jack van Poortvliet,Scrum-half,False,False,True,17,False,0.2125,6,2,0,0,0,0,0,0,0,0,0,0,1,2,0,5,1,0,0,0.0,0.0,0.0,True,official_workbook_name_identity,0.0,0.0,0.0,1.376068376068376,1.376068376068376,1.376068376068376
2025,1266,4,8476207,2025-03-09,England,156288,Marcus Smith,Fly-half,False,False,True,72,False,0.9,6,2,1,1,0,0,0,52,5,1,0,9,3,1,0,11,0,0,0,32.0,36.0,0.0,True,official_workbook_name_identity,0.0,0.0,0.0,1.6627906976744176,1.6627906976744176,33.66279069767442
2025,1266,4,8476207,2025-03-09,Italy,207774,Ange Capuozzo,Back-three,False,False,True,69,True,0.8625,4,0,1,1,0,0,0,69,2,2,0,11,1,3,0,5,2,0,0,23.0,25.0,0.0,True,official_workbook_name_identity,0.0,0.0,0.0,0.9468599033816418,0.9468599033816418,23.946859903381643
2025,1266,4,8476207,2025-03-09,Italy,134016,Monty Ioane,Back-three,False,False,True,80,True,1.0,4,0,0,1,0,0,0,20,2,0,0,7,2,3,0,2,0,0,0,12.0,13.0,0.0,True,official_workbook_name_identity,0.0,0.0,0.0,0.9468599033816418,0.9468599033816418,12.946859903381641
2025,1266,4,8476207,2025-03-09,Italy,118614,Juan Ignacio Brex,Centre,False,False,True,80,True,1.0,4,0,0,0,0,0,0,12,0,1,0,4,9,4,0,5,0,0,0,10.0,11.0,0.0,True,official_workbook_name_identity,0.0,0.0,0.0,1.4896551724137947,1.4896551724137947,11.489655172413794
2025,1266,4,8476207,2025-03-09,Italy,226818,Tommaso Menoncello,Centre,False,False,True,80,True,1.0,4,0,1,0,0,0,0,22,4,1,0,7,7,2,0,2,0,0,0,27.0,39.0,0.0,True,official_workbook_name_identity,0.0,0.0,0.0,1.4896551724137947,1.4896551724137947,28.489655172413794
2025,1266,4,8476207,2025-03-09,Italy,135870,Matt Gallagher,Back-three,False,False,True,76,True,0.95,4,0,0,0,0,0,0,20,0,0,0,3,2,1,0,3,2,0,0,2.0,2.0,0.0,True,official_workbook_name_identity,0.0,0.0,0.0,0.9468599033816418,0.9468599033816418,2.946859903381642
2025,1266,4,8476207,2025-03-09,Italy,203034,Paolo Garbisi,Fly-half,False,False,True,80,True,1.0,4,0,0,0,3,1,0,9,1,0,0,2,13,1,0,21,0,0,0,24.0,25.0,0.0,True,official_workbook_name_identity,0.0,0.0,0.0,1.6627906976744176,1.6627906976744176,25.662790697674417
2025,1266,4,8476207,2025-03-09,Italy,213144,Stephen Varney,Scrum-half,False,False,True,55,True,0.6875,4,0,0,0,0,0,0,7,0,0,1,3,3,1,0,42,0,0,0,5.0,5.0,0.0,True,official_workbook_name_identity,0.0,0.0,0.0,1.376068376068376,1.376068376068376,6.3760683760683765
2025,1266,4,8476207,2025-03-09,Italy,164232,Danilo Fischetti,Prop,True,False,True,59,True,0.7375,4,0,0,0,0,0,0,8,1,0,0,6,11,3,0,0,0,0,0,13.0,17.0,0.0,True,official_workbook_name_identity,2.6020982286214815,0.0,0.0,0.49340065242919223,3.095498881050674,16.095498881050673
2025,1266,4,8476207,2025-03-09,Italy,226836,Giacomo Nicotera,Hooker,True,False,True,50,True,0.625,4,0,0,0,0,0,0,0,0,0,0,2,12,5,0,0,0,0,0,12.0,14.0,0.0,True,official_workbook_name_identity,2.2051679903571877,0.0,0.0,0.912244070268424,3.117412060625612,15.117412060625611
2025,1266,4,8476207,2025-03-09,Italy,144684,Marco Riccioni,Prop,True,False,True,47,True,0.5875,4,0,0,0,0,0,0,0,0,0,0,3,10,1,0,1,2,0,0,8.0,8.0,0.0,True,official_workbook_name_identity,2.072857910935756,0.0,0.0,0.49340065242919223,2.5662585633649484,10.566258563364949
2025,1266,4,8476207,2025-03-09,Italy,167196,Niccolo Cannone,Second-row,True,True,True,68,True,0.85,4,0,0,0,0,0,0,0,0,0,0,3,14,0,0,2,1,0,0,13.0,14.0,0.0,True,official_workbook_name_identity,2.999028466885775,0.0,0.0,1.301319777877228,4.300348244763003,17.300348244763004
2025,1266,4,8476207,2025-03-09,Italy,129234,Federico Ruzza,Second-row,True,True,True,80,True,1.0,4,0,0,0,0,0,0,8,0,0,0,3,12,2,1,3,2,0,0,15.0,13.0,0.0,True,official_workbook_name_identity,3.5282687845715,0.0,0.0,1.301319777877228,4.829588562448728,19.829588562448727
2025,1266,4,8476207,2025-03-09,Italy,129216,Sebastian Negri,Back-row,True,True,True,80,True,1.0,4,0,0,0,0,0,0,9,0,0,0,10,16,1,0,6,0,0,0,16.0,23.0,0.0,True,official_workbook_name_identity,3.5282687845715,0.0,0.0,1.4831920462553747,5.011460830826874,21.011460830826874
2025,1266,4,8476207,2025-03-09,Italy,164220,Michele Lamaro,Back-row,True,True,True,50,True,0.625,4,0,0,0,0,0,0,14,0,0,0,3,10,0,0,5,0,0,0,11.0,12.0,0.0,True,official_workbook_name_identity,2.2051679903571877,0.0,0.0,1.4831920462553747,3.688360036612562,14.688360036612561
2025,1266,4,8476207,2025-03-09,Italy,231840,Ross Vintcent,Back-row,True,True,True,50,True,0.625,4,0,1,0,0,0,0,50,2,0,1,6,11,2,0,1,0,0,0,37.0,39.0,0.0,True,official_workbook_name_identity,2.2051679903571877,0.0,0.0,1.4831920462553747,3.688360036612562,40.688360036612565
2025,1266,4,8476207,2025-03-09,Italy,202980,Gianmarco Lucchesi,Hooker,True,False,True,30,False,0.375,4,0,0,0,0,0,0,2,0,0,0,1,3,1,0,2,0,0,0,3.0,5.0,0.0,True,official_workbook_name_identity,1.3231007942143125,0.0,0.0,0.912244070268424,2.2353448644827365,5.2353448644827365
2025,1266,4,8476207,2025-03-09,Italy,231804,Mirco Spagnolo,Prop,True,False,True,21,False,0.2625,4,0,0,0,0,0,0,4,0,0,0,1,1,1,0,0,1,0,0,0.0,1.0,0.0,True,official_workbook_name_identity,0.9261705559500187,0.0,0.0,0.49340065242919223,1.419571208379211,1.419571208379211
2025,1266,4,8476207,2025-03-09,Italy,123210,Simone Ferrari,Prop,True,False,True,33,False,0.4125,4,0,0,0,0,0,0,0,0,0,0,0,3,3,0,0,1,0,0,2.0,5.0,0.0,True,official_workbook_name_identity,1.4554108736357436,0.0,0.0,0.49340065242919223,1.948811526064936,3.9488115260649357
2025,1266,4,8476207,2025-03-09,Italy,220128,Riccardo Favretto,Back-row,True,True,True,12,False,0.15,4,0,0,0,0,0,0,0,0,0,0,0,1,0,0,1,0,0,0,1.0,1.0,0.0,True,official_workbook_name_identity,0.529240317685725,0.0,0.0,1.4831920462553747,2.0124323639411,3.0124323639411
2025,1266,4,8476207,2025-03-09,Italy,204054,Manuel Zuliani,Back-row,True,True,True,30,False,0.375,4,0,0,0,0,0,0,17,8,1,0,3,1,1,0,2,0,0,0,18.0,22.0,0.0,True,official_workbook_name_identity,1.3231007942143125,0.0,0.0,1.4831920462553747,2.806292840469687,20.806292840469688
2025,1266,4,8476207,2025-03-09,Italy,220140,Lorenzo Cannone,Back-row,True,True,True,30,False,0.375,4,0,0,0,0,0,0,14,0,0,0,3,3,0,0,0,0,0,0,4.0,7.0,0.0,True,official_workbook_name_identity,1.3231007942143125,0.0,0.0,1.4831920462553747,2.806292840469687,6.806292840469688
2025,1266,4,8476207,2025-03-09,Italy,223740,Martin Page-Relo,Scrum-half,False,False,True,25,False,0.3125,4,0,0,1,0,0,0,18,1,0,0,1,1,1,0,17,0,0,0,8.0,8.0,0.0,True,official_workbook_name_identity,0.0,0.0,0.0,1.376068376068376,1.376068376068376,9.376068376068377
2025,1266,4,8476207,2025-03-09,Italy,117834,Tommaso Allan,Back-three,False,False,True,11,False,0.1375,4,0,0,0,0,0,0,6,0,0,1,1,1,0,0,2,0,0,0,3.0,3.0,0.0,True,official_workbook_name_identity,0.0,0.0,0.0,0.9468599033816418,0.9468599033816418,3.946859903381642
2025,1266,5,8476216,2025-03-15,Italy,117834,Tommaso Allan,Back-three,False,False,True,75,True,0.9375,8,0,0,0,2,1,0,3,0,0,0,3,1,1,1,3,0,0,0,13.0,9.0,0.0,True,official_workbook_name_identity,0.0,0.0,0.0,0.9468599033816418,0.9468599033816418,13.946859903381641
2025,1266,5,8476216,2025-03-15,Italy,207774,Ange Capuozzo,Back-three,False,False,True,80,True,1.0,8,0,0,0,0,0,0,4,3,1,0,4,4,3,0,2,0,0,0,10.0,12.0,0.0,True,official_workbook_name_identity,0.0,0.0,0.0,0.9468599033816418,0.9468599033816418,10.946859903381641
2025,1266,5,8476216,2025-03-15,Italy,118614,Juan Ignacio Brex,Centre,False,False,True,80,True,1.0,8,0,0,0,0,0,0,32,1,0,0,13,9,3,0,7,0,0,0,14.0,19.0,0.0,True,official_workbook_name_identity,0.0,0.0,0.0,1.4896551724137947,1.4896551724137947,15.489655172413794
2025,1266,5,8476216,2025-03-15,Italy,226818,Tommaso Menoncello,Centre,False,False,True,80,True,1.0,8,0,0,0,0,0,0,77,9,1,2,7,13,2,2,3,0,0,0,52.0,45.0,0.0,True,official_workbook_name_identity,0.0,0.0,0.0,1.4896551724137947,1.4896551724137947,53.4896551724138
2025,1266,5,8476216,2025-03-15,Italy,134016,Monty Ioane,Back-three,False,False,True,80,True,1.0,8,0,1,0,0,0,0,7,1,0,0,4,9,0,1,5,1,0,0,25.0,22.0,0.0,True,official_workbook_name_identity,0.0,0.0,0.0,0.9468599033816418,0.9468599033816418,25.946859903381643
2025,1266,5,8476216,2025-03-15,Italy,203034,Paolo Garbisi,Fly-half,False,False,True,80,True,1.0,8,0,0,1,0,0,0,15,1,1,0,6,16,1,0,22,0,0,0,23.0,25.0,0.0,True,official_workbook_name_identity,0.0,0.0,0.0,1.6627906976744176,1.6627906976744176,24.662790697674417
2025,1266,5,8476216,2025-03-15,Italy,223740,Martin Page-Relo,Scrum-half,False,False,True,45,True,0.5625,8,0,0,0,0,0,0,32,3,1,0,4,1,2,0,39,1,0,0,9.0,9.0,0.0,True,official_workbook_name_identity,0.0,0.0,0.0,1.376068376068376,1.376068376068376,10.376068376068377
2025,1266,5,8476216,2025-03-15,Italy,164232,Danilo Fischetti,Prop,True,False,True,55,True,0.6875,8,0,0,0,0,0,0,6,1,1,0,6,8,1,0,1,3,0,0,7.0,15.0,0.0,True,official_workbook_name_identity,4.851369578785812,0.0,0.0,0.49340065242919223,5.344770231215004,12.344770231215005
2025,1266,5,8476216,2025-03-15,Italy,202980,Gianmarco Lucchesi,Hooker,True,False,True,80,True,1.0,8,0,0,0,0,0,0,9,0,0,0,4,18,0,1,4,0,0,0,23.0,26.0,0.0,True,official_workbook_name_identity,7.056537569143,0.0,0.0,0.912244070268424,7.968781639411424,30.968781639411425
2025,1266,5,8476216,2025-03-15,Italy,123210,Simone Ferrari,Prop,True,False,True,55,True,0.6875,8,0,0,0,0,0,0,0,0,0,0,0,6,1,0,2,0,0,0,6.0,12.0,0.0,True,official_workbook_name_identity,4.851369578785812,0.0,0.0,0.49340065242919223,5.344770231215004,11.344770231215005
2025,1266,5,8476216,2025-03-15,Italy,142434,Dino Lamb,Second-row,True,True,True,18,True,0.225,8,0,0,0,0,0,0,0,1,0,0,2,2,0,0,1,1,0,0,3.0,4.0,0.0,True,official_workbook_name_identity,1.587720953057175,0.0,0.0,1.301319777877228,2.8890407309344033,5.889040730934403
2025,1266,5,8476216,2025-03-15,Italy,129234,Federico Ruzza,Second-row,True,True,True,80,True,1.0,8,0,0,0,0,0,0,23,1,0,0,4,13,2,0,7,0,0,0,17.0,25.0,0.0,True,official_workbook_name_identity,7.056537569143,0.0,0.0,1.301319777877228,8.357857347020229,25.35785734702023
2025,1266,5,8476216,2025-03-15,Italy,129216,Sebastian Negri,Back-row,True,True,True,29,True,0.3625,8,0,0,0,0,0,0,1,0,0,0,2,9,0,0,0,0,0,0,9.0,10.0,0.0,True,official_workbook_name_identity,2.5579948688143372,0.0,0.0,1.4831920462553747,4.041186915069712,13.041186915069712
2025,1266,5,8476216,2025-03-15,Italy,204054,Manuel Zuliani,Back-row,True,True,True,80,True,1.0,8,0,0,0,0,0,0,14,1,0,1,9,15,2,0,3,1,0,0,19.0,34.0,0.0,True,official_workbook_name_identity,7.056537569143,0.0,0.0,1.4831920462553747,8.539729615398375,27.539729615398375
2025,1266,5,8476216,2025-03-15,Italy,220140,Lorenzo Cannone,Back-row,True,True,True,29,True,0.3625,8,0,0,0,0,0,0,22,1,0,0,5,7,1,0,1,0,0,0,11.0,15.0,0.0,True,official_workbook_name_identity,2.5579948688143372,0.0,0.0,1.4831920462553747,4.041186915069712,15.041186915069712
2025,1266,5,8476216,2025-03-15,Italy,226836,Giacomo Nicotera,Hooker,True,False,True,12,False,0.15,8,0,0,0,0,0,0,1,0,0,0,1,1,0,0,1,1,1,0,-5.0,-4.0,0.0,True,official_workbook_name_identity,1.05848063537145,0.0,0.0,0.912244070268424,1.970724705639874,-3.0292752943601258
2025,1266,5,8476216,2025-03-15,Italy,231804,Mirco Spagnolo,Prop,True,False,True,25,False,0.3125,8,0,0,0,0,0,0,1,0,0,0,2,7,0,1,0,0,0,0,12.0,9.0,0.0,True,official_workbook_name_identity,2.2051679903571877,0.0,0.0,0.49340065242919223,2.69856864278638,14.69856864278638
2025,1266,5,8476216,2025-03-15,Italy,147354,Giosue Zilocchi,Prop,True,False,True,25,False,0.3125,8,0,0,0,0,0,0,0,0,0,0,1,4,1,0,2,0,0,0,4.0,6.0,0.0,True,official_workbook_name_identity,2.2051679903571877,0.0,0.0,0.49340065242919223,2.69856864278638,6.69856864278638
2025,1266,5,8476216,2025-03-15,Italy,167196,Niccolo Cannone,Second-row,True,True,True,62,False,0.775,8,0,0,0,0,0,0,11,1,0,0,6,9,1,0,2,0,0,0,12.0,20.0,0.0,True,official_workbook_name_identity,5.468816616085825,0.0,0.0,1.301319777877228,6.770136393963053,18.770136393963053
2025,1266,5,8476216,2025-03-15,Italy,164220,Michele Lamaro,Back-row,True,True,True,51,False,0.6375,8,0,0,0,0,0,0,8,0,0,0,4,7,2,0,1,1,1,0,1.0,7.0,0.0,True,official_workbook_name_identity,4.498542700328662,0.0,0.0,1.4831920462553747,5.981734746584037,6.981734746584037
2025,1266,5,8476216,2025-03-15,Italy,231840,Ross Vintcent,Back-row,True,True,True,39,False,0.4875,8,0,0,0,0,0,0,6,1,0,0,2,1,0,0,0,1,0,1,-6.0,-4.0,0.0,True,official_workbook_name_identity,3.4400620649572122,0.0,0.0,1.4831920462553747,4.923254111212587,-1.0767458887874133
2025,1266,5,8476216,2025-03-15,Italy,213144,Stephen Varney,Scrum-half,False,False,True,35,False,0.4375,8,0,1,0,0,0,0,4,1,0,0,3,6,0,0,31,0,0,0,18.0,18.0,0.0,True,official_workbook_name_identity,0.0,0.0,0.0,1.376068376068376,1.376068376068376,19.376068376068375
2025,1266,5,8476216,2025-03-15,Italy,231834,Leonardo Marin,Centre,False,False,True,5,False,0.0625,8,0,0,0,0,0,0,32,2,1,0,3,1,0,0,1,0,0,0,8.0,8.0,0.0,True,official_workbook_name_identity,0.0,0.0,0.0,1.4896551724137947,1.4896551724137947,9.489655172413794
2025,1266,5,8476216,2025-03-15,Ireland,143496,Hugo Keenan,Back-three,False,False,True,80,True,1.0,3,1,1,0,0,0,0,42,3,2,0,12,0,2,0,5,0,0,0,20.0,22.0,0.0,True,official_workbook_name_identity,0.0,0.0,0.0,0.9468599033816418,0.9468599033816418,20.946859903381643
2025,1266,5,8476216,2025-03-15,Ireland,166674,Mack Hansen,Back-three,False,False,True,80,True,1.0,3,1,0,1,0,0,0,36,5,1,0,10,4,3,0,12,0,0,0,21.0,23.0,0.0,True,official_workbook_name_identity,0.0,0.0,0.0,0.9468599033816418,0.9468599033816418,21.946859903381643
2025,1266,5,8476216,2025-03-15,Ireland,129372,Garry Ringrose,Centre,False,False,True,80,True,1.0,3,1,0,0,0,0,0,23,3,0,0,7,5,5,0,2,1,0,0,12.0,14.0,0.0,True,official_workbook_name_identity,0.0,0.0,0.0,1.4896551724137947,1.4896551724137947,13.489655172413794
2025,1266,5,8476216,2025-03-15,Ireland,120702,Robbie Henshaw,Centre,False,False,True,55,True,0.6875,3,1,0,0,0,0,0,4,0,0,0,3,4,1,0,8,0,0,0,4.0,10.0,0.0,True,official_workbook_name_identity,0.0,0.0,0.0,1.4896551724137947,1.4896551724137947,5.489655172413794
2025,1266,5,8476216,2025-03-15,Ireland,120468,James Lowe,Back-three,False,False,True,80,True,1.0,3,1,0,0,0,0,0,32,1,0,0,9,0,2,0,9,1,0,0,4.0,7.0,0.0,True,official_workbook_name_identity,0.0,0.0,0.0,0.9468599033816418,0.9468599033816418,4.946859903381641
2025,1266,5,8476216,2025-03-15,Ireland,201696,Jack Crowley,Fly-half,False,False,True,64,True,0.8,3,1,0,1,1,0,0,25,2,0,0,4,8,1,0,19,0,0,0,20.0,19.0,0.0,True,official_workbook_name_identity,0.0,0.0,0.0,1.6627906976744176,1.6627906976744176,21.662790697674417
2025,1266,5,8476216,2025-03-15,Ireland,120504,Jamison Gibson-Park,Scrum-half,False,False,True,66,True,0.825,3,1,0,0,0,0,0,14,1,0,0,3,8,2,0,55,0,0,0,11.0,8.0,0.0,True,official_workbook_name_identity,0.0,0.0,0.0,1.376068376068376,1.376068376068376,12.376068376068377
2025,1266,5,8476216,2025-03-15,Ireland,139806,Andrew Porter,Prop,True,False,True,64,True,0.8,3,1,0,0,0,0,0,7,1,0,0,7,5,2,0,3,0,0,0,7.0,10.0,0.0,True,official_workbook_name_identity,2.1169612707429004,0.0,0.0,0.49340065242919223,2.6103619231720927,9.610361923172093
2025,1266,5,8476216,2025-03-15,Ireland,186096,Dan Sheehan,Hooker,True,False,True,70,True,0.875,3,1,3,0,0,0,0,30,2,1,0,11,15,2,0,4,0,0,0,67.0,84.0,1.0,True,official_workbook_name_identity,2.315426389875047,0.0,15.0,0.912244070268424,18.22767046014347,85.22767046014347
2025,1266,5,8476216,2025-03-15,Ireland,112068,Finlay Bealham,Prop,True,False,True,46,True,0.575,3,1,0,0,0,0,0,2,0,0,0,4,9,0,1,2,0,0,0,14.0,11.0,0.0,True,official_workbook_name_identity,1.5215659133464592,0.0,0.0,0.49340065242919223,2.0149665657756515,16.01496656577565
2025,1266,5,8476216,2025-03-15,Ireland,143604,James Ryan,Second-row,True,True,True,46,True,0.575,3,1,0,0,0,0,0,8,0,0,0,3,4,0,0,4,0,0,0,4.0,7.0,0.0,True,official_workbook_name_identity,1.5215659133464592,0.5928816153561568,0.0,1.301319777877228,3.415767306579844,7.415767306579844
2025,1266,5,8476216,2025-03-15,Ireland,117954,Tadhg Beirne,Second-row,True,True,True,80,True,1.0,3,1,0,0,0,0,0,5,0,0,0,7,13,0,0,12,1,0,0,12.0,22.0,0.0,True,official_workbook_name_identity,2.646201588428625,1.0310984614889684,0.0,1.301319777877228,4.978619827794821,16.978619827794823
2025,1266,5,8476216,2025-03-15,Ireland,117936,Jack Conan,Back-row,True,True,True,80,True,1.0,3,1,0,0,0,0,0,21,1,0,0,11,15,0,1,5,0,0,0,24.0,23.0,0.0,True,official_workbook_name_identity,2.646201588428625,1.0310984614889684,0.0,1.4831920462553747,5.160492096172968,29.160492096172966
2025,1266,5,8476216,2025-03-15,Ireland,118518,Josh van der Flier,Back-row,True,True,True,51,True,0.6375,3,1,0,0,0,0,0,0,0,0,1,2,3,1,0,1,0,0,0,5.0,7.0,0.0,True,official_workbook_name_identity,1.6869535126232482,0.6573252691992173,0.0,1.4831920462553747,3.82747082807784,8.82747082807784
2025,1266,5,8476216,2025-03-15,Ireland,148680,Caelan Doris,Back-row,True,True,True,80,True,1.0,3,1,0,0,0,0,0,17,0,0,0,10,16,1,0,11,1,0,0,16.0,20.0,0.0,True,official_workbook_name_identity,2.646201588428625,1.0310984614889684,0.0,1.4831920462553747,5.160492096172968,21.160492096172966
2025,1266,5,8476216,2025-03-15,Ireland,350502,Gus McCarthy,Hooker,True,False,True,10,False,0.125,3,1,0,0,0,0,0,3,0,0,0,1,5,0,0,0,0,0,0,5.0,6.0,0.0,True,official_workbook_name_identity,0.3307751985535781,0.0,0.0,0.912244070268424,1.243019268822002,6.243019268822002
2025,1266,5,8476216,2025-03-15,Ireland,231864,Jack Boyle,Prop,True,False,True,16,False,0.2,3,1,0,0,0,0,0,4,1,0,0,2,4,1,0,2,0,0,0,6.0,6.0,0.0,True,official_workbook_name_identity,0.5292403176857251,0.0,0.0,0.49340065242919223,1.0226409701149173,7.022640970114917
2025,1266,5,8476216,2025-03-15,Ireland,112374,Tadhg Furlong,Prop,True,False,True,34,False,0.425,3,1,0,0,0,0,0,0,0,0,0,1,6,0,0,1,0,0,0,6.0,6.0,0.0,True,official_workbook_name_identity,1.1246356750821656,0.0,0.0,0.49340065242919223,1.6180363275113578,7.618036327511358
2025,1266,5,8476216,2025-03-15,Ireland,220194,Joe McCarthy,Second-row,True,True,True,34,False,0.425,3,1,0,0,0,0,0,7,1,0,0,3,5,0,0,2,0,0,0,7.0,10.0,0.0,True,official_workbook_name_identity,1.1246356750821656,0.4382168461328116,0.0,1.301319777877228,2.864172299092205,9.864172299092205
2025,1266,5,8476216,2025-03-15,Ireland,61620,Peter O'Mahony,Back-row,True,True,True,29,False,0.3625,3,1,0,0,0,0,0,18,0,0,0,3,4,0,0,1,0,0,0,5.0,6.0,0.0,True,official_workbook_name_identity,0.9592480758053765,0.37377319228975103,0.0,1.4831920462553747,2.8162133143505024,7.816213314350502
2025,1266,5,8476216,2025-03-15,Ireland,61860,Conor Murray,Scrum-half,False,False,True,14,False,0.175,3,1,0,0,0,0,0,0,0,0,0,0,2,2,0,20,0,0,0,2.0,2.0,0.0,True,official_workbook_name_identity,0.0,0.0,0.0,1.376068376068376,1.376068376068376,3.376068376068376
2025,1266,5,8476216,2025-03-15,Ireland,337638,Sam Prendergast,Fly-half,False,False,True,16,False,0.2,3,1,0,0,0,0,0,0,0,0,0,1,1,1,0,7,0,0,0,1.0,1.0,0.0,True,official_workbook_name_identity,0.0,0.0,0.0,1.6627906976744176,1.6627906976744176,2.6627906976744176
2025,1266,5,8476216,2025-03-15,Ireland,114804,Bundee Aki,Centre,False,False,True,25,False,0.3125,3,1,0,0,0,0,0,12,2,0,0,7,3,2,0,5,0,0,0,8.0,10.0,0.0,True,official_workbook_name_identity,0.0,0.0,0.0,1.4896551724137947,1.4896551724137947,9.489655172413794
2025,1266,5,8476225,2025-03-15,Wales,197892,Blair Murray,Back-three,False,False,True,80,True,1.0,4,0,0,0,0,0,0,104,4,1,1,11,5,0,0,4,0,0,0,25.0,26.0,0.0,True,official_workbook_name_identity,0.0,0.0,0.0,0.9468599033816418,0.9468599033816418,25.946859903381643
2025,1266,5,8476225,2025-03-15,Wales,363636,Ellis Mee,Back-three,False,False,True,80,True,1.0,4,0,0,0,0,0,0,9,1,0,0,5,6,2,0,2,1,0,0,7.0,11.0,0.0,True,official_workbook_name_identity,0.0,0.0,0.0,0.9468599033816418,0.9468599033816418,7.946859903381641
2025,1266,5,8476225,2025-03-15,Wales,177912,Max Llewellyn,Centre,False,False,True,56,True,0.7,4,0,0,0,0,0,0,35,2,0,2,9,5,0,0,4,1,0,0,15.0,19.0,0.0,True,official_workbook_name_identity,0.0,0.0,0.0,1.4896551724137947,1.4896551724137947,16.489655172413794
2025,1266,5,8476225,2025-03-15,Wales,154968,Ben Thomas,Centre,False,False,True,80,True,1.0,4,0,2,0,0,0,0,17,1,2,0,11,10,1,0,24,1,0,0,32.0,37.0,0.0,True,official_workbook_name_identity,0.0,0.0,0.0,1.4896551724137947,1.4896551724137947,33.4896551724138
2025,1266,5,8476225,2025-03-15,Wales,203736,Joe Roberts,Back-three,False,False,True,80,True,1.0,4,0,0,0,0,0,0,52,2,2,0,8,6,4,1,1,0,0,0,20.0,17.0,0.0,True,official_workbook_name_identity,0.0,0.0,0.0,0.9468599033816418,0.9468599033816418,20.946859903381643
2025,1266,5,8476225,2025-03-15,Wales,109668,Gareth Anscombe,Fly-half,False,False,True,47,True,0.5875,4,0,0,0,1,0,0,5,0,0,0,3,5,1,0,8,0,0,0,7.0,8.0,0.0,True,official_workbook_name_identity,0.0,0.0,0.0,1.6627906976744176,1.6627906976744176,8.662790697674417
2025,1266,5,8476225,2025-03-15,Wales,128628,Tomos Williams,Scrum-half,False,False,True,62,True,0.775,4,0,0,1,0,0,0,0,0,0,0,1,3,3,0,76,0,0,0,7.0,7.0,0.0,True,official_workbook_minutes_identity,0.0,0.0,0.0,1.376068376068376,1.376068376068376,8.376068376068377
2025,1266,5,8476225,2025-03-15,Wales,121974,Nicky Smith,Prop,True,False,True,52,True,0.65,4,0,0,0,0,0,0,6,2,0,0,5,3,1,0,2,1,0,0,6.0,11.0,0.0,True,official_workbook_name_identity,2.293374709971475,0.0,0.0,0.49340065242919223,2.7867753624006673,8.786775362400668
2025,1266,5,8476225,2025-03-15,Wales,122628,Elliot Dee,Hooker,True,False,True,40,True,0.5,4,0,0,0,0,0,0,0,0,0,0,5,8,1,0,3,1,0,0,7.0,9.0,0.0,True,official_workbook_name_identity,1.76413439228575,0.0,0.0,0.912244070268424,2.676378462554174,9.676378462554174
2025,1266,5,8476225,2025-03-15,Wales,111564,WillGriff John,Prop,True,False,True,40,True,0.5,4,0,0,0,0,0,0,0,0,0,0,0,5,1,0,0,1,0,0,4.0,5.0,0.0,True,official_workbook_name_identity,1.76413439228575,0.0,0.0,0.49340065242919223,2.2575350447149423,6.257535044714942
2025,1266,5,8476225,2025-03-15,Wales,122568,Will Rowlands,Second-row,True,True,True,47,True,0.5875,4,0,0,0,0,0,0,1,1,0,0,2,5,1,0,2,0,0,0,7.0,9.0,0.0,True,official_workbook_name_identity,2.072857910935756,0.0,0.0,1.301319777877228,3.374177688812984,10.374177688812985
2025,1266,5,8476225,2025-03-15,Wales,232104,Dafydd Jenkins,Second-row,True,True,True,80,True,1.0,4,0,0,0,0,0,0,2,1,0,0,6,15,1,0,5,1,0,0,16.0,21.0,0.0,True,official_workbook_name_identity,3.5282687845715,0.0,0.0,1.301319777877228,4.829588562448728,20.829588562448727
2025,1266,5,8476225,2025-03-15,Wales,176652,Aaron Wainwright,Back-row,True,True,True,80,True,1.0,4,0,0,0,0,0,0,6,1,0,0,8,3,0,0,5,0,0,0,5.0,9.0,0.0,True,official_workbook_name_identity,3.5282687845715,0.0,0.0,1.4831920462553747,5.011460830826874,10.011460830826874
2025,1266,5,8476225,2025-03-15,Wales,203070,Jac Morgan,Back-row,True,True,True,80,True,1.0,4,0,0,0,0,0,0,4,2,0,0,6,15,2,0,3,0,0,0,19.0,24.0,0.0,True,official_workbook_name_identity,3.5282687845715,0.0,0.0,1.4831920462553747,5.011460830826874,24.011460830826874
2025,1266,5,8476225,2025-03-15,Wales,66186,Taulupe Faletau,Back-row,True,True,True,52,True,0.65,4,0,0,0,0,0,0,15,2,0,0,7,3,1,0,4,0,0,0,8.0,12.0,0.0,True,official_workbook_name_identity,2.293374709971475,0.0,0.0,1.4831920462553747,3.77656675622685,11.776566756226849
2025,1266,5,8476225,2025-03-15,Wales,178848,Dewi Lake,Hooker,True,False,True,40,False,0.5,4,0,0,0,0,0,0,7,2,0,0,7,8,0,0,1,0,0,0,12.0,16.0,0.0,True,official_workbook_name_identity,1.76413439228575,0.0,0.0,0.912244070268424,2.676378462554174,14.676378462554174
2025,1266,5,8476225,2025-03-15,Wales,119118,Gareth Thomas,Prop,True,False,True,28,False,0.35,4,0,0,0,0,0,0,0,0,0,0,2,6,2,0,2,2,0,0,4.0,4.0,0.0,True,official_workbook_name_identity,1.234894074600025,0.0,0.0,0.49340065242919223,1.7282947270292173,5.728294727029217
2025,1266,5,8476225,2025-03-15,Wales,144480,Keiron Assiratti,Prop,True,False,True,40,False,0.5,4,0,0,0,0,0,0,1,0,0,1,5,4,0,0,4,1,0,0,5.0,7.0,0.0,True,official_workbook_name_identity,1.76413439228575,0.0,0.0,0.49340065242919223,2.2575350447149423,7.257535044714942
2025,1266,5,8476225,2025-03-15,Wales,203082,Teddy Williams,Second-row,True,True,True,33,False,0.4125,4,0,0,0,0,0,0,7,0,0,0,4,4,0,0,5,0,0,0,4.0,5.0,0.0,True,official_workbook_minutes_identity,1.4554108736357436,0.0,0.0,1.301319777877228,2.7567306515129717,6.756730651512972
2025,1266,5,8476225,2025-03-15,Wales,155826,Tommy Reffell,Back-row,True,True,True,28,False,0.35,4,0,0,0,0,0,0,0,2,0,0,1,3,0,0,2,0,0,0,7.0,7.0,0.0,True,official_workbook_name_identity,1.234894074600025,0.0,0.0,1.4831920462553747,2.7180861208554,9.7180861208554
2025,1266,5,8476225,2025-03-15,Wales,116400,Rhodri Williams,Scrum-half,False,False,True,18,False,0.225,4,0,0,0,0,0,0,0,0,0,0,0,4,1,0,14,0,0,0,4.0,4.0,0.0,True,official_workbook_name_identity,0.0,0.0,0.0,1.376068376068376,1.376068376068376,5.3760683760683765
2025,1266,5,8476225,2025-03-15,Wales,139716,Jarrod Evans,Fly-half,False,False,True,33,False,0.4125,4,0,0,1,1,0,0,11,1,0,1,8,2,0,0,25,0,0,0,13.0,15.0,0.0,True,official_workbook_name_identity,0.0,0.0,0.0,1.6627906976744176,1.6627906976744176,14.662790697674417
2025,1266,5,8476225,2025-03-15,Wales,120162,Nick Tompkins,Centre,False,False,True,24,False,0.3,4,0,0,0,0,0,0,2,1,0,0,3,3,0,0,1,0,0,0,5.0,8.0,0.0,True,official_workbook_name_identity,0.0,0.0,0.0,1.4896551724137947,1.4896551724137947,6.489655172413794
2025,1266,5,8476225,2025-03-15,England,156288,Marcus Smith,Fly-half,False,False,True,80,True,1.0,6,1,0,0,4,0,0,53,1,0,1,9,0,1,0,5,0,0,0,17.0,18.0,0.0,True,official_workbook_name_identity,0.0,0.0,0.0,1.6627906976744176,1.6627906976744176,18.662790697674417
2025,1266,5,8476225,2025-03-15,England,187458,Tom Roebuck,Back-three,False,False,True,80,True,1.0,6,1,1,0,0,0,0,43,2,0,1,7,3,1,0,4,0,0,0,23.0,24.0,0.0,True,official_workbook_name_identity,0.0,0.0,0.0,0.9468599033816418,0.9468599033816418,23.946859903381643
2025,1266,5,8476225,2025-03-15,England,213192,Tommy Freeman,Back-three,False,False,True,48,True,0.6,6,1,1,0,0,0,0,24,2,1,0,6,4,2,0,1,0,0,0,20.0,28.0,0.0,True,official_workbook_name_identity,0.0,0.0,0.0,0.9468599033816418,0.9468599033816418,20.946859903381643
2025,1266,5,8476225,2025-03-15,England,156030,Fraser Dingwall,Centre,False,False,True,80,True,1.0,6,1,0,0,0,0,0,14,0,1,0,3,11,2,0,8,0,0,0,12.0,13.0,0.0,True,official_workbook_name_identity,0.0,0.0,0.0,1.4896551724137947,1.4896551724137947,13.489655172413794
2025,1266,5,8476225,2025-03-15,England,111072,Elliot Daly,Back-three,False,False,True,80,True,1.0,6,1,0,0,0,0,0,31,1,0,0,6,5,1,0,5,0,0,0,10.0,11.0,0.0,True,official_workbook_name_identity,0.0,0.0,0.0,0.9468599033816418,0.9468599033816418,10.946859903381641
2025,1266,5,8476225,2025-03-15,England,227772,Fin Smith,Fly-half,False,False,True,55,True,0.6875,6,1,0,2,5,0,0,4,0,0,0,1,9,2,0,8,0,0,0,27.0,28.0,0.0,True,official_workbook_name_identity,0.0,0.0,0.0,1.6627906976744176,1.6627906976744176,28.662790697674417
2025,1266,5,8476225,2025-03-15,England,142356,Alex Mitchell,Scrum-half,False,False,True,67,True,0.8375,6,1,1,2,0,0,0,26,1,1,0,6,3,3,0,58,2,0,0,23.0,23.0,0.0,True,official_workbook_name_identity,0.0,0.0,0.0,1.376068376068376,1.376068376068376,24.376068376068375
2025,1266,5,8476225,2025-03-15,England,136680,Ellis Genge,Prop,True,False,True,62,True,0.775,6,1,0,0,0,0,0,14,3,0,1,8,4,3,0,4,1,0,0,12.0,18.0,0.0,True,official_workbook_name_identity,4.101612462064369,0.0,0.0,0.49340065242919223,4.595013114493561,16.59501311449356
2025,1266,5,8476225,2025-03-15,England,115452,Luke Cowan-Dickie,Hooker,True,False,True,46,True,0.575,6,1,0,0,0,0,0,0,0,0,0,3,7,1,0,2,0,0,0,7.0,9.0,0.0,True,official_workbook_name_identity,3.0431318266929184,0.0,0.0,0.912244070268424,3.9553758969613426,10.955375896961343
2025,1266,5,8476225,2025-03-15,England,144738,Will Stuart,Prop,True,False,True,46,True,0.575,6,1,1,0,0,0,0,4,1,0,0,6,4,1,0,1,0,0,0,21.0,23.0,0.0,True,official_workbook_name_identity,3.0431318266929184,0.0,0.0,0.49340065242919223,3.5365324791221107,24.536532479122112
2025,1266,5,8476225,2025-03-15,England,122652,Maro Itoje,Second-row,True,True,True,80,True,1.0,6,1,1,0,0,0,0,18,1,1,0,5,7,1,0,4,3,0,0,22.0,32.0,0.0,True,official_workbook_name_identity,5.29240317685725,1.0310984614889684,0.0,1.301319777877228,7.624821416223447,29.624821416223448
2025,1266,5,8476225,2025-03-15,England,218742,Ollie Chessum,Second-row,True,True,True,18,True,0.225,6,1,0,0,0,0,0,0,0,0,0,0,3,0,0,0,0,0,0,3.0,10.0,0.0,True,official_workbook_name_identity,1.1907907147928813,0.2319971538350179,0.0,1.301319777877228,2.7241076465051273,5.724107646505127
2025,1266,5,8476225,2025-03-15,England,155892,Tom Curry,Back-row,True,True,True,80,True,1.0,6,1,0,0,0,0,0,11,2,0,0,4,10,0,0,4,0,0,0,15.0,19.0,0.0,True,official_workbook_name_identity,5.29240317685725,1.0310984614889684,0.0,1.4831920462553747,7.806693684601593,22.806693684601594
2025,1266,5,8476225,2025-03-15,England,155898,Ben Curry,Back-row,True,True,True,58,True,0.725,6,1,0,0,0,0,0,33,2,0,0,6,11,3,0,2,0,0,0,18.0,46.0,1.0,True,official_workbook_name_identity,3.836992303221506,0.7475463845795021,15.0,1.4831920462553747,21.067730734056383,39.06773073405638
2025,1266,5,8476225,2025-03-15,England,142404,Ben Earl,Back-row,True,True,True,80,True,1.0,6,1,0,0,0,0,0,46,1,0,0,14,13,0,0,6,1,0,0,18.0,36.0,0.0,True,official_workbook_name_identity,5.29240317685725,1.0310984614889684,0.0,1.4831920462553747,7.806693684601593,25.806693684601594
2025,1266,5,8476225,2025-03-15,England,61134,Jamie George,Hooker,True,False,True,34,False,0.425,6,1,0,0,0,0,0,16,1,0,0,5,9,1,0,2,0,0,0,12.0,14.0,0.0,True,official_workbook_name_identity,2.249271350164331,0.0,0.0,0.912244070268424,3.161515420432755,15.161515420432755
2025,1266,5,8476225,2025-03-15,England,226920,Fin Baxter,Prop,True,False,True,18,False,0.225,6,1,0,0,0,0,0,1,0,0,0,1,3,0,0,2,0,0,0,3.0,5.0,0.0,True,official_workbook_name_identity,1.1907907147928813,0.0,0.0,0.49340065242919223,1.6841913672220736,4.684191367222073
2025,1266,5,8476225,2025-03-15,England,178806,Joe Heyes,Prop,True,False,True,34,False,0.425,6,1,1,0,0,0,0,3,0,0,0,3,10,2,0,0,0,0,0,25.0,29.0,0.0,True,official_workbook_name_identity,2.249271350164331,0.0,0.0,0.49340065242919223,2.7426720025935234,27.742672002593523
2025,1266,5,8476225,2025-03-15,England,264444,Chandler Cunningham-South,Back-row,True,True,True,62,False,0.775,6,1,2,0,0,0,0,20,0,0,0,7,9,0,0,4,2,0,0,39.0,50.0,0.0,True,official_workbook_name_identity,4.101612462064369,0.7991013076539506,0.0,1.4831920462553747,6.383905815973694,45.38390581597369
2025,1266,5,8476225,2025-03-15,England,342324,Henry Pollock,Back-row,True,True,True,32,False,0.4,6,1,2,0,0,0,0,15,1,2,0,2,3,1,0,2,0,0,0,36.0,40.0,0.0,True,official_workbook_name_identity,2.1169612707429004,0.4124393845955874,0.0,1.4831920462553747,4.012592701593863,40.01259270159386
2025,1266,5,8476225,2025-03-15,England,164394,Tom Willis,Back-row,True,True,True,22,False,0.275,6,1,0,1,0,0,0,15,3,1,2,5,4,0,0,3,0,0,0,19.0,22.0,0.0,True,official_workbook_name_identity,1.4554108736357438,0.2835520769094663,0.0,1.4831920462553747,3.222154996800585,22.222154996800583
2025,1266,5,8476225,2025-03-15,England,213786,Jack van Poortvliet,Scrum-half,False,False,True,13,False,0.1625,6,1,0,1,0,0,0,8,0,0,1,2,0,0,0,13,0,0,0,6.0,7.0,0.0,True,official_workbook_name_identity,0.0,0.0,0.0,1.376068376068376,1.376068376068376,7.3760683760683765
2025,1266,5,8476225,2025-03-15,England,66258,George Ford,Fly-half,False,False,True,25,False,0.3125,6,1,0,2,0,0,0,0,0,0,0,0,3,0,0,9,0,0,0,11.0,11.0,0.0,True,official_workbook_name_identity,0.0,0.0,0.0,1.6627906976744176,1.6627906976744176,12.662790697674417
2025,1266,5,8476234,2025-03-15,France,129822,Thomas Ramos,Back-three,False,False,True,80,True,1.0,2,1,1,0,3,3,0,27,1,1,0,6,4,3,1,7,0,0,0,38.0,36.0,0.0,True,official_workbook_name_identity,0.0,0.0,0.0,0.9468599033816418,0.9468599033816418,38.94685990338164
2025,1266,5,8476234,2025-03-15,France,139668,Damian Penaud,Back-three,False,False,True,22,True,0.275,2,1,0,1,0,0,0,6,0,1,0,1,7,3,0,5,0,0,0,11.0,10.0,0.0,True,official_workbook_name_identity,0.0,0.0,0.0,0.9468599033816418,0.9468599033816418,11.946859903381641
2025,1266,5,8476234,2025-03-15,France,119154,Gael Fickou,Centre,False,False,True,80,True,1.0,2,1,0,2,0,0,0,11,2,1,0,2,10,5,1,3,1,0,0,27.0,22.0,0.0,True,official_workbook_name_identity,0.0,0.0,0.0,1.4896551724137947,1.4896551724137947,28.489655172413794
2025,1266,5,8476234,2025-03-15,France,196152,Yoram Moefana,Centre,False,False,True,80,True,1.0,2,1,2,0,0,0,0,41,5,1,0,11,13,5,0,1,0,0,0,47.0,63.0,1.0,True,official_workbook_name_identity,0.0,0.0,15.0,1.4896551724137947,16.489655172413794,63.48965517241379
2025,1266,5,8476234,2025-03-15,France,231684,Louis Bielle-Biarrey,Back-three,False,False,True,80,True,1.0,2,1,1,0,0,0,0,81,2,1,1,6,2,1,0,2,2,0,0,24.0,25.0,0.0,True,official_workbook_name_identity,0.0,0.0,0.0,0.9468599033816418,0.9468599033816418,24.946859903381643
2025,1266,5,8476234,2025-03-15,France,165180,Romain Ntamack,Fly-half,False,False,True,80,True,1.0,2,1,0,1,0,0,0,88,3,1,1,5,12,0,0,9,1,0,0,31.0,32.0,0.0,True,official_workbook_name_identity,0.0,0.0,0.0,1.6627906976744176,1.6627906976744176,32.66279069767442
2025,1266,5,8476234,2025-03-15,France,186162,Maxime Lucu,Scrum-half,False,False,True,75,True,0.9375,2,1,0,0,0,0,0,0,0,0,1,1,11,0,0,51,0,0,0,13.0,14.0,0.0,True,official_workbook_name_identity,0.0,0.0,0.0,1.376068376068376,1.376068376068376,14.376068376068377
2025,1266,5,8476234,2025-03-15,France,178704,Jean-Baptiste Gros,Prop,True,False,True,46,True,0.575,2,1,0,0,0,0,0,12,0,0,0,5,7,1,0,1,0,1,0,3.0,6.0,0.0,True,official_workbook_name_identity,1.0143772755643061,0.0,0.0,0.49340065242919223,1.5077779279934984,4.507777927993498
2025,1266,5,8476234,2025-03-15,France,147480,Peato Mauvaka,Hooker,True,False,True,46,True,0.575,2,1,0,0,0,0,0,13,0,0,0,1,5,2,0,0,1,1,0,0.0,0.0,0.0,True,official_workbook_name_identity,1.0143772755643061,0.0,0.0,0.912244070268424,1.9266213458327301,1.9266213458327301
2025,1266,5,8476234,2025-03-15,France,133446,Uini Atonio,Prop,True,False,True,43,True,0.5375,2,1,0,0,0,0,0,0,0,0,0,1,4,3,1,1,0,0,0,9.0,9.0,0.0,True,official_workbook_name_identity,0.9482222358535906,0.0,0.0,0.49340065242919223,1.4416228882827828,10.441622888282783
2025,1266,5,8476234,2025-03-15,France,213072,Thibaud Flament,Second-row,True,True,True,74,True,0.925,2,1,0,0,0,0,0,12,0,0,0,8,19,1,0,1,0,0,0,20.0,21.0,0.0,True,official_workbook_name_identity,1.6318243128643188,0.9537660768772959,0.0,1.301319777877228,3.8869101676188427,23.886910167618844
2025,1266,5,8476234,2025-03-15,France,219930,Mickael Guillard,Second-row,True,True,True,46,True,0.575,2,1,0,0,0,0,0,0,0,0,0,1,7,1,0,2,0,0,0,7.0,13.0,0.0,True,official_workbook_name_identity,1.0143772755643061,0.5928816153561568,0.0,1.301319777877228,2.9085786687976913,9.908578668797691
2025,1266,5,8476234,2025-03-15,France,123366,Francois Cros,Back-row,True,True,True,80,True,1.0,2,1,0,0,0,0,0,2,1,0,1,4,18,2,0,2,0,0,0,22.0,25.0,0.0,True,official_workbook_name_identity,1.76413439228575,1.0310984614889684,0.0,1.4831920462553747,4.278424900030093,26.278424900030092
2025,1266,5,8476234,2025-03-15,France,198624,Paul Boudehent,Back-row,True,True,True,46,True,0.575,2,1,0,0,0,0,0,0,0,0,0,1,9,0,0,0,1,0,0,8.0,9.0,0.0,True,official_workbook_name_identity,1.0143772755643061,0.5928816153561568,0.0,1.4831920462553747,3.090450937175838,11.090450937175838
2025,1266,5,8476234,2025-03-15,France,176748,Gregory Alldritt,Back-row,True,True,True,46,True,0.575,2,1,0,0,0,0,0,13,1,0,0,9,6,1,0,1,1,0,0,8.0,16.0,0.0,True,official_workbook_name_identity,1.0143772755643061,0.5928816153561568,0.0,1.4831920462553747,3.090450937175838,11.090450937175838
2025,1266,5,8476234,2025-03-15,France,135138,Julien Marchand,Hooker,True,False,True,9,False,0.1125,2,1,0,0,0,0,0,6,0,0,0,7,6,1,0,2,0,0,0,6.0,14.0,0.0,True,official_workbook_name_identity,0.19846511913214687,0.0,0.0,0.912244070268424,1.110709189400571,7.110709189400571
2025,1266,5,8476234,2025-03-15,France,121938,Cyril Baille,Prop,True,False,True,34,False,0.425,2,1,0,0,0,0,0,2,0,0,0,3,6,0,0,4,0,0,0,6.0,7.0,0.0,True,official_workbook_name_identity,0.7497571167214437,0.0,0.0,0.49340065242919223,1.243157769150636,7.243157769150636
2025,1266,5,8476234,2025-03-15,France,127122,Dorian Aldegheri,Prop,True,False,True,37,False,0.4625,2,1,0,0,0,0,0,5,0,0,0,1,7,0,0,0,1,0,0,6.0,5.0,0.0,True,official_workbook_name_identity,0.8159121564321594,0.0,0.0,0.49340065242919223,1.3093128088613517,7.3093128088613515
2025,1266,5,8476234,2025-03-15,France,238278,Hugo Auradou,Second-row,True,True,True,6,False,0.075,2,1,0,0,0,0,0,0,1,0,0,2,0,0,0,0,0,0,0,2.0,2.0,0.0,True,official_workbook_name_identity,0.13231007942143125,0.07733238461167263,0.0,1.301319777877228,1.510962241910332,3.510962241910332
2025,1266,5,8476234,2025-03-15,France,166476,Emmanuel Meafou,Second-row,True,True,True,34,False,0.425,2,1,0,0,0,0,0,3,0,0,1,3,5,0,0,5,1,0,0,6.0,8.0,0.0,True,official_workbook_name_identity,0.7497571167214437,0.4382168461328116,0.0,1.301319777877228,2.4892937407314832,8.489293740731483
2025,1266,5,8476234,2025-03-15,France,242478,Oscar Jegou,Back-row,True,True,True,34,False,0.425,2,1,0,0,0,0,0,4,0,0,0,2,6,0,0,5,1,0,0,5.0,13.0,0.0,True,official_workbook_name_identity,0.7497571167214437,0.4382168461328116,0.0,1.4831920462553747,2.67116600910963,7.67116600910963
2025,1266,5,8476234,2025-03-15,France,139728,Anthony Jelonch,Back-row,True,True,True,34,False,0.425,2,1,0,0,0,0,0,8,0,0,0,6,11,1,0,3,1,0,0,10.0,12.0,0.0,True,official_workbook_name_identity,0.7497571167214437,0.4382168461328116,0.0,1.4831920462553747,2.67116600910963,12.67116600910963
2025,1266,5,8476234,2025-03-15,France,219972,Nolann Le Garrec,Scrum-half,False,False,True,5,False,0.0625,2,1,0,0,0,0,0,0,0,0,0,1,1,0,0,7,0,0,0,1.0,1.0,0.0,True,official_workbook_name_identity,0.0,0.0,0.0,1.376068376068376,1.376068376068376,2.376068376068376
2025,1266,5,8476234,2025-03-15,Scotland,139902,Blair Kinghorn,Back-three,False,False,True,80,True,1.0,5,0,0,0,0,0,0,113,4,2,1,13,0,1,0,10,1,0,0,20.0,29.0,0.0,True,official_workbook_name_identity,0.0,0.0,0.0,0.9468599033816418,0.9468599033816418,20.946859903381643
2025,1266,5,8476234,2025-03-15,Scotland,146754,Darcy Graham,Back-three,False,False,True,80,True,1.0,5,0,1,0,0,0,0,55,4,1,0,11,2,2,0,2,0,0,0,25.0,29.0,0.0,True,official_workbook_name_identity,0.0,0.0,0.0,0.9468599033816418,0.9468599033816418,25.946859903381643
2025,1266,5,8476234,2025-03-15,Scotland,136776,Huw Jones,Centre,False,False,True,66,True,0.825,5,0,0,0,0,0,0,19,2,0,1,10,4,0,0,4,1,0,0,10.0,15.0,0.0,True,official_workbook_name_identity,0.0,0.0,0.0,1.4896551724137947,1.4896551724137947,11.489655172413794
2025,1266,5,8476234,2025-03-15,Scotland,242766,Tom Jordan,Centre,False,False,True,80,True,1.0,5,0,0,0,0,0,0,42,3,0,0,6,7,1,0,14,2,0,0,15.0,20.0,0.0,True,official_workbook_name_identity,0.0,0.0,0.0,1.4896551724137947,1.4896551724137947,16.489655172413794
2025,1266,5,8476234,2025-03-15,Scotland,131400,Duhan van der Merwe,Back-three,False,False,True,80,True,1.0,5,0,0,0,0,0,0,36,6,1,2,10,2,0,1,6,0,0,0,26.0,24.0,0.0,True,official_workbook_name_identity,0.0,0.0,0.0,0.9468599033816418,0.9468599033816418,26.946859903381643
2025,1266,5,8476234,2025-03-15,Scotland,117894,Finn Russell,Fly-half,False,False,True,80,True,1.0,5,0,0,1,1,3,0,40,1,1,2,3,3,4,0,39,0,0,0,28.0,30.0,0.0,True,official_workbook_name_identity,0.0,0.0,0.0,1.6627906976744176,1.6627906976744176,29.662790697674417
2025,1266,5,8476234,2025-03-15,Scotland,142476,Ben White,Scrum-half,False,False,True,66,True,0.825,5,0,0,0,0,0,0,16,1,0,1,4,7,3,0,85,0,0,0,12.0,12.0,0.0,True,official_workbook_name_identity,0.0,0.0,0.0,1.376068376068376,1.376068376068376,13.376068376068377
2025,1266,5,8476234,2025-03-15,Scotland,130290,Pierre Schoeman,Prop,True,False,True,66,True,0.825,5,0,0,0,0,0,0,5,2,0,0,12,13,0,0,3,0,0,0,17.0,27.0,0.0,True,official_workbook_name_identity,3.638527184089359,0.0,0.0,0.49340065242919223,4.1319278365185514,21.13192783651855
2025,1266,5,8476234,2025-03-15,Scotland,111864,Dave Cherry,Hooker,True,False,True,57,True,0.7125,5,0,0,0,0,0,0,20,0,0,0,5,9,0,0,2,2,0,0,9.0,20.0,0.0,True,official_workbook_name_identity,3.142364386258992,0.0,0.0,0.912244070268424,4.054608456527416,13.054608456527415
2025,1266,5,8476234,2025-03-15,Scotland,130530,Zander Fagerson,Prop,True,False,True,80,True,1.0,5,0,0,0,0,0,0,18,1,0,0,12,12,1,0,3,1,0,0,14.0,24.0,0.0,True,official_workbook_name_identity,4.410335980714375,0.0,0.0,0.49340065242919223,4.903736633143567,18.903736633143566
2025,1266,5,8476234,2025-03-15,Scotland,220296,Gregor Brown,Second-row,True,True,True,57,True,0.7125,5,0,0,0,0,0,0,7,1,0,0,8,6,0,0,3,0,0,0,8.0,16.0,0.0,True,official_workbook_name_identity,3.142364386258992,0.0,0.0,1.301319777877228,4.44368416413622,12.44368416413622
2025,1266,5,8476234,2025-03-15,Scotland,102762,Grant Gilchrist,Second-row,True,True,True,72,True,0.9,5,0,0,0,0,0,0,5,0,0,0,5,6,2,0,8,1,0,0,5.0,12.0,0.0,True,official_workbook_name_identity,3.9693023826429377,0.0,0.0,1.301319777877228,5.2706221605201655,10.270622160520166
2025,1266,5,8476234,2025-03-15,Scotland,130536,Jamie Ritchie,Back-row,True,True,True,80,True,1.0,5,0,0,0,0,0,0,0,1,0,2,4,7,0,0,14,3,1,0,5.0,16.0,0.0,True,official_workbook_name_identity,4.410335980714375,0.0,0.0,1.4831920462553747,5.89352802696975,10.89352802696975
2025,1266,5,8476234,2025-03-15,Scotland,180222,Rory Darge,Back-row,True,True,True,66,True,0.825,5,0,0,0,0,0,0,4,1,0,1,2,14,0,0,4,0,0,0,18.0,29.0,0.0,True,official_workbook_name_identity,3.638527184089359,0.0,0.0,1.4831920462553747,5.121719230344734,23.121719230344734
2025,1266,5,8476234,2025-03-15,Scotland,161856,Matt Fagerson,Back-row,True,True,True,80,True,1.0,5,0,0,0,0,0,0,48,0,0,1,15,18,1,0,5,0,0,0,24.0,36.0,0.0,True,official_workbook_name_identity,4.410335980714375,0.0,0.0,1.4831920462553747,5.89352802696975,29.89352802696975
2025,1266,5,8476234,2025-03-15,Scotland,187422,Ewan Ashman,Hooker,True,False,True,23,False,0.2875,5,0,0,0,0,0,0,30,2,0,3,8,4,1,0,4,0,0,0,17.0,19.0,0.0,True,official_workbook_name_identity,1.2679715944553829,0.0,0.0,0.912244070268424,2.180215664723807,19.180215664723807
2025,1266,5,8476234,2025-03-15,Scotland,134172,Rory Sutherland,Prop,True,False,True,14,False,0.175,5,0,0,0,0,0,0,3,0,0,0,2,2,0,0,0,1,0,0,1.0,3.0,0.0,True,official_workbook_name_identity,0.7718087966250156,0.0,0.0,0.49340065242919223,1.2652094490542078,2.2652094490542076
2025,1266,5,8476234,2025-03-15,Scotland,203400,Will Hurd,Prop,True,False,True,0,False,0.0,5,0,0,0,0,0,0,0,0,0,0,0,0,0,0,0,0,0,0,0.0,0.0,0.0,True,unused_bench_no_recorded_events,0.0,0.0,0.0,0.49340065242919223,0.49340065242919223,0.49340065242919223
2025,1266,5,8476234,2025-03-15,Scotland,179322,Ewan Johnson,Second-row,True,True,True,8,False,0.1,5,0,0,0,0,0,0,0,0,0,0,0,2,0,0,0,0,0,0,2.0,1.0,0.0,True,official_workbook_name_identity,0.4410335980714375,0.0,0.0,1.301319777877228,1.7423533759486656,3.7423533759486656
2025,1266,5,8476234,2025-03-15,Scotland,181308,Marshall Sykes,Second-row,True,True,True,23,False,0.2875,5,0,0,0,0,0,0,3,0,0,0,3,2,0,0,0,0,0,0,2.0,4.0,0.0,True,official_workbook_name_identity,1.2679715944553829,0.0,0.0,1.301319777877228,2.5692913723326107,4.569291372332611
2025,1266,5,8476234,2025-03-15,Scotland,230874,Ben Muncaster,Back-row,True,True,True,14,False,0.175,5,0,0,0,0,0,0,1,0,0,0,2,3,0,0,1,0,0,0,3.0,3.0,0.0,True,official_workbook_name_identity,0.7718087966250156,0.0,0.0,1.4831920462553747,2.2550008428803903,5.25500084288039
2025,1266,5,8476234,2025-03-15,Scotland,214146,Jamie Dobie,Back-three,False,False,True,14,False,0.175,5,0,0,0,0,0,0,16,1,1,0,4,1,0,0,15,0,0,0,4.0,2.0,0.0,True,official_workbook_name_identity,0.0,0.0,0.0,0.9468599033816418,0.9468599033816418,4.946859903381641
2025,1266,5,8476234,2025-03-15,Scotland,163866,Stafford McDowall,Centre,False,False,True,14,False,0.175,5,0,0,0,0,0,0,0,0,0,0,0,1,0,0,0,0,0,0,1.0,1.0,0.0,True,official_workbook_name_identity,0.0,0.0,0.0,1.4896551724137947,1.4896551724137947,2.4896551724137947
2026,1266,1,8523943,2026-02-05,France,129822,Thomas Ramos,Back-three,False,False,True,80,True,1.0,7,1,0,1,4,1,0,95,4,2,3,13,0,0,0,21,0,0,0,38.0,46.0,0.0,True,official_workbook_name_identity,0.0,0.0,0.0,0.9468599033816418,0.9468599033816418,38.94685990338164
2026,1266,1,8523943,2026-02-05,France,339450,Theo Attissogbe,Back-three,False,False,True,80,True,1.0,7,1,1,0,0,0,0,33,2,3,2,8,7,1,0,6,0,0,0,28.0,32.0,0.0,True,official_workbook_name_identity,0.0,0.0,0.0,0.9468599033816418,0.9468599033816418,28.946859903381643
2026,1266,1,8523943,2026-02-05,France,262248,Nicolas Depoortere,Centre,False,False,True,80,True,1.0,7,1,0,0,0,0,0,49,7,1,1,9,13,3,0,6,0,0,0,33.0,36.0,0.0,True,official_workbook_name_identity,0.0,0.0,0.0,1.4896551724137947,1.4896551724137947,34.4896551724138
2026,1266,1,8523943,2026-02-05,France,196152,Yoram Moefana,Centre,False,False,True,49,True,0.6125,7,1,0,1,0,0,0,26,0,0,2,10,3,0,1,8,0,0,0,18.0,15.0,0.0,True,official_workbook_name_identity,0.0,0.0,0.0,1.4896551724137947,1.4896551724137947,19.489655172413794
2026,1266,1,8523943,2026-02-05,France,231684,Louis Bielle-Biarrey,Back-three,False,False,True,80,True,1.0,7,1,2,0,0,0,0,94,5,3,0,4,7,3,0,5,0,0,0,46.0,51.0,0.0,True,official_workbook_name_identity,0.0,0.0,0.0,0.9468599033816418,0.9468599033816418,46.94685990338164
2026,1266,1,8523943,2026-02-05,France,169662,Matthieu Jalibert,Fly-half,False,False,True,80,True,1.0,7,1,1,1,0,0,0,48,5,1,4,13,11,1,0,21,0,0,0,47.0,52.0,0.0,True,official_workbook_name_identity,0.0,0.0,0.0,1.6627906976744176,1.6627906976744176,48.66279069767442
2026,1266,1,8523943,2026-02-05,France,135318,Antoine Dupont,Scrum-half,False,False,True,73,True,0.9125,7,1,0,1,0,0,0,39,1,0,2,11,5,0,0,66,1,0,0,17.0,30.0,0.0,True,official_workbook_name_identity,0.0,0.0,0.0,1.376068376068376,1.376068376068376,18.376068376068375
2026,1266,1,8523943,2026-02-05,France,178704,Jean-Baptiste Gros,Prop,True,False,True,49,True,0.6125,7,1,0,0,0,0,0,7,0,0,0,3,5,0,0,3,0,0,0,5.0,9.0,0.0,True,official_workbook_name_identity,3.781863103462577,0.0,0.0,0.49340065242919223,4.275263755891769,9.27526375589177
2026,1266,1,8523943,2026-02-05,France,135138,Julien Marchand,Hooker,True,False,True,49,True,0.6125,7,1,0,0,0,0,0,7,1,0,0,8,5,0,0,2,0,0,0,7.0,12.0,0.0,True,official_workbook_name_identity,3.781863103462577,0.0,0.0,0.912244070268424,4.694107173731001,11.694107173731002
2026,1266,1,8523943,2026-02-05,France,127122,Dorian Aldegheri,Prop,True,False,True,49,True,0.6125,7,1,0,0,0,0,0,0,1,0,0,2,1,0,0,0,1,0,0,2.0,6.0,0.0,True,official_workbook_name_identity,3.781863103462577,0.0,0.0,0.49340065242919223,4.275263755891769,6.275263755891769
2026,1266,1,8523943,2026-02-05,France,123504,Charles Ollivon,Back-row,True,True,True,80,True,1.0,7,1,1,0,0,0,0,23,0,0,0,6,2,3,0,2,0,0,0,19.0,23.0,0.0,True,official_workbook_name_identity,6.1744703730001245,1.0310984614889684,0.0,1.4831920462553747,8.688760880744468,27.688760880744468
2026,1266,1,8523943,2026-02-05,France,219930,Mickael Guillard,Second-row,True,True,True,49,True,0.6125,7,1,0,1,0,0,0,46,2,1,1,16,8,0,2,2,0,0,0,32.0,42.0,1.0,True,official_workbook_name_identity,3.781863103462577,0.6315478076619933,15.0,1.301319777877228,20.7147306890018,52.7147306890018
2026,1266,1,8523943,2026-02-05,France,123366,Francois Cros,Back-row,True,True,True,62,True,0.775,7,1,0,0,0,0,0,8,0,0,0,2,5,1,0,6,0,0,0,5.0,10.0,0.0,True,official_workbook_name_identity,4.785214539075096,0.7991013076539506,0.0,1.4831920462553747,7.0675078929844215,12.067507892984422
2026,1266,1,8523943,2026-02-05,France,242478,Oscar Jegou,Back-row,True,True,True,80,True,1.0,7,1,0,0,0,0,0,20,3,0,1,9,15,2,0,12,0,0,0,25.0,31.0,0.0,True,official_workbook_name_identity,6.1744703730001245,1.0310984614889684,0.0,1.4831920462553747,8.688760880744468,33.68876088074447
2026,1266,1,8523943,2026-02-05,France,139728,Anthony Jelonch,Back-row,True,True,True,80,True,1.0,7,1,0,0,0,0,0,3,1,0,2,7,16,1,1,4,0,0,0,27.0,30.0,0.0,True,official_workbook_name_identity,6.1744703730001245,1.0310984614889684,0.0,1.4831920462553747,8.688760880744468,35.68876088074447
2026,1266,1,8523943,2026-02-05,France,147480,Peato Mauvaka,Hooker,True,False,True,31,False,0.3875,7,1,0,0,0,0,0,5,0,0,1,3,9,0,0,2,0,0,0,11.0,20.0,0.0,True,official_workbook_name_identity,2.392607269537548,0.0,0.0,0.912244070268424,3.304851339805972,14.304851339805971
2026,1266,1,8523943,2026-02-05,France,133488,Rodrigue Neti,Prop,True,False,True,31,False,0.3875,7,1,0,0,0,0,0,0,0,0,0,0,3,1,0,1,0,0,0,3.0,5.0,0.0,True,official_workbook_name_identity,2.392607269537548,0.0,0.0,0.49340065242919223,2.8860079219667405,5.8860079219667405
2026,1266,1,8523943,2026-02-05,France,207432,Regis Montagne,Prop,True,False,True,31,False,0.3875,7,1,0,0,0,0,0,6,0,0,0,2,10,2,0,2,1,0,0,9.0,,,False,missing,2.392607269537548,0.0,0.0635593220338983,0.49340065242919223,2.949567244000639,11.949567244000638
2026,1266,1,8523943,2026-02-05,France,238278,Hugo Auradou,Second-row,True,True,True,31,False,0.3875,7,1,0,0,0,0,0,20,0,0,0,2,6,0,0,3,0,0,0,8.0,,,False,missing,2.392607269537548,0.3995506538269753,0.24324324324324326,1.301319777877228,4.336720944484995,12.336720944484995
2026,1266,1,8523943,2026-02-05,France,166476,Emmanuel Meafou,Second-row,True,True,True,0,False,0.0,7,1,0,0,0,0,0,0,0,0,0,3,7,0,0,4,1,0,0,6.0,11.0,0.0,True,official_workbook_name_identity,0.0,0.0,0.0,1.301319777877228,1.301319777877228,7.301319777877228
2026,1266,1,8523943,2026-02-05,France,238116,Lenni Nouchi,Back-row,True,True,True,18,False,0.225,7,1,0,0,0,0,0,21,1,0,0,4,9,0,0,3,0,0,0,13.0,17.0,0.0,True,official_workbook_name_identity,1.389255833925028,0.2319971538350179,0.0,1.4831920462553747,3.104445034015421,16.10444503401542
2026,1266,1,8523943,2026-02-05,France,121830,Baptiste Serin,Scrum-half,False,False,True,7,False,0.0875,7,1,0,0,0,0,0,21,2,1,0,1,0,0,0,8,0,0,0,6.0,6.0,0.0,True,official_workbook_name_identity,0.0,0.0,0.0,1.376068376068376,1.376068376068376,7.3760683760683765
2026,1266,1,8523943,2026-02-05,France,344334,Kalvin Gourgues,Centre,False,False,True,31,False,0.3875,7,1,0,0,0,0,0,20,0,1,1,2,2,3,0,3,0,0,0,6.0,6.0,0.0,True,official_workbook_name_identity,0.0,0.0,0.0,1.4896551724137947,1.4896551724137947,7.489655172413794
2026,1266,1,8523943,2026-02-05,Ireland,227658,Jamie Osborne,Back-three,False,False,True,72,True,0.9,4,0,0,0,0,0,0,76,2,0,0,10,3,0,0,4,1,0,0,13.0,21.0,0.0,True,official_workbook_name_identity,0.0,0.0,0.0,0.9468599033816418,0.9468599033816418,13.946859903381641
2026,1266,1,8523943,2026-02-05,Ireland,148758,Tommy O'Brien,Back-three,False,False,True,49,True,0.6125,4,0,0,0,0,0,0,14,0,1,0,4,6,2,0,1,1,0,0,6.0,7.0,0.0,True,official_workbook_name_identity,0.0,0.0,0.0,0.9468599033816418,0.9468599033816418,6.946859903381641
2026,1266,1,8523943,2026-02-05,Ireland,129372,Garry Ringrose,Centre,False,False,True,80,True,1.0,4,0,0,0,0,0,0,32,2,1,1,3,2,4,0,3,0,0,0,11.0,12.0,0.0,True,official_workbook_name_identity,0.0,0.0,0.0,1.4896551724137947,1.4896551724137947,12.489655172413794
2026,1266,1,8523943,2026-02-05,Ireland,129840,Stuart McCloskey,Centre,False,False,True,80,True,1.0,4,0,0,1,0,0,0,42,2,1,2,14,9,2,0,8,0,0,0,25.0,27.0,0.0,True,official_workbook_name_identity,0.0,0.0,0.0,1.4896551724137947,1.4896551724137947,26.489655172413794
2026,1266,1,8523943,2026-02-05,Ireland,136848,Jacob Stockdale,Back-three,False,False,True,80,True,1.0,4,0,0,0,0,0,0,34,3,0,0,6,4,3,1,4,0,0,0,18.0,13.0,0.0,True,official_workbook_name_identity,0.0,0.0,0.0,0.9468599033816418,0.9468599033816418,18.946859903381643
2026,1266,1,8523943,2026-02-05,Ireland,337638,Sam Prendergast,Fly-half,False,False,True,80,True,1.0,4,0,0,0,2,0,0,18,3,0,1,8,13,7,0,27,1,0,0,25.0,32.0,0.0,True,official_workbook_name_identity,0.0,0.0,0.0,1.6627906976744176,1.6627906976744176,26.662790697674417
2026,1266,1,8523943,2026-02-05,Ireland,120504,Jamison Gibson-Park,Scrum-half,False,False,True,80,True,1.0,4,0,0,0,0,0,0,6,1,0,0,3,4,5,0,58,0,0,0,6.0,12.0,0.0,True,official_workbook_name_identity,0.0,0.0,0.0,1.376068376068376,1.376068376068376,7.3760683760683765
2026,1266,1,8523943,2026-02-05,Ireland,136854,Jeremy Loughman,Prop,True,False,True,59,True,0.7375,4,0,0,0,0,0,0,0,0,0,0,3,12,2,0,0,0,0,0,12.0,14.0,0.0,True,official_workbook_name_identity,2.6020982286214815,0.0,0.0,0.49340065242919223,3.095498881050674,15.095498881050673
2026,1266,1,8523943,2026-02-05,Ireland,186096,Dan Sheehan,Hooker,True,False,True,62,True,0.775,4,0,0,0,0,0,0,17,2,1,0,5,4,0,0,2,0,0,0,9.0,13.0,0.0,True,official_workbook_name_identity,2.7344083080429127,0.0,0.0,0.912244070268424,3.6466523783113365,12.646652378311337
2026,1266,1,8523943,2026-02-05,Ireland,203208,Thomas Clarkson,Prop,True,False,True,59,True,0.7375,4,0,0,0,0,0,0,3,0,0,0,4,6,0,0,0,2,0,0,4.0,8.0,0.0,True,official_workbook_name_identity,2.6020982286214815,0.0,0.0,0.49340065242919223,3.095498881050674,7.095498881050673
2026,1266,1,8523943,2026-02-05,Ireland,220194,Joe McCarthy,Second-row,True,True,True,49,True,0.6125,4,0,0,0,0,0,0,2,1,0,0,2,10,2,0,3,1,0,0,11.0,12.0,0.0,True,official_workbook_name_identity,2.161064630550044,0.0,0.0,1.301319777877228,3.4623844084272717,14.462384408427273
2026,1266,1,8523943,2026-02-05,Ireland,117954,Tadhg Beirne,Second-row,True,True,True,80,True,1.0,4,0,0,1,0,0,0,12,0,0,0,5,14,2,0,11,0,0,0,19.0,39.0,0.0,True,official_workbook_name_identity,3.5282687845715,0.0,0.0,1.301319777877228,4.829588562448728,23.829588562448727
2026,1266,1,8523943,2026-02-05,Ireland,201978,Cian Prendergast,Back-row,True,True,True,49,True,0.6125,4,0,0,0,0,0,0,0,0,0,0,1,12,2,0,5,0,0,0,12.0,15.0,0.0,True,official_workbook_name_identity,2.161064630550044,0.0,0.0,1.4831920462553747,3.6442566768054183,15.64425667680542
2026,1266,1,8523943,2026-02-05,Ireland,118518,Josh van der Flier,Back-row,True,True,True,49,True,0.6125,4,0,0,0,0,0,0,14,0,0,0,3,11,0,0,3,0,0,0,12.0,14.0,0.0,True,official_workbook_name_identity,2.161064630550044,0.0,0.0,1.4831920462553747,3.6442566768054183,15.64425667680542
2026,1266,1,8523943,2026-02-05,Ireland,148680,Caelan Doris,Back-row,True,True,True,80,True,1.0,4,0,0,0,0,0,0,31,1,0,1,13,15,1,0,7,0,0,0,22.0,34.0,0.0,True,official_workbook_name_identity,3.5282687845715,0.0,0.0,1.4831920462553747,5.011460830826874,27.011460830826874
2026,1266,1,8523943,2026-02-05,Ireland,148644,Ronan Kelleher,Hooker,True,False,True,18,False,0.225,4,0,0,0,0,0,0,5,0,0,0,4,2,1,0,1,0,0,0,2.0,4.0,0.0,True,official_workbook_name_identity,0.7938604765285875,0.0,0.0,0.912244070268424,1.7061045467970115,3.7061045467970115
2026,1266,1,8523943,2026-02-05,Ireland,148770,Michael Milne,Prop,True,False,True,21,False,0.2625,4,0,1,0,0,0,0,3,1,0,0,4,3,0,0,0,0,0,0,20.0,18.0,0.0,True,official_workbook_name_identity,0.9261705559500187,0.0,0.0,0.49340065242919223,1.419571208379211,21.41957120837921
2026,1266,1,8523943,2026-02-05,Ireland,112068,Finlay Bealham,Prop,True,False,True,21,False,0.2625,4,0,0,0,0,0,0,6,0,0,0,4,0,0,0,1,0,0,0,0.0,0.0,0.0,True,official_workbook_name_identity,0.9261705559500187,0.0,0.0,0.49340065242919223,1.419571208379211,1.419571208379211
2026,1266,1,8523943,2026-02-05,Ireland,143604,James Ryan,Second-row,True,True,True,31,False,0.3875,4,0,0,0,0,0,0,6,1,0,0,4,5,0,0,0,0,0,0,7.0,9.0,0.0,True,official_workbook_name_identity,1.3672041540214563,0.0,0.0,1.301319777877228,2.6685239318986844,9.668523931898685
2026,1266,1,8523943,2026-02-05,Ireland,117936,Jack Conan,Back-row,True,True,True,31,False,0.3875,4,0,0,0,0,0,0,8,0,0,0,6,1,0,0,8,0,0,0,1.0,5.0,0.0,True,official_workbook_name_identity,1.3672041540214563,0.0,0.0,1.4831920462553747,2.850396200276831,3.850396200276831
2026,1266,1,8523943,2026-02-05,Ireland,136878,Nick Timoney,Back-row,True,True,True,31,False,0.3875,4,0,1,0,0,0,0,39,2,1,0,7,3,0,0,1,0,0,0,25.0,33.0,0.0,True,official_workbook_name_identity,1.3672041540214563,0.0,0.0,1.4831920462553747,2.850396200276831,27.85039620027683
2026,1266,1,8523943,2026-02-05,Ireland,203124,Craig Casey,Scrum-half,False,False,True,8,False,0.1,4,0,0,0,0,0,0,0,0,0,0,0,1,0,0,4,0,0,0,1.0,1.0,0.0,True,official_workbook_name_identity,0.0,0.0,0.0,1.376068376068376,1.376068376068376,2.376068376068376
2026,1266,1,8523943,2026-02-05,Ireland,201696,Jack Crowley,Fly-half,False,False,True,31,False,0.3875,4,0,0,0,0,0,0,20,0,0,0,2,4,2,0,3,0,0,0,6.0,6.0,0.0,True,official_workbook_name_identity,0.0,0.0,0.0,1.6627906976744176,1.6627906976744176,7.662790697674417
2026,1266,1,8523952,2026-02-07,Italy,231834,Leonardo Marin,Centre,False,False,True,73,True,0.9125,6,5,0,0,0,0,0,17,1,0,2,3,1,0,0,4,0,0,0,8.0,9.0,0.0,True,official_workbook_name_identity,0.0,0.0,0.0,1.4896551724137947,1.4896551724137947,9.489655172413794
2026,1266,1,8523952,2026-02-07,Italy,213750,Louis Lynagh,Back-three,False,False,True,80,True,1.0,6,5,1,0,0,0,0,8,0,1,0,3,5,3,0,1,1,0,0,14.0,17.0,0.0,True,official_workbook_name_identity,0.0,0.0,0.0,0.9468599033816418,0.9468599033816418,14.946859903381641
2026,1266,1,8523952,2026-02-07,Italy,118614,Juan Ignacio Brex,Centre,False,False,True,80,True,1.0,6,5,0,1,0,0,0,13,0,0,0,5,13,0,0,1,1,0,0,17.0,20.0,0.0,True,official_workbook_name_identity,0.0,0.0,0.0,1.4896551724137947,1.4896551724137947,18.489655172413794
2026,1266,1,8523952,2026-02-07,Italy,226818,Tommaso Menoncello,Centre,False,False,True,80,True,1.0,6,5,1,0,0,0,0,112,4,2,0,5,7,0,0,0,0,0,0,36.0,34.0,0.0,True,official_workbook_name_identity,0.0,0.0,0.0,1.4896551724137947,1.4896551724137947,37.4896551724138
2026,1266,1,8523952,2026-02-07,Italy,134016,Monty Ioane,Back-three,False,False,True,80,True,1.0,6,5,0,0,0,0,0,38,1,1,2,7,6,3,1,6,0,0,0,20.0,17.0,0.0,True,official_workbook_name_identity,0.0,0.0,0.0,0.9468599033816418,0.9468599033816418,20.946859903381643
2026,1266,1,8523952,2026-02-07,Italy,203034,Paolo Garbisi,Fly-half,False,False,True,80,True,1.0,6,5,0,0,1,2,0,5,1,0,0,4,6,2,0,6,1,0,0,15.0,15.0,0.0,True,official_workbook_name_identity,0.0,0.0,0.0,1.6627906976744176,1.6627906976744176,16.662790697674417
2026,1266,1,8523952,2026-02-07,Italy,180450,Alessandro Fusco,Scrum-half,False,False,True,61,True,0.7625,6,5,0,0,0,0,0,0,0,0,0,4,6,1,0,30,0,0,0,6.0,11.0,0.0,True,official_workbook_name_identity,0.0,0.0,0.0,1.376068376068376,1.376068376068376,7.3760683760683765
2026,1266,1,8523952,2026-02-07,Italy,164232,Danilo Fischetti,Prop,True,False,True,58,True,0.725,6,5,0,0,0,0,0,13,0,0,0,5,16,0,1,2,2,0,0,20.0,19.0,0.0,True,official_workbook_name_identity,3.836992303221506,0.0,0.0,0.49340065242919223,4.330392955650698,24.330392955650698
2026,1266,1,8523952,2026-02-07,Italy,226836,Giacomo Nicotera,Hooker,True,False,True,58,True,0.725,6,5,0,0,0,0,0,8,0,0,1,6,17,3,0,2,0,0,0,19.0,20.0,0.0,True,official_workbook_name_identity,3.836992303221506,0.0,0.0,0.912244070268424,4.74923637348993,23.74923637348993
2026,1266,1,8523952,2026-02-07,Italy,123210,Simone Ferrari,Prop,True,False,True,58,True,0.725,6,5,0,0,0,0,0,0,0,0,0,0,18,1,0,0,1,0,0,17.0,33.0,1.0,True,official_workbook_name_identity,3.836992303221506,0.0,15.0,0.49340065242919223,19.330392955650698,36.330392955650694
2026,1266,1,8523952,2026-02-07,Italy,167196,Niccolo Cannone,Second-row,True,True,True,80,True,1.0,6,5,0,0,0,0,0,5,0,0,0,4,25,1,0,2,1,0,0,24.0,31.0,0.0,True,official_workbook_name_identity,5.29240317685725,5.155492307444842,0.0,1.301319777877228,11.74921526217932,35.74921526217932
2026,1266,1,8523952,2026-02-07,Italy,208140,Andrea Zambonin,Second-row,True,True,True,68,True,0.85,6,5,0,0,0,0,0,0,0,0,0,1,18,0,0,3,0,0,0,18.0,30.0,0.0,True,official_workbook_name_identity,4.498542700328662,4.382168461328116,0.0,1.301319777877228,10.182030939534007,28.18203093953401
2026,1266,1,8523952,2026-02-07,Italy,164220,Michele Lamaro,Back-row,True,True,True,68,True,0.85,6,5,0,1,0,0,0,4,0,0,0,3,16,1,0,4,1,0,0,19.0,37.0,0.0,True,official_workbook_name_identity,4.498542700328662,4.382168461328116,0.0,1.4831920462553747,10.363903207912154,29.363903207912152
2026,1266,1,8523952,2026-02-07,Italy,204054,Manuel Zuliani,Back-row,True,True,True,54,True,0.675,6,5,0,0,0,0,0,7,1,0,0,4,19,0,0,5,1,0,0,20.0,32.0,0.0,True,official_workbook_name_identity,3.5723721443786443,3.4799573075252686,0.0,1.4831920462553747,8.535521498159287,28.535521498159287
2026,1266,1,8523952,2026-02-07,Italy,220140,Lorenzo Cannone,Back-row,True,True,True,80,True,1.0,6,5,0,0,0,0,0,59,3,1,1,15,19,2,0,2,1,0,0,31.0,44.0,0.0,True,official_workbook_name_identity,5.29240317685725,5.155492307444842,0.0,1.4831920462553747,11.931087530557466,42.93108753055746
2026,1266,1,8523952,2026-02-07,Italy,231714,Tommaso Di Bartolomeo,Hooker,True,False,True,22,False,0.275,6,5,0,0,0,0,0,4,0,0,0,1,10,1,0,0,1,0,0,9.0,12.0,0.0,True,official_workbook_name_identity,1.4554108736357438,0.0,0.0,0.912244070268424,2.367654943904168,11.367654943904167
2026,1266,1,8523952,2026-02-07,Italy,231804,Mirco Spagnolo,Prop,True,False,True,22,False,0.275,6,5,0,0,0,0,0,0,0,0,0,0,1,0,0,0,0,0,0,1.0,5.0,0.0,True,official_workbook_name_identity,1.4554108736357438,0.0,0.0,0.49340065242919223,1.9488115260649361,2.948811526064936
2026,1266,1,8523952,2026-02-07,Italy,220782,Muhamed Hasa,Prop,True,False,True,22,False,0.275,6,5,0,0,0,0,0,2,0,0,0,2,5,1,0,0,2,0,0,3.0,7.0,0.0,True,official_workbook_name_identity,1.4554108736357438,0.0,0.0,0.49340065242919223,1.9488115260649361,4.948811526064937
2026,1266,1,8523952,2026-02-07,Italy,129234,Federico Ruzza,Second-row,True,True,True,12,False,0.15,6,5,0,0,0,0,0,0,0,0,0,0,7,0,0,0,1,0,0,6.0,8.0,0.0,True,official_workbook_name_identity,0.7938604765285874,0.7733238461167263,0.0,1.301319777877228,2.868504100522542,8.868504100522543
2026,1266,1,8523952,2026-02-07,Italy,220128,Riccardo Favretto,Back-row,True,True,True,26,False,0.325,6,5,0,0,0,0,0,10,1,0,0,2,6,0,1,0,0,0,0,14.0,13.0,0.0,True,official_workbook_name_identity,1.7200310324786063,1.6755349999195737,0.0,1.4831920462553747,4.878758078653554,18.878758078653554
2026,1266,1,8523952,2026-02-07,Italy,231774,Alessandro Garbisi,Scrum-half,False,False,True,19,False,0.2375,6,5,0,0,0,0,0,0,0,0,0,0,2,1,0,8,0,0,0,2.0,5.0,0.0,True,official_workbook_name_identity,0.0,0.0,0.0,1.376068376068376,1.376068376068376,3.376068376068376
2026,1266,1,8523952,2026-02-07,Italy,202974,Giacomo Da Re,Fly-half,False,False,True,0,False,0.0,6,5,0,0,0,0,0,0,0,0,0,0,0,0,0,0,0,0,0,0.0,0.0,0.0,True,unused_bench_no_recorded_events,0.0,0.0,0.0,1.6627906976744176,1.6627906976744176,1.6627906976744176
2026,1266,1,8523952,2026-02-07,Italy,231744,Lorenzo Pani,Back-three,False,False,True,7,False,0.0875,6,5,0,0,0,0,0,0,0,0,0,0,1,0,0,0,0,0,0,1.0,2.0,0.0,True,official_workbook_name_identity,0.0,0.0,0.0,0.9468599033816418,0.9468599033816418,1.9468599033816418
2026,1266,1,8523952,2026-02-07,Scotland,242766,Tom Jordan,Centre,False,False,True,80,True,1.0,5,1,0,0,0,0,0,29,4,0,0,9,0,1,0,4,0,0,0,10.0,6.0,0.0,True,official_workbook_name_identity,0.0,0.0,0.0,1.4896551724137947,1.4896551724137947,11.489655172413794
2026,1266,1,8523952,2026-02-07,Scotland,171582,Kyle Steyn,Back-three,False,False,True,80,True,1.0,5,1,0,0,0,0,0,13,3,0,0,6,6,1,2,3,0,0,0,23.0,12.0,0.0,True,official_workbook_name_identity,0.0,0.0,0.0,0.9468599033816418,0.9468599033816418,23.946859903381643
2026,1266,1,8523952,2026-02-07,Scotland,136776,Huw Jones,Centre,False,False,True,80,True,1.0,5,1,0,0,0,0,0,12,1,0,1,10,2,1,0,3,0,0,0,7.0,7.0,0.0,True,official_workbook_name_identity,0.0,0.0,0.0,1.4896551724137947,1.4896551724137947,8.489655172413794
2026,1266,1,8523952,2026-02-07,Scotland,139998,Sione Tuipulotu,Centre,False,False,True,80,True,1.0,5,1,0,0,0,0,0,13,3,0,0,9,4,1,0,7,1,0,0,10.0,11.0,0.0,True,official_workbook_name_identity,0.0,0.0,0.0,1.4896551724137947,1.4896551724137947,11.489655172413794
2026,1266,1,8523952,2026-02-07,Scotland,214146,Jamie Dobie,Back-three,False,False,True,49,True,0.6125,5,1,0,0,0,0,0,24,0,0,0,3,2,0,0,0,1,0,0,3.0,,,False,missing,0.0,0.0,0.5072463768115941,0.9468599033816418,1.454106280193236,4.454106280193236
2026,1266,1,8523952,2026-02-07,Scotland,117894,Finn Russell,Fly-half,False,False,True,80,True,1.0,5,1,0,0,1,1,0,15,0,0,1,4,6,1,0,15,0,0,0,14.0,14.0,0.0,True,official_workbook_name_identity,0.0,0.0,0.0,1.6627906976744176,1.6627906976744176,15.662790697674417
2026,1266,1,8523952,2026-02-07,Scotland,142476,Ben White,Scrum-half,False,False,True,64,True,0.8,5,1,0,0,0,0,0,4,1,0,2,7,4,1,0,73,0,0,0,10.0,26.0,0.0,True,official_workbook_name_identity,0.0,0.0,0.0,1.376068376068376,1.376068376068376,11.376068376068377
2026,1266,1,8523952,2026-02-07,Scotland,130290,Pierre Schoeman,Prop,True,False,True,28,True,0.35,5,1,0,0,0,0,0,14,1,0,0,11,7,1,0,1,1,0,0,9.0,10.0,0.0,True,official_workbook_name_identity,1.5436175932500311,0.0,0.0,0.49340065242919223,2.0370182456792234,11.037018245679224
2026,1266,1,8523952,2026-02-07,Scotland,187422,Ewan Ashman,Hooker,True,False,True,49,True,0.6125,5,1,0,0,0,0,0,22,0,0,1,11,8,0,0,1,1,0,0,11.0,14.0,0.0,True,official_workbook_name_identity,2.701330788187555,0.0,0.0,0.912244070268424,3.613574858455979,14.61357485845598
2026,1266,1,8523952,2026-02-07,Scotland,130530,Zander Fagerson,Prop,True,False,True,64,True,0.8,5,1,0,0,0,0,0,26,0,0,0,12,11,1,0,0,2,0,0,11.0,13.0,0.0,True,official_workbook_name_identity,3.5282687845715,0.0,0.0,0.49340065242919223,4.021669437000692,15.021669437000693
2026,1266,1,8523952,2026-02-07,Scotland,136596,Scott Cummings,Second-row,True,True,True,80,True,1.0,5,1,0,0,0,0,0,0,0,0,0,1,4,0,0,3,0,0,0,4.0,9.0,0.0,True,official_workbook_name_identity,4.410335980714375,1.0310984614889684,0.0,1.301319777877228,6.742754220080571,10.74275422008057
2026,1266,1,8523952,2026-02-07,Scotland,102762,Grant Gilchrist,Second-row,True,True,True,49,True,0.6125,5,1,0,0,0,0,0,2,0,0,0,8,7,0,0,4,2,0,0,5.0,3.0,0.0,True,official_workbook_name_identity,2.701330788187555,0.6315478076619933,0.0,1.301319777877228,4.634198373726776,9.634198373726775
2026,1266,1,8523952,2026-02-07,Scotland,161856,Matt Fagerson,Back-row,True,True,True,64,True,0.8,5,1,0,1,0,0,0,17,0,0,0,10,11,2,1,7,1,0,0,20.0,17.0,0.0,True,official_workbook_name_identity,3.5282687845715,0.8248787691911748,0.0,1.4831920462553747,5.836339600018049,25.83633960001805
2026,1266,1,8523952,2026-02-07,Scotland,180222,Rory Darge,Back-row,True,True,True,60,True,0.75,5,1,0,0,0,0,0,3,1,0,1,11,6,0,0,5,0,0,0,10.0,22.0,0.0,True,official_workbook_name_identity,3.307751985535781,0.7733238461167263,0.0,1.4831920462553747,5.564267877907882,15.56426787790788
2026,1266,1,8523952,2026-02-07,Scotland,124308,Jack Dempsey,Back-row,True,True,True,80,True,1.0,5,1,1,0,0,0,0,53,4,0,0,20,8,1,0,1,0,0,0,36.0,40.0,0.0,True,official_workbook_name_identity,4.410335980714375,1.0310984614889684,0.0,1.4831920462553747,6.924626488458718,42.92462648845872
2026,1266,1,8523952,2026-02-07,Scotland,117864,George Turner,Hooker,True,False,True,31,False,0.3875,5,1,0,0,0,0,0,8,0,0,0,5,1,0,0,1,1,1,0,-5.0,-2.0,0.0,True,official_workbook_name_identity,1.7090051925268204,0.0,0.0,0.912244070268424,2.6212492627952444,-2.3787507372047556
2026,1266,1,8523952,2026-02-07,Scotland,179394,Nathan McBeth,Prop,True,False,True,8,False,0.1,5,1,0,0,0,0,0,4,0,0,0,3,2,0,0,2,0,0,0,2.0,6.0,0.0,True,official_workbook_name_identity,0.4410335980714375,0.0,0.0,0.49340065242919223,0.9344342505006298,2.9344342505006296
2026,1266,1,8523952,2026-02-07,Scotland,178038,Elliot Millar-Mills,Prop,True,False,True,16,False,0.2,5,1,0,0,0,0,0,4,1,0,0,4,1,0,0,1,2,0,0,1.0,3.0,0.0,True,official_workbook_name_identity,0.882067196142875,0.0,0.0,0.49340065242919223,1.3754678485720673,2.3754678485720673
2026,1266,1,8523952,2026-02-07,Scotland,231570,Max Williamson,Second-row,True,True,True,16,False,0.2,5,1,0,0,0,0,0,3,0,0,0,3,0,1,0,0,0,0,0,0.0,3.0,0.0,True,official_workbook_name_identity,0.882067196142875,0.2062196922977937,0.0,1.301319777877228,2.3896066663178965,2.3896066663178965
2026,1266,1,8523952,2026-02-07,Scotland,220296,Gregor Brown,Second-row,True,True,True,31,False,0.3875,5,1,0,0,0,0,0,13,0,0,0,5,3,0,0,1,0,0,0,4.0,14.0,0.0,True,official_workbook_name_identity,1.7090051925268204,0.3995506538269753,0.0,1.301319777877228,3.4098756242310237,7.409875624231024
2026,1266,1,8523952,2026-02-07,Scotland,129792,George Horne,Scrum-half,False,False,True,16,False,0.2,5,1,1,0,0,0,0,5,1,0,0,2,1,0,0,30,0,0,0,13.0,15.0,0.0,True,official_workbook_name_identity,0.0,0.0,0.0,1.376068376068376,1.376068376068376,14.376068376068377
2026,1266,1,8523952,2026-02-07,Scotland,142002,Adam Hastings,Fly-half,False,False,True,0,False,0.0,5,1,0,0,0,0,0,0,0,0,0,0,0,0,0,0,0,0,0,0.0,0.0,0.0,True,unused_bench_no_recorded_events,0.0,0.0,0.0,1.6627906976744176,1.6627906976744176,1.6627906976744176
2026,1266,1,8523952,2026-02-07,Scotland,146754,Darcy Graham,Back-three,False,False,True,31,False,0.3875,5,1,0,0,0,0,0,3,0,0,0,1,1,0,0,0,0,0,0,1.0,1.0,0.0,True,official_workbook_name_identity,0.0,0.0,0.0,0.9468599033816418,0.9468599033816418,1.9468599033816418
2026,1266,1,8523961,2026-02-07,England,203496,Freddie Steward,Back-three,False,False,True,65,True,0.8125,5,3,0,1,0,0,0,26,3,0,1,5,2,0,0,5,0,0,0,16.0,16.0,0.0,True,official_workbook_name_identity,0.0,0.0,0.0,0.9468599033816418,0.9468599033816418,16.946859903381643
2026,1266,1,8523961,2026-02-07,England,187458,Tom Roebuck,Back-three,False,False,True,65,True,0.8125,5,3,1,0,0,0,0,16,2,1,0,5,2,0,0,1,1,0,0,16.0,17.0,0.0,True,official_workbook_name_identity,0.0,0.0,0.0,0.9468599033816418,0.9468599033816418,16.946859903381643
2026,1266,1,8523961,2026-02-07,England,213192,Tommy Freeman,Back-three,False,False,True,80,True,1.0,5,3,1,0,0,0,0,104,7,2,1,14,8,2,0,2,0,0,0,44.0,50.0,0.0,True,official_workbook_name_identity,0.0,0.0,0.0,0.9468599033816418,0.9468599033816418,44.94685990338164
2026,1266,1,8523961,2026-02-07,England,156030,Fraser Dingwall,Centre,False,False,True,80,True,1.0,5,3,0,2,0,0,0,28,0,2,2,6,5,2,0,14,1,0,0,18.0,20.0,0.0,True,official_workbook_name_identity,0.0,0.0,0.0,1.4896551724137947,1.4896551724137947,19.489655172413794
2026,1266,1,8523961,2026-02-07,England,238830,Henry Arundell,Back-three,False,False,True,80,True,1.0,5,3,3,0,0,0,0,54,2,1,0,8,4,2,0,4,0,0,0,43.0,46.0,0.0,True,official_workbook_name_identity,0.0,0.0,0.0,0.9468599033816418,0.9468599033816418,43.94685990338164
2026,1266,1,8523961,2026-02-07,England,66258,George Ford,Fly-half,False,False,True,80,True,1.0,5,3,0,2,4,1,0,62,1,2,0,6,5,0,0,29,0,0,0,32.0,55.0,1.0,True,official_workbook_name_identity,0.0,0.0,15.0,1.6627906976744176,16.662790697674417,48.66279069767442
2026,1266,1,8523961,2026-02-07,England,142356,Alex Mitchell,Scrum-half,False,False,True,67,True,0.8375,5,3,0,0,0,0,0,4,0,0,0,1,1,2,0,68,1,0,0,0.0,6.0,0.0,True,official_workbook_name_identity,0.0,0.0,0.0,1.376068376068376,1.376068376068376,1.376068376068376
2026,1266,1,8523961,2026-02-07,England,136680,Ellis Genge,Prop,True,False,True,40,True,0.5,5,3,0,0,0,0,0,5,1,0,0,6,7,0,0,1,2,0,0,7.0,11.0,0.0,True,official_workbook_name_identity,2.2051679903571877,0.0,0.0,0.49340065242919223,2.69856864278638,9.69856864278638
2026,1266,1,8523961,2026-02-07,England,61134,Jamie George,Hooker,True,False,True,50,True,0.625,5,3,0,0,0,0,0,8,0,0,0,5,8,1,0,3,0,0,0,8.0,12.0,0.0,True,official_workbook_name_identity,2.756459987946484,0.0,0.0,0.912244070268424,3.6687040582149084,11.668704058214908
2026,1266,1,8523961,2026-02-07,England,178806,Joe Heyes,Prop,True,False,True,50,True,0.625,5,3,0,0,0,0,0,0,0,0,0,2,5,0,0,0,0,0,0,5.0,9.0,0.0,True,official_workbook_name_identity,2.756459987946484,0.0,0.0,0.49340065242919223,3.2498606403756765,8.249860640375676
2026,1266,1,8523961,2026-02-07,England,198696,Alex Coles,Second-row,True,True,True,50,True,0.625,5,3,0,0,0,0,0,8,0,0,0,3,10,1,0,1,0,0,0,10.0,22.0,0.0,True,official_workbook_name_identity,2.756459987946484,1.9333096152918159,0.0,1.301319777877228,5.991089381115528,15.991089381115529
2026,1266,1,8523961,2026-02-07,England,218742,Ollie Chessum,Second-row,True,True,True,80,True,1.0,5,3,0,0,0,0,0,43,0,0,1,7,13,2,0,3,1,0,0,18.0,30.0,0.0,True,official_workbook_name_identity,4.410335980714375,3.0932953844669053,0.0,1.301319777877228,8.80495114305851,26.80495114305851
2026,1266,1,8523961,2026-02-07,England,239076,Guy Pepper,Back-row,True,True,True,80,True,1.0,5,3,0,0,0,0,0,11,1,0,1,8,14,0,0,5,2,0,0,17.0,32.0,0.0,True,official_workbook_name_identity,4.410335980714375,3.0932953844669053,0.0,1.4831920462553747,8.986823411436657,25.986823411436657
2026,1266,1,8523961,2026-02-07,England,129660,Sam Underhill,Back-row,True,True,True,50,True,0.625,5,3,0,0,0,0,0,7,0,0,0,4,8,2,0,0,1,0,0,7.0,10.0,0.0,True,official_workbook_name_identity,2.756459987946484,1.9333096152918159,0.0,1.4831920462553747,6.172961649493675,13.172961649493676
2026,1266,1,8523961,2026-02-07,England,142404,Ben Earl,Back-row,True,True,True,80,True,1.0,5,3,1,0,0,0,0,78,2,3,1,17,14,3,1,8,0,0,0,47.0,50.0,0.0,True,official_workbook_name_identity,4.410335980714375,3.0932953844669053,0.0,1.4831920462553747,8.986823411436657,55.98682341143666
2026,1266,1,8523961,2026-02-07,England,115452,Luke Cowan-Dickie,Hooker,True,False,True,30,False,0.375,5,3,0,0,0,0,0,9,0,0,0,2,2,0,0,2,1,0,0,1.0,5.0,0.0,True,official_workbook_name_identity,1.6538759927678905,0.0,0.0,0.912244070268424,2.5661200630363146,3.5661200630363146
2026,1266,1,8523961,2026-02-07,England,198810,Bevan Rodd,Prop,True,False,True,40,False,0.5,5,3,0,0,0,0,0,19,1,0,1,4,10,0,0,4,0,0,0,15.0,17.0,0.0,True,official_workbook_name_identity,2.2051679903571877,0.0,0.0,0.49340065242919223,2.69856864278638,17.69856864278638
2026,1266,1,8523961,2026-02-07,England,175890,Trevor Davison,Prop,True,False,True,30,False,0.375,5,3,0,0,0,0,0,9,0,0,0,2,4,1,0,1,0,0,0,4.0,6.0,0.0,True,official_workbook_name_identity,1.6538759927678905,0.0,0.0,0.49340065242919223,2.1472766451970826,6.147276645197083
2026,1266,1,8523961,2026-02-07,England,122652,Maro Itoje,Second-row,True,True,True,30,False,0.375,5,3,0,0,0,0,0,3,0,0,0,1,1,0,0,1,1,1,0,-5.0,0.0,0.0,True,official_workbook_name_identity,1.6538759927678905,1.1599857691750894,0.0,1.301319777877228,4.115181539820208,-0.8848184601797922
2026,1266,1,8523961,2026-02-07,England,155892,Tom Curry,Back-row,True,True,True,30,False,0.375,5,3,0,0,0,0,0,1,0,0,0,2,3,1,0,6,1,1,0,-3.0,-1.0,0.0,True,official_workbook_name_identity,1.6538759927678905,1.1599857691750894,0.0,1.4831920462553747,4.2970538081983545,1.2970538081983545
2026,1266,1,8523961,2026-02-07,England,342324,Henry Pollock,Back-row,True,True,True,15,False,0.1875,5,3,0,0,0,0,0,22,0,0,1,6,1,1,0,1,0,0,0,5.0,3.0,0.0,True,official_workbook_name_identity,0.8269379963839453,0.5799928845875447,0.0,1.4831920462553747,2.890122927226865,7.890122927226865
2026,1266,1,8523961,2026-02-07,England,116268,Ben Spencer,Scrum-half,False,False,True,13,False,0.1625,5,3,0,1,0,0,0,5,0,0,0,2,3,0,0,8,0,0,0,7.0,3.0,0.0,True,official_workbook_name_identity,0.0,0.0,0.0,1.376068376068376,1.376068376068376,8.376068376068377
2026,1266,1,8523961,2026-02-07,England,156288,Marcus Smith,Fly-half,False,False,True,15,False,0.1875,5,3,0,0,0,0,0,44,3,0,0,3,0,0,0,5,0,0,0,10.0,9.0,0.0,True,official_workbook_name_identity,0.0,0.0,0.0,1.6627906976744176,1.6627906976744176,11.662790697674417
2026,1266,1,8523961,2026-02-07,Wales,187290,Louis Rees-Zammit,Back-three,False,False,True,80,True,1.0,3,0,0,0,0,0,0,79,6,1,0,8,5,3,0,1,1,0,0,23.0,21.0,0.0,True,official_workbook_name_identity,0.0,0.0,0.0,0.9468599033816418,0.9468599033816418,23.946859903381643
2026,1266,1,8523961,2026-02-07,Wales,363636,Ellis Mee,Back-three,False,False,True,52,True,0.65,3,0,0,0,0,0,0,2,0,0,0,1,9,3,1,0,1,0,0,13.0,8.0,0.0,True,official_workbook_name_identity,0.0,0.0,0.0,0.9468599033816418,0.9468599033816418,13.946859903381641
2026,1266,1,8523961,2026-02-07,Wales,232158,Eddie James,Centre,False,False,True,17,True,0.2125,3,0,0,0,0,0,0,18,0,1,0,3,7,0,0,0,0,0,0,8.0,11.0,0.0,True,official_workbook_name_identity,0.0,0.0,0.0,1.4896551724137947,1.4896551724137947,9.489655172413794
2026,1266,1,8523961,2026-02-07,Wales,154968,Ben Thomas,Centre,False,False,True,80,True,1.0,3,0,0,0,0,0,0,7,1,0,0,6,4,2,0,5,2,1,0,-1.0,0.0,0.0,True,official_workbook_name_identity,0.0,0.0,0.0,1.4896551724137947,1.4896551724137947,0.48965517241379475
2026,1266,1,8523961,2026-02-07,Wales,129096,Josh Adams,Back-three,False,False,True,80,True,1.0,3,0,1,0,0,0,0,28,1,1,0,4,4,0,0,3,0,0,0,18.0,20.0,0.0,True,official_workbook_name_identity,0.0,0.0,0.0,0.9468599033816418,0.9468599033816418,18.946859903381643
2026,1266,1,8523961,2026-02-07,Wales,263442,Dan Edwards,Fly-half,False,False,True,80,True,1.0,3,0,0,1,1,0,0,12,0,0,0,3,8,3,0,9,0,0,0,15.0,17.0,0.0,True,official_workbook_name_identity,0.0,0.0,0.0,1.6627906976744176,1.6627906976744176,16.662790697674417
2026,1266,1,8523961,2026-02-07,Wales,128628,Tomos Williams,Scrum-half,False,False,True,78,True,0.975,3,0,0,0,0,0,0,8,0,0,0,2,7,1,1,55,0,0,0,12.0,20.0,0.0,True,official_workbook_name_identity,0.0,0.0,0.0,1.376068376068376,1.376068376068376,13.376068376068377
2026,1266,1,8523961,2026-02-07,Wales,121974,Nicky Smith,Prop,True,False,True,50,True,0.625,3,0,0,0,0,0,0,0,0,0,0,1,4,0,0,0,2,1,0,-3.0,-3.0,0.0,True,official_workbook_name_identity,1.6538759927678905,0.0,0.0,0.49340065242919223,2.1472766451970826,-0.8527233548029174
2026,1266,1,8523961,2026-02-07,Wales,178848,Dewi Lake,Hooker,True,False,True,67,True,0.8375,3,0,0,0,0,0,0,15,0,0,0,7,11,1,0,1,1,1,0,6.0,6.0,0.0,True,official_workbook_name_identity,2.2161938303089737,0.0,0.0,0.912244070268424,3.1284379005773975,9.128437900577397
2026,1266,1,8523961,2026-02-07,Wales,219990,Archie Griffin,Prop,True,False,True,50,True,0.625,3,0,0,0,0,0,0,2,1,0,0,3,11,0,0,0,1,0,0,12.0,14.0,0.0,True,official_workbook_name_identity,1.6538759927678905,0.0,0.0,0.49340065242919223,2.1472766451970826,14.147276645197083
2026,1266,1,8523961,2026-02-07,Wales,232104,Dafydd Jenkins,Second-row,True,True,True,80,True,1.0,3,0,0,0,0,0,0,7,0,0,0,2,17,3,0,3,3,0,0,14.0,14.0,0.0,True,official_workbook_name_identity,2.646201588428625,0.0,0.0,1.301319777877228,3.9475213663058533,17.947521366305853
2026,1266,1,8523961,2026-02-07,Wales,129576,Adam Beard,Second-row,True,True,True,69,True,0.8625,3,0,0,0,0,0,0,12,0,0,1,4,9,0,0,4,0,0,0,12.0,14.0,0.0,True,official_workbook_name_identity,2.2823488700196894,0.0,0.0,1.301319777877228,3.5836686478969177,15.583668647896918
2026,1266,1,8523961,2026-02-07,Wales,232110,Alex Mann,Back-row,True,True,True,17,True,0.2125,3,0,0,0,0,0,0,2,1,0,0,6,9,0,0,2,0,0,0,11.0,13.0,0.0,True,official_workbook_name_identity,0.5623178375410828,0.0,0.0,1.4831920462553747,2.0455098837964574,13.045509883796457
2026,1266,1,8523961,2026-02-07,Wales,150126,Josh MacLeod,Back-row,True,True,True,52,True,0.65,3,0,0,0,0,0,0,16,2,0,0,7,12,1,0,2,1,0,0,16.0,18.0,0.0,True,official_workbook_name_identity,1.7200310324786063,0.0,0.0,1.4831920462553747,3.203223078733981,19.20322307873398
2026,1266,1,8523961,2026-02-07,Wales,176652,Aaron Wainwright,Back-row,True,True,True,80,True,1.0,3,0,0,0,0,0,0,38,5,1,0,13,11,2,0,0,1,0,0,23.0,24.0,0.0,True,official_workbook_name_identity,2.646201588428625,0.0,0.0,1.4831920462553747,4.129393634684,27.129393634684
2026,1266,1,8523961,2026-02-07,Wales,136062,Liam Belcher,Hooker,True,False,True,10,False,0.125,3,0,0,0,0,0,0,0,0,0,0,1,1,0,0,0,0,0,0,1.0,4.0,0.0,True,official_workbook_name_identity,0.3307751985535781,0.0,0.0,0.912244070268424,1.243019268822002,2.2430192688220023
2026,1266,1,8523961,2026-02-07,Wales,162870,Rhys Carre,Prop,True,False,True,11,False,0.1375,3,0,0,0,0,0,0,2,1,0,0,6,1,1,0,0,1,0,0,2.0,4.0,0.0,True,official_workbook_name_identity,0.36385271840893596,0.0,0.0,0.49340065242919223,0.8572533708381282,2.8572533708381282
2026,1266,1,8523961,2026-02-07,Wales,131898,Tomas Francis,Prop,True,False,True,30,False,0.375,3,0,0,0,0,0,0,0,0,0,0,0,4,0,0,1,0,0,0,4.0,5.0,0.0,True,official_workbook_name_identity,0.9923255956607344,0.0,0.0,0.49340065242919223,1.4857262480899267,5.485726248089927
2026,1266,1,8523961,2026-02-07,Wales,219996,Ben Carter,Second-row,True,True,True,11,False,0.1375,3,0,0,0,0,0,0,0,0,0,0,0,2,0,0,0,0,0,0,2.0,3.0,0.0,True,official_workbook_name_identity,0.36385271840893596,0.0,0.0,1.301319777877228,1.665172496286164,3.6651724962861643
2026,1266,1,8523961,2026-02-07,Wales,206706,Taine Plumtree,Back-row,True,True,True,30,False,0.375,3,0,0,0,0,0,0,6,0,0,0,3,2,0,0,1,1,1,0,-4.0,,,False,missing,0.9923255956607344,0.0,0.39179104477611937,1.4831920462553747,2.867308686692229,-1.1326913133077712
2026,1266,1,8523961,2026-02-07,Wales,232122,Harri Deaves,Back-row,True,True,True,28,False,0.35,3,0,0,0,0,0,0,20,0,0,0,5,10,1,0,1,1,0,0,11.0,13.0,0.0,True,official_workbook_name_identity,0.9261705559500186,0.0,0.0,1.4831920462553747,2.4093626022053933,13.409362602205393
2026,1266,1,8523961,2026-02-07,Wales,135900,Kieran Hardy,Scrum-half,False,False,True,2,False,0.025,3,0,0,0,0,0,0,0,0,0,0,0,0,1,0,0,0,0,0,0.0,0.0,0.0,True,official_workbook_name_identity,0.0,0.0,0.0,1.376068376068376,1.376068376068376,1.376068376068376
2026,1266,1,8523961,2026-02-07,Wales,220956,Mason Grady,Centre,False,False,True,28,False,0.35,3,0,0,0,0,0,0,2,2,0,0,3,2,1,0,1,0,0,0,6.0,6.0,0.0,True,official_workbook_name_identity,0.0,0.0,0.0,1.4896551724137947,1.4896551724137947,7.489655172413794
2026,1266,2,8523970,2026-02-14,Ireland,227658,Jamie Osborne,Back-three,False,False,True,80,True,1.0,5,1,1,0,0,0,0,45,3,1,1,14,5,1,1,9,0,0,0,32.0,29.0,0.0,True,official_workbook_name_identity,0.0,0.0,0.0,0.9468599033816418,0.9468599033816418,32.94685990338164
2026,1266,2,8523970,2026-02-14,Ireland,186198,Robert Baloucoune,Back-three,False,False,True,80,True,1.0,5,1,1,0,0,0,0,45,5,1,1,8,4,0,0,6,0,0,0,30.0,45.0,1.0,True,official_workbook_name_identity,0.0,0.0,15.0,0.9468599033816418,15.946859903381641,45.94685990338164
2026,1266,2,8523970,2026-02-14,Ireland,129372,Garry Ringrose,Centre,False,False,True,80,True,1.0,5,1,0,0,0,0,0,20,1,0,1,8,10,4,0,10,1,0,0,15.0,14.0,0.0,True,official_workbook_name_identity,0.0,0.0,0.0,1.4896551724137947,1.4896551724137947,16.489655172413794
2026,1266,2,8523970,2026-02-14,Ireland,129840,Stuart McCloskey,Centre,False,False,True,80,True,1.0,5,1,0,2,0,0,0,19,1,0,2,9,16,1,1,16,0,0,0,36.0,40.0,0.0,True,official_workbook_name_identity,0.0,0.0,0.0,1.4896551724137947,1.4896551724137947,37.4896551724138
2026,1266,2,8523970,2026-02-14,Ireland,120468,James Lowe,Back-three,False,False,True,80,True,1.0,5,1,0,0,0,0,0,138,9,3,3,12,6,0,1,7,0,0,0,48.0,47.0,0.0,True,official_workbook_name_identity,0.0,0.0,0.0,0.9468599033816418,0.9468599033816418,48.94685990338164
2026,1266,2,8523970,2026-02-14,Ireland,337638,Sam Prendergast,Fly-half,False,False,True,55,True,0.6875,5,1,0,0,0,0,0,5,0,0,0,3,8,4,0,32,0,0,0,8.0,10.0,0.0,True,official_workbook_name_identity,0.0,0.0,0.0,1.6627906976744176,1.6627906976744176,9.662790697674417
2026,1266,2,8523970,2026-02-14,Ireland,203124,Craig Casey,Scrum-half,False,False,True,51,True,0.6375,5,1,0,0,0,0,0,6,4,0,0,2,1,1,0,56,1,1,0,3.0,4.0,0.0,True,official_workbook_name_identity,0.0,0.0,0.0,1.376068376068376,1.376068376068376,4.3760683760683765
2026,1266,2,8523970,2026-02-14,Ireland,136854,Jeremy Loughman,Prop,True,False,True,66,True,0.825,5,1,0,0,0,0,0,4,0,0,0,4,4,0,0,3,1,0,0,3.0,8.0,0.0,True,official_workbook_name_identity,3.638527184089359,0.0,0.0,0.49340065242919223,4.1319278365185514,7.1319278365185514
2026,1266,2,8523970,2026-02-14,Ireland,186096,Dan Sheehan,Hooker,True,False,True,51,True,0.6375,5,1,0,0,0,0,0,19,0,0,0,4,3,2,0,2,2,0,0,2.0,4.0,0.0,True,official_workbook_name_identity,2.811589187705414,0.0,0.0,0.912244070268424,3.723833257973838,5.723833257973838
2026,1266,2,8523970,2026-02-14,Ireland,203208,Thomas Clarkson,Prop,True,False,True,40,True,0.5,5,1,0,0,0,0,0,2,1,0,0,3,9,0,0,3,1,0,0,10.0,11.0,0.0,True,official_workbook_name_identity,2.2051679903571877,0.0,0.0,0.49340065242919223,2.69856864278638,12.69856864278638
2026,1266,2,8523970,2026-02-14,Ireland,220194,Joe McCarthy,Second-row,True,True,True,51,True,0.6375,5,1,0,0,0,0,0,12,1,0,0,6,5,2,0,1,0,0,0,8.0,11.0,0.0,True,official_workbook_name_identity,2.811589187705414,0.6573252691992173,0.0,1.301319777877228,4.770234234781859,12.77023423478186
2026,1266,2,8523970,2026-02-14,Ireland,143604,James Ryan,Second-row,True,True,True,69,True,0.8625,5,1,0,0,0,0,0,11,0,0,0,11,5,2,0,7,0,0,0,6.0,10.0,0.0,True,official_workbook_name_identity,3.803914783366148,0.8893224230342354,0.0,1.301319777877228,5.994556984277612,11.994556984277612
2026,1266,2,8523970,2026-02-14,Ireland,208038,Cormac Izuchukwu,Back-row,True,True,True,58,True,0.725,5,1,0,0,0,0,0,23,0,1,1,7,7,0,1,3,1,0,0,15.0,20.0,0.0,True,official_workbook_name_identity,3.197493586017922,0.7475463845795021,0.0,1.4831920462553747,5.428232016852799,20.4282320168528
2026,1266,2,8523970,2026-02-14,Ireland,148680,Caelan Doris,Back-row,True,True,True,80,True,1.0,5,1,0,1,0,0,0,36,4,1,0,9,14,1,0,11,1,0,0,28.0,38.0,0.0,True,official_workbook_name_identity,4.410335980714375,1.0310984614889684,0.0,1.4831920462553747,6.924626488458718,34.92462648845872
2026,1266,2,8523970,2026-02-14,Ireland,117936,Jack Conan,Back-row,True,True,True,80,True,1.0,5,1,1,0,0,0,0,35,1,0,0,12,17,2,0,3,0,0,0,37.0,43.0,0.0,True,official_workbook_name_identity,4.410335980714375,1.0310984614889684,0.0,1.4831920462553747,6.924626488458718,43.92462648845872
2026,1266,2,8523970,2026-02-14,Ireland,148644,Ronan Kelleher,Hooker,True,False,True,29,False,0.3625,5,1,0,0,0,0,0,13,0,1,0,3,9,0,0,3,0,0,0,10.0,12.0,0.0,True,official_workbook_name_identity,1.598746793008961,0.0,0.0,0.912244070268424,2.510990863277385,12.510990863277385
2026,1266,2,8523970,2026-02-14,Ireland,148650,Tom O'Toole,Prop,True,False,True,14,False,0.175,5,1,0,0,0,0,0,0,0,0,0,1,9,0,0,0,0,0,0,9.0,10.0,0.0,True,official_workbook_name_identity,0.7718087966250156,0.0,0.0,0.49340065242919223,1.2652094490542078,10.265209449054208
2026,1266,2,8523970,2026-02-14,Ireland,112374,Tadhg Furlong,Prop,True,False,True,40,False,0.5,5,1,0,0,0,0,0,7,0,0,0,4,4,1,0,1,1,0,0,3.0,7.0,0.0,True,official_workbook_name_identity,2.2051679903571877,0.0,0.0,0.49340065242919223,2.69856864278638,5.69856864278638
2026,1266,2,8523970,2026-02-14,Ireland,243480,Edwin Edogbo,Second-row,True,True,True,11,False,0.1375,5,1,0,0,0,0,0,0,0,0,0,0,9,0,0,0,1,0,0,8.0,8.0,0.0,True,official_workbook_name_identity,0.6064211973482265,0.14177603845473316,0.0,1.301319777877228,2.049517013680188,10.049517013680187
2026,1266,2,8523970,2026-02-14,Ireland,117954,Tadhg Beirne,Second-row,True,True,True,29,False,0.3625,5,1,0,0,0,0,0,1,0,0,0,2,10,0,0,3,0,0,0,10.0,11.0,0.0,True,official_workbook_name_identity,1.598746793008961,0.37377319228975103,0.0,1.301319777877228,3.27383976317594,13.273839763175939
2026,1266,2,8523970,2026-02-14,Ireland,136878,Nick Timoney,Back-row,True,True,True,22,False,0.275,5,1,0,0,0,0,0,16,0,0,0,3,5,0,0,1,0,0,0,6.0,7.0,0.0,True,official_workbook_name_identity,1.212842394696453,0.2835520769094663,0.0,1.4831920462553747,2.979586517861294,8.979586517861295
2026,1266,2,8523970,2026-02-14,Ireland,120504,Jamison Gibson-Park,Scrum-half,False,False,True,29,False,0.3625,5,1,0,0,0,0,0,0,0,0,0,0,4,1,0,28,0,0,0,4.0,4.0,0.0,True,official_workbook_name_identity,0.0,0.0,0.0,1.376068376068376,1.376068376068376,5.3760683760683765
2026,1266,2,8523970,2026-02-14,Ireland,201696,Jack Crowley,Fly-half,False,False,True,25,False,0.3125,5,1,0,0,1,1,0,0,0,0,0,0,4,1,0,16,0,0,0,9.0,9.0,0.0,True,official_workbook_name_identity,0.0,0.0,0.0,1.6627906976744176,1.6627906976744176,10.662790697674417
2026,1266,2,8523970,2026-02-14,Italy,231744,Lorenzo Pani,Back-three,False,False,True,80,True,1.0,5,1,0,0,0,0,0,75,2,2,0,12,4,1,0,3,0,0,0,15.0,19.0,0.0,True,official_workbook_name_identity,0.0,0.0,0.0,0.9468599033816418,0.9468599033816418,15.946859903381641
2026,1266,2,8523970,2026-02-14,Italy,213750,Louis Lynagh,Back-three,False,False,True,80,True,1.0,5,1,0,0,0,0,0,52,1,1,2,7,5,3,0,4,1,1,0,10.0,10.0,0.0,True,official_workbook_name_identity,0.0,0.0,0.0,0.9468599033816418,0.9468599033816418,10.946859903381641
2026,1266,2,8523970,2026-02-14,Italy,226818,Tommaso Menoncello,Centre,False,False,True,80,True,1.0,5,1,0,0,0,0,0,14,5,1,1,8,10,0,1,9,2,0,0,26.0,24.0,0.0,True,official_workbook_name_identity,0.0,0.0,0.0,1.4896551724137947,1.4896551724137947,27.489655172413794
2026,1266,2,8523970,2026-02-14,Italy,231834,Leonardo Marin,Centre,False,False,True,66,True,0.825,5,1,0,0,0,0,0,9,2,0,1,4,10,7,0,13,0,0,0,16.0,15.0,0.0,True,official_workbook_name_identity,0.0,0.0,0.0,1.4896551724137947,1.4896551724137947,17.489655172413794
2026,1266,2,8523970,2026-02-14,Italy,134016,Monty Ioane,Back-three,False,False,True,80,True,1.0,5,1,0,0,0,0,0,68,2,0,3,12,8,3,0,6,0,0,0,24.0,32.0,0.0,True,official_workbook_name_identity,0.0,0.0,0.0,0.9468599033816418,0.9468599033816418,24.946859903381643
2026,1266,2,8523970,2026-02-14,Italy,203034,Paolo Garbisi,Fly-half,False,False,True,80,True,1.0,5,1,0,0,1,2,0,15,2,0,0,6,8,1,0,38,0,0,0,21.0,25.0,0.0,True,official_workbook_name_identity,0.0,0.0,0.0,1.6627906976744176,1.6627906976744176,22.662790697674417
2026,1266,2,8523970,2026-02-14,Italy,180450,Alessandro Fusco,Scrum-half,False,False,True,62,True,0.775,5,1,0,0,0,0,0,15,3,1,0,5,7,2,0,39,0,0,0,14.0,13.0,0.0,True,official_workbook_name_identity,0.0,0.0,0.0,1.376068376068376,1.376068376068376,15.376068376068377
2026,1266,2,8523970,2026-02-14,Italy,164232,Danilo Fischetti,Prop,True,False,True,58,True,0.725,5,1,0,0,0,0,0,10,1,0,0,9,7,2,0,0,2,0,0,8.0,12.0,0.0,True,official_workbook_name_identity,3.197493586017922,0.0,0.0,0.49340065242919223,3.690894238447114,11.690894238447115
2026,1266,2,8523970,2026-02-14,Italy,226836,Giacomo Nicotera,Hooker,True,False,True,58,True,0.725,5,1,1,0,0,0,0,2,0,0,0,3,12,2,0,3,0,0,0,27.0,31.0,0.0,True,official_workbook_name_identity,3.197493586017922,0.0,0.0,0.912244070268424,4.109737656286346,31.109737656286345
2026,1266,2,8523970,2026-02-14,Italy,123210,Simone Ferrari,Prop,True,False,True,58,True,0.725,5,1,0,0,0,0,0,1,0,0,0,1,12,1,0,0,0,0,0,12.0,14.0,0.0,True,official_workbook_name_identity,3.197493586017922,0.0,0.0,0.49340065242919223,3.690894238447114,15.690894238447115
2026,1266,2,8523970,2026-02-14,Italy,167196,Niccolo Cannone,Second-row,True,True,True,66,True,0.825,5,1,0,0,0,0,0,1,0,0,0,5,8,0,0,3,0,0,0,8.0,15.0,0.0,True,official_workbook_name_identity,3.638527184089359,0.8506562307283989,0.0,1.301319777877228,5.7905031926949855,13.790503192694985
2026,1266,2,8523970,2026-02-14,Italy,208140,Andrea Zambonin,Second-row,True,True,True,60,True,0.75,5,1,0,0,0,0,0,3,0,0,0,2,16,0,0,2,0,0,0,16.0,16.0,0.0,True,official_workbook_name_identity,3.307751985535781,0.7733238461167263,0.0,1.301319777877228,5.382395609529735,21.382395609529734
2026,1266,2,8523970,2026-02-14,Italy,164220,Michele Lamaro,Back-row,True,True,True,80,True,1.0,5,1,0,0,0,0,0,3,0,0,1,5,12,2,0,9,0,0,0,14.0,22.0,0.0,True,official_workbook_name_identity,4.410335980714375,1.0310984614889684,0.0,1.4831920462553747,6.924626488458718,20.924626488458717
2026,1266,2,8523970,2026-02-14,Italy,204054,Manuel Zuliani,Back-row,True,True,True,80,True,1.0,5,1,0,0,0,0,0,27,3,1,1,10,16,1,2,9,0,0,0,36.0,41.0,0.0,True,official_workbook_name_identity,4.410335980714375,1.0310984614889684,0.0,1.4831920462553747,6.924626488458718,42.92462648845872
2026,1266,2,8523970,2026-02-14,Italy,220140,Lorenzo Cannone,Back-row,True,True,True,66,True,0.825,5,1,0,0,0,0,0,20,1,0,0,2,18,1,0,5,0,0,0,22.0,28.0,0.0,True,official_workbook_name_identity,3.638527184089359,0.8506562307283989,0.0,1.4831920462553747,5.972375461073132,27.97237546107313
2026,1266,2,8523970,2026-02-14,Italy,231714,Tommaso Di Bartolomeo,Hooker,True,False,True,22,False,0.275,5,1,0,0,0,0,0,4,0,0,0,3,4,0,0,1,0,0,0,4.0,6.0,0.0,True,official_workbook_name_identity,1.212842394696453,0.0,0.0,0.912244070268424,2.125086464964877,6.125086464964877
2026,1266,2,8523970,2026-02-14,Italy,231804,Mirco Spagnolo,Prop,True,False,True,22,False,0.275,5,1,0,0,0,0,0,2,0,0,0,5,4,0,0,0,0,0,0,4.0,6.0,0.0,True,official_workbook_name_identity,1.212842394696453,0.0,0.0,0.49340065242919223,1.7062430471256453,5.706243047125645
2026,1266,2,8523970,2026-02-14,Italy,220782,Muhamed Hasa,Prop,True,False,True,22,False,0.275,5,1,0,0,0,0,0,1,0,0,0,5,2,1,0,0,0,0,0,2.0,4.0,0.0,True,official_workbook_name_identity,1.212842394696453,0.0,0.0,0.49340065242919223,1.7062430471256453,3.7062430471256453
2026,1266,2,8523970,2026-02-14,Italy,129234,Federico Ruzza,Second-row,True,True,True,20,False,0.25,5,1,0,0,0,0,0,7,0,0,1,5,1,1,0,5,1,0,0,2.0,4.0,0.0,True,official_workbook_name_identity,1.1025839951785938,0.2577746153722421,0.0,1.301319777877228,2.661678388428064,4.661678388428064
2026,1266,2,8523970,2026-02-14,Italy,220128,Riccardo Favretto,Back-row,True,True,True,14,False,0.175,5,1,0,0,0,0,0,1,0,0,0,2,1,0,0,3,0,0,0,1.0,2.0,0.0,True,official_workbook_name_identity,0.7718087966250156,0.18044223076056948,0.0,1.4831920462553747,2.43544307364096,3.43544307364096
2026,1266,2,8523970,2026-02-14,Italy,263016,David Odiase,Back-row,True,True,True,14,False,0.175,5,1,0,0,0,0,0,14,0,0,0,7,2,0,0,1,0,0,0,3.0,4.0,0.0,True,official_workbook_name_identity,0.7718087966250156,0.18044223076056948,0.0,1.4831920462553747,2.43544307364096,5.435443073640959
2026,1266,2,8523970,2026-02-14,Italy,231774,Alessandro Garbisi,Scrum-half,False,False,True,18,False,0.225,5,1,0,0,0,0,0,1,0,0,0,1,0,0,0,44,0,0,0,0.0,0.0,0.0,True,official_workbook_name_identity,0.0,0.0,0.0,1.376068376068376,1.376068376068376,1.376068376068376
2026,1266,2,8523970,2026-02-14,Italy,142488,Paolo Odogwu,Back-three,False,False,True,14,False,0.175,5,1,0,0,0,0,0,22,1,1,0,5,0,2,0,1,0,0,0,4.0,4.0,0.0,True,official_workbook_name_identity,0.0,0.0,0.0,0.9468599033816418,0.9468599033816418,4.946859903381641
2026,1266,2,8523979,2026-02-14,Scotland,242766,Tom Jordan,Centre,False,False,True,68,True,0.85,7,0,0,0,0,0,0,11,0,0,1,5,1,1,0,6,0,0,0,4.0,4.0,0.0,True,official_workbook_name_identity,0.0,0.0,0.0,1.4896551724137947,1.4896551724137947,5.489655172413794
2026,1266,2,8523979,2026-02-14,Scotland,171582,Kyle Steyn,Back-three,False,False,True,80,True,1.0,7,0,0,0,0,0,0,73,6,0,1,6,4,2,0,2,0,0,0,25.0,44.0,1.0,True,official_workbook_name_identity,0.0,0.0,15.0,0.9468599033816418,15.946859903381641,40.94685990338164
2026,1266,2,8523979,2026-02-14,Scotland,136776,Huw Jones,Centre,False,False,True,80,True,1.0,7,0,2,0,0,0,0,112,4,2,1,7,8,1,0,5,0,0,0,49.0,49.0,0.0,True,official_workbook_name_identity,0.0,0.0,0.0,1.4896551724137947,1.4896551724137947,50.4896551724138
2026,1266,2,8523979,2026-02-14,Scotland,139998,Sione Tuipulotu,Centre,False,False,True,80,True,1.0,7,0,0,1,0,0,0,14,3,1,0,9,6,0,0,8,1,0,0,16.0,18.0,0.0,True,official_workbook_name_identity,0.0,0.0,0.0,1.4896551724137947,1.4896551724137947,17.489655172413794
2026,1266,2,8523979,2026-02-14,Scotland,214146,Jamie Dobie,Back-three,False,False,True,74,True,0.925,7,0,0,0,0,0,0,26,1,3,0,5,5,0,0,2,0,0,0,9.0,,,False,missing,0.0,0.0,0.5072463768115941,0.9468599033816418,1.454106280193236,10.454106280193237
2026,1266,2,8523979,2026-02-14,Scotland,117894,Finn Russell,Fly-half,False,False,True,80,True,1.0,7,0,0,1,4,1,0,41,5,1,0,7,6,3,0,21,0,0,0,35.0,36.0,0.0,True,official_workbook_name_identity,0.0,0.0,0.0,1.6627906976744176,1.6627906976744176,36.66279069767442
2026,1266,2,8523979,2026-02-14,Scotland,142476,Ben White,Scrum-half,False,False,True,57,True,0.7125,7,0,1,0,0,0,0,14,0,0,1,5,6,2,0,42,0,0,0,19.0,28.0,0.0,True,official_workbook_name_identity,0.0,0.0,0.0,1.376068376068376,1.376068376068376,20.376068376068375
2026,1266,2,8523979,2026-02-14,Scotland,179394,Nathan McBeth,Prop,True,False,True,48,True,0.6,7,0,0,0,0,0,0,0,0,0,0,3,9,0,0,0,2,0,0,7.0,8.0,0.0,True,official_workbook_name_identity,3.704682223800075,0.0,0.0,0.49340065242919223,4.198082876229267,11.198082876229268
2026,1266,2,8523979,2026-02-14,Scotland,117864,George Turner,Hooker,True,False,True,50,True,0.625,7,0,0,0,0,0,0,2,0,0,0,2,6,4,0,0,0,0,0,6.0,,,False,missing,3.859043983125078,0.0,0.1271186440677966,0.912244070268424,4.898406697461299,10.898406697461299
2026,1266,2,8523979,2026-02-14,Scotland,130530,Zander Fagerson,Prop,True,False,True,50,True,0.625,7,0,0,0,0,0,0,3,0,0,0,4,8,0,0,0,2,0,0,6.0,8.0,0.0,True,official_workbook_name_identity,3.859043983125078,0.0,0.0,0.49340065242919223,4.35244463555427,10.35244463555427
2026,1266,2,8523979,2026-02-14,Scotland,220296,Gregor Brown,Second-row,True,True,True,80,True,1.0,7,0,0,0,0,0,0,5,1,0,0,7,17,0,0,4,0,0,0,19.0,25.0,0.0,True,official_workbook_name_identity,6.1744703730001245,0.0,0.0,1.301319777877228,7.475790150877352,26.47579015087735
2026,1266,2,8523979,2026-02-14,Scotland,136596,Scott Cummings,Second-row,True,True,True,80,True,1.0,7,0,0,0,0,0,0,0,0,0,0,2,18,0,0,3,1,0,0,17.0,23.0,0.0,True,official_workbook_name_identity,6.1744703730001245,0.0,0.0,1.301319777877228,7.475790150877352,24.47579015087735
2026,1266,2,8523979,2026-02-14,Scotland,130536,Jamie Ritchie,Back-row,True,True,True,40,True,0.5,7,0,1,0,0,0,0,4,1,1,0,2,5,2,0,6,2,0,0,20.0,,,False,missing,3.0872351865000622,0.0,0.39179104477611937,1.4831920462553747,4.962218277531556,24.962218277531555
2026,1266,2,8523979,2026-02-14,Scotland,180222,Rory Darge,Back-row,True,True,True,80,True,1.0,7,0,0,0,0,0,0,14,0,0,0,9,21,2,1,2,0,0,0,27.0,38.0,0.0,True,official_workbook_name_identity,6.1744703730001245,0.0,0.0,1.4831920462553747,7.657662419255499,34.6576624192555
2026,1266,2,8523979,2026-02-14,Scotland,124308,Jack Dempsey,Back-row,True,True,True,56,True,0.7,7,0,0,0,0,0,0,0,2,0,0,4,13,0,0,3,0,0,0,17.0,16.0,0.0,True,official_workbook_name_identity,4.322129261100087,0.0,0.0,1.4831920462553747,5.805321307355461,22.805321307355463
2026,1266,2,8523979,2026-02-14,Scotland,111864,Dave Cherry,Hooker,True,False,True,30,False,0.375,7,0,0,0,0,0,0,7,0,0,0,4,3,0,0,1,0,0,0,3.0,,,False,missing,2.315426389875047,0.0,0.1271186440677966,0.912244070268424,3.3547891042112674,6.354789104211267
2026,1266,2,8523979,2026-02-14,Scotland,130290,Pierre Schoeman,Prop,True,False,True,32,False,0.4,7,0,0,0,0,0,0,9,0,0,0,6,5,1,0,1,1,0,0,4.0,10.0,0.0,True,official_workbook_name_identity,2.4697881492000504,0.0,0.0,0.49340065242919223,2.9631888016292427,6.963188801629243
2026,1266,2,8523979,2026-02-14,Scotland,178038,Elliot Millar-Mills,Prop,True,False,True,30,False,0.375,7,0,0,0,0,0,0,0,0,0,0,2,8,0,1,2,0,0,0,13.0,11.0,0.0,True,official_workbook_name_identity,2.315426389875047,0.0,0.0,0.49340065242919223,2.808827042304239,15.80882704230424
2026,1266,2,8523979,2026-02-14,Scotland,231570,Max Williamson,Second-row,True,True,True,24,False,0.3,7,0,0,0,0,0,0,0,0,0,0,1,1,0,0,1,0,0,0,1.0,5.0,0.0,True,official_workbook_name_identity,1.8523411119000375,0.0,0.0,1.301319777877228,3.1536608897772656,4.1536608897772656
2026,1266,2,8523979,2026-02-14,Scotland,161856,Matt Fagerson,Back-row,True,True,True,40,False,0.5,7,0,0,1,0,0,0,12,0,1,0,7,9,0,0,3,0,0,0,14.0,19.0,0.0,True,official_workbook_name_identity,3.0872351865000622,0.0,0.0,1.4831920462553747,4.570427232755437,18.570427232755435
2026,1266,2,8523979,2026-02-14,Scotland,129792,George Horne,Scrum-half,False,False,True,23,False,0.2875,7,0,0,0,0,0,0,1,0,0,0,1,2,1,1,18,0,0,0,7.0,8.0,0.0,True,official_workbook_name_identity,0.0,0.0,0.0,1.376068376068376,1.376068376068376,8.376068376068377
2026,1266,2,8523979,2026-02-14,Scotland,142002,Adam Hastings,Fly-half,False,False,True,6,False,0.075,7,0,0,0,0,0,0,0,0,0,0,0,0,0,0,0,0,0,0,0.0,0.0,0.0,True,official_workbook_name_identity,0.0,0.0,0.0,1.6627906976744176,1.6627906976744176,1.6627906976744176
2026,1266,2,8523979,2026-02-14,Scotland,146754,Darcy Graham,Back-three,False,False,True,12,False,0.15,7,0,0,0,0,0,0,29,2,1,0,1,1,0,1,0,1,0,0,11.0,5.0,0.0,True,official_workbook_name_identity,0.0,0.0,0.0,0.9468599033816418,0.9468599033816418,11.946859903381641
2026,1266,2,8523979,2026-02-14,England,203496,Freddie Steward,Back-three,False,False,True,80,True,1.0,3,0,0,0,0,0,0,81,3,1,1,10,3,1,0,8,0,0,0,19.0,21.0,0.0,True,official_workbook_name_identity,0.0,0.0,0.0,0.9468599033816418,0.9468599033816418,19.946859903381643
2026,1266,2,8523979,2026-02-14,England,187458,Tom Roebuck,Back-three,False,False,True,80,True,1.0,3,0,0,0,0,0,0,0,0,0,0,0,2,0,0,0,0,0,0,2.0,2.0,0.0,True,official_workbook_name_identity,0.0,0.0,0.0,0.9468599033816418,0.9468599033816418,2.946859903381642
2026,1266,2,8523979,2026-02-14,England,213192,Tommy Freeman,Back-three,False,False,True,80,True,1.0,3,0,0,0,0,0,0,26,0,0,0,9,5,2,0,1,0,0,0,7.0,8.0,0.0,True,official_workbook_name_identity,0.0,0.0,0.0,0.9468599033816418,0.9468599033816418,7.946859903381641
2026,1266,2,8523979,2026-02-14,England,156030,Fraser Dingwall,Centre,False,False,True,80,True,1.0,3,0,0,1,0,0,0,6,0,0,1,4,6,3,0,10,0,0,0,12.0,12.0,0.0,True,official_workbook_name_identity,0.0,0.0,0.0,1.4896551724137947,1.4896551724137947,13.489655172413794
2026,1266,2,8523979,2026-02-14,England,238830,Henry Arundell,Back-three,False,False,True,80,True,1.0,3,0,1,0,0,0,0,2,3,1,0,1,1,1,0,3,2,1,1,2.0,-1.0,0.0,True,official_workbook_name_identity,0.0,0.0,0.0,0.9468599033816418,0.9468599033816418,2.946859903381642
2026,1266,2,8523979,2026-02-14,England,66258,George Ford,Fly-half,False,False,True,80,True,1.0,3,0,0,1,2,2,0,33,2,0,0,6,3,2,0,32,0,0,0,24.0,29.0,0.0,True,official_workbook_name_identity,0.0,0.0,0.0,1.6627906976744176,1.6627906976744176,25.662790697674417
2026,1266,2,8523979,2026-02-14,England,142356,Alex Mitchell,Scrum-half,False,False,True,68,True,0.85,3,0,0,0,0,0,0,31,4,1,0,6,3,2,0,62,0,0,0,14.0,14.0,0.0,True,official_workbook_name_identity,0.0,0.0,0.0,1.376068376068376,1.376068376068376,15.376068376068377
2026,1266,2,8523979,2026-02-14,England,136680,Ellis Genge,Prop,True,False,True,56,True,0.7,3,0,0,0,0,0,0,10,1,0,0,9,1,1,0,1,0,0,0,4.0,4.0,0.0,True,official_workbook_name_identity,1.8523411119000373,0.0,0.0,0.49340065242919223,2.3457417643292295,6.3457417643292295
2026,1266,2,8523979,2026-02-14,England,115452,Luke Cowan-Dickie,Hooker,True,False,True,56,True,0.7,3,0,0,0,0,0,0,3,0,0,0,8,6,1,0,2,1,0,0,5.0,11.0,0.0,True,official_workbook_name_identity,1.8523411119000373,0.0,0.0,0.912244070268424,2.764585182168461,7.764585182168461
2026,1266,2,8523979,2026-02-14,England,178806,Joe Heyes,Prop,True,False,True,67,True,0.8375,3,0,0,0,0,0,0,6,0,0,1,3,10,0,0,2,1,0,0,11.0,11.0,0.0,True,official_workbook_name_identity,2.2161938303089737,0.0,0.0,0.49340065242919223,2.709594482738166,13.709594482738165
2026,1266,2,8523979,2026-02-14,England,122652,Maro Itoje,Second-row,True,True,True,56,True,0.7,3,0,0,0,0,0,0,7,0,0,0,7,8,1,0,2,0,0,0,8.0,11.0,0.0,True,official_workbook_name_identity,1.8523411119000373,0.0,0.0,1.301319777877228,3.1536608897772656,11.153660889777266
2026,1266,2,8523979,2026-02-14,England,218742,Ollie Chessum,Second-row,True,True,True,80,True,1.0,3,0,0,0,0,0,0,20,0,0,0,7,11,1,0,4,0,0,0,13.0,16.0,0.0,True,official_workbook_name_identity,2.646201588428625,0.0,0.0,1.301319777877228,3.9475213663058533,16.947521366305853
2026,1266,2,8523979,2026-02-14,England,239076,Guy Pepper,Back-row,True,True,True,56,True,0.7,3,0,0,0,0,0,0,8,0,0,0,7,8,3,0,0,2,0,0,6.0,7.0,0.0,True,official_workbook_name_identity,1.8523411119000373,0.0,0.0,1.4831920462553747,3.335533158155412,9.335533158155412
2026,1266,2,8523979,2026-02-14,England,129660,Sam Underhill,Back-row,True,True,True,40,True,0.5,3,0,0,0,0,0,0,3,1,0,0,4,5,4,0,0,0,0,0,7.0,6.0,0.0,True,official_workbook_name_identity,1.3231007942143125,0.0,0.0,1.4831920462553747,2.806292840469687,9.806292840469688
2026,1266,2,8523979,2026-02-14,England,142404,Ben Earl,Back-row,True,True,True,80,True,1.0,3,0,1,0,0,0,0,80,3,1,0,23,13,2,0,2,0,0,0,42.0,40.0,0.0,True,official_workbook_name_identity,2.646201588428625,0.0,0.0,1.4831920462553747,4.129393634684,46.129393634684
2026,1266,2,8523979,2026-02-14,England,61134,Jamie George,Hooker,True,False,True,24,False,0.3,3,0,0,0,0,0,0,0,0,0,0,1,6,0,0,0,0,0,0,6.0,7.0,0.0,True,official_workbook_name_identity,0.7938604765285874,0.0,0.0,0.912244070268424,1.7061045467970115,7.706104546797011
2026,1266,2,8523979,2026-02-14,England,198810,Bevan Rodd,Prop,True,False,True,24,False,0.3,3,0,0,0,0,0,0,0,0,0,0,0,7,0,0,0,1,0,0,6.0,9.0,0.0,True,official_workbook_name_identity,0.7938604765285874,0.0,0.0,0.49340065242919223,1.2872611289577796,7.2872611289577796
2026,1266,2,8523979,2026-02-14,England,175890,Trevor Davison,Prop,True,False,True,13,False,0.1625,3,0,0,0,0,0,0,0,0,0,0,1,1,0,0,0,0,0,0,1.0,2.0,0.0,True,official_workbook_name_identity,0.4300077581196516,0.0,0.0,0.49340065242919223,0.9234084105488438,1.9234084105488438
2026,1266,2,8523979,2026-02-14,England,198696,Alex Coles,Second-row,True,True,True,24,False,0.3,3,0,0,0,0,0,0,0,0,0,0,0,5,1,0,1,1,0,0,4.0,5.0,0.0,True,official_workbook_name_identity,0.7938604765285874,0.0,0.0,1.301319777877228,2.0951802544058156,6.095180254405816
2026,1266,2,8523979,2026-02-14,England,155892,Tom Curry,Back-row,True,True,True,40,False,0.5,3,0,0,0,0,0,0,6,0,0,0,3,6,0,0,2,0,0,0,6.0,9.0,0.0,True,official_workbook_name_identity,1.3231007942143125,0.0,0.0,1.4831920462553747,2.806292840469687,8.806292840469688
2026,1266,2,8523979,2026-02-14,England,342324,Henry Pollock,Back-row,True,True,True,24,False,0.3,3,0,0,0,0,0,0,44,2,1,0,2,7,0,0,0,0,0,0,15.0,22.0,0.0,True,official_workbook_name_identity,0.7938604765285874,0.0,0.0,1.4831920462553747,2.277052522783962,17.27705252278396
2026,1266,2,8523979,2026-02-14,England,116268,Ben Spencer,Scrum-half,False,False,True,12,False,0.15,3,0,0,0,0,0,0,0,0,0,0,0,1,0,0,13,0,0,0,1.0,2.0,0.0,True,official_workbook_name_identity,0.0,0.0,0.0,1.376068376068376,1.376068376068376,2.376068376068376
2026,1266,2,8523979,2026-02-14,England,227772,Fin Smith,Fly-half,False,False,True,0,False,0.0,3,0,0,0,0,0,0,3,0,0,0,1,4,0,0,6,0,0,0,4.0,3.0,0.0,True,official_workbook_name_identity,0.0,0.0,0.0,1.6627906976744176,1.6627906976744176,5.662790697674417
2026,1266,2,8523988,2026-02-15,Wales,187290,Louis Rees-Zammit,Back-three,False,False,True,80,True,1.0,6,0,0,1,0,0,0,104,5,1,2,17,2,4,0,7,0,0,0,30.0,37.0,0.0,True,official_workbook_name_identity,0.0,0.0,0.0,0.9468599033816418,0.9468599033816418,30.946859903381643
2026,1266,2,8523988,2026-02-15,Wales,363636,Ellis Mee,Back-three,False,False,True,54,True,0.675,6,0,0,0,0,0,0,26,3,1,0,3,3,4,1,1,0,0,0,16.0,10.0,0.0,True,official_workbook_name_identity,0.0,0.0,0.0,0.9468599033816418,0.9468599033816418,16.946859903381643
2026,1266,2,8523988,2026-02-15,Wales,232158,Eddie James,Centre,False,False,True,80,True,1.0,6,0,0,0,0,0,0,68,3,1,1,14,8,1,0,1,1,0,0,21.0,19.0,0.0,True,official_workbook_name_identity,0.0,0.0,0.0,1.4896551724137947,1.4896551724137947,22.489655172413794
2026,1266,2,8523988,2026-02-15,Wales,220962,Joe Hawkins,Centre,False,False,True,80,True,1.0,6,0,0,0,0,0,0,18,0,0,1,8,6,0,1,14,1,0,0,13.0,17.0,0.0,True,official_workbook_name_identity,0.0,0.0,0.0,1.4896551724137947,1.4896551724137947,14.489655172413794
2026,1266,2,8523988,2026-02-15,Wales,129096,Josh Adams,Back-three,False,False,True,80,True,1.0,6,0,0,0,0,0,0,35,2,0,2,8,2,0,0,5,1,0,0,12.0,12.0,0.0,True,official_workbook_name_identity,0.0,0.0,0.0,0.9468599033816418,0.9468599033816418,12.946859903381641
2026,1266,2,8523988,2026-02-15,Wales,263442,Dan Edwards,Fly-half,False,False,True,54,True,0.675,6,0,0,0,1,0,0,15,0,0,0,3,2,3,0,11,0,0,0,5.0,10.0,0.0,True,official_workbook_name_identity,0.0,0.0,0.0,1.6627906976744176,1.6627906976744176,6.662790697674417
2026,1266,2,8523988,2026-02-15,Wales,128628,Tomos Williams,Scrum-half,False,False,True,70,True,0.875,6,0,0,1,0,0,0,11,0,0,2,5,5,4,0,78,0,0,0,14.0,15.0,0.0,True,official_workbook_name_identity,0.0,0.0,0.0,1.376068376068376,1.376068376068376,15.376068376068377
2026,1266,2,8523988,2026-02-15,Wales,162870,Rhys Carre,Prop,True,False,True,50,True,0.625,6,0,1,0,0,0,0,5,1,0,0,5,6,1,0,1,0,0,0,23.0,29.0,0.0,True,official_workbook_name_identity,3.307751985535781,0.0,0.0,0.49340065242919223,3.8011526379649734,26.801152637964975
2026,1266,2,8523988,2026-02-15,Wales,178848,Dewi Lake,Hooker,True,False,True,50,True,0.625,6,0,0,0,0,0,0,18,1,0,2,14,11,4,0,5,0,0,0,18.0,21.0,0.0,True,official_workbook_name_identity,3.307751985535781,0.0,0.0,0.912244070268424,4.219996055804205,22.219996055804206
2026,1266,2,8523988,2026-02-15,Wales,131898,Tomas Francis,Prop,True,False,True,50,True,0.625,6,0,0,0,0,0,0,9,0,1,0,2,7,0,0,1,2,0,0,5.0,10.0,0.0,True,official_workbook_name_identity,3.307751985535781,0.0,0.0,0.49340065242919223,3.8011526379649734,8.801152637964973
2026,1266,2,8523988,2026-02-15,Wales,232104,Dafydd Jenkins,Second-row,True,True,True,80,True,1.0,6,0,0,0,0,0,0,11,0,0,0,10,13,2,0,7,1,0,0,13.0,21.0,0.0,True,official_workbook_name_identity,5.29240317685725,0.0,0.0,1.301319777877228,6.593722954734478,19.593722954734478
2026,1266,2,8523988,2026-02-15,Wales,129576,Adam Beard,Second-row,True,True,True,61,True,0.7625,6,0,0,0,0,0,0,0,0,0,0,3,9,1,0,5,0,0,0,9.0,14.0,0.0,True,official_workbook_name_identity,4.035457422353653,0.0,0.0,1.301319777877228,5.33677720023088,14.33677720023088
2026,1266,2,8523988,2026-02-15,Wales,176652,Aaron Wainwright,Back-row,True,True,True,80,True,1.0,6,0,0,0,0,0,0,48,3,0,0,14,11,1,0,4,0,0,0,21.0,28.0,0.0,True,official_workbook_name_identity,5.29240317685725,0.0,0.0,1.4831920462553747,6.775595223112624,27.775595223112624
2026,1266,2,8523988,2026-02-15,Wales,232110,Alex Mann,Back-row,True,True,True,80,True,1.0,6,0,0,0,0,0,0,2,2,0,1,11,16,1,0,12,2,0,0,20.0,27.0,0.0,True,official_workbook_name_identity,5.29240317685725,0.0,0.0,1.4831920462553747,6.775595223112624,26.775595223112624
2026,1266,2,8523988,2026-02-15,Wales,129894,Olly Cracknell,Back-row,True,True,True,50,True,0.625,6,0,0,0,0,0,0,24,1,0,1,13,8,3,0,3,0,0,0,14.0,15.0,0.0,True,official_workbook_name_identity,3.307751985535781,0.0,0.0,1.4831920462553747,4.790944031791156,18.790944031791156
2026,1266,2,8523988,2026-02-15,Wales,128574,Ryan Elias,Hooker,True,False,True,30,False,0.375,6,0,0,0,0,0,0,20,0,0,0,8,5,0,0,3,0,0,0,7.0,10.0,0.0,True,official_workbook_name_identity,1.9846511913214688,0.0,0.0,0.912244070268424,2.8968952615898926,9.896895261589894
2026,1266,2,8523988,2026-02-15,Wales,121974,Nicky Smith,Prop,True,False,True,30,False,0.375,6,0,0,0,0,0,0,0,0,0,0,0,4,1,0,2,0,0,0,4.0,6.0,0.0,True,official_workbook_name_identity,1.9846511913214688,0.0,0.0,0.49340065242919223,2.478051843750661,6.478051843750661
2026,1266,2,8523988,2026-02-15,Wales,219990,Archie Griffin,Prop,True,False,True,30,False,0.375,6,0,0,0,0,0,0,6,0,0,0,4,6,1,0,0,0,0,0,6.0,13.0,0.0,True,official_workbook_name_identity,1.9846511913214688,0.0,0.0,0.49340065242919223,2.478051843750661,8.478051843750661
2026,1266,2,8523988,2026-02-15,Wales,219996,Ben Carter,Second-row,True,True,True,19,False,0.2375,6,0,0,0,0,0,0,6,1,1,0,2,2,0,0,1,0,0,0,4.0,5.0,0.0,True,official_workbook_name_identity,1.2569457545035967,0.0,0.0,1.301319777877228,2.5582655323808248,6.558265532380824
2026,1266,2,8523988,2026-02-15,Wales,206706,Taine Plumtree,Back-row,True,True,True,30,False,0.375,6,0,0,0,0,0,0,12,0,0,1,4,5,1,0,6,0,0,0,8.0,,,False,missing,1.9846511913214688,0.0,0.39179104477611937,1.4831920462553747,3.859634282352963,11.859634282352964
2026,1266,2,8523988,2026-02-15,Wales,135900,Kieran Hardy,Scrum-half,False,False,True,10,False,0.125,6,0,0,0,0,0,0,8,0,0,0,2,0,1,0,18,0,0,0,0.0,0.0,0.0,True,official_workbook_name_identity,0.0,0.0,0.0,1.376068376068376,1.376068376068376,1.376068376068376
2026,1266,2,8523988,2026-02-15,Wales,139716,Jarrod Evans,Fly-half,False,False,True,26,False,0.325,6,0,0,0,0,0,0,6,0,0,0,4,3,1,0,13,0,0,0,3.0,3.0,0.0,True,official_workbook_name_identity,0.0,0.0,0.0,1.6627906976744176,1.6627906976744176,4.662790697674417
2026,1266,2,8523988,2026-02-15,Wales,220956,Mason Grady,Centre,False,False,True,26,False,0.325,6,0,1,0,0,0,0,5,1,1,0,3,2,0,0,0,1,0,0,13.0,13.0,0.0,True,official_workbook_name_identity,0.0,0.0,0.0,1.4896551724137947,1.4896551724137947,14.489655172413794
2026,1266,2,8523988,2026-02-15,France,129822,Thomas Ramos,Back-three,False,False,True,80,True,1.0,3,0,0,0,7,0,0,77,3,1,5,14,4,0,0,36,0,0,0,41.0,48.0,0.0,True,official_workbook_name_identity,0.0,0.0,0.0,0.9468599033816418,0.9468599033816418,41.94685990338164
2026,1266,2,8523988,2026-02-15,France,339450,Theo Attissogbe,Back-three,False,False,True,80,True,1.0,3,0,2,1,0,0,0,99,3,4,1,13,9,2,1,9,1,0,0,54.0,49.0,0.0,True,official_workbook_name_identity,0.0,0.0,0.0,0.9468599033816418,0.9468599033816418,54.94685990338164
2026,1266,2,8523988,2026-02-15,France,231696,Emilien Gailleton,Centre,False,False,True,67,True,0.8375,3,0,1,0,0,0,0,35,0,1,1,5,13,1,1,2,1,0,0,32.0,33.0,0.0,True,official_workbook_name_identity,0.0,0.0,0.0,1.4896551724137947,1.4896551724137947,33.4896551724138
2026,1266,2,8523988,2026-02-15,France,354888,Fabien Brau-Boirie,Centre,False,False,True,80,True,1.0,3,0,1,0,0,0,0,90,8,1,1,8,17,0,0,13,0,0,0,54.0,56.0,0.0,True,official_workbook_name_identity,0.0,0.0,0.0,1.4896551724137947,1.4896551724137947,55.4896551724138
2026,1266,2,8523988,2026-02-15,France,231684,Louis Bielle-Biarrey,Back-three,False,False,True,80,True,1.0,3,0,1,1,0,0,0,90,4,3,2,13,6,3,0,11,0,0,0,41.0,39.0,0.0,True,official_workbook_name_identity,0.0,0.0,0.0,0.9468599033816418,0.9468599033816418,41.94685990338164
2026,1266,2,8523988,2026-02-15,France,169662,Matthieu Jalibert,Fly-half,False,False,True,80,True,1.0,3,0,1,3,0,0,0,90,4,2,6,14,7,0,0,21,0,0,0,58.0,87.0,1.0,True,official_workbook_name_identity,0.0,0.0,15.0,1.6627906976744176,16.662790697674417,74.66279069767441
2026,1266,2,8523988,2026-02-15,France,135318,Antoine Dupont,Scrum-half,False,False,True,58,True,0.725,3,0,0,0,0,0,0,77,5,1,3,8,9,0,0,53,1,0,0,31.0,33.0,0.0,True,official_workbook_name_identity,0.0,0.0,0.0,1.376068376068376,1.376068376068376,32.376068376068375
2026,1266,2,8523988,2026-02-15,France,178704,Jean-Baptiste Gros,Prop,True,False,True,50,True,0.625,3,0,0,0,0,0,0,2,0,0,0,6,9,0,0,1,0,0,0,9.0,11.0,0.0,True,official_workbook_name_identity,1.6538759927678905,0.0,0.0,0.49340065242919223,2.1472766451970826,11.147276645197083
2026,1266,2,8523988,2026-02-15,France,135138,Julien Marchand,Hooker,True,False,True,50,True,0.625,3,0,1,0,0,0,0,32,0,1,1,11,11,1,0,4,0,0,0,31.0,31.0,0.0,True,official_workbook_name_identity,1.6538759927678905,0.0,0.0,0.912244070268424,2.5661200630363146,33.566120063036315
2026,1266,2,8523988,2026-02-15,France,127122,Dorian Aldegheri,Prop,True,False,True,50,True,0.625,3,0,0,0,0,0,0,0,0,0,0,2,8,2,0,3,0,0,0,8.0,9.0,0.0,True,official_workbook_name_identity,1.6538759927678905,0.0,0.0,0.49340065242919223,2.1472766451970826,10.147276645197083
2026,1266,2,8523988,2026-02-15,France,123504,Charles Ollivon,Back-row,True,True,True,80,True,1.0,3,0,1,1,0,0,0,43,1,0,1,8,15,2,0,8,0,0,0,42.0,39.0,0.0,True,official_workbook_name_identity,2.646201588428625,0.0,0.0,1.4831920462553747,4.129393634684,46.129393634684
2026,1266,2,8523988,2026-02-15,France,219930,Mickael Guillard,Second-row,True,True,True,51,True,0.6375,3,0,0,0,0,0,0,21,1,0,1,10,14,1,0,4,0,0,0,20.0,31.0,0.0,True,official_workbook_name_identity,1.6869535126232482,0.0,0.0,1.301319777877228,2.9882732905004765,22.988273290500477
2026,1266,2,8523988,2026-02-15,France,123366,Francois Cros,Back-row,True,True,True,51,True,0.6375,3,0,0,0,0,0,0,9,0,0,0,5,13,3,0,2,0,0,0,13.0,15.0,0.0,True,official_workbook_name_identity,1.6869535126232482,0.0,0.0,1.4831920462553747,3.170145558878623,16.170145558878623
2026,1266,2,8523988,2026-02-15,France,242478,Oscar Jegou,Back-row,True,True,True,80,True,1.0,3,0,0,0,0,0,0,9,0,0,1,8,18,2,0,11,0,0,0,20.0,25.0,0.0,True,official_workbook_name_identity,2.646201588428625,0.0,0.0,1.4831920462553747,4.129393634684,24.129393634684
2026,1266,2,8523988,2026-02-15,France,139728,Anthony Jelonch,Back-row,True,True,True,51,True,0.6375,3,0,0,0,0,0,0,6,0,0,1,5,14,2,0,7,0,0,0,16.0,18.0,0.0,True,official_workbook_name_identity,1.6869535126232482,0.0,0.0,1.4831920462553747,3.170145558878623,19.170145558878623
2026,1266,2,8523988,2026-02-15,France,178824,Maxime Lamothe,Hooker,True,False,True,30,False,0.375,3,0,0,0,0,0,0,2,0,0,0,2,10,0,0,0,1,0,0,9.0,10.0,0.0,True,official_workbook_name_identity,0.9923255956607344,0.0,0.0,0.912244070268424,1.9045696659291584,10.90456966592916
2026,1266,2,8523988,2026-02-15,France,133488,Rodrigue Neti,Prop,True,False,True,30,False,0.375,3,0,0,0,0,0,0,1,0,0,0,3,5,0,0,0,0,0,0,5.0,7.0,0.0,True,official_workbook_name_identity,0.9923255956607344,0.0,0.0,0.49340065242919223,1.4857262480899267,6.485726248089927
2026,1266,2,8523988,2026-02-15,France,207432,Regis Montagne,Prop,True,False,True,30,False,0.375,3,0,0,0,0,0,0,4,0,0,0,2,5,1,0,2,1,0,0,4.0,,,False,missing,0.9923255956607344,0.0,0.0635593220338983,0.49340065242919223,1.549285570123825,5.549285570123825
2026,1266,2,8523988,2026-02-15,France,213072,Thibaud Flament,Second-row,True,True,True,29,False,0.3625,3,0,0,0,0,0,0,1,0,0,0,3,8,1,0,2,0,0,0,8.0,11.0,0.0,True,official_workbook_name_identity,0.9592480758053765,0.0,0.0,1.301319777877228,2.2605678536826046,10.260567853682605
2026,1266,2,8523988,2026-02-15,France,166476,Emmanuel Meafou,Second-row,True,True,True,12,False,0.15,3,0,0,0,0,0,0,9,1,0,0,3,1,0,0,2,0,0,0,3.0,4.0,0.0,True,official_workbook_name_identity,0.3969302382642937,0.0,0.0,1.301319777877228,1.6982500161415217,4.698250016141522
2026,1266,2,8523988,2026-02-15,France,238116,Lenni Nouchi,Back-row,True,True,True,29,False,0.3625,3,0,0,0,0,0,0,27,2,0,0,6,9,2,1,2,0,0,0,20.0,16.0,0.0,True,official_workbook_name_identity,0.9592480758053765,0.0,0.0,1.4831920462553747,2.4424401220607512,22.442440122060752
2026,1266,2,8523988,2026-02-15,France,121830,Baptiste Serin,Scrum-half,False,False,True,22,False,0.275,3,0,0,1,0,0,0,36,2,2,0,3,2,0,0,22,0,0,0,13.0,13.0,0.0,True,official_workbook_name_identity,0.0,0.0,0.0,1.376068376068376,1.376068376068376,14.376068376068377
2026,1266,2,8523988,2026-02-15,France,341154,Noah Nene,Centre,False,False,True,13,False,0.1625,3,0,0,0,0,0,0,16,0,1,1,3,1,0,0,2,1,0,0,3.0,,,False,missing,0.0,0.0,0.3103448275862069,1.4896551724137947,1.8000000000000016,4.800000000000002
2026,1266,3,8523997,2026-02-21,England,203496,Freddie Steward,Back-three,False,False,True,39,True,0.4875,4,0,0,0,0,0,0,17,2,0,0,6,3,0,0,5,0,1,0,3.0,3.0,0.0,True,official_workbook_name_identity,0.0,0.0,0.0,0.9468599033816418,0.9468599033816418,3.946859903381642
2026,1266,3,8523997,2026-02-21,England,213192,Tommy Freeman,Back-three,False,False,True,80,True,1.0,4,0,0,1,0,0,0,50,3,3,0,10,4,3,0,5,0,0,0,19.0,18.0,0.0,True,official_workbook_name_identity,0.0,0.0,0.0,0.9468599033816418,0.9468599033816418,19.946859903381643
2026,1266,3,8523997,2026-02-21,England,177378,Ollie Lawrence,Centre,False,False,True,80,True,1.0,4,0,1,0,0,0,0,27,6,1,0,14,8,3,0,3,1,0,0,31.0,31.0,0.0,True,official_workbook_name_identity,0.0,0.0,0.0,1.4896551724137947,1.4896551724137947,32.4896551724138
2026,1266,3,8523997,2026-02-21,England,156030,Fraser Dingwall,Centre,False,False,True,80,True,1.0,4,0,1,0,0,0,0,23,1,0,1,9,9,3,0,17,1,0,0,24.0,22.0,0.0,True,official_workbook_name_identity,0.0,0.0,0.0,1.4896551724137947,1.4896551724137947,25.489655172413794
2026,1266,3,8523997,2026-02-21,England,238830,Henry Arundell,Back-three,False,False,True,80,True,1.0,4,0,0,0,0,0,0,62,1,1,2,12,3,0,0,6,1,0,0,14.0,12.0,0.0,True,official_workbook_name_identity,0.0,0.0,0.0,0.9468599033816418,0.9468599033816418,14.946859903381641
2026,1266,3,8523997,2026-02-21,England,66258,George Ford,Fly-half,False,False,True,80,True,1.0,4,0,0,0,3,0,0,84,1,1,0,14,8,0,0,38,0,0,0,24.0,31.0,0.0,True,official_workbook_name_identity,0.0,0.0,0.0,1.6627906976744176,1.6627906976744176,25.662790697674417
2026,1266,3,8523997,2026-02-21,England,142356,Alex Mitchell,Scrum-half,False,False,True,23,True,0.2875,4,0,0,0,0,0,0,8,0,0,0,4,1,0,0,36,0,0,0,1.0,1.0,0.0,True,official_workbook_name_identity,0.0,0.0,0.0,1.376068376068376,1.376068376068376,2.376068376068376
2026,1266,3,8523997,2026-02-21,England,136680,Ellis Genge,Prop,True,False,True,51,True,0.6375,4,0,0,0,0,0,0,6,2,0,0,7,5,1,0,2,0,0,0,9.0,13.0,0.0,True,official_workbook_name_identity,2.249271350164331,0.0,0.0,0.49340065242919223,2.7426720025935234,11.742672002593523
2026,1266,3,8523997,2026-02-21,England,115452,Luke Cowan-Dickie,Hooker,True,False,True,29,True,0.3625,4,0,0,0,0,0,0,3,0,0,0,4,6,2,0,1,0,0,0,6.0,6.0,0.0,True,official_workbook_name_identity,1.2789974344071686,0.0,0.0,0.912244070268424,2.1912415046755926,8.191241504675592
2026,1266,3,8523997,2026-02-21,England,178806,Joe Heyes,Prop,True,False,True,72,True,0.9,4,0,0,0,0,0,0,6,2,0,0,6,12,1,0,1,0,0,0,16.0,21.0,0.0,True,official_workbook_name_identity,3.17544190611435,0.0,0.0,0.49340065242919223,3.6688425585435422,19.668842558543542
2026,1266,3,8523997,2026-02-21,England,122652,Maro Itoje,Second-row,True,True,True,54,True,0.675,4,0,0,0,0,0,0,5,1,0,0,4,12,1,0,3,0,0,0,14.0,16.0,0.0,True,official_workbook_name_identity,2.3815814295857627,0.0,0.0,1.301319777877228,3.682901207462991,17.68290120746299
2026,1266,3,8523997,2026-02-21,England,218742,Ollie Chessum,Second-row,True,True,True,80,True,1.0,4,0,0,0,0,0,0,5,0,0,0,3,10,4,0,5,1,0,0,9.0,14.0,0.0,True,official_workbook_name_identity,3.5282687845715,0.0,0.0,1.301319777877228,4.829588562448728,13.829588562448727
2026,1266,3,8523997,2026-02-21,England,155892,Tom Curry,Back-row,True,True,True,51,True,0.6375,4,0,0,0,0,0,0,1,0,0,0,2,7,2,0,3,1,0,0,6.0,9.0,0.0,True,official_workbook_name_identity,2.249271350164331,0.0,0.0,1.4831920462553747,3.732463396419706,9.732463396419707
2026,1266,3,8523997,2026-02-21,England,142404,Ben Earl,Back-row,True,True,True,70,True,0.875,4,0,0,0,0,0,0,31,0,0,0,20,6,2,0,3,0,0,0,9.0,12.0,0.0,True,official_workbook_name_identity,3.0872351865000622,0.0,0.0,1.4831920462553747,4.570427232755437,13.570427232755437
2026,1266,3,8523997,2026-02-21,England,342324,Henry Pollock,Back-row,True,True,True,80,True,1.0,4,0,0,0,0,0,0,28,4,0,1,10,9,1,0,4,1,1,0,15.0,26.0,0.0,True,official_workbook_name_identity,3.5282687845715,0.0,0.0,1.4831920462553747,5.011460830826874,20.011460830826874
2026,1266,3,8523997,2026-02-21,England,61134,Jamie George,Hooker,True,False,True,51,False,0.6375,4,0,0,0,0,0,0,5,0,0,1,5,8,1,0,1,2,0,0,8.0,11.0,0.0,True,official_workbook_name_identity,2.249271350164331,0.0,0.0,0.912244070268424,3.161515420432755,11.161515420432755
2026,1266,3,8523997,2026-02-21,England,198810,Bevan Rodd,Prop,True,False,True,29,False,0.3625,4,0,0,0,0,0,0,1,0,0,0,1,8,1,0,2,1,0,0,7.0,8.0,0.0,True,official_workbook_name_identity,1.2789974344071686,0.0,0.0,0.49340065242919223,1.772398086836361,8.772398086836361
2026,1266,3,8523997,2026-02-21,England,175890,Trevor Davison,Prop,True,False,True,8,False,0.1,4,0,0,0,0,0,0,0,0,0,0,0,1,0,1,0,0,0,0,6.0,2.0,0.0,True,official_workbook_name_identity,0.35282687845715,0.0,0.0,0.49340065242919223,0.8462275308863423,6.846227530886342
2026,1266,3,8523997,2026-02-21,England,198696,Alex Coles,Second-row,True,True,True,26,False,0.325,4,0,0,0,0,0,0,6,0,0,0,3,3,1,0,1,0,0,0,3.0,4.0,0.0,True,official_workbook_name_identity,1.1466873549857375,0.0,0.0,1.301319777877228,2.4480071328629656,5.448007132862966
2026,1266,3,8523997,2026-02-21,England,239076,Guy Pepper,Back-row,True,True,True,29,False,0.3625,4,0,0,0,0,0,0,10,1,0,0,2,4,0,0,2,2,0,0,5.0,5.0,0.0,True,official_workbook_name_identity,1.2789974344071686,0.0,0.0,1.4831920462553747,2.7621894806625433,7.762189480662544
2026,1266,3,8523997,2026-02-21,England,129660,Sam Underhill,Back-row,True,True,True,10,False,0.125,4,0,1,0,0,0,0,6,1,0,0,1,1,0,0,1,0,0,0,18.0,19.0,0.0,True,official_workbook_name_identity,0.4410335980714375,0.0,0.0,1.4831920462553747,1.9242256443268122,19.92422564432681
2026,1266,3,8523997,2026-02-21,England,213786,Jack van Poortvliet,Scrum-half,False,False,True,57,False,0.7125,4,0,0,1,0,0,0,17,1,0,0,3,1,2,0,48,1,0,0,7.0,11.0,0.0,True,official_workbook_name_identity,0.0,0.0,0.0,1.376068376068376,1.376068376068376,8.376068376068377
2026,1266,3,8523997,2026-02-21,England,156288,Marcus Smith,Fly-half,False,False,True,41,False,0.5125,4,0,0,1,0,0,0,75,3,1,0,9,2,0,0,6,2,0,0,17.0,18.0,0.0,True,official_workbook_name_identity,0.0,0.0,0.0,1.6627906976744176,1.6627906976744176,18.662790697674417
2026,1266,3,8523997,2026-02-21,Ireland,227658,Jamie Osborne,Back-three,False,False,True,80,True,1.0,5,1,1,0,0,0,0,34,2,0,0,7,4,1,0,5,0,1,0,16.0,18.0,0.0,True,official_workbook_name_identity,0.0,0.0,0.0,0.9468599033816418,0.9468599033816418,16.946859903381643
2026,1266,3,8523997,2026-02-21,Ireland,186198,Robert Baloucoune,Back-three,False,False,True,80,True,1.0,5,1,1,1,0,0,0,47,3,3,1,6,11,0,2,3,0,0,0,47.0,41.0,0.0,True,official_workbook_name_identity,0.0,0.0,0.0,0.9468599033816418,0.9468599033816418,47.94685990338164
2026,1266,3,8523997,2026-02-21,Ireland,129372,Garry Ringrose,Centre,False,False,True,54,True,0.675,5,1,0,0,0,0,0,2,0,0,0,3,10,3,0,8,0,0,0,10.0,8.0,0.0,True,official_workbook_name_identity,0.0,0.0,0.0,1.4896551724137947,1.4896551724137947,11.489655172413794
2026,1266,3,8523997,2026-02-21,Ireland,129840,Stuart McCloskey,Centre,False,False,True,80,True,1.0,5,1,0,0,0,0,0,56,5,1,2,15,14,2,1,11,0,0,0,38.0,35.0,0.0,True,official_workbook_name_identity,0.0,0.0,0.0,1.4896551724137947,1.4896551724137947,39.4896551724138
2026,1266,3,8523997,2026-02-21,Ireland,120468,James Lowe,Back-three,False,False,True,18,True,0.225,5,1,0,0,0,0,0,6,0,0,1,2,4,0,0,2,0,0,0,6.0,7.0,0.0,True,official_workbook_name_identity,0.0,0.0,0.0,0.9468599033816418,0.9468599033816418,6.946859903381641
2026,1266,3,8523997,2026-02-21,Ireland,201696,Jack Crowley,Fly-half,False,False,True,80,True,1.0,5,1,0,1,4,3,0,9,1,0,2,8,11,5,1,24,0,0,0,43.0,41.0,0.0,True,official_workbook_name_identity,0.0,0.0,0.0,1.6627906976744176,1.6627906976744176,44.66279069767442
2026,1266,3,8523997,2026-02-21,Ireland,120504,Jamison Gibson-Park,Scrum-half,False,False,True,71,True,0.8875,5,1,1,1,0,0,0,51,1,2,1,12,10,2,0,63,0,0,0,33.0,63.0,1.0,True,official_workbook_name_identity,0.0,0.0,15.0,1.376068376068376,16.376068376068375,49.376068376068375
2026,1266,3,8523997,2026-02-21,Ireland,136854,Jeremy Loughman,Prop,True,False,True,46,True,0.575,5,1,0,0,0,0,0,8,0,0,0,4,4,2,0,2,1,0,0,3.0,8.0,0.0,True,official_workbook_name_identity,2.5359431889107658,0.0,0.0,0.49340065242919223,3.029343841339958,6.0293438413399585
2026,1266,3,8523997,2026-02-21,Ireland,186096,Dan Sheehan,Hooker,True,False,True,55,True,0.6875,5,1,1,0,0,0,0,12,3,0,0,8,9,1,0,2,0,0,0,31.0,43.0,0.0,True,official_workbook_name_identity,3.032105986741133,0.0,0.0,0.912244070268424,3.944350057009557,34.94435005700956
2026,1266,3,8523997,2026-02-21,Ireland,112374,Tadhg Furlong,Prop,True,False,True,46,True,0.575,5,1,0,0,0,0,0,1,0,0,0,3,10,0,0,3,1,0,0,9.0,13.0,0.0,True,official_workbook_name_identity,2.5359431889107658,0.0,0.0,0.49340065242919223,3.029343841339958,12.029343841339958
2026,1266,3,8523997,2026-02-21,Ireland,220194,Joe McCarthy,Second-row,True,True,True,62,True,0.775,5,1,0,0,0,0,0,11,0,0,1,5,11,3,0,5,1,0,0,13.0,17.0,0.0,True,official_workbook_name_identity,3.4180103850536407,0.7991013076539506,0.0,1.301319777877228,5.51843147058482,18.51843147058482
2026,1266,3,8523997,2026-02-21,Ireland,143604,James Ryan,Second-row,True,True,True,80,True,1.0,5,1,0,0,0,0,0,1,1,0,0,6,10,2,0,4,2,0,0,10.0,15.0,0.0,True,official_workbook_name_identity,4.410335980714375,1.0310984614889684,0.0,1.301319777877228,6.742754220080571,16.74275422008057
2026,1266,3,8523997,2026-02-21,Ireland,117954,Tadhg Beirne,Second-row,True,True,True,80,True,1.0,5,1,0,0,0,0,0,3,1,0,0,2,18,1,0,10,0,0,0,20.0,35.0,0.0,True,official_workbook_name_identity,4.410335980714375,1.0310984614889684,0.0,1.301319777877228,6.742754220080571,26.74275422008057
2026,1266,3,8523997,2026-02-21,Ireland,118518,Josh van der Flier,Back-row,True,True,True,49,True,0.6125,5,1,0,0,0,0,0,38,2,1,0,5,13,0,0,2,0,0,0,20.0,27.0,0.0,True,official_workbook_name_identity,2.701330788187555,0.6315478076619933,0.0,1.4831920462553747,4.816070642104923,24.816070642104922
2026,1266,3,8523997,2026-02-21,Ireland,148680,Caelan Doris,Back-row,True,True,True,80,True,1.0,5,1,0,0,0,0,0,48,3,1,1,11,20,2,0,4,2,0,0,30.0,38.0,0.0,True,official_workbook_name_identity,4.410335980714375,1.0310984614889684,0.0,1.4831920462553747,6.924626488458718,36.92462648845872
2026,1266,3,8523997,2026-02-21,Ireland,148644,Ronan Kelleher,Hooker,True,False,True,25,False,0.3125,5,1,0,0,0,0,0,0,1,0,0,1,1,0,0,0,0,0,0,3.0,6.0,0.0,True,official_workbook_name_identity,1.378229993973242,0.0,0.0,0.912244070268424,2.290474064241666,5.290474064241666
2026,1266,3,8523997,2026-02-21,Ireland,148650,Tom O'Toole,Prop,True,False,True,34,False,0.425,5,1,0,0,0,0,0,3,0,0,0,3,5,0,0,0,0,0,0,5.0,7.0,0.0,True,official_workbook_name_identity,1.8743927918036094,0.0,0.0,0.49340065242919223,2.3677934442328015,7.3677934442328015
2026,1266,3,8523997,2026-02-21,Ireland,112068,Finlay Bealham,Prop,True,False,True,34,False,0.425,5,1,0,0,0,0,0,4,0,0,0,5,4,1,0,1,4,0,0,0.0,2.0,0.0,True,official_workbook_name_identity,1.8743927918036094,0.0,0.0,0.49340065242919223,2.3677934442328015,2.3677934442328015
2026,1266,3,8523997,2026-02-21,Ireland,136878,Nick Timoney,Back-row,True,True,True,31,False,0.3875,5,1,0,0,0,0,0,8,3,0,0,3,8,1,0,2,0,0,0,14.0,16.0,0.0,True,official_workbook_name_identity,1.7090051925268204,0.3995506538269753,0.0,1.4831920462553747,3.5917478926091704,17.59174789260917
2026,1266,3,8523997,2026-02-21,Ireland,201978,Cian Prendergast,Back-row,True,True,True,18,False,0.225,5,1,0,0,0,0,0,0,0,0,0,1,1,1,0,2,0,0,0,1.0,6.0,0.0,True,official_workbook_name_identity,0.9923255956607344,0.2319971538350179,0.0,1.4831920462553747,2.707514795751127,3.707514795751127
2026,1266,3,8523997,2026-02-21,Ireland,203124,Craig Casey,Scrum-half,False,False,True,9,False,0.1125,5,1,0,0,0,0,0,0,0,0,0,0,0,0,0,6,0,0,0,0.0,0.0,0.0,True,official_workbook_name_identity,0.0,0.0,0.0,1.376068376068376,1.376068376068376,1.376068376068376
2026,1266,3,8523997,2026-02-21,Ireland,148890,Ciaran Frawley,Back-three,False,False,True,26,False,0.325,5,1,0,0,0,0,0,1,0,0,1,2,3,0,0,3,0,0,0,5.0,2.0,0.0,True,official_workbook_name_identity,0.0,0.0,0.0,0.9468599033816418,0.9468599033816418,5.946859903381641
2026,1266,3,8523997,2026-02-21,Ireland,148758,Tommy O'Brien,Back-three,False,False,True,62,False,0.775,5,1,1,0,0,0,0,60,2,0,0,7,2,2,0,3,1,0,0,21.0,22.0,0.0,True,official_workbook_name_identity,0.0,0.0,0.0,0.9468599033816418,0.9468599033816418,21.946859903381643
2026,1266,3,8524006,2026-02-21,Wales,187290,Louis Rees-Zammit,Back-three,False,False,True,80,True,1.0,4,1,0,0,0,0,0,47,1,0,0,8,8,3,0,2,1,0,0,13.0,14.0,0.0,True,official_workbook_name_identity,0.0,0.0,0.0,0.9468599033816418,0.9468599033816418,13.946859903381641
2026,1266,3,8524006,2026-02-21,Wales,213756,Gabriel Hamer-Webb,Back-three,False,False,True,2,True,0.025,4,1,0,0,0,0,0,7,0,0,0,2,3,1,0,0,0,0,0,3.0,4.0,0.0,True,official_workbook_name_identity,0.0,0.0,0.0,0.9468599033816418,0.9468599033816418,3.946859903381642
2026,1266,3,8524006,2026-02-21,Wales,232158,Eddie James,Centre,False,False,True,80,True,1.0,4,1,0,0,0,0,0,32,1,0,0,5,10,2,0,1,0,0,0,15.0,17.0,0.0,True,official_workbook_name_identity,0.0,0.0,0.0,1.4896551724137947,1.4896551724137947,16.489655172413794
2026,1266,3,8524006,2026-02-21,Wales,220962,Joe Hawkins,Centre,False,False,True,80,True,1.0,4,1,0,0,0,0,0,22,1,0,0,9,11,2,0,4,2,1,0,8.0,6.0,0.0,True,official_workbook_name_identity,0.0,0.0,0.0,1.4896551724137947,1.4896551724137947,9.489655172413794
2026,1266,3,8524006,2026-02-21,Wales,129096,Josh Adams,Back-three,False,False,True,80,True,1.0,4,1,1,0,0,0,0,8,0,1,1,7,4,2,0,6,0,0,0,16.0,18.0,0.0,True,official_workbook_name_identity,0.0,0.0,0.0,0.9468599033816418,0.9468599033816418,16.946859903381643
2026,1266,3,8524006,2026-02-21,Wales,203076,Sam Costelow,Fly-half,False,False,True,55,True,0.6875,4,1,0,1,2,2,0,1,0,0,0,4,4,0,0,21,0,0,0,18.0,20.0,0.0,True,official_workbook_name_identity,0.0,0.0,0.0,1.6627906976744176,1.6627906976744176,19.662790697674417
2026,1266,3,8524006,2026-02-21,Wales,128628,Tomos Williams,Scrum-half,False,False,True,80,True,1.0,4,1,0,1,0,0,0,25,1,1,1,6,4,2,0,79,1,0,0,13.0,11.0,0.0,True,official_workbook_name_identity,0.0,0.0,0.0,1.376068376068376,1.376068376068376,14.376068376068377
2026,1266,3,8524006,2026-02-21,Wales,162870,Rhys Carre,Prop,True,False,True,43,True,0.5375,4,1,1,0,0,0,0,10,1,0,1,10,3,0,0,2,1,0,0,22.0,29.0,0.0,True,official_workbook_name_identity,1.8964444717071811,0.0,0.0,0.49340065242919223,2.3898451241363734,24.38984512413637
2026,1266,3,8524006,2026-02-21,Wales,178848,Dewi Lake,Hooker,True,False,True,55,True,0.6875,4,1,0,0,0,0,0,30,2,0,0,17,9,3,0,2,0,0,0,16.0,19.0,0.0,True,official_workbook_name_identity,2.425684789392906,0.0,0.0,0.912244070268424,3.3379288596613303,19.337928859661332
2026,1266,3,8524006,2026-02-21,Wales,131898,Tomas Francis,Prop,True,False,True,50,True,0.625,4,1,0,0,0,0,0,0,0,0,0,1,9,1,0,2,0,0,0,9.0,12.0,0.0,True,official_workbook_name_identity,2.2051679903571877,0.0,0.0,0.49340065242919223,2.69856864278638,11.69856864278638
2026,1266,3,8524006,2026-02-21,Wales,232104,Dafydd Jenkins,Second-row,True,True,True,76,True,0.95,4,1,0,0,0,0,0,10,0,0,0,12,22,0,0,4,1,0,0,22.0,24.0,0.0,True,official_workbook_name_identity,3.351855345342925,0.97954353841452,0.0,1.301319777877228,5.632718661634673,27.632718661634673
2026,1266,3,8524006,2026-02-21,Wales,219996,Ben Carter,Second-row,True,True,True,80,True,1.0,4,1,0,0,0,0,0,3,0,0,0,4,22,0,0,4,0,0,0,22.0,27.0,0.0,True,official_workbook_name_identity,3.5282687845715,1.0310984614889684,0.0,1.301319777877228,5.860687023937696,27.860687023937697
2026,1266,3,8524006,2026-02-21,Wales,206706,Taine Plumtree,Back-row,True,True,True,9,True,0.1125,4,1,0,0,0,0,0,14,1,0,0,2,3,0,0,2,0,0,0,6.0,,,False,missing,0.39693023826429374,0.11599857691750895,0.39179104477611937,1.4831920462553747,2.3879119062132967,8.387911906213297
2026,1266,3,8524006,2026-02-21,Wales,232110,Alex Mann,Back-row,True,True,True,80,True,1.0,4,1,0,0,0,0,0,14,2,0,0,13,17,0,1,8,3,0,0,24.0,36.0,0.0,True,official_workbook_name_identity,3.5282687845715,1.0310984614889684,0.0,1.4831920462553747,6.042559292315842,30.042559292315843
2026,1266,3,8524006,2026-02-21,Wales,176652,Aaron Wainwright,Back-row,True,True,True,80,True,1.0,4,1,0,0,0,0,0,17,3,0,0,21,18,2,0,3,0,0,0,25.0,29.0,0.0,True,official_workbook_name_identity,3.5282687845715,1.0310984614889684,0.0,1.4831920462553747,6.042559292315842,31.042559292315843
2026,1266,3,8524006,2026-02-21,Wales,128574,Ryan Elias,Hooker,True,False,True,25,False,0.3125,4,1,0,0,0,0,0,8,0,0,0,2,5,0,0,2,0,0,0,5.0,8.0,0.0,True,official_workbook_name_identity,1.1025839951785938,0.0,0.0,0.912244070268424,2.014828065447018,7.014828065447018
2026,1266,3,8524006,2026-02-21,Wales,121974,Nicky Smith,Prop,True,False,True,37,False,0.4625,4,1,0,0,0,0,0,6,1,0,0,4,12,0,0,1,0,0,0,14.0,24.0,0.0,True,official_workbook_name_identity,1.6318243128643188,0.0,0.0,0.49340065242919223,2.125224965293511,16.125224965293512
2026,1266,3,8524006,2026-02-21,Wales,219990,Archie Griffin,Prop,True,False,True,30,False,0.375,4,1,0,0,0,0,0,0,0,0,0,1,12,1,0,1,1,0,0,11.0,10.0,0.0,True,official_workbook_name_identity,1.3231007942143125,0.0,0.0,0.49340065242919223,1.8165014466435048,12.816501446643505
2026,1266,3,8524006,2026-02-21,Wales,226926,Freddie Thomas,Second-row,True,True,True,4,False,0.05,4,1,0,0,0,0,0,0,0,0,0,0,0,0,0,0,0,0,0,0.0,0.0,0.0,True,official_workbook_name_identity,0.176413439228575,0.05155492307444842,0.0,1.301319777877228,1.5292881401802516,1.5292881401802516
2026,1266,3,8524006,2026-02-21,Wales,154938,James Botham,Back-row,True,True,True,71,False,0.8875,4,1,0,0,0,0,0,4,0,0,0,3,15,1,0,5,0,0,0,15.0,27.0,0.0,True,official_workbook_name_identity,3.131338546307206,0.9150998845714594,0.0,1.4831920462553747,5.52963047713404,20.52963047713404
2026,1266,3,8524006,2026-02-21,Wales,135900,Kieran Hardy,Scrum-half,False,False,True,0,False,0.0,4,1,0,0,0,0,0,0,0,0,0,0,0,0,0,0,0,0,0,0.0,0.0,0.0,True,unused_bench_no_recorded_events,0.0,0.0,0.0,1.376068376068376,1.376068376068376,1.376068376068376
2026,1266,3,8524006,2026-02-21,Wales,139716,Jarrod Evans,Fly-half,False,False,True,25,False,0.3125,4,1,0,0,0,1,0,0,0,0,0,0,2,2,0,2,0,0,0,5.0,6.0,0.0,True,official_workbook_name_identity,0.0,0.0,0.0,1.6627906976744176,1.6627906976744176,6.662790697674417
2026,1266,3,8524006,2026-02-21,Wales,197892,Blair Murray,Back-three,False,False,True,7,False,0.0875,4,1,0,0,0,0,0,3,1,0,0,2,1,0,0,1,0,0,0,3.0,3.0,0.0,True,official_workbook_name_identity,0.0,0.0,0.0,0.9468599033816418,0.9468599033816418,3.946859903381642
2026,1266,3,8524006,2026-02-21,Scotland,139902,Blair Kinghorn,Back-three,False,False,True,80,True,1.0,1,0,0,1,0,0,0,80,1,2,2,13,0,0,0,11,1,0,0,17.0,19.0,0.0,True,official_workbook_name_identity,0.0,0.0,0.0,0.9468599033816418,0.9468599033816418,17.946859903381643
2026,1266,3,8524006,2026-02-21,Scotland,171582,Kyle Steyn,Back-three,False,False,True,80,True,1.0,1,0,1,0,0,0,0,75,8,2,0,9,8,0,0,2,0,0,0,41.0,36.0,0.0,True,official_workbook_name_identity,0.0,0.0,0.0,0.9468599033816418,0.9468599033816418,41.94685990338164
2026,1266,3,8524006,2026-02-21,Scotland,136776,Huw Jones,Centre,False,False,True,66,True,0.825,1,0,0,0,0,0,0,30,3,1,1,6,3,0,0,2,0,0,0,14.0,14.0,0.0,True,official_workbook_name_identity,0.0,0.0,0.0,1.4896551724137947,1.4896551724137947,15.489655172413794
2026,1266,3,8524006,2026-02-21,Scotland,139998,Sione Tuipulotu,Centre,False,False,True,80,True,1.0,1,0,0,0,0,0,0,28,2,0,1,7,12,0,0,14,1,0,0,19.0,23.0,0.0,True,official_workbook_name_identity,0.0,0.0,0.0,1.4896551724137947,1.4896551724137947,20.489655172413794
2026,1266,3,8524006,2026-02-21,Scotland,131400,Duhan van der Merwe,Back-three,False,False,True,80,True,1.0,1,0,0,0,0,0,0,30,1,1,0,5,1,0,1,1,0,0,0,11.0,5.0,0.0,True,official_workbook_name_identity,0.0,0.0,0.0,0.9468599033816418,0.9468599033816418,11.946859903381641
2026,1266,3,8524006,2026-02-21,Scotland,117894,Finn Russell,Fly-half,False,False,True,80,True,1.0,1,0,1,1,3,0,0,32,3,1,1,6,8,1,0,33,1,0,0,38.0,35.0,0.0,True,official_workbook_name_identity,0.0,0.0,0.0,1.6627906976744176,1.6627906976744176,39.66279069767442
2026,1266,3,8524006,2026-02-21,Scotland,142476,Ben White,Scrum-half,False,False,True,55,True,0.6875,1,0,0,1,0,0,0,2,0,0,0,2,6,0,0,66,0,0,0,10.0,12.0,0.0,True,official_workbook_name_identity,0.0,0.0,0.0,1.376068376068376,1.376068376068376,11.376068376068377
2026,1266,3,8524006,2026-02-21,Scotland,179394,Nathan McBeth,Prop,True,False,True,34,True,0.425,1,0,0,0,0,0,0,1,0,0,0,2,7,1,0,2,0,0,0,7.0,8.0,0.0,True,official_workbook_name_identity,0.37487855836072187,0.0,0.0,0.49340065242919223,0.8682792107899141,7.868279210789914
2026,1266,3,8524006,2026-02-21,Scotland,111864,Dave Cherry,Hooker,True,False,True,55,True,0.6875,1,0,0,0,0,0,0,3,0,0,0,4,14,3,0,2,2,0,0,12.0,14.0,0.0,True,official_workbook_name_identity,0.6064211973482265,0.0,0.0,0.912244070268424,1.5186652676166505,13.518665267616651
2026,1266,3,8524006,2026-02-21,Scotland,130530,Zander Fagerson,Prop,True,False,True,55,True,0.6875,1,0,0,0,0,0,0,3,0,0,0,8,19,0,0,2,1,0,0,18.0,19.0,0.0,True,official_workbook_name_identity,0.6064211973482265,0.0,0.0,0.49340065242919223,1.0998218497774188,19.09982184977742
2026,1266,3,8524006,2026-02-21,Scotland,231570,Max Williamson,Second-row,True,True,True,34,True,0.425,1,0,0,0,0,0,0,5,0,0,0,3,4,3,0,1,0,0,0,4.0,6.0,0.0,True,official_workbook_name_identity,0.37487855836072187,0.0,0.0,1.301319777877228,1.67619833623795,5.67619833623795
2026,1266,3,8524006,2026-02-21,Scotland,136596,Scott Cummings,Second-row,True,True,True,66,True,0.825,1,0,0,0,0,0,0,4,0,0,0,5,10,1,0,5,1,0,0,9.0,14.0,0.0,True,official_workbook_name_identity,0.7277054368178718,0.0,0.0,1.301319777877228,2.0290252146950998,11.0290252146951
2026,1266,3,8524006,2026-02-21,Scotland,220296,Gregor Brown,Second-row,True,True,True,80,True,1.0,1,0,0,0,0,0,0,11,0,0,0,7,13,1,0,3,1,0,0,13.0,16.0,0.0,True,official_workbook_name_identity,0.882067196142875,0.0,0.0,1.301319777877228,2.1833869740201033,15.183386974020102
2026,1266,3,8524006,2026-02-21,Scotland,180222,Rory Darge,Back-row,True,True,True,80,True,1.0,1,0,0,0,0,0,0,12,1,0,0,10,14,0,0,2,0,0,0,17.0,45.0,1.0,True,official_workbook_name_identity,0.882067196142875,0.0,15.0,1.4831920462553747,17.36525924239825,34.36525924239825
2026,1266,3,8524006,2026-02-21,Scotland,161856,Matt Fagerson,Back-row,True,True,True,80,True,1.0,1,0,0,0,0,0,0,32,0,0,0,15,16,4,0,2,1,0,0,18.0,18.0,0.0,True,official_workbook_name_identity,0.882067196142875,0.0,0.0,1.4831920462553747,2.36525924239825,20.36525924239825
2026,1266,3,8524006,2026-02-21,Scotland,117864,George Turner,Hooker,True,False,True,25,False,0.3125,1,0,1,0,0,0,0,7,0,0,0,3,3,0,0,2,1,0,0,17.0,17.0,0.0,True,official_workbook_name_identity,0.27564599879464846,0.0,0.0,0.912244070268424,1.1878900690630725,18.187890069063073
2026,1266,3,8524006,2026-02-21,Scotland,130290,Pierre Schoeman,Prop,True,False,True,46,False,0.575,1,0,0,0,0,0,0,3,0,0,0,6,8,0,0,0,0,0,0,8.0,8.0,0.0,True,official_workbook_name_identity,0.5071886377821531,0.0,0.0,0.49340065242919223,1.0005892902113454,9.000589290211344
2026,1266,3,8524006,2026-02-21,Scotland,178038,Elliot Millar-Mills,Prop,True,False,True,25,False,0.3125,1,0,0,0,0,0,0,3,0,0,0,5,5,0,0,0,0,0,0,5.0,6.0,0.0,True,official_workbook_name_identity,0.27564599879464846,0.0,0.0,0.49340065242919223,0.7690466512238407,5.7690466512238405
2026,1266,3,8524006,2026-02-21,Scotland,102762,Grant Gilchrist,Second-row,True,True,True,14,False,0.175,1,0,0,0,0,0,0,0,0,0,0,1,0,0,0,0,0,0,0,0.0,0.0,0.0,True,official_workbook_name_identity,0.15436175932500312,0.0,0.0,1.301319777877228,1.4556815372022311,1.4556815372022311
2026,1266,3,8524006,2026-02-21,Scotland,141990,Josh Bayliss,Back-row,True,True,True,46,False,0.575,1,0,0,0,0,0,0,29,2,0,0,9,8,0,0,0,0,0,0,14.0,19.0,0.0,True,official_workbook_name_identity,0.5071886377821531,0.0,0.0,1.4831920462553747,1.9903806840375278,15.990380684037527
2026,1266,3,8524006,2026-02-21,Scotland,129792,George Horne,Scrum-half,False,False,True,0,False,0.0,1,0,0,0,0,0,0,30,0,1,1,4,1,0,0,27,1,0,0,5.0,5.0,0.0,True,official_workbook_name_identity,0.0,0.0,0.0,1.376068376068376,1.376068376068376,6.3760683760683765
2026,1266,3,8524006,2026-02-21,Scotland,242766,Tom Jordan,Centre,False,False,True,14,False,0.175,1,0,0,0,0,0,0,0,0,0,0,3,0,1,0,0,0,0,0,0.0,0.0,0.0,True,official_workbook_name_identity,0.0,0.0,0.0,1.4896551724137947,1.4896551724137947,1.4896551724137947
2026,1266,3,8524006,2026-02-21,Scotland,146754,Darcy Graham,Back-three,False,False,True,25,False,0.3125,1,0,1,0,0,0,0,12,1,1,0,5,0,0,0,0,0,0,0,13.0,14.0,0.0,True,official_workbook_name_identity,0.0,0.0,0.0,0.9468599033816418,0.9468599033816418,13.946859903381641
2026,1266,3,8524015,2026-02-22,France,339450,Theo Attissogbe,Back-three,False,False,True,80,True,1.0,7,1,0,0,0,0,0,64,3,0,2,20,2,0,0,6,0,0,0,18.0,20.0,0.0,True,official_workbook_name_identity,0.0,0.0,0.0,0.9468599033816418,0.9468599033816418,18.946859903381643
2026,1266,3,8524015,2026-02-22,France,242484,Gael Drean,Back-three,False,False,True,80,True,1.0,7,1,1,0,0,0,0,31,1,2,0,4,6,1,1,2,0,0,0,26.0,22.0,0.0,True,official_workbook_name_identity,0.0,0.0,0.0,0.9468599033816418,0.9468599033816418,26.946859903381643
2026,1266,3,8524015,2026-02-22,France,231696,Emilien Gailleton,Centre,False,False,True,58,True,0.725,7,1,1,1,0,0,0,87,7,2,1,9,7,3,0,4,1,0,0,44.0,45.0,0.0,True,official_workbook_name_identity,0.0,0.0,0.0,1.4896551724137947,1.4896551724137947,45.4896551724138
2026,1266,3,8524015,2026-02-22,France,354888,Fabien Brau-Boirie,Centre,False,False,True,65,True,0.8125,7,1,0,0,0,0,0,22,2,0,3,8,14,0,0,6,0,0,0,26.0,22.0,0.0,True,official_workbook_name_identity,0.0,0.0,0.0,1.4896551724137947,1.4896551724137947,27.489655172413794
2026,1266,3,8524015,2026-02-22,France,231684,Louis Bielle-Biarrey,Back-three,False,False,True,80,True,1.0,7,1,1,0,0,0,0,39,3,1,0,10,5,0,0,6,0,0,0,24.0,27.0,0.0,True,official_workbook_name_identity,0.0,0.0,0.0,0.9468599033816418,0.9468599033816418,24.946859903381643
2026,1266,3,8524015,2026-02-22,France,129822,Thomas Ramos,Back-three,False,False,True,80,True,1.0,7,1,1,2,4,0,0,44,4,0,1,8,5,1,0,19,0,0,0,45.0,56.0,0.0,True,official_workbook_name_identity,0.0,0.0,0.0,0.9468599033816418,0.9468599033816418,45.94685990338164
2026,1266,3,8524015,2026-02-22,France,135318,Antoine Dupont,Scrum-half,False,False,True,75,True,0.9375,7,1,0,2,0,0,0,27,5,1,2,10,7,1,0,63,0,0,0,31.0,41.0,0.0,True,official_workbook_name_identity,0.0,0.0,0.0,1.376068376068376,1.376068376068376,32.376068376068375
2026,1266,3,8524015,2026-02-22,France,178704,Jean-Baptiste Gros,Prop,True,False,True,37,True,0.4625,7,1,0,0,0,0,0,2,0,0,0,2,6,0,0,0,0,0,0,6.0,11.0,0.0,True,official_workbook_name_identity,2.855692547512558,0.0,0.0,0.49340065242919223,3.34909319994175,9.34909319994175
2026,1266,3,8524015,2026-02-22,France,135138,Julien Marchand,Hooker,True,False,True,58,True,0.725,7,1,0,0,0,0,0,1,0,0,0,4,7,0,0,3,1,0,0,6.0,9.0,0.0,True,official_workbook_name_identity,4.47649102042509,0.0,0.0,0.912244070268424,5.3887350906935145,11.388735090693515
2026,1266,3,8524015,2026-02-22,France,127122,Dorian Aldegheri,Prop,True,False,True,53,True,0.6625,7,1,0,0,0,0,0,0,0,0,0,1,8,0,0,0,2,0,0,6.0,10.0,0.0,True,official_workbook_name_identity,4.090586622112583,0.0,0.0,0.49340065242919223,4.583987274541775,10.583987274541775
2026,1266,3,8524015,2026-02-22,France,213072,Thibaud Flament,Second-row,True,True,True,80,True,1.0,7,1,0,0,0,0,0,13,0,0,2,10,6,0,0,4,0,0,0,11.0,27.0,0.0,True,official_workbook_name_identity,6.1744703730001245,1.0310984614889684,0.0,1.301319777877228,8.506888612366321,19.50688861236632
2026,1266,3,8524015,2026-02-22,France,166476,Emmanuel Meafou,Second-row,True,True,True,80,True,1.0,7,1,1,0,0,0,0,30,3,0,0,13,10,0,0,1,0,0,0,34.0,61.0,1.0,True,official_workbook_name_identity,6.1744703730001245,1.0310984614889684,15.0,1.301319777877228,23.50688861236632,57.506888612366325
2026,1266,3,8524015,2026-02-22,France,123366,Francois Cros,Back-row,True,True,True,54,True,0.675,7,1,0,0,0,0,0,3,0,0,0,2,5,0,0,2,0,0,0,5.0,11.0,0.0,True,official_workbook_name_identity,4.167767501775085,0.6959914615050538,0.0,1.4831920462553747,6.3469510095355135,11.346951009535513
2026,1266,3,8524015,2026-02-22,France,242478,Oscar Jegou,Back-row,True,True,True,54,True,0.675,7,1,0,0,0,0,0,31,1,1,0,7,9,1,1,6,1,0,0,18.0,22.0,0.0,True,official_workbook_name_identity,4.167767501775085,0.6959914615050538,0.0,1.4831920462553747,6.3469510095355135,24.346951009535513
2026,1266,3,8524015,2026-02-22,France,139728,Anthony Jelonch,Back-row,True,True,True,74,True,0.925,7,1,0,0,0,0,0,28,2,0,0,10,8,1,0,2,0,0,0,14.0,27.0,0.0,True,official_workbook_name_identity,5.711385095025116,0.9537660768772959,0.0,1.4831920462553747,8.148343218157786,22.148343218157784
2026,1266,3,8524015,2026-02-22,France,147480,Peato Mauvaka,Hooker,True,False,True,22,False,0.275,7,1,0,0,0,0,0,5,0,0,0,2,7,0,0,2,0,0,0,7.0,9.0,0.0,True,official_workbook_name_identity,1.6979793525750346,0.0,0.0,0.912244070268424,2.6102234228434584,9.610223422843458
2026,1266,3,8524015,2026-02-22,France,133488,Rodrigue Neti,Prop,True,False,True,43,False,0.5375,7,1,0,0,0,0,0,5,0,0,0,2,6,0,0,3,0,0,0,6.0,12.0,0.0,True,official_workbook_name_identity,3.318777825487567,0.0,0.0,0.49340065242919223,3.8121784779167593,9.81217847791676
2026,1266,3,8524015,2026-02-22,France,165192,Georges-Henri Colombe,Prop,True,False,True,27,False,0.3375,7,1,0,0,0,0,0,2,0,0,0,3,6,0,0,0,1,0,0,5.0,5.0,0.0,True,official_workbook_name_identity,2.0838837508875425,0.0,0.0,0.49340065242919223,2.577284403316735,7.577284403316735
2026,1266,3,8524015,2026-02-22,France,123504,Charles Ollivon,Back-row,True,True,True,26,False,0.325,7,1,0,0,0,0,0,3,0,0,0,4,6,1,0,0,1,0,0,5.0,8.0,0.0,True,official_workbook_name_identity,2.0067028712250403,0.33510699998391474,0.0,1.4831920462553747,3.8250019174643297,8.82500191746433
2026,1266,3,8524015,2026-02-22,France,219930,Mickael Guillard,Second-row,True,True,True,6,False,0.075,7,1,0,0,0,0,0,3,0,0,1,3,3,0,0,1,0,0,0,5.0,7.0,0.0,True,official_workbook_name_identity,0.46308527797500937,0.07733238461167263,0.0,1.301319777877228,1.84173744046391,6.84173744046391
2026,1266,3,8524015,2026-02-22,France,238116,Lenni Nouchi,Back-row,True,True,True,26,False,0.325,7,1,0,0,0,0,0,9,1,0,0,3,5,0,0,1,0,0,0,7.0,9.0,0.0,True,official_workbook_name_identity,2.0067028712250403,0.33510699998391474,0.0,1.4831920462553747,3.8250019174643297,10.82500191746433
2026,1266,3,8524015,2026-02-22,France,121830,Baptiste Serin,Scrum-half,False,False,True,5,False,0.0625,7,1,0,0,0,0,0,0,0,0,0,0,0,0,0,9,0,0,0,0.0,1.0,0.0,True,official_workbook_name_identity,0.0,0.0,0.0,1.376068376068376,1.376068376068376,1.376068376068376
2026,1266,3,8524015,2026-02-22,France,162150,Pierre-Louis Barassi,Centre,False,False,True,22,False,0.275,7,1,0,0,0,0,0,0,0,0,0,0,3,0,0,1,0,0,0,3.0,3.0,0.0,True,official_workbook_name_identity,0.0,0.0,0.0,1.4896551724137947,1.4896551724137947,4.489655172413794
2026,1266,3,8524015,2026-02-22,Italy,207774,Ange Capuozzo,Back-three,False,False,True,72,True,0.9,6,0,1,0,0,0,0,66,2,1,0,15,4,2,1,3,0,0,0,29.0,26.0,0.0,True,official_workbook_name_identity,0.0,0.0,0.0,0.9468599033816418,0.9468599033816418,29.946859903381643
2026,1266,3,8524015,2026-02-22,Italy,213750,Louis Lynagh,Back-three,False,False,True,80,True,1.0,6,0,0,0,0,0,0,18,1,0,1,7,6,2,0,2,2,1,0,4.0,5.0,0.0,True,official_workbook_name_identity,0.0,0.0,0.0,0.9468599033816418,0.9468599033816418,4.946859903381641
2026,1266,3,8524015,2026-02-22,Italy,226818,Tommaso Menoncello,Centre,False,False,True,80,True,1.0,6,0,0,0,0,0,0,26,1,2,0,6,8,2,0,3,0,0,0,12.0,28.0,0.0,True,official_workbook_name_identity,0.0,0.0,0.0,1.4896551724137947,1.4896551724137947,13.489655172413794
2026,1266,3,8524015,2026-02-22,Italy,231834,Leonardo Marin,Centre,False,False,True,80,True,1.0,6,0,0,0,0,0,0,33,1,1,4,7,6,3,0,14,0,0,0,19.0,26.0,0.0,True,official_workbook_name_identity,0.0,0.0,0.0,1.4896551724137947,1.4896551724137947,20.489655172413794
2026,1266,3,8524015,2026-02-22,Italy,134016,Monty Ioane,Back-three,False,False,True,67,True,0.8375,6,0,0,0,0,0,0,11,1,0,1,5,4,3,0,3,0,0,0,9.0,8.0,0.0,True,official_workbook_name_identity,0.0,0.0,0.0,0.9468599033816418,0.9468599033816418,9.946859903381641
2026,1266,3,8524015,2026-02-22,Italy,203034,Paolo Garbisi,Fly-half,False,False,True,80,True,1.0,6,0,0,0,0,1,0,18,0,0,0,5,11,2,2,23,0,0,0,25.0,15.0,0.0,True,official_workbook_name_identity,0.0,0.0,0.0,1.6627906976744176,1.6627906976744176,26.662790697674417
2026,1266,3,8524015,2026-02-22,Italy,180450,Alessandro Fusco,Scrum-half,False,False,True,59,True,0.7375,6,0,0,0,0,0,0,0,2,0,0,2,5,3,1,41,0,0,0,14.0,12.0,0.0,True,official_workbook_name_identity,0.0,0.0,0.0,1.376068376068376,1.376068376068376,15.376068376068377
2026,1266,3,8524015,2026-02-22,Italy,164232,Danilo Fischetti,Prop,True,False,True,53,True,0.6625,6,0,0,0,0,0,0,2,0,0,0,4,6,0,0,1,0,0,0,6.0,6.0,0.0,True,official_workbook_name_identity,3.5062171046679276,0.0,0.0,0.49340065242919223,3.99961775709712,9.99961775709712
2026,1266,3,8524015,2026-02-22,Italy,226836,Giacomo Nicotera,Hooker,True,False,True,53,True,0.6625,6,0,0,0,0,0,0,0,0,0,0,1,5,0,0,1,0,0,0,5.0,7.0,0.0,True,official_workbook_name_identity,3.5062171046679276,0.0,0.0,0.912244070268424,4.418461174936351,9.41846117493635
2026,1266,3,8524015,2026-02-22,Italy,123210,Simone Ferrari,Prop,True,False,True,53,True,0.6625,6,0,0,0,0,0,0,0,0,0,0,1,5,0,0,1,2,0,0,3.0,4.0,0.0,True,official_workbook_name_identity,3.5062171046679276,0.0,0.0,0.49340065242919223,3.99961775709712,6.99961775709712
2026,1266,3,8524015,2026-02-22,Italy,167196,Niccolo Cannone,Second-row,True,True,True,53,True,0.6625,6,0,0,0,0,0,0,10,0,0,0,7,8,0,0,3,0,0,0,9.0,10.0,0.0,True,official_workbook_name_identity,3.5062171046679276,0.0,0.0,1.301319777877228,4.807536882545156,13.807536882545156
2026,1266,3,8524015,2026-02-22,Italy,208140,Andrea Zambonin,Second-row,True,True,True,53,True,0.6625,6,0,0,0,0,0,0,2,0,0,0,2,5,1,0,3,0,0,0,5.0,5.0,0.0,True,official_workbook_name_identity,3.5062171046679276,0.0,0.0,1.301319777877228,4.807536882545156,9.807536882545156
2026,1266,3,8524015,2026-02-22,Italy,164220,Michele Lamaro,Back-row,True,True,True,80,True,1.0,6,0,0,0,0,0,0,1,0,0,0,3,9,1,0,3,0,0,0,9.0,15.0,0.0,True,official_workbook_name_identity,5.29240317685725,0.0,0.0,1.4831920462553747,6.775595223112624,15.775595223112624
2026,1266,3,8524015,2026-02-22,Italy,204054,Manuel Zuliani,Back-row,True,True,True,80,True,1.0,6,0,0,0,0,0,0,16,0,1,0,7,9,1,0,8,0,0,0,10.0,18.0,0.0,True,official_workbook_name_identity,5.29240317685725,0.0,0.0,1.4831920462553747,6.775595223112624,16.775595223112624
2026,1266,3,8524015,2026-02-22,Italy,220140,Lorenzo Cannone,Back-row,True,True,True,80,True,1.0,6,0,0,0,0,0,0,6,0,0,1,10,15,2,0,6,0,0,0,17.0,25.0,0.0,True,official_workbook_name_identity,5.29240317685725,0.0,0.0,1.4831920462553747,6.775595223112624,23.775595223112624
2026,1266,3,8524015,2026-02-22,Italy,207198,Pablo Dimcheff,Hooker,True,False,True,27,False,0.3375,6,0,0,0,0,0,0,0,0,0,0,2,8,0,0,1,1,0,0,7.0,11.0,0.0,True,official_workbook_name_identity,1.7861860721893221,0.0,0.0,0.912244070268424,2.698430142457746,9.698430142457745
2026,1266,3,8524015,2026-02-22,Italy,231804,Mirco Spagnolo,Prop,True,False,True,27,False,0.3375,6,0,0,0,0,0,0,0,0,0,0,6,7,0,0,0,0,0,0,7.0,11.0,0.0,True,official_workbook_name_identity,1.7861860721893221,0.0,0.0,0.49340065242919223,2.279586724618514,9.279586724618515
2026,1266,3,8524015,2026-02-22,Italy,147354,Giosue Zilocchi,Prop,True,False,True,27,False,0.3375,6,0,0,0,0,0,0,0,0,0,0,0,6,2,0,0,0,0,0,6.0,8.0,0.0,True,official_workbook_name_identity,1.7861860721893221,0.0,0.0,0.49340065242919223,2.279586724618514,8.279586724618515
2026,1266,3,8524015,2026-02-22,Italy,129234,Federico Ruzza,Second-row,True,True,True,27,False,0.3375,6,0,0,0,0,0,0,8,0,0,0,2,5,2,0,0,0,0,0,5.0,17.0,0.0,True,official_workbook_name_identity,1.7861860721893221,0.0,0.0,1.301319777877228,3.08750585006655,8.08750585006655
2026,1266,3,8524015,2026-02-22,Italy,220128,Riccardo Favretto,Back-row,True,True,True,27,False,0.3375,6,0,0,0,0,0,0,2,0,0,0,3,5,2,0,1,0,0,0,5.0,9.0,0.0,True,official_workbook_name_identity,1.7861860721893221,0.0,0.0,1.4831920462553747,3.269378118444697,8.269378118444697
2026,1266,3,8524015,2026-02-22,Italy,263016,David Odiase,Back-row,True,True,True,8,False,0.1,6,0,0,0,0,0,0,0,0,0,0,1,1,1,0,1,0,0,0,1.0,1.0,0.0,True,official_workbook_name_identity,0.5292403176857251,0.0,0.0,1.4831920462553747,2.0124323639411,3.0124323639411
2026,1266,3,8524015,2026-02-22,Italy,231774,Alessandro Garbisi,Scrum-half,False,False,True,21,False,0.2625,6,0,0,0,0,0,0,3,0,0,0,2,2,2,0,22,0,0,0,2.0,5.0,0.0,True,official_workbook_name_identity,0.0,0.0,0.0,1.376068376068376,1.376068376068376,3.376068376068376
2026,1266,3,8524015,2026-02-22,Italy,142488,Paolo Odogwu,Back-three,False,False,True,13,False,0.1625,6,0,0,0,0,0,0,25,1,0,0,2,3,1,0,1,0,0,0,7.0,7.0,0.0,True,official_workbook_name_identity,0.0,0.0,0.0,0.9468599033816418,0.9468599033816418,7.946859903381641
2026,1266,4,8524024,2026-03-06,Ireland,227658,Jamie Osborne,Back-three,False,False,True,80,True,1.0,4,2,1,0,0,0,0,23,0,0,2,10,3,1,0,13,0,0,0,19.0,22.0,0.0,True,official_workbook_name_identity,0.0,0.0,0.0,0.9468599033816418,0.9468599033816418,19.946859903381643
2026,1266,4,8524024,2026-03-06,Ireland,186198,Robert Baloucoune,Back-three,False,False,True,80,True,1.0,4,2,0,0,0,0,0,53,4,4,0,12,3,1,0,6,0,0,0,16.0,16.0,0.0,True,official_workbook_name_identity,0.0,0.0,0.0,0.9468599033816418,0.9468599033816418,16.946859903381643
2026,1266,4,8524024,2026-03-06,Ireland,129372,Garry Ringrose,Centre,False,False,True,69,True,0.8625,4,2,0,0,0,0,0,20,4,0,0,12,9,1,0,5,1,0,0,18.0,16.0,0.0,True,official_workbook_name_identity,0.0,0.0,0.0,1.4896551724137947,1.4896551724137947,19.489655172413794
2026,1266,4,8524024,2026-03-06,Ireland,129840,Stuart McCloskey,Centre,False,False,True,80,True,1.0,4,2,0,1,0,0,0,59,1,0,1,13,15,0,0,12,1,0,0,27.0,32.0,0.0,True,official_workbook_name_identity,0.0,0.0,0.0,1.4896551724137947,1.4896551724137947,28.489655172413794
2026,1266,4,8524024,2026-03-06,Ireland,136848,Jacob Stockdale,Back-three,False,False,True,69,True,0.8625,4,2,1,1,0,0,0,47,6,1,0,10,4,0,0,3,0,0,0,34.0,30.0,0.0,True,official_workbook_name_identity,0.0,0.0,0.0,0.9468599033816418,0.9468599033816418,34.94685990338164
2026,1266,4,8524024,2026-03-06,Ireland,201696,Jack Crowley,Fly-half,False,False,True,80,True,1.0,4,2,1,0,2,1,0,26,4,1,0,10,13,1,0,35,0,0,0,40.0,39.0,0.0,True,official_workbook_name_identity,0.0,0.0,0.0,1.6627906976744176,1.6627906976744176,41.66279069767442
2026,1266,4,8524024,2026-03-06,Ireland,120504,Jamison Gibson-Park,Scrum-half,False,False,True,23,True,0.2875,4,2,0,1,0,0,0,60,3,1,0,9,5,2,0,93,0,0,0,21.0,26.0,0.0,True,official_workbook_name_identity,0.0,0.0,0.0,1.376068376068376,1.376068376068376,22.376068376068375
2026,1266,4,8524024,2026-03-06,Ireland,148650,Tom O'Toole,Prop,True,False,True,63,True,0.7875,4,2,0,0,0,0,0,5,0,0,0,8,10,0,0,5,0,0,0,10.0,14.0,0.0,True,official_workbook_name_identity,2.778511667850056,0.0,0.0,0.49340065242919223,3.2719123202792484,13.271912320279249
2026,1266,4,8524024,2026-03-06,Ireland,148644,Ronan Kelleher,Hooker,True,False,True,63,True,0.7875,4,2,0,0,0,0,0,30,2,0,1,9,17,0,0,3,0,0,0,26.0,35.0,0.0,True,official_workbook_name_identity,2.778511667850056,0.0,0.0,0.912244070268424,3.6907557381184803,29.69075573811848
2026,1266,4,8524024,2026-03-06,Ireland,112374,Tadhg Furlong,Prop,True,False,True,59,True,0.7375,4,2,0,0,0,0,0,15,2,1,1,10,6,1,0,4,1,0,0,12.0,13.0,0.0,True,official_workbook_name_identity,2.6020982286214815,0.0,0.0,0.49340065242919223,3.095498881050674,15.095498881050673
2026,1266,4,8524024,2026-03-06,Ireland,143604,James Ryan,Second-row,True,True,True,59,True,0.7375,4,2,0,0,0,0,0,16,1,0,0,14,5,0,0,2,2,0,0,6.0,10.0,0.0,True,official_workbook_name_identity,2.6020982286214815,1.5208702306962285,0.0,1.301319777877228,5.424288237194938,11.424288237194938
2026,1266,4,8524024,2026-03-06,Ireland,117954,Tadhg Beirne,Second-row,True,True,True,80,True,1.0,4,2,0,0,0,0,0,7,0,0,2,11,14,0,0,8,1,0,0,17.0,32.0,0.0,True,official_workbook_name_identity,3.5282687845715,2.062196922977937,0.0,1.301319777877228,6.891785485426665,23.891785485426666
2026,1266,4,8524024,2026-03-06,Ireland,117936,Jack Conan,Back-row,True,True,True,80,True,1.0,4,2,1,0,0,0,0,47,2,0,4,15,13,0,0,7,0,0,0,44.0,68.0,1.0,True,official_workbook_name_identity,3.5282687845715,2.062196922977937,15.0,1.4831920462553747,22.073657753804813,66.07365775380481
2026,1266,4,8524024,2026-03-06,Ireland,136878,Nick Timoney,Back-row,True,True,True,59,True,0.7375,4,2,0,0,0,0,0,25,0,0,0,11,9,0,0,3,0,0,0,11.0,19.0,0.0,True,official_workbook_name_identity,2.6020982286214815,1.5208702306962285,0.0,1.4831920462553747,5.606160505573085,16.606160505573087
2026,1266,4,8524024,2026-03-06,Ireland,148680,Caelan Doris,Back-row,True,True,True,80,True,1.0,4,2,0,1,0,0,0,23,1,0,1,13,17,0,0,10,1,0,0,26.0,30.0,0.0,True,official_workbook_name_identity,3.5282687845715,2.062196922977937,0.0,1.4831920462553747,7.073657753804811,33.07365775380481
2026,1266,4,8524024,2026-03-06,Ireland,201792,Tom Stewart,Hooker,True,False,True,17,False,0.2125,4,2,0,0,0,0,0,2,0,0,0,2,4,0,0,0,0,0,0,4.0,3.0,0.0,True,official_workbook_name_identity,0.7497571167214437,0.0,0.0,0.912244070268424,1.6620011869898677,5.662001186989867
2026,1266,4,8524024,2026-03-06,Ireland,148770,Michael Milne,Prop,True,False,True,17,False,0.2125,4,2,0,0,0,0,0,0,0,0,0,1,6,0,0,2,1,0,0,5.0,6.0,0.0,True,official_workbook_name_identity,0.7497571167214437,0.0,0.0,0.49340065242919223,1.243157769150636,6.243157769150636
2026,1266,4,8524024,2026-03-06,Ireland,203208,Thomas Clarkson,Prop,True,False,True,21,False,0.2625,4,2,0,0,0,0,0,0,0,0,0,0,4,0,0,1,1,0,0,3.0,3.0,0.0,True,official_workbook_name_identity,0.9261705559500187,0.0,0.0,0.49340065242919223,1.419571208379211,4.419571208379211
2026,1266,4,8524024,2026-03-06,Ireland,220194,Joe McCarthy,Second-row,True,True,True,21,False,0.2625,4,2,0,0,0,0,0,15,0,1,0,3,8,2,0,1,0,0,0,9.0,15.0,0.0,True,official_workbook_name_identity,0.9261705559500187,0.5413266922817085,0.0,1.301319777877228,2.7688170261089553,11.768817026108955
2026,1266,4,8524024,2026-03-06,Ireland,118518,Josh van der Flier,Back-row,True,True,True,21,False,0.2625,4,2,0,0,0,0,0,1,0,0,0,1,8,0,0,2,0,0,0,8.0,10.0,0.0,True,official_workbook_name_identity,0.9261705559500187,0.5413266922817085,0.0,1.4831920462553747,2.950689294487102,10.950689294487102
2026,1266,4,8524024,2026-03-06,Ireland,201750,Nathan Doak,Scrum-half,False,False,True,8,False,0.1,4,2,0,0,0,0,0,0,0,0,0,0,1,0,0,23,0,0,0,1.0,3.0,0.0,True,official_workbook_name_identity,0.0,0.0,0.0,1.376068376068376,1.376068376068376,2.376068376068376
2026,1266,4,8524024,2026-03-06,Ireland,124548,Tom Farrell,Centre,False,False,True,11,False,0.1375,4,2,0,0,0,0,0,2,0,0,0,1,2,0,0,0,0,0,0,2.0,2.0,0.0,True,official_workbook_name_identity,0.0,0.0,0.0,1.4896551724137947,1.4896551724137947,3.4896551724137947
2026,1266,4,8524024,2026-03-06,Ireland,148890,Ciaran Frawley,Back-three,False,False,True,11,False,0.1375,4,2,0,0,0,0,0,18,1,0,0,2,0,0,0,0,0,0,0,3.0,2.0,0.0,True,official_workbook_name_identity,0.0,0.0,0.0,0.9468599033816418,0.9468599033816418,3.946859903381642
2026,1266,4,8524024,2026-03-06,Wales,187290,Louis Rees-Zammit,Back-three,False,False,True,80,True,1.0,6,0,0,0,0,0,0,21,2,0,0,5,3,2,0,0,1,0,0,8.0,18.0,0.0,True,official_workbook_name_identity,0.0,0.0,0.0,0.9468599033816418,0.9468599033816418,8.946859903381641
2026,1266,4,8524024,2026-03-06,Wales,363636,Ellis Mee,Back-three,False,False,True,69,True,0.8625,6,0,0,0,0,0,0,6,0,0,0,2,4,2,0,1,0,0,0,4.0,5.0,0.0,True,official_workbook_name_identity,0.0,0.0,0.0,0.9468599033816418,0.9468599033816418,4.946859903381641
2026,1266,4,8524024,2026-03-06,Wales,232158,Eddie James,Centre,False,False,True,80,True,1.0,6,0,0,0,0,0,0,24,0,0,1,10,15,0,0,1,1,0,0,18.0,22.0,0.0,True,official_workbook_name_identity,0.0,0.0,0.0,1.4896551724137947,1.4896551724137947,19.489655172413794
2026,1266,4,8524024,2026-03-06,Wales,220962,Joe Hawkins,Centre,False,False,True,80,True,1.0,6,0,0,0,0,0,0,30,0,0,0,10,15,4,0,10,0,0,0,18.0,15.0,0.0,True,official_workbook_name_identity,0.0,0.0,0.0,1.4896551724137947,1.4896551724137947,19.489655172413794
2026,1266,4,8524024,2026-03-06,Wales,129096,Josh Adams,Back-three,False,False,True,80,True,1.0,6,0,0,0,0,0,0,23,0,1,0,4,6,2,0,3,0,0,0,8.0,7.0,0.0,True,official_workbook_name_identity,0.0,0.0,0.0,0.9468599033816418,0.9468599033816418,8.946859903381641
2026,1266,4,8524024,2026-03-06,Wales,263442,Dan Edwards,Fly-half,False,False,True,80,True,1.0,6,0,0,0,2,1,0,6,2,0,0,2,5,3,0,21,0,0,0,16.0,17.0,0.0,True,official_workbook_name_identity,0.0,0.0,0.0,1.6627906976744176,1.6627906976744176,17.662790697674417
2026,1266,4,8524024,2026-03-06,Wales,128628,Tomos Williams,Scrum-half,False,False,True,80,True,1.0,6,0,0,1,0,0,0,8,0,0,0,3,8,4,1,80,0,1,0,12.0,9.0,0.0,True,official_workbook_name_identity,0.0,0.0,0.0,1.376068376068376,1.376068376068376,13.376068376068377
2026,1266,4,8524024,2026-03-06,Wales,162870,Rhys Carre,Prop,True,False,True,44,True,0.55,6,0,1,0,0,0,0,38,3,1,0,5,13,2,0,1,0,0,0,37.0,37.0,0.0,True,official_workbook_name_identity,2.9108217472714877,0.0,0.0,0.49340065242919223,3.40422239970068,40.40422239970068
2026,1266,4,8524024,2026-03-06,Wales,178848,Dewi Lake,Hooker,True,False,True,56,True,0.7,6,0,0,0,0,0,0,14,0,0,0,14,23,1,0,1,1,0,0,23.0,32.0,0.0,True,official_workbook_name_identity,3.7046822238000745,0.0,0.0,0.912244070268424,4.616926294068499,27.6169262940685
2026,1266,4,8524024,2026-03-06,Wales,131898,Tomas Francis,Prop,True,False,True,56,True,0.7,6,0,0,0,0,0,0,2,0,0,1,3,14,1,0,1,2,0,0,14.0,16.0,0.0,True,official_workbook_name_identity,3.7046822238000745,0.0,0.0,0.49340065242919223,4.198082876229266,18.198082876229265
2026,1266,4,8524024,2026-03-06,Wales,232104,Dafydd Jenkins,Second-row,True,True,True,80,True,1.0,6,0,0,0,0,0,0,0,0,0,0,5,27,2,1,5,1,0,0,31.0,32.0,0.0,True,official_workbook_name_identity,5.29240317685725,0.0,0.0,1.301319777877228,6.593722954734478,37.593722954734474
2026,1266,4,8524024,2026-03-06,Wales,219996,Ben Carter,Second-row,True,True,True,56,True,0.7,6,0,0,0,0,0,0,3,0,0,1,6,19,1,0,3,0,0,0,21.0,24.0,0.0,True,official_workbook_name_identity,3.7046822238000745,0.0,0.0,1.301319777877228,5.006002001677302,26.006002001677302
2026,1266,4,8524024,2026-03-06,Wales,232110,Alex Mann,Back-row,True,True,True,80,True,1.0,6,0,0,0,0,0,0,12,0,0,0,9,32,2,0,16,0,0,0,33.0,43.0,0.0,True,official_workbook_name_identity,5.29240317685725,0.0,0.0,1.4831920462553747,6.775595223112624,39.775595223112624
2026,1266,4,8524024,2026-03-06,Wales,154938,James Botham,Back-row,True,True,True,80,True,1.0,6,0,1,0,0,0,0,6,1,0,0,6,26,2,1,3,1,0,0,47.0,53.0,0.0,True,official_workbook_name_identity,5.29240317685725,0.0,0.0,1.4831920462553747,6.775595223112624,53.775595223112624
2026,1266,4,8524024,2026-03-06,Wales,176652,Aaron Wainwright,Back-row,True,True,True,44,True,0.55,6,0,0,0,0,0,0,40,1,0,0,5,17,1,0,3,0,0,0,23.0,23.0,0.0,True,official_workbook_name_identity,2.9108217472714877,0.0,0.0,1.4831920462553747,4.394013793526862,27.394013793526863
2026,1266,4,8524024,2026-03-06,Wales,128574,Ryan Elias,Hooker,True,False,True,24,False,0.3,6,0,0,0,0,0,0,5,0,0,0,6,3,1,0,0,0,0,0,3.0,7.0,0.0,True,official_workbook_name_identity,1.5877209530571748,0.0,0.0,0.912244070268424,2.499965023325599,5.499965023325599
2026,1266,4,8524024,2026-03-06,Wales,121974,Nicky Smith,Prop,True,False,True,36,False,0.45,6,0,0,0,0,0,0,1,0,0,0,2,3,0,0,2,0,0,0,3.0,7.0,0.0,True,official_workbook_name_identity,2.3815814295857627,0.0,0.0,0.49340065242919223,2.874982082014955,5.874982082014955
2026,1266,4,8524024,2026-03-06,Wales,219990,Archie Griffin,Prop,True,False,True,24,False,0.3,6,0,0,0,0,0,0,3,0,0,0,4,2,0,0,0,0,0,0,2.0,6.0,0.0,True,official_workbook_name_identity,1.5877209530571748,0.0,0.0,0.49340065242919223,2.081121605486367,4.081121605486366
2026,1266,4,8524024,2026-03-06,Wales,129576,Adam Beard,Second-row,True,True,True,24,False,0.3,6,0,0,0,0,0,0,3,0,0,0,3,1,0,0,0,0,0,0,1.0,5.0,0.0,True,official_workbook_name_identity,1.5877209530571748,0.0,0.0,1.301319777877228,2.889040730934403,3.889040730934403
2026,1266,4,8524024,2026-03-06,Wales,129894,Olly Cracknell,Back-row,True,True,True,36,False,0.45,6,0,0,0,0,0,0,28,0,0,0,14,4,1,0,1,0,0,0,6.0,9.0,0.0,True,official_workbook_name_identity,2.3815814295857627,0.0,0.0,1.4831920462553747,3.8647734758411376,9.864773475841137
2026,1266,4,8524024,2026-03-06,Wales,135900,Kieran Hardy,Scrum-half,False,False,True,0,False,0.0,6,0,0,0,0,0,0,0,0,0,0,0,0,0,0,0,0,0,0,0.0,0.0,0.0,True,unused_bench_no_recorded_events,0.0,0.0,0.0,1.376068376068376,1.376068376068376,1.376068376068376
2026,1266,4,8524024,2026-03-06,Wales,139716,Jarrod Evans,Fly-half,False,False,True,0,False,0.0,6,0,0,0,0,0,0,0,0,0,0,0,0,0,0,0,0,0,0,0.0,0.0,0.0,True,unused_bench_no_recorded_events,0.0,0.0,0.0,1.6627906976744176,1.6627906976744176,1.6627906976744176
2026,1266,4,8524024,2026-03-06,Wales,339492,Louie Hennessey,Centre,False,False,True,11,False,0.1375,6,0,0,0,0,0,0,0,0,0,0,0,0,0,0,0,0,0,0,0.0,0.0,0.0,True,official_workbook_name_identity,0.0,0.0,0.0,1.4896551724137947,1.4896551724137947,1.4896551724137947
2026,1266,4,8524033,2026-03-07,Scotland,139902,Blair Kinghorn,Back-three,False,False,True,80,True,1.0,5,1,0,1,0,0,0,78,6,1,4,11,2,0,1,11,0,0,0,38.0,29.0,0.0,True,official_workbook_name_identity,0.0,0.0,0.0,0.9468599033816418,0.9468599033816418,38.94685990338164
2026,1266,4,8524033,2026-03-07,Scotland,146754,Darcy Graham,Back-three,False,False,True,80,True,1.0,5,1,2,0,0,0,0,45,9,3,1,10,4,3,0,2,0,0,0,48.0,47.0,0.0,True,official_workbook_name_identity,0.0,0.0,0.0,0.9468599033816418,0.9468599033816418,48.94685990338164
2026,1266,4,8524033,2026-03-07,Scotland,136776,Huw Jones,Centre,False,False,True,55,True,0.6875,5,1,0,0,0,0,0,28,2,1,2,9,5,1,0,9,0,0,0,15.0,15.0,0.0,True,official_workbook_name_identity,0.0,0.0,0.0,1.4896551724137947,1.4896551724137947,16.489655172413794
2026,1266,4,8524033,2026-03-07,Scotland,139998,Sione Tuipulotu,Centre,False,False,True,80,True,1.0,5,1,0,1,0,0,0,41,3,0,0,13,8,1,0,9,0,0,0,22.0,23.0,0.0,True,official_workbook_name_identity,0.0,0.0,0.0,1.4896551724137947,1.4896551724137947,23.489655172413794
2026,1266,4,8524033,2026-03-07,Scotland,171582,Kyle Steyn,Back-three,False,False,True,66,True,0.825,5,1,2,0,0,0,0,110,5,3,1,9,5,1,0,2,0,0,0,48.0,61.0,1.0,True,official_workbook_name_identity,0.0,0.0,15.0,0.9468599033816418,15.946859903381641,63.94685990338164
2026,1266,4,8524033,2026-03-07,Scotland,117894,Finn Russell,Fly-half,False,False,True,80,True,1.0,5,1,0,1,6,1,0,18,0,0,1,5,4,1,0,29,0,0,0,26.0,27.0,0.0,True,official_workbook_name_identity,0.0,0.0,0.0,1.6627906976744176,1.6627906976744176,27.662790697674417
2026,1266,4,8524033,2026-03-07,Scotland,142476,Ben White,Scrum-half,False,False,True,63,True,0.7875,5,1,1,0,0,0,0,10,1,1,0,2,4,0,0,93,0,0,0,17.0,21.0,0.0,True,official_workbook_name_identity,0.0,0.0,0.0,1.376068376068376,1.376068376068376,18.376068376068375
2026,1266,4,8524033,2026-03-07,Scotland,130290,Pierre Schoeman,Prop,True,False,True,63,True,0.7875,5,1,1,0,0,0,0,16,0,0,0,14,4,1,0,3,1,0,0,19.0,24.0,0.0,True,official_workbook_name_identity,3.47313958481257,0.0,0.0,0.49340065242919223,3.9665402372417624,22.966540237241762
2026,1266,4,8524033,2026-03-07,Scotland,117864,George Turner,Hooker,True,False,True,51,True,0.6375,5,1,0,1,0,0,0,8,0,0,0,6,3,1,0,3,0,0,0,7.0,12.0,0.0,True,official_workbook_name_identity,2.811589187705414,0.0,0.0,0.912244070268424,3.723833257973838,10.723833257973837
2026,1266,4,8524033,2026-03-07,Scotland,122784,D'Arcy Rae,Prop,True,False,True,39,True,0.4875,5,1,0,0,0,0,0,0,0,0,0,4,2,0,0,2,1,0,0,1.0,5.0,0.0,True,official_workbook_name_identity,2.150038790598258,0.0,0.0,0.49340065242919223,2.64343944302745,3.64343944302745
2026,1266,4,8524033,2026-03-07,Scotland,220296,Gregor Brown,Second-row,True,True,True,33,True,0.4125,5,1,0,0,0,0,0,9,0,0,0,6,6,0,0,3,0,0,0,6.0,9.0,0.0,True,official_workbook_name_identity,1.8192635920446796,0.42532811536419945,0.0,1.301319777877228,3.5459114852861067,9.545911485286107
2026,1266,4,8524033,2026-03-07,Scotland,136596,Scott Cummings,Second-row,True,True,True,51,True,0.6375,5,1,0,0,0,0,0,1,0,0,0,5,5,0,0,3,0,0,0,5.0,16.0,0.0,True,official_workbook_name_identity,2.811589187705414,0.6573252691992173,0.0,1.301319777877228,4.770234234781859,9.77023423478186
2026,1266,4,8524033,2026-03-07,Scotland,161856,Matt Fagerson,Back-row,True,True,True,80,True,1.0,5,1,0,0,0,0,0,20,0,0,0,12,9,0,0,8,0,0,0,11.0,16.0,0.0,True,official_workbook_name_identity,4.410335980714375,1.0310984614889684,0.0,1.4831920462553747,6.924626488458718,17.924626488458717
2026,1266,4,8524033,2026-03-07,Scotland,180222,Rory Darge,Back-row,True,True,True,80,True,1.0,5,1,0,0,0,0,0,25,0,0,1,9,14,1,0,4,0,0,0,18.0,23.0,0.0,True,official_workbook_name_identity,4.410335980714375,1.0310984614889684,0.0,1.4831920462553747,6.924626488458718,24.924626488458717
2026,1266,4,8524033,2026-03-07,Scotland,124308,Jack Dempsey,Back-row,True,True,True,80,True,1.0,5,1,0,0,0,0,0,52,5,0,1,16,8,1,1,10,0,0,0,30.0,23.0,0.0,True,official_workbook_name_identity,4.410335980714375,1.0310984614889684,0.0,1.4831920462553747,6.924626488458718,36.92462648845872
2026,1266,4,8524033,2026-03-07,Scotland,187422,Ewan Ashman,Hooker,True,False,True,29,False,0.3625,5,1,0,0,0,0,0,4,0,0,1,2,7,1,0,1,0,0,0,9.0,9.0,0.0,True,official_workbook_name_identity,1.598746793008961,0.0,0.0,0.912244070268424,2.510990863277385,11.510990863277385
2026,1266,4,8524033,2026-03-07,Scotland,134172,Rory Sutherland,Prop,True,False,True,17,False,0.2125,5,1,0,0,0,0,0,4,0,0,0,2,5,0,0,1,0,0,0,5.0,5.0,0.0,True,official_workbook_name_identity,0.9371963959018047,0.0,0.0,0.49340065242919223,1.4305970483309969,6.430597048330997
2026,1266,4,8524033,2026-03-07,Scotland,130530,Zander Fagerson,Prop,True,False,True,41,False,0.5125,5,1,0,0,0,0,0,7,1,0,0,8,7,1,0,1,0,0,0,9.0,9.0,0.0,True,official_workbook_name_identity,2.260297190116117,0.0,0.0,0.49340065242919223,2.7536978425453094,11.753697842545309
2026,1266,4,8524033,2026-03-07,Scotland,102762,Grant Gilchrist,Second-row,True,True,True,47,False,0.5875,5,1,0,0,0,0,0,1,0,0,0,3,7,0,0,3,0,0,0,7.0,9.0,0.0,True,official_workbook_name_identity,2.591072388669695,0.605770346124769,0.0,1.301319777877228,4.498162512671692,11.498162512671692
2026,1266,4,8524033,2026-03-07,Scotland,366438,Freddy Douglas,Back-row,True,True,True,14,False,0.175,5,1,0,0,0,0,0,0,0,0,0,0,5,1,0,0,1,0,0,4.0,6.0,0.0,True,official_workbook_name_identity,0.7718087966250156,0.18044223076056948,0.0,1.4831920462553747,2.43544307364096,6.435443073640959
2026,1266,4,8524033,2026-03-07,Scotland,141990,Josh Bayliss,Back-row,True,True,True,29,False,0.3625,5,1,0,0,0,0,0,0,0,0,0,3,6,2,0,0,1,1,0,0.0,1.0,0.0,True,official_workbook_name_identity,1.598746793008961,0.37377319228975103,0.0,1.4831920462553747,3.4557120315540866,3.4557120315540866
2026,1266,4,8524033,2026-03-07,Scotland,129792,George Horne,Scrum-half,False,False,True,17,False,0.2125,5,1,0,0,0,0,0,2,0,0,0,1,5,2,0,11,0,0,0,5.0,6.0,0.0,True,official_workbook_name_identity,0.0,0.0,0.0,1.376068376068376,1.376068376068376,6.3760683760683765
2026,1266,4,8524033,2026-03-07,Scotland,242766,Tom Jordan,Centre,False,False,True,25,False,0.3125,5,1,1,0,0,0,0,37,2,0,0,4,2,2,0,4,0,0,0,19.0,19.0,0.0,True,official_workbook_name_identity,0.0,0.0,0.0,1.4896551724137947,1.4896551724137947,20.489655172413794
2026,1266,4,8524033,2026-03-07,France,129822,Thomas Ramos,Back-three,False,False,True,80,True,1.0,3,1,2,0,5,0,0,38,4,2,0,11,3,1,0,11,1,0,0,43.0,45.0,0.0,True,official_workbook_name_identity,0.0,0.0,0.0,0.9468599033816418,0.9468599033816418,43.94685990338164
2026,1266,4,8524033,2026-03-07,France,339450,Theo Attissogbe,Back-three,False,False,True,80,True,1.0,3,1,1,1,0,0,0,66,0,2,0,9,3,2,0,6,1,0,0,22.0,25.0,0.0,True,official_workbook_name_identity,0.0,0.0,0.0,0.9468599033816418,0.9468599033816418,22.946859903381643
2026,1266,4,8524033,2026-03-07,France,262248,Nicolas Depoortere,Centre,False,False,True,44,True,0.55,3,1,0,0,0,0,0,3,0,0,0,2,8,2,0,1,0,0,0,8.0,8.0,0.0,True,official_workbook_name_identity,0.0,0.0,0.0,1.4896551724137947,1.4896551724137947,9.489655172413794
2026,1266,4,8524033,2026-03-07,France,196152,Yoram Moefana,Centre,False,False,True,80,True,1.0,3,1,0,0,0,0,0,40,3,2,1,8,8,7,0,7,1,0,0,19.0,14.0,0.0,True,official_workbook_name_identity,0.0,0.0,0.0,1.4896551724137947,1.4896551724137947,20.489655172413794
2026,1266,4,8524033,2026-03-07,France,231684,Louis Bielle-Biarrey,Back-three,False,False,True,80,True,1.0,3,1,1,3,0,0,0,55,2,4,0,7,10,2,1,10,0,0,0,46.0,49.0,0.0,True,official_workbook_name_identity,0.0,0.0,0.0,0.9468599033816418,0.9468599033816418,46.94685990338164
2026,1266,4,8524033,2026-03-07,France,169662,Matthieu Jalibert,Fly-half,False,False,True,80,True,1.0,3,1,0,1,0,0,0,49,2,0,1,7,6,0,0,25,0,1,0,15.0,14.0,0.0,True,official_workbook_name_identity,0.0,0.0,0.0,1.6627906976744176,1.6627906976744176,16.662790697674417
2026,1266,4,8524033,2026-03-07,France,135318,Antoine Dupont,Scrum-half,False,False,True,69,True,0.8625,3,1,1,0,0,0,0,35,2,0,0,5,6,3,1,37,0,0,0,28.0,21.0,0.0,True,official_workbook_name_identity,0.0,0.0,0.0,1.376068376068376,1.376068376068376,29.376068376068375
2026,1266,4,8524033,2026-03-07,France,178704,Jean-Baptiste Gros,Prop,True,False,True,51,True,0.6375,3,1,0,0,0,0,0,2,1,0,0,1,22,0,0,0,1,0,0,23.0,25.0,0.0,True,official_workbook_name_identity,1.6869535126232482,0.0,0.0,0.49340065242919223,2.1803541650524405,25.180354165052442
2026,1266,4,8524033,2026-03-07,France,135138,Julien Marchand,Hooker,True,False,True,44,True,0.55,3,1,0,0,0,0,0,1,0,0,0,4,11,2,0,1,1,0,0,10.0,12.0,0.0,True,official_workbook_name_identity,1.4554108736357438,0.0,0.0,0.912244070268424,2.367654943904168,12.367654943904167
2026,1266,4,8524033,2026-03-07,France,127122,Dorian Aldegheri,Prop,True,False,True,51,True,0.6375,3,1,0,0,0,0,0,0,0,0,0,0,8,0,0,0,1,0,0,7.0,8.0,0.0,True,official_workbook_name_identity,1.6869535126232482,0.0,0.0,0.49340065242919223,2.1803541650524405,9.18035416505244
2026,1266,4,8524033,2026-03-07,France,123504,Charles Ollivon,Back-row,True,True,True,44,True,0.55,3,1,0,0,0,0,0,2,0,0,0,2,11,2,0,1,0,0,0,11.0,12.0,0.0,True,official_workbook_name_identity,1.4554108736357438,0.5671041538189326,0.0,1.4831920462553747,3.5057070737100515,14.505707073710052
2026,1266,4,8524033,2026-03-07,France,219930,Mickael Guillard,Second-row,True,True,True,44,True,0.55,3,1,0,0,0,0,0,11,0,0,0,5,14,1,0,0,0,0,0,15.0,14.0,0.0,True,official_workbook_name_identity,1.4554108736357438,0.5671041538189326,0.0,1.301319777877228,3.323834805331905,18.323834805331906
2026,1266,4,8524033,2026-03-07,France,123366,Francois Cros,Back-row,True,True,True,80,True,1.0,3,1,0,0,0,0,0,9,0,0,0,4,18,1,0,2,1,0,0,17.0,20.0,0.0,True,official_workbook_name_identity,2.646201588428625,1.0310984614889684,0.0,1.4831920462553747,5.160492096172968,22.160492096172966
2026,1266,4,8524033,2026-03-07,France,242478,Oscar Jegou,Back-row,True,True,True,80,True,1.0,3,1,1,0,0,0,0,24,1,0,0,7,25,2,0,2,1,0,0,43.0,47.0,0.0,True,official_workbook_name_identity,2.646201588428625,1.0310984614889684,0.0,1.4831920462553747,5.160492096172968,48.160492096172966
2026,1266,4,8524033,2026-03-07,France,139728,Anthony Jelonch,Back-row,True,True,True,42,True,0.525,3,1,0,0,0,0,0,24,0,0,0,3,12,1,0,0,0,0,0,14.0,21.0,0.0,True,official_workbook_name_identity,1.3892558339250283,0.5413266922817085,0.0,1.4831920462553747,3.4137745724621116,17.41377457246211
2026,1266,4,8524033,2026-03-07,France,147480,Peato Mauvaka,Hooker,True,False,True,36,False,0.45,3,1,0,0,0,0,0,5,0,0,0,2,6,1,0,2,0,0,0,6.0,5.0,0.0,True,official_workbook_name_identity,1.1907907147928813,0.0,0.0,0.912244070268424,2.1030347850613054,8.103034785061306
2026,1266,4,8524033,2026-03-07,France,133488,Rodrigue Neti,Prop,True,False,True,29,False,0.3625,3,1,0,0,0,0,0,4,0,0,0,3,6,0,0,3,0,0,0,6.0,7.0,0.0,True,official_workbook_name_identity,0.9592480758053765,0.0,0.0,0.49340065242919223,1.4526487282345688,7.452648728234569
2026,1266,4,8524033,2026-03-07,France,178656,Demba Bamba,Prop,True,False,True,29,False,0.3625,3,1,0,0,0,0,0,8,1,0,0,3,2,2,0,1,0,0,0,4.0,6.0,0.0,True,official_workbook_name_identity,0.9592480758053765,0.0,0.0,0.49340065242919223,1.4526487282345688,5.452648728234569
2026,1266,4,8524033,2026-03-07,France,213072,Thibaud Flament,Second-row,True,True,True,36,False,0.45,3,1,0,0,0,0,0,11,0,0,1,4,5,1,0,3,0,0,0,8.0,17.0,0.0,True,official_workbook_name_identity,1.1907907147928813,0.4639943076700358,0.0,1.301319777877228,2.956104800340145,10.956104800340146
2026,1266,4,8524033,2026-03-07,France,166476,Emmanuel Meafou,Second-row,True,True,True,36,False,0.45,3,1,0,0,0,0,0,27,1,0,2,8,6,0,0,5,1,0,0,13.0,18.0,0.0,True,official_workbook_name_identity,1.1907907147928813,0.4639943076700358,0.0,1.301319777877228,2.956104800340145,15.956104800340146
2026,1266,4,8524033,2026-03-07,France,238116,Lenni Nouchi,Back-row,True,True,True,38,False,0.475,3,1,0,0,0,0,0,10,1,0,1,5,10,0,0,2,1,1,0,9.0,9.0,0.0,True,official_workbook_name_identity,1.2569457545035967,0.48977176920726,0.0,1.4831920462553747,3.2299095699662317,12.229909569966232
2026,1266,4,8524033,2026-03-07,France,121830,Baptiste Serin,Scrum-half,False,False,True,11,False,0.1375,3,1,0,1,0,0,0,3,1,0,0,2,0,0,0,25,0,0,0,6.0,7.0,0.0,True,official_workbook_name_identity,0.0,0.0,0.0,1.376068376068376,1.376068376068376,7.3760683760683765
2026,1266,4,8524033,2026-03-07,France,162150,Pierre-Louis Barassi,Centre,False,False,True,36,False,0.45,3,1,0,0,0,0,0,12,1,0,0,6,6,4,0,1,0,0,0,9.0,12.0,0.0,True,official_workbook_name_identity,0.0,0.0,0.0,1.4896551724137947,1.4896551724137947,10.489655172413794
2026,1266,4,8524042,2026-03-07,Italy,231744,Lorenzo Pani,Back-three,False,False,True,73,True,0.9125,1,1,0,0,0,0,0,25,2,1,1,6,2,1,0,5,1,0,0,9.0,10.0,0.0,True,official_workbook_name_identity,0.0,0.0,0.0,0.9468599033816418,0.9468599033816418,9.946859903381641
2026,1266,4,8524042,2026-03-07,Italy,213750,Louis Lynagh,Back-three,False,False,True,80,True,1.0,1,1,0,0,0,0,0,20,0,2,2,5,7,4,1,3,0,0,0,18.0,18.0,0.0,True,official_workbook_name_identity,0.0,0.0,0.0,0.9468599033816418,0.9468599033816418,18.946859903381643
2026,1266,4,8524042,2026-03-07,Italy,118614,Juan Ignacio Brex,Centre,False,False,True,50,True,0.625,1,1,0,0,0,0,0,5,1,0,0,4,3,1,0,5,0,0,0,5.0,5.0,0.0,True,official_workbook_name_identity,0.0,0.0,0.0,1.4896551724137947,1.4896551724137947,6.489655172413794
2026,1266,4,8524042,2026-03-07,Italy,226818,Tommaso Menoncello,Centre,False,False,True,80,True,1.0,1,1,1,1,0,0,0,89,5,3,0,9,7,2,0,5,0,0,0,39.0,54.0,1.0,True,official_workbook_name_identity,0.0,0.0,15.0,1.4896551724137947,16.489655172413794,55.48965517241379
2026,1266,4,8524042,2026-03-07,Italy,134016,Monty Ioane,Back-three,False,False,True,80,True,1.0,1,1,0,0,0,0,0,54,1,2,5,8,6,4,1,6,0,0,0,28.0,23.0,0.0,True,official_workbook_name_identity,0.0,0.0,0.0,0.9468599033816418,0.9468599033816418,28.946859903381643
2026,1266,4,8524042,2026-03-07,Italy,203034,Paolo Garbisi,Fly-half,False,False,True,80,True,1.0,1,1,0,0,2,3,0,3,0,0,0,2,6,0,0,13,0,0,0,19.0,30.0,0.0,True,official_workbook_name_identity,0.0,0.0,0.0,1.6627906976744176,1.6627906976744176,20.662790697674417
2026,1266,4,8524042,2026-03-07,Italy,231774,Alessandro Garbisi,Scrum-half,False,False,True,50,True,0.625,1,1,0,1,0,0,0,0,0,0,0,0,5,2,0,32,0,0,0,9.0,12.0,0.0,True,official_workbook_name_identity,0.0,0.0,0.0,1.376068376068376,1.376068376068376,10.376068376068377
2026,1266,4,8524042,2026-03-07,Italy,164232,Danilo Fischetti,Prop,True,False,True,57,True,0.7125,1,1,0,0,0,0,0,9,0,0,0,5,10,0,0,3,0,0,0,10.0,15.0,0.0,True,official_workbook_name_identity,0.6284728772517985,0.0,0.0,0.49340065242919223,1.1218735296809907,11.121873529680991
2026,1266,4,8524042,2026-03-07,Italy,226836,Giacomo Nicotera,Hooker,True,False,True,62,True,0.775,1,1,0,0,0,0,0,5,0,0,0,1,14,4,1,1,1,1,0,13.0,12.0,0.0,True,official_workbook_name_identity,0.6836020770107282,0.0,0.0,0.912244070268424,1.5958461472791523,14.595846147279152
2026,1266,4,8524042,2026-03-07,Italy,123210,Simone Ferrari,Prop,True,False,True,50,True,0.625,1,1,0,0,0,0,0,0,0,0,0,0,8,3,0,1,3,0,0,5.0,8.0,0.0,True,official_workbook_name_identity,0.5512919975892969,0.0,0.0,0.49340065242919223,1.0446926500184892,6.044692650018489
2026,1266,4,8524042,2026-03-07,Italy,167196,Niccolo Cannone,Second-row,True,True,True,80,True,1.0,1,1,0,0,0,0,0,3,1,0,0,9,10,2,0,3,2,0,0,10.0,10.0,0.0,True,official_workbook_name_identity,0.882067196142875,1.0310984614889684,0.0,1.301319777877228,3.2144854355090713,13.214485435509072
2026,1266,4,8524042,2026-03-07,Italy,208140,Andrea Zambonin,Second-row,True,True,True,49,True,0.6125,1,1,0,0,0,0,0,10,0,0,0,10,7,2,0,2,0,0,0,8.0,9.0,0.0,True,official_workbook_name_identity,0.540266157637511,0.6315478076619933,0.0,1.301319777877228,2.4731337431767324,10.473133743176732
2026,1266,4,8524042,2026-03-07,Italy,164220,Michele Lamaro,Back-row,True,True,True,80,True,1.0,1,1,0,0,0,0,0,4,0,0,0,2,9,3,0,4,0,0,0,9.0,16.0,0.0,True,official_workbook_name_identity,0.882067196142875,1.0310984614889684,0.0,1.4831920462553747,3.396357703887218,12.396357703887219
2026,1266,4,8524042,2026-03-07,Italy,204054,Manuel Zuliani,Back-row,True,True,True,73,True,0.9125,1,1,0,0,0,0,0,9,2,0,1,6,15,0,0,3,0,0,0,21.0,22.0,0.0,True,official_workbook_name_identity,0.8048863164803735,0.9408773461086837,0.0,1.4831920462553747,3.228955708844432,24.22895570884443
2026,1266,4,8524042,2026-03-07,Italy,220140,Lorenzo Cannone,Back-row,True,True,True,80,True,1.0,1,1,0,0,0,0,0,59,6,0,0,11,12,1,1,3,0,0,0,34.0,32.0,0.0,True,official_workbook_name_identity,0.882067196142875,1.0310984614889684,0.0,1.4831920462553747,3.396357703887218,37.39635770388722
2026,1266,4,8524042,2026-03-07,Italy,231714,Tommaso Di Bartolomeo,Hooker,True,False,True,18,False,0.225,1,1,0,0,0,0,0,0,0,0,0,1,2,0,0,1,1,0,0,1.0,3.0,0.0,True,official_workbook_name_identity,0.19846511913214687,0.0,0.0,0.912244070268424,1.110709189400571,2.1107091894005707
2026,1266,4,8524042,2026-03-07,Italy,231804,Mirco Spagnolo,Prop,True,False,True,18,False,0.225,1,1,0,0,0,0,0,0,0,0,0,3,5,0,0,0,0,0,0,5.0,11.0,0.0,True,official_workbook_name_identity,0.19846511913214687,0.0,0.0,0.49340065242919223,0.6918657715613391,5.691865771561339
2026,1266,4,8524042,2026-03-07,Italy,220782,Muhamed Hasa,Prop,True,False,True,30,False,0.375,1,1,0,0,0,0,0,2,0,0,0,1,2,2,0,1,0,0,0,2.0,1.0,0.0,True,official_workbook_name_identity,0.3307751985535781,0.0,0.0,0.49340065242919223,0.8241758509827704,2.8241758509827704
2026,1266,4,8524042,2026-03-07,Italy,129234,Federico Ruzza,Second-row,True,True,True,31,False,0.3875,1,1,0,0,0,0,0,10,0,1,0,3,4,1,0,3,0,0,0,5.0,7.0,0.0,True,official_workbook_name_identity,0.3418010385053641,0.3995506538269753,0.0,1.301319777877228,2.0426714702095676,7.042671470209568
2026,1266,4,8524042,2026-03-07,Italy,220128,Riccardo Favretto,Back-row,True,True,True,7,False,0.0875,1,1,0,0,0,0,0,0,0,0,0,2,0,0,0,0,0,0,0,0.0,1.0,0.0,True,official_workbook_name_identity,0.07718087966250156,0.09022111538028474,0.0,1.4831920462553747,1.650594041298161,1.650594041298161
2026,1266,4,8524042,2026-03-07,Italy,180450,Alessandro Fusco,Scrum-half,False,False,True,30,False,0.375,1,1,0,0,0,0,0,2,0,0,0,2,0,0,0,24,0,0,0,0.0,9.0,0.0,True,official_workbook_name_identity,0.0,0.0,0.0,1.376068376068376,1.376068376068376,1.376068376068376
2026,1266,4,8524042,2026-03-07,Italy,231834,Leonardo Marin,Centre,False,False,True,30,False,0.375,1,1,1,0,0,0,0,18,1,0,0,3,1,0,0,5,0,0,0,14.0,14.0,0.0,True,official_workbook_name_identity,0.0,0.0,0.0,1.4896551724137947,1.4896551724137947,15.489655172413794
2026,1266,4,8524042,2026-03-07,Italy,117834,Tommaso Allan,Back-three,False,False,True,7,False,0.0875,1,1,0,0,0,0,0,2,1,0,0,1,0,0,0,1,0,0,0,2.0,2.0,0.0,True,official_workbook_name_identity,0.0,0.0,0.0,0.9468599033816418,0.9468599033816418,2.946859903381642
2026,1266,4,8524042,2026-03-07,England,111072,Elliot Daly,Back-three,False,False,True,73,True,0.9125,3,1,0,0,0,0,0,46,4,0,0,8,0,2,0,3,0,0,0,12.0,13.0,0.0,True,official_workbook_name_identity,0.0,0.0,0.0,0.9468599033816418,0.9468599033816418,12.946859903381641
2026,1266,4,8524042,2026-03-07,England,187458,Tom Roebuck,Back-three,False,False,True,80,True,1.0,3,1,1,0,0,0,0,92,7,2,0,10,3,1,0,2,0,0,0,36.0,36.0,0.0,True,official_workbook_name_identity,0.0,0.0,0.0,0.9468599033816418,0.9468599033816418,36.94685990338164
2026,1266,4,8524042,2026-03-07,England,213192,Tommy Freeman,Back-three,False,False,True,80,True,1.0,3,1,1,0,0,0,0,47,2,2,1,8,1,0,0,4,2,0,0,19.0,21.0,0.0,True,official_workbook_name_identity,0.0,0.0,0.0,0.9468599033816418,0.9468599033816418,19.946859903381643
2026,1266,4,8524042,2026-03-07,England,232032,Seb Atkinson,Centre,False,False,True,80,True,1.0,3,1,0,0,0,0,0,21,1,0,1,8,2,2,0,10,1,0,0,7.0,9.0,0.0,True,official_workbook_name_identity,0.0,0.0,0.0,1.4896551724137947,1.4896551724137947,8.489655172413794
2026,1266,4,8524042,2026-03-07,England,172428,Cadan Murley,Back-three,False,False,True,80,True,1.0,3,1,0,0,0,0,0,44,3,0,0,6,5,0,0,2,0,0,0,15.0,16.0,0.0,True,official_workbook_name_identity,0.0,0.0,0.0,0.9468599033816418,0.9468599033816418,15.946859903381641
2026,1266,4,8524042,2026-03-07,England,227772,Fin Smith,Fly-half,False,False,True,80,True,1.0,3,1,0,1,1,2,0,13,1,0,0,5,3,2,0,25,1,0,0,17.0,19.0,0.0,True,official_workbook_name_identity,0.0,0.0,0.0,1.6627906976744176,1.6627906976744176,18.662790697674417
2026,1266,4,8524042,2026-03-07,England,116268,Ben Spencer,Scrum-half,False,False,True,57,True,0.7125,3,1,0,0,0,0,0,9,0,0,0,2,0,1,0,60,0,0,0,0.0,12.0,0.0,True,official_workbook_name_identity,0.0,0.0,0.0,1.376068376068376,1.376068376068376,1.376068376068376
2026,1266,4,8524042,2026-03-07,England,136680,Ellis Genge,Prop,True,False,True,57,True,0.7125,3,1,0,0,0,0,0,4,0,0,0,4,6,2,0,2,1,0,0,5.0,8.0,0.0,True,official_workbook_name_identity,1.8854186317553954,0.0,0.0,0.49340065242919223,2.3788192841845874,7.378819284184587
2026,1266,4,8524042,2026-03-07,England,61134,Jamie George,Hooker,True,False,True,75,True,0.9375,3,1,0,0,0,0,0,13,2,0,0,10,9,0,0,5,0,0,0,14.0,13.0,0.0,True,official_workbook_name_identity,2.480813989151836,0.0,0.0,0.912244070268424,3.3930580594202597,17.39305805942026
2026,1266,4,8524042,2026-03-07,England,178806,Joe Heyes,Prop,True,False,True,67,True,0.8375,3,1,0,0,0,0,0,3,0,0,0,3,9,1,0,1,0,0,0,9.0,11.0,0.0,True,official_workbook_name_identity,2.2161938303089737,0.0,0.0,0.49340065242919223,2.709594482738166,11.709594482738165
2026,1266,4,8524042,2026-03-07,England,122652,Maro Itoje,Second-row,True,True,True,80,True,1.0,3,1,0,0,0,0,0,2,0,0,1,6,12,1,0,1,2,1,0,7.0,23.0,0.0,True,official_workbook_name_identity,2.646201588428625,1.0310984614889684,0.0,1.301319777877228,4.978619827794821,11.978619827794821
2026,1266,4,8524042,2026-03-07,England,198696,Alex Coles,Second-row,True,True,True,80,True,1.0,3,1,0,1,0,0,0,4,1,0,0,4,12,0,0,7,0,0,0,18.0,24.0,0.0,True,official_workbook_name_identity,2.646201588428625,1.0310984614889684,0.0,1.301319777877228,4.978619827794821,22.978619827794823
2026,1266,4,8524042,2026-03-07,England,239076,Guy Pepper,Back-row,True,True,True,73,True,0.9125,3,1,0,0,0,0,0,30,4,0,0,8,11,0,1,3,0,0,0,27.0,32.0,0.0,True,official_workbook_name_identity,2.41465894944112,0.9408773461086837,0.0,1.4831920462553747,4.8387283418051785,31.83872834180518
2026,1266,4,8524042,2026-03-07,England,129660,Sam Underhill,Back-row,True,True,True,66,True,0.825,3,1,0,0,0,0,0,3,1,0,0,4,10,3,0,3,1,1,0,6.0,15.0,0.0,True,official_workbook_name_identity,2.1831163104536153,0.8506562307283989,0.0,1.4831920462553747,4.516964587437389,10.51696458743739
2026,1266,4,8524042,2026-03-07,England,142404,Ben Earl,Back-row,True,True,True,80,True,1.0,3,1,0,0,0,0,0,58,6,0,0,20,9,1,1,2,2,0,0,29.0,26.0,0.0,True,official_workbook_name_identity,2.646201588428625,1.0310984614889684,0.0,1.4831920462553747,5.160492096172968,34.160492096172966
2026,1266,4,8524042,2026-03-07,England,115452,Luke Cowan-Dickie,Hooker,True,False,True,5,False,0.0625,3,1,0,0,0,0,0,8,0,0,0,3,1,0,0,0,0,0,0,1.0,1.0,0.0,True,official_workbook_name_identity,0.16538759927678906,0.0,0.0,0.912244070268424,1.077631669545213,2.0776316695452133
2026,1266,4,8524042,2026-03-07,England,198810,Bevan Rodd,Prop,True,False,True,23,False,0.2875,3,1,0,0,0,0,0,8,0,1,0,1,2,1,0,2,0,0,0,2.0,4.0,0.0,True,official_workbook_name_identity,0.7607829566732296,0.0,0.0,0.49340065242919223,1.2541836091024219,3.254183609102422
2026,1266,4,8524042,2026-03-07,England,175890,Trevor Davison,Prop,True,False,True,13,False,0.1625,3,1,0,0,0,0,0,0,0,0,0,1,2,0,0,0,0,0,0,2.0,2.0,0.0,True,official_workbook_name_identity,0.4300077581196516,0.0,0.0,0.49340065242919223,0.9234084105488438,2.923408410548844
2026,1266,4,8524042,2026-03-07,England,218742,Ollie Chessum,Second-row,True,True,True,14,False,0.175,3,1,0,0,0,0,0,24,0,1,0,2,2,0,0,2,0,0,0,4.0,11.0,0.0,True,official_workbook_name_identity,0.4630852779750093,0.18044223076056948,0.0,1.301319777877228,1.9448472866128068,5.944847286612807
2026,1266,4,8524042,2026-03-07,England,264444,Chandler Cunningham-South,Back-row,True,True,True,5,False,0.0625,3,1,0,0,0,0,0,0,0,0,0,0,2,1,0,0,0,0,0,2.0,2.0,0.0,True,official_workbook_name_identity,0.16538759927678906,0.06444365384306053,0.0,1.4831920462553747,1.7130232993752244,3.7130232993752244
2026,1266,4,8524042,2026-03-07,England,342324,Henry Pollock,Back-row,True,True,True,7,False,0.0875,3,1,0,0,0,0,0,5,0,0,0,1,0,1,0,0,0,0,0,0.0,0.0,0.0,True,official_workbook_name_identity,0.23154263898750466,0.09022111538028474,0.0,1.4831920462553747,1.804955800623164,1.804955800623164
2026,1266,4,8524042,2026-03-07,England,213786,Jack van Poortvliet,Scrum-half,False,False,True,23,False,0.2875,3,1,0,1,0,0,0,9,0,0,1,4,2,0,0,17,0,0,0,8.0,8.0,0.0,True,official_workbook_name_identity,0.0,0.0,0.0,1.376068376068376,1.376068376068376,9.376068376068377
2026,1266,4,8524042,2026-03-07,England,156288,Marcus Smith,Fly-half,False,False,True,7,False,0.0875,3,1,0,0,0,0,0,0,0,0,0,0,0,1,0,3,0,0,0,0.0,0.0,0.0,True,official_workbook_name_identity,0.0,0.0,0.0,1.6627906976744176,1.6627906976744176,1.6627906976744176
2026,1266,5,8524051,2026-03-14,Ireland,227658,Jamie Osborne,Back-three,False,False,True,80,True,1.0,6,1,1,0,0,0,0,50,2,1,0,8,2,2,0,3,0,0,0,21.0,22.0,0.0,True,official_workbook_name_identity,0.0,0.0,0.0,0.9468599033816418,0.9468599033816418,21.946859903381643
2026,1266,5,8524051,2026-03-14,Ireland,186198,Robert Baloucoune,Back-three,False,False,True,65,True,0.8125,6,1,1,0,0,0,0,30,0,1,0,5,3,2,0,1,0,0,0,16.0,15.0,0.0,True,official_workbook_name_identity,0.0,0.0,0.0,0.9468599033816418,0.9468599033816418,16.946859903381643
2026,1266,5,8524051,2026-03-14,Ireland,129372,Garry Ringrose,Centre,False,False,True,65,True,0.8125,6,1,0,0,0,0,0,25,0,0,1,6,7,5,0,3,0,0,0,11.0,13.0,0.0,True,official_workbook_name_identity,0.0,0.0,0.0,1.4896551724137947,1.4896551724137947,12.489655172413794
2026,1266,5,8524051,2026-03-14,Ireland,129840,Stuart McCloskey,Centre,False,False,True,80,True,1.0,6,1,0,2,0,0,0,55,5,1,0,12,12,1,1,12,2,0,0,38.0,36.0,0.0,True,official_workbook_name_identity,0.0,0.0,0.0,1.4896551724137947,1.4896551724137947,39.4896551724138
2026,1266,5,8524051,2026-03-14,Ireland,148758,Tommy O'Brien,Back-three,False,False,True,80,True,1.0,6,1,2,0,0,0,0,76,1,1,1,9,2,1,0,4,0,0,0,33.0,33.0,0.0,True,official_workbook_name_identity,0.0,0.0,0.0,0.9468599033816418,0.9468599033816418,33.94685990338164
2026,1266,5,8524051,2026-03-14,Ireland,201696,Jack Crowley,Fly-half,False,False,True,80,True,1.0,6,1,0,1,5,1,0,23,0,1,0,4,11,1,0,32,0,0,0,30.0,32.0,0.0,True,official_workbook_name_identity,0.0,0.0,0.0,1.6627906976744176,1.6627906976744176,31.662790697674417
2026,1266,5,8524051,2026-03-14,Ireland,120504,Jamison Gibson-Park,Scrum-half,False,False,True,77,True,0.9625,6,1,0,0,0,0,0,11,0,0,0,6,9,1,0,88,0,0,0,10.0,12.0,0.0,True,official_workbook_name_identity,0.0,0.0,0.0,1.376068376068376,1.376068376068376,11.376068376068377
2026,1266,5,8524051,2026-03-14,Ireland,148650,Tom O'Toole,Prop,True,False,True,61,True,0.7625,6,1,0,0,0,0,0,6,0,0,1,4,20,1,0,3,1,0,0,21.0,32.0,0.0,True,official_workbook_name_identity,4.035457422353653,0.0,0.0,0.49340065242919223,4.528858074782844,25.528858074782846
2026,1266,5,8524051,2026-03-14,Ireland,186096,Dan Sheehan,Hooker,True,False,True,64,True,0.8,6,1,1,0,0,0,0,22,1,0,0,7,17,4,0,1,0,0,0,36.0,43.0,0.0,True,official_workbook_name_identity,4.233922541485801,0.0,0.0,0.912244070268424,5.146166611754225,41.146166611754225
2026,1266,5,8524051,2026-03-14,Ireland,112374,Tadhg Furlong,Prop,True,False,True,65,True,0.8125,6,1,0,0,0,0,0,6,1,0,0,5,15,2,0,2,0,0,0,17.0,24.0,0.0,True,official_workbook_name_identity,4.300077581196516,0.0,0.0,0.49340065242919223,4.793478233625708,21.793478233625706
2026,1266,5,8524051,2026-03-14,Ireland,220194,Joe McCarthy,Second-row,True,True,True,65,True,0.8125,6,1,0,1,0,0,0,16,0,0,1,12,19,0,0,6,1,0,0,25.0,31.0,0.0,True,official_workbook_name_identity,4.300077581196516,0.8377674999597868,0.0,1.301319777877228,6.43916485903353,31.439164859033532
2026,1266,5,8524051,2026-03-14,Ireland,117954,Tadhg Beirne,Second-row,True,True,True,50,True,0.625,6,1,0,0,0,0,0,5,0,0,0,4,17,1,0,4,0,0,0,17.0,35.0,0.0,True,official_workbook_name_identity,3.307751985535781,0.6444365384306052,0.0,1.301319777877228,5.253508301843614,22.253508301843613
2026,1266,5,8524051,2026-03-14,Ireland,117936,Jack Conan,Back-row,True,True,True,80,True,1.0,6,1,0,0,0,0,0,7,2,0,0,6,16,0,0,6,0,0,0,20.0,24.0,0.0,True,official_workbook_name_identity,5.29240317685725,1.0310984614889684,0.0,1.4831920462553747,7.806693684601593,27.806693684601594
2026,1266,5,8524051,2026-03-14,Ireland,118518,Josh van der Flier,Back-row,True,True,True,53,True,0.6625,6,1,0,0,0,0,0,4,0,0,0,5,23,0,0,2,0,0,0,23.0,28.0,0.0,True,official_workbook_name_identity,3.5062171046679276,0.6831027307364416,0.0,1.4831920462553747,5.6725118816597435,28.672511881659744
2026,1266,5,8524051,2026-03-14,Ireland,148680,Caelan Doris,Back-row,True,True,True,80,True,1.0,6,1,0,0,0,0,0,46,5,0,0,16,18,1,0,4,2,0,0,30.0,54.0,1.0,True,official_workbook_name_identity,5.29240317685725,1.0310984614889684,15.0,1.4831920462553747,22.806693684601594,52.8066936846016
2026,1266,5,8524051,2026-03-14,Ireland,148644,Ronan Kelleher,Hooker,True,False,True,15,False,0.1875,6,1,0,0,0,0,0,0,1,0,0,1,5,0,0,3,0,0,0,7.0,8.0,0.0,True,official_workbook_name_identity,0.9923255956607344,0.0,0.0,0.912244070268424,1.9045696659291584,8.90456966592916
2026,1266,5,8524051,2026-03-14,Ireland,148770,Michael Milne,Prop,True,False,True,16,False,0.2,6,1,0,0,0,0,0,0,0,0,0,0,5,1,0,0,0,0,0,5.0,4.0,0.0,True,official_workbook_name_identity,1.0584806353714502,0.0,0.0,0.49340065242919223,1.5518812878006425,6.551881287800643
2026,1266,5,8524051,2026-03-14,Ireland,112068,Finlay Bealham,Prop,True,False,True,15,False,0.1875,6,1,0,0,0,0,0,4,0,0,0,2,4,0,0,1,0,0,0,4.0,4.0,0.0,True,official_workbook_name_identity,0.9923255956607344,0.0,0.0,0.49340065242919223,1.4857262480899267,5.485726248089927
2026,1266,5,8524051,2026-03-14,Ireland,231906,Darragh Murray,Second-row,True,True,True,11,False,0.1375,6,1,1,0,0,0,0,4,0,0,0,2,8,0,0,1,1,0,0,22.0,26.0,0.0,True,official_workbook_name_identity,0.7277054368178719,0.14177603845473316,0.0,1.301319777877228,2.170801253149833,24.170801253149833
2026,1266,5,8524051,2026-03-14,Ireland,136878,Nick Timoney,Back-row,True,True,True,27,False,0.3375,6,1,0,0,0,0,0,5,0,0,0,4,8,0,0,0,0,0,0,8.0,10.0,0.0,True,official_workbook_name_identity,1.7861860721893221,0.3479957307525269,0.0,1.4831920462553747,3.6173738491972234,11.617373849197223
2026,1266,5,8524051,2026-03-14,Ireland,203124,Craig Casey,Scrum-half,False,False,True,3,False,0.0375,6,1,0,0,0,0,0,0,0,0,0,0,2,0,0,1,0,0,0,2.0,2.0,0.0,True,official_workbook_name_identity,0.0,0.0,0.0,1.376068376068376,1.376068376068376,3.376068376068376
2026,1266,5,8524051,2026-03-14,Ireland,148890,Ciaran Frawley,Back-three,False,False,True,0,False,0.0,6,1,0,1,0,0,0,22,0,0,1,2,1,0,1,3,0,0,0,14.0,9.0,0.0,True,official_workbook_name_identity,0.0,0.0,0.0,0.9468599033816418,0.9468599033816418,14.946859903381641
2026,1266,5,8524051,2026-03-14,Ireland,114804,Bundee Aki,Centre,False,False,True,15,False,0.1875,6,1,0,0,0,0,0,11,0,0,0,3,4,0,0,0,0,0,0,5.0,3.0,0.0,True,official_workbook_name_identity,0.0,0.0,0.0,1.4896551724137947,1.4896551724137947,6.489655172413794
2026,1266,5,8524051,2026-03-14,Scotland,139902,Blair Kinghorn,Back-three,False,False,True,80,True,1.0,2,0,0,1,0,0,0,32,3,0,2,7,3,0,0,10,0,0,0,20.0,19.0,0.0,True,official_workbook_name_identity,0.0,0.0,0.0,0.9468599033816418,0.9468599033816418,20.946859903381643
2026,1266,5,8524051,2026-03-14,Scotland,146754,Darcy Graham,Back-three,False,False,True,61,True,0.7625,2,0,1,0,0,0,0,29,4,2,1,8,6,1,0,4,1,0,0,27.0,31.0,0.0,True,official_workbook_name_identity,0.0,0.0,0.0,0.9468599033816418,0.9468599033816418,27.946859903381643
2026,1266,5,8524051,2026-03-14,Scotland,136776,Huw Jones,Centre,False,False,True,80,True,1.0,2,0,0,0,0,0,0,1,1,0,1,7,6,1,0,9,0,0,0,10.0,14.0,0.0,True,official_workbook_name_identity,0.0,0.0,0.0,1.4896551724137947,1.4896551724137947,11.489655172413794
2026,1266,5,8524051,2026-03-14,Scotland,139998,Sione Tuipulotu,Centre,False,False,True,80,True,1.0,2,0,0,0,0,0,0,28,1,0,1,11,10,2,0,5,0,0,0,16.0,19.0,0.0,True,official_workbook_name_identity,0.0,0.0,0.0,1.4896551724137947,1.4896551724137947,17.489655172413794
2026,1266,5,8524051,2026-03-14,Scotland,171582,Kyle Steyn,Back-three,False,False,True,80,True,1.0,2,0,0,0,0,0,0,46,5,1,1,7,5,1,0,5,1,0,0,20.0,22.0,0.0,True,official_workbook_name_identity,0.0,0.0,0.0,0.9468599033816418,0.9468599033816418,20.946859903381643
2026,1266,5,8524051,2026-03-14,Scotland,117894,Finn Russell,Fly-half,False,False,True,80,True,1.0,2,0,1,0,3,0,0,21,1,1,2,10,12,1,0,29,0,0,0,36.0,37.0,0.0,True,official_workbook_name_identity,0.0,0.0,0.0,1.6627906976744176,1.6627906976744176,37.66279069767442
2026,1266,5,8524051,2026-03-14,Scotland,142476,Ben White,Scrum-half,False,False,True,61,True,0.7625,2,0,0,1,0,0,0,4,1,0,1,4,6,0,0,92,0,0,0,14.0,20.0,0.0,True,official_workbook_name_identity,0.0,0.0,0.0,1.376068376068376,1.376068376068376,15.376068376068377
2026,1266,5,8524051,2026-03-14,Scotland,130290,Pierre Schoeman,Prop,True,False,True,68,True,0.85,2,0,0,0,0,0,0,6,0,0,0,12,12,3,0,0,0,0,0,12.0,16.0,0.0,True,official_workbook_name_identity,1.4995142334428875,0.0,0.0,0.49340065242919223,1.9929148858720798,13.99291488587208
2026,1266,5,8524051,2026-03-14,Scotland,117864,George Turner,Hooker,True,False,True,17,True,0.2125,2,0,0,0,0,0,0,7,0,0,0,3,3,0,0,0,0,0,0,3.0,4.0,0.0,True,official_workbook_name_identity,0.37487855836072187,0.0,0.0,0.912244070268424,1.287122628629146,4.287122628629146
2026,1266,5,8524051,2026-03-14,Scotland,130530,Zander Fagerson,Prop,True,False,True,68,True,0.85,2,0,0,0,0,0,0,16,1,0,0,12,9,1,0,4,2,0,0,10.0,17.0,0.0,True,official_workbook_name_identity,1.4995142334428875,0.0,0.0,0.49340065242919223,1.9929148858720798,11.99291488587208
2026,1266,5,8524051,2026-03-14,Scotland,231570,Max Williamson,Second-row,True,True,True,61,True,0.7625,2,0,0,0,0,0,0,6,0,0,0,9,11,0,0,2,0,0,0,11.0,12.0,0.0,True,official_workbook_name_identity,1.3451524741178842,0.0,0.0,1.301319777877228,2.646472251995112,13.646472251995112
2026,1266,5,8524051,2026-03-14,Scotland,102762,Grant Gilchrist,Second-row,True,True,True,80,True,1.0,2,0,0,1,0,0,0,3,0,0,0,12,18,0,0,5,1,0,0,21.0,24.0,0.0,True,official_workbook_name_identity,1.76413439228575,0.0,0.0,1.301319777877228,3.065454170162978,24.06545417016298
2026,1266,5,8524051,2026-03-14,Scotland,161856,Matt Fagerson,Back-row,True,True,True,80,True,1.0,2,0,0,0,0,0,0,6,0,0,0,10,12,1,0,6,0,0,0,12.0,18.0,0.0,True,official_workbook_name_identity,1.76413439228575,0.0,0.0,1.4831920462553747,3.2473264385411245,15.247326438541124
2026,1266,5,8524051,2026-03-14,Scotland,180222,Rory Darge,Back-row,True,True,True,80,True,1.0,2,0,1,0,0,0,0,37,4,1,1,13,16,1,0,3,0,0,0,44.0,48.0,0.0,True,official_workbook_name_identity,1.76413439228575,0.0,0.0,1.4831920462553747,3.2473264385411245,47.24732643854112
2026,1266,5,8524051,2026-03-14,Scotland,124308,Jack Dempsey,Back-row,True,True,True,80,True,1.0,2,0,0,0,0,0,0,23,1,0,0,9,8,3,0,6,0,0,0,12.0,16.0,0.0,True,official_workbook_name_identity,1.76413439228575,0.0,0.0,1.4831920462553747,3.2473264385411245,15.247326438541124
2026,1266,5,8524051,2026-03-14,Scotland,187422,Ewan Ashman,Hooker,True,False,True,63,False,0.7875,2,0,0,0,0,0,0,20,0,0,0,13,10,2,0,2,1,0,0,11.0,14.0,0.0,True,official_workbook_name_identity,1.389255833925028,0.0,0.0,0.912244070268424,2.3014999041934523,13.301499904193452
2026,1266,5,8524051,2026-03-14,Scotland,134172,Rory Sutherland,Prop,True,False,True,12,False,0.15,2,0,0,0,0,0,0,0,0,0,0,2,0,0,0,0,0,0,0,0.0,0.0,0.0,True,official_workbook_name_identity,0.2646201588428625,0.0,0.0,0.49340065242919223,0.7580208112720548,0.7580208112720548
2026,1266,5,8524051,2026-03-14,Scotland,122784,D'Arcy Rae,Prop,True,False,True,12,False,0.15,2,0,0,0,0,0,0,0,0,0,0,1,0,0,0,0,0,0,0,0.0,0.0,0.0,True,official_workbook_name_identity,0.2646201588428625,0.0,0.0,0.49340065242919223,0.7580208112720548,0.7580208112720548
2026,1266,5,8524051,2026-03-14,Scotland,151758,Alex Craig,Second-row,True,True,True,19,False,0.2375,2,0,0,0,0,0,0,0,0,0,0,3,4,0,0,1,1,0,0,3.0,5.0,0.0,True,official_workbook_name_identity,0.4189819181678656,0.0,0.0,1.301319777877228,1.7203016960450936,4.720301696045094
2026,1266,5,8524051,2026-03-14,Scotland,129396,Magnus Bradbury,Back-row,True,True,True,19,False,0.2375,2,0,0,0,0,0,0,0,0,0,0,2,7,0,0,3,0,0,0,7.0,8.0,0.0,True,official_workbook_name_identity,0.4189819181678656,0.0,0.0,1.4831920462553747,1.9021739644232403,8.902173964423241
2026,1266,5,8524051,2026-03-14,Scotland,129792,George Horne,Scrum-half,False,False,True,19,False,0.2375,2,0,0,0,0,0,0,2,1,0,0,5,0,1,0,16,0,0,0,2.0,3.0,0.0,True,official_workbook_name_identity,0.0,0.0,0.0,1.376068376068376,1.376068376068376,3.376068376068376
2026,1266,5,8524051,2026-03-14,Scotland,179370,Kyle Rowe,Back-three,False,False,True,7,False,0.0875,2,0,0,0,0,0,0,0,0,0,0,0,1,0,0,0,0,0,0,1.0,1.0,0.0,True,official_workbook_name_identity,0.0,0.0,0.0,0.9468599033816418,0.9468599033816418,1.9468599033816418
2026,1266,5,8524051,2026-03-14,Scotland,242766,Tom Jordan,Centre,False,False,True,12,False,0.15,2,0,0,0,0,0,0,0,0,0,0,2,0,0,0,0,0,0,0,0.0,0.0,0.0,True,official_workbook_name_identity,0.0,0.0,0.0,1.4896551724137947,1.4896551724137947,1.4896551724137947
2026,1266,5,8524060,2026-03-14,Wales,187290,Louis Rees-Zammit,Back-three,False,False,True,80,True,1.0,4,1,0,0,0,0,0,46,3,0,1,7,3,2,0,4,0,0,0,15.0,19.0,0.0,True,official_workbook_name_identity,0.0,0.0,0.0,0.9468599033816418,0.9468599033816418,15.946859903381641
2026,1266,5,8524060,2026-03-14,Wales,363636,Ellis Mee,Back-three,False,False,True,78,True,0.975,4,1,0,0,0,0,0,31,3,0,0,7,6,2,1,3,1,0,0,19.0,19.0,0.0,True,official_workbook_name_identity,0.0,0.0,0.0,0.9468599033816418,0.9468599033816418,19.946859903381643
2026,1266,5,8524060,2026-03-14,Wales,232158,Eddie James,Centre,False,False,True,80,True,1.0,4,1,0,0,0,0,0,35,0,0,0,6,5,1,0,1,1,0,0,7.0,11.0,0.0,True,official_workbook_name_identity,0.0,0.0,0.0,1.4896551724137947,1.4896551724137947,8.489655172413794
2026,1266,5,8524060,2026-03-14,Wales,220962,Joe Hawkins,Centre,False,False,True,80,True,1.0,4,1,0,1,0,0,0,14,1,0,0,8,6,2,0,16,0,0,0,13.0,20.0,0.0,True,official_workbook_name_identity,0.0,0.0,0.0,1.4896551724137947,1.4896551724137947,14.489655172413794
2026,1266,5,8524060,2026-03-14,Wales,129096,Josh Adams,Back-three,False,False,True,80,True,1.0,4,1,0,0,0,0,0,59,6,1,0,8,3,0,0,3,0,0,0,20.0,28.0,0.0,True,official_workbook_name_identity,0.0,0.0,0.0,0.9468599033816418,0.9468599033816418,20.946859903381643
2026,1266,5,8524060,2026-03-14,Wales,263442,Dan Edwards,Fly-half,False,False,True,67,True,0.8375,4,1,1,0,4,0,1,5,3,1,0,2,2,0,1,22,0,0,0,35.0,35.0,0.0,True,official_workbook_name_identity,0.0,0.0,0.0,1.6627906976744176,1.6627906976744176,36.66279069767442
2026,1266,5,8524060,2026-03-14,Wales,128628,Tomos Williams,Scrum-half,False,False,True,77,True,0.9625,4,1,0,1,0,0,0,0,2,0,1,3,4,2,0,71,0,0,0,14.0,23.0,0.0,True,official_workbook_name_identity,0.0,0.0,0.0,1.376068376068376,1.376068376068376,15.376068376068377
2026,1266,5,8524060,2026-03-14,Wales,162870,Rhys Carre,Prop,True,False,True,50,True,0.625,4,1,0,0,0,0,0,5,0,0,1,5,6,0,0,1,1,0,0,7.0,16.0,0.0,True,official_workbook_name_identity,2.2051679903571877,0.0,0.0,0.49340065242919223,2.69856864278638,9.69856864278638
2026,1266,5,8524060,2026-03-14,Wales,178848,Dewi Lake,Hooker,True,False,True,44,True,0.55,4,1,1,0,0,0,0,15,1,0,1,13,5,0,0,4,0,0,0,25.0,32.0,0.0,True,official_workbook_name_identity,1.9405478315143252,0.0,0.0,0.912244070268424,2.852791901782749,27.852791901782748
2026,1266,5,8524060,2026-03-14,Wales,131898,Tomas Francis,Prop,True,False,True,37,True,0.4625,4,1,0,0,0,0,0,0,0,0,0,0,2,0,0,2,0,0,0,2.0,6.0,0.0,True,official_workbook_name_identity,1.6318243128643188,0.0,0.0,0.49340065242919223,2.125224965293511,4.125224965293511
2026,1266,5,8524060,2026-03-14,Wales,232104,Dafydd Jenkins,Second-row,True,True,True,80,True,1.0,4,1,0,0,0,0,0,2,0,0,0,3,12,2,0,2,1,0,0,11.0,15.0,0.0,True,official_workbook_name_identity,3.5282687845715,1.0310984614889684,0.0,1.301319777877228,5.860687023937696,16.860687023937697
2026,1266,5,8524060,2026-03-14,Wales,219996,Ben Carter,Second-row,True,True,True,63,True,0.7875,4,1,0,0,0,0,0,20,1,0,0,6,5,0,0,4,0,0,0,9.0,12.0,0.0,True,official_workbook_name_identity,2.778511667850056,0.8119900384225627,0.0,1.301319777877228,4.891821484149847,13.891821484149848
2026,1266,5,8524060,2026-03-14,Wales,232110,Alex Mann,Back-row,True,True,True,70,True,0.875,4,1,0,0,0,0,0,10,2,0,0,6,11,1,1,5,2,0,0,19.0,17.0,0.0,True,official_workbook_name_identity,3.0872351865000622,0.9022111538028474,0.0,1.4831920462553747,5.472638386558284,24.472638386558284
2026,1266,5,8524060,2026-03-14,Wales,154938,James Botham,Back-row,True,True,True,80,True,1.0,4,1,0,0,0,0,0,19,1,0,0,6,15,0,1,5,0,0,0,23.0,25.0,0.0,True,official_workbook_name_identity,3.5282687845715,1.0310984614889684,0.0,1.4831920462553747,6.042559292315842,29.042559292315843
2026,1266,5,8524060,2026-03-14,Wales,176652,Aaron Wainwright,Back-row,True,True,True,80,True,1.0,4,1,2,0,0,0,0,24,4,1,0,13,7,0,0,3,0,0,0,47.0,68.0,1.0,True,official_workbook_name_identity,3.5282687845715,1.0310984614889684,15.0,1.4831920462553747,21.042559292315843,68.04255929231584
2026,1266,5,8524060,2026-03-14,Wales,128574,Ryan Elias,Hooker,True,False,True,36,False,0.45,4,1,0,0,0,0,0,8,0,0,0,3,9,0,0,0,0,0,0,9.0,10.0,0.0,True,official_workbook_name_identity,1.587720953057175,0.0,0.0,0.912244070268424,2.499965023325599,11.499965023325599
2026,1266,5,8524060,2026-03-14,Wales,121974,Nicky Smith,Prop,True,False,True,30,False,0.375,4,1,0,0,0,0,0,0,0,0,0,2,6,0,0,0,1,0,0,5.0,6.0,0.0,True,official_workbook_name_identity,1.3231007942143125,0.0,0.0,0.49340065242919223,1.8165014466435048,6.816501446643505
2026,1266,5,8524060,2026-03-14,Wales,219990,Archie Griffin,Prop,True,False,True,43,False,0.5375,4,1,0,0,0,0,0,2,0,0,0,2,5,2,0,0,0,1,0,0.0,3.0,0.0,True,official_workbook_name_identity,1.8964444717071811,0.0,0.0,0.49340065242919223,2.3898451241363734,2.3898451241363734
2026,1266,5,8524060,2026-03-14,Wales,129576,Adam Beard,Second-row,True,True,True,17,False,0.2125,4,1,0,0,0,0,0,0,0,0,0,0,2,1,0,0,0,0,0,2.0,3.0,0.0,True,official_workbook_name_identity,0.7497571167214437,0.2191084230664058,0.0,1.301319777877228,2.2701853176650775,4.270185317665078
2026,1266,5,8524060,2026-03-14,Wales,129894,Olly Cracknell,Back-row,True,True,True,10,False,0.125,4,1,0,0,0,0,0,0,0,0,0,0,4,0,0,0,0,0,0,4.0,6.0,0.0,True,official_workbook_name_identity,0.4410335980714375,0.12888730768612106,0.0,1.4831920462553747,2.053112952012933,6.053112952012933
2026,1266,5,8524060,2026-03-14,Wales,135900,Kieran Hardy,Scrum-half,False,False,True,3,False,0.0375,4,1,0,0,0,0,0,0,0,0,0,0,1,0,0,1,0,0,0,1.0,1.0,0.0,True,official_workbook_name_identity,0.0,0.0,0.0,1.376068376068376,1.376068376068376,2.376068376068376
2026,1266,5,8524060,2026-03-14,Wales,139716,Jarrod Evans,Fly-half,False,False,True,13,False,0.1625,4,1,0,0,0,0,0,0,0,0,0,0,1,0,0,0,0,0,0,1.0,1.0,0.0,True,official_workbook_name_identity,0.0,0.0,0.0,1.6627906976744176,1.6627906976744176,2.6627906976744176
2026,1266,5,8524060,2026-03-14,Wales,197892,Blair Murray,Back-three,False,False,True,2,False,0.025,4,1,0,0,0,0,0,0,0,0,0,0,0,1,0,0,0,0,0,0.0,0.0,0.0,True,official_workbook_name_identity,0.0,0.0,0.0,0.9468599033816418,0.9468599033816418,0.9468599033816418
2026,1266,5,8524060,2026-03-14,Italy,231744,Lorenzo Pani,Back-three,False,False,True,62,True,0.775,6,1,0,0,0,0,0,13,1,0,0,5,0,0,0,4,2,0,0,1.0,3.0,0.0,True,official_workbook_name_identity,0.0,0.0,0.0,0.9468599033816418,0.9468599033816418,1.9468599033816418
2026,1266,5,8524060,2026-03-14,Italy,213750,Louis Lynagh,Back-three,False,False,True,80,True,1.0,6,1,0,0,0,0,0,28,0,0,0,6,5,3,1,2,0,0,0,12.0,10.0,0.0,True,official_workbook_name_identity,0.0,0.0,0.0,0.9468599033816418,0.9468599033816418,12.946859903381641
2026,1266,5,8524060,2026-03-14,Italy,118614,Juan Ignacio Brex,Centre,False,False,True,69,True,0.8625,6,1,0,0,0,0,0,3,0,0,0,5,8,3,0,9,0,0,0,8.0,8.0,0.0,True,official_workbook_name_identity,0.0,0.0,0.0,1.4896551724137947,1.4896551724137947,9.489655172413794
2026,1266,5,8524060,2026-03-14,Italy,226818,Tommaso Menoncello,Centre,False,False,True,80,True,1.0,6,1,0,0,0,0,0,109,6,2,2,7,9,1,2,7,0,0,0,45.0,44.0,0.0,True,official_workbook_name_identity,0.0,0.0,0.0,1.4896551724137947,1.4896551724137947,46.4896551724138
2026,1266,5,8524060,2026-03-14,Italy,134016,Monty Ioane,Back-three,False,False,True,80,True,1.0,6,1,0,0,0,0,0,45,2,0,0,8,4,2,0,4,2,0,0,10.0,13.0,0.0,True,official_workbook_name_identity,0.0,0.0,0.0,0.9468599033816418,0.9468599033816418,10.946859903381641
2026,1266,5,8524060,2026-03-14,Italy,203034,Paolo Garbisi,Fly-half,False,False,True,80,True,1.0,6,1,1,2,1,0,0,26,1,2,1,8,4,1,0,23,0,0,0,30.0,34.0,0.0,True,official_workbook_name_identity,0.0,0.0,0.0,1.6627906976744176,1.6627906976744176,31.662790697674417
2026,1266,5,8524060,2026-03-14,Italy,180450,Alessandro Fusco,Scrum-half,False,False,True,53,True,0.6625,6,1,0,0,0,0,0,19,2,0,0,2,2,2,0,34,1,0,0,6.0,6.0,0.0,True,official_workbook_name_identity,0.0,0.0,0.0,1.376068376068376,1.376068376068376,7.3760683760683765
2026,1266,5,8524060,2026-03-14,Italy,164232,Danilo Fischetti,Prop,True,False,True,44,True,0.55,6,1,0,0,0,0,0,8,0,0,1,3,9,2,0,2,1,0,0,10.0,15.0,0.0,True,official_workbook_name_identity,2.9108217472714877,0.0,0.0,0.49340065242919223,3.40422239970068,13.40422239970068
2026,1266,5,8524060,2026-03-14,Italy,226836,Giacomo Nicotera,Hooker,True,False,True,44,True,0.55,6,1,0,0,0,0,0,16,0,0,0,5,9,5,0,2,1,0,0,9.0,19.0,0.0,True,official_workbook_name_identity,2.9108217472714877,0.0,0.0,0.912244070268424,3.823065817539912,12.823065817539913
2026,1266,5,8524060,2026-03-14,Italy,220782,Muhamed Hasa,Prop,True,False,True,44,True,0.55,6,1,0,0,0,0,0,1,0,0,0,2,8,1,0,0,0,0,0,8.0,12.0,0.0,True,official_workbook_name_identity,2.9108217472714877,0.0,0.0,0.49340065242919223,3.40422239970068,11.40422239970068
2026,1266,5,8524060,2026-03-14,Italy,167196,Niccolo Cannone,Second-row,True,True,True,69,True,0.8625,6,1,0,0,0,0,0,2,0,0,0,6,6,2,0,2,0,0,0,6.0,12.0,0.0,True,official_workbook_name_identity,4.564697740039379,0.8893224230342354,0.0,1.301319777877228,6.755339940950842,12.755339940950842
2026,1266,5,8524060,2026-03-14,Italy,129234,Federico Ruzza,Second-row,True,True,True,80,True,1.0,6,1,0,0,0,0,0,22,1,0,0,5,11,1,0,5,0,0,0,15.0,25.0,0.0,True,official_workbook_name_identity,5.29240317685725,1.0310984614889684,0.0,1.301319777877228,7.624821416223447,22.624821416223448
2026,1266,5,8524060,2026-03-14,Italy,164220,Michele Lamaro,Back-row,True,True,True,80,True,1.0,6,1,0,1,0,0,0,4,0,0,1,2,9,0,0,6,0,0,0,15.0,26.0,0.0,True,official_workbook_name_identity,5.29240317685725,1.0310984614889684,0.0,1.4831920462553747,7.806693684601593,22.806693684601594
2026,1266,5,8524060,2026-03-14,Italy,204054,Manuel Zuliani,Back-row,True,True,True,80,True,1.0,6,1,0,0,0,0,0,1,0,0,0,7,13,3,0,9,2,0,0,11.0,18.0,0.0,True,official_workbook_name_identity,5.29240317685725,1.0310984614889684,0.0,1.4831920462553747,7.806693684601593,18.806693684601594
2026,1266,5,8524060,2026-03-14,Italy,220140,Lorenzo Cannone,Back-row,True,True,True,62,True,0.775,6,1,0,0,0,0,0,45,0,0,0,6,7,1,0,2,0,0,0,11.0,25.0,0.0,True,official_workbook_name_identity,4.101612462064369,0.7991013076539506,0.0,1.4831920462553747,6.383905815973694,17.383905815973694
2026,1266,5,8524060,2026-03-14,Italy,231714,Tommaso Di Bartolomeo,Hooker,True,False,True,16,False,0.2,6,1,1,0,0,0,0,1,0,0,0,3,1,0,0,0,0,0,0,16.0,18.0,0.0,True,official_workbook_name_identity,1.0584806353714502,0.0,0.0,0.912244070268424,1.9707247056398742,17.970724705639874
2026,1266,5,8524060,2026-03-14,Italy,231804,Mirco Spagnolo,Prop,True,False,True,36,False,0.45,6,1,0,0,0,0,0,8,2,0,0,4,1,0,0,1,0,0,0,5.0,6.0,0.0,True,official_workbook_name_identity,2.3815814295857627,0.0,0.0,0.49340065242919223,2.874982082014955,7.874982082014955
2026,1266,5,8524060,2026-03-14,Italy,147354,Giosue Zilocchi,Prop,True,False,True,36,False,0.45,6,1,0,0,0,0,0,12,1,0,1,5,6,0,0,4,1,0,0,10.0,8.0,0.0,True,official_workbook_name_identity,2.3815814295857627,0.0,0.0,0.49340065242919223,2.874982082014955,12.874982082014956
2026,1266,5,8524060,2026-03-14,Italy,220128,Riccardo Favretto,Back-row,True,True,True,11,False,0.1375,6,1,0,0,0,0,0,4,0,0,0,1,1,0,0,0,0,0,0,1.0,8.0,0.0,True,official_workbook_name_identity,0.7277054368178719,0.14177603845473316,0.0,1.4831920462553747,2.3526735215279797,3.3526735215279797
2026,1266,5,8524060,2026-03-14,Italy,263016,David Odiase,Back-row,True,True,True,18,False,0.225,6,1,0,0,0,0,0,17,0,0,1,4,2,0,0,2,0,0,0,5.0,9.0,0.0,True,official_workbook_name_identity,1.1907907147928813,0.2319971538350179,0.0,1.4831920462553747,2.905979914883274,7.9059799148832735
2026,1266,5,8524060,2026-03-14,Italy,213144,Stephen Varney,Scrum-half,False,False,True,27,False,0.3375,6,1,0,0,0,0,0,21,0,1,0,3,0,0,0,34,0,0,0,2.0,6.0,0.0,True,official_workbook_name_identity,0.0,0.0,0.0,1.376068376068376,1.376068376068376,3.376068376068376
2026,1266,5,8524060,2026-03-14,Italy,231834,Leonardo Marin,Centre,False,False,True,11,False,0.1375,6,1,0,0,0,0,0,14,0,0,1,4,0,0,0,3,0,0,0,3.0,3.0,0.0,True,official_workbook_name_identity,0.0,0.0,0.0,1.4896551724137947,1.4896551724137947,4.489655172413794
2026,1266,5,8524060,2026-03-14,Italy,117834,Tommaso Allan,Back-three,False,False,True,18,False,0.225,6,1,1,0,0,0,0,29,0,1,0,4,0,0,0,0,0,0,0,12.0,13.0,0.0,True,official_workbook_name_identity,0.0,0.0,0.0,0.9468599033816418,0.9468599033816418,12.946859903381641
2026,1266,5,8524069,2026-03-14,France,129822,Thomas Ramos,Back-three,False,False,True,80,True,1.0,4,0,0,1,5,2,0,21,2,0,1,11,1,2,0,10,0,0,0,29.0,30.0,0.0,True,official_workbook_name_identity,0.0,0.0,0.0,0.9468599033816418,0.9468599033816418,29.946859903381643
2026,1266,5,8524069,2026-03-14,France,339450,Theo Attissogbe,Back-three,False,False,True,80,True,1.0,4,0,1,0,0,0,0,47,3,4,1,6,10,0,0,6,0,0,0,32.0,30.0,0.0,True,official_workbook_name_identity,0.0,0.0,0.0,0.9468599033816418,0.9468599033816418,32.94685990338164
2026,1266,5,8524069,2026-03-14,France,162150,Pierre-Louis Barassi,Centre,False,False,True,80,True,1.0,4,0,0,0,0,0,0,12,1,0,1,4,7,3,0,5,1,0,0,11.0,12.0,0.0,True,official_workbook_name_identity,0.0,0.0,0.0,1.4896551724137947,1.4896551724137947,12.489655172413794
2026,1266,5,8524069,2026-03-14,France,196152,Yoram Moefana,Centre,False,False,True,80,True,1.0,4,0,0,0,0,0,0,34,1,1,2,9,6,2,0,5,0,0,0,15.0,14.0,0.0,True,official_workbook_name_identity,0.0,0.0,0.0,1.4896551724137947,1.4896551724137947,16.489655172413794
2026,1266,5,8524069,2026-03-14,France,231684,Louis Bielle-Biarrey,Back-three,False,False,True,80,True,1.0,4,0,4,0,0,0,0,42,4,4,0,6,2,3,0,2,1,0,0,53.0,68.0,1.0,True,official_workbook_name_identity,0.0,0.0,15.0,0.9468599033816418,15.946859903381641,68.94685990338164
2026,1266,5,8524069,2026-03-14,France,169662,Matthieu Jalibert,Fly-half,False,False,True,80,True,1.0,4,0,0,1,0,0,0,55,8,1,3,8,7,1,0,25,0,0,0,38.0,44.0,0.0,True,official_workbook_name_identity,0.0,0.0,0.0,1.6627906976744176,1.6627906976744176,39.66279069767442
2026,1266,5,8524069,2026-03-14,France,135318,Antoine Dupont,Scrum-half,False,False,True,80,True,1.0,4,0,0,2,0,0,0,24,3,0,0,8,4,1,0,65,0,0,0,20.0,30.0,0.0,True,official_workbook_name_identity,0.0,0.0,0.0,1.376068376068376,1.376068376068376,21.376068376068375
2026,1266,5,8524069,2026-03-14,France,178704,Jean-Baptiste Gros,Prop,True,False,True,62,True,0.775,4,0,0,0,0,0,0,4,0,0,0,5,10,0,0,2,0,0,0,10.0,18.0,0.0,True,official_workbook_name_identity,2.7344083080429127,0.0,0.0,0.49340065242919223,3.227808960472105,13.227808960472105
2026,1266,5,8524069,2026-03-14,France,135138,Julien Marchand,Hooker,True,False,True,46,True,0.575,4,0,0,0,0,0,0,3,0,0,3,7,10,1,0,6,0,0,0,16.0,18.0,0.0,True,official_workbook_name_identity,2.0287545511286122,0.0,0.0,0.912244070268424,2.9409986213970365,18.940998621397036
2026,1266,5,8524069,2026-03-14,France,127122,Dorian Aldegheri,Prop,True,False,True,46,True,0.575,4,0,0,0,0,0,0,0,1,0,0,2,4,0,0,1,1,0,0,5.0,8.0,0.0,True,official_workbook_name_identity,2.0287545511286122,0.0,0.0,0.49340065242919223,2.5221552035578045,7.522155203557805
2026,1266,5,8524069,2026-03-14,France,213072,Thibaud Flament,Second-row,True,True,True,80,True,1.0,4,0,0,0,0,0,0,9,0,0,0,9,13,0,0,7,1,0,0,12.0,16.0,0.0,True,official_workbook_name_identity,3.5282687845715,0.0,0.0,1.301319777877228,4.829588562448728,16.829588562448727
2026,1266,5,8524069,2026-03-14,France,166476,Emmanuel Meafou,Second-row,True,True,True,65,True,0.8125,4,0,0,0,0,0,0,23,0,0,2,10,10,1,0,5,0,0,0,16.0,17.0,0.0,True,official_workbook_name_identity,2.866718387464344,0.0,0.0,1.301319777877228,4.168038165341572,20.16803816534157
2026,1266,5,8524069,2026-03-14,France,123366,Francois Cros,Back-row,True,True,True,80,True,1.0,4,0,0,0,0,0,0,0,0,0,2,3,10,1,0,5,1,0,0,13.0,18.0,0.0,True,official_workbook_name_identity,3.5282687845715,0.0,0.0,1.4831920462553747,5.011460830826874,18.011460830826874
2026,1266,5,8524069,2026-03-14,France,342990,Temo Matiu,Back-row,True,True,True,40,True,0.5,4,0,0,0,0,0,0,7,0,0,1,8,11,1,0,2,1,0,0,12.0,14.0,0.0,True,official_workbook_name_identity,1.76413439228575,0.0,0.0,1.4831920462553747,3.2473264385411245,15.247326438541124
2026,1266,5,8524069,2026-03-14,France,123504,Charles Ollivon,Back-row,True,True,True,77,True,0.9625,4,0,0,0,0,0,0,20,0,0,2,8,18,1,0,4,0,0,0,24.0,28.0,0.0,True,official_workbook_name_identity,3.395958705150069,0.0,0.0,1.4831920462553747,4.879150751405444,28.879150751405444
2026,1266,5,8524069,2026-03-14,France,147480,Peato Mauvaka,Hooker,True,False,True,34,False,0.425,4,0,0,0,0,0,0,3,0,0,0,2,11,0,0,1,0,0,0,11.0,12.0,0.0,True,official_workbook_name_identity,1.4995142334428875,0.0,0.0,0.912244070268424,2.4117583037113115,13.411758303711311
2026,1266,5,8524069,2026-03-14,France,133488,Rodrigue Neti,Prop,True,False,True,15,False,0.1875,4,0,0,0,0,0,0,0,0,0,0,0,6,0,0,0,0,0,0,6.0,6.0,0.0,True,official_workbook_name_identity,0.6615503971071562,0.0,0.0,0.49340065242919223,1.1549510495363484,7.154951049536349
2026,1266,5,8524069,2026-03-14,France,178656,Demba Bamba,Prop,True,False,True,34,False,0.425,4,0,0,0,0,0,0,3,1,0,0,4,5,1,0,0,3,1,0,-1.0,1.0,0.0,True,official_workbook_name_identity,1.4995142334428875,0.0,0.0,0.49340065242919223,1.9929148858720798,0.9929148858720798
2026,1266,5,8524069,2026-03-14,France,238278,Hugo Auradou,Second-row,True,True,True,3,False,0.0375,4,0,0,0,0,0,0,0,0,0,0,0,0,0,0,0,0,0,0,0.0,0.0,0.0,True,official_workbook_name_identity,0.13231007942143125,0.0,0.0,1.301319777877228,1.4336298572986594,1.4336298572986594
2026,1266,5,8524069,2026-03-14,France,219930,Mickael Guillard,Second-row,True,True,True,40,False,0.5,4,0,0,0,0,0,0,13,0,0,0,8,10,0,0,2,2,0,0,9.0,10.0,0.0,True,official_workbook_name_identity,1.76413439228575,0.0,0.0,1.301319777877228,3.065454170162978,12.065454170162978
2026,1266,5,8524069,2026-03-14,France,219924,Joshua Brennan,Second-row,True,True,True,15,False,0.1875,4,0,0,0,0,0,0,1,0,0,0,3,5,1,0,1,0,0,0,5.0,6.0,0.0,True,official_workbook_name_identity,0.6615503971071562,0.0,0.0,1.301319777877228,1.9628701749843844,6.962870174984385
2026,1266,5,8524069,2026-03-14,France,121830,Baptiste Serin,Scrum-half,False,False,True,0,False,0.0,4,0,0,0,0,0,0,0,0,0,0,0,0,0,0,0,0,0,0,0.0,0.0,0.0,True,unused_bench_no_recorded_events,0.0,0.0,0.0,1.376068376068376,1.376068376068376,1.376068376068376
2026,1266,5,8524069,2026-03-14,France,231696,Emilien Gailleton,Centre,False,False,True,0,False,0.0,4,0,0,0,0,0,0,0,0,0,0,0,0,0,0,0,0,0,0,0.0,0.0,0.0,True,unused_bench_no_recorded_events,0.0,0.0,0.0,1.4896551724137947,1.4896551724137947,1.4896551724137947
2026,1266,5,8524069,2026-03-14,England,111072,Elliot Daly,Back-three,False,False,True,54,True,0.675,2,0,0,1,0,0,0,21,0,1,0,4,1,2,0,2,1,0,0,6.0,6.0,0.0,True,official_workbook_name_identity,0.0,0.0,0.0,0.9468599033816418,0.9468599033816418,6.946859903381641
2026,1266,5,8524069,2026-03-14,England,187458,Tom Roebuck,Back-three,False,False,True,80,True,1.0,2,0,1,0,0,0,0,19,1,0,1,3,4,1,0,1,1,0,0,18.0,20.0,0.0,True,official_workbook_name_identity,0.0,0.0,0.0,0.9468599033816418,0.9468599033816418,18.946859903381643
2026,1266,5,8524069,2026-03-14,England,213192,Tommy Freeman,Back-three,False,False,True,80,True,1.0,2,0,1,0,0,0,0,52,4,3,1,7,8,2,0,4,0,0,0,33.0,33.0,0.0,True,official_workbook_name_identity,0.0,0.0,0.0,0.9468599033816418,0.9468599033816418,33.94685990338164
2026,1266,5,8524069,2026-03-14,England,232032,Seb Atkinson,Centre,False,False,True,80,True,1.0,2,0,0,0,0,0,0,5,3,0,0,8,12,4,0,6,0,0,0,18.0,14.0,0.0,True,official_workbook_name_identity,0.0,0.0,0.0,1.4896551724137947,1.4896551724137947,19.489655172413794
2026,1266,5,8524069,2026-03-14,England,172428,Cadan Murley,Back-three,False,False,True,80,True,1.0,2,0,1,0,0,0,0,24,0,0,0,5,8,2,0,1,1,0,0,19.0,19.0,0.0,True,official_workbook_name_identity,0.0,0.0,0.0,0.9468599033816418,0.9468599033816418,19.946859903381643
2026,1266,5,8524069,2026-03-14,England,227772,Fin Smith,Fly-half,False,False,True,80,True,1.0,2,0,0,0,2,1,0,27,1,0,0,7,10,1,0,14,0,0,0,21.0,27.0,0.0,True,official_workbook_name_identity,0.0,0.0,0.0,1.6627906976744176,1.6627906976744176,22.662790697674417
2026,1266,5,8524069,2026-03-14,England,116268,Ben Spencer,Scrum-half,False,False,True,50,True,0.625,2,0,0,0,0,0,0,0,0,0,0,0,4,2,0,38,1,0,0,3.0,7.0,0.0,True,official_workbook_name_identity,0.0,0.0,0.0,1.376068376068376,1.376068376068376,4.3760683760683765
2026,1266,5,8524069,2026-03-14,England,136680,Ellis Genge,Prop,True,False,True,75,True,0.9375,2,0,0,0,0,0,0,29,5,0,1,13,8,0,0,3,1,1,0,16.0,20.0,0.0,True,official_workbook_name_identity,1.6538759927678905,0.0,0.0,0.49340065242919223,2.1472766451970826,18.14727664519708
2026,1266,5,8524069,2026-03-14,England,61134,Jamie George,Hooker,True,False,True,50,True,0.625,2,0,0,0,0,0,0,2,0,0,0,1,4,0,0,2,0,0,0,4.0,7.0,0.0,True,official_workbook_name_identity,1.1025839951785938,0.0,0.0,0.912244070268424,2.014828065447018,6.014828065447018
2026,1266,5,8524069,2026-03-14,England,178806,Joe Heyes,Prop,True,False,True,75,True,0.9375,2,0,0,0,0,0,0,1,0,0,0,1,12,1,0,1,1,0,0,11.0,11.0,0.0,True,official_workbook_name_identity,1.6538759927678905,0.0,0.0,0.49340065242919223,2.1472766451970826,13.147276645197083
2026,1266,5,8524069,2026-03-14,England,122652,Maro Itoje,Second-row,True,True,True,80,True,1.0,2,0,0,0,0,0,0,8,0,0,1,9,14,1,1,5,1,0,0,20.0,29.0,0.0,True,official_workbook_name_identity,1.76413439228575,0.0,0.0,1.301319777877228,3.065454170162978,23.06545417016298
2026,1266,5,8524069,2026-03-14,England,198696,Alex Coles,Second-row,True,True,True,54,True,0.675,2,0,1,0,0,0,0,7,0,0,0,3,12,1,0,2,1,0,0,26.0,24.0,0.0,True,official_workbook_name_identity,1.1907907147928813,0.0,0.0,1.301319777877228,2.4921104926701094,28.492110492670108
2026,1266,5,8524069,2026-03-14,England,218742,Ollie Chessum,Second-row,True,True,True,80,True,1.0,2,0,2,1,0,0,0,88,0,3,0,11,8,0,0,6,0,0,0,50.0,53.0,0.0,True,official_workbook_name_identity,1.76413439228575,0.0,0.0,1.301319777877228,3.065454170162978,53.06545417016298
2026,1266,5,8524069,2026-03-14,England,239076,Guy Pepper,Back-row,True,True,True,62,True,0.775,2,0,0,0,0,0,0,0,0,0,1,4,11,1,0,5,1,0,0,12.0,13.0,0.0,True,official_workbook_name_identity,1.3672041540214563,0.0,0.0,1.4831920462553747,2.850396200276831,14.850396200276831
2026,1266,5,8524069,2026-03-14,England,142404,Ben Earl,Back-row,True,True,True,38,True,0.475,2,0,0,0,0,0,0,45,2,0,0,16,6,1,0,0,0,0,0,14.0,13.0,0.0,True,official_workbook_name_identity,0.8379638363357312,0.0,0.0,1.4831920462553747,2.321155882591106,16.321155882591107
2026,1266,5,8524069,2026-03-14,England,115452,Luke Cowan-Dickie,Hooker,True,False,True,30,False,0.375,2,0,0,0,0,0,0,15,0,0,0,8,5,1,1,0,0,0,0,11.0,9.0,0.0,True,official_workbook_name_identity,0.6615503971071562,0.0,0.0,0.912244070268424,1.5737944673755804,12.573794467375581
2026,1266,5,8524069,2026-03-14,England,198810,Bevan Rodd,Prop,True,False,True,8,False,0.1,2,0,0,0,0,0,0,6,0,0,1,2,7,0,0,1,1,0,0,8.0,9.0,0.0,True,official_workbook_name_identity,0.176413439228575,0.0,0.0,0.49340065242919223,0.6698140916577673,8.669814091657766
2026,1266,5,8524069,2026-03-14,England,175890,Trevor Davison,Prop,True,False,True,5,False,0.0625,2,0,0,0,0,0,0,0,0,0,0,1,2,1,0,0,0,0,0,2.0,1.0,0.0,True,official_workbook_name_identity,0.11025839951785937,0.0,0.0,0.49340065242919223,0.6036590519470516,2.6036590519470515
2026,1266,5,8524069,2026-03-14,England,264444,Chandler Cunningham-South,Back-row,True,True,True,5,False,0.0625,2,0,0,0,0,0,0,21,0,0,0,2,2,1,0,0,0,0,0,4.0,4.0,0.0,True,official_workbook_name_identity,0.11025839951785937,0.0,0.0,1.4831920462553747,1.5934504457732341,5.593450445773234
2026,1266,5,8524069,2026-03-14,England,129660,Sam Underhill,Back-row,True,True,True,18,False,0.225,2,0,0,0,0,0,0,4,0,0,0,1,4,1,0,0,0,0,0,4.0,5.0,0.0,True,official_workbook_name_identity,0.39693023826429374,0.0,0.0,1.4831920462553747,1.8801222845196683,5.880122284519668
2026,1266,5,8524069,2026-03-14,England,342324,Henry Pollock,Back-row,True,True,True,2,False,0.025,2,0,0,0,0,0,0,11,1,0,0,4,5,1,1,1,0,0,0,13.0,8.0,0.0,True,official_workbook_name_identity,0.04410335980714375,0.0,0.0,1.4831920462553747,1.5272954060625183,14.527295406062517
2026,1266,5,8524069,2026-03-14,England,213786,Jack van Poortvliet,Scrum-half,False,False,True,30,False,0.375,2,0,0,2,0,0,0,7,0,0,0,4,1,0,0,35,1,0,0,8.0,9.0,0.0,True,official_workbook_name_identity,0.0,0.0,0.0,1.376068376068376,1.376068376068376,9.376068376068377
2026,1266,5,8524069,2026-03-14,England,156288,Marcus Smith,Fly-half,False,False,True,26,False,0.325,2,0,1,0,2,0,0,30,2,0,0,3,1,0,0,2,0,0,0,22.0,21.0,0.0,True,official_workbook_name_identity,0.0,0.0,0.0,1.6627906976744176,1.6627906976744176,23.662790697674417
