season,round,fixture_id,player_id,player_name,canonical_pos,is_forward,minutes_hat,recon_pts_hat,latent_hat,target_pts_hat,official_pts,has_label,is_modern,hat_tries,hat_tackles,hat_metres,hat_try_assists,hat_conversion_goals,hat_penalty_goals,hat_drop_goals_converted,hat_defenders_beaten,hat_offload,hat_tackle_turnover,hat_penalties_conceded,hat_yellow_cards,hat_red_cards,rank_score,sel_score
2026,1,8523943,136854,Jeremy Loughman,Prop,True,59.329058182454375,10.12849707492824,3.6021179375183494,13.73061501244659,14.0,True,True,0.012784457384683838,10.146609310893727,3.4500160499054755,0.0012882342305423,0.0,0.0,0.0,0.2016209356078736,0.029965919310716647,0.023763052136919628,0.6545991448037669,0.028484371875185092,0.0,-1.9815478937090047,-0.21147141161754046
2026,1,8523943,186096,Dan Sheehan,Hooker,True,59.88333693904724,12.872429083208718,5.235211089480689,18.107640172689408,13.0,True,True,0.13443239732913756,8.221706670644444,17.730028342756334,0.0282248129684959,0.0,0.0,0.0,0.9856060303052768,0.07064019377267361,0.012116286826563348,0.30221120221088393,0.06990509586492116,0.0,-0.6901508321246385,0.6330399875081855
2026,1,8523943,203208,Thomas Clarkson,Prop,True,62.0955160274861,8.638389602916872,3.7319447233941543,12.370334326311026,8.0,True,True,0.02525967047751703,8.073122957797228,4.177377253534101,0.0011195293356532567,0.0,0.0,0.0,0.3417198421156696,0.05526446427874356,0.019128115998035693,0.5586528662477359,0.0298125711833988,0.0,-2.136583103547797,-0.4306914791952642
2026,1,8523943,220194,Joe McCarthy,Second-row,True,64.7102579706044,11.263596907154186,4.468735519343989,15.732332426498175,12.0,True,True,0.021089681365377307,8.828246184362069,8.506216323482727,0.010058634202990266,0.0,0.0,0.0,1.1370706534323087,0.22109345339761333,0.0317208217728941,0.49796490195066945,0.05963929101482957,0.0,-0.7228064127417578,0.29202942315258473
2026,1,8523943,117954,Tadhg Beirne,Second-row,True,68.66074970791811,9.815635543701255,4.66107947227599,14.476715015977245,39.0,True,True,0.03154197953131821,8.868903630327654,7.071491454142842,0.020258756862975392,0.0,0.0,0.0,0.4569171519437594,0.08294907447916057,0.021292496342465352,0.47722671327259936,0.0632802056667285,0.0,-0.9313653273646728,0.07818736015436005
2026,1,8523943,201978,Cian Prendergast,Back-row,True,67.38672684474814,13.74252761485206,5.995481772339494,19.738009387191553,15.0,True,True,0.06804628666289686,11.786745854638829,6.619137971976604,0.013450683782321551,0.0,0.0,0.0,0.5307837729303331,0.13016150840976237,0.02391432414470217,0.4163529385292335,0.02876490394679548,0.0,-0.754909491405348,0.8518015646069691
2026,1,8523943,118518,Josh van der Flier,Back-row,True,68.487987939438,11.937687952693103,6.024155606496199,17.961843559189305,14.0,True,True,0.03557318109020167,8.903043825083154,17.08602204701806,0.021573290280134962,0.0,0.0,0.0,0.6410003364385612,0.2510941712632797,0.0324616568738662,0.38556909153798086,0.029234991619729627,0.0,-0.5081283799786928,0.6444122000947945
2026,1,8523943,148680,Caelan Doris,Back-row,True,71.10453436221195,18.098527781457985,6.311855731418292,24.410383512876276,34.0,True,True,0.05113882744909567,11.587619370018778,37.07104722065645,0.01827978589447394,0.0,0.0,0.0,1.3968990369351626,0.19422568953887112,0.01636731507166587,0.44161967911230027,0.03035189861384474,0.0,0.007302791282962337,1.6451105524031255
2026,1,8523943,120504,Jamison Gibson-Park,Scrum-half,False,69.40977537406846,9.2649932161242,1.8493123081576919,11.114305524281892,12.0,True,True,0.06275726431741639,4.179489850198987,11.66220357216744,0.45929274575372336,0.0,0.0,0.0,0.5451196130444422,0.3210859123207863,0.019854488818169806,0.12166221268022571,0.017852308480984687,0.0,-1.4387451867077365,-0.4854856705532929
2026,1,8523943,337638,Sam Prendergast,Fly-half,False,67.12106044932234,15.115334532337867,2.565043459441622,17.680377991779487,32.0,True,True,0.11033136114412236,3.8622581057619896,16.643929333362845,0.48917721830524935,2.230311655033788,0.24538002029715386,0.0,0.8348291771388299,0.32731156564290637,0.016275900548769935,0.14141632129385295,0.053590819211770065,0.0,0.42054560530513074,0.767699305082165
2026,1,8523943,136848,Jacob Stockdale,Back-three,False,71.21352845722775,15.517147721727431,1.6820256220872079,17.19917334381464,13.0,True,True,0.2733323684124909,3.1250273409823843,39.9572402198845,0.11633608551752493,0.0,0.0,0.0,2.2571162982199717,0.7379565299248662,0.09423702245613463,0.14839262801825012,0.023897157200411998,0.0,-0.19780071181979753,0.5912340418068729
2026,1,8523943,129840,Stuart McCloskey,Centre,False,69.27570071362581,12.260166238305468,2.4933030115803168,14.753469249885784,27.0,True,True,0.09950994700315553,7.15289644853053,21.191131789255326,0.06484706106716323,0.0,0.0,0.0,0.903873271544323,0.2458736485460155,0.019224305094470526,0.4268583447871841,0.023194989078222927,0.0,-0.17549853223872827,0.24993403139836678
2026,1,8523943,129372,Garry Ringrose,Centre,False,72.32361689869862,9.421230440353881,2.458685357499444,11.879915797853325,12.0,True,True,0.09493554538413897,4.7766611783482595,18.699976333311387,0.05750032184236313,0.0,0.0,0.0,1.10261665352234,0.1938108492354009,0.051793371703029674,0.2655318595884753,0.024215496729474983,0.0,-1.0596504680077667,-0.31087356391793514
2026,1,8523943,148758,Tommy O'Brien,Back-three,False,72.5453926642664,14.568937701426131,1.6603759599327854,16.229313661358916,7.0,True,True,0.3413222294848383,3.807677196006293,26.87293893731337,0.04713431427942669,0.0,0.0,0.0,2.097381479836837,0.4910899584267088,0.07085298294231711,0.249986380294549,0.024344091498075975,0.0,-0.38090717947386227,0.42219495729491696
2026,1,8523943,227658,Jamie Osborne,Back-three,False,73.60319104711077,13.938424106884044,1.6476023575002723,15.586026464384316,21.0,True,True,0.16478739761991504,3.5037506947521635,40.14860952353475,0.06646858744400379,0.0,0.0,0.0,1.355933196941659,0.7370725236529448,0.12745594498344684,0.17887079295793065,0.024699057398359318,0.0,-0.4000810174310585,0.32802827561793724
2026,1,8523943,148644,Ronan Kelleher,Hooker,True,17.50854741986286,3.553592279606901,1.7745937931385385,5.3281860727454395,4.0,True,True,0.005138614618088253,2.9452718280372885,5.453917716609919,0.0012552514498530925,0.0,0.0,0.0,0.3163983316988597,0.044758266066356474,0.0016827017980699385,0.10231305090153459,0.02043868542407424,0.0,-2.5986380998366,-1.5058090687271106
2026,1,8523943,148770,Michael Milne,Prop,True,17.394743266565946,3.5331394558398017,1.3689352613563446,4.902074717196147,18.0,True,True,0.012268924814766756,3.271300384021802,1.4900390687342389,0.0005043514239435466,0.0,0.0,0.0,0.09036866783019433,0.009675138414444097,0.0016959420483657704,0.09102272777393304,0.00835136021128962,0.0,-3.044365887461909,-1.6441969367439686
2026,1,8523943,112068,Finlay Bealham,Prop,True,20.406410590568594,2.896257752174005,1.5236186806644656,4.419876432838471,0.0,True,True,0.011394483849906595,2.7279207536232675,0.5888341845882167,0.0010908111059958227,0.0,0.0,0.0,0.07215091356047183,0.006490621337018814,0.00418878757643023,0.13618407819970943,0.00979728661985352,0.0,-2.637798761121659,-1.6408924940483722
2026,1,8523943,143604,James Ryan,Second-row,True,27.40112260593087,3.349524110361158,2.434170477501227,5.783694587862385,9.0,True,True,0.003926984544233826,3.4278063618764363,2.669619209207322,0.006855258578127865,0.0,0.0,0.0,0.04678830572063788,0.008645834613384123,0.006389363622209929,0.18115387364230537,0.02525385582561715,0.0,-2.2628949767104714,-1.3825780956893112
2026,1,8523943,117936,Jack Conan,Back-row,True,22.847417470243435,4.267866365191951,3.5432595071212316,7.811125872313182,5.0,True,True,0.027386630027324145,3.2967532187358577,9.269287113611048,0.006773904921082294,0.0,0.0,0.0,0.2827084911366135,0.06561897311800459,0.007306750979855031,0.15120701518392557,0.009752718372536733,0.0,-2.227266816868019,-1.0901490275167987
2026,1,8523943,136878,Nick Timoney,Back-row,True,28.655290841420296,5.627713817169586,3.8574778509952097,9.485191668164795,33.0,True,True,0.011589522658877064,4.6371024882010445,6.816779675186323,0.013787884420421507,0.0,0.0,0.0,0.4641927988330442,0.05143880739617259,0.00564575755180912,0.2367156241603192,0.012231884930692152,0.0,-2.3682839302982117,-0.8786057713679641
2026,1,8523943,203124,Craig Casey,Scrum-half,False,27.51621354951715,3.8093378343101767,-0.026779895247475587,3.782557939062701,1.0,True,True,0.05326348078733032,1.5247588920272679,3.977664222275844,0.1741729304237857,0.0,0.0,0.0,0.4546749338759023,0.13167710695453733,0.005960412418091167,0.11186765394129944,0.0070772154191144935,0.0,-2.955390347167952,-1.7865999612571948
2026,1,8523943,201696,Jack Crowley,Fly-half,False,28.527555211145593,9.49128464220266,1.5770618117919288,11.068346453994588,6.0,True,True,0.03421749542004448,2.803307609623214,11.135681635905085,0.10101090191219837,0.7613674293857674,0.22148546861148574,0.0,1.0180010530394474,0.5190329339545311,0.007730914772765478,0.24427044154571187,0.022776980036371394,0.0,-1.721488811744153,-0.5416047561140974
2026,1,8523943,178704,Jean-Baptiste Gros,Prop,True,59.07448789892481,8.213010809396515,3.046361490886925,11.25937230028344,9.0,True,True,0.005983365084092768,7.940449105620654,4.934421988908982,0.0016170512168831746,0.0,0.0,0.0,0.3172614042281091,0.046150630670662655,0.0167668598821076,0.49250459368568894,0.028362150575090832,0.0,-1.8399863959544691,-0.5354418456322059
2026,1,8523943,135138,Julien Marchand,Hooker,True,61.83546162853378,13.275405767654195,3.6273897034079234,16.90279547106212,12.0,True,True,0.06054259696418841,9.492748373961495,16.20797890040785,0.029295839977358958,0.0,0.0,0.0,0.8225553094260032,0.37128871299231636,0.022826971032392368,0.3835682315281711,0.07218391782999863,0.0,-0.9929422976564629,0.4098232954977512
2026,1,8523943,127122,Dorian Aldegheri,Prop,True,60.850262019174494,7.349537702641001,3.116652553426937,10.466190256067938,6.0,True,True,0.010991072481101349,7.4886581659201035,1.9820588523555438,0.002143988348261534,0.0,0.0,0.0,0.13748850464293533,0.04203025476423919,0.018607861566635367,0.6185657583983846,0.029214714427562037,0.0,-2.111126942969653,-0.6949958269370601
2026,1,8523943,123504,Charles Ollivon,Back-row,True,66.41916664321936,15.663041143586613,5.417928234293082,21.080969377879693,23.0,True,True,0.06483202167820322,9.37894094692715,32.46117207787696,0.015850948465417795,0.0,0.0,0.0,0.9015144674395982,0.5024729877820315,0.03508625742692076,0.5934306787266508,0.02835188824529333,0.0,-0.24922402374122316,1.1301287909072353
2026,1,8523943,219930,Mickael Guillard,Second-row,True,63.35460672698217,12.456415646152818,3.8719415519740084,16.328357198126827,42.0,True,True,0.02997368050367736,10.381612825235795,8.7059387929438,0.006494381938551765,0.0,0.0,0.0,0.9305935433818262,0.1767166410430126,0.07407752709046604,0.6938385472796231,0.05838987428294559,0.0,0.1362103161243437,0.5269482201934421
2026,1,8523943,123366,Francois Cros,Back-row,True,65.3965514154944,11.707443450265542,5.297923635376148,17.00536708564169,10.0,True,True,0.01740056984174051,9.91898683401562,5.690207616346314,0.009177609198619662,0.0,0.0,0.0,0.6582876547266561,0.10367391267744087,0.06752217294142047,0.2312195097498088,0.02791537158723085,0.0,-0.4090172009660381,0.5268017401111049
2026,1,8523943,242478,Oscar Jegou,Back-row,True,68.02238536746505,15.530998911327213,5.48580775714163,21.016806668468842,31.0,True,True,0.07592651898399952,10.194573163860925,17.134448677134714,0.034043003258457646,0.0,0.0,0.0,1.2749263865049967,0.43572010218278884,0.060342698908064145,0.5164693068213616,0.02903624308441289,0.0,1.8706942666855544,1.4931956612646609
2026,1,8523943,139728,Anthony Jelonch,Back-row,True,67.11886116808166,13.300021710460834,5.399191390340824,18.699213100801657,30.0,True,True,0.037832296864621286,9.518036018289784,17.10585072886055,0.047511379367437566,0.0,0.0,0.0,0.9187605385926435,0.4537085539364815,0.04177743000360683,0.7861168034128876,0.028650561986282897,0.0,-0.42330567526000124,0.7633825358899243
2026,1,8523943,135318,Antoine Dupont,Scrum-half,False,66.63668312496456,24.903493694212152,1.9197689836802556,26.82326267789241,30.0,True,True,0.39832668754089956,5.700918532021358,51.8189251446965,1.0955324863478906,0.0,0.0,0.0,2.631035793896038,0.5925723987968897,0.06711473004180181,0.8599163712558558,0.017139064589754262,0.0,0.6119717293166207,2.091833736808481
2026,1,8523943,169662,Matthieu Jalibert,Fly-half,False,69.53822151903144,23.527463741558513,2.0554927451469953,25.58295648670551,52.0,True,True,0.10884566656298443,4.754428195421776,45.586186116216034,1.0005750621504894,2.105347262881889,0.3013683794376884,0.0,1.749401308153087,0.8455896385490094,0.052362672707184164,0.606712640362453,0.05552072974991349,0.0,0.6339103031308848,1.920613652253922
2026,1,8523943,231684,Louis Bielle-Biarrey,Back-three,False,70.30190211849316,20.29912806184928,2.9637443451350958,23.26287240698438,51.0,True,True,0.5432985325638894,2.9725208398016676,46.86531756937518,0.3258384866128128,0.0,0.0,0.0,2.074251013725697,0.9293199199879422,0.20098706860757573,0.3038530488994768,0.023591242321642,0.0,1.8665514546005129,1.8095040494633368
2026,1,8523943,196152,Yoram Moefana,Centre,False,69.83826605504105,13.797145165645468,3.687387330696917,17.484532496342386,15.0,True,True,0.10324544901578821,7.4876973530074515,19.092167210413947,0.11542566366446848,0.0,0.0,0.0,1.432736966424265,0.5197861007445841,0.05202058214045113,0.23294163717019123,0.023383348009500347,0.0,0.7340417511253643,0.7950855045588758
2026,1,8523943,262248,Nicolas Depoortere,Centre,False,71.73849557137463,24.096040251237493,2.986517554370196,27.08255780560769,36.0,True,True,0.5813938873037644,7.65671176672744,45.48989845828496,0.1661912227272441,0.0,0.0,0.0,1.7953665059904587,0.9571828420956363,0.17121860438594827,0.2804690696846342,0.024019585570772755,0.0,0.9968975464869949,2.1960022605370817
2026,1,8523943,339450,Theo Attissogbe,Back-three,False,71.66283112540359,16.937122842371274,1.7208292355977406,18.657952077969014,32.0,True,True,0.2808353804784889,3.5033796986726666,37.94157645108846,0.145028922916728,0.0,0.0,0.0,2.665463410399913,0.7760399506746769,0.1124561630444626,0.27977424058541717,0.024047929907853552,0.0,1.8382926548720544,1.1545520657780108
2026,1,8523943,129822,Thomas Ramos,Back-three,False,73.44210475317516,32.10861796640988,3.508630763976745,35.61724873038663,46.0,True,True,0.24423535442516756,1.9004732380276175,68.7016560917424,0.29921153598381933,5.552297388938742,0.34312609341375705,0.0,2.857909828651146,1.4315529131697096,0.09909302145987038,0.5161936008893797,0.02464500159502522,0.0,2.973632162624399,3.747676438668477
2026,1,8523943,147480,Peato Mauvaka,Hooker,True,14.367199301685755,3.162688715012046,1.4816394043815795,4.644328119393625,20.0,True,True,0.040207066282692175,2.0164701916272625,2.39655456363689,0.0014574349674538838,0.0,0.0,0.0,0.24345413433556998,0.12517032127988867,0.002895955565795442,0.13058781038749867,0.016771617879562183,0.0,-2.3487415132454443,-1.5584706307891851
2026,1,8523943,133488,Rodrigue Neti,Prop,True,18.004478983110538,2.496433453197089,1.2370669988821377,3.7335004520792268,5.0,True,True,0.002083537883006171,2.465974672688632,0.45087742241193285,0.0011457977385571515,0.0,0.0,0.0,0.07856469433513909,0.009140203808178088,0.010187754700334346,0.18850555160251964,0.008644099375330063,0.0,-2.934055699736939,-1.7897794860032286
2026,1,8523943,207432,Regis Montagne,Prop,True,20.8322432953658,3.3091760621075514,1.3624654711867847,4.671641533294336,,False,True,0.011320962063408152,3.275234307370687,1.299857677665184,0.002679140305943227,0.0,0.0,0.0,0.15056967874833108,0.061299973140820314,0.0033378207882705587,0.5370089830283573,0.010001732425865769,0.0,-3.1837847695693684,-1.7011960673547872
2026,1,8523943,238278,Hugo Auradou,Second-row,True,23.85766921584948,3.7544966774753155,2.044167209137782,5.798663886613097,,False,True,0.007973340622606776,3.5454022923848725,3.2157258367631196,0.012129443732592553,0.0,0.0,0.0,0.1302588090160592,0.03209914234299312,0.005523789847520082,0.20141793968204355,0.02198808229053794,0.0,-2.607215059402468,-1.4409059793678474
2026,1,8523943,166476,Emmanuel Meafou,Second-row,True,22.882331051803167,4.318855750491973,2.0033268938812427,6.322182644373216,11.0,True,True,0.009615611593508,3.091680259777349,6.598611295133896,0.009423244631585467,0.0,0.0,0.0,0.41907719984182146,0.2605779956900174,0.00956040503703114,0.2564181994043128,0.02108917571177184,0.0,-2.5536616678529533,-1.3576099209352814
2026,1,8523943,238116,Lenni Nouchi,Back-row,True,25.907604329174784,6.3954289578958265,3.494919081301534,9.89034803919736,17.0,True,True,0.04235261580848271,4.448249579592957,7.812669885706905,0.011657930187588659,0.0,0.0,0.0,0.5604528313861069,0.14080009125245713,0.01018181500921668,0.1328615045098081,0.011058999077625859,0.0,-2.5508040120007003,-0.8534563109616154
2026,1,8523943,121830,Baptiste Serin,Scrum-half,False,21.164401237299792,5.15611133077329,-0.020524175120265817,5.135587155653024,6.0,True,True,0.05175296845366931,2.5915689612848114,4.978426032068715,0.08014231206966284,0.1813149048607268,0.027317426745121727,0.0,0.4036145975636344,0.2924465188509629,0.005039298501130948,0.10823978443476452,0.0054435188367540615,0.0,-2.1944933049158677,-1.4620524418942893
2026,1,8523943,344334,Kalvin Gourgues,Centre,False,26.171513586849027,8.985458704142228,2.454565512464217,11.440024216606446,6.0,True,True,0.13494302541343914,2.550198494335333,21.53440932366857,0.05848943909948038,0.13610471353471135,0.09073647568980757,0.0,0.7686234026712356,0.35361414793663076,0.04676565166988792,0.1270360965943075,0.008762783567025345,0.0,-1.8831793188789656,-0.517524496830434
2026,1,8523952,130290,Pierre Schoeman,Prop,True,62.08751512240656,9.309592115969568,3.1975286306930846,12.507120746662654,10.0,True,True,0.0293473971263085,8.447449356743872,7.514620695970308,0.004511631132791397,0.0,0.0,0.0,0.3461382586481163,0.11120283585547928,0.03084936758729093,0.5160000997304938,0.02980872988264997,0.0,-1.7113187828087304,-0.33673435711746463
2026,1,8523952,187422,Ewan Ashman,Hooker,True,60.60378792294789,13.035833992215426,3.616708049887909,16.652542042103335,14.0,True,True,0.03100772216801758,9.198190761097287,18.286377864795316,0.01883417130307927,0.0,0.0,0.0,1.1578427741579769,0.2751005557861683,0.01882966037447214,0.30911365977719735,0.07074611771957856,0.0,-0.59368365620669,0.4445842006403947
2026,1,8523952,130530,Zander Fagerson,Prop,True,62.15660599091531,9.684606069430517,3.206569391625833,12.89117546105635,13.0,True,True,0.016361715541646796,8.037252416489238,12.004840608159386,0.0021698756244682687,0.0,0.0,0.0,0.3572113764678972,0.09373521570996807,0.04569680690335174,0.5879192966514992,0.029841900980457227,0.0,-1.8596722877223597,-0.3085659383955972
2026,1,8523952,136596,Scott Cummings,Second-row,True,63.383939566054636,9.007647751226322,3.796240950518388,12.803888701744711,9.0,True,True,0.028895476611770155,8.477967869515522,4.886877229897218,0.0060545312112244435,0.0,0.0,0.0,0.2924718422836424,0.07779663235745139,0.03872165825641281,0.5700310904856962,0.05841690847784138,0.0,-1.430424435546513,-0.2455378312040803
2026,1,8523952,102762,Grant Gilchrist,Second-row,True,69.12339549103727,8.502799050591285,4.0388679291661544,12.54166697975744,3.0,True,True,0.011619710146380404,8.259893239563246,3.3233106724021177,0.014567006214071962,0.0,0.0,0.0,0.1502093405312054,0.07227857903057747,0.045165569760903565,0.3419285710132396,0.0637065965877593,0.0,-1.6777025244062456,-0.3259572154039719
2026,1,8523952,161856,Matt Fagerson,Back-row,True,67.1700718794343,12.167800776126963,5.370559279575624,17.538360055702586,17.0,True,True,0.0343151058187913,9.034947911659518,15.090504419099924,0.01530752279095495,0.0,0.0,0.0,0.8916198703283121,0.18452081028632095,0.02968687482787047,0.6004574396124972,0.028672421946872754,0.0,-0.31847062264598414,0.6179287612702176
2026,1,8523952,180222,Rory Darge,Back-row,True,68.04648792941836,15.242092048860162,5.517771681236304,20.759863730096466,22.0,True,True,0.06485262878469684,11.027837515179465,15.41435621813041,0.011552022805868064,0.0,0.0,0.0,0.979918513237507,0.29480258526445013,0.049143109052668894,0.4546680736925302,0.029046531577591315,0.0,0.3501950364266485,1.1900243036509186
2026,1,8523952,124308,Jack Dempsey,Back-row,True,68.52957657063159,17.473033729752647,5.666862966911865,23.13989669666451,40.0,True,True,0.03563926615663363,10.19016942638155,33.44339768833544,0.04811762373801451,0.0,0.0,0.0,1.6617783933886479,0.3517556545511756,0.02836201249562522,0.4668096209391973,0.029252744269807417,0.0,0.35908743560122125,1.5275305287903636
2026,1,8523952,142476,Ben White,Scrum-half,False,62.59809933133748,10.673655720822433,0.05460975524081889,10.728265476063251,26.0,True,True,0.2015368234203215,5.849838372238229,9.777872044939,0.0932631293616378,0.0,0.0,0.0,1.04365380848625,0.23291693053322204,0.01334778409581014,0.10398213063276406,0.016100334190158817,0.0,-1.5067249653646166,-0.5519087603866776
2026,1,8523952,117894,Finn Russell,Fly-half,False,71.33465907504478,19.750839322149496,2.1044835429089863,21.855322865058483,14.0,True,True,0.01583975780652446,6.063092082682343,17.09430688597765,0.2463688801033072,3.672820439421445,0.6665911481417678,0.0,1.064990499030164,0.19592311917411295,0.023728116503121836,0.15723279112559546,0.056955042015617824,0.0,0.3784016834562679,1.3496013336793447
2026,1,8523952,214146,Jamie Dobie,Back-three,False,69.86773847833452,14.174337193179085,1.727302411247578,15.901639604426663,,False,True,0.1330152597284669,4.409557731408929,30.891548153722542,0.07507386690235145,0.0,0.0,0.0,2.316522921249285,0.3023760730067543,0.05583846691901868,0.26543117710636605,0.02344554982494447,0.0,0.7154608822969972,0.5683961341479173
2026,1,8523952,139998,Sione Tuipulotu,Centre,False,71.86657778020702,13.157047303931268,2.5662205454888967,15.723267849420164,11.0,True,True,0.11388720915669535,6.806618884463851,23.372595439115823,0.06501169848458486,0.0,0.0,0.0,1.5646234804986618,0.1889167492765794,0.05941542823029525,0.7323357155452912,0.0240624702389086,0.0,0.27059656708356117,0.46512865964112127
2026,1,8523952,136776,Huw Jones,Centre,False,72.43422270780508,17.324183686137886,6.409988883302017,23.734172569439902,7.0,True,True,0.28471050877491216,5.540959723972021,40.15943356441057,0.1545715743442735,0.0,0.0,0.0,1.8904135394403623,0.3014245815975426,0.0931403302770825,0.41028266679913084,0.024252529924488307,0.0,1.0290173699650045,1.7290107876008005
2026,1,8523952,171582,Kyle Steyn,Back-three,False,74.19676917423189,20.694094601738737,2.207865005690993,22.90195960742973,12.0,True,True,0.594348000601167,4.878115823156496,43.72231522444148,0.21601858001069796,0.0,0.0,0.0,2.3193624281927963,0.2913571055569626,0.06926105127231541,0.43482864788662123,0.02489824468933956,0.0,0.8977349685283282,1.5884977749353792
2026,1,8523952,242766,Tom Jordan,Centre,False,71.04428570437695,19.479243410201473,2.9444890449914927,22.423732455192965,6.0,True,True,0.09333098821982219,5.898557213716439,29.14142928405385,0.4466095942695858,2.3619783867893704,0.05564850805569988,0.0,1.9326708513871491,0.2899153240361671,0.018203302434219155,0.447217477398214,0.02378714923137621,0.0,0.6293769683926911,1.473888596085795
2026,1,8523952,117864,George Turner,Hooker,True,14.72212473296667,2.2818799397672884,1.4927357441629159,3.7746156839302043,-2.0,True,True,0.007321430581175441,2.078439629628029,5.523314004466825,0.00546769585961797,0.0,0.0,0.0,0.08710366947697072,0.05956883206681733,0.0023485852065381423,0.14741015235677904,0.01718594175606634,0.0,-2.6500474447844296,-1.7341221266177058
2026,1,8523952,179394,Nathan McBeth,Prop,True,18.13217332374091,2.08766695496617,1.2393507043970193,3.3270176593631895,6.0,True,True,0.008693754285521259,2.046034582429334,0.702038269719684,0.0012109300527504716,0.0,0.0,0.0,0.021761422315772758,0.04927337739191536,0.005392590800675365,0.21912318295004127,0.00870540648513933,0.0,-3.35753484715354,-1.92149129879079
2026,1,8523952,178038,Elliot Millar-Mills,Prop,True,16.259952528749377,1.8992353055176967,1.1578364908221104,3.057071796339807,3.0,True,True,0.002039181902363341,1.759112777612102,1.444472692392469,0.0023240938220498207,0.0,0.0,0.0,0.06916401389398436,0.05019033272241193,0.002563297430088089,0.11225406737190881,0.007806537785875793,0.0,-3.127136291305582,-1.9191511587997994
2026,1,8523952,231570,Max Williamson,Second-row,True,20.790470213407108,2.598833363329991,1.887206118764775,4.486039482094766,3.0,True,True,0.003974960042260793,2.461973527848165,1.5669715987620618,0.0022613054169119025,0.0,0.0,0.0,0.11007078453118962,0.07912838285495738,0.003392341777605652,0.23136362121136536,0.019161241853738065,0.0,-3.2663942678240443,-1.7418950814794985
2026,1,8523952,220296,Gregor Brown,Second-row,True,21.537458201522664,3.5535804891616847,1.9244576294420122,5.478038118603697,14.0,True,True,0.006638209697486681,2.6404575450082475,5.301977716528474,0.002510052727324061,0.0,0.0,0.0,0.3833239771589816,0.10188754083813076,0.005893698280276,0.09713347594793931,0.019849692733164993,0.0,-2.7496288967855036,-1.5111616554253957
2026,1,8523952,129792,George Horne,Scrum-half,False,24.33305710273618,4.735565748277136,-0.017889857571214994,4.71767589070592,15.0,True,True,0.00676538175293062,2.181501443210772,9.473246144441292,0.044599945247710646,0.4715124856075896,0.0002748063263593369,0.0,0.7055176986473293,0.04673718250555451,0.00425369446147954,0.13032440655501326,0.006258502341238729,0.0,-2.9764803690019495,-1.6583087100366274
2026,1,8523952,142002,Adam Hastings,Fly-half,False,26.25089119465548,5.4144592107150675,1.5531540019871626,6.96761321270223,,False,True,0.014321346577983974,2.192240255278734,4.243499961681842,0.07699169463342238,0.7901236712565063,0.0012001378525580122,0.0,0.6390903658080455,0.12790114329880184,0.003643770588399357,0.26021469009468984,0.02095924520177678,0.0,-2.8409176733990895,-1.3169303932805274
2026,1,8523952,146754,Darcy Graham,Back-three,False,29.211538867413637,7.040692508340893,1.575597360341749,8.616289868682642,1.0,True,True,0.066885885492367,1.9974868656874676,14.362141865911322,0.06442691860574506,0.0,0.0,0.0,1.4883853411980061,0.15557015118165568,0.007283673032960809,0.15867758751095346,0.009802529821279745,0.0,-2.2082199451811024,-0.9731554760119088
2026,1,8523952,164232,Danilo Fischetti,Prop,True,57.97831804678162,9.121189001309277,4.125466109309742,13.24665511061902,19.0,True,True,0.01082538852609032,8.736699669974858,5.780011937496376,0.006393572802548665,0.0,0.0,0.0,0.3410393058621624,0.05491926263025562,0.035855595656773855,0.6354815512531442,0.027835870356537704,0.0,-1.23990345550601,-0.14959724670225794
2026,1,8523952,226836,Giacomo Nicotera,Hooker,True,61.2489830671031,15.824612778009554,4.927884703264494,20.752497481274048,20.0,True,True,0.01972115274169678,14.318135939189776,3.9616515909005914,0.004602873342549666,0.0,0.0,0.0,0.09011472550158248,0.01784261811749311,0.32364001895477046,0.2843702811143591,0.07149928931470292,0.0,-0.5982248345183379,1.0225020190835574
2026,1,8523952,123210,Simone Ferrari,Prop,True,61.334925071457775,11.34705187651967,4.375854961553245,15.722906838072916,33.0,True,True,0.014267437012016163,10.988768349042175,1.4985302245562138,0.003507141712936077,0.0,0.0,0.0,0.11570822545535259,0.013809793070010712,0.08115776355123397,0.38734442350980497,0.02944740517031652,0.0,-1.3405456233366226,0.18226306302152182
2026,1,8523952,167196,Niccolo Cannone,Second-row,True,63.97699124435954,11.8643567276275,5.096438493763157,16.960795221390658,31.0,True,True,0.005736862118786678,11.851717083849314,3.1593225337993207,0.00352112192109733,0.0,0.0,0.0,0.12337505303056102,0.0264963741902176,0.09747391338789307,0.5797927663605248,0.05896348614169997,0.0,-0.9101614610141602,0.4325411264612518
2026,1,8523952,208140,Andrea Zambonin,Second-row,True,66.36941684265936,13.438332926356612,5.291690855141232,18.73002378149784,30.0,True,True,0.009180926191030017,11.999140158726181,4.080768202610067,0.01757669571065222,0.0,0.0,0.0,0.1283637396473842,0.026544072909559957,0.30672511071783864,0.30642693055240466,0.06116843124566087,0.0,-0.7755692550420731,0.7058963118870685
2026,1,8523952,164220,Michele Lamaro,Back-row,True,66.05843652642643,15.209162820518467,6.6883008864724,21.897463706990866,37.0,True,True,0.008704974501594827,13.410097510519007,10.574854412524312,0.028511154324570697,0.0,0.0,0.0,0.26441367883921274,0.015666230659682208,0.10098138745111421,0.3696311516443001,0.028197905886361268,0.0,-0.759860785393095,1.1557427007111283
2026,1,8523952,204054,Manuel Zuliani,Back-row,True,66.12172268401311,13.6705314681329,6.630394118861976,20.300925586994875,32.0,True,True,0.02004277250883296,12.583864402062192,8.726724219369762,0.008332487305019367,0.0,0.0,0.0,0.6489706738200005,0.05603372989760538,0.0725954083460424,0.8791657179033084,0.02822492040879588,0.0,0.16929334928437448,1.093489593469365
2026,1,8523952,220140,Lorenzo Cannone,Back-row,True,64.97475261684508,16.974705238811882,10.557106709101863,27.531811947913745,44.0,True,True,0.01538390054920375,13.306798196286023,26.203001988492435,0.003841158378091202,0.0,0.0,0.0,1.189566167191053,0.04085512068295077,0.04610833248485335,1.1309237310752105,0.027735321264324167,0.0,-0.010795227728348646,2.082528068556118
2026,1,8523952,180450,Alessandro Fusco,Scrum-half,False,67.33273580188518,8.92031359029464,0.024543275127154388,8.944856865421794,11.0,True,True,0.025595220321874328,4.512648389197206,16.710812200236038,0.18856743406586174,0.0,0.0,0.0,1.140941529100235,0.1621981457968453,0.06636929999577122,0.45409213573765067,0.017318090484023968,0.0,-1.0393455526340265,-0.7215973492111853
2026,1,8523952,203034,Paolo Garbisi,Fly-half,False,66.94862773328354,12.525799391044146,1.6650399459775471,14.190839337021693,15.0,True,True,0.04310714405571192,7.384725604405971,17.17785363943854,0.3066801930928968,0.3730709404333228,0.026515041262644947,0.0,0.8286551934313612,0.12260947369530116,0.06365751996472056,0.2959566378931157,0.05345314542578442,0.0,0.946484928333723,0.36746727437899884
2026,1,8523952,134016,Monty Ioane,Back-three,False,69.58506106773896,12.36978499836423,1.6686840459323566,14.038469044296587,17.0,True,True,0.22830322477666476,4.226842939564296,21.97097100331598,0.10262340048537212,0.0,0.0,0.0,1.47684618517214,0.2297713866602553,0.08601300284156035,0.2771304906134495,0.02335069163346945,0.0,0.08623738551246415,0.19495493047912937
2026,1,8523952,226818,Tommaso Menoncello,Centre,False,72.78667074461922,19.31436267337596,2.9280580785006514,22.24242075187661,34.0,True,True,0.3786970100564411,10.078856452743072,22.880114654979256,0.013090281079896954,0.0,0.0,0.0,1.713250564614995,0.12702243617370246,0.1046021608769273,0.6855291248147771,0.02437053707967161,0.0,0.25947368362268586,1.3833645579092977
2026,1,8523952,118614,Juan Ignacio Brex,Centre,False,72.9182364822201,12.439276916682834,2.544931519548625,14.984208436231459,,False,True,0.18328851205134425,8.452015952899727,11.324952215746087,0.07958230339359545,0.0,0.0,0.0,0.3362806848271682,0.04154279913200614,0.07779810644130988,0.18651792989018331,0.02441458810788619,0.0,-0.8674156349206137,0.1610463504741946
2026,1,8523952,213750,Louis Lynagh,Back-three,False,74.08184746353808,10.348058484360736,1.6224235259601358,11.970482010320872,17.0,True,True,0.32772228031912515,4.254456811875144,19.48339834030291,0.026048665939033808,0.0,0.0,0.0,0.8591974880093437,0.12644438981297088,0.06791704171100106,0.47438635687696945,0.024859680356891973,0.0,-1.2204696935908788,-0.3263196866714512
2026,1,8523952,231834,Leonardo Marin,Centre,False,69.78474925481862,15.233738982981256,2.6462719905868366,17.880010973568094,9.0,True,True,0.18835383599666627,6.870800979365743,29.281300495128157,0.06597380317090015,0.0,0.007103371208370719,0.0,1.9882900499189375,0.23836930658296507,0.04455443733706383,0.36506943515899914,0.023365429437997305,0.0,0.7502431850540641,0.8537518414746728
2026,1,8523952,231714,Tommaso Di Bartolomeo,Hooker,True,20.367810449240725,4.472605612647516,2.137064336950643,6.6096699495981595,12.0,True,True,0.020188149764073952,4.279040220541455,1.0946558706769982,0.0014623648225739608,0.0,0.0,0.0,0.03908307724627074,0.0037348281837556916,0.018325231815851842,0.1734859855372072,0.023776459609489643,0.0,-2.8299441409836326,-1.365528372628606
2026,1,8523952,231804,Mirco Spagnolo,Prop,True,19.088890306494,3.458347775581569,1.6518855064707565,5.1102332820523255,5.0,True,True,0.007665203340468729,3.2351802071459703,1.9834517947103083,0.0005116597537192339,0.0,0.0,0.0,0.09953287121367774,0.006489722434642617,0.018598224111620272,0.15306975740652476,0.009164734226905225,0.0,-2.6407443322568525,-1.5439646280302466
2026,1,8523952,220782,Muhamed Hasa,Prop,True,21.19021206045631,4.0497674413589735,1.7860012004140644,5.835768641773038,7.0,True,True,0.005491504075217102,4.061010268041962,1.0851092607812154,0.0005433541966086241,0.0,0.0,0.0,0.057041571593922376,0.008619027740529363,0.022334219875201584,0.28791312167887456,0.010173596192743403,0.0,-2.9673215299403033,-1.498880500596859
2026,1,8523952,129234,Federico Ruzza,Second-row,True,21.864541069248578,4.062860478180168,2.3581532368763822,6.42101371505655,8.0,True,True,0.00519430632222272,3.9191627613650444,1.9192151028460394,0.005130297020521143,0.0,0.0,0.0,0.1247949554098116,0.016396723392866897,0.007794192477700645,0.1753366660097995,0.020151144016872315,0.0,-2.673242422256831,-1.3646505797722615
2026,1,8523952,220128,Riccardo Favretto,Back-row,True,21.923254532640193,4.359585256956962,3.709933998130677,8.06951925508764,13.0,True,True,0.002718601407231986,4.057195658558588,2.750368678029231,0.0025971504820698622,0.0,0.0,0.0,0.23410987801205038,0.006245784310817482,0.0052921296474555506,0.20915886072338813,0.00935822735960193,0.0,-2.4946485439134882,-1.1006117228232775
2026,1,8523952,231774,Alessandro Garbisi,Scrum-half,False,16.99049758077027,2.3525865391647343,-0.030888400556862882,2.3216981386078714,5.0,True,True,0.015696154011605765,1.5796564255731678,2.0994698957163775,0.062359261039989414,0.0,0.0,0.0,0.15915217736286183,0.036832536209917,0.004327514259282029,0.02522554939805967,0.004369983945671366,0.0,-2.6397224460866355,-1.9373912370635682
2026,1,8523952,202974,Giacomo Da Re,Fly-half,False,27.680065296433774,5.9528083597337975,1.5574722124926683,7.510280572226466,,False,True,0.01893496527524586,2.8849512533593877,5.581562948519975,0.029769442298551364,0.5534560913200578,0.3875848150227873,0.0,0.30466081494026687,0.025901970795048513,0.008474175430201047,0.10323175760599382,0.022100326859274905,0.0,-2.850090427912043,-1.2419422233732007
2026,1,8523952,231744,Lorenzo Pani,Back-three,False,27.947879589447687,5.877879936280288,1.5648252390173993,7.442705175297688,2.0,True,True,0.06253860922055147,1.8721270373505887,17.48494704441568,0.009607121820590423,0.0,0.0,0.0,1.0468054463522678,0.06644175560869167,0.05485213547093057,0.11192434641621203,0.009378483083707277,0.0,-2.2958993104370458,-1.15419969450539
2026,1,8523961,121974,Nicky Smith,Prop,True,62.25547298751246,9.008641557648165,3.49020350181772,12.498845059465886,-3.0,True,True,0.006618974265183936,8.381508041637467,4.9705798690962615,0.0018249429686028919,0.0,0.0,0.0,0.5329731983652541,0.049732619400600774,0.021526348247037145,0.6030474073893476,0.029889367843804283,0.0,-2.1569601613557543,-0.41612891544220165
2026,1,8523961,178848,Dewi Lake,Hooker,True,60.78499614990869,12.568144367197924,3.875027074869245,16.443171442067168,6.0,True,True,0.019464638373555023,11.394475763351096,8.572376300883162,0.015391283119746926,0.0,0.0,0.0,0.6827393058041036,0.09614602514672567,0.012703428093033568,0.4463656466116146,0.07095765199813925,0.0,-1.1861829718218573,0.31102582598436795
2026,1,8523961,219990,Archie Griffin,Prop,True,57.49061536405007,8.17417288172845,3.252531659578774,11.426704541307224,14.0,True,True,0.012014248462725889,7.890112366071496,3.9425244633778127,0.00130287559326877,0.0,0.0,0.0,0.3743776723379453,0.06561573494867445,0.007703598465035527,0.6818609192451905,0.02760172026204726,0.0,-1.7941303549152292,-0.5037732249427409
2026,1,8523961,232104,Dafydd Jenkins,Second-row,True,67.72638068951908,12.050349702096565,4.415343072570814,16.465692774667378,14.0,True,True,0.006467571629303422,11.752467770796482,4.097081352509292,0.016563682991126875,0.0,0.0,0.0,0.20082439901955684,0.07072255090728134,0.07700184316088103,0.48139420216359446,0.06241905771969273,0.0,-0.18013949706019766,0.490802332994454
2026,1,8523961,129576,Adam Beard,Second-row,True,62.40175862414226,7.075459059645166,4.0882111046261445,11.16367016427131,14.0,True,True,0.005419204875519797,7.460775406891653,2.2009386840219407,0.004573825509175116,0.0,0.0,0.0,0.13441403486830647,0.029718667301969454,0.04366300444026485,0.7439216722080882,0.057511695349954595,0.0,-2.1026444739418184,-0.5950564894262069
2026,1,8523961,232110,Alex Mann,Back-row,True,65.54299539879779,13.125107829711583,5.676455574679683,18.801563404391267,13.0,True,True,0.034426152167526446,11.266423878404883,5.325486365130297,0.011251300574446017,0.0,0.0,0.0,0.9294792272447734,0.09737606581614375,0.05512358876629043,0.8921526478921427,0.02797788311302454,0.0,-0.423802321044621,0.7777422577310981
2026,1,8523961,150126,Josh MacLeod,Back-row,True,67.8852860931022,12.927801441017548,5.787720310727298,18.715521751744845,18.0,True,True,0.02608160171852259,12.109131151209414,3.779074775332185,0.008705865946938405,0.0,0.0,0.0,0.37648237856021616,0.09937015535891426,0.05742383007500004,0.7013128156226902,0.02897772046960614,0.0,-0.9259659028876276,0.6774491917945008
2026,1,8523961,176652,Aaron Wainwright,Back-row,True,70.56145178208253,14.509542529418507,5.960793513668485,20.47033604308699,24.0,True,True,0.03944066773805113,9.385203984020535,31.40584159358788,0.05897472755691692,0.0,0.0,0.0,0.8426371805764775,0.14947221830731677,0.021611642738060283,0.6448470087298186,0.03012007672570657,0.0,-0.12965149305404317,1.0649263361791328
2026,1,8523961,128628,Tomos Williams,Scrum-half,False,69.95570604605506,9.696186830245278,0.018658149558384463,9.714844979803662,20.0,True,True,0.08240403089112522,4.844371239319446,11.802700471722895,0.3982748380161747,0.0,0.0,0.0,0.4745913462793856,0.27987590380829985,0.03871232962681523,0.1778566046172117,0.01799272274847095,0.0,-1.453786889431416,-0.6856620317548995
2026,1,8523961,263442,Dan Edwards,Fly-half,False,71.35734746793352,12.844086521343904,1.6383340457145228,14.482420567058426,17.0,True,True,0.05769145283441334,4.989001201909712,14.77023667721324,0.06949243355490488,1.9279809561908994,0.2330763383009754,0.0,0.5876091350669908,0.4239459897830473,0.03172617160396325,0.4518651936854398,0.05697315688974774,0.0,0.8052436961774084,0.3838313849121311
2026,1,8523961,129096,Josh Adams,Back-three,False,72.02183148474585,12.767661983079575,1.644637507954946,14.41229949103452,20.0,True,True,0.2251363847038189,4.38091596113711,30.505478871422323,0.024189352927076715,0.0,0.0,0.0,1.4867766824664939,0.19087389941088434,0.07928595659887856,0.5922641844177011,0.02416839982709592,0.0,-0.3816378085975551,0.16559238422893657
2026,1,8523961,154968,Ben Thomas,Centre,False,72.59318308512704,14.829308389628357,2.5730245208532474,17.402332910481604,0.0,True,True,0.3355459860762571,6.011273648706964,28.754500198692707,0.08643544936537388,0.07916665380429742,0.016076589259145818,0.0,1.1780792874230017,0.3909375719553897,0.05315418729632358,0.3720058816015615,0.024305753265109496,0.0,0.9611652431308153,0.8233514238432756
2026,1,8523961,232158,Eddie James,Centre,False,73.38976479125999,11.227021254309168,2.489527013108324,13.716548267417492,11.0,True,True,0.048946793924221986,7.523863108076364,16.39681885630896,0.049437546331784,0.0,0.0,0.0,1.0064275995703993,0.20275823300732482,0.031346778301197094,0.43630320554832924,0.024572465889930797,0.0,-0.7325223702268205,0.005792907878069152
2026,1,8523961,363636,Ellis Mee,Back-three,False,74.06632911568646,14.331518249870543,1.6838110664863062,16.015329316356848,8.0,True,True,0.33468582633939414,3.2905110015819856,31.86843707799515,0.018596023982707068,0.0,0.0,0.0,1.7594206501920544,0.3895219582357713,0.1594381807761169,0.3510388674843843,0.024854472857612903,0.0,-0.3791504142511764,0.3922991175347575
2026,1,8523961,187290,Louis Rees-Zammit,Back-three,False,72.51427441767603,20.46457959313664,1.9977911236319001,22.46237071676854,21.0,True,True,0.23378738659487866,3.005946140858516,51.37846460838925,0.08348405312296008,0.0,0.0,0.0,4.069169532844579,0.4576015526047007,0.22046607866578646,0.24738094472275457,0.024333649133448335,0.0,0.6563216499869229,1.4840722270505542
2026,1,8523961,136062,Liam Belcher,Hooker,True,21.55165679407924,3.1974138394534592,1.8932614245674928,5.090675264020952,4.0,True,True,0.005439672291175538,2.992398034762833,1.9950351309378722,0.004042547297481663,0.0,0.0,0.0,0.1291691117819037,0.04843179296247571,0.006021396976719582,0.15226612211567023,0.02515842822472409,0.0,-3.0746547589318847,-1.6228924915690812
2026,1,8523961,162870,Rhys Carre,Prop,True,18.580674113765504,2.360542936772007,1.347708971164797,3.708251907936804,4.0,True,True,0.010489488161270573,2.1505498893692465,1.4878269436463298,0.0008565496575248694,0.0,0.0,0.0,0.21118558868292822,0.013318561370929639,0.0036658155544457656,0.37350917439392417,0.008920735426483504,0.0,-2.9011272666344676,-1.7875632068820724
2026,1,8523961,131898,Tomas Francis,Prop,True,20.010311265893893,1.8721935135282772,1.4147191911209185,3.286912704649196,5.0,True,True,0.0021013622784134727,2.0837564829876873,0.3944999340577127,0.0007402073565779272,0.0,0.0,0.0,0.037059085559907674,0.009619877581799014,0.00676263143448146,0.3251797362391011,0.009607116055728832,0.0,-3.344968064511015,-1.924946242311381
2026,1,8523961,219996,Ben Carter,Second-row,True,28.057428512244627,3.967420401561154,2.371425436474102,6.338845838035256,3.0,True,True,0.003912439428207072,4.12493290431509,0.5121668937900108,0.001628550137256298,0.0,0.0,0.0,0.04075382658468541,0.017905433896182554,0.006234538310051878,0.24191085298237516,0.025858730851137497,0.0,-2.8748000707017662,-1.4116294723785545
2026,1,8523961,206706,Taine Plumtree,Back-row,True,26.946513448295786,4.715895576909968,3.666571010398023,8.382466587307992,,False,True,0.017160902062647636,3.29462790554843,4.245582597130451,0.007129189337189128,0.0,0.0,0.0,0.6030812164843151,0.08013868681381037,0.008879135756310916,0.21798574732517007,0.011502470995913498,0.0,-2.6621204294122816,-1.0858361976248132
2026,1,8523961,232122,Harri Deaves,Back-row,True,27.794262160655833,5.427274520620558,3.7125254846992863,9.139800005319845,13.0,True,True,0.012815852662308946,4.513054761525551,5.747196123375171,0.01612611981888166,0.0,0.0,0.0,0.34718080734732953,0.06336704263739222,0.01834712587189726,0.19603212144720933,0.011864343599374973,0.0,-2.3921022152276565,-0.9315393152127549
2026,1,8523961,135900,Kieran Hardy,Scrum-half,False,21.847420850950183,3.130615194825222,-0.031233270704580332,3.0993819241206415,0.0,True,True,0.03848209196799275,1.554138959134085,7.186362990373358,0.04056384360001512,0.0,0.0,0.0,0.484681734003921,0.0887468188794321,0.005008472820702396,0.1144035652305839,0.005619192605697063,0.0,-2.560653798909502,-1.8137405327411047
2026,1,8523961,220956,Mason Grady,Centre,False,26.0062573649503,5.491114709863018,2.4291156542391277,7.920230364102146,6.0,True,True,0.06904275623744599,1.7297771551393915,11.648672530517013,0.00295406969318399,0.0,0.0,0.0,1.1025898689121516,0.05706759028981904,0.018009685694136402,0.3067323720845504,0.008707452242728895,0.0,-2.323454146091531,-1.091633171828613
2026,1,8523961,136680,Ellis Genge,Prop,True,61.24262471345007,12.066816342081152,4.435243064991606,16.502059407072757,11.0,True,True,0.11341157913894688,5.927539209732133,17.086325084071923,0.02668170283090742,0.0,0.0,0.0,1.617397797680594,0.4972312280990919,0.023223065786032324,0.8669812915258189,0.029403091004505583,0.0,0.3115280766511846,0.5822412590817847
2026,1,8523961,61134,Jamie George,Hooker,True,60.656895145794316,12.73546517803579,4.811355956313454,17.546821134349244,12.0,True,True,0.04562773630642686,10.311750403558037,11.479288701723767,0.03248977876829068,0.0,0.0,0.0,0.4464706282214588,0.05525029307473267,0.02828404433931289,0.18148188604729942,0.07080811268669233,0.0,-1.111382537643603,0.47993788692340056
2026,1,8523961,178806,Joe Heyes,Prop,True,63.12372326861441,11.910182328576811,4.551740333746999,16.461922662323808,9.0,True,True,0.08034603359304779,10.232426682358463,3.43602925892135,0.0038414036374354197,0.0,0.0,0.0,0.38726834172378344,0.03669205439166809,0.09812173950327374,0.7297988520248555,0.03030622198990559,0.0,-0.795665032924756,0.38222283317002126
2026,1,8523961,198696,Alex Coles,Second-row,True,67.73897724755838,14.059263859124718,5.497628696922877,19.556892556047593,22.0,True,True,0.11170111523356248,9.844658918657833,11.719057418680869,0.08963877930592914,0.0,0.0,0.0,0.5893427585587582,0.2727823090154208,0.0350225441692584,0.4066764254616009,0.06243066715866348,0.0,-0.5652587968831284,0.8595273113736949
2026,1,8523961,218742,Ollie Chessum,Second-row,True,66.59339172186382,12.91599159472303,12.75431103872711,25.67030263345014,30.0,True,True,0.055507082261585364,9.61471456207183,10.248812424394467,0.020482004309693522,0.0,0.0,0.0,0.9800779517949222,0.1568859816354956,0.04177868882491287,0.7892042569224643,0.061374854514858065,0.0,-0.2936160870639401,1.7701277401314002
2026,1,8523961,239076,Guy Pepper,Back-row,True,63.49678520209494,13.09891152862468,6.545282782304605,19.644194310929286,32.0,True,True,0.03344334737447059,10.689998994204956,9.606398437952294,0.024541504949322286,0.0,0.0,0.0,0.9839558398292678,0.15057689556281778,0.02122474154351176,0.43057071658857193,0.027104431581557287,0.0,-0.6238040524850019,0.8615732441941173
2026,1,8523961,129660,Sam Underhill,Back-row,True,62.82168490674724,12.030812183647525,6.479099645455644,18.509911829103167,10.0,True,True,0.09709279403815821,9.802108182638072,6.581424148655065,0.007056882055232981,0.0,0.0,0.0,0.5312187374738926,0.056178984148888694,0.029180816003532912,0.4425336800047687,0.026816256208462376,0.0,-0.5680168101980356,0.7112602526252717
2026,1,8523961,142404,Ben Earl,Back-row,True,66.02008740468978,18.716772541131306,6.928717069436996,25.6454896105683,50.0,True,True,0.14129178561702438,10.544324856797227,33.244103632228075,0.026722350015016914,0.0,0.0,0.0,1.7437619814840646,0.0975380587547849,0.026867482479787874,0.7298483125420901,0.028181536063180208,0.0,0.5597304072152571,1.9164190013279798
2026,1,8523961,142356,Alex Mitchell,Scrum-half,False,68.26411109307836,16.306713852564407,0.1771324682455739,16.48384632080998,6.0,True,True,0.10192221840338798,3.348520871058345,21.289810067683746,1.5143330802538975,0.0,0.0,0.0,1.5669868116622665,0.5601398037191242,0.02324649490697766,0.401059020130843,0.017557641742046902,0.0,-0.2734279660675886,0.4769891804749309
2026,1,8523961,66258,George Ford,Fly-half,False,70.28457479732015,17.563174894918856,1.800022060871384,19.36319695579024,55.0,True,True,0.021170394103655024,7.046881761437446,7.772185409997138,0.5778287806171851,2.5389719783846663,0.7312062764121978,0.0,0.40857944337024166,0.11088650193879437,0.028412880253424876,0.1787018410129296,0.05611663338041529,0.0,0.8138349237874136,1.0742684906754896
2026,1,8523961,238830,Henry Arundell,Back-three,False,68.95920895816752,17.17773521689617,1.789265304598925,18.967000521495095,46.0,True,True,0.6035577807509585,3.1378203718644864,26.936165793864937,0.17400024420611657,0.0,0.0,0.0,2.428242177281422,0.27629374400849965,0.03424108723919066,0.1562378473429872,0.02314067414703608,0.0,1.2387700956573282,1.0929364923832692
2026,1,8523961,156030,Fraser Dingwall,Centre,False,70.68452047076912,12.939216472869381,2.522763774386508,15.46198024725589,20.0,True,True,0.15083669914969738,8.230388141397766,17.58945136672656,0.1648401132874352,0.0,0.0,0.0,0.7271512482538391,0.2119542565959105,0.015832690259969407,0.2979401135648983,0.0236666921219093,0.0,-0.585075941949229,0.27804555792393587
2026,1,8523961,213192,Tommy Freeman,Back-three,False,71.50500632646806,28.424565119929156,3.434248926233356,31.85881404616251,50.0,True,True,0.9056906511998039,5.267738054167738,43.66465835082434,0.5749957372941644,0.0,0.0,0.0,2.677441476611614,1.2978700137327592,0.06502766226181272,0.3558488445814444,0.02399496856592888,0.0,1.5510567996006221,2.9674534177862957
2026,1,8523961,187458,Tom Roebuck,Back-three,False,73.54301831782412,18.872015361917523,1.88189493780545,20.75391029972297,17.0,True,True,0.6260633733937833,3.056351190142653,41.27282721363503,0.13964353490289733,0.0,0.0,0.0,2.459136604189176,0.15649528907643542,0.051588157160614614,0.3693539480722314,0.02467886520732353,0.0,0.7117884005057504,1.2526568863117822
2026,1,8523961,203496,Freddie Steward,Back-three,False,73.53314278870647,19.82883605008901,2.0885375903411734,21.91737364043018,16.0,True,True,0.4887757074119591,2.4803989919627614,56.98491787874594,0.21110214775649605,0.006692904837209043,0.0,0.0,2.7245791858456254,0.6857438327856473,0.04672730095587595,0.3280192023787809,0.024675551271378007,0.0,0.9093566850372757,1.4515620025156288
2026,1,8523961,115452,Luke Cowan-Dickie,Hooker,True,20.93273177274464,3.9878744807450723,2.191032754709466,6.178907235454538,5.0,True,True,0.021199525999729695,3.4535365840217884,2.4365288958468865,0.007826052855975204,0.0,0.0,0.0,0.23511357571687092,0.0179545597908327,0.0019534576283820235,0.20868314794688428,0.02443592318139906,0.0,-2.3813218149443527,-1.3475814883315205
2026,1,8523961,198810,Bevan Rodd,Prop,True,20.811425619491324,4.342386246001102,1.7854143701944585,6.12780061619556,17.0,True,True,0.012234729672760918,3.5590074896194492,1.6040127367620605,0.003183375781690061,0.0,0.0,0.0,0.31978430775952277,0.06597702076658434,0.006550038399841581,0.1671898524510469,0.009991737687379241,0.0,-2.8301931972082675,-1.4335886823332638
2026,1,8523961,175890,Trevor Davison,Prop,True,21.32505029306931,3.2339952530913387,1.8129790096279896,5.046974262719329,6.0,True,True,0.0055857521580682966,3.1857051399803296,0.7487951236522497,0.0014831132096917552,0.0,0.0,0.0,0.06175412910446823,0.008049744496158941,0.010160344186382909,0.1806464245108487,0.010238333144220534,0.0,-2.814446667428612,-1.5833848758033728
2026,1,8523961,122652,Maro Itoje,Second-row,True,26.49765699856698,4.594938539911447,2.7024770367008943,7.297415576612341,0.0,True,True,0.010060572476677961,3.8265096436268875,4.05890577499316,0.004358508930272063,0.0,0.0,0.0,0.536746700282425,0.05584482226660743,0.010866748699065374,0.51732456733589,0.024421189568840034,0.0,-2.368772188655026,-1.187499409998575
2026,1,8523961,155892,Tom Curry,Back-row,True,25.836110834426478,5.240344510782036,4.009543848783692,9.249888359565727,-1.0,True,True,0.011747403279293642,4.0722778397252135,3.9206300085274597,0.01729814016592531,0.0,0.0,0.0,0.5199271645014943,0.14852640621951488,0.009738072413942308,0.4077920365770433,0.011028481146194145,0.0,-2.40207930080553,-0.9177515211673434
2026,1,8523961,342324,Henry Pollock,Back-row,True,23.73857410695241,9.690433444217765,3.9132744759426386,13.603707920160403,3.0,True,True,0.18854924812861407,3.551280819697742,13.510624179190106,0.06208472547584731,0.0,0.0,0.0,0.9865645295614045,0.1267641897840322,0.012109658446839798,0.1739651291621163,0.010133120215106428,0.0,-1.6997610509275862,-0.17992059893185258
2026,1,8523961,116268,Ben Spencer,Scrum-half,False,26.668699531702824,4.949170331110522,-0.02253957386663647,4.926630757243886,3.0,True,True,0.011268168699928154,1.5224102313022392,2.4380891598191194,0.5856025608122236,0.07776845145392418,0.0004998039224308251,0.0,0.40079921610845154,0.04761158703870014,0.003820291688507258,0.06699504275863565,0.006859233418647846,0.0,-2.6974359947463253,-1.5798318736939723
2026,1,8523961,156288,Marcus Smith,Fly-half,False,29.634819105708495,12.540481907577242,1.6318039109508293,14.17228581852807,9.0,True,True,0.05622902568939891,2.226658085061257,15.115875531894769,0.5569776957294047,1.2400049958974082,0.2002989264925004,0.0,1.3158042156262417,0.5065133065901797,0.01289392344049979,0.14808344000278426,0.02366104204010036,0.0,-1.5948772901494188,-0.08125400868641111
2026,2,8523970,136854,Jeremy Loughman,Prop,True,59.65596239125985,8.253372743493442,3.1705082577443235,11.423881001237765,8.0,True,True,0.01618296160130329,7.9915996552893205,5.055896878999092,0.0033213508471249616,0.0,0.0,0.0,0.1554367979896137,0.06276360989556845,0.04050607513360509,0.48998132418490886,0.028641321291481944,0.0,-1.7017349735700733,-0.4879529883821046
2026,2,8523970,186096,Dan Sheehan,Hooker,True,60.439978424748105,13.979325193081756,4.341319422757443,18.3206446158392,4.0,True,True,0.24770532995335404,7.735893156968602,15.410957856993104,0.04858167968609518,0.0,0.0,0.0,0.8427165966833996,0.07131355254232202,0.03561386658100558,0.31982979364244846,0.07055489392911252,0.0,-0.4642606983822557,0.7027579059470128
2026,2,8523970,203208,Thomas Clarkson,Prop,True,62.25850331455125,7.596762845115397,3.273919458592791,10.870682303708188,11.0,True,True,0.037641877284918766,6.493085622181727,4.786845423069708,0.0016102891036785206,0.0,0.0,0.0,0.45708420345034967,0.1062568854831389,0.04805770766130745,0.6849086952838574,0.029890822728896354,0.0,-1.9390109912752223,-0.6076884854648561
2026,2,8523970,220194,Joe McCarthy,Second-row,True,64.26916233085593,9.720972730067533,4.056922776234369,13.777895506301903,11.0,True,True,0.029226244451543447,7.2988627996206805,8.954705326481898,0.020220916105525892,0.0,0.0,0.0,1.0563585931562225,0.189214079037173,0.06620743279720548,0.6231861017330291,0.0592327614776381,0.0,-0.9979418734027106,-0.0321387087333912
2026,2,8523970,143604,James Ryan,Second-row,True,67.19288654489199,8.081861254724409,4.159636516988572,12.24149777171298,10.0,True,True,0.020664916709558608,7.920432524680963,6.238341771202378,0.02100820609797535,0.0,0.0,0.0,0.1774788510007062,0.04228325791234823,0.07367750185768748,0.7308527200482697,0.0619273704116221,0.0,-0.9085020751897425,-0.23330362161204024
2026,2,8523970,208038,Cormac Izuchukwu,Back-row,True,64.90800660961908,12.852835617582734,5.189179391823044,18.04201500940578,20.0,True,True,0.07987538788478377,8.026644925921591,12.94197595984771,0.030320909195747717,0.0,0.0,0.0,0.99435116983342,0.31544728729817095,0.06408908579483548,0.29473195733141494,0.027706829859909885,0.0,-0.0409670098233633,0.7377325040586931
2026,2,8523970,148680,Caelan Doris,Back-row,True,70.49307095373803,16.931454883057743,5.660024381330309,22.591479264388052,38.0,True,True,0.11153004393308362,9.431882097985639,34.02178738998638,0.029982977927139543,0.0,0.0,0.0,1.3241655251959172,0.3369828087132998,0.01930811532633201,0.561692592700008,0.03009088747655869,0.0,0.4301410565994077,1.462593092592117
2026,2,8523970,117936,Jack Conan,Back-row,True,64.48919349418905,14.946887545509574,5.26251038288013,20.209397928389706,43.0,True,True,0.17278824610869478,8.16913838208882,26.65273585351371,0.03648175607384355,0.0,0.0,0.0,0.9757253671194837,0.16475977713014545,0.05012426478980664,0.3539528948790492,0.027528054014857226,0.0,0.41427074234460937,1.1235728565556131
2026,2,8523970,203124,Craig Casey,Scrum-half,False,66.81243476264225,7.41687255648099,0.8403611882880944,8.257233744769085,4.0,True,True,0.09285779532713946,3.7743260636482483,8.580686315871604,0.16029548899558652,0.0,0.0,0.0,0.9607931909613413,0.17183284206313995,0.029441239315261325,0.25375033804492847,0.01718426820026807,0.0,-1.6610212168487937,-0.9277833173805573
2026,2,8523970,337638,Sam Prendergast,Fly-half,False,67.78248087702694,16.13322030657427,2.382346604534938,18.515566911109207,10.0,True,True,0.05985476446394889,5.1314052729290065,16.888268488600968,0.4647840657651143,2.1486734993656467,0.2017615081668684,0.0,1.0311250794162292,0.39353932795790697,0.0546291586607958,0.21038045170029301,0.05411891072770866,0.0,0.42996947080354264,0.8872417291616306
2026,2,8523970,120468,James Lowe,Back-three,False,72.29940234188807,14.850180853456889,1.6958172585013531,16.54599811195824,47.0,True,True,0.31937282836850994,2.7926921980533574,41.36834618057338,0.12133027375122392,0.0,0.0,0.0,1.9556845083325185,0.3671408840661257,0.06761425688025599,0.4839750704348857,0.024261544410029555,0.0,0.45727964126055853,0.614028028011915
2026,2,8523970,129840,Stuart McCloskey,Centre,False,69.8877023910791,13.49978289305855,2.246025508453989,15.745808401512539,40.0,True,True,0.1597826546330934,7.026798730825754,21.145555695127253,0.06592869566362415,0.0,0.0,0.0,1.1662116284283643,0.2960387415272423,0.04899712323869664,0.4410440210865526,0.02339990035415595,0.0,0.3074063021966796,0.4747717536485323
2026,2,8523970,129372,Garry Ringrose,Centre,False,72.6129486985125,9.659196188906648,2.1366543570783936,11.795850545985042,14.0,True,True,0.07243586914405079,4.34846293534107,20.194277816441996,0.06365921382904219,0.0,0.0,0.0,1.0739442228627252,0.1970678168273782,0.08547201564950879,0.5160845947387487,0.02431237121601981,0.0,-0.8078497892613286,-0.27853923345213133
2026,2,8523970,186198,Robert Baloucoune,Back-three,False,69.5861111920231,16.84427538652186,1.8233858503264175,18.66766123684828,45.0,True,True,0.5068273413214295,5.184847596614137,28.270847641566554,0.06775246691112811,0.0,0.0,0.0,1.5286189350964985,0.5155804600134373,0.1123859532749534,0.21342882742487745,0.023351044024168825,0.0,0.07755719848876226,0.8468487755942683
2026,2,8523970,227658,Jamie Osborne,Back-three,False,73.3752885689781,14.101122040272381,1.6592658359533417,15.760387876225723,29.0,True,True,0.18836719351840733,3.4631350226175526,43.37541621971144,0.1594729533653733,0.0,0.0,0.0,1.6565732991784041,0.47800103005506367,0.05355055028650014,0.2973652406066537,0.02462258005670406,0.0,0.6284015376451053,0.5331761242353643
2026,2,8523970,148644,Ronan Kelleher,Hooker,True,16.728416918158572,2.9018955148700134,1.7979443243985256,4.699839839268539,12.0,True,True,0.013050826425878178,2.392383097299138,4.393545147105815,0.0028601725467694216,0.0,0.0,0.0,0.195440062949792,0.038496974232762264,0.001987880891594298,0.07786416581354948,0.019527996402781116,0.0,-2.503774759651575,-1.5778490967329595
2026,2,8523970,148650,Tom O'Toole,Prop,True,19.622794575168335,2.5234648374304753,1.3905171030395027,3.913981940469978,10.0,True,True,0.00541287776595795,2.3588337171167586,1.1473450906241167,0.000775188876928182,0.0,0.0,0.0,0.08809301554244535,0.012495110072941447,0.007604817029621114,0.11175780763625426,0.009421066085197995,0.0,-3.1903578539777087,-1.8092946919734034
2026,2,8523970,112374,Tadhg Furlong,Prop,True,17.290539636341478,1.864263971763234,1.2867825124384202,3.1510464842016543,7.0,True,True,0.0019256266374975508,1.873568260683913,1.2056985031633873,0.002272269439035555,0.0,0.0,0.0,0.037203580859467816,0.02041192095575914,0.00319880644770528,0.13699614617841985,0.008301331185969008,0.0,-3.285253281919238,-1.9336418285509422
2026,2,8523970,243480,Edwin Edogbo,Second-row,True,18.20607869000122,2.8219906510133677,1.9349195693544925,4.75691022036786,8.0,True,True,0.02725168197876999,2.270976529505449,1.9742884075684561,0.0024770726296829294,0.0,0.0,0.0,0.14541857859518145,0.02032528245857557,0.004350082277214149,0.13701066179137142,0.016779374078915117,0.0,-2.7874165400852466,-1.6195830773918138
2026,2,8523970,117954,Tadhg Beirne,Second-row,True,28.09553994564984,3.870184757840679,2.380561839131467,6.250746596972146,11.0,True,True,0.011912012596681345,3.3983975421306036,3.460586373857423,0.019063238050045707,0.0,0.0,0.0,0.23170726330381722,0.044792415348927424,0.005131286092858419,0.232332434645454,0.025893855712931096,0.0,-2.5153340492405794,-1.3609653229334016
2026,2,8523970,136878,Nick Timoney,Back-row,True,27.26591859583712,4.848398521688034,3.370633124812719,8.219031646500753,7.0,True,True,0.04437300512108395,3.530191016617474,9.95787651453162,0.0119870420660316,0.0,0.0,0.0,0.3587593103535798,0.06712269650493721,0.01094397993092092,0.24362558711991728,0.01163881325230927,0.0,-2.0914139881150327,-1.0087253435298438
2026,2,8523970,120504,Jamison Gibson-Park,Scrum-half,False,27.677112718706304,3.915288474000753,1.522303519745855,5.437591993746608,4.0,True,True,0.01141305211500257,1.9794206533244407,4.199850628431688,0.25302731566350173,0.0,0.0,0.0,0.3890341966283291,0.05581855162871051,0.005286861065809614,0.07091877021942453,0.007118598950284543,0.0,-2.8283624168900348,-1.5306913126574333
2026,2,8523970,201696,Jack Crowley,Fly-half,False,27.09630077450472,7.01410383543983,1.7456982603355409,8.75980209577537,9.0,True,True,0.024715625780684054,2.637472400655331,9.998066941603163,0.10616441141836098,0.6757465712209071,0.19657794674801354,0.0,0.7830274734743641,0.2596571627957804,0.0073005200800663915,0.25011013733612886,0.021634237397226468,0.0,-1.6767384858837535,-0.8596039863802006
2026,2,8523970,164232,Danilo Fischetti,Prop,True,58.427980802609675,9.998782511109649,4.177212557222324,14.175995068331973,12.0,True,True,0.0172235169302242,8.888127306108165,4.611186268770867,0.005127070748542356,0.0,0.0,0.0,0.5342193815718564,0.0906071314304944,0.02144922872664948,0.38484621574759,0.028051757167281227,0.0,-1.2312110558372995,-0.016893659112114698
2026,2,8523970,226836,Giacomo Nicotera,Hooker,True,61.39292054743537,12.785578250740057,4.963808572188862,17.74938682292892,31.0,True,True,0.028470624758519077,11.940484193363442,4.382349555627993,0.008854261334821766,0.0,0.0,0.0,0.19975796429636544,0.05285950192332196,0.11691195032341319,0.3488404663400572,0.07166731541136859,0.0,-0.8449453129980024,0.5552998631777106
2026,2,8523970,123210,Simone Ferrari,Prop,True,61.58298687484542,10.060069678544915,10.01155736053386,20.071627039078777,14.0,True,True,0.01733598124020546,9.79215928199357,1.23219628080661,0.005367612379314363,0.0,0.0,0.0,0.12943387365006595,0.02447071855214428,0.024592681180822785,0.29653985340139466,0.029566501695226677,0.0,-1.5589997373395814,0.7577448286755294
2026,2,8523970,167196,Niccolo Cannone,Second-row,True,64.62228282525379,9.755757943062877,7.672815815985493,17.42857375904837,15.0,True,True,0.013828374109812074,9.659482120556468,3.0923627191348966,0.006025502468616431,0.0,0.0,0.0,0.222266705574998,0.027705959576726193,0.03749282993343069,0.5248702291333829,0.05955820997049159,0.0,-1.1576537450025937,0.455124792937635
2026,2,8523970,208140,Andrea Zambonin,Second-row,True,66.40532851225186,11.196029503973838,7.883891653839815,19.079921157813654,16.0,True,True,0.022795466283884614,10.270471731255554,3.026589285975715,0.02733246542140738,0.0,0.0,0.0,0.2244238438807774,0.09049309963284617,0.11660705010361122,0.43256557713916266,0.0612015287263513,0.0,-0.9046316057540758,0.7326296764724568
2026,2,8523970,164220,Michele Lamaro,Back-row,True,66.2206374299748,13.613856539275796,8.965284772229772,22.579141311505566,22.0,True,True,0.013600569846665146,12.45022957230638,8.917718911912084,0.024889678230620035,0.0,0.0,0.0,0.4931573685871014,0.053849185000665975,0.0558918771261195,0.372077069162998,0.02826714345923525,0.0,-0.6052210560343533,1.2791074871980528
2026,2,8523970,204054,Manuel Zuliani,Back-row,True,65.93654982821869,14.985350045809227,9.001645042739556,23.98699508854878,41.0,True,True,0.035474663129959824,11.759353735969382,8.851670548841952,0.012243353436985273,0.0,0.0,0.0,1.4377362008820995,0.10965197914293072,0.04027095156540641,0.5104987839433114,0.028145876958254767,0.0,-0.052561658078788084,1.5748402207371592
2026,2,8523970,220140,Lorenzo Cannone,Back-row,True,66.0187366057946,16.644595796627392,9.45704210231131,26.1016378989387,28.0,True,True,0.04241446679456404,11.356311780007267,25.174245911797005,0.013446068284649797,0.0,0.0,0.0,1.570981486711215,0.07653549145714052,0.033990886075628404,0.7258008478665862,0.028180959457039943,0.0,-0.14387047226230087,1.8572972268414505
2026,2,8523970,180450,Alessandro Fusco,Scrum-half,False,67.24416163766287,9.855363136322088,0.8791110463978278,10.734474182719916,13.0,True,True,0.06301181938255834,3.749003999908894,17.449444505228705,0.15184205912804943,0.0,0.0,0.0,1.9110142597194697,0.20719636598726812,0.046357821781678535,0.5128611089305282,0.017295309063184897,0.0,-0.9901201165238591,-0.4603492636554236
2026,2,8523970,203034,Paolo Garbisi,Fly-half,False,67.72999717176545,14.650626137591757,1.946830684484467,16.597456822076225,25.0,True,True,0.05044475771919596,6.21086767615337,21.745797070907063,0.4626935347725447,0.47700116176658275,0.3804820159636689,0.0,0.8833930744131695,0.2777789666893982,0.03255807158401952,0.2256610330409021,0.054077006670451455,0.0,0.6284168877974828,0.6513323768623485
2026,2,8523970,134016,Monty Ioane,Back-three,False,70.03645394458943,14.002036559862555,1.6548156684210293,15.656852228283585,32.0,True,True,0.19251801110262826,2.907315754353308,27.877312987879574,0.20282111061236838,0.0,0.0,0.0,2.56334141423464,0.509581148791445,0.14813555939899833,0.4107558422475794,0.023502165753217927,0.0,-0.06785359086435272,0.39634355784348047
2026,2,8523970,231834,Leonardo Marin,Centre,False,68.27462287948914,14.45392284398495,2.288322272311718,16.74224511629667,15.0,True,True,0.14821147124929593,5.609874363685616,29.35952749426385,0.10359856454506833,0.0,0.00589542612957341,0.0,2.011150738420823,0.33299695848306504,0.13365730586205238,0.3124296580422246,0.022859806767686095,0.0,0.754346624866971,0.6938747602245574
2026,2,8523970,226818,Tommaso Menoncello,Centre,False,73.46025843495116,20.964534127196984,2.921925143320049,23.886459270517033,24.0,True,True,0.41162510984418055,8.931109897241862,25.642242099811742,0.008042205550181286,0.0,0.0,0.0,2.933702255575987,0.1939080337775204,0.06787370369230067,0.5866044444938401,0.02459606867241668,0.0,0.15008593281103969,1.596221533128828
2026,2,8523970,213750,Louis Lynagh,Back-three,False,74.10932597544056,9.351303029287504,1.5184178115752622,10.869720840862765,10.0,True,True,0.13206960393152042,3.3788856417383193,26.358396420482727,0.02214755038873054,0.0,0.0,0.0,1.2733112192365121,0.1622769032347676,0.06140872315724394,0.49074420737951835,0.024868901334040454,0.0,-1.2019208969454014,-0.47843780903949296
2026,2,8523970,231744,Lorenzo Pani,Back-three,False,70.7329850109294,19.010852342488015,2.030941488410967,21.041793830898982,19.0,True,True,0.2186864317319563,2.8000383872144177,45.43205919252375,0.022893760587781326,0.0,0.0,0.0,4.429376933319897,0.3371097222495185,0.17162566075626026,0.3400475142653323,0.023735901010378993,0.0,0.34218052356981354,1.2284123258628339
2026,2,8523970,231714,Tommaso Di Bartolomeo,Hooker,True,19.425659980823358,4.113436552026378,2.263790727397398,6.377227279423776,6.0,True,True,0.02606204515589991,3.866658326170204,0.8801976389586644,0.002049553541766433,0.0,0.0,0.0,0.06631315567310535,0.01426115110354279,0.011576773500323897,0.2579999676255383,0.02267663581575327,0.0,-2.877830440208239,-1.4067438145688644
2026,2,8523970,231804,Mirco Spagnolo,Prop,True,18.411399745903708,2.955916040780129,1.6647368762755301,4.620652917055659,6.0,True,True,0.012030654359725754,2.5962059418554135,1.3852942788120826,0.0011509171239069895,0.0,0.0,0.0,0.14899122347882823,0.012548292634722498,0.007543546109373856,0.14195282073346988,0.008839465401459945,0.0,-2.7360036012064226,-1.6297911441118058
2026,2,8523970,220782,Muhamed Hasa,Prop,True,20.418562190536463,3.287045192619107,1.7885990208675402,5.0756442134866475,4.0,True,True,0.010560919686465423,3.2916441968319257,1.5576228768600657,0.0008370429684298297,0.0,0.0,0.0,0.0957082340193109,0.02069507995140116,0.0126667287715752,0.41348563966496044,0.009803120703571803,0.0,-3.1179181081871663,-1.6326084543345316
2026,2,8523970,129234,Federico Ruzza,Second-row,True,20.54801074727647,3.6493427256553708,3.188172270171755,6.837514995827126,4.0,True,True,0.008945383493170209,3.1528826159772225,1.6079659676074567,0.011994155499590084,0.0,0.0,0.0,0.21701946586657783,0.03252617125740719,0.005728036942751188,0.11873981104300087,0.01893778252729814,0.0,-2.786845406549481,-1.3258022858096306
2026,2,8523970,220128,Riccardo Favretto,Back-row,True,21.28047249141122,3.8950051529155667,4.283263860975433,8.178269013891,2.0,True,True,0.00774015246150842,3.308104924790139,2.3527122297386907,0.011188180198011348,0.0,0.0,0.0,0.3180291077626376,0.018960857412321494,0.004703639653123639,0.2260336709291549,0.009083847455124975,0.0,-2.4216857700611323,-1.0724538814610824
2026,2,8523970,263016,David Odiase,Back-row,True,23.3071275388455,5.771517555010468,4.500488588286865,10.272006143297332,4.0,True,True,0.011947744446617177,4.28391404014459,5.729088100293009,0.006370874823911037,0.0,0.0,0.0,0.6654332325502739,0.040639707489127055,0.003004599033886319,0.0945202682978799,0.009948951615875272,0.0,-2.605739949409441,-0.8092279626694807
2026,2,8523970,231774,Alessandro Garbisi,Scrum-half,False,17.380316542855827,2.95518588556653,0.8032063034902498,3.7583921890567797,0.0,True,True,0.017919167319273087,1.4137873152474554,2.386765157619125,0.11325379098679966,0.0,0.0,0.0,0.35572378561835244,0.09960223902079972,0.010420184165267826,0.031210006803512748,0.004470246024397075,0.0,-2.6208268353253708,-1.7312828072857618
2026,2,8523970,142488,Paolo Odogwu,Back-three,False,28.808566502441046,5.672239443820721,1.4708310976949577,7.143070541515678,4.0,True,True,0.09152994277542162,2.251213645976694,11.598871871183576,0.007723075861675942,0.0,0.0,0.0,0.7268871670367647,0.07992024088600401,0.022734548070957043,0.20411696857996467,0.009667304195450015,0.0,-3.0432807800928354,-1.3276864827544284
2026,2,8523979,136680,Ellis Genge,Prop,True,60.83893825013867,13.61337842619712,3.9058118212891118,17.519190247486232,4.0,True,True,0.10630634013341271,9.177477292948724,17.457915837968955,0.020021534031210975,0.0,0.0,0.0,0.9667086794499485,0.3868145716483303,0.04462803364949353,1.0229203863600378,0.029209277792325843,0.0,-0.013936635030428666,0.6686798154145297
2026,2,8523979,115452,Luke Cowan-Dickie,Hooker,True,61.20345011562297,14.750878536266573,4.484013785546218,19.23489232181279,11.0,True,True,0.05638422508511684,13.20933014956252,9.743724347965102,0.00990046626930599,0.0,0.0,0.0,0.583119491565663,0.06165466252767163,0.03327198875816655,0.4424944255824304,0.0714461362089989,0.0,-0.03133574141245507,0.9077995970721907
2026,2,8523979,178806,Joe Heyes,Prop,True,62.90468948384925,14.911038288670557,4.048973979280399,18.960012267950958,11.0,True,True,0.0557982777424092,13.908968242684255,2.2458202537344563,0.004248475500702438,0.0,0.0,0.0,0.1362346019946598,0.027574904365298122,0.10758678959756997,0.5664456725754656,0.030201062056988855,0.0,-0.5725205508671329,0.7740020439730846
2026,2,8523979,122652,Maro Itoje,Second-row,True,65.25754545876288,14.372199759340445,6.389439676655527,20.76163943599597,11.0,True,True,0.04179991492061272,12.716303694590495,8.457377725036231,0.004000368792592853,0.0,0.0,0.0,0.5100953949237905,0.1386989209438545,0.19975607516568752,0.9827546879821525,0.060143690762237245,0.0,-0.038023267790264416,1.1221283737555563
2026,2,8523979,218742,Ollie Chessum,Second-row,True,66.99047721528754,15.72355180356133,6.9165910183386,22.64014282189993,16.0,True,True,0.06812760952735913,12.72601005481675,14.859515653247994,0.013410021130106581,0.0,0.0,0.0,0.8580057237109119,0.1014345080092344,0.054213635828974725,0.9592570076454139,0.06174082272519686,0.0,0.09303520043774903,1.4102875666852606
2026,2,8523979,239076,Guy Pepper,Back-row,True,64.40985843646946,16.167402196073876,7.396506297761291,23.563908493835168,7.0,True,True,0.04030147071332784,12.70732848282362,17.3070335232068,0.010294855081077591,0.0,0.0,0.0,0.9551304447091791,0.14294753426499232,0.06731323631656912,0.5808789632555805,0.027494188809915974,0.0,0.09041456619482617,1.540218482305014
2026,2,8523979,129660,Sam Underhill,Back-row,True,62.959638142555804,15.630160112440413,7.264395283888929,22.89455539632934,6.0,True,True,0.06815723158074316,12.941790692766034,10.98719581212499,0.005155958201061734,0.0,0.0,0.0,0.5511771776889622,0.051403222518763295,0.042317985926438,0.636987900149361,0.026875143347858916,0.0,-0.2331435328924464,1.3889419397146976
2026,2,8523979,142404,Ben Earl,Back-row,True,66.67735166960165,19.719235081838484,7.745447070689219,27.464682152527704,40.0,True,True,0.09606325376414918,12.917563805380029,23.5408074478387,0.01686313529257971,0.0,0.0,0.0,1.7071807544635285,0.09188034825283967,0.12509657580362235,0.7880246661555917,0.02846209789387142,0.0,0.49069400877732094,2.1610823786608475
2026,2,8523979,142356,Alex Mitchell,Scrum-half,False,68.24219374938855,15.023497589789724,0.9416039142593888,15.965101504049112,14.0,True,True,0.16483471904726804,4.005915522520935,28.274951085265972,1.0203026395878039,0.0,0.0,0.0,1.440709208144667,0.3108356975569575,0.0616246863293352,0.43542890177917254,0.01755200456517195,0.0,-0.004190147089078916,0.45102868619466474
2026,2,8523979,66258,George Ford,Fly-half,False,70.48858717495291,19.173114493855874,7.79562504581648,26.968739539672352,29.0,True,True,0.0264528071969701,8.722950096080966,8.495039727163393,0.38198899920993423,2.701785872108448,0.7568146713762128,0.0,0.4443872297896678,0.15536313338765903,0.05624564509761726,0.2156667761716947,0.05627952101022167,0.0,1.2183431419696211,2.218808475499374
2026,2,8523979,238830,Henry Arundell,Back-three,False,69.33749237597132,19.367019360123354,1.7749094422338394,21.141928802357192,-1.0,True,True,0.5843823037279487,4.570997303783583,31.446142604484336,0.17625269671582713,0.0,0.0,0.0,2.3274997909546746,0.3729552772501941,0.04104555038155746,0.24261158166422256,0.023267614891265543,0.0,0.6998456921415181,1.305329905598328
2026,2,8523979,156030,Fraser Dingwall,Centre,False,70.99764121881346,18.713703620922068,2.350138233225542,21.06384185414761,12.0,True,True,0.23047593435938715,10.696913814140396,31.813553272559105,0.1385680124910048,0.0,0.0,0.0,1.0472051946633654,0.12287109817941126,0.031862782062419576,0.22285042448344844,0.02377153165808486,0.0,-0.3550268616109436,1.1091389301290648
2026,2,8523979,213192,Tommy Freeman,Back-three,False,71.77477558999654,26.547585043805654,2.6315982451982736,29.179183289003927,8.0,True,True,0.7180729812901557,6.972673611528637,41.35477138620568,0.4509065443212092,0.0,0.0,0.0,2.431686500274659,0.7767905806077596,0.14148474549664178,0.41339497133528746,0.024085495164428365,0.0,1.0892180050402218,2.508149776402435
2026,2,8523979,187458,Tom Roebuck,Back-three,False,72.69058956389688,15.806529578892846,1.6144012089384128,17.42093078783126,2.0,True,True,0.27806428224131186,4.869290335904645,34.09414561627288,0.09856568199145122,0.0,0.0,0.0,2.322326581239034,0.14759376931730603,0.06680502664731894,0.389568065290506,0.02439281528989828,0.0,0.13406330236292346,0.6807897686058979
2026,2,8523979,203496,Freddie Steward,Back-three,False,73.28985011666892,20.011950100938392,1.8175173935473894,21.829467494485783,21.0,True,True,0.3690978348381269,3.3752438689297115,66.21795358310813,0.23905247412192965,0.005950112981810416,0.0,0.0,2.5406033334393965,0.40936591330786787,0.10933671210365935,0.34603474566113407,0.0245939094351238,0.0,0.7417180429574886,1.4097271761239982
2026,2,8523979,61134,Jamie George,Hooker,True,19.334634114962764,4.484596076040789,2.1108195391914006,6.59541561523219,7.0,True,True,0.014300240135951893,4.084726604015336,3.195156016213201,0.013879045340166644,0.0,0.0,0.0,0.1349901758805493,0.014841325954874432,0.004735194749763476,0.08063740708494624,0.02257037634184237,0.0,-2.314019815770297,-1.2769767222362396
2026,2,8523979,198810,Bevan Rodd,Prop,True,20.34785396976344,5.371314453461452,1.6389566672001719,7.010271120661624,9.0,True,True,0.012294929090876353,4.736677896669698,2.161479911964556,0.0017721806957033844,0.0,0.0,0.0,0.23993766051636822,0.0704859390555909,0.01602840199625672,0.20901944597162395,0.009769173101556318,0.0,-2.636623482959109,-1.2750480294077917
2026,2,8523979,175890,Trevor Davison,Prop,True,20.721765686715454,4.457845079689903,1.6544144392130313,6.112259518902935,2.0,True,True,0.005013070632949829,4.45694110673228,0.5056987785668228,0.0014672817382875155,0.0,0.0,0.0,0.03585045051587229,0.02260934469771718,0.011583382642479245,0.20525426107147057,0.0099486912115758,0.0,-2.719780223323039,-1.4164007990045806
2026,2,8523979,198696,Alex Coles,Second-row,True,26.289627650199698,5.970659735227931,3.205495940640135,9.176155675868067,5.0,True,True,0.03068736655217949,5.182607602814327,3.4259584199106863,0.02676019691612421,0.0,0.0,0.0,0.17876582104749197,0.10085662140438655,0.0046142801904639425,0.24046812803030854,0.02422946227187055,0.0,-2.0394017788780303,-0.8644957739377215
2026,2,8523979,155892,Tom Curry,Back-row,True,24.587234466262206,5.934119282356943,4.091341543635666,10.02546082599261,9.0,True,True,0.01110837728734626,5.034411705749618,4.156538615891399,0.005033672257253032,0.0,0.0,0.0,0.4468707364234071,0.10054749598030038,0.012073000098300533,0.3897773271959594,0.010495381966968052,0.0,-2.0553360453536524,-0.7474121060424059
2026,2,8523979,342324,Henry Pollock,Back-row,True,22.617607699951918,9.66648539822832,3.9673131190440007,13.63379851727232,22.0,True,True,0.22793523437448276,3.771160383770744,11.782583016097474,0.03561048179015144,0.0,0.0,0.0,0.6674767312081046,0.08150730066106247,0.022981491919558245,0.23074784629439454,0.00965462107240075,0.0,-1.796811379055743,-0.19270916297147794
2026,2,8523979,116268,Ben Spencer,Scrum-half,False,25.179059576709566,5.123554480112387,0.8061491217934694,5.929703601905856,2.0,True,True,0.010632333650231616,1.9784836713444687,2.873944963606376,0.5365243212234623,0.07164628621283513,0.0004604578618618112,0.0,0.3471831144520467,0.05390122646494855,0.007267625328813915,0.058150089266856775,0.006476095570141349,0.0,-2.587406358161244,-1.4189323690029298
2026,2,8523979,227772,Fin Smith,Fly-half,False,29.239405075174965,11.052062496541604,2.8778680379287946,13.929930534470397,3.0,True,True,0.0137206825865001,4.701208271281876,7.104953149600016,0.3032854817910053,1.5292749662425662,0.17316316890920277,0.0,0.6281108437540751,0.16179321699105279,0.01707589090922451,0.1259948658209869,0.023345335439485505,0.0,-1.682657220247741,-0.13087142889226824
2026,2,8523979,179394,Nathan McBeth,Prop,True,57.091808302287156,9.652401505385164,3.354045917208601,13.006447422593766,8.0,True,True,0.007819020767963729,9.195562789846026,1.80049027450938,0.0027460371573844343,0.0,0.0,0.0,0.08077811651587348,0.20500240217238686,0.10919385452179084,0.6519098061406516,0.027410249690935713,0.0,-2.365370905661745,-0.3810638094106531
2026,2,8523979,117864,George Turner,Hooker,True,56.1208599777185,11.509948828382992,3.8622385349034376,15.372187363286429,,False,True,0.014223581260371362,11.10991266120657,9.46797737141953,0.012290334375043172,0.0,0.0,0.0,0.21516860283247807,0.13263921845557208,0.03339169941233678,0.39748827569065714,0.06551295063528982,0.0,-1.676382761768278,0.0738067196741839
2026,2,8523979,130530,Zander Fagerson,Prop,True,62.49213998477137,12.742217762344334,3.6622320342712897,16.404449796615623,8.0,True,True,0.005687205815259011,12.526689114312195,6.540394163320906,0.0017679915711672932,0.0,0.0,0.0,0.3021255358764574,0.06000010341303662,0.033918721239900564,0.6206813221199957,0.030002993627981988,0.0,-2.1442264725244984,0.13738837882646932
2026,2,8523979,220296,Gregor Brown,Second-row,True,61.122455942847964,13.173269539606363,4.698684752824724,17.871954292431088,25.0,True,True,0.005273440952743452,11.116625495972249,7.940963290439251,0.007048232239857352,0.0,0.0,0.0,1.0491508057974035,0.21874071435954057,0.05960073160547262,0.6027739770219785,0.0563326441871479,0.0,-0.6030005608721222,0.615070640171987
2026,2,8523979,136596,Scott Cummings,Second-row,True,64.7142682329895,12.24172761569153,4.885299573513271,17.127027189204803,23.0,True,True,0.008424044232493521,12.262067401603097,2.664030680123513,0.007394420837791313,0.0,0.0,0.0,0.12659944490213026,0.031956478038468454,0.053019386670625286,0.46027197690320376,0.059642987016250856,0.0,-1.478992423559194,0.3561542924096024
2026,2,8523979,130536,Jamie Ritchie,Back-row,True,67.51560052430222,13.220148146897307,6.083803151303208,19.303951298200516,,False,True,0.005988422757002284,12.127537290815148,7.0480219527653425,0.021652367911302147,0.0,0.0,0.0,0.6184373052043239,0.0827378105698146,0.04478276249380918,0.5659894241399567,0.028819915359090127,0.0,-0.6719118338942972,0.8051027412634534
2026,2,8523979,180222,Rory Darge,Back-row,True,67.77514115634162,18.074648576830413,6.257335358736627,24.331983935567038,38.0,True,True,0.015011918172671859,14.679513092900057,10.909627124210282,0.005465967678998164,0.0,0.0,0.0,1.0894594461785585,0.2415852676975196,0.03890915822221011,0.5638888599107381,0.028930703665637558,0.0,0.6066444375140778,1.7392508080948754
2026,2,8523979,124308,Jack Dempsey,Back-row,True,68.92403635759757,18.13033822164753,6.325436687851764,24.455774909499294,16.0,True,True,0.02123632047020587,13.00995592277381,26.18181955128693,0.05070667883046988,0.0,0.0,0.0,1.3346931598929381,0.2281455067977677,0.03623051783361352,0.560713523157113,0.029421124578723316,0.0,-0.15306910333699839,1.6233664585249596
2026,2,8523979,142476,Ben White,Scrum-half,False,63.11235920182462,10.066389960322258,0.8465270827424398,10.912917043064699,28.0,True,True,0.07232202334733218,6.326590344701466,6.869971144667217,0.12907216943628821,0.0,0.0,0.0,1.042147905639675,0.23034317839492063,0.028450835223025984,0.10578262640517054,0.016232602675366414,0.0,-1.5659469190438604,-0.5362405385126039
2026,2,8523979,117894,Finn Russell,Fly-half,False,71.37050096300486,20.154214016196104,2.0880757384624182,22.242289754658522,36.0,True,True,0.009984802694492513,7.9038652902818445,15.688224099906952,0.25646341835872405,3.3606149744748772,0.6923438662562962,0.0,0.6174588372599555,0.1458655202846313,0.04842065486207566,0.15744821704566136,0.05698365890761892,0.0,0.4273078697286867,1.4128071324599685
2026,2,8523979,214146,Jamie Dobie,Back-three,False,69.22086840219886,13.679729783058553,1.5562652639881813,15.235995047046735,,False,True,0.049109723224301724,6.044868463795956,34.36690878034698,0.07548041473998353,0.0,0.0,0.0,1.4088159213194675,0.3764330554382908,0.14432621452736716,0.33414420144472246,0.023228479329596933,0.0,0.1047969765891106,0.3672454418306166
2026,2,8523979,139998,Sione Tuipulotu,Centre,False,71.99928979596953,12.528746215116472,2.1451405690915055,14.673886784207978,18.0,True,True,0.0573190213451042,7.794893999358283,20.55887022636363,0.0804874708409487,0.0,0.0,0.0,0.8586818897043713,0.14420230772660336,0.07164556064117338,0.40474955379639016,0.024106905065614796,0.0,-0.7645670331793979,0.1352976838199349
2026,2,8523979,136776,Huw Jones,Centre,False,72.70987776239097,13.904423804912899,2.4405780019736865,16.345001806886586,49.0,True,True,0.07929062913248648,6.818324498419222,23.559606976656816,0.09419791118966057,0.0,0.0,0.0,1.736387021839116,0.2573975818059732,0.07724679384316392,0.3356776803775418,0.02434482514365769,0.0,-0.2721765180957833,0.4576107407082652
2026,2,8523979,171582,Kyle Steyn,Back-three,False,74.20358871012608,16.049127969669325,1.622490415363499,17.671618385032822,44.0,True,True,0.15611762721619185,6.906399728582244,32.65971916822822,0.07198949136373103,0.0,0.0,0.0,1.837914065809221,0.2310134064854073,0.13053276705456235,0.37242211077081167,0.024900533124203383,0.0,-0.07687025724118639,0.6791481169106743
2026,2,8523979,242766,Tom Jordan,Centre,False,71.46667393787082,17.206699742338657,2.2786088276993457,19.485308570038,4.0,True,True,0.051984750339163034,6.448391137259549,23.961765130400302,0.3884609449654161,2.0544207892377404,0.04840241235022307,0.0,1.133940418441683,0.22066113581143315,0.051348842415656744,0.415735944969222,0.023928573863126388,0.0,0.15250323268153082,0.9754167255878523
2026,2,8523979,111864,Dave Cherry,Hooker,True,18.72038685945556,3.455388168190271,1.979483498385833,5.434871666576104,,False,True,0.0023546783169391605,3.4590616097177884,1.856150218253446,0.0021639190882527053,0.0,0.0,0.0,0.0716070677014038,0.009425406453981528,0.0020368312361724026,0.11063173757363629,0.02185333191052249,0.0,-3.2596357388730293,-1.6067796017094809
2026,2,8523979,130290,Pierre Schoeman,Prop,True,21.18836193055735,4.598726976413848,1.5735907854761828,6.172317761890031,10.0,True,True,0.003305772839896491,4.4213207053224615,2.923149747910631,0.0007283128922257275,0.0,0.0,0.0,0.17175183596445703,0.028497873443894935,0.005587800534813529,0.25266845491640505,0.01017270793006616,0.0,-2.773281751138922,-1.4173149699238499
2026,2,8523979,178038,Elliot Millar-Mills,Prop,True,15.686878597449326,2.5548507990594005,1.2984673484694438,3.853318147528844,11.0,True,True,0.0009279496716626622,2.317916171787967,1.1897029684943055,0.000561064476912733,0.0,0.0,0.0,0.1349461082541239,0.04468744184339286,0.004000361040699476,0.12084077986786088,0.007531400248365508,0.0,-3.407738197454504,-1.85601571454205
2026,2,8523979,231570,Max Williamson,Second-row,True,19.962538197996256,3.422557868734136,2.2577945025561355,5.6803523712902715,5.0,True,True,0.002144570945679407,3.184756281798973,1.4833609822373275,0.002068011367090009,0.0,0.0,0.0,0.1481949331659096,0.06927898718770799,0.003857083947010197,0.16488133285989084,0.018398190060156708,0.0,-3.3791946280110716,-1.593116602926949
2026,2,8523979,161856,Matt Fagerson,Back-row,True,25.753527720845106,5.255501386175102,3.615982805481511,8.871484191656613,19.0,True,True,0.003644123422734585,4.434230304893429,4.683979887296313,0.009842536728053845,0.0,0.0,0.0,0.44337853727484994,0.04182776857916754,0.012381215602931227,0.2501134593631932,0.0109932294662117,0.0,-2.3487524604247443,-0.9618030270425499
2026,2,8523979,129792,George Horne,Scrum-half,False,23.11961851858935,4.216227942569319,0.8018008784253977,5.018028820994717,8.0,True,True,0.005915244372243576,2.1506470206678063,6.1273725382180935,0.03935790830260935,0.4331604739481605,0.0002524540541410747,0.0,0.45675486482579625,0.06818028753980335,0.007712863799170772,0.07678406911732519,0.005946403939966396,0.0,-3.1642267585884833,-1.6488698241215265
2026,2,8523979,142002,Adam Hastings,Fly-half,False,24.269410072235825,5.2411185470068915,1.7169190603268134,6.958037607333705,0.0,True,True,0.009904489201037769,2.435575147433255,4.481769118493179,0.07658639377188269,0.7304832145816323,0.0011095485281228431,0.0,0.46480152408659753,0.07828194870797096,0.007910815331152721,0.09297721256291142,0.019377190390778943,0.0,-3.035177338189999,-1.3523817118298531
2026,2,8523979,146754,Darcy Graham,Back-three,False,27.851069870460865,5.709240838036147,1.4582201390656544,7.1674609771018005,5.0,True,True,0.017593994185368757,2.0686342926484587,15.885086763189124,0.024241545848581306,0.0,0.0,0.0,1.158876100918033,0.08896838209726464,0.011154989701981102,0.13703351139669676,0.009345996600825794,0.0,-2.235899187341758,-1.1825186070943587
2026,2,8523988,162870,Rhys Carre,Prop,True,57.7851183138541,9.331182542477263,2.579805616331138,11.9109881588084,29.0,True,True,0.027105018855829156,8.415749312997338,5.856533986655619,0.001858695453912438,0.0,0.0,0.0,0.8182435266032321,0.028270882014973547,0.007283636785656176,1.0893082685092244,0.02774311356572586,0.0,-1.7243053031031055,-0.42315899227403686
2026,2,8523988,178848,Dewi Lake,Hooker,True,61.331720544186254,14.409757912556334,3.2966652795806057,17.70642319213694,21.0,True,True,0.014533502972037812,13.119900616673114,10.790789054151395,0.008764665801111547,0.0,0.0,0.0,0.3509059922709868,0.09838768751364166,0.007524124551378373,0.5414325277335655,0.07159587329887546,0.0,-0.8730030387906622,0.5443103196082966
2026,2,8523988,131898,Tomas Francis,Prop,True,56.84636006915516,7.77634126812926,2.535144135752311,10.311485403881571,10.0,True,True,0.004582490336406303,8.001176310410246,1.1256222469982962,0.0023701524900131906,0.0,0.0,0.0,0.08328358907729469,0.059804023637508884,0.028879107979375995,0.5971617327999349,0.027292407962736725,0.0,-2.288702866048104,-0.7480037504315062
2026,2,8523988,232104,Dafydd Jenkins,Second-row,True,67.83673987955677,13.975622928161814,3.718418295002023,17.694041223163836,21.0,True,True,0.007468848222295862,13.65401191722151,5.809123180261846,0.012591306673052157,0.0,0.0,0.0,0.2210138103205862,0.08424368949194148,0.06365985734802354,0.4569973819455914,0.06252076870118517,0.0,-0.0690484841140992,0.6836861432189819
2026,2,8523988,129576,Adam Beard,Second-row,True,63.173993215952635,9.919749716587326,3.4956312244405088,13.415380941027834,14.0,True,True,0.004870094072885439,10.262145410322772,2.692133580058594,0.004936213149673992,0.0,0.0,0.0,0.13559032174508956,0.03199008648425253,0.03313292451524261,0.6449003244451916,0.0582234144034255,0.0,-1.841441501924817,-0.23137336295216043
2026,2,8523988,176652,Aaron Wainwright,Back-row,True,69.37884548533349,15.470506436520953,4.8225596658702425,20.293066102391194,28.0,True,True,0.030436014423880515,11.880386806568396,27.426700264520825,0.03684622844875874,0.0,0.0,0.0,0.6443024742957508,0.18181652623482678,0.0276497509002632,0.6562159268057465,0.02961526579148158,0.0,-0.047772142920264965,1.0542772475054427
2026,2,8523988,232110,Alex Mann,Back-row,True,64.6958136970063,13.442738670407214,4.614523801846888,18.057262472254102,27.0,True,True,0.024879619170994495,12.566907203964155,9.97867600359105,0.006331618375047499,0.0,0.0,0.0,0.6133035080127729,0.09607205227883966,0.02283606332741219,0.9175394691152056,0.027616252545425397,0.0,-0.04428944327326318,0.7393014975706216
2026,2,8523988,129894,Olly Cracknell,Back-row,True,64.3793910533583,14.267169397995508,4.6161447656077295,18.883314163603238,15.0,True,True,0.022081028383435522,11.186606641914256,20.35408459636045,0.004852963520270795,0.0,0.0,0.0,0.6679752629872495,0.09180584217841438,0.024755917042759056,0.7760004022477508,0.02748118340974686,0.0,-0.7049491138937298,0.7399299120505433
2026,2,8523988,128628,Tomos Williams,Scrum-half,False,70.03832966398775,8.73152180013909,0.8352421146170754,9.566763914756166,15.0,True,True,0.07379092543762994,4.698090208243266,15.083162241298199,0.21319985393753274,0.0,0.0,0.0,0.39910336548600905,0.310990667760273,0.05539964778812616,0.16439351526875648,0.018013973679009195,0.0,-1.1870383102156252,-0.6597397252941581
2026,2,8523988,263442,Dan Edwards,Fly-half,False,71.39683982647837,12.301330099245813,1.7822724126077745,14.083602511853588,10.0,True,True,0.04368220848948932,5.4756536961131275,15.301305902122195,0.0546525395402111,1.790594794568215,0.20205695134002088,0.0,0.4966551116815288,0.25013161838515824,0.03640906844115562,0.40771164346031236,0.05700468839167658,0.0,0.554594570327316,0.2835394791636698
2026,2,8523988,129096,Josh Adams,Back-three,False,72.06698394659604,9.773983270616657,1.4931125394671287,11.267095810083786,12.0,True,True,0.10342306780050561,4.206178334274422,27.33477149140858,0.017790652353985914,0.0,0.0,0.0,1.2517722909439464,0.19614909866688168,0.054726499941550356,0.5861458717085148,0.024183551659931555,0.0,-0.4860378389399469,-0.296683951734667
2026,2,8523988,220962,Joe Hawkins,Centre,False,67.75469317029481,13.657271959746804,2.1529037825356814,15.810175742282485,17.0,True,True,0.019732863238083428,6.701378144106178,25.046204146822106,0.06893477698159875,1.40729966032627,0.12879974381531237,0.0,0.5264047921451541,0.187209884682695,0.03543435853384745,0.20914500729152993,0.02268572315969692,0.0,-0.7812742958908246,0.29275386457943586
2026,2,8523988,232158,Eddie James,Centre,False,71.65003048596098,11.039542591833131,2.1183826959783687,13.1579252878115,19.0,True,True,0.030451673731172337,8.3896423523435,18.887392616478756,0.03235936443160018,0.0,0.0,0.0,0.7536908484188746,0.12445536589766573,0.025320860145836316,0.5470008570882775,0.023989965564495862,0.0,-0.1766514540970215,0.024518188047991996
2026,2,8523988,363636,Ellis Mee,Back-three,False,73.36815301457281,10.387707472414734,1.4990316906854988,11.886739163100232,10.0,True,True,0.10528529973404767,3.651112255137875,25.17200499164516,0.008643880853178566,0.0,0.0,0.0,1.5634527213221916,0.24238319645835035,0.12376332289344046,0.45822082562781896,0.024620185575360002,0.0,-0.23039233440731105,-0.16434517047516103
2026,2,8523988,187290,Louis Rees-Zammit,Back-three,False,72.88019806468844,14.741706090155507,1.5587112196302542,16.30041730978576,37.0,True,True,0.13266686844388764,3.305912197223229,40.388305615190454,0.042101513049017054,0.0,0.0,0.0,2.5368064719325103,0.28712083175603487,0.1512356859694579,0.3410316694091131,0.024456442303586724,0.0,0.4563947068335929,0.5792085848116163
2026,2,8523988,128574,Ryan Elias,Hooker,True,19.213920927881695,3.242105843990129,1.7408118822456842,4.982917726235813,10.0,True,True,0.0022660121653582973,3.079022712946059,1.5722953353948814,0.0007156472923515488,0.0,0.0,0.0,0.18593228473248655,0.020765700059318694,0.002548077348110429,0.1877586907625727,0.022429461233460027,0.0,-3.0013603631488035,-1.6252367734306086
2026,2,8523988,121974,Nicky Smith,Prop,True,21.967329511783362,3.479231815031808,1.3063540040597403,4.785585819091548,6.0,True,True,0.005950682228172464,3.3713371056856314,1.7556727667387677,0.0006564062016794271,0.0,0.0,0.0,0.11187238056001703,0.010021607933971314,0.003983908135182691,0.19496518298201063,0.010546696713001484,0.0,-2.897736129873081,-1.6349006134758246
2026,2,8523988,219990,Archie Griffin,Prop,True,17.652923324315637,2.859693983947585,1.1548589982967576,4.014552982244343,13.0,True,True,0.002243726873408881,2.8309929355987435,1.033223824658774,0.0003412295127150531,0.0,0.0,0.0,0.129659698145961,0.019919387126076122,0.0027432073658483994,0.2768174072071509,0.00847531459386355,0.0,-2.9728369716822804,-1.7569160306540508
2026,2,8523988,219996,Ben Carter,Second-row,True,25.79325734132022,4.224053336301416,2.081238820964002,6.305292157265418,5.0,True,True,0.0021073431394907933,4.493306435404394,0.522161925853016,0.0010703661636799675,0.0,0.0,0.0,0.03461728640103126,0.008390670784239294,0.005399545714999291,0.29929840569446536,0.023771989620226485,0.0,-2.8273924937493504,-1.4080438543231122
2026,2,8523988,206706,Taine Plumtree,Back-row,True,25.53341855674539,4.060008554746356,3.0911784565695166,7.151187011315873,,False,True,0.006552156049164594,3.2755547870321045,4.980831617287275,0.0036303686878604736,0.0,0.0,0.0,0.4002354856084555,0.057450853502732685,0.01043280027193375,0.24139036237445594,0.010899272996449862,0.0,-2.563498928373777,-1.2423214910247071
2026,2,8523988,135900,Kieran Hardy,Scrum-half,False,19.83488806627515,2.2968472627976415,0.800797356837335,3.0976446196349765,0.0,True,True,0.01634932574829434,1.2741448280046253,5.343911565349933,0.023011219984635598,0.0,0.0,0.0,0.3577702856818161,0.07769164365044588,0.004066473795115372,0.09858410096523346,0.005101565860667476,0.0,-2.585893862675332,-1.8184163142966132
2026,2,8523988,139716,Jarrod Evans,Fly-half,False,20.765562119743475,4.053160603348657,1.7175984857501354,5.770759089098792,3.0,True,True,0.00894814802354589,1.8147672534083892,4.86500265415138,0.04358857249150361,0.15852110573053643,0.08271993097376036,0.0,0.6167993943344356,0.14537341685425773,0.0036023375349107964,0.05010349992832373,0.016579646953435292,0.0,-2.4769821579443434,-1.4219841258091992
2026,2,8523988,220956,Mason Grady,Centre,False,24.722045815579243,3.1681689405559013,2.065277295778693,5.233446236334594,13.0,True,True,0.036820857385685184,1.8514869136552692,8.082783473933299,0.0020451973272319316,0.0,0.0,0.0,0.6001829604331919,0.03075808668341109,0.014540316068571212,0.352903657355307,0.00827747069718055,0.0,-2.2735742653384827,-1.4621210970088114
2026,2,8523988,178704,Jean-Baptiste Gros,Prop,True,59.18686528645684,10.012172045953282,4.354757818438901,14.366929864392183,11.0,True,True,0.01424802520578867,8.877457463313428,6.403691315707981,0.002942223523604843,0.0,0.0,0.0,0.6047830833560709,0.09154702217676167,0.009911698318538888,0.39091287275503006,0.02841610388894558,0.0,-1.5371029925055413,-0.04363819324908912
2026,2,8523988,135138,Julien Marchand,Hooker,True,61.66331621814521,15.284291975467225,5.116501137640953,20.40079311310818,31.0,True,True,0.1185197872473468,10.23874769059999,12.403880272762347,0.031679368714257035,0.0,0.0,0.0,1.007285199113658,0.3559775324417697,0.021076516167124103,0.3309632272808892,0.0719829630731158,0.0,-0.5551253402927063,0.9804239557061087
2026,2,8523988,127122,Dorian Aldegheri,Prop,True,60.880646843736855,8.048933746130327,4.446083106855276,12.495016852985604,9.0,True,True,0.019988573002899,7.687346328378802,3.1292451952585223,0.004077796750647571,0.0,0.0,0.0,0.1991339722725707,0.02860416425112449,0.015763121997391712,0.34269773516231555,0.02922930243331691,0.0,-1.8342095641849931,-0.3600146866597431
2026,2,8523988,123504,Charles Ollivon,Back-row,True,66.69832578998265,14.83789874281529,7.135110612485252,21.97300935530054,39.0,True,True,0.07121977912921405,10.250462528662695,22.907099851210717,0.022426626389130615,0.0,0.0,0.0,0.8158874234415401,0.3289693728359252,0.012247050215535979,0.7791605671201021,0.02847105097092943,0.0,-0.12803970213030988,1.27731389406528
2026,2,8523988,219930,Mickael Guillard,Second-row,True,63.224972925451794,14.89035289165161,12.383096989294131,27.27344988094574,31.0,True,True,0.08393905135153898,10.727361729394,12.719527337473954,0.01714382324180477,0.0,0.0,0.0,0.8962136641760888,0.197202907703171,0.033298527142389935,0.22664368480676841,0.05827039912927922,0.0,-0.34569122170310534,1.9872733195784378
2026,2,8523988,123366,Francois Cros,Back-row,True,65.56686531080318,11.844150932453287,7.007071408025941,18.85122234047923,15.0,True,True,0.017699277653672914,9.67884345017032,9.53775947513226,0.012729366422105723,0.0,0.0,0.0,0.9565203886036613,0.07428309710073712,0.04145325795391835,0.28003204790626135,0.02798807229653594,0.0,-0.2199223190411655,0.8205401221139813
2026,2,8523988,242478,Oscar Jegou,Back-row,True,68.30483626866337,16.64326157932464,7.290292714153077,23.93355429347772,25.0,True,True,0.12305759115032994,10.549910694435892,15.598142302823623,0.039063020320877,0.0,0.0,0.0,1.3852071564830344,0.40105848627268165,0.022228429929007747,0.44665444411419924,0.029156810938396564,0.0,1.7286653091744801,1.8799677366963672
2026,2,8523988,139728,Anthony Jelonch,Back-row,True,67.60506290859253,14.807168317841015,7.200893342406548,22.008061660247563,18.0,True,True,0.14210878065387217,9.060852910808224,18.551895943360883,0.0561935471256271,0.0,0.0,0.0,1.0754980330752082,0.38358766949221057,0.02001155091120705,0.48402913324082686,0.028858103545569207,0.0,0.03276116725677172,1.3104880399145418
2026,2,8523988,135318,Antoine Dupont,Scrum-half,False,67.01085298163247,27.82044665357472,2.044557419985659,29.865004073560378,33.0,True,True,0.420024195625042,5.173869097687256,55.06237444110938,1.2965785783710195,0.0,0.0,0.0,3.6470250179241432,0.8429863609431822,0.028851278692653436,0.7780813565809211,0.017235301692806706,0.0,1.2323888153451612,2.630086162468213
2026,2,8523988,169662,Matthieu Jalibert,Fly-half,False,69.76803041458642,25.001266745581773,2.224745222534276,27.226011968116048,87.0,True,True,0.15257610078477857,5.1915378114761,47.988776593533196,1.0472396961458559,1.856387246343582,0.26573118169282456,0.0,2.0392330555546216,1.1141764364042432,0.025551998006698756,0.5710168008220807,0.055704213844063676,0.0,1.1606544415391362,2.244996384970765
2026,2,8523988,231684,Louis Bielle-Biarrey,Back-three,False,70.54703605886321,27.484745400834957,2.6773623105537503,30.162107711388707,39.0,True,True,1.1389037086934393,2.9656374845735396,51.26818562929651,0.4015804150871459,0.0,0.0,0.0,2.4902601116969745,0.7462045796739635,0.07846979266616713,0.22316166692838987,0.023673502033175576,0.0,2.140058135484713,2.8313521026723323
2026,2,8523988,354888,Fabien Brau-Boirie,Centre,False,71.79426355096285,22.157121489090134,2.403470587491064,24.560592076581198,56.0,True,True,0.4476393786392928,7.400138630603037,30.020573865165726,0.17585293148511472,0.0,0.0,0.0,2.8093016410159604,0.4538744976129712,0.09080388556977445,0.2830030695261923,0.024038257885367023,0.0,1.3232776707259748,1.8973146535604357
2026,2,8523988,231696,Emilien Gailleton,Centre,False,69.84882411679521,14.809287236602776,2.1724438296170314,16.981731066219808,33.0,True,True,0.10776707047953928,6.454755596298544,22.88603215934376,0.04848764657253898,0.0,0.0,0.0,2.553634134824204,0.06792367928086498,0.050824417157052576,0.2973929494026184,0.023386883074819825,0.0,-0.2967061735225151,0.5431801909616971
2026,2,8523988,339450,Theo Attissogbe,Back-three,False,72.20157764322252,21.38986582250035,1.754763070340665,23.144628892841016,49.0,True,True,0.5945581923499683,4.321302534162214,43.25120843963839,0.14377384915152253,0.0,0.0,0.0,2.7067042477516727,0.6567189941512633,0.07972447156316458,0.45643928673963086,0.024228717329940443,0.0,1.7594467594652872,1.774012988678407
2026,2,8523988,129822,Thomas Ramos,Back-three,False,73.61755502390176,33.43210501201031,3.1185094991499858,36.5506145111603,48.0,True,True,0.38938629661792395,1.9351702437159921,76.47296576097008,0.29469547480021824,5.321374010892507,0.4186102520531998,0.0,2.758120172213875,1.23080182779144,0.038782749600584775,0.5225272354199691,0.02470387752479925,0.0,2.83182143458992,3.8545294497163782
2026,2,8523988,178824,Maxime Lamothe,Hooker,True,18.965118344603596,3.9837723205082356,2.2864078380997412,6.270180158607976,10.0,True,True,0.029431602906683625,3.4103634272846164,1.7571568960278805,0.00470888611385914,0.0,0.0,0.0,0.16335474191578092,0.031591567041214824,0.0029462340990225448,0.1808293814202372,0.02213902036418785,0.0,-2.505095928549503,-1.356425079799194
2026,2,8523988,133488,Rodrigue Neti,Prop,True,17.700917138817854,2.2384812638187714,1.6688441198541584,3.90732538367293,7.0,True,True,0.005889003229375695,2.1591046401266363,0.9076939312164569,0.004255712229662394,0.0,0.0,0.0,0.07812006784484689,0.00894076076907882,0.0034189853044182417,0.17470607330993806,0.008498356821430785,0.0,-2.6410699405711817,-1.7138140683608785
2026,2,8523988,207432,Regis Montagne,Prop,True,20.173769464095564,3.567147927728353,1.8310497168967435,5.398197644625096,,False,True,0.014347080611957582,3.18879298398249,1.4115843478465016,0.002236952185705145,0.0,0.0,0.0,0.2237819001544565,0.059906085437193037,0.0020122942787570374,0.37480854830560345,0.009685593689560562,0.0,-2.8670457151031337,-1.5430422249639297
2026,2,8523988,213072,Thibaud Flament,Second-row,True,25.68794016886204,4.680288284012027,3.0127636335597403,7.6930519175717675,11.0,True,True,0.037551889243606904,3.552768780001375,4.030432588729481,0.01323504148095242,0.0,0.0,0.0,0.32135885377325574,0.12450164256209197,0.0030835969118371046,0.2774633500836933,0.023674925542689573,0.0,-2.3845989058023234,-1.134432907435869
2026,2,8523988,166476,Emmanuel Meafou,Second-row,True,21.403359238667523,4.431340209048043,2.6981231372994703,7.129463346347514,4.0,True,True,0.018334609116557217,3.36351820789403,6.853969654240376,0.008557038801528178,0.0,0.0,0.0,0.33764957285970143,0.17555262814146233,0.0029074714799207342,0.18373653856776523,0.019726102326924646,0.0,-2.360708830836829,-1.2097907078999164
2026,2,8523988,238116,Lenni Nouchi,Back-row,True,24.40246184017744,7.126712065054177,3.9523599698946135,11.07907203494879,16.0,True,True,0.06773981875744839,4.343206674164846,8.143011548405527,0.011698450139451031,0.0,0.0,0.0,0.7861411934692295,0.14091668908341023,0.011013878811821592,0.13648830339607362,0.010416509359702671,0.0,-2.0714730287536116,-0.6015259106738924
2026,2,8523988,121830,Baptiste Serin,Scrum-half,False,20.19466556314933,5.726717224189869,0.8154349705255863,6.542152194715456,13.0,True,True,0.11393727656363362,2.158645177344348,7.911948441775495,0.13628836667147776,0.169640375107163,0.0255585084059389,0.0,0.5410418300996218,0.28601022579886987,0.0020920547907281248,0.1710043405340438,0.005194101225089847,0.0,-2.212236570193747,-1.2666282366805712
2026,2,8523988,341154,Noah Nene,Centre,False,25.72765878262718,6.03608126908949,2.078502221132857,8.114583490222348,,False,True,0.025716141378695167,3.4380538345756078,9.183108370780921,0.011281807374909712,0.0,0.0,0.0,0.868984392224077,0.3180757105064597,0.02721055461371846,0.17136332996538747,0.008614171467397493,0.0,-2.5239489619373505,-1.0993941370244096
2026,3,8523997,136680,Ellis Genge,Prop,True,60.899859570117826,10.842665995022434,3.2707624516092855,14.113428446631719,13.0,True,True,0.06998115321793223,6.799997080356395,12.592021684388914,0.02661268057523327,0.0,0.0,0.0,1.1996106451347348,0.2507534408328065,0.03015811885664339,1.018825239010836,0.029238526622268106,0.0,-0.2835944375285218,0.14061649379889948
2026,3,8523997,115452,Luke Cowan-Dickie,Hooker,True,61.33352812097772,10.529834760495017,3.7704209660039147,14.300255726498932,6.0,True,True,0.042287242389468314,8.985691202972033,8.611223211677379,0.015391120467205893,0.0,0.0,0.0,0.7083345247870724,0.05271939046913952,0.018319198340040806,0.40744346548964167,0.0715979833821699,0.0,-1.1378321868486645,0.017037344023527388
2026,3,8523997,178806,Joe Heyes,Prop,True,63.16415800888666,10.440935320567037,3.363966309118523,13.80490162968556,21.0,True,True,0.03704521723064431,9.540744863696903,1.942238109881127,0.007743456828675355,0.0,0.0,0.0,0.20610860122831764,0.02956949229478862,0.11059232258743897,0.5591512536707781,0.030325635043371723,0.0,-1.1871393977722722,-0.06153786888731058
2026,3,8523997,122652,Maro Itoje,Second-row,True,64.92592105113911,9.850290102063909,4.9769422559504335,14.827232358014342,16.0,True,True,0.03692631142313792,8.283800814761584,6.938742135094847,0.004395279536685235,0.0,0.0,0.0,0.8696009529158384,0.059832774565469864,0.044869312170915714,0.7890102488450382,0.059838053832727896,0.0,-0.7597533837284677,0.15778761769852417
2026,3,8523997,218742,Ollie Chessum,Second-row,True,67.30318612347946,11.849003731621808,5.301337208130181,17.150340939751988,14.0,True,True,0.057204393050741015,8.973301727555357,10.946074212855018,0.013672515550513631,0.0,0.0,0.0,0.8185567445850129,0.0903520611029303,0.04596478655241209,0.7745503657693283,0.06202902645306733,0.0,-0.5321160811139104,0.5256566452101371
2026,3,8523997,155892,Tom Curry,Back-row,True,65.25099084819709,13.06360892110296,5.86273504936581,18.92634397046877,9.0,True,True,0.03039712336600113,9.192516635491385,13.79553881401293,0.015155492235585192,0.0,0.0,0.0,1.335645898499375,0.1452438804075323,0.05025138651751204,0.7192568384267054,0.027853237159090504,0.0,0.05978552620113624,0.8802426565728192
2026,3,8523997,142404,Ben Earl,Back-row,True,66.56652590327191,16.196513148735953,6.043542323741705,22.240055472477657,12.0,True,True,0.12454796700515784,9.440582904291904,28.54922828592567,0.024599287356383722,0.0,0.0,0.0,1.5522367832342092,0.09223720886679479,0.11402855658399229,0.927703224836255,0.028414790468914434,0.0,0.18027806093840335,1.3691289541032852
2026,3,8523997,342324,Henry Pollock,Back-row,True,63.91263471548224,20.734586316523288,6.178354492675906,26.912940809199192,26.0,True,True,0.3347421757845299,8.390386856432585,27.362320090694748,0.11054250650730525,0.0,0.0,0.0,2.2520781367082665,0.1644784604709536,0.11580359917665504,0.3948246810762093,0.02728194237439437,0.0,1.2558005080865269,2.217507543348732
2026,3,8523997,142356,Alex Mitchell,Scrum-half,False,68.24959118871503,12.911861874512947,0.9748526708653089,13.886714545378256,1.0,True,True,0.11231758977172726,4.020888280929093,23.81790523608415,0.5710492646557181,0.0,0.0,0.0,1.6305505159956513,0.3269612566702213,0.039665337974961384,0.5419800619691229,0.017553907198743578,0.0,-0.18766093264794304,0.12545533513173754
2026,3,8523997,66258,George Ford,Fly-half,False,70.64704844552807,15.91092146231739,4.349552191155472,20.26047365347286,31.0,True,True,0.013622096298024902,5.690816301724589,7.309066626498654,0.23560783040029235,2.572598609869574,0.9032537499096875,0.0,0.5551475291458258,0.232556830233424,0.032918421469764446,0.17147622101358007,0.05640603971011427,0.0,0.9748328343638007,1.2291815122892045
2026,3,8523997,238830,Henry Arundell,Back-three,False,69.6538623189662,16.144024197445916,1.524175873612077,17.668200071057992,12.0,True,True,0.13659842092187546,3.759753215254731,40.73987053332161,0.12598021072158674,0.0,0.0,0.0,2.8787101765216536,0.42989690443413764,0.04893742936140444,0.23066648212418614,0.023373779301666512,0.0,0.27943231180249206,0.7412098062321546
2026,3,8523997,156030,Fraser Dingwall,Centre,False,71.24631785455499,13.7300223863282,1.9885209111492543,15.718543297477455,22.0,True,True,0.16265061894985006,7.07059005550577,21.69106476990942,0.08717062214598056,0.0,0.0,0.0,1.2308601753732482,0.15533588803061488,0.04091950780882053,0.1734720434892427,0.023854793924516178,0.0,-0.7726822860261147,0.2813280186260291
2026,3,8523997,177378,Ollie Lawrence,Centre,False,72.5375381764965,16.85784729372499,2.1075544506638684,18.96540174438886,31.0,True,True,0.3161483627370429,6.670884617340192,25.960429394551053,0.03874494912746735,0.0,0.0,0.0,2.1845711493487667,0.45604484019667757,0.08337548145897661,0.706174523094728,0.024287122157309094,0.0,0.010590512622848939,0.8771201888695807
2026,3,8523997,213192,Tommy Freeman,Back-three,False,72.64178014774156,27.931911473587185,3.1455404679708554,31.07745194155804,18.0,True,True,0.7072195073744894,5.013801799394529,52.72759351170201,0.6399398120927998,0.0,0.0,0.0,2.964881961928654,0.8892224041976399,0.1934968445790877,0.2676554216155236,0.02437643629118844,0.0,1.1458292297509398,2.7860306408210285
2026,3,8523997,203496,Freddie Steward,Back-three,False,73.47229274599769,20.175934526244337,1.7698242989453414,21.945758825189678,3.0,True,True,0.33632891946661253,2.491854631883839,59.47018906371619,0.3164398464642614,0.005230894993758625,0.0,0.0,3.3785460925216704,0.4641141766665497,0.18434182100318755,0.4391844605727721,0.024655131793958958,0.0,0.9641741262438159,1.4651910892640923
2026,3,8523997,61134,Jamie George,Hooker,True,18.597198098378854,3.325827191515813,1.8221692516957377,5.14799644321155,11.0,True,True,0.009017642150115565,2.9069055252842215,2.8458076755778228,0.008523292507611432,0.0,0.0,0.0,0.18296775507473018,0.026080656574962464,0.005408836761314334,0.08702950851075371,0.021709526929158254,0.0,-2.5378266862190015,-1.5205684727162654
2026,3,8523997,198810,Bevan Rodd,Prop,True,19.492410809296217,4.1315153616776525,1.379893413823569,5.511408775501222,8.0,True,True,0.01583459655642612,3.272002031710009,1.349043643544855,0.0017520629579412187,0.0,0.0,0.0,0.32603752217847576,0.05861259473952331,0.0086707075955844,0.15087530322407877,0.009358467760070918,0.0,-2.7531698849213826,-1.5070729098142106
2026,3,8523997,175890,Trevor Davison,Prop,True,19.80122372605675,2.594429868109117,1.386361067881404,3.980790935990521,2.0,True,True,0.004391622070867412,2.6072306705880814,0.34048503738006103,0.0016773970577438945,0.0,0.0,0.0,0.036322219269702895,0.011684729956097192,0.00497614477042519,0.15874568709006234,0.009506731397322943,0.0,-2.878939573583048,-1.7451991523013737
2026,3,8523997,198696,Alex Coles,Second-row,True,24.94700872361907,4.42860044578129,2.5535507789940093,6.9821512247753,4.0,True,True,0.028421094839780364,3.520922129136565,3.2486114137947264,0.01557212134504452,0.0,0.0,0.0,0.28070123400270425,0.07610639487701194,0.006463147824744861,0.2118973052650236,0.022992056590058336,0.0,-2.172915289675114,-1.1976193734668532
2026,3,8523997,239076,Guy Pepper,Back-row,True,23.111915723815066,4.640717957248731,3.251359099233992,7.892077056482723,5.0,True,True,0.015701218434411447,3.5518619873844735,4.014105215650562,0.005379839903732553,0.0,0.0,0.0,0.4666314760407344,0.04189717541177248,0.005473861862338747,0.1632801639608184,0.0098656229045466,0.0,-2.48295358529327,-1.1236050648799139
2026,3,8523997,129660,Sam Underhill,Back-row,True,21.484897650290833,3.663835662587623,3.1495794991687633,6.813415161756387,19.0,True,True,0.011596002149820936,2.877232150278891,3.941993877107098,0.0022626693916489755,0.0,0.0,0.0,0.38065787928817874,0.01728277639141216,0.009788530105357494,0.19535561437846327,0.009171109002536648,0.0,-2.5824179625392656,-1.2933194881233772
2026,3,8523997,213786,Jack van Poortvliet,Scrum-half,False,24.671664309156544,5.0025570660867755,0.8710193712764199,5.873576437363195,11.0,True,True,0.01704948420711654,1.690389565826864,8.584119315190817,0.3673456331049272,0.0,0.0,0.0,0.7006470998076468,0.13679917873602615,0.026542152276937157,0.10358522934245286,0.006345592672108165,0.0,-2.5434424983587998,-1.4191375314670918
2026,3,8523997,156288,Marcus Smith,Fly-half,False,28.015295652197953,9.862999706693172,1.983987459503993,11.846987166197165,18.0,True,True,0.04051170480795368,1.7753009555816623,17.1541570638834,0.2366781621856538,1.1453430981805595,0.18500811995933353,0.0,1.1507503384525566,0.3340617514782364,0.037446754382577045,0.15485954577203342,0.02236798159043964,0.0,-1.2988480596106546,-0.3575094546764396
2026,3,8523997,136854,Jeremy Loughman,Prop,True,60.108200844208056,8.63327009982668,3.399051785523899,12.032321885350578,8.0,True,True,0.008525193544979218,8.503939841101095,6.263219770400272,0.001961638117739746,0.0,0.0,0.0,0.20150839212534305,0.026796286618833966,0.036104071387368736,0.499231687766606,0.028858444715730815,0.0,-2.1409172541379538,-0.47916325329758536
2026,3,8523997,186096,Dan Sheehan,Hooker,True,60.50920226097964,11.55743232684142,4.104925739979778,15.662358066821199,43.0,True,True,0.045238315621404644,8.553472145649717,17.396527678425795,0.013524374273916456,0.0,0.0,0.0,0.8943374628755275,0.05295168431878766,0.01728051135065503,0.35651438786249556,0.07063570270088868,0.0,-1.5266441776833066,0.14104937906063142
2026,3,8523997,112374,Tadhg Furlong,Prop,True,58.20758173641347,7.669630422878075,3.2989863183372172,10.968616741215293,13.0,True,True,0.005279293515184841,7.55460658191425,2.8364166325365208,0.0023717236438543293,0.0,0.0,0.0,0.1359530233132975,0.10574083745656407,0.032139236697137794,0.4780066526075296,0.027945941751449585,0.0,-2.688259807657043,-0.7253855810151739
2026,3,8523997,220194,Joe McCarthy,Second-row,True,63.98497699781605,10.237964998024534,4.522220519842022,14.760185517866557,17.0,True,True,0.015381341440540642,7.78883988470251,11.025253157790818,0.006518259060173165,0.0,0.0,0.0,0.8591980280363315,0.1633121544058739,0.0432523988386764,0.7740961731142989,0.05897084609805467,0.0,-1.403923937889248,0.03524825827855906
2026,3,8523997,143604,James Ryan,Second-row,True,67.15465596589583,8.162430906213741,4.6638931730939,12.826324079307641,15.0,True,True,0.006450580470387975,8.578307294551827,5.956732488040784,0.007895504576063615,0.0,0.0,0.0,0.09946259860952876,0.031777938967248516,0.03888055940144446,0.6916403071540123,0.06189213574098529,0.0,-1.5878820545976826,-0.2700106397595677
2026,3,8523997,117954,Tadhg Beirne,Second-row,True,67.87225048911908,8.83626291252297,4.709533430264382,13.545796342787352,35.0,True,True,0.016825680956896905,8.045911500326286,5.627667118062214,0.014031134046822907,0.0,0.0,0.0,0.48246512509086426,0.08770107351346076,0.027755308156193557,0.48449979358073164,0.06255349655058985,0.0,-1.4995669219049552,-0.15295348266062736
2026,3,8523997,118518,Josh van der Flier,Back-row,True,67.80472245529188,12.565661894153683,5.573852869149507,18.13951476330319,27.0,True,True,0.0256569135893026,8.616934432925177,24.433131183604456,0.030562661555397014,0.0,0.0,0.0,0.6323295559949331,0.2136016102889289,0.046916204558912634,0.34010359004882434,0.028943330829216612,0.0,-0.7266361654862243,0.6311346182928871
2026,3,8523997,148680,Caelan Doris,Back-row,True,71.17008323304591,15.996724206998294,5.858984983860758,21.855709190859052,38.0,True,True,0.045342783322291955,10.301195424372919,30.27016630533176,0.03680143088676383,0.0,0.0,0.0,1.0223751066063924,0.21728431618756633,0.02616179105132951,0.5900470965758009,0.03037987900496396,0.0,-0.10467835963011989,1.2648575707709715
2026,3,8523997,120504,Jamison Gibson-Park,Scrum-half,False,68.2353530342418,9.859398729699125,1.1657210872521748,11.0251198169513,63.0,True,True,0.05215598458781716,6.563878718646995,9.882324422195532,0.35564920783058573,0.0,0.0,0.0,0.5155951210767248,0.19239384084178074,0.027033822595004323,0.1120324773505414,0.017550245121975772,0.0,-1.9747833614198518,-0.5921687600258569
2026,3,8523997,201696,Jack Crowley,Fly-half,False,67.75493974481239,18.473433884265845,2.2658595964747295,20.739293480740574,41.0,True,True,0.06861760895192298,6.967211396096396,25.549672376446672,0.24247806306237582,1.7444577156541872,0.6105541227877024,0.0,0.9606104490795994,0.5708814530598472,0.023673032741800493,0.38130801461942976,0.05409692132784642,0.0,1.384174099823532,1.3686220901719306
2026,3,8523997,120468,James Lowe,Back-three,False,72.30071180027737,15.968332615879502,1.5168966304855773,17.48522924636508,7.0,True,True,0.22579728443070154,3.8528082727146784,47.269473700266765,0.2485418957477985,0.0,0.0,0.0,1.905512429779467,0.5132608733335184,0.09104026523541393,0.308054097408446,0.024261983825596432,0.0,0.5688118673727933,0.7661799376106749
2026,3,8523997,129840,Stuart McCloskey,Centre,False,70.3517658344454,13.002411919787422,1.969563518470398,14.97197543825782,35.0,True,True,0.08721531098501561,7.751162171039564,24.582757277423898,0.062337718915323824,0.0,0.0,0.0,0.9770988165081097,0.25779621418075865,0.04857967902585978,0.4651662995745721,0.02355527873921163,0.0,-0.21960080710371863,0.2730349437515759
2026,3,8523997,129372,Garry Ringrose,Centre,False,72.80610224403662,10.872528911443466,1.9259871909856046,12.79851610242907,8.0,True,True,0.053632894136485185,5.598271499190542,25.344050758793742,0.10375615330897997,0.0,0.0,0.0,1.0215006026555704,0.2637156525554427,0.031005834512947437,0.2806726095242834,0.02437704316206583,0.0,-1.2054368848365038,-0.20680260177981574
2026,3,8523997,186198,Robert Baloucoune,Back-three,False,70.4740729369085,14.743702979814458,6.198014711371249,20.94171769118571,41.0,True,True,0.2871108311759715,5.250389926840359,24.526309092200233,0.07459500510415434,0.0,0.0,0.0,1.5649410325503483,0.5720628534467097,0.07955039113150215,0.22968991803354405,0.023649017764063255,0.0,-0.7903211573862944,1.0154907789721173
2026,3,8523997,227658,Jamie Osborne,Back-three,False,73.87313554882914,15.804005788986242,1.510285246355219,17.314291035341462,18.0,True,True,0.15493795614967573,3.8262999755140377,53.84102835400458,0.1148708490727275,0.0,0.0,0.0,1.6302057751880232,0.8230883981966008,0.09911511747155136,0.3093728644343663,0.024789642801620514,0.0,-0.42083313981107867,0.5683326953510903
2026,3,8523997,148644,Ronan Kelleher,Hooker,True,16.44565221225877,3.446916736997058,1.7810628573324547,5.227979594329513,6.0,True,True,0.011158180402997311,2.791989506468154,4.503243467621313,0.0025994834165170145,0.0,0.0,0.0,0.257420783026911,0.04977054393440195,0.0016247109694536382,0.04936006950473772,0.019197909689456148,0.0,-2.76947738831577,-1.5499419368212821
2026,3,8523997,148650,Tom O'Toole,Prop,True,18.644061507323087,2.9074764123656562,1.3968959858234022,4.3043723981890585,7.0,True,True,0.003718172996064358,2.7442762381310484,1.4921759927968652,0.0003833349840761376,0.0,0.0,0.0,0.09627546160874076,0.008905302689056795,0.0028620056040834494,0.07402147606486732,0.008951168238761433,0.0,-3.201997817799483,-1.7562337248213087
2026,3,8523997,112068,Finlay Bealham,Prop,True,19.135419601160812,2.7444779412407927,1.4194387399586008,4.163916681199393,2.0,True,True,0.008812513405786114,2.633279201441356,0.9342611343435722,0.0006643988125635294,0.0,0.0,0.0,0.051730228509669435,0.006501085078731464,0.0036143755368422386,0.11224569476673106,0.009187073326378262,0.0,-3.0762502489571917,-1.7539859458115064
2026,3,8523997,136878,Nick Timoney,Back-row,True,24.5871935470072,4.3351507041706725,3.181770670122149,7.516921374292822,16.0,True,True,0.014634181333202507,3.552639860862074,9.197561348160198,0.004559604225103632,0.0,0.0,0.0,0.351149256656537,0.03999823050156966,0.005443415402257322,0.21227552241710365,0.010495364500049937,0.0,-2.365562685856654,-1.1559524463011819
2026,3,8523997,201978,Cian Prendergast,Back-row,True,25.44138295957532,4.494633314763778,3.227966204855271,7.722599519619049,6.0,True,True,0.01493614822409802,3.749665886660815,3.853051936993211,0.003973437264161884,0.0,0.0,0.0,0.2809198909330376,0.06475937775677207,0.005868493167513835,0.16136961553001802,0.010859986400465132,0.0,-3.1587085355696547,-1.2661468950958208
2026,3,8523997,203124,Craig Casey,Scrum-half,False,23.807125321232206,2.9174666868942185,0.8602627578259292,3.7777294447201477,0.0,True,True,0.029201375819612168,1.6478612935219616,2.8278576682012533,0.09323185023566419,0.0,0.0,0.0,0.23371329200271185,0.09795087299193339,0.0034788330613730574,0.04544210195615465,0.00612323182130458,0.0,-3.230027989613428,-1.8354905055895208
2026,3,8523997,148890,Ciaran Frawley,Back-three,False,24.57317855509367,3.097741464082542,1.3061800203319276,4.40392148441447,2.0,True,True,0.02538959221107484,1.692950030699061,4.594491403215088,0.032222677143496185,0.01039534546805418,0.0005408505884471046,0.0,0.46842553340038895,0.053299415411106665,0.010305664113854349,0.0541564928340693,0.008246033072179084,0.0,-3.2129201637418605,-1.7440994924456588
2026,3,8523997,148758,Tommy O'Brien,Back-three,False,27.084772088003987,5.666359817995861,1.3204725937400814,6.986832411735943,22.0,True,True,0.08702183863365287,1.9312671511345503,12.34959524822311,0.020260588360098773,0.0,0.0,0.0,0.7297724695179135,0.19385475909498076,0.02544849170885964,0.14522074021589368,0.009088849693961069,0.0,-2.695391325709434,-1.288672354137609
2026,3,8524006,162870,Rhys Carre,Prop,True,58.02609981836615,8.980797579738601,3.293576748897665,12.274374328636267,29.0,True,True,0.03009470889573203,8.483338936026875,4.82826640975731,0.0026441868581701805,0.0,0.0,0.0,0.502060735004696,0.02917989639534728,0.038181420994115846,1.0786330510248763,0.027858810780545168,0.0,-1.1877738034478607,-0.27768549275572924
2026,3,8524006,178848,Dewi Lake,Hooker,True,61.245404628166526,14.24355429221493,4.06318254394804,18.30673683616297,19.0,True,True,0.013111893024364791,13.98429114157529,8.388026336278758,0.006545529086520876,0.0,0.0,0.0,0.38561369468275575,0.042732811765106536,0.02309358922343469,0.5782827600491668,0.07149511200712966,0.0,-0.7433967436642311,0.6517961716998003
2026,3,8524006,131898,Tomas Francis,Prop,True,59.15980844458203,8.593784949682538,3.3413031901927486,11.935088139875287,12.0,True,True,0.00383934392355835,8.06883154507571,1.551866687254511,0.0017268978837494775,0.0,0.0,0.0,0.0985811212562206,0.12717085486872615,0.12154741574735099,0.45676980839207776,0.02840311367522332,0.0,-2.0085361139719042,-0.46965019165163135
2026,3,8524006,232104,Dafydd Jenkins,Second-row,True,67.93050546522304,16.256852603781994,4.631371784990188,20.88822438877218,24.0,True,True,0.009187501363317481,15.169365045791679,5.396020202434776,0.009442926801470002,0.0,0.0,0.0,0.17373756834692117,0.06466072020541296,0.2318403744040685,0.4110591866769715,0.06260718642267325,0.0,0.6107656206576675,1.2538823158804437
2026,3,8524006,219996,Ben Carter,Second-row,True,65.58131779398929,13.731978613192895,4.401094071693667,18.133072684886564,27.0,True,True,0.012691034798542245,13.764341232331128,1.3976882507673836,0.0019953259569987034,0.0,0.0,0.0,0.07864435238458953,0.05663192893467935,0.09633646193341576,0.6807338625467629,0.06044209094064313,0.0,-0.7920281821836699,0.6187466080116691
2026,3,8524006,206706,Taine Plumtree,Back-row,True,65.75616689444395,13.74868914668491,5.215698823472369,18.96438797015728,,False,True,0.03391788771625097,10.307290069709945,12.365096517635696,0.010546961837861956,0.0,0.0,0.0,0.8741787642780331,0.0857355892945091,0.12205581915596428,0.4993204983029014,0.028068878148450195,0.0,-0.006203693833725818,0.8740290929269066
2026,3,8524006,232110,Alex Mann,Back-row,True,65.54098239912757,14.55823983546216,5.236982050026663,19.79522188548882,36.0,True,True,0.03214913157908951,13.704544830985236,9.051250680331433,0.006946736442076908,0.0,0.0,0.0,0.3933172439171641,0.07979270146290718,0.051637942466877466,0.7208533988830561,0.027977023837839798,0.0,0.5963774266141973,1.0970776892758811
2026,3,8524006,176652,Aaron Wainwright,Back-row,True,70.76559187665194,18.69153115272844,5.7534396583389995,24.444970811067442,29.0,True,True,0.054225901943023354,13.037420516173556,34.10071695746907,0.052410954392286,0.0,0.0,0.0,0.9131644599913802,0.156829139226583,0.04941323255598634,0.604938988426979,0.030207216589696516,0.0,0.6693460638651431,1.7662055166127046
2026,3,8524006,128628,Tomos Williams,Scrum-half,False,69.87544137220685,10.525456040934607,0.9402018927138244,11.465657933648432,11.0,True,True,0.08343491456344418,6.469077928390152,14.383216949370956,0.2931137513594924,0.0,0.0,0.0,0.3538937612392744,0.1653805637207576,0.0660718621210244,0.22947360634197006,0.017972078542234274,0.0,-0.8881075211336054,-0.33923460436859787
2026,3,8524006,203076,Sam Costelow,Fly-half,False,68.3500387626976,21.003742029780756,2.6559745495921554,23.659716579372912,20.0,True,True,0.06025470590213133,9.118245593868844,12.874713293209915,0.15452224474078402,1.987058805414314,1.3000235426877111,0.0,0.7531778263645418,0.25809323807748585,0.045178301656011575,0.18490117571894935,0.05457206048189282,0.0,0.7732016671140802,1.6735961578934944
2026,3,8524006,129096,Josh Adams,Back-three,False,72.101532875201,10.786753382651458,1.3906207372153403,12.177374119866798,18.0,True,True,0.14375163001099975,4.083874877996261,29.433285168541452,0.025752865179057668,0.0,0.0,0.0,1.646383014353977,0.11898530794943725,0.049302297789461866,0.4939216634244968,0.024195145260134564,0.0,0.13197765610085022,-0.059712358249209396
2026,3,8524006,220962,Joe Hawkins,Centre,False,68.40413641410765,15.118457308564983,2.076847168102634,17.195304476667616,6.0,True,True,0.09220245150883659,7.878763831294676,25.32694527988612,0.04223606902742004,1.183332289705473,0.10830166457022829,0.0,0.5887416392707285,0.1153740595932701,0.06501946729708989,0.1616577678909843,0.0229031706743664,0.0,-0.37516986498977056,0.5595531433175557
2026,3,8524006,232158,Eddie James,Centre,False,71.87847581714115,14.970381653631318,2.06999949512088,17.040381148752196,17.0,True,True,0.044591134888923585,10.196888295811803,22.045015359029065,0.02153173543267666,0.0,0.0,0.0,1.203162857592435,0.0970597328302308,0.057845058243730284,0.5278831350812505,0.02406645395663208,0.0,-0.006683039889256225,0.6023684534224282
2026,3,8524006,213756,Gabriel Hamer-Webb,Back-three,False,69.1293493863109,13.428697669242863,1.461603280220134,14.890300949462997,4.0,True,True,0.17213129531406174,5.195559316781509,34.9242612357561,0.006402602477401713,0.0,0.0,0.0,1.6943292424712968,0.06074041880451161,0.05851762705617488,0.20052362716916397,0.023197768250439902,0.0,-0.21704426905756052,0.2619552314577205
2026,3,8524006,187290,Louis Rees-Zammit,Back-three,False,73.16347783192266,14.486448948341012,1.5015257433794358,15.987974691720447,14.0,True,True,0.18919427442107284,3.1844811300517013,39.25923491100942,0.07245634630344508,0.0,0.0,0.0,2.735001421271265,0.2448908026896964,0.10982326004172133,0.265943546124917,0.024551502628161966,0.0,0.38825501974608245,0.523145814665642
2026,3,8524006,128574,Ryan Elias,Hooker,True,18.619920748560993,3.996466424426997,1.8812621864538326,5.87772861088083,8.0,True,True,0.004069495342895562,3.8401073827033647,1.6814634919215412,0.0006948126975143564,0.0,0.0,0.0,0.14082397224989535,0.03325790781387411,0.0033202752993741987,0.16354751422407615,0.02173605232203849,0.0,-2.437707323662366,-1.3999910385296541
2026,3,8524006,121974,Nicky Smith,Prop,True,21.254393115795516,4.119844416050835,1.5199990175611633,5.639843433611999,24.0,True,True,0.0056119850125073605,3.9556587007191846,1.6123027606062479,0.00056108127491022,0.0,0.0,0.0,0.09918945398878999,0.009284102417906174,0.008876348719546602,0.13254519112366922,0.010204410048611494,0.0,-2.7280176808315706,-1.4845290262007054
2026,3,8524006,219990,Archie Griffin,Prop,True,17.371387683806365,3.623350223062615,1.3348748793131617,4.958225102375777,10.0,True,True,0.005115910673830482,3.5548422188937865,2.178131083608722,0.000568371018709572,0.0,0.0,0.0,0.0952436853754033,0.016901151764949062,0.0033930037746882492,0.2100580981541016,0.008340147002702358,0.0,-2.672419646644231,-1.570980995640865
2026,3,8524006,226926,Freddie Thomas,Second-row,True,27.03958846400099,5.311147410636312,2.386166741836455,7.697314152472767,0.0,True,True,0.006124807017166328,4.857617758720243,4.778396959267711,0.009536265434753262,0.0,0.0,0.0,0.17999739381101978,0.073094405250589,0.01983373104667243,0.15723650336748937,0.0249206530139061,0.0,-1.9111020919758073,-1.0507152018687091
2026,3,8524006,154938,James Botham,Back-row,True,22.126069285609056,4.420303341482009,2.9482182289605223,7.368521570442532,27.0,True,True,0.0030450195382549627,4.122361144030376,3.433904449636779,0.0011911430652964512,0.0,0.0,0.0,0.15483455644223865,0.036157915969598865,0.007831448993765654,0.12641585025472946,0.00944480148423011,0.0,-2.494764893865273,-1.1995790386178593
2026,3,8524006,135900,Kieran Hardy,Scrum-half,False,18.95055839999831,2.5564856340350914,0.8587850857075012,3.4152707197425927,,False,True,0.024054836018895333,1.6277515087384151,6.374473803133659,0.022694791356276056,0.0,0.0,0.0,0.3125523613752455,0.03060298851153334,0.001944099977372342,0.07425402590372877,0.004874114814814381,0.0,-2.5741870378294216,-1.7715279281265814
2026,3,8524006,139716,Jarrod Evans,Fly-half,False,20.24083046838896,3.833381652630454,1.931329979743476,5.764711632373929,6.0,True,True,0.009763091961498252,2.2573920818409166,6.567935992292342,0.04959474114491494,0.1412698198012296,0.07371781624143817,0.0,0.35801466088623385,0.08910524863738394,0.0017434462460691144,0.04586699933259763,0.016160690535372366,0.0,-2.2081424801007103,-1.3756464943286117
2026,3,8524006,197892,Blair Murray,Back-three,False,28.150004002243787,4.376464391975964,1.3134649895150259,5.68992938149099,3.0,True,True,0.009906970800701631,1.9187427637611083,11.24590135644836,0.017006929725357556,0.0,0.0,0.0,0.5996186381678793,0.0765860255430375,0.01699033496970142,0.09950525062459725,0.009446310067867041,0.0,-2.169535276698621,-1.3794251406495848
2026,3,8524006,179394,Nathan McBeth,Prop,True,57.41637162653708,8.92478029627096,3.9768871852206362,12.901667481491597,8.0,True,True,0.026802241650710004,8.344409274771364,2.6177406838074617,0.0038955922509880474,0.0,0.0,0.0,0.14078057925645893,0.13386017009793158,0.061783516297321,0.5576136763144778,0.027566075229182925,0.0,-1.9039868738866133,-0.31486381146928644
2026,3,8524006,111864,Dave Cherry,Hooker,True,57.59282842914576,9.8914457016928,4.488526300507125,14.379972002199926,14.0,True,True,0.024176793100078336,9.70939605091726,6.0299022115046625,0.010380894054526248,0.0,0.0,0.0,0.20802529280677987,0.039395730437587824,0.012836251936338153,0.44499282836008536,0.06723125995081607,0.0,-1.8349147567649722,-0.09407418027718928
2026,3,8524006,130530,Zander Fagerson,Prop,True,62.340371337110554,10.571150592629508,4.297398389093129,14.868548981722636,19.0,True,True,0.016740150224602398,9.715465266434526,7.920196145576989,0.0023632308312462073,0.0,0.0,0.0,0.467061066150063,0.06452065662940432,0.04374222651664787,0.5370937874206387,0.02993012824411444,0.0,-1.701512332210476,-0.001693768597504336
2026,3,8524006,231570,Max Williamson,Second-row,True,60.149375385640695,9.22921244291949,4.9997145647686105,14.2289270076881,6.0,True,True,0.018176419405209147,8.516443880352726,4.601411110817087,0.008946549584701306,0.0,0.0,0.0,0.40393776166291717,0.14579754395872227,0.033828347872543095,0.587097185957725,0.05543581829968938,0.0,-1.5067429421732712,-0.057788202804480104
2026,3,8524006,136596,Scott Cummings,Second-row,True,65.26788682584734,11.145392559510363,5.365343963744665,16.510736523255026,14.0,True,True,0.016296149975874898,10.669147359144826,2.350582206254622,0.012160534458426483,0.0,0.0,0.0,0.19676104169019823,0.05273170717164652,0.08689273281528545,0.44952224022408094,0.06015322173646582,0.0,-1.1117281148468408,0.3336323027000014
2026,3,8524006,220296,Gregor Brown,Second-row,True,63.24660411870978,13.696289200236201,5.307698069959181,19.00398727019538,16.0,True,True,0.012221284837491268,9.83290992376557,10.210713664735598,0.010583256482020955,0.0,0.0,0.0,1.3481205509835288,0.2146372836076863,0.030047685612736356,0.34657544320794853,0.058290335211597065,0.0,-0.25975470002162193,0.8351110787925579
2026,3,8524006,180222,Rory Darge,Back-row,True,68.16336809225993,16.32557439100125,6.552254921686589,22.87782931268784,45.0,True,True,0.03196607396340803,12.701187065354508,11.863868356918017,0.00987822353879973,0.0,0.0,0.0,1.0646846388281967,0.16560103049392635,0.044153433299257715,0.43047306609647423,0.02909642340072689,0.0,0.610856312047625,1.5347340044106166
2026,3,8524006,161856,Matt Fagerson,Back-row,True,67.68723264745442,13.955934745750493,6.409047030058244,20.364981775808737,18.0,True,True,0.02432022025721112,10.934887166741316,11.055901926844701,0.019246134202543064,0.0,0.0,0.0,0.8532720433741459,0.08984256998207439,0.05434595188416683,0.4342333539366514,0.028893178771156897,0.0,0.061478010710680736,1.0836056697077874
2026,3,8524006,142476,Ben White,Scrum-half,False,63.388120108765804,9.522670919730368,0.9221669796897389,10.444837899420108,12.0,True,True,0.12886152102346038,5.1298215562740666,9.094811275015994,0.19986607583843022,0.0,0.0,0.0,0.9271582374744347,0.26813984116964734,0.014529703945411426,0.07695718297444992,0.016303528834559107,0.0,-1.3644635399886675,-0.5669428889236221
2026,3,8524006,117894,Finn Russell,Fly-half,False,71.4005987732168,18.881656300581675,2.408108399831386,21.28976470041306,35.0,True,True,0.01632050339358879,6.021137582262598,16.975219838420802,0.272400290219898,3.3841710902717006,0.7139098119014089,0.0,0.8830929446485609,0.1454096096307733,0.01731791863874525,0.1609153464405719,0.05700768961117069,0.0,0.8684585613382526,1.355794920531383
2026,3,8524006,131400,Duhan van der Merwe,Back-three,False,71.03512842490527,15.131193872676969,3.0822177677416622,18.21341164041863,5.0,True,True,0.1199350101304438,2.613522848456789,38.02457005888884,0.0863258517759041,0.0,0.0,0.0,3.524907728905639,0.38966685733752876,0.11319168248056129,0.3029036119882491,0.023837291417753443,0.0,1.250344677762786,0.98859803705818
2026,3,8524006,139998,Sione Tuipulotu,Centre,False,72.10823933314708,11.833256369098182,1.9619863639881308,13.795242733086312,23.0,True,True,0.15393277992158494,5.531106623683937,23.51666815233926,0.05301414742511365,0.0,0.0,0.0,1.21375947887924,0.13404856247212907,0.06996622223113191,0.3739649188339815,0.024143383705294782,0.0,-0.14303237997596313,0.12037789975840642
2026,3,8524006,136776,Huw Jones,Centre,False,72.88788093464187,14.824582894088705,2.2515639481053826,17.07614684219409,14.0,True,True,0.24619994309658025,4.591632028054047,37.138341029400735,0.13292789155173862,0.0,0.0,0.0,1.8126940000920695,0.31337774772663074,0.07476261389679395,0.26469457415906356,0.02440442442008098,0.0,0.45920493670409607,0.6891972897575613
2026,3,8524006,171582,Kyle Steyn,Back-three,False,74.20915840722424,17.264653056033822,5.683623748967837,22.948276805001658,36.0,True,True,0.2737806153616144,4.018288890152152,50.143145378915584,0.11423391966777756,0.0,0.0,0.0,2.2367826906381465,0.2850757971977115,0.08466530084459528,0.2909091355499023,0.024902402150075248,0.0,0.7904220768025175,1.5761981633897633
2026,3,8524006,139902,Blair Kinghorn,Back-three,False,72.13387305237659,19.660236407518227,3.595086922017366,23.255323329535592,19.0,True,True,0.2505661352696154,2.4183059419361252,61.939374148693474,0.20516473512566208,0.7030879303307072,0.3471587987067394,0.0,2.553481707259822,0.39902247862479195,0.027785270024449957,0.45494681794689534,0.024205997668582745,0.0,2.351324832988062,1.893534021604038
2026,3,8524006,117864,George Turner,Hooker,True,15.578589216230796,2.5711502824238446,1.924638002515579,4.495788284939423,17.0,True,True,0.01067325515100653,2.4264283111312404,3.3976103515641114,0.004791857129995415,0.0,0.0,0.0,0.06158916356374614,0.020099460853436436,0.0013748294996240016,0.11386698277083343,0.018185739610825494,0.0,-2.621374834284403,-1.6272944178814224
2026,3,8524006,130290,Pierre Schoeman,Prop,True,20.58242723014536,3.983244650053076,1.743159379986931,5.7264040300400065,8.0,True,True,0.006972802209200463,3.764060125430127,2.6189706765251612,0.0009858913656514404,0.0,0.0,0.0,0.14712051949895147,0.017667936113430333,0.0027977813680504257,0.18350792371602653,0.009881793665330398,0.0,-2.715323318084364,-1.4700825390366468
2026,3,8524006,178038,Elliot Millar-Mills,Prop,True,15.760987945542173,2.4132398876444054,1.449096354618215,3.8623362422626206,6.0,True,True,0.002193582293440684,2.222225852178904,1.1532073630629835,0.0012519581204361162,0.0,0.0,0.0,0.09918962193497916,0.03434592982970115,0.0017709747191889179,0.08498860474437352,0.007566980759756947,0.0,-3.2061064956279717,-1.819349026159281
2026,3,8524006,102762,Grant Gilchrist,Second-row,True,26.67472810239037,4.102038407278949,2.7910371918800156,6.893075599158964,0.0,True,True,0.00473657697555393,4.030345790843684,1.0510717858633565,0.007908401617864559,0.0,0.0,0.0,0.06034365539422765,0.02134354051785621,0.01306778735382801,0.13678105006768237,0.02458438463902562,0.0,-2.4192673821011215,-1.2534363757518046
2026,3,8524006,141990,Josh Bayliss,Back-row,True,23.637855253859698,5.029400217237574,3.4067872457177955,8.436187462955369,19.0,True,True,0.015467829509225003,3.675653236997508,5.950545060175377,0.007424829870199996,0.0,0.0,0.0,0.6222494443712581,0.037580483599604,0.00361571100989975,0.19525755758038582,0.01009012705798933,0.0,-2.489348574869786,-1.0479256069085559
2026,3,8524006,129792,George Horne,Scrum-half,False,22.286914637227568,3.6561324025401074,0.8641585310612865,4.520290933601394,5.0,True,True,0.008107128571196933,1.886152692541688,9.485284974281383,0.07013130597241626,0.3975806769432065,0.00023171748065470906,0.0,0.3328662822281225,0.04354581792407711,0.0042084339415523414,0.13267852028888194,0.005732231130974168,0.0,-2.969149736641605,-1.6848831024462212
2026,3,8524006,242766,Tom Jordan,Centre,False,25.675741013594177,6.030856442097223,1.8728754977002775,7.903731939797501,0.0,True,True,0.02917047560984518,1.9270622837431561,9.878158494263786,0.2649978492173274,0.6581722831005364,0.015506621823049172,0.0,0.6880141553328663,0.08463818044675793,0.004309864514509008,0.13463647898670053,0.008596788285801621,0.0,-2.114518264592351,-1.057286027167248
2026,3,8524006,146754,Darcy Graham,Back-three,False,26.238022656510715,7.129817311531781,1.3358273520546144,8.465644663586396,14.0,True,True,0.06039185308561336,1.7328948273324016,18.62124102138508,0.04132313335762942,0.0,0.0,0.0,1.7648296365723137,0.1150615086734018,0.01065091646979508,0.14130192498051272,0.008804705589433125,0.0,-1.9951419869140565,-0.957016267382096
2026,3,8524015,178704,Jean-Baptiste Gros,Prop,True,59.30702448773558,8.133420780577007,3.4895180059069753,11.622938786483981,11.0,True,True,0.016922006971896664,7.772436389698768,4.379937689958996,0.003162443047840119,0.0,0.0,0.0,0.25682967318082,0.06696135031995401,0.016898730217583913,0.49520221740110665,0.028473793315986925,0.0,-1.9035301042887718,-0.49527813679529137
2026,3,8524015,135138,Julien Marchand,Hooker,True,61.54710740987176,13.483862208278335,4.145407022216639,17.629269230494973,9.0,True,True,0.08862942967970383,8.728770779977769,11.12766858415877,0.04298445186706806,0.0,0.0,0.0,0.7637654627328628,0.5734037825781461,0.05002918756273026,0.311535721936016,0.07184730617258314,0.0,-0.26734464877894215,0.6397352164283319
2026,3,8524015,127122,Dorian Aldegheri,Prop,True,60.93133627432833,6.5072112509169955,3.5591070542502705,10.066318305167266,10.0,True,True,0.01226287651018144,6.48830760651808,2.543950603891471,0.002838238607556348,0.0,0.0,0.0,0.17422295530845935,0.042811443719103295,0.017592112588338083,0.5521536244384508,0.02925363884847908,0.0,-2.246787778643396,-0.7752518226784697
2026,3,8524015,213072,Thibaud Flament,Second-row,True,65.06199435877114,10.706513065532501,4.721019434047421,15.427532499579922,27.0,True,True,0.08365217526111447,8.100056661420059,7.826929431606579,0.02158820092498378,0.0,0.0,0.0,0.5451677959593523,0.2447308377367492,0.08840542237096234,0.45668608842214126,0.05996346386581575,0.0,-1.10407568483477,0.18207968561182308
2026,3,8524015,166476,Emmanuel Meafou,Second-row,True,61.154338095066564,12.348412683227988,4.524286706205899,16.872699389433887,61.0,True,True,0.06418169352292505,8.071977130617226,13.687112256141694,0.02848649564765156,0.0,0.0,0.0,0.809184845090529,0.6450027841280188,0.015538070273541548,0.5044913030268738,0.05636202792032986,0.0,-1.0724091639590136,0.39162583345269136
2026,3,8524015,123366,Francois Cros,Back-row,True,65.07817873045022,9.494703357535741,5.515552225474424,15.010255583010164,11.0,True,True,0.01926543230771202,7.900733557300147,7.842561710003632,0.011935499593118402,0.0,0.0,0.0,0.5504283512423225,0.17545278269427692,0.0466322444882462,0.2887798228123466,0.02777947005092863,0.0,-0.3800719768506671,0.2502696593966393
2026,3,8524015,242478,Oscar Jegou,Back-row,True,68.54954531614804,16.818568088968256,5.820648926252951,22.639217015221206,22.0,True,True,0.11767409204658914,9.970664616337949,13.597690945649557,0.06475322493751033,0.0,0.0,0.0,1.543629789713718,0.5455858656109005,0.03629709837956005,0.3898312694182012,0.02926126818948142,0.0,1.3983615662049014,1.6392896156851227
2026,3,8524015,139728,Anthony Jelonch,Back-row,True,67.29526196657757,14.164620870087687,5.697107218717794,19.86172808880548,27.0,True,True,0.12802848738859465,8.525757701785464,16.756450449546982,0.059918620846212405,0.0,0.0,0.0,0.954250750171504,0.5770432543811624,0.023304071880574415,0.5567176895714235,0.028725860969665232,0.0,-0.13401739274037816,0.9782540196213081
2026,3,8524015,135318,Antoine Dupont,Scrum-half,False,66.89037340079358,25.976214881876988,1.6943944155120692,27.670609297389056,41.0,True,True,0.42634544391230417,5.418155294461719,48.966402578389,1.1618399218002353,0.0,0.0,0.0,3.291781180312614,0.8429079367946173,0.053721949076572725,0.8047209477745745,0.017204314146294645,0.0,1.1671684445178034,2.3088954227548752
2026,3,8524015,129822,Thomas Ramos,Back-three,False,70.52233597931892,29.32792544087383,2.251197605866866,31.579123046740698,56.0,True,True,0.3130258223335558,2.5626039151354782,49.96431498506471,0.3160955237838899,5.229367096566992,0.35178253342759525,0.0,2.584252782118903,1.0435533480053583,0.08000444798173985,0.6807090192273647,0.023665213415878832,0.0,2.5800533133562458,3.108601294820499
2026,3,8524015,231684,Louis Bielle-Biarrey,Back-three,False,70.75229217314364,27.10397863368913,2.2573736129851674,29.361352246674297,27.0,True,True,0.994813851334277,3.426300136187924,46.24493729186764,0.8134192054406866,0.0,0.0,0.0,2.0570129091613425,0.9250256783000254,0.1763571737748573,0.25128798178196543,0.023742379923873704,0.0,1.9946942351616173,2.692807543383324
2026,3,8524015,354888,Fabien Brau-Boirie,Centre,False,71.94417431378037,24.0128957277505,2.3023336549797477,26.315229382730248,22.0,True,True,0.6288873681214902,7.783055721964919,30.564062753189585,0.29213927167195286,0.0,0.0,0.0,2.3195239836352224,0.6503668612511313,0.07315021046816376,0.4126812481249992,0.024088451221131818,0.0,1.740110507506247,2.2181538599852333
2026,3,8524015,231696,Emilien Gailleton,Centre,False,69.99010940088112,15.33837934972854,1.9756498940290614,17.314029243757602,45.0,True,True,0.08121843028664921,6.645799739541495,32.34301184626204,0.043741119529095845,0.0,0.0,0.0,2.2595010296727684,0.11566615141919995,0.056972472740841794,0.21259495460660716,0.023434188415473588,0.0,-0.1437276342906201,0.6169379386889627
2026,3,8524015,242484,Gael Drean,Back-three,False,74.1304631803168,20.853568006455994,1.5907142388879387,22.44428224534393,22.0,True,True,0.8478402058246336,4.149496641749443,38.82151112905767,0.24617054917387385,0.0,0.0,0.0,1.9285831419966415,0.19319260838007432,0.05511066712806337,0.1537377548499757,0.024875994355811004,0.0,0.4250999286526221,1.4409311057614544
2026,3,8524015,339450,Theo Attissogbe,Back-three,False,73.22634347753709,26.701553906506415,1.9616494515567218,28.663203358063136,20.0,True,True,0.9099571909499815,5.339093069565747,52.97623590572229,0.4024159113147936,0.0,0.0,0.0,2.2344651008866134,0.6926038278283102,0.07100979076121797,0.4330985366422886,0.024572598482394993,0.0,1.5934263233006194,2.523825504177226
2026,3,8524015,147480,Peato Mauvaka,Hooker,True,14.50921580147768,3.564371722863744,1.7266045113226183,5.290976234186362,9.0,True,True,0.04049480288785549,2.1041435873278536,1.9379383732584132,0.0030937355388480966,0.0,0.0,0.0,0.3368858942494495,0.15457630806867734,0.004464741681500155,0.08012995542842795,0.01693740151053218,0.0,-2.443825611665504,-1.483886015507729
2026,3,8524015,133488,Rodrigue Neti,Prop,True,17.42436320803007,2.110737511081755,1.3801874737117426,3.4909249847934976,12.0,True,True,0.004839672019582548,2.095826265227316,0.848539653169495,0.0031855894320569574,0.0,0.0,0.0,0.056121996314986114,0.015005713590583026,0.007998045207158954,0.21084393306276786,0.008365580990338406,0.0,-3.0012666885303654,-1.835817380613634
2026,3,8524015,165192,Georges-Henri Colombe,Prop,True,16.522244826960463,2.7945831541030204,1.3378257081068547,4.132408862209875,5.0,True,True,0.02608075635375504,1.8208177915233599,2.5882385480800365,0.0022478001105856833,0.0,0.0,0.0,0.29513841521079853,0.05093053547105951,0.003233688647412252,0.09508119532413221,0.007932466489130534,0.0,-2.6020540203548337,-1.6751944649089745
2026,3,8524015,123504,Charles Ollivon,Back-row,True,26.254666900519666,4.494768523564389,3.3335218823964547,7.828290405960844,8.0,True,True,0.017854575286181826,3.4025792758939195,7.550524498523948,0.020622305471194483,0.0,0.0,0.0,0.2935520385841748,0.25368378735505887,0.005910250718257307,0.3261057726448798,0.011207147266382136,0.0,-2.3972854283702607,-1.1175707393281993
2026,3,8524015,219930,Mickael Guillard,Second-row,True,22.499603516847117,4.400815601523811,5.696477197157473,10.097292798681284,7.0,True,True,0.019664539885913948,3.180375394765332,3.639463964011303,0.00855457492605452,0.0,0.0,0.0,0.3909518976772719,0.148075945724252,0.005590360696751731,0.11107147997068426,0.020736440310114176,0.0,-2.398458114436335,-0.797503441190392
2026,3,8524015,238116,Lenni Nouchi,Back-row,True,23.528281677213783,7.3175557044772965,3.198465516297461,10.516021220774757,9.0,True,True,0.14022801244985433,3.600902509370684,5.865264069978392,0.0335705945938294,0.0,0.0,0.0,0.5369273200381475,0.26360370637184305,0.0117109588863499,0.13044944653553284,0.010043354146543606,0.0,-1.9819514030437224,-0.6652870577963325
2026,3,8524015,121830,Baptiste Serin,Scrum-half,False,19.735090766017006,6.288826865772481,0.879163667258527,7.167990533031007,1.0,True,True,0.18223905992811784,2.186055939274202,7.535117473635061,0.09540433084181854,0.15550724262250712,0.023429169885064133,0.0,0.5804236389502763,0.2548277367970989,0.0036580241323882047,0.1459523740532444,0.005075897830765691,0.0,-1.8861860319078192,-1.1210563540649574
2026,3,8524015,162150,Pierre-Louis Barassi,Centre,False,23.034460702810435,4.671829613245338,1.8631309857192802,6.534960598964618,3.0,True,True,0.08059293394457598,2.035195421923265,7.480651184139777,0.02614271032839557,0.0,0.0,0.0,0.5922387847077624,0.31501778200455527,0.01550074012915454,0.12732066831323996,0.0077124310388874216,0.0,-2.2732637292622795,-1.2783558496206051
2026,3,8524015,164232,Danilo Fischetti,Prop,True,58.801482155626154,11.795539655874551,3.949485106919313,15.745024762793864,6.0,True,True,0.01848628924365666,10.753221741665268,4.281595496861131,0.0024026023913845973,0.0,0.0,0.0,0.6711548192658692,0.10477533297427016,0.010307081471413968,0.7068271545575606,0.028231078258178846,0.0,-1.3586791500619166,0.18220194175161802
2026,3,8524015,226836,Giacomo Nicotera,Hooker,True,61.51261358291056,14.162616654204468,4.624798923850456,18.787415578054926,7.0,True,True,0.03440450715331983,13.485956300357286,3.6802335222532774,0.0063646553204718655,0.0,0.0,0.0,0.1464026471113638,0.05894221716104404,0.07470320350149812,0.29003642258200035,0.07180703964096143,0.0,-0.8217826859318362,0.7058850967251938
2026,3,8524015,123210,Simone Ferrari,Prop,True,61.780225482925175,10.842217477346162,7.5252064908553855,18.36742396820155,4.0,True,True,0.014355042901318,10.782872267453184,1.2804904449849204,0.00435625322594711,0.0,0.0,0.0,0.09579286987450297,0.02654424225865889,0.032994946573645906,0.43474841574799933,0.029661197583427196,0.0,-1.7707052358319064,0.4800318746341414
2026,3,8524015,167196,Niccolo Cannone,Second-row,True,64.74330311579226,10.570989053158192,6.693012400132435,17.264001453290625,10.0,True,True,0.011880702652574873,10.667378248318181,3.462099828459508,0.0051580798421093175,0.0,0.0,0.0,0.19075540353133882,0.03484769674373932,0.021158987176286555,0.5538844577287462,0.05966974660397869,0.0,-1.165823674837203,0.43046103822558435
2026,3,8524015,208140,Andrea Zambonin,Second-row,True,66.24429470965941,12.546032757937901,6.845928837862124,19.391961595800026,5.0,True,True,0.017003088366044264,11.993186365570928,2.821423372148848,0.03080662692019094,0.0,0.0,0.0,0.17116548410650587,0.11855052014274327,0.06606352189477395,0.4299104877404509,0.06105311420727461,0.0,-0.843058313489068,0.7874830347808308
2026,3,8524015,164220,Michele Lamaro,Back-row,True,66.67136813825154,14.902464881351431,7.726090858544211,22.628555739895642,15.0,True,True,0.020967973507282585,13.663241588172486,9.637387284689373,0.04993919242629336,0.0,0.0,0.0,0.48739488026300076,0.04871398034057058,0.028792233719792622,0.3489342502145128,0.02845954374541211,0.0,-0.33499912845496804,1.3335162839388848
2026,3,8524015,204054,Manuel Zuliani,Back-row,True,66.56265799092327,16.215159325172113,7.7436292956093355,23.958788620781448,18.0,True,True,0.048144990820494754,12.314541309030755,10.33175582317105,0.021770714875494045,0.0,0.0,0.0,1.1450883936724776,0.22955504473432223,0.013999646335566671,0.5858591171592675,0.02841313940004089,0.0,0.07807857158292843,1.5937909941424186
2026,3,8524015,220140,Lorenzo Cannone,Back-row,True,66.33844518644999,19.197044797364214,8.013365140145869,27.210409937510082,25.0,True,True,0.04745411866891882,13.485472793885078,31.34157956748213,0.021443187370459093,0.0,0.0,0.0,1.265501055897398,0.09809091417118661,0.01795358076569703,0.761377213813028,0.028317431237821135,0.0,0.41603425556946616,2.112085938489101
2026,3,8524015,180450,Alessandro Fusco,Scrum-half,False,67.20550461036706,10.621120102898342,0.9137460008901943,11.534866103788536,12.0,True,True,0.08875603386028626,4.652296410763464,18.994435371736422,0.22639816068231966,0.0,0.0,0.0,1.433596409234638,0.34472242786654095,0.01742173159105768,0.3816487892942525,0.017285366412131447,0.0,-0.7835162063505745,-0.3111061477414695
2026,3,8524015,203034,Paolo Garbisi,Fly-half,False,68.31529958014143,14.3273368073525,2.0305517486766815,16.35788855602918,15.0,True,True,0.05056587190934391,6.346600773126264,18.505907512401816,0.4316730580190976,0.5493465687678785,0.6260741371008844,0.0,0.6357895103784971,0.4482043074438931,0.01819078814458286,0.21475042208817882,0.054544324012303844,0.0,1.489391268633688,0.7686495823158609
2026,3,8524015,134016,Monty Ioane,Back-three,False,70.37460761512631,15.902332511206685,1.4399085179433253,17.34224102915001,8.0,True,True,0.17931335789686872,3.755661295618798,39.23763068283804,0.20677484002594432,0.0,0.0,0.0,2.5473525643589783,0.7010082249339473,0.09872462370363612,0.34582821989208695,0.02361564013930413,0.0,0.41742501665906356,0.7194229792574608
2026,3,8524015,231834,Leonardo Marin,Centre,False,68.45029084898394,13.725621902018093,1.9468462515298957,15.672468153547989,26.0,True,True,0.10573441726767052,6.224611168502418,28.39518254683144,0.12853192145328057,0.0,0.005163237085265483,0.0,1.3992773261237483,0.6268787848174362,0.04655219319781633,0.2564309032604677,0.022918624168186588,0.0,0.22614596022588523,0.450155490721586
2026,3,8524015,226818,Tommaso Menoncello,Centre,False,73.4796822235836,23.88126934436519,2.2940082944674858,26.175277638832675,28.0,True,True,0.45551193999930073,9.943816431900963,27.748174610959968,0.012935322320936244,0.0,0.0,0.0,3.275215935801952,0.6024633388416089,0.07850038506288279,0.6942553905486871,0.024602572173074863,0.0,1.19984440219493,2.1035629099085353
2026,3,8524015,213750,Louis Lynagh,Back-three,False,74.13008368813274,10.530427750725687,1.3579290388327894,11.888356789558477,5.0,True,True,0.15235231220533352,4.237556781851545,27.097435346570588,0.019961972232048146,0.0,0.0,0.0,1.2035533199611095,0.2528652620722603,0.07269173352820121,0.4624165387679308,0.024875867009440517,0.0,-0.9195238786005051,-0.2850847411119002
2026,3,8524015,207774,Ange Capuozzo,Back-three,False,70.62171024743697,18.005516014653196,1.4920087850597235,19.49752479971292,26.0,True,True,0.17568612438135794,2.91719960885966,47.95449723868211,0.1515944294312896,0.09461368175820756,0.0,0.0,3.2144073325650293,1.100864796011938,0.0815841376096595,0.38412206203526394,0.023698560485717102,0.0,-0.07049756956977514,0.9379962323615115
2026,3,8524015,207198,Pablo Dimcheff,Hooker,True,13.317071496780997,3.256638264253176,1.767995106594361,5.024633370847537,11.0,True,True,0.00819804184891236,2.349436672278732,2.527477648330911,0.003704774457221741,0.0,0.0,0.0,0.43975540054310414,0.020731879983249255,0.0012337898806108894,0.08000291288032427,0.015545746232713131,0.0,-2.878017396842252,-1.5976973250242592
2026,3,8524015,231804,Mirco Spagnolo,Prop,True,17.85977286011983,3.354378057737103,1.5428216727090138,4.897199730446117,11.0,True,True,0.018198125546127306,2.9561467788913856,1.0353642894745536,0.0007978621602851132,0.0,0.0,0.0,0.1345572294920527,0.014952626256402143,0.00513945746214442,0.15977592795491308,0.008574624768010197,0.0,-2.341057041973801,-1.521428510302585
2026,3,8524015,147354,Giosue Zilocchi,Prop,True,17.932308952565773,2.8768901760936827,1.5451424355455265,4.422032611639209,8.0,True,True,0.0054996772134557545,2.959925876126716,0.5357856272516933,0.001313600825684397,0.0,0.0,0.0,0.058209050679355674,0.008822913581930467,0.0023640648754794497,0.273622264705855,0.008609449946344378,0.0,-2.752847073311843,-1.6607833511826713
2026,3,8524015,129234,Federico Ruzza,Second-row,True,19.75505931554194,3.8336130851042545,2.7727928233244925,6.606405908428747,17.0,True,True,0.01268994288882508,3.260955410773378,1.3304844741844581,0.010867786391220307,0.0,0.0,0.0,0.21747359010894024,0.04813112916309282,0.002306160016267169,0.11286800273035905,0.018206970092284756,0.0,-2.588564754163123,-1.3236181476194424
2026,3,8524015,220128,Riccardo Favretto,Back-row,True,20.44723173054603,4.230398313362253,3.639668454339621,7.870066767701873,9.0,True,True,0.005885397087254974,3.482239884371466,2.4118144142358977,0.007082031074086947,0.0,0.0,0.0,0.42035607514739665,0.026019672406971363,0.001616084700148681,0.2256417314232149,0.008728167760130115,0.0,-2.2825025807475794,-1.0915253358892663
2026,3,8524015,263016,David Odiase,Back-row,True,22.12560933538107,6.0112197504014215,3.7931628022415516,9.804382552642974,1.0,True,True,0.012305081979326428,4.5240681261993325,7.4040603199488695,0.004465166056916994,0.0,0.0,0.0,0.6743912949674721,0.05108910133336967,0.002479505180375786,0.13142056247668044,0.009444605148471603,0.0,-2.413375477136958,-0.8414667142023655
2026,3,8524015,231774,Alessandro Garbisi,Scrum-half,False,17.139345993791494,3.0166932765417425,0.8635963146717037,3.880289591213446,5.0,True,True,0.0206011975111126,1.342409380979329,2.701462263144349,0.12321087642026655,0.0,0.0,0.0,0.40808983557520767,0.08872153523629973,0.004857280812729548,0.020439390903849365,0.004408268002518388,0.0,-2.5181575607709283,-1.696054573882098
2026,3,8524015,142488,Paolo Odogwu,Back-three,False,26.868164807166732,5.629354212147864,1.3205847637884134,6.949938975936277,7.0,True,True,0.04953925658941979,2.2609954095399605,13.996255602159607,0.0038566291519967215,0.0,0.0,0.0,0.9352831095670855,0.10160085229886938,0.010696714284276388,0.22463096161272947,0.009016162686968702,0.0,-2.789521480704455,-1.3104032189066224
2026,4,8524024,162870,Rhys Carre,Prop,True,58.0704368774428,9.191371753041892,3.254648607974697,12.44602036101659,37.0,True,True,0.05870961577950848,7.476193066890444,7.239695470886763,0.0031708771201059784,0.0,0.0,0.0,0.8883363004891659,0.029701074394961443,0.048348103826118254,1.116563841072611,0.027880097369567154,0.0,-1.7466648236560756,-0.3515632983168603
2026,4,8524024,178848,Dewi Lake,Hooker,True,61.31607504417636,14.210468738771743,3.9916921409386905,18.202160879710434,32.0,True,True,0.027019204060382832,12.040259567171391,10.14349952309907,0.01243462122808462,0.0,0.0,0.0,0.7626198238598808,0.05552699395873214,0.018423487766724745,0.6553404014354108,0.071577609450634,0.0,-1.0658676931794469,0.5804296184556235
2026,4,8524024,131898,Tomas Francis,Prop,True,59.92348978763672,8.90080833591869,3.3381316217924124,12.238939957711102,16.0,True,True,0.005157406731323232,8.562283799119674,0.8858501081733244,0.0025827309847649576,0.0,0.0,0.0,0.0987342023576229,0.05977995918719738,0.10849273653754576,0.46481067684378546,0.028769763408694794,0.0,-2.5419894776896257,-0.5204017058418066
2026,4,8524024,232104,Dafydd Jenkins,Second-row,True,67.92172908786205,15.038736147822911,4.775227931985526,19.813964079808436,32.0,True,True,0.014523647180680766,14.015021115368903,6.559307198281021,0.01739842618612838,0.0,0.0,0.0,0.1752540139938897,0.1301003911953224,0.1676212226394169,0.3995528145811446,0.062599097799016,0.0,0.022120968661364888,0.9989200750474385
2026,4,8524024,219996,Ben Carter,Second-row,True,66.05084852927898,11.109269477825645,4.579511489390239,15.688780967215884,24.0,True,True,0.021020048913682553,10.854970648718272,2.053078240172301,0.00475126661461571,0.0,0.0,0.0,0.07439202535032141,0.04902799808782603,0.09952825380180977,0.5201141505409542,0.06087482728014389,0.0,-0.9662836659492181,0.24314286625255016
2026,4,8524024,232110,Alex Mann,Back-row,True,65.55484191650451,13.901889648797006,5.387135623034601,19.289025271831605,43.0,True,True,0.08111833092499292,11.835475795015002,9.117894298819358,0.013013332821072456,0.0,0.0,0.0,0.5021311150999378,0.17167904468391862,0.0479238423152057,0.649739272752226,0.027982939953739232,0.0,0.2420785791293432,0.9634348025726044
2026,4,8524024,154938,James Botham,Back-row,True,64.73571063874343,13.017332385177145,5.321378488839812,18.338710874016957,53.0,True,True,0.023365517264704812,11.345348130063321,5.806849903927616,0.006276945486349496,0.0,0.0,0.0,0.4828986264045645,0.21709082912952524,0.0872940196097074,0.4018888795399751,0.027633283075777216,0.0,-0.28398502452399926,0.7369529889803017
2026,4,8524024,176652,Aaron Wainwright,Back-row,True,70.83660966036354,15.493537170989049,5.712547786068489,21.206084957057538,23.0,True,True,0.06882073207588532,10.842567372997667,23.134295950583404,0.08107846277147612,0.0,0.0,0.0,0.6691071785097663,0.1388900745191992,0.05977458181348083,0.46933479206982526,0.030237531457662795,0.0,0.0999832079573622,1.2090877428926419
2026,4,8524024,128628,Tomos Williams,Scrum-half,False,70.00868369470486,9.81959254645168,1.1618338246093607,10.98142637106104,9.0,True,True,0.1267434439795447,4.820010897968681,17.033364902722425,0.3567792451782421,0.0,0.0,0.0,0.4378828588357063,0.21408220473762204,0.06472986558029926,0.23251748363901983,0.018006348686909687,0.0,-1.6894355148493514,-0.5482471272855047
2026,4,8524024,263442,Dan Edwards,Fly-half,False,70.71010589058304,13.278788672238418,1.7980460681113053,15.076834740349724,17.0,True,True,0.09422221954976608,5.6300553500093,15.992262043714076,0.08294506917916587,1.7327797734919415,0.1826041243682804,0.0,0.5494858437553558,0.27047788845946197,0.08212190880720467,0.40689614825867265,0.05645638605618322,0.0,0.166262501199934,0.3555691793343615
2026,4,8524024,129096,Josh Adams,Back-three,False,72.12841303044877,14.164076634317887,1.2490237290843362,15.413100363402222,7.0,True,True,0.3645988687958446,3.7884741361417062,35.337573163072825,0.024543816676389718,0.0,0.0,0.0,1.5460655074048382,0.33423119740240387,0.06082663534882217,0.3122672156141199,0.02420416544645932,0.0,-0.6399525538859466,0.261513226510221
2026,4,8524024,220962,Joe Hawkins,Centre,False,68.93049336331578,14.664098854019356,1.9385647995941828,16.60266365361354,15.0,True,True,0.05872177214236763,7.576101261166713,20.39235949022691,0.0930655714505777,1.0148109751377714,0.09287815331981879,0.0,0.7384561763958474,0.13358279869307255,0.07525520001110367,0.18469574354150772,0.02307940626003876,0.0,-0.802731630792643,0.40084819118397363
2026,4,8524024,232158,Eddie James,Centre,False,72.06668322312107,13.918087183527883,1.9159119535167501,15.833999137044632,22.0,True,True,0.060683131482032374,8.364858609530389,20.789066170360616,0.04528182465303796,0.0,0.0,0.0,1.3128814452963635,0.1797912014339585,0.08125554463747646,0.5057057069371576,0.02412946982917,0.0,-0.3554871925256838,0.3708578508987765
2026,4,8524024,363636,Ellis Mee,Back-three,False,72.83028432225845,12.542222276428447,1.2069033183813085,13.749125594809755,5.0,True,True,0.14188804492666737,3.810299072925265,34.40671087726029,0.01206519829056325,0.0,0.0,0.0,1.6369661672788565,0.32811327521932504,0.16629926126064712,0.37467476659739085,0.024439692725590084,0.0,-0.28710159631438364,0.08857895555553036
2026,4,8524024,187290,Louis Rees-Zammit,Back-three,False,73.38588184006309,18.71107013804827,1.4524126762709477,20.16348281431922,18.0,True,True,0.22245872391044652,4.030782668828971,43.96852047553644,0.05967546612052057,0.0,0.0,0.0,3.548483653397884,0.3683282580581246,0.15850189058562,0.2860042359790756,0.024626134845658756,0.0,0.16808078375113653,1.0738764867322181
2026,4,8524024,128574,Ryan Elias,Hooker,True,18.009160909213914,3.2543840044314183,1.8067236850249913,5.06110768945641,7.0,True,True,0.007357955040615491,2.9849858359690065,2.101764298978515,0.0013328712750711271,0.0,0.0,0.0,0.19423805435165054,0.024151406842825546,0.005583854405675772,0.20588544195231334,0.021023078942424403,0.0,-2.652742373127983,-1.5530048772521827
2026,4,8524024,121974,Nicky Smith,Prop,True,20.822367485871887,3.379436106286673,1.456308691404753,4.835744797691426,7.0,True,True,0.004459290659730342,3.1753998497126785,1.5681023202065405,0.0007447441696349167,0.0,0.0,0.0,0.14635338247734314,0.011170044473218198,0.0077935456961061,0.1698617075422041,0.009996990967989798,0.0,-2.98541401062148,-1.6432112860575345
2026,4,8524024,219990,Archie Griffin,Prop,True,17.17156870372927,2.9618341102673083,1.2827579432075549,4.244592053474863,6.0,True,True,0.006354839732246796,2.9496843442821015,1.288639035990756,0.0005557582033829204,0.0,0.0,0.0,0.05712618361894832,0.020390323104346162,0.003449242259166108,0.21645402627170005,0.008244212256549262,0.0,-3.1067346997201124,-1.7479496349444248
2026,4,8524024,129576,Adam Beard,Second-row,True,22.14560618197633,2.908307658714862,2.2274085775478496,5.135716236262711,5.0,True,True,0.0030282969270062007,2.995709617311811,1.067111126772341,0.0032803452137822784,0.0,0.0,0.0,0.04782283060391712,0.008295985561600494,0.019816709278253023,0.2552180536310656,0.020410183689681238,0.0,-2.9243791940949286,-1.5901560076928818
2026,4,8524024,129894,Olly Cracknell,Back-row,True,21.785072442325045,4.082796544727281,2.984568620667738,7.067365165395019,9.0,True,True,0.016028637875609833,3.5352855016442084,6.935351182800893,0.0023998899055221673,0.0,0.0,0.0,0.32527638432430067,0.02847887485161854,0.007857379508030607,0.40281928791179533,0.00929924253067204,0.0,-2.4722700995329885,-1.2381390616627859
2026,4,8524024,135900,Kieran Hardy,Scrum-half,False,17.97424487602472,2.468960785973187,1.101990393991219,3.570951179964406,,False,True,0.023302658836417,1.4026390342528294,4.809167358269363,0.040457698909555,0.0,0.0,0.0,0.32225056866137675,0.05849619240150162,0.0037629079483932956,0.0857286673030165,0.004623005369347922,0.0,-2.814470974653169,-1.7917320514588173
2026,4,8524024,139716,Jarrod Evans,Fly-half,False,19.796456923457384,4.482637626842628,1.681108817848321,6.163746444690949,,False,True,0.009338516683487492,2.008851591188004,4.735453536516654,0.0990121396208772,0.12718882547982868,0.12929485166147048,0.0,0.6137071717757677,0.10530882457734465,0.005008623091730509,0.04195553545704945,0.015805893663131322,0.0,-2.609721870318661,-1.3898140570018833
2026,4,8524024,339492,Louie Hennessey,Centre,False,21.634273534326383,3.58280631981976,1.7769015827756132,5.359707902595373,0.0,True,True,0.03788125756925888,1.706814978434049,8.768848889763884,0.0034424617671592224,0.0,0.0,0.0,0.660399919556111,0.07372123640481466,0.024410040938665133,0.07066550613635039,0.007243618370868208,0.0,-2.9580874718758707,-1.564456283451909
2026,4,8524024,148650,Tom O'Toole,Prop,True,58.410260101495666,10.076924811601682,3.495527018872501,13.572451830474183,14.0,True,True,0.07405088171110649,8.109295516331537,5.913935281185793,0.0020438468822955563,0.0,0.0,0.0,0.5159284994386845,0.06006848842527986,0.02611402804071155,0.29365718729707296,0.028043249312009563,0.0,-1.9771862570395322,-0.23303075846896304
2026,4,8524024,148644,Ronan Kelleher,Hooker,True,57.434346101033825,15.496142612243515,4.061333656795177,19.55747626903869,35.0,True,True,0.20876318633130914,9.516198293161837,17.721085898663887,0.014483363715532238,0.0,0.0,0.0,0.7672254833382696,0.3905335444434833,0.016684857689924944,0.2731480004758078,0.06704625485748206,0.0,-0.9443401269527036,0.7930670044689804
2026,4,8524024,112374,Tadhg Furlong,Prop,True,58.61731473623446,8.595534125622057,3.4865366159168922,12.08207074153895,13.0,True,True,0.019581480281514407,7.910316940802366,3.0078927507006052,0.006411441930955484,0.0,0.0,0.0,0.20948424330802098,0.12399756446166776,0.03398237269345242,0.33031297635422274,0.02814265795585223,0.0,-2.0058194297468743,-0.44842649542219226
2026,4,8524024,143604,James Ryan,Second-row,True,66.7883977994256,9.059821597321323,5.043512166943878,14.103333764265201,10.0,True,True,0.033904004192515165,8.502027569718864,6.293416855347989,0.016126322177187364,0.0,0.0,0.0,0.21244415348540588,0.06286715333905482,0.0447200622111294,0.4817213532031345,0.0615545790990909,0.0,-0.8651559863343484,0.03710619865894331
2026,4,8524024,117954,Tadhg Beirne,Second-row,True,67.50722433412885,10.715796902961166,5.1095696146060705,15.825366517567236,32.0,True,True,0.07461581470311034,8.943802460944282,5.822399972894677,0.02084269311548653,0.0,0.0,0.0,0.48740891424290494,0.06895865993483717,0.04271417984028447,0.4458342216756516,0.06221707537459367,0.0,-0.8479830518212444,0.2831882284795557
2026,4,8524024,117936,Jack Conan,Back-row,True,64.35117269046515,20.423230348963628,6.10300677965079,26.52623712861442,68.0,True,True,0.345647380240641,9.273463945006302,38.30528723191775,0.031140848966948704,0.0,0.0,0.0,1.3455480741840147,0.1619096816480311,0.04950628991274834,0.284608966581846,0.027469138033214067,0.0,0.7049996015354668,2.0662379365381316
2026,4,8524024,136878,Nick Timoney,Back-row,True,66.32437382277989,20.68407410365629,6.241531183601697,26.925605287257987,19.0,True,True,0.36768449190262736,10.20061219854817,33.56568688357973,0.022832264923553478,0.0,0.0,0.0,0.9871430493625684,0.16454683079540802,0.04838426343741576,0.5268784871657048,0.02831142469256626,0.0,0.4347845786995356,2.075176698319334
2026,4,8524024,148680,Caelan Doris,Back-row,True,71.19227419077806,20.970467465185646,6.553748705244799,27.524216170430446,30.0,True,True,0.22025039849073413,11.094574888430826,34.1175586556823,0.0393810558701296,0.0,0.0,0.0,1.635026953931831,0.2950016826272593,0.029192265767561572,0.43945946851805207,0.03038935150492858,0.0,0.7393424252808257,2.213132627200987
2026,4,8524024,120504,Jamison Gibson-Park,Scrum-half,False,68.33159101631419,10.92989003340262,4.340115742922354,15.270005776324973,26.0,True,True,0.07716829709533667,5.425911084690844,11.425385820738345,0.45904876454428045,0.0,0.0,0.0,0.8828507757013354,0.16885711725673777,0.016685285863231612,0.20286630720411045,0.01757499768938122,0.0,-1.9050151384348628,0.019250252005775514
2026,4,8524024,201696,Jack Crowley,Fly-half,False,68.23986695637689,21.45078145580778,2.2494326897642187,23.700214145571998,39.0,True,True,0.12890980260126542,7.119798170887892,16.798711139726603,0.4592736787121302,2.0107769998765375,0.9130848996482526,0.0,1.550245466749617,0.4717944917438696,0.02089888358288628,0.4321720041806788,0.05448409707196986,0.0,1.9843262762470588,1.8919093103726135
2026,4,8524024,136848,Jacob Stockdale,Back-three,False,71.389593565109,21.971985513566327,1.7315694307928229,23.70355494435915,30.0,True,True,0.6171839163313291,2.5516868595447204,51.33026062957416,0.21056155010296826,0.0,0.0,0.0,3.1742519366623463,0.6524384943149328,0.03596636078550821,0.3072181783287618,0.02395623945137886,0.0,0.6970850955286818,1.6664227555220912
2026,4,8524024,129840,Stuart McCloskey,Centre,False,70.7101822785271,15.618204924939537,1.9720356076140255,17.590240532553562,32.0,True,True,0.19952208684290912,8.376865602916924,24.033994880570837,0.046143939212278676,0.0,0.0,0.0,1.3927250890779774,0.3239931927004054,0.03526518493395026,0.42984337025689867,0.023675284245042554,0.0,0.9779779753154103,0.8528261233395033
2026,4,8524024,129372,Garry Ringrose,Centre,False,71.94288898639739,13.730232904844325,1.910644605138625,15.64087750998295,16.0,True,True,0.18642260097101634,5.421956526031537,33.1863548303292,0.06896938940451815,0.0,0.0,0.0,1.5097513773556295,0.2253757794472011,0.025674139716932554,0.3100120963758673,0.024088020865981268,0.0,-1.1907323676267763,0.19698222800813836
2026,4,8524024,186198,Robert Baloucoune,Back-three,False,71.10593345447366,18.739370845587512,5.792756384105048,24.53212722969256,16.0,True,True,0.5396125615201043,3.995255086407897,39.49211948787604,0.13282092011414787,0.0,0.0,0.0,2.161307399975437,0.745495725992319,0.09057337270425442,0.3304613944608496,0.023861051494789818,0.0,0.6009506368674586,1.7665018680753888
2026,4,8524024,227658,Jamie Osborne,Back-three,False,74.1363209515934,16.473551538716315,1.3329578430785711,17.806509381794886,22.0,True,True,0.24979093926339063,3.813070843357853,47.20673939688021,0.1955131268562387,0.0,0.0,0.0,1.9654302929951135,0.8144505326363892,0.037807808120638185,0.24389209631224473,0.02487796005087027,0.0,0.7705649543825239,0.8469441967491579
2026,4,8524024,201792,Tom Stewart,Hooker,True,20.66521311572329,5.981115136762498,2.0230553159951468,8.004170452757645,3.0,True,True,0.13652250451182135,3.171110599152432,3.285341006488037,0.030403840073113784,0.0,0.0,0.0,0.34381685671074297,0.0554921021305977,0.005300189344553494,0.06394908468939445,0.02412363401515291,0.0,-2.2027123169803624,-1.0585902738894455
2026,4,8524024,148770,Michael Milne,Prop,True,16.818583128341484,3.76867056805661,1.331255396152941,5.099925964209551,6.0,True,True,0.053651631560810764,2.722110009586796,1.8372424393641296,0.002091864105407574,0.0,0.0,0.0,0.16470490348022457,0.017202989513002618,0.0021092850001924127,0.10056987754993621,0.008074740960291682,0.0,-2.9072480220323063,-1.5922007091617407
2026,4,8524024,203208,Thomas Clarkson,Prop,True,21.19685219736925,3.2372186237607616,1.5504209790649093,4.787639602825671,3.0,True,True,0.027320456723229147,2.6627997741943985,1.2312680941886769,0.0006181291099313838,0.0,0.0,0.0,0.17449081528562765,0.02807897877705117,0.0031781069384333514,0.20800671965216,0.010176784177432941,0.0,-3.1462567808436264,-1.6782352223582948
2026,4,8524024,220194,Joe McCarthy,Second-row,True,23.396246853893135,5.11386017155777,2.4638831330137316,7.577743304571501,15.0,True,True,0.019317360082256603,3.5934964946544734,4.0433181938527225,0.004948144856016794,0.0,0.0,0.0,0.6871042314827788,0.061504974636118266,0.005855261288509053,0.20786992784365305,0.02156281891826139,0.0,-2.4629763647908245,-1.1644670172177012
2026,4,8524024,118518,Josh van der Flier,Back-row,True,25.259025197125577,5.218203438516263,3.3438445329847464,8.56204797150101,10.0,True,True,0.04460081238344375,3.8622227511057705,7.81258260046366,0.023864324925347003,0.0,0.0,0.0,0.297271764916647,0.07827547657120808,0.006389838585844561,0.13762175090116768,0.010782144609263364,0.0,-2.4685772020924235,-1.0265140652554208
2026,4,8524024,201750,Nathan Doak,Scrum-half,False,26.090273842106974,4.904778304393074,1.1143506504889138,6.019128954881987,3.0,True,True,0.044749449151801415,1.8951448737939922,1.9941520555683903,0.10246078786217142,0.5225841208659977,0.2390105142048684,0.0,0.23924905735306612,0.035408481961039885,0.003163254588708729,0.14148304139026058,0.00671046137914274,0.0,-2.5807821395392727,-1.4051470503629593
2026,4,8524024,124548,Tom Farrell,Centre,False,27.686012720372485,7.333630455760222,1.8028413327436725,9.136471788503894,2.0,True,True,0.06312949221744606,3.117924552498742,14.274888982394504,0.06922002458509005,0.0,0.0,0.0,1.1033885150073033,0.12418698777438693,0.008411734094937229,0.14332944163899772,0.009269870330481858,0.0,-2.4174009331340085,-0.9364499524258922
2026,4,8524024,148890,Ciaran Frawley,Back-three,False,24.179380379607952,3.6156844114388282,1.1030208830380408,4.7187052944768695,2.0,True,True,0.07390041706168775,1.488938722408971,8.576616282566642,0.028186248949677674,0.009580318111736307,0.0004984462232800478,0.0,0.6006706965963488,0.0652312660166703,0.010121311649604642,0.08750050558597736,0.008113886033425487,0.0,-2.7554047664566386,-1.619356518721922
2026,4,8524033,178704,Jean-Baptiste Gros,Prop,True,59.02433082422023,11.74269151758289,4.02835409354214,15.771045611125029,25.0,True,True,0.009507908194431121,11.501899461307747,4.770434083419794,0.002293836849345564,0.0,0.0,0.0,0.29017959419493883,0.026952123058343082,0.020861253461065002,0.5078812671086173,0.028338069748396047,0.0,-1.4554799660499351,0.16888272501219243
2026,4,8524033,135138,Julien Marchand,Hooker,True,61.65297572584852,12.69140324236659,4.67908312248713,17.37048636485372,12.0,True,True,0.040714828609446925,10.299371603746946,13.270576724175665,0.028082026074676088,0.0,0.0,0.0,0.3853716858076438,0.20512928943839534,0.02721078915089081,0.2882203308140291,0.07197089205065381,0.0,-0.9990251245045704,0.47477081875194166
2026,4,8524033,127122,Dorian Aldegheri,Prop,True,61.04442817398913,9.581521924693744,4.125909283199778,13.707431207893523,8.0,True,True,0.01292842394972215,9.518125395218968,2.101910487311217,0.002791113970527665,0.0,0.0,0.0,0.10442944857596714,0.02885183602559759,0.03227471352289687,0.42309074644317785,0.029307935205520566,0.0,-2.0305073098309436,-0.22333801702313244
2026,4,8524033,123504,Charles Ollivon,Back-row,True,65.81389008679274,14.547855525330618,6.369074331567345,20.916929856897962,12.0,True,True,0.0515131699429834,11.05719694607993,27.58091597511103,0.028367624003299504,0.0,0.0,0.0,0.5271162710883186,0.13941309733032384,0.03813025246847839,0.7787518748541365,0.028093518046560108,0.0,-0.6580332875197338,1.035213319087518
2026,4,8524033,219930,Mickael Guillard,Second-row,True,61.92374820154964,15.613399626374669,6.4474424567170505,22.06084208309172,14.0,True,True,0.040881728713857854,12.532384053478344,14.558210974570242,0.006646196322650596,0.0,0.0,0.0,0.808850631992318,0.17314797243214808,0.0447274530517047,0.4610738980747065,0.057071143826978546,0.0,0.0558488773509459,1.3219908183239086
2026,4,8524033,123366,Francois Cros,Back-row,True,64.89924720057303,14.105025107173045,6.300260170007595,20.40528527718064,20.0,True,True,0.009756317918332987,12.673574465061098,8.40939535466898,0.015598191127473028,0.0,0.0,0.0,0.5412888459920104,0.06900121806706146,0.08313558248204288,0.27502947774218295,0.027703090791822774,0.0,-0.32093975546562786,1.0221662043998778
2026,4,8524033,242478,Oscar Jegou,Back-row,True,68.18615086562569,17.647111114958648,6.5948956676119925,24.24200678257064,47.0,True,True,0.09656613120810044,13.303153338867348,16.379410313644485,0.03126593935802289,0.0,0.0,0.0,0.9367753126521804,0.16469339797997,0.040006994705396495,0.4870396016289854,0.029106148524919637,0.0,2.128207644723991,1.9936406328506482
2026,4,8524033,139728,Anthony Jelonch,Back-row,True,67.57672775915145,17.40312332090256,6.54766105951377,23.95078438041633,21.0,True,True,0.08912398465293428,12.409590854483213,22.702657677629663,0.037465778977377205,0.0,0.0,0.0,0.7550527429005964,0.2718623855175568,0.04371389001013746,0.6213600845852989,0.02884600831717403,0.0,0.40183027205755256,1.6494914997793109
2026,4,8524033,135318,Antoine Dupont,Scrum-half,False,67.24231628673729,24.706826946099223,1.6607130982041705,26.367540044303393,21.0,True,True,0.5020800111570399,5.960447462994632,51.70975250223949,0.9529753628018469,0.0,0.0,0.0,2.1981991534329004,0.4588682805804697,0.03850633389113937,0.5065144449761849,0.017294834435889223,0.0,1.278345706067855,2.1444809041671866
2026,4,8524033,169662,Matthieu Jalibert,Fly-half,False,69.9661196225554,24.845217665725666,4.121638773344535,28.966856439070202,14.0,True,True,0.22971319875032628,5.540331478749525,50.7022008452338,1.1702415127221335,1.6462388173870715,0.23564963999537164,0.0,1.4679001797973135,0.5540920529029673,0.02540335720997342,0.5643277961523725,0.0558623722947944,0.0,0.8915783854057644,2.4434865042806777
2026,4,8524033,231684,Louis Bielle-Biarrey,Back-three,False,70.92265582408531,26.5181623917949,1.8048913460801135,28.323053737875014,49.0,True,True,1.1284341855180884,3.525505655635867,51.559083123557684,0.7012614341146493,0.0,0.0,0.0,1.4605675524491801,0.3795160359028485,0.12337296819898105,0.27476512850813,0.023799548934256818,0.0,1.9034249071175215,2.530229005789554
2026,4,8524033,196152,Yoram Moefana,Centre,False,69.34407678076265,15.692979637808966,2.1278042239745383,17.820783861783504,14.0,True,True,0.1545594971321546,8.041579616733436,21.041394290852978,0.11339632458714329,0.0,0.0,0.0,1.7254616578190412,0.20911837107757494,0.03737085044619232,0.2877051443652749,0.02321788285070178,0.0,0.7948063088009789,0.8532143095664213
2026,4,8524033,262248,Nicolas Depoortere,Centre,False,71.95224799874153,21.971242838689957,2.095761187476259,24.067004026166217,8.0,True,True,0.5348764725120223,8.809920177753517,40.694391279800236,0.09477302711109217,0.0,0.0,0.0,1.368213510468701,0.34203681382608425,0.10605125154895151,0.3968353066431537,0.024091154463864346,0.0,1.1213292812268272,1.7921945867167957
2026,4,8524033,339450,Theo Attissogbe,Back-three,False,72.84938075033763,24.15654923643842,1.5428909772431876,25.699440213681605,25.0,True,True,0.9851796933572793,4.484016979975084,52.69634096546761,0.1743711072128142,0.0,0.0,0.0,1.7466587870583687,0.42913751587259374,0.05002261716471321,0.3562242930315497,0.02444610092293209,0.0,1.4231106236324527,2.075589155257937
2026,4,8524033,129822,Thomas Ramos,Back-three,False,73.88794354276548,31.02525283033607,2.2738671961283545,33.29912002646442,45.0,True,True,0.31552355990750974,2.348358495219448,77.57537602355595,0.4705836711867554,5.274250221986469,0.32629655626232307,0.0,1.946314749124422,0.6577291775102769,0.07867792994037918,0.3655705048011839,0.02479461192710251,0.0,2.9319636169970686,3.4131546768703407
2026,4,8524033,147480,Peato Mauvaka,Hooker,True,14.243554098103928,3.2997968797165833,1.8025406272298885,5.102337506946472,5.0,True,True,0.02713762876126679,2.541860437386851,2.8154149368117887,0.002051215711441783,0.0,0.0,0.0,0.1727988767812311,0.07926735620733956,0.003169029102758488,0.09417406308653863,0.016627280067886403,0.0,-2.2029465433181965,-1.4682295343771168
2026,4,8524033,133488,Rodrigue Neti,Prop,True,17.543468599838512,2.880319772012945,1.513068275634061,4.393388047647006,7.0,True,True,0.002467351496636168,2.948400145607376,0.5361852365665407,0.0019263144387820022,0.0,0.0,0.0,0.0482311051939894,0.010783427014721118,0.008194262640832657,0.22968245904703016,0.008422764474731129,0.0,-2.5645069681989305,-1.6317659679956447
2026,4,8524033,178656,Demba Bamba,Prop,True,19.088081706848886,3.6654631475518005,1.6073820224502524,5.272845170002053,6.0,True,True,0.005225889488236426,3.565082049972871,1.4891241176199108,0.0006381340904622189,0.0,0.0,0.0,0.11634747294344736,0.014961808341162794,0.002191601766486417,0.20831462245050222,0.009164346011523163,0.0,-3.111939125777254,-1.6037237075711708
2026,4,8524033,213072,Thibaud Flament,Second-row,True,24.86678414044184,4.904183195064549,2.7576724483333077,7.661855643397857,17.0,True,True,0.026338408178042467,4.224057054724996,2.92491817383851,0.013442971387188562,0.0,0.0,0.0,0.21679644628518957,0.04015584355705481,0.006582374897846278,0.2009477283467269,0.022918118741366348,0.0,-2.0444011092453853,-1.0791190987298562
2026,4,8524033,166476,Emmanuel Meafou,Second-row,True,21.37383982751536,3.5318460381919343,3.784232497047052,7.3160785352389865,18.0,True,True,0.008429400318186352,3.2266351065997076,4.775777192681149,0.008687259401287365,0.0,0.0,0.0,0.18692286474194578,0.07212086097757972,0.004684273325843714,0.298993447951392,0.01969889618051908,0.0,-2.2081310873861506,-1.1566666905475151
2026,4,8524033,238116,Lenni Nouchi,Back-row,True,22.744656184889898,5.846551866019282,3.3899426910228403,9.236494557042121,9.0,True,True,0.06009505027119574,4.226192905352218,6.722767974335559,0.02336792057548627,0.0,0.0,0.0,0.3469233196597146,0.0614493628093921,0.006097803559625328,0.17322859155641016,0.00970885337654941,0.0,-2.0344838678440227,-0.8551155748075827
2026,4,8524033,121830,Baptiste Serin,Scrum-half,False,18.95276702709225,6.1456416419458995,1.1177971617295532,7.263438803675452,7.0,True,True,0.18632505580689596,2.372616733499941,7.449699420355899,0.1533195287367626,0.14715555547774384,0.022170880601287444,0.0,0.40488952937594286,0.11188840378441363,0.003199320937171448,0.08950657394927848,0.004874682877338542,0.0,-2.021207010428568,-1.131284826810907
2026,4,8524033,162150,Pierre-Louis Barassi,Centre,False,20.989911994252907,4.126237972217377,1.7780301160868919,5.904268088304269,12.0,True,True,0.08280330723555157,2.2696706632541708,8.161100318713041,0.008729714148628,0.0,0.0,0.0,0.447801469323954,0.06303432170171729,0.02154601353008942,0.10064690809108898,0.0070278723195043215,0.0,-2.6677594981127637,-1.436627558346793
2026,4,8524033,130290,Pierre Schoeman,Prop,True,60.45208317513366,13.144224316614023,3.3102568256789815,16.454481142293005,24.0,True,True,0.023011515160115976,12.663904268971951,7.363681011120789,0.0014173663445389763,0.0,0.0,0.0,0.29715587340864685,0.08913618740903456,0.012189609774113687,0.5589365882988653,0.029023545468978357,0.0,-1.6790630982651726,0.22610363939991734
2026,4,8524033,117864,George Turner,Hooker,True,56.62304086303813,11.635679352096652,3.5994815223547514,15.235160874451402,12.0,True,True,0.023609057656750847,9.733335899098364,15.165797635701894,0.009673381991190371,0.0,0.0,0.0,0.35227618681051215,0.17376698746377753,0.013128916746878667,0.27772100279711914,0.06609917386071781,0.0,-1.6570462506580548,0.05785948985194529
2026,4,8524033,122784,D'Arcy Rae,Prop,True,59.737314628246295,8.241234385034982,3.2267892217618916,11.468023606796873,5.0,True,True,0.015649061854368044,8.256867157637245,0.9197290831387095,0.004675655401353732,0.0,0.0,0.0,0.09095391221487131,0.06354315609860572,0.022188056460099033,0.545603845081762,0.02868037917377756,0.0,-2.19265776473686,-0.5678971760702648
2026,4,8524033,220296,Gregor Brown,Second-row,True,62.647637185929455,12.846750595496598,4.242155572880676,17.088906168377274,9.0,True,True,0.007508454008590798,10.988912934932937,8.20935477229829,0.006558370830196295,0.0,0.0,0.0,0.9963056946985711,0.17794763594140656,0.02266129454457511,0.4541442377018731,0.05773830583738915,0.0,-0.415679557613297,0.5374239206922293
2026,4,8524033,136596,Scott Cummings,Second-row,True,65.37570276753767,11.659035224981691,4.361622531473565,16.020657756455257,16.0,True,True,0.012435163170578039,11.671933687312222,2.75766483545143,0.009261576137371337,0.0,0.0,0.0,0.1334275341703712,0.049123460109660705,0.035592120574828745,0.4782718620268565,0.060252588769207804,0.0,-1.3182284135569007,0.22820854931003715
2026,4,8524033,161856,Matt Fagerson,Back-row,True,66.78250680223171,14.278028351223913,5.23764713552182,19.515675486745735,16.0,True,True,0.02629414774088325,12.209706145321736,10.938370921951044,0.01572413055913616,0.0,0.0,0.0,0.5347054938527943,0.17389093673513686,0.03262312065881238,0.8267600732434618,0.028506984734815406,0.0,-0.330985604661316,0.8948330103929671
2026,4,8524033,180222,Rory Darge,Back-row,True,68.47466568645143,17.664858738636518,6.625785362036382,24.2906441006729,23.0,True,True,0.03245135229148442,14.13749616839602,11.901311102607343,0.009482917730757857,0.0,0.0,0.0,1.0775299204363917,0.22607409726142133,0.018655426184655856,0.5516780271629642,0.029229304842148095,0.0,0.9224476279065601,1.788850688226303
2026,4,8524033,124308,Jack Dempsey,Back-row,True,68.53761170069569,18.57384524518137,5.421313469231035,23.995158714412405,23.0,True,True,0.0169824821415661,12.233777656061267,34.75508039792554,0.03824024309255305,0.0,0.0,0.0,1.5423511168863426,0.3312659363807897,0.011598295488685198,0.7265753285015086,0.029256174169957138,0.0,0.051104478236873266,1.5941897440486716
2026,4,8524033,142476,Ben White,Scrum-half,False,63.580831943794024,10.800014164266294,1.1533845526149238,11.953398716881217,21.0,True,True,0.14619029470407766,6.555170165449392,9.304092001895663,0.12099833003762887,0.0,0.0,0.0,0.8514525218018829,0.3437828985857676,0.018582883347923462,0.10267205271056205,0.01635309463574949,0.0,-1.3031468781258384,-0.34324390260115517
2026,4,8524033,117894,Finn Russell,Fly-half,False,71.42619645168037,19.998976431253208,1.913147720755505,21.91212415200871,27.0,True,True,0.016875468825030084,7.443351637156872,18.158395123925164,0.3105008887578436,3.313994746203367,0.6420425935204029,0.0,0.6601126802457467,0.30210861000208267,0.01648988210773728,0.13100207659738505,0.05702812731804837,0.0,0.5317168888743589,1.3845313724917734
2026,4,8524033,171582,Kyle Steyn,Back-three,False,72.26814333820343,18.953237645729963,2.5976277702155866,21.55086541594555,61.0,True,True,0.27558315049459,6.370620697019626,46.02607400699392,0.10721441487402526,0.0,0.0,0.0,2.232719870598203,0.2956984698452009,0.15228393999164466,0.2990733225193052,0.02425105481147766,0.0,0.4135826847184525,1.3128022585717707
2026,4,8524033,139998,Sione Tuipulotu,Centre,False,72.19916278197212,11.449136074949742,1.8302851383221435,13.279421213271885,23.0,True,True,0.10092142194316822,6.923433687843708,19.63755550789348,0.11191673961574615,0.0,0.0,0.0,0.9423948825419777,0.23599298027506044,0.048527042315890216,0.40972059388055604,0.024173826824321024,0.0,-0.6094371742437328,-0.03430226896935028
2026,4,8524033,136776,Huw Jones,Centre,False,72.46449456903399,15.640816758862806,1.957746051795598,17.598562810658404,15.0,True,True,0.19904764622310092,5.6259512471153785,37.161464461914235,0.05473150894305201,0.0,0.0,0.0,2.011227097800057,0.4554365663205726,0.06664856459869463,0.33979380952896937,0.024262665592310485,0.0,0.11409036835625608,0.702356815871312
2026,4,8524033,146754,Darcy Graham,Back-three,False,69.80542240226853,15.491476135637065,1.2171859987566915,16.708662134393755,47.0,True,True,0.1448681622284533,4.8282742852213305,35.2260372354352,0.038023221981715476,0.0,0.0,0.0,2.861218183584335,0.27064593168660284,0.040706985893055735,0.2877126278527,0.023424638390022998,0.0,0.06786343622103244,0.5686314537272048
2026,4,8524033,139902,Blair Kinghorn,Back-three,False,72.4483509718956,18.88041531297085,1.502519773122274,20.382935086093124,29.0,True,True,0.11593279782347139,2.5177228769937336,68.6366827816343,0.13514679121820675,0.613221776891589,0.302786218085642,0.0,2.638120587110135,0.6502081649393395,0.09447222423356841,0.3994859045784321,0.024311527171777047,0.0,1.7756799927828681,1.3870452254581487
2026,4,8524033,187422,Ewan Ashman,Hooker,True,19.25563155875889,4.29255426919335,1.8416717761498957,6.134226045343246,9.0,True,True,0.0073314714179924575,3.6594062906235734,3.8658189961799714,0.0027125273157139816,0.0,0.0,0.0,0.25283608237768934,0.08912750907483491,0.004405776734478542,0.08123950686452161,0.022478152335177096,0.0,-2.220269777629931,-1.3256177576935195
2026,4,8524033,134172,Rory Sutherland,Prop,True,15.04427407673706,2.3737039555340105,1.1591941632939249,3.5328981188279354,5.0,True,True,0.004094474097269602,2.242041070188174,1.3450988490789175,0.0005992603587659101,0.0,0.0,0.0,0.043392349046573866,0.09606156341818901,0.0011799698527430829,0.1808445392444979,0.007222880499402825,0.0,-2.7983502090121184,-1.7942735125012084
2026,4,8524033,130530,Zander Fagerson,Prop,True,21.677181492123186,4.107731240194534,1.4680758749499025,5.575807115144436,9.0,True,True,0.004518316138012852,4.048209689954929,3.6936487574115637,0.0005716165548745524,0.0,0.0,0.0,0.09467591809624024,0.02176455899556018,0.0027215450405009547,0.2049913661995473,0.010407394247328887,0.0,-2.980641817451913,-1.5379126662584757
2026,4,8524033,102762,Grant Gilchrist,Second-row,True,24.561026300936877,3.7809383413796462,2.2939926629707954,6.074931004350441,9.0,True,True,0.005152265237942368,3.7617198328166372,1.17305848741351,0.0028087527252983044,0.0,0.0,0.0,0.052661810225961427,0.020124242356794445,0.006869843526127861,0.13604019686689656,0.022636321367314992,0.0,-2.545261900662592,-1.3910353992409323
2026,4,8524033,366438,Freddy Douglas,Back-row,True,22.448226569191252,4.976347228821436,2.9650955120879323,7.941442740909368,6.0,True,True,0.011118843897364169,4.059757842776237,3.1017947117492244,0.0034329642197201797,0.0,0.0,0.0,0.3543998423071936,0.06754506325167056,0.0016792558389646698,0.0682996269776038,0.009582318525818319,0.0,-2.8543644178590215,-1.1818332680456165
2026,4,8524033,141990,Josh Bayliss,Back-row,True,23.856616118880403,4.909382343076591,3.0341978703369095,7.943580213413501,1.0,True,True,0.012315154841981165,3.947441053645696,6.151820959609762,0.004445267202170768,0.0,0.0,0.0,0.45622783988390786,0.02933923139414951,0.003107619911102118,0.17632180417568152,0.01018350798869006,0.0,-2.2204208203935716,-1.070251171430285
2026,4,8524033,129792,George Horne,Scrum-half,False,21.695944017795046,5.541626383382994,1.1146258842745562,6.65625226765755,6.0,True,True,0.013511171325181943,2.177105993619489,10.71008203467032,0.03155244688069612,0.3870382352121711,0.00022557314774435109,0.0,0.5562927784892796,0.14290099884976395,0.006921497828362143,0.07664818212424859,0.0055802325148649815,0.0,-3.113617566294478,-1.4087483142166801
2026,4,8524033,242766,Tom Jordan,Centre,False,25.190621507277452,6.675876109780821,1.7906910289991658,8.466567138779986,19.0,True,True,0.016588531308835086,1.898851015316487,11.787152156768508,0.12257771142288292,0.6308938341410881,0.014863938132479841,0.0,0.7716669249305858,0.17609255806496213,0.01068697420295196,0.09233258460267642,0.00843435987966879,0.0,-2.193852631549848,-0.9917670763204711
2026,4,8524042,136680,Ellis Genge,Prop,True,60.83417380518971,11.244752122605213,3.279126124980453,14.523878247585666,8.0,True,True,0.10714101446927926,5.955432171148992,14.307847304252949,0.026058307959659213,0.0,0.0,0.0,1.3778017068956183,0.2935481640576257,0.02397078426468379,0.7385472089371469,0.029206990342872528,0.0,-0.16066220716186042,0.22013123139149102
2026,4,8524042,61134,Jamie George,Hooker,True,60.041162537610994,11.05906464285128,3.723846111100498,14.782910753951779,13.0,True,True,0.05524703862851849,8.09934697696353,12.579244917564022,0.021791075701276766,0.0,0.0,0.0,0.5898249759443366,0.13197149643524092,0.04001741557073685,0.24938556734837614,0.07008933432191909,0.0,-1.7947391583232084,-0.030146467679347533
2026,4,8524042,178806,Joe Heyes,Prop,True,63.50195230260664,9.16051816156514,3.371088068851326,12.531606230416465,11.0,True,True,0.05862809882885946,8.048022231527964,3.509793401110408,0.006577645942044633,0.0,0.0,0.0,0.26266682393724455,0.046074081434593114,0.0626190657943,0.5713742114812294,0.03048781287956871,0.0,-1.2744375718749803,-0.2565894925098527
2026,4,8524042,122652,Maro Itoje,Second-row,True,64.61163122580321,9.390830309343759,4.744203378575102,14.13503368791886,23.0,True,True,0.06986763277546716,7.232124822393353,9.391838199137835,0.004155912614700407,0.0,0.0,0.0,0.9542126303321793,0.09793845268118155,0.03436104604825908,0.884298086033397,0.05954839307500502,0.0,-0.7833811779978376,0.05593517406013415
2026,4,8524042,198696,Alex Coles,Second-row,True,65.22831483687837,11.631262621349121,4.810358587736759,16.44162120908588,24.0,True,True,0.14377244779591344,8.262077859931997,8.611710626030053,0.023955516239245665,0.0,0.0,0.0,0.5960462560392359,0.22452249750802086,0.04362135914776713,0.44188456944009596,0.06011675077436227,0.0,-0.7104743497953546,0.39431134643611093
2026,4,8524042,239076,Guy Pepper,Back-row,True,63.7371383100532,13.418132400750267,5.532003716848558,18.950136117598824,32.0,True,True,0.06728878835842017,8.626562577437431,17.856128450243755,0.010195374666433749,0.0,0.0,0.0,1.331612788181883,0.2175183095489383,0.0188039676138601,0.31479038704515766,0.02720702944299759,0.0,-0.7023020703382099,0.7498265861329406
2026,4,8524042,129660,Sam Underhill,Back-row,True,61.953905082638,10.932853741885825,5.385911772283213,16.318765514169037,15.0,True,True,0.0920008612143218,7.023276654353597,12.139399141691126,0.005759318107067627,0.0,0.0,0.0,0.9092567202308907,0.09823144478005744,0.032763121358396805,0.5400358746073172,0.026445833063486395,0.0,-0.36365666455904544,0.43784932178055047
2026,4,8524042,142404,Ben Earl,Back-row,True,67.41809483314948,21.01734747091408,6.082082619196603,27.09943009011068,26.0,True,True,0.24627363462704946,9.737416670136097,34.93144870086207,0.026413184853525742,0.0,0.0,0.0,2.320691356159497,0.12301471327951378,0.13163080965797272,0.9215011762993051,0.02877829378208823,0.0,0.6748891593128873,2.141859508377099
2026,4,8524042,116268,Ben Spencer,Scrum-half,False,65.89454621387513,8.866515137711957,1.1426172673333423,10.0091324050453,12.0,True,True,0.04431282577606689,3.595060276630322,9.413172537149629,0.4781215236464236,0.18317912225488203,0.0011772594425989186,0.0,1.1286153451819358,0.13074672795622233,0.057227950095353454,0.1741724820823847,0.016948185754597514,0.0,-1.4147002203924122,-0.637261766682676
2026,4,8524042,227772,Fin Smith,Fly-half,False,68.3075694352626,22.704093816257156,3.1716078803539878,25.875701696611145,19.0,True,True,0.03649337961440218,7.184740666873362,13.279629528235196,0.44466342546556403,3.572612222227229,0.4045347418487,0.0,1.6912863084951903,0.501623210858994,0.026787094877361868,0.23012677118081298,0.05453815210748129,0.0,1.3849913430196794,2.0937773982961367
2026,4,8524042,172428,Cadan Murley,Back-three,False,71.44044681390898,23.53538511199826,1.8027711961067547,25.338156308105013,16.0,True,True,0.7968035523000054,4.889349396079384,46.71979354688385,0.26452386327154587,0.0,0.0,0.0,2.587000996148386,0.33669909953614263,0.06952989613931244,0.4552784107331339,0.023973304299969453,0.0,1.2230164920239008,1.9894695105776994
2026,4,8524042,232032,Seb Atkinson,Centre,False,72.4865022027368,17.222505109305377,2.0050110131715524,19.227516122476928,9.0,True,True,0.24336885076910922,7.203408334413328,26.08773206023076,0.11487531947818283,0.0,0.0,0.0,2.2341584412077062,0.48703144863795383,0.06191561143782352,0.5047006764938794,0.024270034219666337,0.0,0.6343839903892936,1.0236167032646206
2026,4,8524042,213192,Tommy Freeman,Back-three,False,72.17350593611694,27.58261411542019,2.495257531762463,30.07787164718265,21.0,True,True,0.8004960017368876,5.386304048308428,49.07814036838407,0.45933026472564015,0.0,0.0,0.0,3.3750368449505492,0.8453199613087167,0.10222712424854964,0.47672375645096293,0.024219297293998972,0.0,1.6210907644464523,2.728364216010654
2026,4,8524042,187458,Tom Roebuck,Back-three,False,73.0842241478805,14.63583255590897,1.2415746432939898,15.87740719920296,36.0,True,True,0.15894849671552636,3.3736860211592434,42.38177969903749,0.06883755780979081,0.0,0.0,0.0,2.665956402868588,0.16696588748399852,0.0417517345716729,0.3546673800473632,0.024524907432174666,0.0,-0.05072706803807269,0.4304815621964652
2026,4,8524042,111072,Elliot Daly,Back-three,False,73.8206859277072,14.797449492175158,1.2461129633403298,16.043562455515488,13.0,True,True,0.14387061331137027,3.003703429018398,45.70525999900582,0.27884732117204175,1.0955529246188167e-05,0.012940742158650207,0.0,2.304071174976963,0.5023220461416272,0.0477948186178345,0.5270938162178076,0.024772042257619864,0.0,-0.15683991399212832,0.4353079274934648
2026,4,8524042,115452,Luke Cowan-Dickie,Hooker,True,19.251062396656845,3.037504216376632,1.8224053562206568,4.859909572597289,1.0,True,True,0.01698112224729097,2.6171113021938006,2.2679158684455056,0.005535216880831703,0.0,0.0,0.0,0.1801002624212259,0.016264288601148702,0.0025422616174965713,0.14954110467087653,0.022472818502243055,0.0,-2.4399771283816034,-1.5440561819136347
2026,4,8524042,198810,Bevan Rodd,Prop,True,18.95677661965133,3.6803052599221804,1.3286984993912856,5.009003759313466,4.0,True,True,0.0204216753819662,2.713680181951148,2.1257836214920967,0.0011538370941288918,0.0,0.0,0.0,0.32163765993890464,0.06731674093271223,0.004544623540443284,0.0994407938184143,0.009101305352402353,0.0,-3.0311268212479177,-1.6267797969440756
2026,4,8524042,175890,Trevor Davison,Prop,True,18.909256625995564,2.2712318713449484,1.3208466892439572,3.592078560588906,2.0,True,True,0.00486016504569582,2.204087795405212,0.7319712315017399,0.001218651918902608,0.0,0.0,0.0,0.05048289982608298,0.01300068575950647,0.0028992896819277987,0.10670417395140334,0.009078490610145117,0.0,-3.106356284252363,-1.8399864836348736
2026,4,8524042,218742,Ollie Chessum,Second-row,True,26.228513319856585,3.9092480530541476,2.9941220143918312,6.903370067445978,11.0,True,True,0.018522675482339778,3.1826475764550457,4.684214396328382,0.010153899348858523,0.0,0.0,0.0,0.37277066670240777,0.048211938048988545,0.00373304943518409,0.33162002412750613,0.024173137116527094,0.0,-2.4393968430370663,-1.2555167557004605
2026,4,8524042,264444,Chandler Cunningham-South,Back-row,True,24.35917670934825,6.492292630957389,3.2328313358553786,9.725123966812768,2.0,True,True,0.037691959403727965,3.0877523184412303,13.07851047150205,0.019416284477972723,0.0,0.0,0.0,0.8317825295067626,0.1260944493215909,0.009056278265316877,0.14754940275188663,0.010398032536611162,0.0,-1.4677342190165876,-0.6866594057584545
2026,4,8524042,342324,Henry Pollock,Back-row,True,22.74713582273181,10.91679036869298,3.1896485065549314,14.106438875247912,0.0,True,True,0.3304567308848937,2.809438315908985,11.132066001550818,0.054102265204515596,0.0,0.0,0.0,0.9203852069498678,0.09527555439016268,0.017677285954425397,0.13706636454801613,0.009709911842328727,0.0,-1.6598972975937714,-0.10196180493704007
2026,4,8524042,213786,Jack van Poortvliet,Scrum-half,False,24.528633594202997,4.35403744698602,1.1085766494620197,5.462614096448039,8.0,True,True,0.027811518079737224,1.696567649443904,8.25404345806627,0.1717109645783715,0.0,0.0,0.0,0.7603822482094653,0.1298312476170903,0.012381173146932148,0.11827807427261125,0.006308804936780606,0.0,-2.574883063452985,-1.4826644666783744
2026,4,8524042,156288,Marcus Smith,Fly-half,False,27.23242559480568,10.858475348588808,1.7371240712363547,12.595599419825163,0.0,True,True,0.11373709450861785,1.7569040695470644,19.206071684652905,0.36717138372593666,1.040643015221318,0.16809583792031269,0.0,1.179556158780025,0.3316626468122779,0.03236713027263777,0.16561739659391286,0.021742922221127472,0.0,-1.4515703736393921,-0.2786500698828898
2026,4,8524042,164232,Danilo Fischetti,Prop,True,59.00115896954418,8.798161728426466,4.12166727793342,12.919829006359887,15.0,True,True,0.010550901261304457,7.8180653648469125,4.983569307863994,0.0012789368384299783,0.0,0.0,0.0,0.604541256798119,0.09427125301320272,0.055039222846580256,0.7144693128033669,0.028326944749182327,0.0,-1.297911269313604,-0.20591175190473443
2026,4,8524042,226836,Giacomo Nicotera,Hooker,True,61.497453975593174,13.90990996707888,4.842474386872758,18.752384353951637,12.0,True,True,0.014159271600141647,12.879330960111666,3.483814621414129,0.0050078659664071525,0.0,0.0,0.0,0.1176476218982675,0.041772253461986,0.22030766088551845,0.26327287103940583,0.07178934300184668,0.0,-1.0553371530266835,0.6599429974865442
2026,4,8524042,123210,Simone Ferrari,Prop,True,61.80810441129803,9.291092939479679,10.115520563097835,19.406613502577514,8.0,True,True,0.008378789859629754,9.124868848352577,1.4263725482623908,0.003495638081731676,0.0,0.0,0.0,0.12288621137625133,0.04227766655587328,0.06485052746646244,0.4796477898524253,0.029674582487681227,0.0,-1.7001539053693417,0.6390994122008082
2026,4,8524042,167196,Niccolo Cannone,Second-row,True,64.49915284894114,8.911931789397832,6.405885174793882,15.317816964191714,10.0,True,True,0.005825527342085102,8.990632492616792,3.397076103730774,0.003662065019862886,0.0,0.0,0.0,0.17723490114770657,0.07522408873894619,0.0707305517123822,0.7420789668896691,0.05944472897504732,0.0,-1.0568598420308852,0.17488128536610806
2026,4,8524042,208140,Andrea Zambonin,Second-row,True,65.9469248252555,12.043356555964298,6.568719434042352,18.61207599000665,9.0,True,True,0.011994984782156956,10.488774518598763,2.9652141929109868,0.02240644035005759,0.0,0.0,0.0,0.14707720514040004,0.11741959399038379,0.29288083695223016,0.4044710414246872,0.06077904747301638,0.0,-1.0673959104092645,0.6380215030704752
2026,4,8524042,164220,Michele Lamaro,Back-row,True,67.0469828180532,13.380836132987122,7.456002427819243,20.836838560806363,16.0,True,True,0.00886623236537951,12.035617153817158,8.331065787892939,0.033171471009520295,0.0,0.0,0.0,0.40054541718165565,0.044096525650481604,0.12195954643024993,0.2764426092925778,0.028619879774351358,0.0,-0.3823286673541506,1.0723045992951572
2026,4,8524042,204054,Manuel Zuliani,Back-row,True,67.0697113764824,12.577517895930123,7.440917206746126,20.01843510267625,22.0,True,True,0.02127661800606004,9.734699223592296,8.727874701139491,0.023707593205831507,0.0,0.0,0.0,1.2632556564765283,0.1816125352601164,0.09861561738261397,0.8108275321818044,0.028629581756190774,0.0,-0.3305218008214213,0.9658797114261637
2026,4,8524042,220140,Lorenzo Cannone,Back-row,True,67.01662789084905,16.01010104052543,7.880183271316541,23.890284311841974,32.0,True,True,0.026109454472448754,11.660710993906235,22.914583406788914,0.01142203526487013,0.0,0.0,0.0,1.315629031837562,0.0872164553054075,0.04543152528056032,0.9777539003284832,0.028606922377454033,0.0,0.22934707643061986,1.6106746858876513
2026,4,8524042,231774,Alessandro Garbisi,Scrum-half,False,58.97600954413824,10.31572450414706,1.1601291543646057,11.475853658511666,12.0,True,True,0.08334268115522367,5.695885272521197,9.94243632085507,0.31832999324930966,0.0,0.0,0.0,0.701876160440192,0.5526547802979577,0.03526125708698554,0.09643208616182301,0.015168726734603457,0.0,-1.3855883266225206,-0.425121618451403
2026,4,8524042,203034,Paolo Garbisi,Fly-half,False,68.77255069538883,14.520367749875193,1.8118448106448055,16.33221256052,30.0,True,True,0.01562349779324707,7.073346238567156,17.11687257155943,0.30199060140277717,0.46292720607202775,0.6676362368043126,0.0,0.4607088314092585,0.7383260021376074,0.05674735318177134,0.2531984148027135,0.05490940259848181,0.0,0.9969574960640296,0.678585159882298
2026,4,8524042,134016,Monty Ioane,Back-three,False,70.23850423344645,14.703170082159897,1.2434508356658363,15.946620917825733,23.0,True,True,0.14757433058587224,4.984518460027754,29.848298268853608,0.13042864811415192,0.0,0.0,0.0,2.4427431068040355,0.4538752325308537,0.08537570483613968,0.3810716397158004,0.023569967863572634,0.0,0.0702160078351663,0.4614811367495005
2026,4,8524042,226818,Tommaso Menoncello,Centre,False,72.84672534548754,20.04024297489182,2.157303130951525,22.197546105843347,54.0,True,True,0.23526654712674863,9.11166731316907,28.145631668403595,0.007895505255118458,0.0,0.0,0.0,3.1530195690277028,0.4481713401767174,0.08463188897629077,0.9592598706208695,0.02439064464692663,0.0,0.6157134109448613,1.4395635917154448
2026,4,8524042,118614,Juan Ignacio Brex,Centre,False,73.00927398653401,11.64359103632948,1.8501834831167605,13.49377451944624,,False,True,0.15067175592488688,7.4168834329558635,12.7721502944774,0.08138526533371591,0.0,0.0,0.0,0.4492382128248612,0.26152321286624897,0.0525873859755472,0.16778545139439907,0.024445069415134156,0.0,-0.9818730556964732,-0.06942215147856973
2026,4,8524042,213750,Louis Lynagh,Back-three,False,74.14640512900102,10.886127862408554,1.164096688384899,12.050224550793452,18.0,True,True,0.10442190962044662,5.300207418673719,28.15437524909169,0.019923384374848762,0.0,0.0,0.0,1.2207064453641654,0.19288360629891657,0.08143389079563179,0.6479350272582495,0.024881344003020476,0.0,-1.0698730672854002,-0.28862866544294874
2026,4,8524042,231744,Lorenzo Pani,Back-three,False,71.35275078306528,19.42043205823511,1.4434430568133798,20.86387511504849,10.0,True,True,0.1617047531233825,3.2151136065310535,66.89722754570454,0.012836469840655887,0.0,0.0,0.0,3.826981056430775,0.4015737460570532,0.09584358415156459,0.2796831041173719,0.023943876101699756,0.0,0.24550772048092748,1.1863291996282477
2026,4,8524042,231714,Tommaso Di Bartolomeo,Hooker,True,18.663297269685682,3.81423837316381,2.1020342602696216,5.916272633433431,3.0,True,True,0.01643342090605361,3.685449351696302,1.1270272090704825,0.0015639908185455713,0.0,0.0,0.0,0.050506262544502384,0.01529512763786505,0.00841517047060986,0.1887134475722902,0.02178668810859451,0.0,-3.04617537175791,-1.5013589853323042
2026,4,8524042,231804,Mirco Spagnolo,Prop,True,17.52425079369778,2.829864120832754,1.5448958010910239,4.374759921923778,11.0,True,True,0.009672724700434671,2.569327421062263,1.372754009877601,0.0007598655572807175,0.0,0.0,0.0,0.13021761415816513,0.010513741982346751,0.012055719466954613,0.18726725334622207,0.008413537846945224,0.0,-2.4530618026517197,-1.61483263588322
2026,4,8524042,220782,Muhamed Hasa,Prop,True,19.77310407472126,3.0259795454573175,1.6832169073573002,4.709196452814618,1.0,True,True,0.005420432876927743,2.9349507745773797,2.00111823608573,0.00047145782896753274,0.0,0.0,0.0,0.08485417434770853,0.0331632919960597,0.00993605028429685,0.23041258309895776,0.009493230919982186,0.0,-3.1339023871671636,-1.6871389426706602
2026,4,8524042,129234,Federico Ruzza,Second-row,True,19.3080669890833,3.461626761925076,2.663501301812895,6.125128063737971,7.0,True,True,0.007355314629002823,2.9662442453896163,2.316813182950444,0.005951743043147378,0.0,0.0,0.0,0.2257168492408016,0.044992615947343266,0.00389403158696277,0.11066823359596904,0.017795005957461307,0.0,-2.775480078823927,-1.4243617550389502
2026,4,8524042,220128,Riccardo Favretto,Back-row,True,20.056363467863413,3.376127416856417,3.494547243968377,6.870674660824793,1.0,True,True,0.0032875439215212764,2.829192079957523,3.8167456010149534,0.004812005746840608,0.0,0.0,0.0,0.3255162044003318,0.028292259488386963,0.0028240502919250803,0.20055642144717853,0.008561320540234429,0.0,-2.4794838637914784,-1.2671685069295446
2026,4,8524042,180450,Alessandro Fusco,Scrum-half,False,24.465710774598502,4.312654006225532,1.108367097130338,5.42102110335587,9.0,True,True,0.01076466921154803,2.376464684607559,7.816424791487203,0.18694920161154333,0.0,0.0,0.0,0.5012467693239347,0.14231928287704307,0.004808433948577297,0.19896534566851415,0.006292621084001672,0.0,-2.861806650953413,-1.5389010107477652
2026,4,8524042,231834,Leonardo Marin,Centre,False,25.019709364418144,5.9139575120465375,1.7875016089355338,7.701459120982071,14.0,True,True,0.023902347777877902,2.80210947062464,14.595721045144076,0.0666709733287683,0.0,0.0016227340545413107,0.0,0.6509635829667583,0.18063126557874487,0.01666318121761842,0.10334746085549454,0.008377134831836431,0.0,-2.5663479099504087,-1.1651498445862243
2026,4,8524042,117834,Tommaso Allan,Back-three,False,24.301182262092397,5.7184717377905105,1.1121934133830051,6.830665151173516,2.0,True,True,0.0148544668720281,1.343076505528145,8.51435893103502,0.049282544360477694,0.3238907688888527,0.8698417545105132,0.0,0.23063608535938923,0.1737686262328094,0.013925315117976103,0.06524861824158396,0.008154759148353152,0.0,-2.5167214798482163,-1.2793524797576372
2026,5,8524051,148650,Tom O'Toole,Prop,True,58.93662832068934,11.100123086396732,3.4219067834466412,14.522029869843372,32.0,True,True,0.027542284781982035,10.248564424758689,3.8968666826239877,0.0011219802846485708,0.0,0.0,0.0,0.3679677147847084,0.03882301164449386,0.01768260562458711,0.32657819695875184,0.02829596305057394,0.0,-1.6389951774033953,-0.03963141240849245
2026,5,8524051,186096,Dan Sheehan,Hooker,True,60.68306299561923,16.036899820626488,4.178572730745395,20.21547255137188,43.0,True,True,0.17534454489184245,10.07108277197519,20.544065019404087,0.043818562027239,0.0,0.0,0.0,0.812729599265215,0.06121863370931297,0.022511249596716666,0.34588478751979534,0.07083865984962769,0.0,-0.237940236475025,1.009943313265119
2026,5,8524051,112374,Tadhg Furlong,Prop,True,59.4183056910976,8.893831048975075,3.4134048380634883,12.307235887038564,24.0,True,True,0.011348235149337648,8.374544324870872,3.6221753283408984,0.0022441439042566996,0.0,0.0,0.0,0.27461815225551034,0.08611497291630184,0.025856999185562803,0.3680285233105814,0.028527220342748984,0.0,-1.681837577064804,-0.35977337525517183
2026,5,8524051,220194,Joe McCarthy,Second-row,True,63.01196290714557,11.601212217848804,5.181990713883302,16.783202931732106,31.0,True,True,0.031580424964874045,9.700587867861268,9.878808329169248,0.007237549253156495,0.0,0.0,0.0,0.8693750093984202,0.20611984072251377,0.03521656219786268,0.6387343253867005,0.058074081468536626,0.0,-0.9087367077824579,0.4077238005044605
2026,5,8524051,117954,Tadhg Beirne,Second-row,True,67.74516155812704,12.106981246785125,5.4794170963259825,17.586398343111107,35.0,True,True,0.05674402437273351,10.922658098433274,5.644045145700799,0.01759501186089609,0.0,0.0,0.0,0.40314082713857413,0.04636276323124519,0.04042733467578929,0.526179284597607,0.06243636684074321,0.0,-0.2987586972908929,0.6281696058014958
2026,5,8524051,117936,Jack Conan,Back-row,True,65.28911915140583,17.182286807450616,7.373905933263681,24.556192740714298,24.0,True,True,0.15296457208149694,10.06388372206248,35.70621042067709,0.04151421442585486,0.0,0.0,0.0,0.7880137735426546,0.1959061194961042,0.033362617338723616,0.3374276626938701,0.027869512723000592,0.0,0.5352542376895852,1.758366620256165
2026,5,8524051,118518,Josh van der Flier,Back-row,True,65.92396222981431,15.79525858346413,5.876809141843503,21.672067725307635,28.0,True,True,0.0652192488160166,11.461885409245884,26.302791969771498,0.016469872754027042,0.0,0.0,0.0,0.560504950342851,0.1717440937522477,0.04718624655243401,0.2705218511026255,0.028140503777571022,0.0,0.3708890141338903,1.3224158418248428
2026,5,8524051,148680,Caelan Doris,Back-row,True,71.21076809048431,20.310164180555063,6.454566866668467,26.764731047223528,54.0,True,True,0.16388926056422798,11.983148672664028,35.233792307775346,0.11254942565311313,0.0,0.0,0.0,1.0960296523277413,0.3191320353414985,0.024912166238912355,0.3844190803807924,0.03039724586741746,0.0,0.8448810026777939,2.124456041225435
2026,5,8524051,120504,Jamison Gibson-Park,Scrum-half,False,67.06686378637315,12.184399061206047,2.485845506309378,14.670244567515425,12.0,True,True,0.10036590958321134,6.41877882358571,12.108153804954052,0.5321729595047018,0.0,0.0,0.0,0.6838932610961549,0.20775846208023652,0.025310453256143287,0.19033787004415628,0.017249707763984864,0.0,-0.7735934136633729,0.13319911802321743
2026,5,8524051,201696,Jack Crowley,Fly-half,False,68.65257101214723,22.220040524262245,2.330678396803138,24.550718921065382,32.0,True,True,0.09145607869188667,8.336918689059624,23.80017937408753,0.2729879953496544,1.978493293277664,0.9098449752786189,0.0,1.4237183820639714,0.452682848867594,0.019555340894006408,0.3864235699380385,0.05481360838023431,0.0,1.9957581491436722,2.0139660699659885
2026,5,8524051,148758,Tommy O'Brien,Back-three,False,69.47540806725385,16.326332783538728,1.218851133948557,17.545183917487286,33.0,True,True,0.48233756767187375,4.277995100397968,36.75918788010512,0.042665264718621684,0.0,0.0,0.0,1.7317278691175437,0.39121921683638555,0.05143707038468245,0.33220909966082374,0.023313895324581828,0.0,0.5044326485857095,0.7633417130100871
2026,5,8524051,129840,Stuart McCloskey,Centre,False,71.00665950931388,16.10342348868243,1.8107281758029994,17.91415166448543,36.0,True,True,0.1481692240723253,9.137064350918978,31.265501193206305,0.08009982535826671,0.0,0.0,0.0,0.9773350605015263,0.2802072589567354,0.04898032672038769,0.47684592103636037,0.023774551174993486,0.0,0.8236719915623818,0.8714603049878327
2026,5,8524051,129372,Garry Ringrose,Centre,False,71.81334783523077,14.474768272956942,1.7538709642582755,16.228639237215216,13.0,True,True,0.18410476731813963,7.011168698034728,37.148302988140415,0.07515267113885814,0.0,0.0,0.0,1.0975831828028928,0.2417546658149597,0.0253409290889432,0.363215886931594,0.024044647712688872,0.0,-0.303943993610579,0.4356096276407078
2026,5,8524051,186198,Robert Baloucoune,Back-three,False,71.59676369966746,17.51569358603495,2.618154060605994,20.133847646640945,15.0,True,True,0.3519444206456643,5.19721277318047,42.23663509334285,0.10712768914453846,0.0,0.0,0.0,1.665550926431537,0.5591254729573036,0.08505455596091874,0.3839709306087911,0.024025759630760892,0.0,0.1529031219175529,1.0670292004259028
2026,5,8524051,227658,Jamie Osborne,Back-three,False,74.30491475261863,16.019516334270943,1.2064578935452002,17.225974227816142,22.0,True,True,0.28013171328542463,3.8271411613916855,57.202009056594726,0.19128827462214987,0.0,0.0,0.0,1.5097866293637232,0.4540628695766654,0.035421098404389124,0.35422687260688235,0.024934535151885446,0.0,0.26640858701903414,0.676502812007787
2026,5,8524051,148644,Ronan Kelleher,Hooker,True,16.857347023548737,3.9183701554587174,1.7688568905213802,5.687227045980098,8.0,True,True,0.03142872985970578,3.197452881120754,3.5171501154706832,0.0027057090212487494,0.0,0.0,0.0,0.14734828331125008,0.05270260082521096,0.0019327333827994836,0.07270942698197089,0.01967850356951345,0.0,-2.1310618168279434,-1.3730530739075337
2026,5,8524051,148770,Michael Milne,Prop,True,16.159864485612925,3.5175066254111633,1.2913229608835193,4.808829586294682,4.0,True,True,0.02105526986347062,3.2291442004660946,1.4985020238932836,0.0010123632448720491,0.0,0.0,0.0,0.0489928970926493,0.016938810187118222,0.0014423841190434104,0.13179898770133505,0.00775848468797913,0.0,-2.9263683380591736,-1.6366457246253914
2026,5,8524051,112068,Finlay Bealham,Prop,True,18.748414309168393,2.72129862678756,1.4122297511593904,4.13352837794695,4.0,True,True,0.01198963840697583,2.6434756798647445,0.873978095626295,0.0005661408138426017,0.0,0.0,0.0,0.026234484497889853,0.013863772174272348,0.003653714061646634,0.15774493167669035,0.00900126888261184,0.0,-3.0604972262085566,-1.7555100669775214
2026,5,8524051,231906,Darragh Murray,Second-row,True,23.38699100618465,3.841492331635564,2.693702753582329,6.535195085217893,26.0,True,True,0.010840000840094384,3.6366838162135537,1.6074170206473464,0.003236565293374957,0.0,0.0,0.0,0.07053308972189612,0.015863912086925926,0.010486947613460794,0.08819505805004267,0.021554288397562092,0.0,-2.551750183757559,-1.3272073544214167
2026,5,8524051,136878,Nick Timoney,Back-row,True,24.306974821339427,5.4036320459863685,3.162559575733092,8.566191621719462,10.0,True,True,0.024237152064159655,4.621797808485792,8.45050545974254,0.008317430116169486,0.0,0.0,0.0,0.26684707551376563,0.04445862576000171,0.006905724350253059,0.22025404082865768,0.010375749479327871,0.0,-1.6258395801203898,-0.8779977723002866
2026,5,8524051,203124,Craig Casey,Scrum-half,False,22.128690832946408,2.9718855298274716,1.2536609240788092,4.225546453906281,2.0,True,True,0.028660161005340905,1.5736565885012281,3.1545379642355176,0.15806353480465454,0.0,0.0,0.0,0.196629364068186,0.07113546043149709,0.0024507234536651577,0.039952395673163506,0.0056915357080623485,0.0,-3.0831525049013653,-1.7464984088885913
2026,5,8524051,148890,Ciaran Frawley,Back-three,False,22.22479955472175,2.9581773682817984,0.9987044087411796,3.956881777022978,9.0,True,True,0.041622379995314956,1.5603911077780956,9.122035314341943,0.028845048470990394,0.008552345834154762,0.00044496272790744225,0.0,0.4277800921280487,0.05353484584682313,0.004080336591593789,0.09799893995435778,0.0074579864277589765,0.0,-2.4186809513135197,-1.66778167085576
2026,5,8524051,114804,Bundee Aki,Centre,False,24.825058365408857,6.030296067807097,1.6171914066167883,7.647487474423885,3.0,True,True,0.032014270856727534,3.0974642941962327,13.670902260140096,0.01550784536632298,0.0,0.0,0.0,0.7570295580526842,0.08231853445882921,0.01119866718446613,0.14247202983568366,0.008311961506275287,0.0,-2.290691143324512,-1.1243801360724996
2026,5,8524051,130290,Pierre Schoeman,Prop,True,60.72458386226118,11.683845792050802,3.4627021949307117,15.146547986981513,16.0,True,True,0.03801110744655087,10.803021323380309,4.087538113554731,0.0017793040490467415,0.0,0.0,0.0,0.3631008172074853,0.06620683983118682,0.020646739807034853,0.5125364958152613,0.02915437530424244,0.0,-1.6719680907044088,0.042732314586076264
2026,5,8524051,117864,George Turner,Hooker,True,57.249590815292095,11.530707583406128,3.7379293524934964,15.268636935899625,4.0,True,True,0.03568837684916764,9.562832616249198,11.755780387269912,0.01876506499385232,0.0,0.0,0.0,0.32972440264829644,0.08876131820914764,0.021047917890984112,0.25056907721019844,0.06683057990312083,0.0,-1.6679020629416623,0.06067909313005623
2026,5,8524051,130530,Zander Fagerson,Prop,True,61.99163250758535,10.703436037874463,3.5053341343321236,14.208770172206586,17.0,True,True,0.018159196439115358,10.333464851613822,4.814389115193824,0.0012087637047930228,0.0,0.0,0.0,0.29894928382952424,0.05069177786785539,0.028765222979348287,0.6015465742082926,0.029762695845694027,0.0,-1.9944446724660796,-0.1462429401342895
2026,5,8524051,231570,Max Williamson,Second-row,True,59.967354009193095,8.935754754000326,4.508367080010546,13.444121834010872,12.0,True,True,0.018996537279973667,8.348079353073402,6.864495067574594,0.004459155771592512,0.0,0.0,0.0,0.37828130545002164,0.11913691371455581,0.03213935257140225,0.5943021781402954,0.05526806088098446,0.0,-1.6804437320077201,-0.1990555192494628
2026,5,8524051,102762,Grant Gilchrist,Second-row,True,65.30377950142818,10.072109347517644,4.807603895923478,14.879713243441122,24.0,True,True,0.026293394023727032,9.558550659033266,2.405725578634849,0.0064583057793282045,0.0,0.0,0.0,0.16626458017253445,0.03498935359093989,0.07298928285282669,0.3731982182219491,0.06018630171159494,0.0,-1.7816217703166166,-0.014180065219583218
2026,5,8524051,161856,Matt Fagerson,Back-row,True,67.13081802800244,14.050541359515814,5.390756371009462,19.441297730525275,18.0,True,True,0.03116254981268419,11.586348487134131,10.688020110089449,0.015056184299136187,0.0,0.0,0.0,0.668330273808286,0.13707762418474942,0.03947041847624057,0.7283596707323416,0.028655665928011935,0.0,0.05883987470507325,0.9527631684561956
2026,5,8524051,180222,Rory Darge,Back-row,True,68.74191203781675,16.419559360392363,6.574700940310528,22.99426030070289,48.0,True,True,0.07043307321039073,12.862373784433654,9.934365516764485,0.009160873615089358,0.0,0.0,0.0,1.1577524870250788,0.25470799673067507,0.04315345750213611,0.429925359501837,0.029343382435571882,0.0,0.8511117356190334,1.593342068467408
2026,5,8524051,124308,Jack Dempsey,Back-row,True,68.90652272020807,18.995429798565564,5.703382042497142,24.698811841062707,16.0,True,True,0.02531347518970049,11.80758981136588,31.250368517334323,0.08124479603704017,0.0,0.0,0.0,1.7377062276842001,0.2485480459141487,0.02609799227963964,0.47277159011887737,0.029413648653999612,0.0,0.13889904370230163,1.708922627191035
2026,5,8524051,142476,Ben White,Scrum-half,False,63.930950148536525,11.020549761487054,1.3283688238044031,12.348918585291457,20.0,True,True,0.18372158593584637,6.081152209267158,9.659006123017615,0.16078115298347098,0.0,0.0,0.0,1.037197737151944,0.24912477525155216,0.02560125133855169,0.15937847250052356,0.016443145614335526,0.0,-1.4709053993498022,-0.3168634531080165
2026,5,8524051,117894,Finn Russell,Fly-half,False,71.44930045371294,19.840892325199647,2.111615700078517,21.952508025278163,37.0,True,True,0.01671441153177871,6.2500610169773285,15.63384630824237,0.4445820102121699,3.521704665181968,0.6676161229630507,0.0,0.7631177182169909,0.18670957675868388,0.02054550354857922,0.11804778477664264,0.057046574022967915,0.0,0.479797932315297,1.3811179336773212
2026,5,8524051,171582,Kyle Steyn,Back-three,False,71.93058224972236,16.44442448887518,3.47910314387473,19.92352763274991,22.0,True,True,0.25658962738868807,5.429423465402077,36.58163392731529,0.11395130526422723,0.0,0.0,0.0,2.054444441754044,0.3360502096445788,0.13546933971177008,0.34434757643463204,0.024137779278430322,0.0,0.2492078639154735,1.0542472297095609
2026,5,8524051,139998,Sione Tuipulotu,Centre,False,72.27989433997068,12.379521953786004,1.7003088198069152,14.079830773592919,19.0,True,True,0.13578519874728562,6.391587951014582,20.549793295095284,0.07175897483958814,0.0,0.0,0.0,1.058847993984062,0.20455962696684613,0.06265276334951544,0.37602865530967694,0.024200857479900896,0.0,-0.5255493492642956,0.09340215585627222
2026,5,8524051,136776,Huw Jones,Centre,False,71.73648475909728,15.03753245568131,1.8241424376767104,16.86167489335802,14.0,True,True,0.20293899525374687,5.174806987458128,31.901492591746273,0.08557974294135799,0.0,0.0,0.0,1.8298628003294402,0.3879357657168551,0.08248792320927814,0.23692564268003038,0.02401891230773346,0.0,0.4012432474566955,0.6487498414709696
2026,5,8524051,146754,Darcy Graham,Back-three,False,70.29919089333197,17.826359757227372,1.2895818658492861,19.115941623076658,31.0,True,True,0.17879347945504276,4.4581935871340335,35.86622998831882,0.06654748968776943,0.0,0.0,0.0,3.7592481240449604,0.3731632841263728,0.08273297680398928,0.24649462099807523,0.023590332514540926,0.0,0.39167417759483164,0.965263304511212
2026,5,8524051,139902,Blair Kinghorn,Back-three,False,72.7239164966323,22.065842274833905,1.7406425641315943,23.8064848389655,19.0,True,True,0.10799498631357966,2.7507298108576115,86.44592202105048,0.15488466779943713,0.5368586665347779,0.2650809403908433,0.0,3.116343605967223,0.9259139640593241,0.0640883232082704,0.5362729865719211,0.024403998824373253,0.0,2.002035303022873,1.910018165527721
2026,5,8524051,187422,Ewan Ashman,Hooker,True,18.515380862315045,4.262062821995615,1.8334102111715214,6.095473033167137,14.0,True,True,0.008428938584793043,3.4723951633772385,4.27679762172557,0.0042531840362492685,0.0,0.0,0.0,0.3704456302816419,0.05758829828573306,0.002502750228366589,0.11429067861169533,0.02161401719268073,0.0,-2.304308740500477,-1.3458397295884204
2026,5,8524051,134172,Rory Sutherland,Prop,True,14.610252325616386,2.187978895189426,1.197693670123766,3.385672565313192,0.0,True,True,0.0037038567552263642,2.1875401065662405,0.8703331103130031,0.0005662157499372374,0.0,0.0,0.0,0.0351245558465147,0.05066117651908673,0.0011426805544093364,0.19959627788584158,0.007014503064473368,0.0,-2.778073624029163,-1.8114953383569934
2026,5,8524051,122784,D'Arcy Rae,Prop,True,18.76664990552171,2.5812077946302114,1.3953058341831932,3.9765136288134046,0.0,True,True,0.008187347720352513,2.5655772004276503,0.32769272492314666,0.0009821738476869508,0.0,0.0,0.0,0.02888424520304728,0.007252369275080804,0.003308607970096864,0.15487446608346747,0.009010023943349467,0.0,-3.2883302093848137,-1.817665996175797
2026,5,8524051,151758,Alex Craig,Second-row,True,19.844329571179472,3.4413055914122634,2.328099585321266,5.76940517673353,5.0,True,True,0.007757611575226336,2.9692683393350046,1.7715815959023578,0.001238260981489859,0.0,0.0,0.0,0.20449858611157196,0.04338623984764772,0.0018046290154073571,0.06262653868936684,0.018289244756640965,0.0,-2.5856568697323934,-1.4412516366607773
2026,5,8524051,129396,Magnus Bradbury,Back-row,True,27.52787739152849,6.314133475979262,3.158830448390925,9.472963924370188,8.0,True,True,0.028718385425313023,5.058502592834601,5.518160666677829,0.010916276512378519,0.0,0.0,0.0,0.4441483890509183,0.03462281127371475,0.00354581392916353,0.13532830566175305,0.011750633783575626,0.0,-2.527209035301767,-0.9082289300514946
2026,5,8524051,129792,George Horne,Scrum-half,False,20.336458626571236,3.8430437298577527,1.2577610376012585,5.100804767459011,3.0,True,True,0.020254304183700562,1.922188490415998,9.734678863582383,0.03653362704868824,0.34830609862634876,0.00020299933158445774,0.0,0.3870749642474572,0.09184488306667518,0.0022252675652018263,0.06785668511969703,0.005230570634406182,0.0,-2.888008311462072,-1.5886993887720844
2026,5,8524051,179370,Kyle Rowe,Back-three,False,27.80644073763115,5.807504337523869,1.0146475328338398,6.822151870357709,1.0,True,True,0.03427856570362289,1.706044903733675,17.55575511550429,0.016951109878676346,0.0,0.0,0.0,1.2396105719406598,0.1621822661725617,0.008181295720283553,0.10696771567982423,0.00933102038175542,0.0,-2.033015973714528,-1.1956460572010246
2026,5,8524051,242766,Tom Jordan,Centre,False,24.410007486766506,7.125835817863879,1.6259921948587182,8.751828012722598,0.0,True,True,0.01803219163838638,1.8634553939117933,17.250677001608175,0.1785535926955414,0.5846151843578674,0.013773607319263066,0.0,0.9413739610457345,0.17229125185733693,0.01009345326071571,0.07963977810639658,0.008172993578158429,0.0,-2.211233494604027,-0.9545530489310288
2026,5,8524060,162870,Rhys Carre,Prop,True,58.13262113084172,8.842208930676316,3.530240487150805,12.37244941782712,16.0,True,True,0.0720597506139389,6.802108387579351,7.739122603166956,0.003308876607886238,0.0,0.0,0.0,0.8864502474139787,0.05580491849876996,0.04423338181776423,1.0201587007364974,0.02790995254429702,0.0,-1.896790906105145,-0.38830059144598306
2026,5,8524060,178848,Dewi Lake,Hooker,True,61.403365852034995,11.921316314676233,4.206604188471599,16.12792050314783,32.0,True,True,0.04186837770083267,10.947611436546483,8.82207031366491,0.006388289779169652,0.0,0.0,0.0,0.5262854751935545,0.06384851035514297,0.016265815213707232,0.5830734497305174,0.07167950878696684,0.0,-1.0278915793368164,0.29431362942069705
2026,5,8524060,131898,Tomas Francis,Prop,True,60.69579986524419,7.668686573222892,3.6438814560908224,11.312568029313715,6.0,True,True,0.010658978236335985,7.1568815466183775,1.333127043793384,0.0014337632442825874,0.0,0.0,0.0,0.09249361424764041,0.04872767705679295,0.13326631153407859,0.45688606085170824,0.029140555869041483,0.0,-2.5030608555236538,-0.6443271128901429
2026,5,8524060,232104,Dafydd Jenkins,Second-row,True,68.00177619405957,13.605225835917448,5.167178338829049,18.772404174746498,15.0,True,True,0.012001275151030234,12.34865832019177,5.89953585839951,0.011285991793456678,0.0,0.0,0.0,0.1723507701267886,0.13500269961235067,0.2131011226768626,0.33544377118335145,0.06267287207856806,0.0,-0.12449473831816966,0.826165863759728
2026,5,8524060,219996,Ben Carter,Second-row,True,65.80340046008772,11.142626295558369,4.967881512597728,16.110507808156097,12.0,True,True,0.02797825454387121,10.756883236991923,2.269788642972911,0.002831503714922903,0.0,0.0,0.0,0.08432167446511478,0.06821219708856387,0.1018909302557587,0.5565453174450572,0.06064677027848181,0.0,-1.0455185621483232,0.28876161796471533
2026,5,8524060,232110,Alex Mann,Back-row,True,66.11329977539026,14.856067445013121,5.525104117488844,20.381171562501965,17.0,True,True,0.08977330525116418,11.400083513899252,10.680237388802672,0.005566069326946911,0.0,0.0,0.0,0.7084060859673569,0.1534807201599839,0.04674551607122942,0.7292744926706752,0.02822132498030672,0.0,0.2079862656537742,1.1116084634725385
2026,5,8524060,154938,James Botham,Back-row,True,65.52864700350418,11.990750353275903,5.379942275022839,17.37069262829874,25.0,True,True,0.05367286035515666,9.679093420351943,7.8272304476035925,0.0029979164851763377,0.0,0.0,0.0,0.6168215223281096,0.09766195255587054,0.12155792445765667,0.40232541883431155,0.0279717583132051,0.0,0.22643113110414334,0.6899125228350135
2026,5,8524060,176652,Aaron Wainwright,Back-row,True,69.91594153595352,15.430117621663628,5.764081585299351,21.194199206962978,68.0,True,True,0.09396136244241031,10.51578697390248,23.287389552282313,0.042703001097428084,0.0,0.0,0.0,0.7407134130215085,0.1406254235657418,0.05053087590893408,0.5320111847271071,0.02984453225135702,0.0,0.3129311093718492,1.2447902304280645
2026,5,8524060,128628,Tomos Williams,Scrum-half,False,70.12369803200937,8.910537167132139,1.312259701370448,10.222796868502588,23.0,True,True,0.0859561716300958,4.768870891031022,18.838052925719303,0.24565957718337106,0.0,0.0,0.0,0.4739033155657829,0.16949141400702736,0.06800297883900608,0.23715844945503595,0.01803593056378842,0.0,-1.5757241278122276,-0.635368312783902
2026,5,8524060,263442,Dan Edwards,Fly-half,False,70.82800604249383,11.997901552314833,1.8201076580916538,13.818009210406487,35.0,True,True,0.049577652011848654,4.676887786717259,17.59624743506466,0.08949914521928722,1.7402396133766123,0.2745587407237589,0.0,0.5079945903752568,0.21881435828415305,0.08343697351362578,0.42496494953781133,0.05655051993434002,0.0,-0.0004077324816883542,0.14862728766301767
2026,5,8524060,129096,Josh Adams,Back-three,False,72.15094125140128,12.337509153542628,1.1366659702734427,13.474175123816071,28.0,True,True,0.3079219864477492,3.1946370127212753,25.090939166634705,0.027897715914135403,0.0,0.0,0.0,1.6855288027862934,0.2825535827149707,0.08287112754598047,0.27740036978437027,0.02421172525214808,0.0,-0.6587589278501212,-0.015470237105542128
2026,5,8524060,220962,Joe Hawkins,Centre,False,69.38665735634814,12.693551677091172,1.7492700533137622,14.442821730404933,20.0,True,True,0.038412509252688395,6.539918905984533,27.30492208979646,0.06257133823928623,0.8771124253744365,0.08027562207985121,0.0,0.6380752884847193,0.12800411920511837,0.0645139576237917,0.21439729616520684,0.023232139739848705,0.0,-0.5723345185523023,0.13642636706569577
2026,5,8524060,232158,Eddie James,Centre,False,72.23205793955924,11.912457871153181,1.7247007815169157,13.637158652670097,11.0,True,True,0.05669462378060214,6.926139044714711,21.252692611514252,0.02428353671736044,0.0,0.0,0.0,1.2100092892295018,0.14038986995424604,0.05905121553035267,0.5528917501163639,0.024184840827977422,0.0,-0.26627196487834337,0.07643101642796858
2026,5,8524060,363636,Ellis Mee,Back-three,False,72.71283567913652,13.902674949071109,1.1944765431517945,15.097151492222903,19.0,True,True,0.15573650118739144,3.098264256680757,42.691869103473024,0.009626751609067364,0.0,0.0,0.0,2.006862277769265,0.3675426667641053,0.1821649088156231,0.3290943569184859,0.02440028042924044,0.0,-0.3164394336089473,0.2737049983494604
2026,5,8524060,187290,Louis Rees-Zammit,Back-three,False,73.573645664228,18.102480158149664,1.4715368258676893,19.574016984017355,19.0,True,True,0.2604886013301442,3.2926612939024262,45.994966955712144,0.05976990364595946,0.0,0.0,0.0,3.7033569888915197,0.30861819051069805,0.06548103369572723,0.2620565767193907,0.024689142840344964,0.0,0.26374269604209183,1.0074646656612414
2026,5,8524060,128574,Ryan Elias,Hooker,True,17.462919536914782,2.5659552261825516,1.842124747651015,4.4080799738335665,10.0,True,True,0.009925944536547104,2.338676271131641,2.2410140126329776,0.0005955488054262973,0.0,0.0,0.0,0.14797875555796114,0.018299886142615917,0.0053934916951936815,0.1815900425977572,0.02038542149967328,0.0,-2.738482460217644,-1.6602312700061757
2026,5,8524060,121974,Nicky Smith,Prop,True,20.41520571422855,2.92356444830512,1.55226838037811,4.47583282868323,6.0,True,True,0.004940470108995895,2.674133224357646,1.3346800872829012,0.0004230680578388976,0.0,0.0,0.0,0.15133289928118732,0.009276629863887793,0.006215585467408321,0.12965753938843094,0.009801509231516223,0.0,-3.059763547846304,-1.7070644842890994
2026,5,8524060,219990,Archie Griffin,Prop,True,16.807367198953013,2.659627154073459,1.3671797854312704,4.026806939504729,3.0,True,True,0.007570056083714155,2.6087642224303336,1.3733096105603146,0.00028715615093931666,0.0,0.0,0.0,0.06482442975386359,0.008927218285643995,0.0036018674681316466,0.1890023871372038,0.008069356099762722,0.0,-3.0097598753998245,-1.7616676918572098
2026,5,8524060,129576,Adam Beard,Second-row,True,21.133728321345426,2.652409806280061,2.4226679850586486,5.0750777913387095,3.0,True,True,0.0033148142771825843,2.684564257150744,0.9597084795471683,0.001714919615266788,0.0,0.0,0.0,0.036243133587082435,0.010856188188803496,0.015353335511824391,0.16231366051008658,0.01947760081805919,0.0,-2.937727095711071,-1.6010582637238404
2026,5,8524060,129894,Olly Cracknell,Back-row,True,21.353314300297004,4.1248072098723,2.8468922984274396,6.971699508299739,6.0,True,True,0.022754130172408907,3.4680558196687894,5.26717074093797,0.0020027184230897543,0.0,0.0,0.0,0.3470134158570835,0.02152412918812928,0.004238152328420139,0.4052625831472803,0.009114940932045701,0.0,-2.1653481169777122,-1.1977663323981191
2026,5,8524060,135900,Kieran Hardy,Scrum-half,False,17.12490844878286,2.4277753251162117,1.2519010910730481,3.6796764161892597,1.0,True,True,0.02553901666844094,1.360609857046783,4.6660124405704,0.021057169022836858,0.0,0.0,0.0,0.32870420922172744,0.08337984489338875,0.003920077168541274,0.09419909556838293,0.0044045546421766614,0.0,-2.8456961168209705,-1.7818664780741131
2026,5,8524060,139716,Jarrod Evans,Fly-half,False,18.740327368689847,3.9877515019916423,1.6993434965261938,5.687094998517836,1.0,True,True,0.010597026761466236,1.6882509243131998,5.164254492161507,0.0558525657382632,0.1204033750254977,0.1223970459254774,0.0,0.6020895152451194,0.12079974488692696,0.006162166924665644,0.03965390382492593,0.014962658355839247,0.0,-2.5935885092763176,-1.454262137933316
2026,5,8524060,197892,Blair Murray,Back-three,False,25.489784957826526,5.427867298046172,1.0159782616340303,6.443845559680202,0.0,True,True,0.0182345370086985,1.6896082311529121,10.560083736734427,0.012779593319570346,0.0,0.0,0.0,1.140631974990331,0.1114495298333028,0.02066623941126193,0.05993078760876203,0.008553619113364606,0.0,-2.7139862862024176,-1.368579874926428
2026,5,8524060,164232,Danilo Fischetti,Prop,True,59.27143112568936,8.986622548883258,3.384808802667291,12.371431351550548,15.0,True,True,0.05391285193626062,7.283860947058687,4.351105219652859,0.003405984621401168,0.0,0.0,0.0,0.6191477739509348,0.08767302499294385,0.04605697933949321,0.6211980870487838,0.028456704648277174,0.0,-1.5862382220553948,-0.33393088892870304
2026,5,8524060,226836,Giacomo Nicotera,Hooker,True,61.69248505254022,13.70314478904287,4.069212717609388,17.77235750665226,19.0,True,True,0.025409291790644457,12.056180808414103,2.981656108466032,0.009099350674688174,0.0,0.0,0.0,0.12313733056983656,0.048930436409890206,0.32165015985449585,0.36287406491385604,0.07201701344954567,0.0,-1.167674195508821,0.501891435968018
2026,5,8524060,220782,Muhamed Hasa,Prop,True,60.0494198377735,9.367925628423869,3.4282891011373913,12.79621472956126,12.0,True,True,0.06146748260837051,8.336698255133674,3.5588577178260405,0.002588408879062984,0.0,0.0,0.0,0.2832340619679064,0.08125406067415479,0.06890735875431377,0.830500423067126,0.028830223468035793,0.0,-1.5471490982543254,-0.267110490235457
2026,5,8524060,167196,Niccolo Cannone,Second-row,True,64.98639662645003,8.952363643850203,5.668415380490672,14.620779024340877,12.0,True,True,0.03726734102315631,8.444004828248358,4.365411618676029,0.006687329616271262,0.0,0.0,0.0,0.20295351296338096,0.06356560442118775,0.05911214004825883,0.6065306017782164,0.05989379028855991,0.0,-1.1862955979142682,0.05377258733076368
2026,5,8524060,129234,Federico Ruzza,Second-row,True,60.36200307558792,11.035044038241203,5.401745341842293,16.436789380083496,25.0,True,True,0.08171589287947854,8.695663456976686,5.247219157598693,0.01215378876836229,0.0,0.0,0.0,0.5327682168324323,0.22690121638388194,0.030571880874804103,0.3290123198431304,0.05563178359292518,0.0,-1.3533018273842934,0.2807894899838118
2026,5,8524060,164220,Michele Lamaro,Back-row,True,67.37534734862375,12.985409356353113,6.332346023731726,19.31775538008484,26.0,True,True,0.021730203677267874,11.521606739985499,7.181819832640281,0.0409029794937879,0.0,0.0,0.0,0.2676660495136802,0.06281738671101651,0.15053411670378283,0.2955995804331683,0.028760046460339205,0.0,-0.33971959885572184,0.8653631487171382
2026,5,8524060,204054,Manuel Zuliani,Back-row,True,67.31394687222702,13.526579028814991,6.348696560814174,19.875275589629165,18.0,True,True,0.06615706120789454,9.91743047560038,8.216383764512855,0.015368915394197852,0.0,0.0,0.0,1.1230230328351452,0.1897808989765742,0.11934254751013698,0.5233344433270515,0.028733836865534157,0.0,0.2747660083346674,1.0519227734634464
2026,5,8524060,220140,Lorenzo Cannone,Back-row,True,67.57998443554943,18.40188617656635,7.038029093575097,25.439915270141448,25.0,True,True,0.12316658460858897,11.601115422733494,23.84073865446599,0.009962766621888145,0.0,0.0,0.0,1.5507129565816204,0.15204923428968667,0.07093434661214623,0.7025382042268592,0.028847398472003623,0.0,1.135327271816563,1.9884402638486969
2026,5,8524060,180450,Alessandro Fusco,Scrum-half,False,66.19760449364826,9.748999405886169,1.327116001679382,11.07611540756555,6.0,True,True,0.07982881847060877,3.801477471438001,17.48294699116115,0.2115859404117734,0.0,0.0,0.0,1.6996832667567767,0.2231963224701876,0.02458149253192196,0.5806459888034688,0.017026132843016527,0.0,-1.0154199028193704,-0.41656712569292864
2026,5,8524060,203034,Paolo Garbisi,Fly-half,False,69.1514988213199,13.896543807101413,1.8880548796220795,15.784598686723491,34.0,True,True,0.046343498915640685,5.395240329856491,17.313093591225595,0.28089759969733735,0.6582512480928264,0.9645799562464822,0.0,0.5206601333278112,0.3979662298949419,0.061618161396374375,0.16524799662273346,0.055211962486115644,0.0,0.9784105222607524,0.5980329513460783
2026,5,8524060,134016,Monty Ioane,Back-three,False,70.51003748902812,15.825641576342635,1.2941340433372392,17.119775619679874,13.0,True,True,0.2433457922058435,2.9925762790586115,34.698946117660235,0.17522065616443938,0.0,0.0,0.0,3.0608871411709164,0.33389930346172264,0.09541977344864701,0.4496415739121091,0.023661086405714134,0.0,0.5112650096444707,0.7044940134415985
2026,5,8524060,226818,Tommaso Menoncello,Centre,False,72.85993383778016,20.93422736381504,9.58607836693457,30.520305730749612,44.0,True,True,0.35878030390679183,8.269543136251972,26.96102527316236,0.01951412987402208,0.0,0.0,0.0,3.1926782975608394,0.4402790678120557,0.07421662137380869,0.5161978329498449,0.02439506713318532,0.0,1.2926819209305416,2.7331666454993253
2026,5,8524060,118614,Juan Ignacio Brex,Centre,False,72.13721195276585,11.795240400499729,1.721323131465376,13.516563531965105,,False,True,0.29060474857538604,6.524028457086296,13.529029905567013,0.05892540234213029,0.0,0.0,0.0,0.4312498321066125,0.1755427149836619,0.047836529910637596,0.20253947364675928,0.024153084359184996,0.0,-1.2657397147777383,-0.11603447405001245
2026,5,8524060,213750,Louis Lynagh,Back-three,False,74.16000202111535,10.199127038907786,1.0812444474700869,11.280371486377874,10.0,True,True,0.12475611639624622,3.260869557339349,24.46201960995401,0.03291155757648576,0.0,0.0,0.0,1.7450039139466267,0.14193524463177365,0.10726302297238458,0.6267138111262159,0.024885906718495082,0.0,-0.8655623727223808,-0.36143056719840705
2026,5,8524060,231744,Lorenzo Pani,Back-three,False,71.64617079442496,21.151947652034593,1.8714247245235816,23.023372376558175,3.0,True,True,0.43505661369967724,2.2077866629059253,66.60291979243907,0.020399840031489362,0.0,0.0,0.0,3.941165265846679,0.3208851097787595,0.1106528408268888,0.4451577674155828,0.024042339192760054,0.0,1.3493662704507412,1.6849132564825415
2026,5,8524060,231714,Tommaso Di Bartolomeo,Hooker,True,17.8606901656451,4.5131542293613425,1.811704913087559,6.324859142448902,18.0,True,True,0.0799464482453028,3.4496734285154598,1.1802180518693066,0.0017601379943073985,0.0,0.0,0.0,0.040096074066548484,0.017710330456718888,0.008436747357658678,0.19630421604804385,0.02084976091953469,0.0,-2.6949001958903227,-1.3820246791826138
2026,5,8524060,231804,Mirco Spagnolo,Prop,True,17.009261781262772,3.4598694700297385,1.322630450822562,4.782499920852301,6.0,True,True,0.052441031749396905,2.608574779252301,1.195840471823625,0.0014123143650422263,0.0,0.0,0.0,0.0759388766204867,0.013746872553408703,0.02149695002359494,0.18699485459081708,0.008166287359726614,0.0,-2.252501436150657,-1.5220738014371287
2026,5,8524060,147354,Giosue Zilocchi,Prop,True,17.596901474773894,2.478140836994302,1.3454260434464618,3.823566880440764,8.0,True,True,0.014860063559511073,2.411856452159558,0.5293217936684068,0.0020656899450931625,0.0,0.0,0.0,0.04332825877730959,0.010479275951025482,0.0056714931505257365,0.258609773346448,0.008448418040229153,0.0,-2.8026947401856868,-1.7540077983895137
2026,5,8524060,220128,Riccardo Favretto,Back-row,True,18.587927739133992,3.349258942476279,2.9171185000481037,6.266377442524383,8.0,True,True,0.017116207381868098,2.8613999311408342,2.1840434646428193,0.006561700054955487,0.0,0.0,0.0,0.16818736479759408,0.04042248053482861,0.005869514973202588,0.2020256672329481,0.007934499582061766,0.0,-2.4015535452697434,-1.3387863471042445
2026,5,8524060,263016,David Odiase,Back-row,True,20.3563001285138,5.508247689321341,3.050165926115628,8.558413615436969,9.0,True,True,0.03111415388732575,4.0217964450002,8.261400829198811,0.004081799447781609,0.0,0.0,0.0,0.46515392186182963,0.08666851652084044,0.003013406067326849,0.07185340678744352,0.008689352418880325,0.0,-2.173110333276802,-0.9751617707782679
2026,5,8524060,213144,Stephen Varney,Scrum-half,False,25.562191543290396,3.005597959173229,1.2547548957759562,4.260352854949185,6.0,True,True,0.021747920879673584,1.4272960089551177,4.765666407371467,0.1272177261827136,0.0,0.0,0.0,0.38140364399005805,0.10558806897383202,0.0052731501222204194,0.11552415113528139,0.006574637742615843,0.0,-2.548236956591567,-1.6476881035918203
2026,5,8524060,231834,Leonardo Marin,Centre,False,24.241608892797988,5.889351755088878,1.6209443136243213,7.510296068713199,3.0,True,True,0.08305930867870227,2.0836150467978842,13.130906633082196,0.050598862629931296,0.0,0.0014859430536725991,0.0,0.8019091774025118,0.12917752029424084,0.014378912976125613,0.12519456784912306,0.00811661012035647,0.0,-2.562568189502895,-1.1914693211233427
2026,5,8524060,117834,Tommaso Allan,Back-three,False,20.963761715039386,4.836959243110184,1.011325253605716,5.8482844967159,13.0,True,True,0.027707235411528277,0.9731649727111121,6.763404822127497,0.03439801440635152,0.2650970192046074,0.7119451322787578,0.0,0.29049457398789597,0.12789856761437918,0.009991863575795764,0.06847108083331999,0.007034819367462881,0.0,-2.825903733862986,-1.472289850428523
2026,5,8524069,136680,Ellis Genge,Prop,True,60.9155369292552,10.427850876805278,3.068959337811532,13.496810214616811,20.0,True,True,0.075098229324993,6.696485034943821,12.970533305032342,0.0084769085210149,0.0,0.0,0.0,1.060846585439524,0.18174561841945078,0.01544834407641701,0.8452110929368067,0.029246053452144902,0.0,-0.4175542782191279,0.030065017077813144
2026,5,8524069,61134,Jamie George,Hooker,True,60.769859558315446,11.827774745495542,3.5215597563123904,15.349334501807933,7.0,True,True,0.025293444644122937,9.658847131504778,12.44746086580186,0.013720225130392172,0.0,0.0,0.0,0.5410541308924142,0.053009085679239426,0.03422080318520326,0.2698854941292778,0.07093998222653865,0.0,-1.9910792980336598,0.0153402010174917
2026,5,8524069,178806,Joe Heyes,Prop,True,63.68068219783602,10.856450721791028,3.1874559130587525,14.04390663484978,11.0,True,True,0.06441278857098083,9.989889171740197,2.2783640447637397,0.00575085573487584,0.0,0.0,0.0,0.20364840005632553,0.03369453564888498,0.03053773586113965,0.5971401392617981,0.030573622581540887,0.0,-1.5696707913996726,-0.09495025973669383
2026,5,8524069,122652,Maro Itoje,Second-row,True,65.21721522448438,10.156675458584793,4.770325195467078,14.92700065405187,29.0,True,True,0.03418185166525757,9.48323966948929,6.949854465360903,0.0031511936107862224,0.0,0.0,0.0,0.672437053311276,0.05217382607186924,0.023794608560533913,1.1195589570249482,0.060106520974103746,0.0,-1.2868577176612412,0.07934389116702119
2026,5,8524069,198696,Alex Coles,Second-row,True,65.70332155148164,10.558003801742542,4.800329574890851,15.358333376633393,24.0,True,True,0.057794086942107345,9.012700001159345,7.489258560463829,0.027909705453203246,0.0,0.0,0.0,0.523007908429765,0.12201842673402645,0.02157013594942809,0.5283770055734881,0.060554533972492795,0.0,-0.7619178522033148,0.23237339259744244
2026,5,8524069,218742,Ollie Chessum,Second-row,True,66.65835677788779,12.5356265189536,5.0140960668797145,17.549722585833315,53.0,True,True,0.06692365704211607,9.665338103044567,11.375847634257687,0.010366033719258998,0.0,0.0,0.0,0.816832679550011,0.09179265884448198,0.01624335838024602,0.7663244001055426,0.06143472863688317,0.0,-0.7209600039782491,0.5488809279554276
2026,5,8524069,239076,Guy Pepper,Back-row,True,64.94012847315358,14.69130440056085,5.224894990664218,19.91619939122507,13.0,True,True,0.05044659727090452,10.515790928774196,15.28237152125945,0.01289094214715372,0.0,0.0,0.0,1.2462406948585842,0.20471262545737154,0.009528064866492115,0.4436935133466841,0.027720541496643495,0.0,-0.4012073845800108,0.9390410682941291
2026,5,8524069,142404,Ben Earl,Back-row,True,67.84082469246336,19.63873242054099,5.516771695547296,25.155504116088284,13.0,True,True,0.083021281885954,10.68293116285746,32.02369976394753,0.026732129909065806,0.0,0.0,0.0,2.5279475587569986,0.15613454787574224,0.05073967630504518,0.873515377330785,0.028958741540392637,0.0,0.786703347281076,1.88709889040255
2026,5,8524069,116268,Ben Spencer,Scrum-half,False,65.88733563718868,7.161390948213459,1.27666303925683,8.438053987470289,7.0,True,True,0.06099925340952474,3.433263660545043,7.543261521488187,0.20368104946988902,0.1622732210258223,0.0010429009560804167,0.0,0.8947102228101503,0.08811984072938722,0.045272327831463045,0.1315546995506419,0.016946331182404496,0.0,-1.688164131152954,-0.9070248429479757
2026,5,8524069,227772,Fin Smith,Fly-half,False,68.85318816531907,21.746889567351225,2.238631761958506,23.98552132930973,27.0,True,True,0.03430933665805455,8.122689307240572,17.946307598660404,0.2758254838369518,3.0724456353983376,0.6611831645500539,0.0,1.308349274564094,0.39894337969025373,0.012542299490922853,0.1530636862588103,0.05497378519380729,0.0,1.588904744297049,1.8627698498411855
2026,5,8524069,172428,Cadan Murley,Back-three,False,71.56203631041195,20.59315209394393,1.2901504398753827,21.883302533819315,19.0,True,True,0.5057852802788749,4.905258042024697,40.498442217681415,0.2622908555307856,0.0,0.0,0.0,2.431359352249984,0.3835399841459177,0.08557599024972343,0.3567302663109069,0.024014106144433542,0.0,1.2924948133984993,1.5140076298732996
2026,5,8524069,232032,Seb Atkinson,Centre,False,72.5568128765494,19.546863572035527,1.8480946504551676,21.394958222490693,14.0,True,True,0.23102071860381587,9.04508182492942,37.79100085560201,0.15939986945658485,0.0,0.0,0.0,1.921838036009365,0.4522797880670955,0.04006623950887509,0.2731238837561107,0.02429357573991609,0.0,0.3244696912358152,1.2751531165811778
2026,5,8524069,213192,Tommy Freeman,Back-three,False,72.33204185002555,24.236072581935737,1.4996765041777516,25.73574908611349,33.0,True,True,0.5118647637412123,4.6646592586100555,49.07544322747582,0.555333874373142,0.0,0.0,0.0,2.8765168025129615,1.1030353840751321,0.1304209669454881,0.2584165331570964,0.02427249726510924,0.0,1.0276444389797195,2.011295365210987
2026,5,8524069,187458,Tom Roebuck,Back-three,False,73.35114412321953,16.07572135165545,1.1420503701640308,17.21777172181948,20.0,True,True,0.2994964462104916,3.0298339182248726,33.51560189897936,0.07428559983149206,0.0,0.0,0.0,3.264135178398508,0.23918941452134657,0.0431263639856593,0.345428044299824,0.024614477893697827,0.0,0.033632011936879244,0.6344841758635508
2026,5,8524069,111072,Elliot Daly,Back-three,False,73.74822705625236,13.747674031172274,1.0952177369448,14.842891768117074,6.0,True,True,0.10493037170303968,2.9135291886050507,41.50528054941808,0.37051822183259137,9.386913905292135e-06,0.011087883550317621,0.0,1.7105759893503132,0.5300894672859443,0.04458758382133305,0.31104438265106016,0.024747727200084686,0.0,-0.22572528619895485,0.2537395158155824
2026,5,8524069,115452,Luke Cowan-Dickie,Hooker,True,17.893985747013165,3.3937272429402086,1.6929352012476,5.086662444187809,9.0,True,True,0.011941841523437146,3.0398530624200775,2.1267872592404724,0.004382891982069071,0.0,0.0,0.0,0.18579835680675602,0.01284540848885847,0.0012038129672710823,0.1416484623197335,0.02088862867351076,0.0,-2.438473326641381,-1.511785695877339
2026,5,8524069,198810,Bevan Rodd,Prop,True,18.333040987088175,4.148381134591143,1.2721985222557786,5.420579656846922,9.0,True,True,0.015842281060900295,3.130256619401819,1.6261730530132288,0.000768303348097092,0.0,0.0,0.0,0.39882808503643064,0.07993434747928875,0.002119864056883894,0.14669787586837696,0.00880184471280995,0.0,-2.9747593093906888,-1.5587906624385723
2026,5,8524069,175890,Trevor Davison,Prop,True,18.22775686770172,2.4577080568135155,1.2611207302465184,3.718828787060034,1.0,True,True,0.004302099326098643,2.503494748121984,0.3567216745490902,0.0009015212718847449,0.0,0.0,0.0,0.03126538162480258,0.008132112448953642,0.002062106433606973,0.15927330192453448,0.008751296935699912,0.0,-3.0211258591355508,-1.8071344253673987
2026,5,8524069,264444,Chandler Cunningham-South,Back-row,True,22.00945321211222,6.028845991331648,2.8539671233462545,8.882813114677903,4.0,True,True,0.025494082668765437,3.2722582478157296,12.219112582915344,0.01748023509997341,0.0,0.0,0.0,0.6272091655252015,0.10262647744676556,0.005999157471630081,0.13843639826215007,0.009395022391078468,0.0,-1.8362048161377176,-0.8702329924034248
2026,5,8524069,129660,Sam Underhill,Back-row,True,20.581961247149547,3.81187008419902,2.7672838550846675,6.579153939283687,5.0,True,True,0.007941700598885954,2.981419455447974,3.0334048323661578,0.0018847853730945246,0.0,0.0,0.0,0.386255934645036,0.03044956198278122,0.005364135385589103,0.11251729784367606,0.008785678812905049,0.0,-2.6318800613267577,-1.3350682322034448
2026,5,8524069,342324,Henry Pollock,Back-row,True,21.682942740706977,7.0977538753596665,2.843383673419469,9.941137548779135,8.0,True,True,0.07924902677597037,3.068245662758622,12.998181679242016,0.05460212248684224,0.0,0.0,0.0,0.7711363523137386,0.09677353500909729,0.013856567677378872,0.13646005634621455,0.009255647134446208,0.0,-2.0066384677263596,-0.7507662514347131
2026,5,8524069,213786,Jack van Poortvliet,Scrum-half,False,23.168082332539868,3.4177000251850322,1.2567892015463322,4.674489226731365,9.0,True,True,0.03695518088055982,1.2649914518274157,6.856960598429446,0.1210607464129876,0.0,0.0,0.0,0.5709573955037526,0.10900663380922461,0.002855315103495038,0.0454965106799105,0.005958868912690295,0.0,-2.6276847548537026,-1.6031781303086032
2026,5,8524069,156288,Marcus Smith,Fly-half,False,25.70530670187036,10.109748201434675,1.7404349623115913,11.850183163746266,21.0,True,True,0.04307133850284609,1.3886164649562964,21.447743068672544,0.2043370413859363,0.9702392549449227,0.15672346631612277,0.0,1.1280797777549616,0.4628235267575314,0.016687343466202022,0.10020385203211452,0.020523639451184263,0.0,-1.461041432810201,-0.3855292298778117
2026,5,8524069,178704,Jean-Baptiste Gros,Prop,True,59.17956091740354,9.155955861751597,3.6006279216554646,12.756583783407061,18.0,True,True,0.012374253553664893,8.490173675097344,5.575600024719068,0.0018161989650298024,0.0,0.0,0.0,0.365232887167924,0.0631094759036637,0.030688275662456722,0.39515953196175735,0.02841259700090788,0.0,-1.562154916195629,-0.2753385309999748
2026,5,8524069,135138,Julien Marchand,Hooker,True,61.39818570936704,10.261055567381591,4.16772721943554,14.42878278681713,18.0,True,True,0.07157085683650662,8.063478561850916,8.502996676539606,0.019219779590479814,0.0,0.0,0.0,0.44322821618428476,0.33230872273367495,0.028455163135624607,0.2878473502779514,0.071673461722987,0.0,-1.1234422275435345,0.03770510104147208
2026,5,8524069,127122,Dorian Aldegheri,Prop,True,61.098252601350666,6.895850998302778,3.6820872258855437,10.57793822418832,8.0,True,True,0.010248221120318143,6.821433409153145,1.9912976087600052,0.00181785488477529,0.0,0.0,0.0,0.0997522016200006,0.06143020776336915,0.044853323838017746,0.4865397013581734,0.029333776758579098,0.0,-2.1050529588133533,-0.6781562234922877
2026,5,8524069,213072,Thibaud Flament,Second-row,True,64.69485204974399,10.712011749341888,5.265761362303192,15.977773111645082,16.0,True,True,0.04714699598422312,8.843695066842097,7.017421594980007,0.013874443021400588,0.0,0.0,0.0,0.5720908045547317,0.19424537315138204,0.06325269125287368,0.4451963791933526,0.05962509236647984,0.0,-1.1235438380043457,0.25632961100028584
2026,5,8524069,166476,Emmanuel Meafou,Second-row,True,61.776218641560305,10.816628709743828,7.167904511754527,17.984533221498353,17.0,True,True,0.029627086728871366,7.593633847356733,11.147197348912036,0.008004297371936567,0.0,0.0,0.0,0.6780371590143502,0.5953197901190377,0.017464832322867968,0.6027908114074843,0.05693517530147073,0.0,-1.0726065840990744,0.5485282197416204
2026,5,8524069,123366,Francois Cros,Back-row,True,65.83162381741178,10.735349435177856,5.739225528819784,16.47457496399764,18.0,True,True,0.00805771218219867,9.73162479937012,5.694830950627166,0.006901999559119904,0.0,0.0,0.0,0.43661883364011606,0.09012860487875354,0.06749385459871718,0.3952077555882889,0.028101087920951697,0.0,-0.8633432923597326,0.37212870416965405
2026,5,8524069,342990,Temo Matiu,Back-row,True,68.6443318715143,14.042455754683147,5.957678663470823,20.00013441815397,14.0,True,True,0.06681746182227796,9.99478200590723,16.627912014353456,0.031147531233915546,0.0,0.0,0.0,1.0055174276327512,0.11411571332036582,0.027413805796913417,0.30900496904531327,0.02930172906788021,0.0,-0.30060529692630045,0.9685479873088031
2026,5,8524069,123504,Charles Ollivon,Back-row,True,67.85532424838296,12.552298762947586,5.885710752082421,18.438009515030007,28.0,True,True,0.03866428865856713,9.819447991988286,17.413540154310514,0.01517314887594658,0.0,0.0,0.0,0.5989826215836598,0.2351551513506615,0.02072705326012861,0.5348923122667854,0.028964930865098368,0.0,-0.9855527612147955,0.6278182338731672
2026,5,8524069,135318,Antoine Dupont,Scrum-half,False,67.39074610688634,21.15042874656923,1.6969026752372685,22.847331421806498,30.0,True,True,0.3210836178414267,6.480056698273647,33.29629824788557,0.6721208091083617,0.0,0.0,0.0,2.2449976093764143,0.8360361607257419,0.060227553821191264,0.6054876217126012,0.017333010829960478,0.0,1.1231535395741687,1.6203561631473082
2026,5,8524069,169662,Matthieu Jalibert,Fly-half,False,70.15042703626156,21.713673380421966,4.7911782893122465,26.50485166973421,44.0,True,True,0.1122447111752375,6.1348951197109765,43.244144288010325,0.6923787723192878,1.4542728572146322,0.20817081436677826,0.0,1.6621547349960681,0.7114294342402538,0.03880050071400581,0.5073653044867797,0.05600952708080636,0.0,0.7916055353305627,2.0784218692355703
2026,5,8524069,231684,Louis Bielle-Biarrey,Back-three,False,71.07218727370558,26.796592164663263,1.862485853916415,28.659078018579677,68.0,True,True,1.0017231286910728,4.616808131433094,44.9161038976599,0.45507189474424753,0.0,0.0,0.0,1.8509488553955922,1.062018321938096,0.17716172625262713,0.25022918222278545,0.023849727273055562,0.0,1.500045960219946,2.50685152219406
2026,5,8524069,196152,Yoram Moefana,Centre,False,69.84535704321308,11.911107971071788,1.9367510329129436,13.84785900398473,14.0,True,True,0.07997519326356357,7.052103562286274,16.10272265805232,0.08702337032227528,0.0,0.0,0.0,1.0968753707037797,0.3135718234682455,0.044869740585807776,0.21715548529086146,0.02338572222429009,0.0,0.37147346472806364,0.21811944261457755
2026,5,8524069,162150,Pierre-Louis Barassi,Centre,False,64.59501864972572,11.734482594653569,1.6662554890432593,13.400738083696828,12.0,True,True,0.16441885458357114,6.593107003287635,15.443840900227226,0.013260900167104628,0.0,0.0,0.0,0.9353231646994944,0.3382673883495485,0.060055871273139085,0.2951780354874794,0.021627796422899234,0.0,-0.8588707344655545,-0.06096296041618471
2026,5,8524069,339450,Theo Attissogbe,Back-three,False,73.06261418857721,21.37908976083306,1.3268289132541113,22.705918674087172,30.0,True,True,0.7953056789774907,4.745638141111704,38.95480133916616,0.14563785098489182,0.0,0.0,0.0,1.9915638366224406,0.6271661118092884,0.08205824314344931,0.4273194077339253,0.02451765576797893,0.0,0.7227497676905792,1.5301099674771803
2026,5,8524069,129822,Thomas Ramos,Back-three,False,73.99610736971493,31.820026055106023,2.487147796809077,34.3071738519151,30.0,True,True,0.2461713295399209,2.9471618474840584,62.26490505607693,0.3829038214095677,5.208026255499692,0.29000800941352656,0.0,2.6811774998926796,1.1628857035412665,0.10481120770180663,0.4945688154657662,0.02483090851332716,0.0,2.0962286117248445,3.4087408175253584
2026,5,8524069,147480,Peato Mauvaka,Hooker,True,14.575656047243342,3.012129299605022,1.7065400566249431,4.718669356229965,12.0,True,True,0.02205995342602646,2.1078461915383,1.562727156914706,0.0012625287107958987,0.0,0.0,0.0,0.22010011276729624,0.1553853207293116,0.0029434571532691352,0.1122796567021858,0.017014960844846914,0.0,-2.4823535565038255,-1.5714310736467847
2026,5,8524069,133488,Rodrigue Neti,Prop,True,17.283763793711817,2.181427160701098,1.401114335897939,3.582541496599037,6.0,True,True,0.0024420944658535945,2.2383144201455103,0.6718502179202939,0.0016636761044042546,0.0,0.0,0.0,0.045457997877816424,0.014743075785169774,0.007645119528667297,0.21731073557993325,0.008298078047841693,0.0,-2.9724130078032167,-1.817820689370607
2026,5,8524069,178656,Demba Bamba,Prop,True,18.664608062157978,2.687949771200829,1.4740729987539896,4.1620227699548185,1.0,True,True,0.0034210754621787696,2.475209157016193,1.7861257979851581,0.00036279750741598726,0.0,0.0,0.0,0.18069461487210595,0.02642137466719148,0.002930520568654026,0.22410612565061044,0.0089610328097929,0.0,-3.256311558649661,-1.7858606486290647
2026,5,8524069,238278,Hugo Auradou,Second-row,True,22.958911817705893,3.6431806892122927,2.6720237891871563,6.315204478399449,0.0,True,True,0.005740359440746102,3.4460298699686582,2.5533819449231037,0.00545826472337327,0.0,0.0,0.0,0.13513507463677693,0.04841620301141726,0.0043765291878799075,0.19397405605694398,0.021159755287978844,0.0,-2.562065389420646,-1.3600700615468397
2026,5,8524069,219930,Mickael Guillard,Second-row,True,21.17062328050609,4.505764900732843,4.364480700051615,8.870245600784457,10.0,True,True,0.010987921996625917,3.611078433579313,2.9762403981217056,0.002599927004910414,0.0,0.0,0.0,0.3815430151648951,0.07108377615070098,0.0064219925873181425,0.12033759371514739,0.01951160453362717,0.0,-2.619450520895791,-1.0094953096699106
2026,5,8524069,219924,Joshua Brennan,Second-row,True,21.78101702713377,4.359813569268712,2.6033849839420533,6.963198553210765,6.0,True,True,0.008910203605935576,3.2781513320229907,3.0133134252444025,0.001664948290398831,0.0,0.0,0.0,0.5193093969208701,0.044395957104447166,0.00498672492316201,0.11062411632800115,0.020074165268670095,0.0,-2.382701978474623,-1.237119842303153
2026,5,8524069,121830,Baptiste Serin,Scrum-half,False,18.394856806544745,4.925461027541491,1.2635755792725627,6.189036606814054,,False,True,0.10713038838295953,2.0646483503533855,5.468394019512673,0.08424063834837303,0.13791231129491366,0.020778266761594055,0.0,0.36021188902051643,0.26686094790892995,0.002648028429934248,0.12934306166694043,0.00473118745024299,0.0,-2.1525394166280747,-1.3059919969506162
2026,5,8524069,231696,Emilien Gailleton,Centre,False,25.86454474593768,5.5398159455378,1.612823613468831,7.152639559006631,,False,True,0.05286218499885888,2.931137319054439,8.643762189450054,0.00731664739183191,0.0,0.0,0.0,0.9209557317553911,0.07313077820892822,0.04203740067454246,0.10426981726798443,0.00866000382118449,0.0,-2.726721379130098,-1.2707679977462
