season,round,team,name,key,Min,Ta,MC,50-22,LS,BS,T,As,C,Pen,DG,YC,RC,Pts,POTM,DB,OF,SW,CPen,KR
2023,1,Wales,J. Adams,j|adams,80,3.0,36.0,0.0,0.0,0.0,0.0,0.0,0.0,0.0,0.0,0.0,0.0,31.2,0.0,,,,,
2023,1,Wales,A. Cuthbert,a|cuthbert,12,1.0,28.0,0.0,0.0,0.0,0.0,0.0,0.0,0.0,0.0,0.0,0.0,6.6,0.0,,,,,
2023,1,Wales,R. Dyer,r|dyer,68,4.0,107.0,0.0,0.0,0.0,0.0,0.0,0.0,0.0,0.0,0.0,0.0,39.4,0.0,,,,,
2023,1,Wales,L. Williams,l|williams,70,2.0,108.0,0.0,0.0,1.0,1.0,0.0,0.0,0.0,0.0,1.0,0.0,54.6,0.0,,,,,
2023,1,Wales,J. Hawkins,j|hawkins,80,6.0,75.0,0.0,0.0,0.0,0.0,0.0,0.0,0.0,0.0,0.0,0.0,35.0,0.0,,,,,
2023,1,Wales,G. North,g|north,80,4.0,58.0,0.0,0.0,0.0,0.0,0.0,0.0,0.0,0.0,0.0,0.0,15.6,0.0,,,,,
2023,1,Wales,D. Biggar,d|biggar,67,9.0,35.0,0.0,0.0,0.0,0.0,1.0,1.0,1.0,0.0,0.0,0.0,37.0,0.0,,,,,
2023,1,Wales,O. Williams,o|williams,13,1.0,4.0,0.0,0.0,0.0,0.0,0.0,0.0,0.0,0.0,0.0,0.0,1.8,0.0,,,,,
2023,1,Wales,R. Webb,r|webb,17,2.0,1.0,0.0,0.0,0.0,0.0,0.0,0.0,0.0,0.0,0.0,0.0,9.2,0.0,,,,,
2023,1,Wales,T. Williams,t|williams,63,6.0,19.0,0.0,0.0,0.0,0.0,0.0,0.0,0.0,0.0,0.0,0.0,9.8,0.0,,,,,
2023,1,Wales,T. Faletau,t|faletau,80,20.0,49.0,0.0,0.0,0.0,0.0,0.0,0.0,0.0,0.0,0.0,0.0,36.8,0.0,,,,,
2023,1,Wales,J. Morgan,j|morgan,80,14.0,43.0,0.0,0.0,1.0,0.0,0.0,0.0,0.0,0.0,0.0,0.0,50.6,0.0,,,,,
2023,1,Wales,T. Reffell,t|reffell,26,8.0,0.0,0.0,0.0,0.0,0.0,0.0,0.0,0.0,0.0,0.0,0.0,8.0,0.0,,,,,
2023,1,Wales,J. Tipuric,j|tipuric,54,11.0,18.0,0.0,0.0,0.0,0.0,0.0,0.0,0.0,0.0,0.0,0.0,35.6,0.0,,,,,
2023,1,Wales,A. Beard,a|beard,80,13.0,7.0,0.0,0.0,0.0,0.0,0.0,0.0,0.0,0.0,0.0,0.0,28.4,0.0,,,,,
2023,1,Wales,D. Jenkins,d|jenkins,19,3.0,35.0,0.0,0.0,0.0,0.0,0.0,0.0,0.0,0.0,0.0,0.0,10.0,0.0,,,,,
2023,1,Wales,A. Jones,a|jones,61,10.0,29.0,0.0,0.0,0.0,0.0,0.0,0.0,0.0,0.0,0.0,0.0,22.8,0.0,,,,,
2023,1,Wales,R. Carre,r|carre,26,3.0,0.0,0.0,0.0,1.0,0.0,0.0,0.0,0.0,0.0,0.0,0.0,10.0,0.0,,,,,
2023,1,Wales,T. Francis,t|francis,40,9.0,0.0,0.0,0.0,0.0,0.0,0.0,0.0,0.0,0.0,0.0,0.0,30.0,0.0,,,,,
2023,1,Wales,D. Lewis,d|lewis,40,5.0,7.0,0.0,0.0,0.0,0.0,0.0,0.0,0.0,0.0,0.0,0.0,6.4,0.0,,,,,
2023,1,Wales,G. Thomas,g|thomas,54,11.0,21.0,0.0,0.0,0.0,0.0,0.0,0.0,0.0,0.0,0.0,0.0,29.2,0.0,,,,,
2023,1,Wales,S. Baldwin,s|baldwin,19,2.0,19.0,0.0,0.0,0.0,0.0,0.0,0.0,0.0,0.0,0.0,0.0,5.8,0.0,,,,,
2023,1,Wales,K. Owens,k|owens,61,12.0,38.0,0.0,0.0,0.0,0.0,0.0,0.0,0.0,0.0,0.0,0.0,40.6,0.0,,,,,
2023,1,Ireland,M. Hansen,m|hansen,80,5.0,34.0,0.0,0.0,0.0,0.0,0.0,0.0,0.0,0.0,0.0,0.0,40.8,0.0,,,,,
2023,1,Ireland,H. Keenan,h|keenan,80,0.0,86.0,0.0,0.0,0.0,0.0,0.0,0.0,0.0,0.0,0.0,0.0,40.2,1.0,,,,,
2023,1,Ireland,B. Aki,b|aki,80,4.0,112.0,0.0,0.0,1.0,1.0,0.0,0.0,0.0,0.0,0.0,0.0,63.4,0.0,,,,,
2023,1,Ireland,S. McCloskey,s|mccloskey,20,2.0,13.0,0.0,0.0,1.0,0.0,0.0,0.0,0.0,0.0,0.0,0.0,13.6,0.0,,,,,
2023,1,Ireland,G. Ringrose,g|ringrose,60,7.0,66.0,0.0,0.0,0.0,0.0,0.0,0.0,0.0,0.0,0.0,0.0,26.2,0.0,,,,,
2023,1,Ireland,R. Byrne,r|byrne,80,10.0,49.0,0.0,0.0,0.0,0.0,0.0,0.0,0.0,0.0,0.0,0.0,27.8,0.0,,,,,
2023,1,Ireland,J. Sexton,j|sexton,12,0.0,11.0,0.0,0.0,0.0,0.0,0.0,1.0,0.0,0.0,0.0,0.0,5.4,0.0,,,,,
2023,1,Ireland,C. Casey,c|casey,68,7.0,30.0,0.0,0.0,1.0,0.0,0.0,3.0,2.0,0.0,0.0,0.0,42.8,0.0,,,,,
2023,1,Ireland,C. Murray,c|murray,16,1.0,1.0,0.0,0.0,0.0,0.0,1.0,0.0,0.0,0.0,0.0,0.0,9.8,0.0,,,,,
2023,1,Ireland,J. Conan,j|conan,64,1.0,12.0,0.0,0.0,0.0,0.0,1.0,0.0,0.0,0.0,0.0,0.0,30.8,0.0,,,,,
2023,1,Ireland,C. Doris,c|doris,20,4.0,7.0,0.0,0.0,1.0,0.0,0.0,0.0,0.0,0.0,0.0,0.0,14.4,0.0,,,,,
2023,1,Ireland,P. O'Mahony,p|omahony,80,17.0,45.0,0.0,0.0,1.0,1.0,0.0,0.0,0.0,0.0,0.0,0.0,63.0,0.0,,,,,
2023,1,Ireland,J. van der Flier,j|vanderflier,60,4.0,25.0,0.0,0.0,0.0,0.0,0.0,0.0,0.0,0.0,0.0,0.0,22.0,0.0,,,,,
2023,1,Ireland,T. Beirne,t|beirne,80,12.0,31.0,0.0,0.0,0.0,1.0,0.0,0.0,0.0,0.0,0.0,0.0,55.2,0.0,,,,,
2023,1,Ireland,I. Henderson,i|henderson,54,8.0,27.0,0.0,0.0,0.0,0.0,0.0,0.0,0.0,0.0,0.0,0.0,25.8,0.0,,,,,
2023,1,Ireland,J. Ryan,j|ryan,26,3.0,10.0,0.0,0.0,0.0,0.0,0.0,0.0,0.0,0.0,0.0,0.0,7.6,0.0,,,,,
2023,1,Ireland,F. Bealham,f|bealham,80,14.0,19.0,0.0,1.0,0.0,1.0,0.0,0.0,0.0,0.0,0.0,0.0,47.8,0.0,,,,,
2023,1,Ireland,D. Kilcoyne,d|kilcoyne,60,12.0,15.0,0.0,0.0,0.0,0.0,1.0,0.0,0.0,0.0,0.0,0.0,35.0,0.0,,,,,
2023,1,Ireland,T. O'Toole,t|otoole,7,5.0,2.0,0.0,0.0,0.0,0.0,0.0,0.0,0.0,0.0,0.0,0.0,6.1,0.0,,,,,
2023,1,Ireland,A. Porter,a|porter,20,5.0,0.0,0.0,0.0,0.0,0.0,0.0,0.0,0.0,0.0,0.0,0.0,7.0,0.0,,,,,
2023,1,Ireland,R. Herring,r|herring,73,11.0,25.0,0.0,0.0,0.0,0.0,0.0,0.0,0.0,0.0,0.0,0.0,23.3,0.0,,,,,
2023,1,Ireland,D. Sheehan,d|sheehan,7,4.0,4.0,0.0,0.0,0.0,0.0,0.0,0.0,0.0,0.0,0.0,0.0,5.5,0.0,,,,,
2023,1,England,O. Hassell-Collins,o|hassellcollins,73,5.0,54.0,0.0,1.0,0.0,0.0,0.0,0.0,0.0,0.0,0.0,0.0,58.1,0.0,,,,,
2023,1,England,M. Malins,m|malins,64,2.0,91.0,0.0,0.0,0.0,0.0,0.0,0.0,0.0,0.0,0.0,0.0,20.2,0.0,,,,,
2023,1,England,F. Steward,f|steward,80,5.0,67.0,0.0,0.0,0.0,2.0,0.0,0.0,0.0,0.0,0.0,0.0,55.4,0.0,,,,,
2023,1,England,A. Watson,a|watson,80,2.0,101.0,0.0,0.0,0.0,0.0,0.0,0.0,0.0,0.0,0.0,0.0,22.2,0.0,,,,,
2023,1,England,O. Farrell,o|farrell,16,2.0,18.0,0.0,0.0,0.0,0.0,0.0,0.0,0.0,0.0,0.0,0.0,5.6,0.0,,,,,
2023,1,England,O. Lawrence,o|lawrence,80,3.0,56.0,0.0,0.0,0.0,0.0,0.0,1.0,2.0,0.0,0.0,0.0,26.2,0.0,,,,,
2023,1,England,J. Marchant,j|marchant,4,0.0,10.0,0.0,0.0,0.0,0.0,0.0,0.0,0.0,0.0,0.0,0.0,2.0,0.0,,,,,
2023,1,England,M. Smith,m|smith,76,6.0,58.0,0.0,0.0,0.0,0.0,0.0,0.0,0.0,0.0,0.0,0.0,17.6,0.0,,,,,
2023,1,England,J. van Poortvliet,j|vanpoortvliet,80,6.0,112.0,0.0,0.0,0.0,0.0,1.0,0.0,0.0,0.0,0.0,0.0,35.4,0.0,,,,,
2023,1,England,B. Youngs,b|youngs,58,3.0,20.0,0.0,0.0,0.0,0.0,1.0,0.0,0.0,0.0,0.0,0.0,21.0,0.0,,,,,
2023,1,England,B. Curry,b|curry,22,1.0,25.0,0.0,0.0,0.0,0.0,0.0,0.0,0.0,0.0,0.0,0.0,6.0,0.0,,,,,
2023,1,England,A. Dombrandt,a|dombrandt,61,9.0,37.0,0.0,0.0,0.0,0.0,0.0,0.0,0.0,0.0,0.0,0.0,44.4,0.0,,,,,
2023,1,England,B. Earl,b|earl,56,4.0,64.0,0.0,0.0,1.0,0.0,0.0,0.0,0.0,0.0,0.0,0.0,23.8,0.0,,,,,
2023,1,England,L. Ludlam,l|ludlam,24,2.0,42.0,0.0,0.0,0.0,0.0,0.0,0.0,0.0,0.0,0.0,0.0,17.4,0.0,,,,,
2023,1,England,O. Chessum,o|chessum,80,6.0,77.0,0.0,0.0,0.0,0.0,1.0,0.0,0.0,0.0,0.0,0.0,42.4,0.0,,,,,
2023,1,England,N. Isiekwe,n|isiekwe,80,6.0,72.0,0.0,0.0,0.0,0.0,0.0,0.0,0.0,0.0,0.0,0.0,20.4,0.0,,,,,
2023,1,England,M. Itoje,m|itoje,19,1.0,3.0,0.0,0.0,0.0,0.0,0.0,0.0,0.0,0.0,0.0,0.0,8.6,0.0,,,,,
2023,1,England,D. Cole,d|cole,80,10.0,11.0,0.0,0.0,0.0,0.0,0.0,0.0,0.0,0.0,0.0,0.0,26.2,0.0,,,,,
2023,1,England,E. Genge,e|genge,19,1.0,0.0,0.0,0.0,0.0,0.0,0.0,0.0,0.0,0.0,0.0,0.0,1.0,0.0,,,,,
2023,1,England,K. Sinckler,k|sinckler,61,3.0,83.0,0.0,0.0,0.0,1.0,0.0,0.0,0.0,0.0,0.0,0.0,34.6,0.0,,,,,
2023,1,England,M. Vunipola,m|vunipola,61,5.0,35.0,0.0,0.0,0.0,0.0,0.0,0.0,0.0,0.0,0.0,0.0,19.0,0.0,,,,,
2023,1,England,J. George,j|george,19,2.0,27.0,0.0,0.0,0.0,0.0,0.0,0.0,0.0,0.0,0.0,0.0,7.4,0.0,,,,,
2023,1,Scotland,S. Hogg,s|hogg,80,10.0,21.0,0.0,0.0,0.0,0.0,0.0,0.0,0.0,0.0,0.0,0.0,14.2,0.0,,,,,
2023,1,Scotland,B. Kinghorn,b|kinghorn,66,3.0,54.0,0.0,0.0,1.0,0.0,0.0,0.0,0.0,0.0,0.0,0.0,34.4,0.0,,,,,
2023,1,Scotland,K. Steyn,k|steyn,14,0.0,34.0,0.0,0.0,0.0,0.0,0.0,0.0,0.0,0.0,0.0,0.0,8.2,0.0,,,,,
2023,1,Scotland,D. van der Merwe,d|vandermerwe,80,6.0,64.0,0.0,0.0,0.0,0.0,1.0,0.0,0.0,0.0,0.0,0.0,54.8,0.0,,,,,
2023,1,Scotland,C. Harris,c|harris,80,2.0,104.0,0.0,0.0,0.0,2.0,0.0,0.0,0.0,0.0,0.0,0.0,89.8,1.0,,,,,
2023,1,Scotland,H. Jones,h|jones,4,1.0,0.0,0.0,0.0,0.0,0.0,0.0,0.0,0.0,0.0,0.0,0.0,1.4,0.0,,,,,
2023,1,Scotland,S. Tuipulotu,s|tuipulotu,76,12.0,47.0,0.0,0.0,0.0,1.0,0.0,0.0,0.0,0.0,0.0,0.0,51.0,0.0,,,,,
2023,1,Scotland,F. Russell,f|russell,80,10.0,63.0,0.0,0.0,0.0,0.0,1.0,0.0,0.0,0.0,0.0,0.0,44.6,0.0,,,,,
2023,1,Scotland,G. Horne,g|horne,80,10.0,85.0,0.0,0.0,0.0,0.0,0.0,3.0,1.0,0.0,0.0,0.0,53.0,0.0,,,,,
2023,1,Scotland,B. White,b|white,11,1.0,0.0,0.0,0.0,0.0,0.0,0.0,0.0,0.0,0.0,0.0,0.0,2.1,0.0,,,,,
2023,1,Scotland,L. Crosbie,l|crosbie,69,9.0,21.0,0.0,0.0,0.0,1.0,0.0,0.0,0.0,0.0,0.0,0.0,49.1,0.0,,,,,
2023,1,Scotland,J. Dempsey,j|dempsey,58,17.0,9.0,0.0,0.0,0.0,0.0,0.0,0.0,0.0,0.0,0.0,0.0,45.6,0.0,,,,,
2023,1,Scotland,M. Fagerson,m|fagerson,22,6.0,13.0,0.0,0.0,0.0,0.0,0.0,0.0,0.0,0.0,0.0,0.0,10.8,0.0,,,,,
2023,1,Scotland,J. Ritchie,j|ritchie,80,24.0,31.0,0.0,0.0,0.0,0.0,1.0,0.0,0.0,0.0,0.0,0.0,59.2,0.0,,,,,
2023,1,Scotland,G. Gilchrist,g|gilchrist,80,11.0,31.0,0.0,0.0,1.0,0.0,0.0,0.0,0.0,0.0,0.0,0.0,46.2,0.0,,,,,
2023,1,Scotland,J. Gray,j|gray,66,13.0,4.0,0.0,1.0,0.0,0.0,0.0,0.0,0.0,0.0,0.0,0.0,34.4,0.0,,,,,
2023,1,Scotland,R. Gray,r|gray,14,3.0,7.0,0.0,0.0,0.0,0.0,0.0,0.0,0.0,0.0,0.0,0.0,12.8,0.0,,,,,
2023,1,Scotland,S. Berghan,s|berghan,80,15.0,6.0,0.0,0.0,0.0,0.0,0.0,0.0,0.0,0.0,0.0,0.0,38.2,0.0,,,,,
2023,1,Scotland,J. Bhatti,j|bhatti,22,8.0,0.0,0.0,0.0,0.0,0.0,0.0,0.0,0.0,0.0,0.0,0.0,10.2,0.0,,,,,
2023,1,Scotland,W. Nel,w|nel,14,3.0,2.0,0.0,0.0,0.0,0.0,0.0,0.0,0.0,0.0,0.0,0.0,4.8,0.0,,,,,
2023,1,Scotland,P. Schoeman,p|schoeman,58,11.0,3.0,0.0,0.0,0.0,0.0,0.0,0.0,0.0,0.0,0.0,0.0,17.4,0.0,,,,,
2023,1,Scotland,F. Brown,f|brown,66,15.0,25.0,0.0,0.0,0.0,0.0,0.0,0.0,0.0,0.0,0.0,0.0,26.6,0.0,,,,,
2023,1,Scotland,G. Turner,g|turner,22,3.0,2.0,0.0,0.0,0.0,0.0,0.0,0.0,0.0,0.0,0.0,0.0,5.6,0.0,,,,,
2023,1,Italy,P. Bruno,p|bruno,58,11.0,21.0,0.0,1.0,0.0,0.0,0.0,0.0,0.0,0.0,0.0,0.0,42.0,0.0,,,,,
2023,1,Italy,A. Capuozzo,a|capuozzo,66,6.0,46.0,0.0,0.0,0.0,0.0,0.0,0.0,0.0,0.0,0.0,0.0,15.2,0.0,,,,,
2023,1,Italy,A. Fusco,a|fusco,80,0.0,114.0,0.0,0.0,0.0,1.0,0.0,0.0,0.0,0.0,0.0,0.0,37.8,0.0,,,,,
2023,1,Italy,T. Menoncello,t|menoncello,6,0.0,0.0,0.0,0.0,0.0,0.0,0.0,0.0,0.0,0.0,0.0,0.0,0.0,0.0,,,,,
2023,1,Italy,E. Padovani,e|padovani,80,0.0,38.0,0.0,0.0,0.0,0.0,0.0,0.0,0.0,0.0,0.0,0.0,14.6,0.0,,,,,
2023,1,Italy,J. Brex,j|brex,14,1.0,14.0,0.0,0.0,0.0,0.0,0.0,0.0,0.0,0.0,0.0,0.0,3.8,0.0,,,,,
2023,1,Italy,L. Morisi,l|morisi,80,4.0,90.0,0.0,0.0,0.0,0.0,0.0,0.0,0.0,0.0,0.0,0.0,22.0,0.0,,,,,
2023,1,Italy,T. Allan,t|allan,80,11.0,73.0,0.0,0.0,0.0,0.0,0.0,0.0,0.0,0.0,0.0,0.0,32.6,0.0,,,,,
2023,1,Italy,S. Varney,s|varney,80,5.0,93.0,0.0,0.0,0.0,0.0,0.0,0.0,4.0,0.0,0.0,0.0,43.6,0.0,,,,,
2023,1,Italy,E. Iachizzi,e|iachizzi,74,2.0,2.0,0.0,0.0,0.0,0.0,1.0,0.0,0.0,0.0,0.0,0.0,9.4,0.0,,,,,
2023,1,Italy,M. Lamaro,m|lamaro,11,0.0,9.0,0.0,0.0,0.0,0.0,0.0,0.0,0.0,0.0,0.0,0.0,1.8,0.0,,,,,
2023,1,Italy,S. Negri,s|negri,80,10.0,45.0,0.0,0.0,0.0,0.0,0.0,0.0,0.0,0.0,0.0,0.0,19.0,0.0,,,,,
2023,1,Italy,G. Pettinelli,g|pettinelli,65,7.0,65.0,0.0,0.0,0.0,0.0,0.0,0.0,0.0,0.0,0.0,0.0,27.0,0.0,,,,,
2023,1,Italy,N. Cannone,n|cannone,11,0.0,10.0,0.0,0.0,0.0,0.0,0.0,0.0,0.0,0.0,0.0,0.0,2.0,0.0,,,,,
2023,1,Italy,L. Cannone,l|cannone,69,12.0,21.0,0.0,0.0,0.0,0.0,0.0,0.0,0.0,0.0,0.0,0.0,30.2,0.0,,,,,
2023,1,Italy,F. Ruzza,f|ruzza,69,12.0,46.0,0.0,0.0,1.0,0.0,0.0,0.0,0.0,0.0,0.0,0.0,28.2,0.0,,,,,
2023,1,Italy,M. Zuliani,m|zuliani,80,10.0,35.0,0.0,1.0,0.0,0.0,0.0,0.0,0.0,0.0,0.0,0.0,45.0,0.0,,,,,
2023,1,Italy,P. Ceccarelli,p|ceccarelli,15,0.0,16.0,0.0,0.0,0.0,0.0,0.0,0.0,0.0,0.0,0.0,0.0,3.2,0.0,,,,,
2023,1,Italy,S. Ferrari,s|ferrari,24,0.0,12.0,0.0,0.0,0.0,0.0,0.0,0.0,0.0,0.0,0.0,0.0,2.4,0.0,,,,,
2023,1,Italy,D. Fischetti,d|fischetti,56,10.0,13.0,0.0,0.0,0.0,0.0,0.0,0.0,0.0,0.0,0.0,0.0,12.6,0.0,,,,,
2023,1,Italy,F. Zani,f|zani,69,7.0,46.0,0.0,0.0,0.0,0.0,0.0,0.0,0.0,0.0,0.0,0.0,37.2,0.0,,,,,
2023,1,Italy,L. Bigi,l|bigi,11,0.0,9.0,0.0,0.0,0.0,0.0,0.0,0.0,0.0,0.0,0.0,0.0,1.8,0.0,,,,,
2023,1,Italy,G. Nicotera,g|nicotera,11,0.0,0.0,0.0,0.0,0.0,0.0,0.0,0.0,0.0,0.0,0.0,0.0,0.0,0.0,,,,,
2023,1,France,D. Penaud,d|penaud,69,12.0,22.0,0.0,0.0,1.0,0.0,0.0,0.0,0.0,0.0,0.0,0.0,30.4,0.0,,,,,
2023,1,France,T. Ramos,t|ramos,80,2.0,56.0,0.0,0.0,0.0,0.0,0.0,0.0,0.0,0.0,0.0,0.0,49.2,0.0,,,,,
2023,1,France,E. Dumortier,e|dumortier,80,2.0,52.0,0.0,0.0,0.0,1.0,0.0,3.0,1.0,0.0,0.0,0.0,53.4,0.0,,,,,
2023,1,France,G. Fickou,g|fickou,80,1.0,21.0,0.0,0.0,0.0,1.0,0.0,0.0,0.0,0.0,0.0,0.0,35.2,0.0,,,,,
2023,1,France,Y. Moefana,y|moefana,80,16.0,66.0,0.0,0.0,0.0,0.0,0.0,0.0,0.0,0.0,0.0,0.0,37.2,0.0,,,,,
2023,1,France,M. Jalibert,m|jalibert,80,3.0,46.0,0.0,0.0,0.0,0.0,0.0,0.0,0.0,0.0,0.0,0.0,20.2,0.0,,,,,
2023,1,France,R. Ntamack,r|ntamack,15,0.0,8.0,0.0,0.0,0.0,1.0,0.0,0.0,0.0,0.0,0.0,0.0,18.1,0.0,,,,,
2023,1,France,A. Dupont,a|dupont,65,6.0,38.0,0.0,0.0,0.0,0.0,1.0,0.0,0.0,0.0,0.0,0.0,27.1,0.0,,,,,
2023,1,France,G. Alldritt,g|alldritt,80,11.0,52.0,0.0,0.0,0.0,0.0,0.0,0.0,0.0,0.0,0.0,0.0,44.4,1.0,,,,,
2023,1,France,A. Jelonch,a|jelonch,61,13.0,72.0,0.0,0.0,0.0,0.0,0.0,0.0,0.0,0.0,0.0,0.0,40.5,0.0,,,,,
2023,1,France,S. Macalou,s|macalou,80,19.0,12.0,0.0,0.0,1.0,0.0,0.0,0.0,0.0,0.0,0.0,0.0,43.4,0.0,,,,,
2023,1,France,C. Ollivon,c|ollivon,19,4.0,0.0,0.0,0.0,1.0,0.0,0.0,0.0,0.0,0.0,0.0,0.0,12.9,0.0,,,,,
2023,1,France,T. Flament,t|flament,70,8.0,54.0,0.0,1.0,0.0,0.0,0.0,0.0,0.0,0.0,1.0,0.0,27.8,0.0,,,,,
2023,1,France,R. Taofifenua,r|taofifenua,80,17.0,35.0,0.0,1.0,0.0,1.0,0.0,0.0,0.0,0.0,0.0,0.0,61.0,0.0,,,,,
2023,1,France,P. Willemse,p|willemse,26,3.0,3.0,0.0,0.0,1.0,0.0,1.0,0.0,0.0,0.0,0.0,0.0,27.2,0.0,,,,,
2023,1,France,U. Atonio,u|atonio,54,11.0,12.0,0.0,0.0,0.0,0.0,0.0,0.0,0.0,0.0,0.0,0.0,25.8,0.0,,,,,
2023,1,France,C. Baille,c|baille,51,9.0,17.0,0.0,0.0,0.0,0.0,0.0,0.0,0.0,0.0,0.0,0.0,17.5,0.0,,,,,
2023,1,France,S. Falatea,s|falatea,51,8.0,37.0,0.0,0.0,0.0,0.0,0.0,0.0,0.0,0.0,0.0,0.0,20.5,0.0,,,,,
2023,1,France,R. Wardi,r|wardi,29,3.0,0.0,0.0,0.0,0.0,0.0,0.0,0.0,0.0,0.0,0.0,0.0,5.9,0.0,,,,,
2023,1,France,G. Barlot,g|barlot,29,7.0,0.0,0.0,0.0,0.0,0.0,0.0,0.0,0.0,0.0,0.0,0.0,9.9,0.0,,,,,
2023,1,France,J. Marchand,j|marchand,19,4.0,0.0,0.0,0.0,0.0,0.0,0.0,0.0,0.0,0.0,0.0,0.0,12.9,0.0,,,,,
2023,2,Ireland,M. Hansen,m|hansen,80,5.0,63.0,0.0,0.0,0.0,0.0,0.0,0.0,0.0,0.0,0.0,0.0,25.6,0.0,,,,,
2023,2,Ireland,H. Keenan,h|keenan,80,3.0,205.0,1.0,0.0,0.0,1.0,0.0,0.0,0.0,0.0,0.0,0.0,98.0,0.0,,,,,
2023,2,Ireland,J. Lowe,j|lowe,80,4.0,94.0,0.0,0.0,0.0,1.0,0.0,0.0,0.0,0.0,0.0,0.0,52.8,0.0,,,,,
2023,2,Ireland,B. Aki,b|aki,14,3.0,25.0,0.0,0.0,0.0,0.0,0.0,0.0,0.0,0.0,0.0,0.0,9.4,0.0,,,,,
2023,2,Ireland,S. McCloskey,s|mccloskey,66,3.0,69.0,0.0,0.0,1.0,0.0,0.0,0.0,0.0,0.0,0.0,0.0,30.4,0.0,,,,,
2023,2,Ireland,G. Ringrose,g|ringrose,80,9.0,64.0,0.0,0.0,0.0,1.0,1.0,0.0,0.0,0.0,0.0,0.0,65.8,0.0,,,,,
2023,2,Ireland,R. Byrne,r|byrne,32,3.0,10.0,0.0,0.0,0.0,0.0,0.0,1.0,1.0,0.0,0.0,0.0,15.2,0.0,,,,,
2023,2,Ireland,J. Sexton,j|sexton,48,3.0,80.0,0.0,0.0,0.0,0.0,0.0,2.0,1.0,0.0,0.0,0.0,46.8,0.0,,,,,
2023,2,Ireland,C. Casey,c|casey,24,1.0,14.0,0.0,0.0,0.0,0.0,0.0,0.0,0.0,0.0,0.0,0.0,6.2,0.0,,,,,
2023,2,Ireland,C. Murray,c|murray,56,3.0,11.0,0.0,0.0,0.0,0.0,0.0,0.0,0.0,0.0,0.0,0.0,10.8,0.0,,,,,
2023,2,Ireland,J. Conan,j|conan,24,2.0,22.0,0.0,0.0,0.0,0.0,0.0,0.0,0.0,0.0,0.0,0.0,8.8,0.0,,,,,
2023,2,Ireland,C. Doris,c|doris,80,6.0,117.0,0.0,0.0,1.0,0.0,1.0,0.0,0.0,0.0,0.0,0.0,66.4,1.0,,,,,
2023,2,Ireland,P. O'Mahony,p|omahony,56,7.0,15.0,0.0,0.0,0.0,0.0,0.0,0.0,0.0,0.0,0.0,0.0,15.6,0.0,,,,,
2023,2,Ireland,J. van der Flier,j|vanderflier,80,12.0,51.0,0.0,0.0,0.0,0.0,0.0,0.0,0.0,0.0,0.0,0.0,37.2,0.0,,,,,
2023,2,Ireland,T. Beirne,t|beirne,45,10.0,33.0,0.0,0.0,1.0,0.0,0.0,0.0,0.0,0.0,0.0,0.0,49.1,0.0,,,,,
2023,2,Ireland,I. Henderson,i|henderson,35,4.0,20.0,0.0,0.0,0.0,0.0,0.0,0.0,0.0,0.0,0.0,0.0,11.5,0.0,,,,,
2023,2,Ireland,J. Ryan,j|ryan,80,15.0,52.0,0.0,0.0,0.0,0.0,0.0,0.0,0.0,0.0,0.0,0.0,40.4,0.0,,,,,
2023,2,Ireland,F. Bealham,f|bealham,61,12.0,11.0,0.0,0.0,0.0,0.0,1.0,0.0,0.0,0.0,0.0,0.0,34.3,0.0,,,,,
2023,2,Ireland,D. Kilcoyne,d|kilcoyne,11,3.0,9.0,0.0,0.0,0.0,0.0,0.0,0.0,0.0,0.0,0.0,0.0,5.9,0.0,,,,,
2023,2,Ireland,T. O'Toole,t|otoole,19,0.0,52.0,0.0,0.0,0.0,0.0,0.0,0.0,0.0,0.0,0.0,0.0,12.3,0.0,,,,,
2023,2,Ireland,A. Porter,a|porter,69,6.0,17.0,0.0,0.0,0.0,1.0,0.0,0.0,0.0,0.0,0.0,0.0,31.3,0.0,,,,,
2023,2,Ireland,R. Herring,r|herring,25,6.0,7.0,0.0,0.0,0.0,0.0,0.0,0.0,0.0,0.0,0.0,0.0,9.9,0.0,,,,,
2023,2,Ireland,R. Kelleher,r|kelleher,55,9.0,38.0,0.0,0.0,0.0,0.0,0.0,0.0,0.0,0.0,0.0,0.0,36.1,0.0,,,,,
2023,2,France,D. Penaud,d|penaud,80,4.0,134.0,0.0,0.0,0.0,1.0,0.0,0.0,0.0,0.0,0.0,0.0,52.8,0.0,,,,,
2023,2,France,T. Ramos,t|ramos,61,3.0,90.0,0.0,0.0,0.0,0.0,0.0,1.0,3.0,1.0,0.0,0.0,45.0,0.0,,,,,
2023,2,France,E. Dumortier,e|dumortier,68,2.0,88.0,0.0,0.0,0.0,0.0,0.0,0.0,0.0,0.0,0.0,0.0,33.6,0.0,,,,,
2023,2,France,G. Fickou,g|fickou,80,14.0,83.0,0.0,0.0,0.0,0.0,0.0,0.0,0.0,0.0,0.0,0.0,30.6,0.0,,,,,
2023,2,France,Y. Moefana,y|moefana,80,9.0,57.0,0.0,0.0,0.0,0.0,0.0,0.0,0.0,0.0,0.0,0.0,20.4,0.0,,,,,
2023,2,France,M. Jalibert,m|jalibert,19,2.0,19.0,0.0,0.0,0.0,0.0,0.0,0.0,0.0,0.0,0.0,0.0,5.8,0.0,,,,,
2023,2,France,R. Ntamack,r|ntamack,80,12.0,51.0,0.0,0.0,0.0,0.0,0.0,0.0,0.0,0.0,0.0,0.0,22.2,0.0,,,,,
2023,2,France,A. Dupont,a|dupont,80,10.0,90.0,0.0,0.0,0.0,0.0,0.0,0.0,0.0,0.0,0.0,0.0,49.0,0.0,,,,,
2023,2,France,G. Alldritt,g|alldritt,52,13.0,17.0,0.0,0.0,0.0,0.0,0.0,0.0,0.0,0.0,0.0,0.0,16.4,0.0,,,,,
2023,2,France,F. Cros,f|cros,11,6.0,0.0,0.0,0.0,0.0,0.0,0.0,0.0,0.0,0.0,0.0,0.0,6.0,0.0,,,,,
2023,2,France,A. Jelonch,a|jelonch,80,22.0,58.0,0.0,0.0,0.0,0.0,1.0,0.0,0.0,0.0,0.0,0.0,47.6,0.0,,,,,
2023,2,France,S. Macalou,s|macalou,28,7.0,23.0,0.0,0.0,0.0,0.0,0.0,0.0,0.0,0.0,0.0,0.0,11.6,0.0,,,,,
2023,2,France,C. Ollivon,c|ollivon,69,21.0,25.0,0.0,0.0,1.0,0.0,0.0,0.0,0.0,0.0,0.0,0.0,33.0,0.0,,,,,
2023,2,France,T. Flament,t|flament,80,24.0,60.0,0.0,0.0,0.0,0.0,0.0,0.0,0.0,0.0,0.0,0.0,50.0,0.0,,,,,
2023,2,France,R. Taofifenua,r|taofifenua,35,11.0,3.0,0.0,0.0,1.0,0.0,0.0,0.0,0.0,0.0,0.0,0.0,25.6,0.0,,,,,
2023,2,France,P. Willemse,p|willemse,45,10.0,16.0,0.0,0.0,0.0,0.0,0.0,0.0,0.0,0.0,0.0,0.0,27.2,0.0,,,,,
2023,2,France,U. Atonio,u|atonio,44,8.0,6.0,0.0,0.0,0.0,0.0,0.0,0.0,0.0,0.0,1.0,0.0,18.2,0.0,,,,,
2023,2,France,C. Baille,c|baille,56,14.0,23.0,0.0,0.0,0.0,0.0,0.0,0.0,0.0,0.0,0.0,0.0,18.6,0.0,,,,,
2023,2,France,S. Falatea,s|falatea,36,6.0,20.0,0.0,0.0,0.0,0.0,0.0,0.0,0.0,0.0,0.0,0.0,17.0,0.0,,,,,
2023,2,France,R. Wardi,r|wardi,24,6.0,11.0,0.0,0.0,0.0,0.0,0.0,0.0,0.0,0.0,0.0,0.0,15.2,0.0,,,,,
2023,2,France,G. Barlot,g|barlot,6,2.0,18.0,0.0,0.0,0.0,0.0,0.0,0.0,0.0,0.0,0.0,0.0,5.6,0.0,,,,,
2023,2,France,J. Marchand,j|marchand,74,19.0,24.0,0.0,0.0,2.0,0.0,0.0,0.0,0.0,0.0,0.0,0.0,37.8,0.0,,,,,
2023,2,Scotland,S. Hogg,s|hogg,13,1.0,18.0,0.0,0.0,0.0,0.0,0.0,0.0,0.0,0.0,0.0,0.0,5.9,0.0,,,,,
2023,2,Scotland,B. Kinghorn,b|kinghorn,67,5.0,110.0,0.0,0.0,0.0,1.0,0.0,0.0,0.0,0.0,0.0,0.0,62.7,0.0,,,,,
2023,2,Scotland,K. Steyn,k|steyn,80,3.0,65.0,0.0,0.0,0.0,2.0,0.0,0.0,0.0,0.0,0.0,0.0,75.0,0.0,,,,,
2023,2,Scotland,D. van der Merwe,d|vandermerwe,80,2.0,149.0,0.0,0.0,0.0,0.0,1.0,0.0,0.0,0.0,0.0,0.0,67.8,0.0,,,,,
2023,2,Scotland,C. Harris,c|harris,8,3.0,12.0,0.0,0.0,0.0,0.0,0.0,0.0,0.0,0.0,0.0,0.0,6.2,0.0,,,,,
2023,2,Scotland,H. Jones,h|jones,80,10.0,72.0,0.0,0.0,0.0,0.0,0.0,0.0,0.0,0.0,0.0,0.0,46.4,0.0,,,,,
2023,2,Scotland,S. Tuipulotu,s|tuipulotu,72,12.0,16.0,0.0,0.0,0.0,0.0,0.0,0.0,0.0,0.0,0.0,0.0,22.4,0.0,,,,,
2023,2,Scotland,F. Russell,f|russell,80,8.0,73.0,1.0,0.0,0.0,0.0,3.0,2.0,2.0,0.0,0.0,0.0,90.6,1.0,,,,,
2023,2,Scotland,G. Horne,g|horne,21,3.0,8.0,0.0,0.0,0.0,0.0,0.0,0.0,0.0,0.0,0.0,0.0,6.7,0.0,,,,,
2023,2,Scotland,B. White,b|white,59,4.0,23.0,0.0,0.0,0.0,0.0,0.0,0.0,0.0,0.0,0.0,0.0,14.5,0.0,,,,,
2023,2,Scotland,L. Crosbie,l|crosbie,39,11.0,10.0,0.0,0.0,0.0,0.0,0.0,0.0,0.0,0.0,0.0,0.0,23.9,0.0,,,,,
2023,2,Scotland,J. Dempsey,j|dempsey,36,2.0,14.0,0.0,0.0,0.0,0.0,0.0,0.0,0.0,0.0,0.0,0.0,8.4,0.0,,,,,
2023,2,Scotland,M. Fagerson,m|fagerson,80,16.0,49.0,0.0,0.0,0.0,1.0,0.0,0.0,0.0,0.0,0.0,0.0,69.8,0.0,,,,,
2023,2,Scotland,J. Ritchie,j|ritchie,80,8.0,10.0,0.0,0.0,2.0,0.0,0.0,0.0,0.0,0.0,0.0,0.0,32.0,0.0,,,,,
2023,2,Scotland,G. Gilchrist,g|gilchrist,64,10.0,0.0,0.0,1.0,0.0,0.0,0.0,0.0,0.0,0.0,0.0,0.0,37.4,0.0,,,,,
2023,2,Scotland,J. Gray,j|gray,16,3.0,2.0,0.0,0.0,0.0,0.0,0.0,0.0,0.0,0.0,0.0,0.0,12.0,0.0,,,,,
2023,2,Scotland,R. Gray,r|gray,80,12.0,4.0,0.0,1.0,0.0,0.0,0.0,0.0,0.0,0.0,0.0,0.0,34.8,0.0,,,,,
2023,2,Scotland,J. Bhatti,j|bhatti,16,3.0,0.0,0.0,0.0,0.0,0.0,0.0,0.0,0.0,0.0,0.0,0.0,4.6,0.0,,,,,
2023,2,Scotland,Z. Fagerson,z|fagerson,64,15.0,14.0,0.0,0.0,0.0,0.0,0.0,0.0,0.0,0.0,0.0,0.0,38.2,0.0,,,,,
2023,2,Scotland,W. Nel,w|nel,16,1.0,0.0,0.0,0.0,0.0,0.0,0.0,0.0,0.0,0.0,0.0,0.0,2.6,0.0,,,,,
2023,2,Scotland,P. Schoeman,p|schoeman,64,12.0,35.0,0.0,0.0,0.0,0.0,0.0,0.0,0.0,0.0,0.0,0.0,25.4,0.0,,,,,
2023,2,Scotland,F. Brown,f|brown,27,3.0,14.0,0.0,0.0,1.0,0.0,0.0,0.0,0.0,0.0,0.0,0.0,15.5,0.0,,,,,
2023,2,Scotland,G. Turner,g|turner,48,5.0,37.0,0.0,0.0,0.0,1.0,0.0,0.0,0.0,0.0,1.0,0.0,27.2,0.0,,,,,
2023,2,Wales,J. Adams,j|adams,59,5.0,21.0,0.0,0.0,1.0,0.0,0.0,0.0,0.0,0.0,0.0,0.0,23.2,0.0,,,,,
2023,2,Wales,A. Cuthbert,a|cuthbert,28,1.0,47.0,0.0,0.0,0.0,0.0,0.0,0.0,0.0,0.0,0.0,0.0,10.4,0.0,,,,,
2023,2,Wales,R. Dyer,r|dyer,80,5.0,90.0,0.0,0.0,0.0,0.0,0.0,0.0,0.0,0.0,0.0,0.0,30.0,0.0,,,,,
2023,2,Wales,L. Williams,l|williams,69,9.0,44.0,0.0,0.0,0.0,0.0,0.0,0.0,0.0,0.0,1.0,0.0,12.8,0.0,,,,,
2023,2,Wales,J. Hawkins,j|hawkins,80,7.0,26.0,0.0,0.0,0.0,0.0,0.0,0.0,0.0,0.0,0.0,0.0,12.2,0.0,,,,,
2023,2,Wales,G. North,g|north,73,2.0,51.0,0.0,0.0,0.0,0.0,0.0,0.0,0.0,0.0,0.0,0.0,19.2,0.0,,,,,
2023,2,Wales,D. Biggar,d|biggar,57,6.0,16.0,0.0,0.0,1.0,0.0,0.0,1.0,0.0,0.0,0.0,0.0,18.2,0.0,,,,,
2023,2,Wales,R. Patchell,r|patchell,23,1.0,18.0,0.0,0.0,0.0,0.0,0.0,0.0,0.0,0.0,0.0,0.0,4.6,0.0,,,,,
2023,2,Wales,R. Webb,r|webb,23,2.0,0.0,0.0,0.0,0.0,0.0,0.0,0.0,0.0,0.0,1.0,0.0,-3.0,0.0,,,,,
2023,2,Wales,T. Williams,t|williams,57,4.0,13.0,0.0,0.0,0.0,0.0,0.0,0.0,0.0,0.0,0.0,0.0,13.6,0.0,,,,,
2023,2,Wales,T. Faletau,t|faletau,28,8.0,25.0,0.0,0.0,0.0,0.0,0.0,0.0,0.0,0.0,0.0,0.0,13.0,0.0,,,,,
2023,2,Wales,J. Morgan,j|morgan,52,11.0,32.0,0.0,0.0,2.0,0.0,0.0,0.0,0.0,0.0,0.0,0.0,31.4,0.0,,,,,
2023,2,Wales,T. Reffell,t|reffell,80,13.0,20.0,0.0,0.0,0.0,0.0,0.0,0.0,0.0,0.0,0.0,0.0,24.0,0.0,,,,,
2023,2,Wales,A. Beard,a|beard,80,7.0,22.0,0.0,0.0,0.0,0.0,0.0,0.0,0.0,0.0,0.0,0.0,11.4,0.0,,,,,
2023,2,Wales,R. Davies,r|davies,14,1.0,1.0,0.0,0.0,0.0,0.0,0.0,0.0,0.0,0.0,0.0,0.0,1.2,0.0,,,,,
2023,2,Wales,D. Jenkins,d|jenkins,66,8.0,30.0,0.0,0.0,0.0,0.0,0.0,0.0,0.0,0.0,0.0,0.0,14.0,0.0,,,,,
2023,2,Wales,C. Tshiunza,c|tshiunza,80,7.0,50.0,0.0,1.0,0.0,0.0,0.0,0.0,0.0,0.0,0.0,0.0,24.0,0.0,,,,,
2023,2,Wales,L. Brown,l|brown,16,1.0,8.0,0.0,0.0,0.0,0.0,0.0,0.0,0.0,0.0,0.0,0.0,9.6,0.0,,,,,
2023,2,Wales,R. Carre,r|carre,28,2.0,23.0,0.0,0.0,0.0,0.0,0.0,0.0,0.0,0.0,0.0,0.0,6.6,0.0,,,,,
2023,2,Wales,W. Jones,w|jones,52,4.0,19.0,0.0,0.0,0.0,0.0,0.0,0.0,0.0,0.0,0.0,0.0,14.8,0.0,,,,,
2023,2,Wales,D. Lewis,d|lewis,64,8.0,22.0,0.0,0.0,0.0,0.0,0.0,0.0,0.0,0.0,0.0,0.0,12.4,0.0,,,,,
2023,2,Wales,S. Baldwin,s|baldwin,16,4.0,8.0,0.0,0.0,0.0,0.0,0.0,0.0,0.0,0.0,0.0,0.0,5.6,0.0,,,,,
2023,2,Wales,K. Owens,k|owens,64,9.0,35.0,0.0,0.0,0.0,1.0,0.0,0.0,0.0,0.0,0.0,0.0,38.0,0.0,,,,,
2023,2,England,H. Arundell,h|arundell,26,1.0,12.0,0.0,0.0,0.0,1.0,0.0,0.0,0.0,0.0,0.0,0.0,21.0,0.0,,,,,
2023,2,England,O. Hassell-Collins,o|hassellcollins,54,4.0,17.0,0.0,0.0,0.0,0.0,0.0,0.0,0.0,0.0,0.0,0.0,12.8,0.0,,,,,
2023,2,England,M. Malins,m|malins,80,8.0,58.0,0.0,0.0,0.0,0.0,0.0,0.0,0.0,0.0,0.0,0.0,34.6,0.0,,,,,
2023,2,England,F. Steward,f|steward,80,3.0,40.0,0.0,0.0,0.0,0.0,0.0,0.0,0.0,0.0,0.0,0.0,19.0,0.0,,,,,
2023,2,England,O. Farrell,o|farrell,80,12.0,19.0,0.0,0.0,0.0,0.0,0.0,2.0,0.0,0.0,0.0,0.0,27.8,0.0,,,,,
2023,2,England,O. Lawrence,o|lawrence,80,8.0,83.0,0.0,0.0,1.0,0.0,0.0,0.0,0.0,0.0,0.0,0.0,61.6,1.0,,,,,
2023,2,England,H. Slade,h|slade,72,4.0,7.0,0.0,0.0,0.0,0.0,0.0,0.0,0.0,0.0,0.0,0.0,12.6,0.0,,,,,
2023,2,England,M. Smith,m|smith,8,4.0,0.0,0.0,0.0,0.0,0.0,0.0,0.0,0.0,0.0,0.0,0.0,4.8,0.0,,,,,
2023,2,England,A. Mitchell,a|mitchell,20,5.0,1.0,0.0,0.0,0.0,0.0,1.0,0.0,0.0,0.0,0.0,0.0,14.2,0.0,,,,,
2023,2,England,J. van Poortvliet,j|vanpoortvliet,60,1.0,39.0,0.0,0.0,0.0,0.0,0.0,0.0,0.0,0.0,0.0,0.0,21.8,0.0,,,,,
2023,2,England,A. Dombrandt,a|dombrandt,65,9.0,70.0,0.0,0.0,2.0,0.0,0.0,0.0,0.0,0.0,0.0,0.0,43.5,0.0,,,,,
2023,2,England,B. Earl,b|earl,27,6.0,10.0,0.0,0.0,0.0,0.0,0.0,0.0,0.0,0.0,0.0,0.0,10.7,0.0,,,,,
2023,2,England,L. Ludlam,l|ludlam,80,19.0,25.0,0.0,0.0,1.0,0.0,0.0,0.0,0.0,0.0,0.0,0.0,60.0,0.0,,,,,
2023,2,England,J. Willis,j|willis,53,20.0,27.0,0.0,0.0,1.0,1.0,0.0,0.0,0.0,0.0,0.0,0.0,66.7,0.0,,,,,
2023,2,England,O. Chessum,o|chessum,80,8.0,37.0,0.0,0.0,0.0,1.0,0.0,0.0,0.0,0.0,0.0,0.0,45.4,0.0,,,,,
2023,2,England,N. Isiekwe,n|isiekwe,15,3.0,0.0,0.0,0.0,0.0,0.0,0.0,0.0,0.0,0.0,0.0,0.0,4.5,0.0,,,,,
2023,2,England,M. Itoje,m|itoje,80,16.0,20.0,0.0,0.0,1.0,0.0,0.0,0.0,0.0,0.0,0.0,0.0,42.0,0.0,,,,,
2023,2,England,D. Cole,d|cole,31,2.0,8.0,0.0,0.0,0.0,0.0,0.0,0.0,0.0,0.0,0.0,0.0,6.7,0.0,,,,,
2023,2,England,E. Genge,e|genge,54,5.0,21.0,0.0,0.0,0.0,0.0,1.0,0.0,0.0,0.0,0.0,0.0,21.6,0.0,,,,,
2023,2,England,K. Sinckler,k|sinckler,49,11.0,12.0,0.0,0.0,0.0,0.0,0.0,0.0,0.0,0.0,0.0,0.0,25.3,0.0,,,,,
2023,2,England,M. Vunipola,m|vunipola,26,3.0,0.0,0.0,0.0,0.0,0.0,0.0,0.0,0.0,0.0,0.0,0.0,5.6,0.0,,,,,
2023,2,England,J. George,j|george,73,7.0,6.0,0.0,0.0,0.0,1.0,0.0,0.0,0.0,0.0,0.0,0.0,37.5,0.0,,,,,
2023,2,England,J. Walker,j|walker,7,3.0,9.0,0.0,0.0,0.0,0.0,0.0,0.0,0.0,0.0,0.0,0.0,5.5,0.0,,,,,
2023,2,Italy,P. Bruno,p|bruno,33,0.0,27.0,0.0,0.0,0.0,0.0,0.0,0.0,0.0,0.0,0.0,0.0,5.4,0.0,,,,,
2023,2,Italy,A. Capuozzo,a|capuozzo,80,2.0,127.0,0.0,0.0,0.0,0.0,0.0,0.0,0.0,0.0,0.0,0.0,48.4,0.0,,,,,
2023,2,Italy,A. Fusco,a|fusco,18,1.0,8.0,0.0,0.0,0.0,1.0,0.0,0.0,0.0,0.0,0.0,0.0,24.6,0.0,,,,,
2023,2,Italy,T. Menoncello,t|menoncello,80,7.0,33.0,0.0,0.0,0.0,0.0,0.0,0.0,0.0,0.0,0.0,0.0,20.6,0.0,,,,,
2023,2,Italy,E. Padovani,e|padovani,80,3.0,36.0,0.0,0.0,0.0,0.0,0.0,0.0,0.0,0.0,0.0,0.0,10.2,0.0,,,,,
2023,2,Italy,J. Brex,j|brex,80,4.0,92.0,0.0,0.0,0.0,0.0,0.0,0.0,0.0,0.0,0.0,0.0,22.4,0.0,,,,,
2023,2,Italy,L. Morisi,l|morisi,47,10.0,27.0,0.0,0.0,0.0,0.0,0.0,0.0,0.0,0.0,0.0,0.0,15.4,0.0,,,,,
2023,2,Italy,T. Allan,t|allan,80,13.0,51.0,0.0,0.0,0.0,0.0,0.0,2.0,0.0,0.0,0.0,0.0,27.2,0.0,,,,,
2023,2,Italy,S. Varney,s|varney,62,1.0,20.0,0.0,0.0,0.0,0.0,0.0,0.0,0.0,0.0,0.0,0.0,12.0,0.0,,,,,
2023,2,Italy,E. Iachizzi,e|iachizzi,8,0.0,26.0,0.0,0.0,0.0,0.0,0.0,0.0,0.0,0.0,0.0,0.0,5.2,0.0,,,,,
2023,2,Italy,M. Lamaro,m|lamaro,23,0.0,5.0,0.0,0.0,0.0,0.0,0.0,0.0,0.0,0.0,0.0,0.0,1.0,0.0,,,,,
2023,2,Italy,S. Negri,s|negri,74,6.0,83.0,0.0,0.0,0.0,0.0,0.0,0.0,0.0,0.0,0.0,0.0,36.6,0.0,,,,,
2023,2,Italy,J. Polledri,j|polledri,23,1.0,26.0,0.0,0.0,0.0,0.0,0.0,0.0,0.0,0.0,0.0,0.0,13.2,0.0,,,,,
2023,2,Italy,L. Cannone,l|cannone,48,7.0,44.0,0.0,0.0,0.0,0.0,0.0,0.0,0.0,0.0,1.0,0.0,17.8,0.0,,,,,
2023,2,Italy,N. Cannone,n|cannone,72,6.0,21.0,0.0,0.0,0.0,0.0,0.0,0.0,0.0,0.0,0.0,0.0,10.2,0.0,,,,,
2023,2,Italy,F. Ruzza,f|ruzza,80,7.0,52.0,0.0,0.0,0.0,0.0,0.0,0.0,0.0,0.0,0.0,0.0,31.4,0.0,,,,,
2023,2,Italy,M. Zuliani,m|zuliani,56,9.0,61.0,0.0,0.0,1.0,0.0,0.0,0.0,0.0,0.0,0.0,0.0,42.2,0.0,,,,,
2023,2,Italy,S. Ferrari,s|ferrari,21,3.0,4.0,0.0,0.0,0.0,0.0,0.0,0.0,0.0,0.0,1.0,0.0,-1.2,0.0,,,,,
2023,2,Italy,D. Fischetti,d|fischetti,55,7.0,7.0,0.0,0.0,0.0,0.0,0.0,0.0,0.0,0.0,0.0,0.0,29.4,0.0,,,,,
2023,2,Italy,M. Riccioni,m|riccioni,54,7.0,15.0,0.0,0.0,0.0,1.0,0.0,0.0,0.0,0.0,0.0,0.0,25.0,0.0,,,,,
2023,2,Italy,F. Zani,f|zani,25,1.0,12.0,0.0,0.0,0.0,0.0,0.0,0.0,0.0,0.0,0.0,0.0,3.4,0.0,,,,,
2023,2,Italy,L. Bigi,l|bigi,19,2.0,0.0,0.0,0.0,0.0,0.0,0.0,0.0,0.0,0.0,0.0,0.0,9.0,0.0,,,,,
2023,2,Italy,G. Nicotera,g|nicotera,61,13.0,43.0,0.0,0.0,0.0,0.0,0.0,0.0,0.0,0.0,0.0,0.0,21.6,0.0,,,,,
2023,3,Ireland,M. Hansen,m|hansen,80,2.0,75.0,0.0,0.0,1.0,2.0,0.0,0.0,0.0,0.0,0.0,0.0,98.0,1.0,,,,,
2023,3,Ireland,H. Keenan,h|keenan,80,3.0,124.0,0.0,0.0,0.0,1.0,0.0,0.0,0.0,0.0,0.0,0.0,57.8,0.0,,,,,
2023,3,Ireland,J. Lowe,j|lowe,80,1.0,131.0,0.0,0.0,0.0,0.0,2.0,0.0,0.0,0.0,0.0,0.0,91.2,0.0,,,,,
2023,3,Ireland,J. O'Brien,j|obrien,8,0.0,0.0,0.0,0.0,0.0,0.0,0.0,0.0,0.0,0.0,0.0,0.0,0.8,0.0,,,,,
2023,3,Ireland,B. Aki,b|aki,80,7.0,107.0,0.0,0.0,1.0,1.0,1.0,0.0,0.0,0.0,0.0,0.0,72.4,0.0,,,,,
2023,3,Ireland,S. McCloskey,s|mccloskey,72,14.0,69.0,0.0,0.0,0.0,0.0,1.0,0.0,0.0,0.0,0.0,0.0,42.0,0.0,,,,,
2023,3,Ireland,R. Byrne,r|byrne,78,4.0,12.0,0.0,0.0,0.0,0.0,0.0,3.0,1.0,0.0,0.0,0.0,25.2,0.0,,,,,
2023,3,Ireland,J. Crowley,j|crowley,2,2.0,0.0,0.0,0.0,0.0,0.0,0.0,0.0,0.0,0.0,0.0,0.0,2.2,0.0,,,,,
2023,3,Ireland,C. Casey,c|casey,65,2.0,4.0,0.0,0.0,0.0,0.0,0.0,0.0,0.0,0.0,0.0,0.0,9.3,0.0,,,,,
2023,3,Ireland,C. Murray,c|murray,15,1.0,6.0,0.0,0.0,0.0,0.0,1.0,0.0,0.0,0.0,0.0,0.0,10.7,0.0,,,,,
2023,3,Ireland,J. Conan,j|conan,56,4.0,42.0,0.0,0.0,0.0,0.0,0.0,0.0,0.0,0.0,0.0,0.0,18.0,0.0,,,,,
2023,3,Ireland,C. Doris,c|doris,80,10.0,43.0,0.0,0.0,1.0,0.0,0.0,0.0,0.0,0.0,0.0,0.0,40.6,0.0,,,,,
2023,3,Ireland,P. O'Mahony,p|omahony,24,4.0,4.0,0.0,0.0,0.0,0.0,0.0,0.0,0.0,0.0,0.0,0.0,14.2,0.0,,,,,
2023,3,Ireland,J. van der Flier,j|vanderflier,80,12.0,52.0,0.0,0.0,0.0,0.0,0.0,0.0,0.0,0.0,0.0,0.0,37.4,0.0,,,,,
2023,3,Ireland,R. Baird,r|baird,28,1.0,8.0,0.0,1.0,1.0,0.0,0.0,0.0,0.0,0.0,0.0,0.0,26.4,0.0,,,,,
2023,3,Ireland,I. Henderson,i|henderson,52,7.0,13.0,0.0,0.0,0.0,0.0,0.0,0.0,0.0,0.0,0.0,0.0,14.8,0.0,,,,,
2023,3,Ireland,J. Ryan,j|ryan,80,9.0,53.0,0.0,0.0,0.0,1.0,0.0,0.0,0.0,0.0,0.0,0.0,49.6,0.0,,,,,
2023,3,Ireland,F. Bealham,f|bealham,37,2.0,1.0,0.0,0.0,0.0,0.0,0.0,0.0,0.0,0.0,0.0,0.0,12.9,0.0,,,,,
2023,3,Ireland,D. Kilcoyne,d|kilcoyne,15,0.0,7.0,0.0,0.0,0.0,0.0,0.0,0.0,0.0,0.0,0.0,0.0,9.9,0.0,,,,,
2023,3,Ireland,T. O'Toole,t|otoole,43,6.0,24.0,0.0,0.0,1.0,0.0,0.0,0.0,0.0,0.0,0.0,0.0,22.1,0.0,,,,,
2023,3,Ireland,A. Porter,a|porter,65,3.0,10.0,0.0,0.0,1.0,0.0,0.0,0.0,0.0,0.0,0.0,0.0,18.5,0.0,,,,,
2023,3,Ireland,R. Kelleher,r|kelleher,56,9.0,23.0,0.0,0.0,1.0,0.0,0.0,0.0,0.0,0.0,0.0,0.0,26.2,0.0,,,,,
2023,3,Ireland,D. Sheehan,d|sheehan,24,2.0,5.0,0.0,0.0,0.0,0.0,0.0,0.0,0.0,0.0,0.0,0.0,19.4,0.0,,,,,
2023,3,Italy,P. Bruno,p|bruno,80,3.0,176.0,0.0,0.0,0.0,1.0,0.0,0.0,0.0,0.0,0.0,0.0,60.2,0.0,,,,,
2023,3,Italy,A. Capuozzo,a|capuozzo,80,3.0,60.0,0.0,0.0,1.0,0.0,0.0,0.0,0.0,0.0,0.0,0.0,36.0,0.0,,,,,
2023,3,Italy,A. Fusco,a|fusco,13,0.0,0.0,0.0,0.0,0.0,0.0,0.0,0.0,0.0,0.0,0.0,0.0,0.0,0.0,,,,,
2023,3,Italy,T. Menoncello,t|menoncello,78,12.0,72.0,0.0,0.0,0.0,0.0,0.0,0.0,0.0,0.0,0.0,0.0,33.4,0.0,,,,,
2023,3,Italy,E. Padovani,e|padovani,80,0.0,51.0,0.0,0.0,0.0,0.0,0.0,0.0,0.0,0.0,0.0,0.0,10.2,0.0,,,,,
2023,3,Italy,J. Brex,j|brex,80,8.0,26.0,0.0,0.0,0.0,0.0,0.0,0.0,0.0,0.0,0.0,0.0,20.2,0.0,,,,,
2023,3,Italy,L. Morisi,l|morisi,2,1.0,0.0,0.0,0.0,0.0,0.0,0.0,0.0,0.0,0.0,0.0,0.0,1.0,0.0,,,,,
2023,3,Italy,T. Allan,t|allan,8,1.0,14.0,0.0,0.0,0.0,0.0,0.0,0.0,0.0,0.0,0.0,0.0,3.8,0.0,,,,,
2023,3,Italy,P. Garbisi,p|garbisi,72,5.0,42.0,0.0,0.0,0.0,0.0,0.0,2.0,2.0,0.0,0.0,0.0,27.4,0.0,,,,,
2023,3,Italy,S. Varney,s|varney,67,1.0,12.0,0.0,0.0,0.0,1.0,0.0,0.0,0.0,0.0,0.0,0.0,25.4,0.0,,,,,
2023,3,Italy,E. Iachizzi,e|iachizzi,15,4.0,0.0,0.0,0.0,0.0,0.0,0.0,0.0,0.0,0.0,0.0,0.0,11.0,0.0,,,,,
2023,3,Italy,M. Lamaro,m|lamaro,80,12.0,19.0,0.0,0.0,0.0,0.0,0.0,0.0,0.0,0.0,0.0,0.0,29.8,0.0,,,,,
2023,3,Italy,S. Negri,s|negri,80,11.0,54.0,0.0,0.0,0.0,0.0,0.0,0.0,0.0,0.0,0.0,0.0,28.8,0.0,,,,,
2023,3,Italy,G. Pettinelli,g|pettinelli,15,4.0,33.0,0.0,0.0,0.0,0.0,0.0,0.0,0.0,0.0,0.0,0.0,17.6,0.0,,,,,
2023,3,Italy,N. Cannone,n|cannone,65,12.0,16.0,0.0,0.0,0.0,0.0,0.0,0.0,0.0,0.0,0.0,0.0,22.2,0.0,,,,,
2023,3,Italy,L. Cannone,l|cannone,65,13.0,102.0,0.0,0.0,0.0,0.0,0.0,0.0,0.0,0.0,0.0,0.0,61.4,0.0,,,,,
2023,3,Italy,F. Ruzza,f|ruzza,80,9.0,5.0,0.0,1.0,0.0,0.0,0.0,0.0,0.0,0.0,0.0,0.0,24.0,0.0,,,,,
2023,3,Italy,S. Ferrari,s|ferrari,47,8.0,6.0,0.0,0.0,0.0,0.0,0.0,0.0,0.0,0.0,0.0,0.0,9.2,0.0,,,,,
2023,3,Italy,D. Fischetti,d|fischetti,60,10.0,28.0,0.0,0.0,0.0,0.0,0.0,0.0,0.0,0.0,0.0,0.0,36.6,0.0,,,,,
2023,3,Italy,M. Riccioni,m|riccioni,33,9.0,0.0,0.0,0.0,0.0,0.0,0.0,0.0,0.0,0.0,0.0,0.0,16.0,0.0,,,,,
2023,3,Italy,F. Zani,f|zani,20,5.0,1.0,0.0,0.0,0.0,0.0,0.0,0.0,0.0,0.0,0.0,0.0,12.2,0.0,,,,,
2023,3,Italy,L. Bigi,l|bigi,29,11.0,6.0,0.0,0.0,0.0,0.0,0.0,0.0,0.0,0.0,0.0,0.0,19.2,0.0,,,,,
2023,3,Italy,G. Nicotera,g|nicotera,51,7.0,22.0,0.0,0.0,0.0,0.0,0.0,0.0,0.0,0.0,0.0,0.0,18.4,0.0,,,,,
2023,3,Wales,J. Adams,j|adams,54,6.0,17.0,0.0,0.0,0.0,0.0,0.0,0.0,0.0,0.0,0.0,0.0,9.4,0.0,,,,,
2023,3,Wales,L. Halfpenny,l|halfpenny,80,3.0,60.0,0.0,0.0,0.0,0.0,0.0,1.0,1.0,0.0,0.0,0.0,22.0,0.0,,,,,
2023,3,Wales,L. Rees-Zammit,l|reeszammit,80,2.0,125.0,0.0,0.0,0.0,1.0,0.0,0.0,0.0,0.0,0.0,0.0,77.0,0.0,,,,,
2023,3,Wales,M. Grady,m|grady,80,8.0,48.0,0.0,0.0,0.0,0.0,0.0,0.0,0.0,0.0,0.0,0.0,17.6,0.0,,,,,
2023,3,Wales,J. Hawkins,j|hawkins,80,6.0,79.0,0.0,0.0,0.0,0.0,0.0,0.0,0.0,0.0,0.0,0.0,21.8,0.0,,,,,
2023,3,Wales,N. Tompkins,n|tompkins,26,5.0,29.0,0.0,0.0,0.0,0.0,0.0,0.0,0.0,0.0,0.0,0.0,10.8,0.0,,,,,
2023,3,Wales,D. Biggar,d|biggar,26,4.0,0.0,0.0,0.0,0.0,0.0,0.0,0.0,0.0,0.0,0.0,0.0,4.0,0.0,,,,,
2023,3,Wales,O. Williams,o|williams,54,6.0,24.0,0.0,0.0,0.0,0.0,0.0,0.0,0.0,0.0,0.0,0.0,10.8,0.0,,,,,
2023,3,Wales,K. Hardy,k|hardy,11,4.0,0.0,0.0,0.0,0.0,0.0,0.0,0.0,0.0,0.0,0.0,0.0,4.0,0.0,,,,,
2023,3,Wales,T. Williams,t|williams,69,2.0,26.0,0.0,0.0,0.0,0.0,0.0,0.0,0.0,0.0,0.0,0.0,7.2,0.0,,,,,
2023,3,Wales,T. Faletau,t|faletau,80,11.0,55.0,0.0,0.0,2.0,0.0,0.0,0.0,0.0,0.0,0.0,0.0,36.0,0.0,,,,,
2023,3,Wales,T. Reffell,t|reffell,17,3.0,25.0,0.0,0.0,0.0,0.0,0.0,0.0,0.0,0.0,0.0,0.0,8.0,0.0,,,,,
2023,3,Wales,J. Tipuric,j|tipuric,80,15.0,31.0,0.0,0.0,1.0,0.0,0.0,0.0,0.0,0.0,0.0,0.0,42.2,0.0,,,,,
2023,3,Wales,A. Beard,a|beard,80,13.0,24.0,0.0,0.0,1.0,0.0,0.0,0.0,0.0,0.0,0.0,0.0,31.8,0.0,,,,,
2023,3,Wales,D. Jenkins,d|jenkins,17,4.0,8.0,0.0,0.0,0.0,0.0,0.0,0.0,0.0,0.0,0.0,0.0,5.6,0.0,,,,,
2023,3,Wales,A. Jones,a|jones,63,9.0,12.0,0.0,1.0,1.0,0.0,0.0,0.0,0.0,0.0,0.0,0.0,32.4,0.0,,,,,
2023,3,Wales,C. Tshiunza,c|tshiunza,63,13.0,28.0,0.0,0.0,0.0,0.0,0.0,0.0,0.0,0.0,0.0,0.0,25.6,0.0,,,,,
2023,3,Wales,R. Carre,r|carre,24,3.0,24.0,0.0,0.0,0.0,0.0,0.0,0.0,0.0,0.0,0.0,0.0,7.8,0.0,,,,,
2023,3,Wales,T. Francis,t|francis,56,11.0,7.0,0.0,0.0,0.0,0.0,0.0,0.0,0.0,0.0,0.0,0.0,12.4,0.0,,,,,
2023,3,Wales,D. Lewis,d|lewis,24,2.0,3.0,0.0,0.0,0.0,0.0,0.0,0.0,0.0,0.0,0.0,0.0,2.6,0.0,,,,,
2023,3,Wales,G. Thomas,g|thomas,56,11.0,29.0,0.0,0.0,0.0,0.0,0.0,0.0,0.0,0.0,0.0,0.0,23.8,0.0,,,,,
2023,3,Wales,K. Owens,k|owens,69,8.0,29.0,0.0,0.0,0.0,0.0,0.0,0.0,0.0,0.0,0.0,0.0,20.8,0.0,,,,,
2023,3,Wales,B. Roberts,b|roberts,11,3.0,5.0,0.0,0.0,0.0,0.0,0.0,0.0,0.0,0.0,0.0,0.0,4.0,0.0,,,,,
2023,3,England,H. Arundell,h|arundell,1,0.0,12.0,0.0,0.0,0.0,0.0,0.0,0.0,0.0,0.0,0.0,0.0,2.5,0.0,,,,,
2023,3,England,M. Malins,m|malins,80,11.0,66.0,0.0,0.0,0.0,0.0,0.0,0.0,0.0,0.0,0.0,0.0,46.2,0.0,,,,,
2023,3,England,F. Steward,f|steward,80,3.0,94.0,0.0,0.0,0.0,0.0,1.0,0.0,0.0,0.0,0.0,0.0,58.8,1.0,,,,,
2023,3,England,A. Watson,a|watson,80,3.0,58.0,0.0,0.0,0.0,1.0,0.0,0.0,0.0,0.0,0.0,0.0,58.6,0.0,,,,,
2023,3,England,O. Farrell,o|farrell,80,17.0,23.0,0.0,0.0,2.0,0.0,0.0,1.0,1.0,0.0,0.0,0.0,50.6,0.0,,,,,
2023,3,England,O. Lawrence,o|lawrence,80,7.0,86.0,0.0,0.0,1.0,1.0,0.0,0.0,0.0,0.0,0.0,0.0,75.2,0.0,,,,,
2023,3,England,H. Slade,h|slade,80,5.0,41.0,0.0,0.0,0.0,0.0,0.0,0.0,0.0,0.0,0.0,0.0,42.2,0.0,,,,,
2023,3,England,M. Smith,m|smith,1,0.0,7.0,0.0,0.0,0.0,0.0,0.0,0.0,0.0,0.0,0.0,0.0,1.5,0.0,,,,,
2023,3,England,A. Mitchell,a|mitchell,8,1.0,0.0,0.0,0.0,0.0,0.0,0.0,0.0,0.0,0.0,0.0,0.0,1.8,0.0,,,,,
2023,3,England,J. van Poortvliet,j|vanpoortvliet,72,7.0,6.0,0.0,0.0,0.0,0.0,0.0,0.0,0.0,0.0,0.0,0.0,15.4,0.0,,,,,
2023,3,England,B. Curry,b|curry,21,4.0,16.0,0.0,0.0,1.0,0.0,0.0,0.0,0.0,0.0,0.0,0.0,23.3,0.0,,,,,
2023,3,England,A. Dombrandt,a|dombrandt,69,6.0,56.0,0.0,0.0,0.0,0.0,1.0,0.0,0.0,0.0,0.0,0.0,38.1,0.0,,,,,
2023,3,England,L. Ludlam,l|ludlam,80,13.0,25.0,0.0,0.0,1.0,0.0,0.0,0.0,0.0,0.0,0.0,0.0,47.0,0.0,,,,,
2023,3,England,J. Willis,j|willis,59,7.0,11.0,0.0,0.0,1.0,0.0,0.0,0.0,0.0,0.0,0.0,0.0,36.1,0.0,,,,,
2023,3,England,O. Chessum,o|chessum,80,9.0,5.0,0.0,0.0,0.0,0.0,0.0,0.0,0.0,0.0,0.0,0.0,39.0,0.0,,,,,
2023,3,England,M. Itoje,m|itoje,80,16.0,16.0,0.0,0.0,0.0,0.0,1.0,0.0,0.0,0.0,0.0,0.0,48.2,0.0,,,,,
2023,3,England,C. Lawes,c|lawes,11,1.0,6.0,0.0,0.0,0.0,0.0,0.0,0.0,0.0,0.0,0.0,0.0,3.3,0.0,,,,,
2023,3,England,D. Cole,d|cole,16,3.0,6.0,0.0,0.0,0.0,0.0,0.0,0.0,0.0,0.0,0.0,0.0,5.8,0.0,,,,,
2023,3,England,E. Genge,e|genge,54,9.0,61.0,0.0,0.0,0.0,0.0,0.0,0.0,0.0,0.0,0.0,0.0,33.6,0.0,,,,,
2023,3,England,K. Sinckler,k|sinckler,64,11.0,24.0,0.0,0.0,0.0,1.0,0.0,0.0,0.0,0.0,0.0,0.0,44.2,0.0,,,,,
2023,3,England,M. Vunipola,m|vunipola,26,5.0,18.0,0.0,0.0,0.0,0.0,0.0,0.0,0.0,0.0,0.0,0.0,11.2,0.0,,,,,
2023,3,England,J. George,j|george,80,15.0,18.0,0.0,0.0,0.0,0.0,0.0,0.0,0.0,0.0,0.0,0.0,33.6,0.0,,,,,
2023,3,England,J. Walker,j|walker,1,0.0,0.0,0.0,0.0,0.0,0.0,0.0,0.0,0.0,0.0,0.0,0.0,0.1,0.0,,,,,
2023,3,France,D. Penaud,d|penaud,80,3.0,24.0,0.0,0.0,0.0,0.0,0.0,0.0,0.0,0.0,0.0,0.0,15.8,0.0,,,,,
2023,3,France,T. Ramos,t|ramos,80,0.0,173.0,0.0,0.0,0.0,1.0,0.0,3.0,2.0,0.0,0.0,0.0,87.6,0.0,,,,,
2023,3,France,E. Dumortier,e|dumortier,80,3.0,46.0,0.0,0.0,0.0,1.0,0.0,0.0,0.0,0.0,0.0,0.0,49.2,0.0,,,,,
2023,3,France,G. Fickou,g|fickou,80,15.0,55.0,0.0,0.0,0.0,1.0,0.0,0.0,0.0,0.0,0.0,0.0,71.0,1.0,,,,,
2023,3,France,Y. Moefana,y|moefana,80,10.0,39.0,0.0,0.0,0.0,0.0,0.0,0.0,0.0,0.0,0.0,0.0,32.8,0.0,,,,,
2023,3,France,M. Jalibert,m|jalibert,11,1.0,10.0,0.0,0.0,0.0,0.0,0.0,0.0,0.0,0.0,0.0,0.0,4.1,0.0,,,,,
2023,3,France,R. Ntamack,r|ntamack,69,12.0,20.0,0.0,0.0,0.0,1.0,1.0,0.0,0.0,0.0,0.0,0.0,51.9,0.0,,,,,
2023,3,France,A. Dupont,a|dupont,80,13.0,14.0,0.0,0.0,1.0,0.0,2.0,0.0,0.0,0.0,0.0,0.0,44.8,0.0,,,,,
2023,3,France,G. Alldritt,g|alldritt,12,0.0,6.0,0.0,0.0,0.0,0.0,0.0,0.0,0.0,0.0,0.0,0.0,2.4,0.0,,,,,
2023,3,France,F. Cros,f|cros,63,10.0,26.0,0.0,0.0,0.0,0.0,0.0,0.0,0.0,0.0,0.0,0.0,35.5,0.0,,,,,
2023,3,France,A. Jelonch,a|jelonch,17,4.0,19.0,0.0,0.0,0.0,0.0,0.0,0.0,0.0,0.0,0.0,0.0,23.5,0.0,,,,,
2023,3,France,C. Ollivon,c|ollivon,80,15.0,35.0,0.0,0.0,0.0,0.0,0.0,0.0,0.0,0.0,0.0,0.0,37.0,0.0,,,,,
2023,3,France,T. Flament,t|flament,80,14.0,15.0,0.0,0.0,0.0,0.0,0.0,0.0,0.0,0.0,0.0,0.0,32.0,0.0,,,,,
2023,3,France,R. Taofifenua,r|taofifenua,27,4.0,8.0,0.0,0.0,1.0,0.0,0.0,0.0,0.0,0.0,0.0,0.0,15.3,0.0,,,,,
2023,3,France,P. Willemse,p|willemse,53,9.0,20.0,0.0,0.0,0.0,0.0,0.0,0.0,0.0,0.0,0.0,0.0,25.3,0.0,,,,,
2023,3,France,C. Baille,c|baille,63,3.0,41.0,0.0,0.0,0.0,0.0,0.0,0.0,0.0,0.0,0.0,0.0,24.5,0.0,,,,,
2023,3,France,S. Falatea,s|falatea,68,7.0,22.0,0.0,0.0,0.0,0.0,0.0,0.0,0.0,0.0,0.0,0.0,32.2,0.0,,,,,
2023,3,France,M. Haouas,m|haouas,11,1.0,0.0,0.0,0.0,0.0,0.0,0.0,0.0,0.0,0.0,0.0,1.0,-7.9,0.0,,,,,
2023,3,France,R. Wardi,r|wardi,17,0.0,8.0,0.0,0.0,0.0,0.0,0.0,0.0,0.0,0.0,0.0,0.0,3.3,0.0,,,,,
2023,3,France,G. Barlot,g|barlot,11,0.0,9.0,0.0,1.0,0.0,0.0,0.0,0.0,0.0,0.0,0.0,0.0,9.9,0.0,,,,,
2023,3,France,J. Marchand,j|marchand,69,16.0,17.0,0.0,0.0,0.0,0.0,0.0,0.0,0.0,0.0,0.0,0.0,26.3,0.0,,,,,
2023,3,Scotland,S. Hogg,s|hogg,80,6.0,87.0,0.0,0.0,0.0,0.0,0.0,0.0,0.0,0.0,0.0,0.0,30.4,0.0,,,,,
2023,3,Scotland,B. Kinghorn,b|kinghorn,11,1.0,0.0,0.0,0.0,0.0,0.0,0.0,0.0,0.0,0.0,0.0,0.0,1.0,0.0,,,,,
2023,3,Scotland,K. Steyn,k|steyn,69,2.0,45.0,0.0,0.0,0.0,0.0,0.0,0.0,0.0,0.0,0.0,0.0,11.0,0.0,,,,,
2023,3,Scotland,D. van der Merwe,d|vandermerwe,80,4.0,21.0,0.0,0.0,0.0,0.0,0.0,0.0,0.0,0.0,0.0,0.0,8.2,0.0,,,,,
2023,3,Scotland,H. Jones,h|jones,80,4.0,141.0,0.0,0.0,0.0,2.0,0.0,0.0,0.0,0.0,0.0,0.0,69.2,0.0,,,,,
2023,3,Scotland,S. Tuipulotu,s|tuipulotu,80,9.0,52.0,0.0,0.0,0.0,0.0,1.0,0.0,0.0,0.0,0.0,0.0,26.4,0.0,,,,,
2023,3,Scotland,F. Russell,f|russell,80,7.0,117.0,1.0,0.0,0.0,1.0,1.0,3.0,0.0,0.0,0.0,0.0,75.4,0.0,,,,,
2023,3,Scotland,A. Price,a|price,23,1.0,0.0,0.0,0.0,0.0,0.0,1.0,0.0,0.0,0.0,0.0,0.0,8.0,0.0,,,,,
2023,3,Scotland,B. White,b|white,57,5.0,20.0,0.0,0.0,0.0,0.0,0.0,0.0,0.0,0.0,0.0,0.0,9.0,0.0,,,,,
2023,3,Scotland,J. Dempsey,j|dempsey,23,2.0,20.0,0.0,0.0,0.0,0.0,0.0,0.0,0.0,0.0,0.0,0.0,6.0,0.0,,,,,
2023,3,Scotland,M. Fagerson,m|fagerson,57,11.0,17.0,0.0,0.0,0.0,0.0,0.0,0.0,0.0,0.0,0.0,0.0,14.4,0.0,,,,,
2023,3,Scotland,J. Ritchie,j|ritchie,80,13.0,46.0,0.0,0.0,0.0,0.0,0.0,0.0,0.0,0.0,0.0,0.0,22.2,0.0,,,,,
2023,3,Scotland,S. Skinner,s|skinner,9,4.0,0.0,0.0,0.0,1.0,0.0,0.0,0.0,0.0,0.0,0.0,0.0,11.0,0.0,,,,,
2023,3,Scotland,H. Watson,h|watson,10,5.0,0.0,0.0,0.0,0.0,0.0,0.0,0.0,0.0,0.0,0.0,0.0,5.0,0.0,,,,,
2023,3,Scotland,G. Gilchrist,g|gilchrist,7,3.0,0.0,0.0,0.0,0.0,0.0,0.0,0.0,0.0,0.0,0.0,1.0,-7.0,0.0,,,,,
2023,3,Scotland,J. Gray,j|gray,70,8.0,28.0,0.0,0.0,0.0,0.0,0.0,0.0,0.0,0.0,0.0,0.0,20.6,0.0,,,,,
2023,3,Scotland,R. Gray,r|gray,71,7.0,15.0,0.0,0.0,0.0,0.0,0.0,0.0,0.0,0.0,0.0,0.0,10.0,0.0,,,,,
2023,3,Scotland,J. Bhatti,j|bhatti,17,2.0,0.0,0.0,0.0,0.0,0.0,0.0,0.0,0.0,0.0,0.0,0.0,9.0,0.0,,,,,
2023,3,Scotland,Z. Fagerson,z|fagerson,63,6.0,29.0,0.0,0.0,0.0,0.0,0.0,0.0,0.0,0.0,0.0,0.0,11.8,0.0,,,,,
2023,3,Scotland,W. Nel,w|nel,17,3.0,5.0,0.0,0.0,0.0,0.0,0.0,0.0,0.0,0.0,0.0,0.0,4.0,0.0,,,,,
2023,3,Scotland,P. Schoeman,p|schoeman,63,7.0,65.0,0.0,0.0,1.0,0.0,0.0,0.0,0.0,0.0,0.0,0.0,27.0,0.0,,,,,
2023,3,Scotland,F. Brown,f|brown,17,4.0,7.0,0.0,0.0,0.0,0.0,0.0,0.0,0.0,0.0,0.0,0.0,5.4,0.0,,,,,
2023,3,Scotland,G. Turner,g|turner,63,5.0,47.0,0.0,0.0,0.0,0.0,0.0,0.0,0.0,0.0,0.0,0.0,14.4,0.0,,,,,
2023,4,Italy,P. Bruno,p|bruno,69,2.0,29.0,0.0,0.0,0.0,0.0,1.0,0.0,0.0,0.0,1.0,0.0,9.8,0.0,,,,,
2023,4,Italy,A. Fusco,a|fusco,24,0.0,50.0,0.0,0.0,0.0,0.0,0.0,0.0,0.0,0.0,0.0,0.0,17.0,0.0,,,,,
2023,4,Italy,T. Menoncello,t|menoncello,59,7.0,79.0,0.0,0.0,0.0,0.0,0.0,0.0,0.0,0.0,0.0,0.0,36.8,0.0,,,,,
2023,4,Italy,E. Padovani,e|padovani,80,1.0,51.0,0.0,0.0,0.0,0.0,0.0,0.0,0.0,0.0,0.0,0.0,25.2,0.0,,,,,
2023,4,Italy,J. Brex,j|brex,80,2.0,90.0,0.0,0.0,0.0,1.0,0.0,0.0,0.0,0.0,0.0,0.0,42.0,0.0,,,,,
2023,4,Italy,L. Morisi,l|morisi,21,0.0,24.0,0.0,0.0,0.0,0.0,0.0,0.0,0.0,0.0,0.0,0.0,4.8,0.0,,,,,
2023,4,Italy,T. Allan,t|allan,80,0.0,78.0,0.0,0.0,0.0,0.0,1.0,2.0,1.0,0.0,0.0,0.0,52.6,0.0,,,,,
2023,4,Italy,P. Garbisi,p|garbisi,80,6.0,37.0,0.0,0.0,0.0,0.0,0.0,0.0,0.0,0.0,0.0,0.0,20.4,0.0,,,,,
2023,4,Italy,S. Varney,s|varney,56,3.0,38.0,0.0,0.0,0.0,0.0,0.0,0.0,0.0,0.0,0.0,0.0,10.6,0.0,,,,,
2023,4,Italy,E. Iachizzi,e|iachizzi,20,1.0,28.0,0.0,0.0,1.0,0.0,0.0,0.0,0.0,0.0,0.0,0.0,20.6,0.0,,,,,
2023,4,Italy,M. Lamaro,m|lamaro,77,7.0,24.0,0.0,0.0,0.0,0.0,0.0,0.0,0.0,0.0,0.0,0.0,11.8,0.0,,,,,
2023,4,Italy,S. Negri,s|negri,52,5.0,50.0,0.0,0.0,0.0,1.0,0.0,0.0,0.0,0.0,0.0,0.0,37.0,0.0,,,,,
2023,4,Italy,G. Pettinelli,g|pettinelli,3,0.0,0.0,0.0,0.0,0.0,0.0,0.0,0.0,0.0,0.0,0.0,0.0,0.0,0.0,,,,,
2023,4,Italy,N. Cannone,n|cannone,60,3.0,16.0,0.0,0.0,0.0,0.0,0.0,0.0,0.0,0.0,0.0,0.0,6.2,0.0,,,,,
2023,4,Italy,L. Cannone,l|cannone,71,7.0,51.0,0.0,0.0,0.0,0.0,0.0,0.0,0.0,0.0,1.0,0.0,19.2,0.0,,,,,
2023,4,Italy,F. Ruzza,f|ruzza,80,3.0,35.0,0.0,0.0,0.0,0.0,0.0,0.0,0.0,0.0,0.0,0.0,10.0,0.0,,,,,
2023,4,Italy,M. Zuliani,m|zuliani,28,1.0,36.0,0.0,0.0,1.0,0.0,0.0,0.0,0.0,0.0,0.0,0.0,22.2,0.0,,,,,
2023,4,Italy,S. Ferrari,s|ferrari,42,4.0,0.0,0.0,0.0,0.0,0.0,0.0,0.0,0.0,0.0,0.0,0.0,11.0,0.0,,,,,
2023,4,Italy,D. Fischetti,d|fischetti,62,5.0,39.0,0.0,0.0,0.0,0.0,0.0,0.0,0.0,0.0,0.0,0.0,12.8,0.0,,,,,
2023,4,Italy,M. Riccioni,m|riccioni,38,2.0,14.0,0.0,0.0,0.0,0.0,0.0,0.0,0.0,0.0,0.0,0.0,4.8,0.0,,,,,
2023,4,Italy,F. Zani,f|zani,18,0.0,0.0,0.0,0.0,0.0,0.0,0.0,0.0,0.0,0.0,0.0,0.0,0.0,0.0,,,,,
2023,4,Italy,L. Bigi,l|bigi,28,3.0,0.0,0.0,0.0,0.0,0.0,0.0,0.0,0.0,0.0,0.0,0.0,3.0,0.0,,,,,
2023,4,Italy,G. Nicotera,g|nicotera,52,11.0,17.0,0.0,0.0,1.0,0.0,0.0,0.0,0.0,0.0,0.0,0.0,21.4,0.0,,,,,
2023,4,Wales,J. Adams,j|adams,51,1.0,31.0,0.0,0.0,0.0,0.0,0.0,0.0,0.0,0.0,0.0,0.0,26.3,0.0,,,,,
2023,4,Wales,R. Dyer,r|dyer,80,4.0,19.0,0.0,0.0,0.0,1.0,0.0,0.0,0.0,0.0,0.0,0.0,44.8,0.0,,,,,
2023,4,Wales,L. Rees-Zammit,l|reeszammit,29,3.0,46.0,0.0,0.0,0.0,0.0,0.0,0.0,0.0,0.0,0.0,0.0,15.1,0.0,,,,,
2023,4,Wales,L. Williams,l|williams,62,1.0,87.0,0.0,0.0,1.0,1.0,0.0,0.0,0.0,0.0,0.0,0.0,53.6,0.0,,,,,
2023,4,Wales,M. Grady,m|grady,80,5.0,26.0,0.0,0.0,0.0,0.0,0.0,0.0,0.0,0.0,0.0,0.0,18.2,0.0,,,,,
2023,4,Wales,J. Hawkins,j|hawkins,80,3.0,97.0,0.0,0.0,0.0,0.0,0.0,0.0,0.0,0.0,0.0,0.0,37.4,0.0,,,,,
2023,4,Wales,G. North,g|north,18,1.0,0.0,0.0,0.0,0.0,0.0,0.0,0.0,0.0,0.0,0.0,0.0,2.8,0.0,,,,,
2023,4,Wales,O. Williams,o|williams,80,8.0,19.0,0.0,0.0,0.0,0.0,0.0,2.0,1.0,0.0,0.0,0.0,28.8,0.0,,,,,
2023,4,Wales,R. Webb,r|webb,54,5.0,28.0,1.0,0.0,0.0,0.0,2.0,0.0,0.0,0.0,0.0,0.0,69.0,1.0,,,,,
2023,4,Wales,T. Williams,t|williams,26,2.0,0.0,0.0,0.0,0.0,0.0,0.0,0.0,0.0,0.0,0.0,0.0,4.6,0.0,,,,,
2023,4,Wales,T. Faletau,t|faletau,80,12.0,54.0,0.0,0.0,0.0,1.0,0.0,0.0,0.0,0.0,0.0,0.0,45.8,0.0,,,,,
2023,4,Wales,J. Morgan,j|morgan,60,14.0,19.0,0.0,0.0,0.0,0.0,0.0,0.0,0.0,0.0,0.0,0.0,23.8,0.0,,,,,
2023,4,Wales,T. Reffell,t|reffell,20,1.0,0.0,0.0,0.0,0.0,0.0,0.0,0.0,0.0,0.0,0.0,0.0,3.0,0.0,,,,,
2023,4,Wales,J. Tipuric,j|tipuric,80,8.0,2.0,0.0,2.0,0.0,0.0,0.0,0.0,0.0,0.0,0.0,0.0,37.4,0.0,,,,,
2023,4,Wales,A. Beard,a|beard,80,5.0,2.0,0.0,1.0,1.0,0.0,0.0,0.0,0.0,0.0,0.0,0.0,27.4,0.0,,,,,
2023,4,Wales,R. Davies,r|davies,11,2.0,2.0,0.0,0.0,0.0,0.0,0.0,0.0,0.0,0.0,0.0,0.0,3.5,0.0,,,,,
2023,4,Wales,D. Jenkins,d|jenkins,69,13.0,1.0,0.0,0.0,0.0,0.0,0.0,0.0,0.0,0.0,0.0,0.0,27.1,0.0,,,,,
2023,4,Wales,T. Francis,t|francis,53,7.0,5.0,0.0,0.0,0.0,0.0,0.0,0.0,0.0,0.0,0.0,0.0,13.3,0.0,,,,,
2023,4,Wales,W. Jones,w|jones,45,4.0,15.0,0.0,0.0,0.0,0.0,0.0,0.0,0.0,0.0,0.0,0.0,11.5,0.0,,,,,
2023,4,Wales,D. Lewis,d|lewis,27,4.0,0.0,0.0,0.0,0.0,0.0,0.0,0.0,0.0,0.0,0.0,0.0,6.7,0.0,,,,,
2023,4,Wales,G. Thomas,g|thomas,35,3.0,5.0,0.0,0.0,0.0,0.0,0.0,0.0,0.0,0.0,0.0,0.0,7.5,0.0,,,,,
2023,4,Wales,S. Baldwin,s|baldwin,6,2.0,0.0,0.0,0.0,0.0,0.0,0.0,0.0,0.0,0.0,0.0,0.0,2.6,0.0,,,,,
2023,4,Wales,K. Owens,k|owens,74,12.0,12.0,0.0,0.0,0.0,0.0,0.0,0.0,0.0,0.0,0.0,0.0,21.8,0.0,,,,,
2023,4,England,H. Arundell,h|arundell,22,1.0,14.0,0.0,0.0,0.0,0.0,0.0,0.0,0.0,0.0,0.0,0.0,3.8,0.0,,,,,
2023,4,England,M. Malins,m|malins,58,7.0,40.0,0.0,0.0,0.0,0.0,0.0,0.0,0.0,0.0,0.0,0.0,15.0,0.0,,,,,
2023,4,England,F. Steward,f|steward,80,2.0,163.0,0.0,0.0,0.0,1.0,0.0,0.0,0.0,0.0,0.0,0.0,56.6,0.0,,,,,
2023,4,England,A. Watson,a|watson,80,3.0,48.0,0.0,0.0,0.0,0.0,0.0,0.0,0.0,0.0,0.0,0.0,26.6,0.0,,,,,
2023,4,England,O. Farrell,o|farrell,34,4.0,44.0,0.0,0.0,0.0,0.0,0.0,0.0,0.0,0.0,0.0,0.0,12.8,0.0,,,,,
2023,4,England,O. Lawrence,o|lawrence,61,3.0,24.0,0.0,0.0,0.0,0.0,0.0,0.0,0.0,0.0,0.0,0.0,7.8,0.0,,,,,
2023,4,England,H. Slade,h|slade,46,1.0,15.0,0.0,0.0,0.0,0.0,0.0,0.0,0.0,0.0,0.0,0.0,4.0,0.0,,,,,
2023,4,England,M. Smith,m|smith,80,10.0,115.0,0.0,0.0,0.0,0.0,0.0,1.0,1.0,0.0,0.0,0.0,47.0,0.0,,,,,
2023,4,England,A. Mitchell,a|mitchell,34,0.0,8.0,0.0,0.0,0.0,0.0,1.0,0.0,0.0,0.0,0.0,0.0,8.6,0.0,,,,,
2023,4,England,J. van Poortvliet,j|vanpoortvliet,46,3.0,4.0,0.0,0.0,0.0,0.0,0.0,0.0,0.0,0.0,0.0,0.0,3.8,0.0,,,,,
2023,4,England,B. Curry,b|curry,27,5.0,11.0,0.0,0.0,1.0,0.0,0.0,0.0,0.0,0.0,0.0,0.0,14.2,0.0,,,,,
2023,4,England,A. Dombrandt,a|dombrandt,75,12.0,44.0,0.0,0.0,0.0,0.0,0.0,0.0,0.0,0.0,0.0,0.0,27.8,0.0,,,,,
2023,4,England,L. Ludlam,l|ludlam,80,11.0,27.0,0.0,0.0,0.0,0.0,0.0,0.0,0.0,0.0,0.0,0.0,23.4,0.0,,,,,
2023,4,England,J. Willis,j|willis,53,7.0,17.0,0.0,0.0,0.0,0.0,0.0,0.0,0.0,0.0,0.0,0.0,10.4,0.0,,,,,
2023,4,England,O. Chessum,o|chessum,80,4.0,25.0,0.0,0.0,0.0,0.0,0.0,0.0,0.0,0.0,0.0,0.0,9.0,0.0,,,,,
2023,4,England,M. Itoje,m|itoje,80,8.0,23.0,0.0,0.0,2.0,0.0,0.0,0.0,0.0,0.0,0.0,0.0,33.6,0.0,,,,,
2023,4,England,D. Ribbans,d|ribbans,5,0.0,3.0,0.0,0.0,0.0,0.0,0.0,0.0,0.0,0.0,0.0,0.0,0.6,0.0,,,,,
2023,4,England,D. Cole,d|cole,15,1.0,0.0,0.0,0.0,0.0,0.0,0.0,0.0,0.0,0.0,0.0,0.0,1.0,0.0,,,,,
2023,4,England,E. Genge,e|genge,65,4.0,17.0,0.0,0.0,0.0,0.0,0.0,0.0,0.0,0.0,0.0,0.0,14.4,0.0,,,,,
2023,4,England,K. Sinckler,k|sinckler,65,8.0,24.0,0.0,0.0,0.0,0.0,0.0,0.0,0.0,0.0,0.0,0.0,19.8,0.0,,,,,
2023,4,England,M. Vunipola,m|vunipola,15,0.0,14.0,0.0,0.0,0.0,0.0,0.0,0.0,0.0,0.0,0.0,0.0,2.8,0.0,,,,,
2023,4,England,J. George,j|george,80,6.0,14.0,0.0,0.0,0.0,0.0,0.0,0.0,0.0,0.0,0.0,0.0,8.8,0.0,,,,,
2023,4,England,J. Walker,j|walker,19,3.0,21.0,0.0,0.0,0.0,0.0,0.0,0.0,0.0,0.0,0.0,0.0,7.2,0.0,,,,,
2023,4,France,M. Jaminet,m|jaminet,7,2.0,11.0,0.0,0.0,0.0,0.0,1.0,0.0,0.0,0.0,0.0,0.0,11.9,0.0,,,,,
2023,4,France,D. Penaud,d|penaud,80,4.0,86.0,0.0,0.0,0.0,2.0,0.0,0.0,0.0,0.0,0.0,0.0,73.2,0.0,,,,,
2023,4,France,T. Ramos,t|ramos,80,0.0,96.0,0.0,0.0,0.0,1.0,0.0,6.0,2.0,0.0,0.0,0.0,93.2,1.0,,,,,
2023,4,France,J. Danty,j|danty,65,8.0,26.0,0.0,0.0,1.0,0.0,0.0,0.0,0.0,0.0,0.0,0.0,33.7,0.0,,,,,
2023,4,France,E. Dumortier,e|dumortier,80,0.0,50.0,0.0,0.0,0.0,0.0,1.0,0.0,0.0,0.0,0.0,0.0,32.0,0.0,,,,,
2023,4,France,G. Fickou,g|fickou,80,12.0,54.0,0.0,0.0,0.0,0.0,1.0,0.0,0.0,0.0,0.0,0.0,44.8,0.0,,,,,
2023,4,France,Y. Moefana,y|moefana,15,2.0,11.0,0.0,0.0,0.0,0.0,0.0,0.0,0.0,0.0,0.0,0.0,5.7,0.0,,,,,
2023,4,France,R. Ntamack,r|ntamack,73,6.0,16.0,0.0,0.0,0.0,0.0,1.0,0.0,0.0,0.0,0.0,0.0,23.5,0.0,,,,,
2023,4,France,A. Dupont,a|dupont,69,9.0,45.0,1.0,0.0,0.0,0.0,1.0,0.0,0.0,0.0,0.0,0.0,55.9,0.0,,,,,
2023,4,France,M. Lucu,m|lucu,11,0.0,2.0,0.0,0.0,0.0,0.0,0.0,0.0,0.0,0.0,0.0,0.0,1.5,0.0,,,,,
2023,4,France,G. Alldritt,g|alldritt,80,7.0,93.0,0.0,0.0,2.0,0.0,1.0,0.0,0.0,0.0,0.0,0.0,68.6,0.0,,,,,
2023,4,France,F. Cros,f|cros,80,12.0,33.0,0.0,0.0,0.0,0.0,0.0,0.0,0.0,0.0,0.0,0.0,33.6,0.0,,,,,
2023,4,France,S. Macalou,s|macalou,18,2.0,0.0,0.0,0.0,0.0,0.0,0.0,0.0,0.0,0.0,0.0,0.0,3.8,0.0,,,,,
2023,4,France,C. Ollivon,c|ollivon,62,5.0,59.0,0.0,0.0,0.0,2.0,0.0,0.0,0.0,0.0,0.0,0.0,67.0,0.0,,,,,
2023,4,France,T. Flament,t|flament,80,9.0,48.0,0.0,0.0,0.0,2.0,0.0,0.0,0.0,0.0,0.0,0.0,70.6,0.0,,,,,
2023,4,France,R. Taofifenua,r|taofifenua,30,7.0,13.0,0.0,0.0,0.0,0.0,0.0,0.0,0.0,0.0,0.0,0.0,12.6,0.0,,,,,
2023,4,France,P. Willemse,p|willemse,50,8.0,0.0,0.0,0.0,0.0,0.0,0.0,0.0,0.0,0.0,0.0,0.0,13.0,0.0,,,,,
2023,4,France,D. Aldegheri,d|aldegheri,50,6.0,0.0,0.0,0.0,0.0,0.0,0.0,0.0,0.0,0.0,0.0,0.0,11.0,0.0,,,,,
2023,4,France,C. Baille,c|baille,61,5.0,38.0,0.0,0.0,0.0,0.0,0.0,0.0,0.0,0.0,0.0,0.0,18.7,0.0,,,,,
2023,4,France,S. Falatea,s|falatea,30,2.0,0.0,0.0,0.0,0.0,0.0,0.0,0.0,0.0,0.0,0.0,0.0,5.0,0.0,,,,,
2023,4,France,R. Wardi,r|wardi,19,5.0,0.0,0.0,0.0,0.0,0.0,0.0,0.0,0.0,0.0,0.0,0.0,6.9,0.0,,,,,
2023,4,France,J. Marchand,j|marchand,61,2.0,16.0,0.0,0.0,0.0,0.0,0.0,0.0,0.0,0.0,0.0,0.0,11.3,0.0,,,,,
2023,4,France,P. Mauvaka,p|mauvaka,19,4.0,1.0,0.0,0.0,0.0,0.0,0.0,0.0,0.0,0.0,0.0,0.0,6.1,0.0,,,,,
2023,4,Scotland,S. Hogg,s|hogg,65,4.0,65.0,0.0,0.0,0.0,0.0,0.0,0.0,0.0,0.0,0.0,0.0,17.0,0.0,,,,,
2023,4,Scotland,B. Kinghorn,b|kinghorn,15,1.0,59.0,0.0,0.0,0.0,0.0,0.0,0.0,0.0,0.0,0.0,0.0,12.8,0.0,,,,,
2023,4,Scotland,K. Steyn,k|steyn,80,2.0,32.0,0.0,0.0,0.0,0.0,0.0,0.0,0.0,0.0,0.0,0.0,8.4,0.0,,,,,
2023,4,Scotland,D. van der Merwe,d|vandermerwe,80,2.0,98.0,0.0,0.0,0.0,0.0,0.0,0.0,0.0,0.0,0.0,0.0,28.6,0.0,,,,,
2023,4,Scotland,C. Harris,c|harris,1,1.0,0.0,0.0,0.0,0.0,0.0,0.0,0.0,0.0,0.0,0.0,0.0,1.0,0.0,,,,,
2023,4,Scotland,H. Jones,h|jones,80,6.0,117.0,0.0,0.0,0.0,1.0,0.0,0.0,0.0,0.0,0.0,0.0,51.4,0.0,,,,,
2023,4,Scotland,S. Tuipulotu,s|tuipulotu,80,11.0,90.0,0.0,0.0,1.0,0.0,1.0,0.0,0.0,0.0,0.0,0.0,43.0,0.0,,,,,
2023,4,Scotland,F. Russell,f|russell,80,5.0,63.0,0.0,0.0,0.0,0.0,0.0,1.0,0.0,0.0,0.0,0.0,19.6,0.0,,,,,
2023,4,Scotland,A. Price,a|price,22,2.0,0.0,0.0,0.0,0.0,0.0,0.0,0.0,0.0,0.0,0.0,0.0,2.0,0.0,,,,,
2023,4,Scotland,B. White,b|white,58,5.0,10.0,0.0,0.0,0.0,0.0,0.0,0.0,0.0,0.0,0.0,0.0,7.0,0.0,,,,,
2023,4,Scotland,J. Dempsey,j|dempsey,80,20.0,70.0,0.0,0.0,0.0,0.0,0.0,0.0,0.0,0.0,0.0,0.0,41.0,0.0,,,,,
2023,4,Scotland,M. Fagerson,m|fagerson,66,14.0,33.0,0.0,0.0,0.0,0.0,0.0,0.0,0.0,0.0,0.0,0.0,20.6,0.0,,,,,
2023,4,Scotland,J. Ritchie,j|ritchie,80,15.0,25.0,0.0,0.0,0.0,0.0,0.0,0.0,0.0,0.0,0.0,0.0,34.0,0.0,,,,,
2023,4,Scotland,H. Watson,h|watson,14,1.0,8.0,0.0,0.0,0.0,0.0,0.0,0.0,0.0,0.0,0.0,0.0,2.6,0.0,,,,,
2023,4,Scotland,S. Cummings,s|cummings,75,9.0,9.0,0.0,0.0,0.0,0.0,0.0,0.0,0.0,0.0,0.0,0.0,10.8,0.0,,,,,
2023,4,Scotland,J. Gray,j|gray,80,18.0,19.0,0.0,0.0,0.0,0.0,0.0,0.0,0.0,0.0,0.0,0.0,35.8,0.0,,,,,
2023,4,Scotland,R. Gray,r|gray,5,2.0,3.0,0.0,0.0,0.0,0.0,0.0,0.0,0.0,0.0,0.0,0.0,2.6,0.0,,,,,
2023,4,Scotland,S. Berghan,s|berghan,27,5.0,14.0,0.0,0.0,0.0,0.0,0.0,0.0,0.0,0.0,0.0,0.0,7.8,0.0,,,,,
2023,4,Scotland,J. Bhatti,j|bhatti,27,6.0,5.0,0.0,0.0,0.0,0.0,0.0,0.0,0.0,0.0,0.0,0.0,7.0,0.0,,,,,
2023,4,Scotland,Z. Fagerson,z|fagerson,53,7.0,23.0,0.0,0.0,1.0,0.0,0.0,0.0,0.0,0.0,0.0,0.0,18.6,0.0,,,,,
2023,4,Scotland,P. Schoeman,p|schoeman,53,5.0,65.0,0.0,0.0,0.0,0.0,0.0,0.0,0.0,0.0,0.0,0.0,18.0,0.0,,,,,
2023,4,Scotland,F. Brown,f|brown,22,3.0,0.0,0.0,1.0,0.0,0.0,0.0,0.0,0.0,0.0,0.0,0.0,10.0,0.0,,,,,
2023,4,Scotland,G. Turner,g|turner,58,10.0,34.0,0.0,1.0,0.0,0.0,0.0,0.0,0.0,0.0,0.0,0.0,30.8,0.0,,,,,
2023,4,Ireland,M. Hansen,m|hansen,80,4.0,94.0,0.0,0.0,2.0,1.0,1.0,0.0,0.0,0.0,0.0,0.0,95.8,1.0,,,,,
2023,4,Ireland,H. Keenan,h|keenan,80,6.0,82.0,0.0,0.0,0.0,0.0,1.0,0.0,0.0,0.0,0.0,0.0,44.4,0.0,,,,,
2023,4,Ireland,J. Lowe,j|lowe,80,4.0,150.0,0.0,0.0,0.0,1.0,0.0,0.0,0.0,0.0,0.0,0.0,71.0,0.0,,,,,
2023,4,Ireland,B. Aki,b|aki,74,9.0,49.0,0.0,0.0,0.0,0.0,0.0,0.0,0.0,0.0,0.0,0.0,33.2,0.0,,,,,
2023,4,Ireland,R. Henshaw,r|henshaw,14,6.0,4.0,0.0,0.0,0.0,0.0,0.0,0.0,0.0,0.0,0.0,0.0,8.2,0.0,,,,,
2023,4,Ireland,G. Ringrose,g|ringrose,72,2.0,54.0,0.0,0.0,0.0,0.0,0.0,0.0,0.0,0.0,0.0,0.0,27.0,0.0,,,,,
2023,4,Ireland,R. Byrne,r|byrne,10,2.0,0.0,0.0,0.0,0.0,0.0,0.0,0.0,0.0,0.0,0.0,0.0,3.0,0.0,,,,,
2023,4,Ireland,J. Sexton,j|sexton,70,9.0,32.0,0.0,0.0,0.0,0.0,0.0,2.0,1.0,0.0,0.0,0.0,31.4,0.0,,,,,
2023,4,Ireland,J. Gibson-Park,j|gibsonpark,27,2.0,34.0,0.0,0.0,0.0,0.0,1.0,0.0,0.0,0.0,0.0,0.0,25.5,0.0,,,,,
2023,4,Ireland,C. Murray,c|murray,53,9.0,5.0,0.0,0.0,0.0,0.0,0.0,0.0,0.0,0.0,0.0,0.0,15.3,0.0,,,,,
2023,4,Ireland,J. Conan,j|conan,68,10.0,106.0,0.0,0.0,0.0,1.0,0.0,0.0,0.0,0.0,0.0,0.0,53.0,0.0,,,,,
2023,4,Ireland,C. Doris,c|doris,12,4.0,23.0,0.0,0.0,0.0,0.0,0.0,0.0,0.0,0.0,0.0,0.0,9.8,0.0,,,,,
2023,4,Ireland,P. O'Mahony,p|omahony,80,12.0,31.0,0.0,0.0,0.0,0.0,0.0,0.0,0.0,0.0,0.0,0.0,26.2,0.0,,,,,
2023,4,Ireland,J. van der Flier,j|vanderflier,80,15.0,26.0,0.0,0.0,1.0,0.0,0.0,0.0,0.0,0.0,0.0,0.0,49.2,0.0,,,,,
2023,4,Ireland,R. Baird,r|baird,56,4.0,21.0,0.0,0.0,0.0,0.0,0.0,0.0,0.0,0.0,0.0,0.0,13.8,0.0,,,,,
2023,4,Ireland,I. Henderson,i|henderson,24,7.0,9.0,0.0,0.0,0.0,0.0,0.0,0.0,0.0,0.0,0.0,0.0,11.2,0.0,,,,,
2023,4,Ireland,J. Ryan,j|ryan,80,9.0,90.0,0.0,3.0,0.0,0.0,0.0,0.0,0.0,0.0,0.0,0.0,70.0,0.0,,,,,
2023,4,Ireland,T. Furlong,t|furlong,65,11.0,41.0,0.0,0.0,0.0,0.0,0.0,0.0,0.0,0.0,0.0,0.0,25.7,0.0,,,,,
2023,4,Ireland,C. Healy,c|healy,32,1.0,15.0,0.0,0.0,0.0,0.0,0.0,0.0,0.0,0.0,0.0,0.0,7.2,0.0,,,,,
2023,4,Ireland,T. O'Toole,t|otoole,15,1.0,0.0,0.0,0.0,0.0,0.0,0.0,0.0,0.0,0.0,0.0,0.0,2.5,0.0,,,,,
2023,4,Ireland,A. Porter,a|porter,80,10.0,24.0,0.0,0.0,0.0,0.0,0.0,0.0,0.0,0.0,0.0,0.0,22.8,0.0,,,,,
2023,4,Ireland,R. Kelleher,r|kelleher,30,2.0,23.0,0.0,0.0,0.0,0.0,0.0,0.0,0.0,0.0,0.0,0.0,9.6,0.0,,,,,
2023,4,Ireland,D. Sheehan,d|sheehan,18,4.0,0.0,0.0,0.0,0.0,0.0,0.0,0.0,0.0,0.0,0.0,0.0,5.8,0.0,,,,,
2025,1,France,T. Attissogbe,t|attissogbe,80,7.0,79.0,0.0,0.0,0.0,2.0,0.0,0.0,0.0,0.0,0.0,0.0,38.0,0.0,1.0,1.0,0.0,0.0,
2025,1,France,L. Bielle-Biarrey,l|biellebiarrey,80,4.0,53.0,0.0,0.0,0.0,2.0,0.0,0.0,0.0,0.0,0.0,0.0,41.0,0.0,5.0,1.0,0.0,0.0,
2025,1,France,T. Ramos,t|ramos,67,3.0,58.0,1.0,0.0,0.0,0.0,1.0,4.0,0.0,0.0,0.0,0.0,37.0,0.0,4.0,1.0,0.0,0.0,
2025,1,France,P. Barassi,p|barassi,80,15.0,32.0,0.0,0.0,0.0,0.0,0.0,0.0,0.0,0.0,0.0,0.0,22.0,0.0,0.0,2.0,0.0,0.0,
2025,1,France,Y. Moefana,y|moefana,80,16.0,34.0,0.0,0.0,0.0,0.0,0.0,0.0,0.0,0.0,0.0,0.0,21.0,0.0,1.0,0.0,0.0,0.0,
2025,1,France,R. Ntamack,r|ntamack,70,8.0,43.0,0.0,0.0,0.0,0.0,1.0,0.0,0.0,0.0,0.0,1.0,13.0,0.0,2.0,1.0,0.0,1.0,
2025,1,France,A. Dupont,a|dupont,49,4.0,64.0,0.0,0.0,0.0,0.0,3.0,0.0,0.0,0.0,0.0,0.0,31.0,0.0,4.0,1.0,0.0,1.0,
2025,1,France,N. Le Garrec,n|legarrec,31,3.0,2.0,0.0,0.0,0.0,0.0,0.0,0.0,0.0,0.0,0.0,0.0,5.0,0.0,0.0,1.0,0.0,0.0,
2025,1,France,G. Alldritt,g|alldritt,80,18.0,90.0,0.0,0.0,1.0,1.0,0.0,0.0,0.0,0.0,0.0,0.0,71.0,1.0,2.0,1.0,3.0,0.0,
2025,1,France,P. Boudehent,p|boudehent,80,14.0,15.0,0.0,0.0,0.0,0.0,0.0,0.0,0.0,0.0,0.0,0.0,18.0,0.0,0.0,0.0,3.0,0.0,
2025,1,France,F. Cros,f|cros,60,13.0,1.0,0.0,0.0,0.0,0.0,0.0,0.0,0.0,0.0,0.0,0.0,17.0,0.0,0.0,1.0,2.0,0.0,
2025,1,France,O. Jegou,o|jegou,20,4.0,0.0,0.0,0.0,0.0,0.0,0.0,0.0,0.0,0.0,0.0,0.0,5.0,0.0,0.0,0.0,1.0,0.0,
2025,1,France,H. Auradou,h|auradou,31,6.0,0.0,0.0,0.0,0.0,0.0,0.0,0.0,0.0,0.0,0.0,0.0,7.0,0.0,0.0,0.0,1.0,0.0,
2025,1,France,M. Guillard,m|guillard,31,7.0,29.0,0.0,0.0,0.0,0.0,0.0,0.0,0.0,0.0,0.0,0.0,12.0,0.0,1.0,0.0,1.0,0.0,
2025,1,France,E. Meafou,e|meafou,49,10.0,30.0,0.0,0.0,0.0,0.0,0.0,0.0,0.0,0.0,0.0,0.0,19.0,0.0,1.0,1.0,2.0,0.0,
2025,1,France,A. Roumat,a|roumat,49,6.0,11.0,0.0,0.0,0.0,0.0,0.0,0.0,0.0,0.0,0.0,0.0,8.0,0.0,0.0,0.0,2.0,1.0,
2025,1,France,U. Atonio,u|atonio,49,6.0,15.0,0.0,0.0,0.0,0.0,0.0,0.0,0.0,0.0,0.0,0.0,9.0,0.0,0.0,0.0,2.0,0.0,
2025,1,France,C. Baille,c|baille,31,4.0,30.0,0.0,0.0,0.0,0.0,0.0,0.0,0.0,0.0,0.0,0.0,8.0,0.0,0.0,0.0,1.0,0.0,
2025,1,France,J. Gros,j|gros,49,9.0,36.0,0.0,0.0,0.0,0.0,0.0,0.0,0.0,0.0,0.0,0.0,20.0,0.0,3.0,0.0,2.0,0.0,
2025,1,France,J. Marchand,j|marchand,31,6.0,13.0,0.0,0.0,0.0,1.0,0.0,0.0,0.0,0.0,0.0,0.0,27.0,0.0,1.0,1.0,1.0,0.0,
2025,1,France,P. Mauvaka,p|mauvaka,49,11.0,23.0,0.0,0.0,0.0,0.0,0.0,0.0,0.0,0.0,0.0,0.0,15.0,0.0,0.0,0.0,2.0,0.0,
2025,1,Wales,J. Adams,j|adams,80,3.0,60.0,0.0,0.0,0.0,0.0,0.0,0.0,0.0,0.0,0.0,0.0,10.0,0.0,0.0,1.0,0.0,1.0,
2025,1,Wales,B. Murray,b|murray,19,0.0,20.0,0.0,0.0,0.0,0.0,0.0,0.0,0.0,0.0,0.0,0.0,2.0,0.0,0.0,0.0,0.0,0.0,
2025,1,Wales,T. Rogers,t|rogers,61,3.0,49.0,0.0,0.0,0.0,0.0,0.0,0.0,0.0,0.0,0.0,0.0,9.0,0.0,1.0,0.0,0.0,0.0,
2025,1,Wales,B. Thomas,b|thomas,80,7.0,104.0,0.0,0.0,0.0,0.0,0.0,0.0,0.0,0.0,0.0,0.0,21.0,0.0,2.0,0.0,0.0,0.0,
2025,1,Wales,N. Tompkins,n|tompkins,80,8.0,59.0,0.0,0.0,0.0,0.0,0.0,0.0,0.0,0.0,0.0,0.0,21.0,0.0,2.0,2.0,0.0,0.0,
2025,1,Wales,D. Edwards,d|edwards,54,7.0,39.0,0.0,0.0,0.0,0.0,0.0,0.0,0.0,0.0,0.0,0.0,9.0,0.0,0.0,0.0,0.0,1.0,
2025,1,Wales,T. Williams,t|williams,70,8.0,19.0,0.0,0.0,0.0,0.0,0.0,0.0,0.0,0.0,0.0,0.0,10.0,0.0,0.0,1.0,0.0,1.0,
2025,1,Wales,R. Williams,r|williams,10,1.0,6.0,0.0,0.0,0.0,0.0,0.0,0.0,0.0,0.0,0.0,0.0,1.0,0.0,0.0,0.0,0.0,0.0,
2025,1,Wales,J. Botham,j|botham,63,12.0,13.0,0.0,0.0,0.0,0.0,0.0,0.0,0.0,0.0,0.0,0.0,18.0,0.0,0.0,0.0,6.0,1.0,
2025,1,Wales,J. Morgan,j|morgan,80,21.0,121.0,0.0,0.0,0.0,0.0,0.0,0.0,0.0,0.0,0.0,0.0,49.0,0.0,3.0,1.0,8.0,0.0,
2025,1,Wales,T. Reffell,t|reffell,74,13.0,36.0,0.0,0.0,1.0,0.0,0.0,0.0,0.0,0.0,0.0,0.0,29.0,0.0,0.0,0.0,8.0,0.0,
2025,1,Wales,A. Wainwright,a|wainwright,3,0.0,0.0,0.0,0.0,0.0,0.0,0.0,0.0,0.0,0.0,0.0,0.0,0.0,0.0,0.0,0.0,0.0,0.0,
2025,1,Wales,D. Jenkins,d|jenkins,80,24.0,34.0,0.0,0.0,0.0,0.0,0.0,0.0,0.0,0.0,0.0,0.0,35.0,0.0,0.0,0.0,8.0,0.0,
2025,1,Wales,W. Rowlands,w|rowlands,80,17.0,43.0,0.0,0.0,0.0,0.0,0.0,0.0,0.0,0.0,0.0,0.0,31.0,0.0,1.0,0.0,8.0,0.0,
2025,1,Wales,F. Thomas,f|thomas,13,1.0,16.0,0.0,0.0,0.0,0.0,0.0,0.0,0.0,0.0,1.0,0.0,-2.0,0.0,0.0,0.0,2.0,1.0,
2025,1,Wales,K. Assiratti,k|assiratti,35,3.0,7.0,0.0,0.0,0.0,0.0,0.0,0.0,0.0,0.0,0.0,0.0,6.0,0.0,0.0,0.0,4.0,1.0,
2025,1,Wales,N. Smith,n|smith,35,3.0,28.0,0.0,0.0,0.0,0.0,0.0,0.0,0.0,0.0,0.0,0.0,11.0,0.0,1.0,0.0,4.0,0.0,
2025,1,Wales,H. Thomas,h|thomas,45,12.0,9.0,0.0,0.0,0.0,0.0,0.0,0.0,0.0,0.0,0.0,0.0,16.0,0.0,0.0,0.0,4.0,0.0,
2025,1,Wales,G. Thomas,g|thomas,45,16.0,8.0,0.0,0.0,0.0,0.0,0.0,0.0,0.0,0.0,0.0,0.0,18.0,0.0,0.0,0.0,4.0,2.0,
2025,1,Wales,E. Dee,e|dee,38,9.0,25.0,0.0,0.0,0.0,0.0,0.0,0.0,0.0,0.0,0.0,0.0,14.0,0.0,0.0,0.0,4.0,1.0,
2025,1,Wales,E. Lloyd,e|lloyd,36,7.0,20.0,0.0,0.0,0.0,0.0,0.0,0.0,0.0,0.0,1.0,0.0,8.0,0.0,1.0,0.0,4.0,2.0,
2025,1,Scotland,D. Graham,d|graham,72,3.0,122.0,0.0,0.0,0.0,0.0,1.0,0.0,0.0,0.0,0.0,0.0,41.0,0.0,11.0,0.0,0.0,0.0,
2025,1,Scotland,B. Kinghorn,b|kinghorn,80,2.0,159.0,0.0,0.0,0.0,0.0,0.0,0.0,0.0,0.0,0.0,0.0,28.0,0.0,4.0,2.0,0.0,1.0,
2025,1,Scotland,K. Rowe,k|rowe,8,0.0,0.0,0.0,0.0,0.0,0.0,0.0,0.0,0.0,0.0,0.0,0.0,0.0,0.0,0.0,0.0,0.0,0.0,
2025,1,Scotland,D. van der Merwe,d|vandermerwe,80,6.0,111.0,0.0,0.0,0.0,0.0,0.0,0.0,0.0,0.0,0.0,0.0,27.0,0.0,4.0,1.0,0.0,0.0,
2025,1,Scotland,H. Jones,h|jones,80,5.0,126.0,0.0,0.0,0.0,3.0,0.0,0.0,0.0,0.0,0.0,0.0,66.0,1.0,2.0,0.0,0.0,0.0,
2025,1,Scotland,S. McDowall,s|mcdowall,57,6.0,18.0,0.0,0.0,0.0,0.0,0.0,0.0,0.0,0.0,0.0,0.0,7.0,0.0,0.0,0.0,0.0,0.0,
2025,1,Scotland,T. Jordan,t|jordan,23,5.0,8.0,0.0,0.0,0.0,0.0,1.0,0.0,0.0,0.0,0.0,0.0,9.0,0.0,0.0,0.0,0.0,0.0,
2025,1,Scotland,F. Russell,f|russell,80,5.0,31.0,0.0,0.0,0.0,0.0,0.0,3.0,0.0,0.0,0.0,0.0,19.0,0.0,3.0,0.0,0.0,1.0,
2025,1,Scotland,G. Horne,g|horne,23,2.0,0.0,0.0,0.0,0.0,0.0,0.0,0.0,0.0,0.0,0.0,0.0,2.0,0.0,0.0,0.0,0.0,0.0,
2025,1,Scotland,B. White,b|white,57,3.0,9.0,0.0,0.0,0.0,1.0,1.0,0.0,0.0,0.0,0.0,0.0,17.0,0.0,0.0,0.0,0.0,0.0,
2025,1,Scotland,G. Brown,g|brown,23,10.0,6.0,0.0,0.0,0.0,0.0,0.0,0.0,0.0,0.0,0.0,0.0,14.0,0.0,0.0,0.0,4.0,0.0,
2025,1,Scotland,R. Darge,r|darge,80,12.0,53.0,0.0,0.0,1.0,1.0,0.0,0.0,0.0,0.0,0.0,0.0,52.0,0.0,2.0,3.0,5.0,0.0,
2025,1,Scotland,J. Dempsey,j|dempsey,29,6.0,26.0,0.0,0.0,1.0,0.0,0.0,0.0,0.0,0.0,0.0,0.0,17.0,0.0,0.0,0.0,4.0,0.0,
2025,1,Scotland,M. Fagerson,m|fagerson,80,10.0,56.0,0.0,0.0,0.0,0.0,0.0,0.0,0.0,0.0,0.0,0.0,20.0,0.0,0.0,1.0,5.0,2.0,
2025,1,Scotland,J. Ritchie,j|ritchie,51,7.0,18.0,0.0,0.0,0.0,0.0,0.0,0.0,0.0,0.0,0.0,0.0,11.0,0.0,1.0,0.0,1.0,0.0,
2025,1,Scotland,G. Gilchrist,g|gilchrist,80,10.0,31.0,0.0,0.0,0.0,0.0,0.0,0.0,0.0,0.0,0.0,0.0,22.0,0.0,1.0,1.0,5.0,0.0,
2025,1,Scotland,J. Gray,j|gray,57,5.0,29.0,0.0,0.0,0.0,0.0,0.0,0.0,0.0,0.0,0.0,0.0,17.0,0.0,1.0,4.0,1.0,1.0,
2025,1,Scotland,Z. Fagerson,z|fagerson,68,6.0,69.0,0.0,0.0,0.0,0.0,0.0,0.0,0.0,0.0,0.0,0.0,19.0,0.0,1.0,1.0,3.0,0.0,
2025,1,Scotland,W. Hurd,w|hurd,12,3.0,0.0,0.0,0.0,0.0,0.0,0.0,0.0,0.0,0.0,0.0,0.0,4.0,0.0,0.0,0.0,2.0,1.0,
2025,1,Scotland,P. Schoeman,p|schoeman,51,4.0,62.0,0.0,0.0,0.0,0.0,0.0,0.0,0.0,0.0,0.0,0.0,10.0,0.0,0.0,0.0,1.0,1.0,
2025,1,Scotland,R. Sutherland,r|sutherland,29,3.0,21.0,0.0,0.0,0.0,0.0,0.0,0.0,0.0,0.0,0.0,0.0,9.0,0.0,0.0,0.0,4.0,0.0,
2025,1,Scotland,E. Ashman,e|ashman,29,11.0,21.0,0.0,0.0,0.0,0.0,0.0,0.0,0.0,0.0,0.0,0.0,17.0,0.0,0.0,0.0,4.0,0.0,
2025,1,Scotland,D. Cherry,d|cherry,51,7.0,29.0,0.0,0.0,0.0,0.0,1.0,0.0,0.0,0.0,0.0,0.0,16.0,0.0,0.0,1.0,1.0,0.0,
2025,1,Italy,A. Capuozzo,a|capuozzo,80,7.0,33.0,0.0,0.0,0.0,0.0,0.0,0.0,0.0,0.0,0.0,0.0,14.0,0.0,2.0,0.0,0.0,0.0,
2025,1,Italy,S. Gesi,s|gesi,13,0.0,33.0,0.0,0.0,0.0,0.0,0.0,0.0,0.0,0.0,0.0,0.0,9.0,0.0,3.0,0.0,0.0,0.0,
2025,1,Italy,M. Ioane,m|ioane,67,5.0,37.0,0.0,0.0,0.0,0.0,0.0,0.0,0.0,0.0,0.0,0.0,12.0,0.0,2.0,0.0,0.0,0.0,
2025,1,Italy,J. Brex,j|brex,80,9.0,83.0,0.0,0.0,0.0,1.0,0.0,0.0,0.0,0.0,0.0,0.0,27.0,0.0,0.0,0.0,0.0,0.0,
2025,1,Italy,T. Menoncello,t|menoncello,80,15.0,100.0,0.0,0.0,1.0,0.0,0.0,0.0,0.0,0.0,0.0,0.0,39.0,0.0,3.0,2.0,0.0,1.0,
2025,1,Italy,T. Allan,t|allan,80,1.0,30.0,0.0,0.0,0.0,0.0,0.0,1.0,4.0,0.0,0.0,0.0,20.0,0.0,0.0,1.0,0.0,0.0,
2025,1,Italy,P. Garbisi,p|garbisi,80,8.0,47.0,0.0,0.0,1.0,0.0,0.0,0.0,0.0,0.0,0.0,0.0,17.0,0.0,0.0,0.0,0.0,0.0,
2025,1,Italy,A. Garbisi,a|garbisi,18,2.0,0.0,0.0,0.0,0.0,0.0,0.0,0.0,0.0,0.0,0.0,0.0,2.0,0.0,0.0,0.0,0.0,0.0,
2025,1,Italy,M. Page-Relo,m|pagerelo,62,3.0,7.0,0.0,0.0,0.0,0.0,0.0,0.0,0.0,0.0,0.0,0.0,3.0,0.0,0.0,0.0,0.0,0.0,
2025,1,Italy,L. Cannone,l|cannone,54,14.0,64.0,0.0,0.0,0.0,0.0,0.0,0.0,0.0,0.0,0.0,0.0,22.0,0.0,0.0,0.0,3.0,1.0,
2025,1,Italy,M. Lamaro,m|lamaro,62,20.0,5.0,0.0,0.0,0.0,0.0,0.0,0.0,0.0,0.0,0.0,0.0,23.0,0.0,0.0,0.0,3.0,0.0,
2025,1,Italy,S. Negri,s|negri,80,26.0,48.0,0.0,0.0,0.0,0.0,0.0,0.0,0.0,0.0,0.0,0.0,33.0,0.0,1.0,0.0,3.0,2.0,
2025,1,Italy,R. Vintcent,r|vintcent,26,3.0,27.0,0.0,0.0,0.0,0.0,0.0,0.0,0.0,0.0,0.0,0.0,5.0,0.0,0.0,0.0,0.0,0.0,
2025,1,Italy,M. Zuliani,m|zuliani,18,2.0,34.0,0.0,0.0,0.0,0.0,0.0,0.0,0.0,0.0,0.0,0.0,11.0,0.0,3.0,0.0,0.0,0.0,
2025,1,Italy,N. Cannone,n|cannone,37,9.0,11.0,0.0,0.0,0.0,0.0,0.0,0.0,0.0,0.0,0.0,0.0,10.0,0.0,0.0,0.0,0.0,0.0,
2025,1,Italy,D. Lamb,d|lamb,54,11.0,0.0,0.0,0.0,0.0,0.0,0.0,0.0,0.0,0.0,0.0,0.0,14.0,0.0,0.0,0.0,3.0,0.0,
2025,1,Italy,F. Ruzza,f|ruzza,68,11.0,17.0,0.0,0.0,0.0,0.0,0.0,0.0,0.0,0.0,0.0,0.0,15.0,0.0,0.0,0.0,3.0,0.0,
2025,1,Italy,S. Ferrari,s|ferrari,51,14.0,0.0,0.0,0.0,0.0,0.0,0.0,0.0,0.0,0.0,0.0,0.0,17.0,0.0,0.0,0.0,3.0,0.0,
2025,1,Italy,D. Fischetti,d|fischetti,67,16.0,14.0,0.0,0.0,1.0,0.0,0.0,0.0,0.0,0.0,0.0,0.0,26.0,0.0,0.0,1.0,3.0,1.0,
2025,1,Italy,M. Riccioni,m|riccioni,29,7.0,8.0,0.0,0.0,0.0,0.0,0.0,0.0,0.0,0.0,0.0,0.0,7.0,0.0,0.0,0.0,0.0,0.0,
2025,1,Italy,G. Lucchesi,g|lucchesi,29,8.0,26.0,0.0,0.0,0.0,0.0,0.0,0.0,0.0,0.0,0.0,0.0,13.0,0.0,2.0,0.0,0.0,1.0,
2025,1,Italy,G. Nicotera,g|nicotera,51,20.0,0.0,0.0,0.0,0.0,0.0,0.0,0.0,0.0,0.0,0.0,0.0,23.0,0.0,0.0,0.0,3.0,0.0,
2025,1,Ireland,M. Hansen,m|hansen,67,5.0,67.0,0.0,0.0,0.0,0.0,0.0,0.0,0.0,0.0,0.0,0.0,19.0,0.0,4.0,1.0,0.0,2.0,
2025,1,Ireland,H. Keenan,h|keenan,80,4.0,81.0,0.0,0.0,0.0,0.0,0.0,0.0,0.0,0.0,0.0,0.0,14.0,0.0,0.0,1.0,0.0,0.0,
2025,1,Ireland,J. Lowe,j|lowe,80,5.0,167.0,0.0,0.0,0.0,0.0,3.0,0.0,0.0,0.0,0.0,0.0,41.0,0.0,3.0,1.0,0.0,0.0,
2025,1,Ireland,B. Aki,b|aki,57,6.0,78.0,0.0,0.0,0.0,1.0,0.0,0.0,0.0,0.0,0.0,0.0,31.0,0.0,3.0,1.0,0.0,0.0,
2025,1,Ireland,R. Henshaw,r|henshaw,36,4.0,20.0,0.0,0.0,0.0,0.0,0.0,0.0,0.0,0.0,0.0,0.0,6.0,0.0,0.0,0.0,0.0,0.0,
2025,1,Ireland,G. Ringrose,g|ringrose,80,12.0,36.0,0.0,0.0,0.0,0.0,0.0,0.0,0.0,0.0,0.0,0.0,17.0,0.0,1.0,0.0,0.0,0.0,
2025,1,Ireland,J. Crowley,j|crowley,22,1.0,7.0,0.0,0.0,0.0,0.0,0.0,2.0,0.0,0.0,0.0,0.0,6.0,0.0,1.0,0.0,0.0,1.0,
2025,1,Ireland,S. Prendergast,s|prendergast,58,1.0,29.0,0.0,0.0,0.0,0.0,1.0,0.0,1.0,0.0,0.0,0.0,14.0,0.0,2.0,0.0,0.0,0.0,
2025,1,Ireland,J. Gibson-Park,j|gibsonpark,74,10.0,39.0,0.0,0.0,0.0,1.0,0.0,0.0,0.0,0.0,0.0,0.0,42.0,1.0,1.0,1.0,0.0,0.0,
2025,1,Ireland,C. Murray,c|murray,6,1.0,0.0,0.0,0.0,0.0,0.0,0.0,0.0,0.0,0.0,0.0,0.0,1.0,0.0,0.0,0.0,0.0,0.0,
2025,1,Ireland,R. Baird,r|baird,50,5.0,43.0,0.0,0.0,0.0,0.0,0.0,0.0,0.0,0.0,0.0,0.0,16.0,0.0,2.0,1.0,2.0,1.0,
2025,1,Ireland,J. Conan,j|conan,30,7.0,56.0,0.0,0.0,0.0,0.0,0.0,0.0,0.0,0.0,0.0,0.0,15.0,0.0,1.0,0.0,1.0,0.0,
2025,1,Ireland,C. Doris,c|doris,80,14.0,49.0,0.0,0.0,0.0,0.0,0.0,0.0,0.0,0.0,0.0,0.0,25.0,0.0,0.0,2.0,3.0,0.0,
2025,1,Ireland,J. van der Flier,j|vanderflier,80,18.0,24.0,0.0,0.0,0.0,0.0,0.0,0.0,0.0,0.0,0.0,0.0,24.0,0.0,1.0,0.0,3.0,1.0,
2025,1,Ireland,T. Beirne,t|beirne,80,12.0,25.0,0.0,0.0,1.0,1.0,0.0,0.0,0.0,0.0,0.0,0.0,35.0,0.0,0.0,0.0,3.0,2.0,
2025,1,Ireland,I. Henderson,i|henderson,19,5.0,0.0,0.0,0.0,0.0,0.0,0.0,0.0,0.0,0.0,0.0,0.0,5.0,0.0,0.0,0.0,0.0,0.0,
2025,1,Ireland,J. Ryan,j|ryan,61,8.0,8.0,0.0,0.0,0.0,0.0,0.0,0.0,0.0,0.0,0.0,0.0,10.0,0.0,0.0,0.0,3.0,1.0,
2025,1,Ireland,F. Bealham,f|bealham,58,7.0,7.0,0.0,0.0,0.0,0.0,0.0,0.0,0.0,0.0,0.0,0.0,9.0,0.0,0.0,0.0,2.0,0.0,
2025,1,Ireland,T. Clarkson,t|clarkson,22,1.0,6.0,0.0,0.0,0.0,0.0,0.0,0.0,0.0,0.0,0.0,0.0,2.0,0.0,0.0,0.0,1.0,0.0,
2025,1,Ireland,C. Healy,c|healy,7,2.0,5.0,0.0,0.0,0.0,0.0,0.0,0.0,0.0,0.0,0.0,0.0,2.0,0.0,0.0,0.0,0.0,0.0,
2025,1,Ireland,A. Porter,a|porter,73,14.0,34.0,0.0,0.0,0.0,0.0,0.0,0.0,0.0,0.0,0.0,0.0,24.0,0.0,1.0,1.0,3.0,0.0,
2025,1,Ireland,R. Kelleher,r|kelleher,50,7.0,49.0,0.0,0.0,0.0,0.0,0.0,0.0,0.0,0.0,0.0,0.0,23.0,0.0,5.0,0.0,2.0,0.0,
2025,1,Ireland,D. Sheehan,d|sheehan,30,4.0,30.0,0.0,0.0,0.0,1.0,0.0,0.0,0.0,0.0,0.0,0.0,25.0,0.0,1.0,0.0,1.0,0.0,
2025,1,England,T. Freeman,t|freeman,80,6.0,85.0,0.0,0.0,0.0,1.0,0.0,0.0,0.0,0.0,0.0,0.0,32.0,0.0,4.0,0.0,0.0,0.0,
2025,1,England,F. Steward,f|steward,65,1.0,78.0,0.0,0.0,0.0,0.0,0.0,0.0,0.0,0.0,0.0,0.0,10.0,0.0,1.0,0.0,0.0,0.0,
2025,1,England,O. Lawrence,o|lawrence,80,12.0,36.0,0.0,0.0,0.0,0.0,0.0,0.0,0.0,0.0,0.0,0.0,28.0,0.0,6.0,1.0,0.0,1.0,
2025,1,England,H. Slade,h|slade,80,6.0,30.0,0.0,0.0,0.0,0.0,1.0,0.0,0.0,0.0,0.0,0.0,12.0,0.0,0.0,0.0,0.0,1.0,
2025,1,England,F. Smith,f|smith,15,3.0,26.0,0.0,0.0,0.0,0.0,0.0,0.0,0.0,0.0,0.0,0.0,9.0,0.0,2.0,0.0,0.0,0.0,
2025,1,England,M. Smith,m|smith,69,10.0,88.0,0.0,0.0,0.0,0.0,0.0,2.0,1.0,0.0,1.0,0.0,29.0,0.0,4.0,1.0,0.0,1.0,
2025,1,England,A. Mitchell,a|mitchell,65,3.0,25.0,0.0,0.0,0.0,0.0,0.0,0.0,0.0,0.0,0.0,0.0,11.0,0.0,3.0,0.0,0.0,0.0,
2025,1,England,H. Randall,h|randall,15,0.0,4.0,0.0,0.0,0.0,0.0,0.0,0.0,0.0,0.0,0.0,0.0,0.0,0.0,0.0,0.0,0.0,0.0,
2025,1,England,C. Cunningham-South,c|cunninghamsouth,20,2.0,9.0,0.0,0.0,0.0,0.0,0.0,0.0,0.0,0.0,0.0,0.0,4.0,0.0,1.0,0.0,1.0,1.0,
2025,1,England,T. Curry,t|curry,80,13.0,32.0,0.0,0.0,3.0,1.0,0.0,0.0,0.0,0.0,0.0,0.0,50.0,0.0,1.0,0.0,2.0,0.0,
2025,1,England,B. Curry,b|curry,60,18.0,9.0,0.0,0.0,0.0,0.0,0.0,0.0,0.0,0.0,0.0,0.0,20.0,0.0,1.0,0.0,1.0,1.0,
2025,1,England,B. Earl,b|earl,55,7.0,58.0,0.0,0.0,1.0,0.0,0.0,0.0,0.0,0.0,0.0,0.0,26.0,0.0,4.0,0.0,1.0,0.0,
2025,1,England,T. Willis,t|willis,25,2.0,27.0,0.0,0.0,0.0,0.0,0.0,0.0,0.0,0.0,0.0,0.0,5.0,0.0,0.0,0.0,1.0,0.0,
2025,1,England,O. Chessum,o|chessum,20,4.0,12.0,0.0,0.0,0.0,0.0,0.0,0.0,0.0,0.0,0.0,0.0,6.0,0.0,0.0,0.0,1.0,0.0,
2025,1,England,M. Itoje,m|itoje,80,15.0,10.0,0.0,0.0,0.0,0.0,0.0,0.0,0.0,0.0,0.0,0.0,16.0,0.0,0.0,0.0,2.0,2.0,
2025,1,England,G. Martin,g|martin,60,14.0,14.0,0.0,0.0,0.0,0.0,0.0,0.0,0.0,0.0,0.0,0.0,15.0,0.0,0.0,0.0,1.0,1.0,
2025,1,England,F. Baxter,f|baxter,10,3.0,0.0,0.0,0.0,0.0,0.0,0.0,0.0,0.0,0.0,0.0,0.0,4.0,0.0,0.0,0.0,1.0,0.0,
2025,1,England,E. Genge,e|genge,70,9.0,43.0,0.0,0.0,0.0,0.0,0.0,0.0,0.0,0.0,0.0,0.0,14.0,0.0,1.0,0.0,1.0,2.0,
2025,1,England,J. Heyes,j|heyes,23,1.0,3.0,0.0,0.0,0.0,0.0,0.0,0.0,0.0,0.0,0.0,0.0,2.0,0.0,0.0,0.0,1.0,0.0,
2025,1,England,W. Stuart,w|stuart,57,7.0,14.0,0.0,0.0,0.0,0.0,0.0,0.0,0.0,0.0,0.0,0.0,9.0,0.0,0.0,0.0,1.0,0.0,
2025,1,England,L. Cowan-Dickie,l|cowandickie,55,8.0,17.0,0.0,0.0,1.0,0.0,0.0,0.0,0.0,0.0,0.0,0.0,14.0,0.0,0.0,0.0,1.0,1.0,
2025,1,England,T. Dan,t|dan,25,3.0,17.0,0.0,0.0,0.0,0.0,1.0,0.0,0.0,0.0,0.0,0.0,13.0,0.0,2.0,0.0,1.0,0.0,
2025,2,Italy,A. Capuozzo,a|capuozzo,80,5.0,0.0,0.0,0.0,0.0,1.0,0.0,0.0,0.0,0.0,0.0,0.0,14.0,0.0,0.0,0.0,0.0,1.0,
2025,2,Italy,M. Ioane,m|ioane,80,3.0,31.0,0.0,0.0,0.0,0.0,0.0,0.0,0.0,0.0,0.0,0.0,8.0,0.0,1.0,0.0,0.0,0.0,
2025,2,Italy,J. Trulla,j|trulla,16,3.0,0.0,0.0,0.0,0.0,0.0,0.0,0.0,0.0,0.0,0.0,0.0,3.0,0.0,0.0,0.0,0.0,0.0,
2025,2,Italy,J. Brex,j|brex,80,4.0,14.0,0.0,0.0,0.0,0.0,0.0,0.0,0.0,0.0,0.0,0.0,5.0,0.0,0.0,0.0,0.0,0.0,
2025,2,Italy,T. Menoncello,t|menoncello,80,8.0,10.0,0.0,0.0,0.0,0.0,0.0,0.0,0.0,0.0,0.0,0.0,8.0,0.0,0.0,0.0,0.0,1.0,
2025,2,Italy,T. Allan,t|allan,74,2.0,29.0,0.0,0.0,0.0,0.0,0.0,1.0,5.0,0.0,0.0,0.0,20.0,0.0,0.0,0.0,0.0,1.0,
2025,2,Italy,P. Garbisi,p|garbisi,70,8.0,34.0,0.0,0.0,0.0,0.0,1.0,0.0,0.0,0.0,0.0,0.0,19.0,0.0,2.0,0.0,0.0,0.0,
2025,2,Italy,A. Garbisi,a|garbisi,11,1.0,0.0,0.0,0.0,0.0,0.0,0.0,0.0,0.0,0.0,0.0,0.0,1.0,0.0,0.0,0.0,0.0,0.0,
2025,2,Italy,M. Page-Relo,m|pagerelo,69,1.0,29.0,1.0,0.0,0.0,0.0,0.0,0.0,0.0,0.0,0.0,0.0,14.0,0.0,2.0,0.0,0.0,0.0,
2025,2,Italy,L. Cannone,l|cannone,80,17.0,104.0,0.0,0.0,2.0,0.0,0.0,0.0,0.0,0.0,0.0,0.0,67.0,1.0,7.0,0.0,3.0,2.0,
2025,2,Italy,M. Lamaro,m|lamaro,66,9.0,7.0,0.0,0.0,1.0,0.0,0.0,0.0,0.0,0.0,0.0,0.0,17.0,0.0,0.0,0.0,3.0,0.0,
2025,2,Italy,S. Negri,s|negri,61,10.0,40.0,0.0,1.0,0.0,0.0,0.0,0.0,0.0,0.0,0.0,0.0,23.0,0.0,0.0,0.0,2.0,0.0,
2025,2,Italy,R. Vintcent,r|vintcent,19,6.0,2.0,0.0,0.0,0.0,0.0,0.0,0.0,0.0,0.0,0.0,0.0,7.0,0.0,0.0,0.0,1.0,0.0,
2025,2,Italy,M. Zuliani,m|zuliani,14,4.0,0.0,0.0,0.0,1.0,0.0,0.0,0.0,0.0,0.0,0.0,0.0,9.0,0.0,0.0,0.0,0.0,0.0,
2025,2,Italy,N. Cannone,n|cannone,80,11.0,15.0,0.0,0.0,0.0,0.0,0.0,0.0,0.0,0.0,0.0,0.0,15.0,0.0,0.0,0.0,3.0,0.0,
2025,2,Italy,D. Lamb,d|lamb,17,4.0,0.0,0.0,0.0,0.0,0.0,0.0,0.0,0.0,0.0,1.0,0.0,-2.0,0.0,0.0,0.0,1.0,2.0,
2025,2,Italy,F. Ruzza,f|ruzza,61,5.0,6.0,0.0,0.0,0.0,0.0,0.0,0.0,0.0,0.0,0.0,0.0,9.0,0.0,1.0,0.0,2.0,0.0,
2025,2,Italy,S. Ferrari,s|ferrari,52,7.0,4.0,0.0,0.0,0.0,0.0,0.0,0.0,0.0,0.0,0.0,0.0,9.0,0.0,0.0,0.0,2.0,0.0,
2025,2,Italy,D. Fischetti,d|fischetti,66,11.0,23.0,0.0,0.0,0.0,0.0,0.0,0.0,0.0,0.0,0.0,0.0,18.0,0.0,1.0,0.0,3.0,0.0,
2025,2,Italy,M. Riccioni,m|riccioni,25,6.0,0.0,0.0,0.0,0.0,0.0,0.0,0.0,0.0,0.0,1.0,0.0,0.0,0.0,0.0,0.0,1.0,2.0,
2025,2,Italy,L. Rizzoli,l|rizzoli,14,4.0,4.0,0.0,0.0,0.0,0.0,0.0,0.0,0.0,0.0,0.0,0.0,3.0,0.0,0.0,0.0,0.0,1.0,
2025,2,Italy,G. Lucchesi,g|lucchesi,28,4.0,8.0,0.0,0.0,0.0,0.0,0.0,0.0,0.0,0.0,0.0,0.0,7.0,0.0,1.0,0.0,1.0,0.0,
2025,2,Italy,G. Nicotera,g|nicotera,52,11.0,0.0,0.0,0.0,0.0,0.0,0.0,0.0,0.0,0.0,0.0,0.0,12.0,0.0,0.0,0.0,2.0,1.0,
2025,2,Wales,J. Adams,j|adams,70,0.0,24.0,0.0,0.0,0.0,0.0,0.0,0.0,0.0,0.0,1.0,0.0,2.0,0.0,3.0,0.0,0.0,1.0,
2025,2,Wales,J. Hathaway,j|hathaway,30,1.0,4.0,0.0,0.0,0.0,0.0,0.0,0.0,0.0,0.0,0.0,0.0,1.0,0.0,0.0,0.0,0.0,0.0,
2025,2,Wales,B. Murray,b|murray,80,1.0,50.0,0.0,0.0,0.0,0.0,0.0,0.0,0.0,0.0,0.0,0.0,20.0,0.0,6.0,1.0,0.0,0.0,
2025,2,Wales,T. Rogers,t|rogers,61,5.0,0.0,0.0,0.0,0.0,0.0,0.0,0.0,0.0,0.0,0.0,0.0,6.0,0.0,1.0,0.0,0.0,1.0,
2025,2,Wales,E. James,e|james,80,3.0,46.0,0.0,0.0,0.0,0.0,0.0,0.0,0.0,0.0,0.0,0.0,7.0,0.0,0.0,0.0,0.0,0.0,
2025,2,Wales,B. Thomas,b|thomas,48,1.0,7.0,0.0,0.0,0.0,0.0,0.0,0.0,1.0,0.0,0.0,0.0,5.0,0.0,1.0,0.0,0.0,1.0,
2025,2,Wales,N. Tompkins,n|tompkins,69,1.0,16.0,0.0,0.0,0.0,0.0,0.0,0.0,0.0,0.0,0.0,0.0,2.0,0.0,0.0,0.0,0.0,0.0,
2025,2,Wales,D. Edwards,d|edwards,32,0.0,29.0,0.0,0.0,0.0,0.0,0.0,0.0,0.0,0.0,0.0,0.0,8.0,0.0,3.0,0.0,0.0,0.0,
2025,2,Wales,T. Williams,t|williams,67,1.0,2.0,0.0,0.0,0.0,0.0,0.0,0.0,0.0,0.0,0.0,0.0,3.0,0.0,1.0,0.0,0.0,0.0,
2025,2,Wales,R. Williams,r|williams,13,0.0,3.0,0.0,0.0,0.0,0.0,0.0,0.0,0.0,0.0,0.0,0.0,0.0,0.0,0.0,0.0,0.0,0.0,
2025,2,Wales,J. Botham,j|botham,57,4.0,27.0,0.0,0.0,1.0,0.0,0.0,0.0,0.0,0.0,0.0,0.0,12.0,0.0,0.0,0.0,1.0,0.0,
2025,2,Wales,T. Faletau,t|faletau,80,16.0,73.0,0.0,0.0,0.0,0.0,0.0,0.0,0.0,0.0,0.0,0.0,25.0,0.0,1.0,1.0,1.0,3.0,
2025,2,Wales,J. Morgan,j|morgan,80,13.0,44.0,0.0,0.0,0.0,0.0,0.0,0.0,0.0,0.0,0.0,0.0,23.0,0.0,3.0,0.0,1.0,1.0,
2025,2,Wales,A. Wainwright,a|wainwright,23,3.0,40.0,0.0,0.0,0.0,1.0,0.0,0.0,0.0,0.0,0.0,0.0,22.0,0.0,0.0,0.0,0.0,0.0,
2025,2,Wales,W. Rowlands,w|rowlands,57,5.0,33.0,0.0,0.0,0.0,0.0,0.0,0.0,0.0,0.0,0.0,0.0,8.0,0.0,0.0,0.0,1.0,1.0,
2025,2,Wales,F. Thomas,f|thomas,80,9.0,16.0,0.0,1.0,0.0,0.0,0.0,0.0,0.0,0.0,0.0,0.0,16.0,0.0,0.0,0.0,1.0,2.0,
2025,2,Wales,T. Williams,t|williams,23,1.0,23.0,0.0,0.0,0.0,0.0,0.0,0.0,0.0,0.0,0.0,0.0,3.0,0.0,0.0,0.0,0.0,0.0,
2025,2,Wales,K. Assiratti,k|assiratti,35,4.0,9.0,0.0,0.0,0.0,0.0,0.0,0.0,0.0,0.0,0.0,0.0,3.0,0.0,0.0,0.0,0.0,1.0,
2025,2,Wales,N. Smith,n|smith,35,1.0,18.0,0.0,0.0,0.0,0.0,0.0,0.0,0.0,0.0,0.0,0.0,2.0,0.0,0.0,0.0,0.0,0.0,
2025,2,Wales,H. Thomas,h|thomas,45,3.0,15.0,0.0,0.0,0.0,0.0,0.0,0.0,0.0,0.0,0.0,0.0,3.0,0.0,0.0,0.0,1.0,2.0,
2025,2,Wales,G. Thomas,g|thomas,45,6.0,5.0,0.0,0.0,0.0,0.0,0.0,0.0,0.0,0.0,0.0,0.0,7.0,0.0,0.0,0.0,1.0,0.0,
2025,2,Wales,E. Dee,e|dee,35,6.0,24.0,0.0,0.0,0.0,0.0,0.0,0.0,0.0,0.0,0.0,0.0,8.0,0.0,0.0,0.0,0.0,0.0,
2025,2,Wales,E. Lloyd,e|lloyd,45,2.0,27.0,0.0,0.0,0.0,0.0,0.0,0.0,0.0,0.0,0.0,0.0,8.0,0.0,1.0,1.0,1.0,1.0,
2025,2,England,E. Daly,e|daly,4,0.0,33.0,0.0,0.0,0.0,1.0,0.0,0.0,0.0,0.0,0.0,0.0,17.0,0.0,2.0,0.0,0.0,0.0,
2025,2,England,T. Freeman,t|freeman,80,4.0,58.0,0.0,0.0,0.0,1.0,1.0,0.0,0.0,0.0,0.0,0.0,36.0,0.0,4.0,3.0,0.0,1.0,
2025,2,England,O. Sleightholme,o|sleightholme,80,3.0,50.0,0.0,0.0,0.0,0.0,0.0,0.0,0.0,0.0,0.0,0.0,18.0,0.0,5.0,0.0,0.0,0.0,
2025,2,England,O. Lawrence,o|lawrence,80,7.0,29.0,0.0,0.0,1.0,1.0,0.0,0.0,0.0,0.0,0.0,0.0,28.0,0.0,2.0,0.0,0.0,0.0,
2025,2,England,H. Slade,h|slade,76,3.0,36.0,0.0,0.0,0.0,0.0,0.0,0.0,0.0,0.0,0.0,0.0,6.0,0.0,0.0,0.0,0.0,0.0,
2025,2,England,M. Smith,m|smith,80,3.0,140.0,0.0,0.0,0.0,0.0,0.0,1.0,0.0,0.0,0.0,0.0,23.0,0.0,2.0,0.0,0.0,0.0,
2025,2,England,F. Smith,f|smith,80,9.0,15.0,0.0,0.0,0.0,0.0,2.0,2.0,0.0,0.0,0.0,0.0,39.0,1.0,1.0,0.0,0.0,0.0,
2025,2,England,A. Mitchell,a|mitchell,80,2.0,59.0,0.0,0.0,0.0,0.0,0.0,0.0,0.0,0.0,0.0,0.0,9.0,0.0,1.0,0.0,0.0,0.0,
2025,2,England,T. Curry,t|curry,80,11.0,42.0,0.0,0.0,1.0,0.0,0.0,0.0,0.0,0.0,0.0,0.0,34.0,0.0,3.0,1.0,6.0,0.0,
2025,2,England,B. Curry,b|curry,27,2.0,4.0,0.0,0.0,0.0,0.0,0.0,0.0,0.0,0.0,0.0,0.0,2.0,0.0,0.0,0.0,0.0,0.0,
2025,2,England,B. Earl,b|earl,80,6.0,85.0,0.0,0.0,1.0,0.0,0.0,0.0,0.0,0.0,0.0,0.0,33.0,0.0,4.0,0.0,6.0,0.0,
2025,2,England,T. Willis,t|willis,53,16.0,37.0,0.0,0.0,0.0,0.0,0.0,0.0,0.0,0.0,0.0,0.0,34.0,0.0,5.0,0.0,6.0,1.0,
2025,2,England,O. Chessum,o|chessum,19,2.0,18.0,0.0,0.0,0.0,0.0,0.0,0.0,0.0,0.0,0.0,0.0,5.0,0.0,1.0,0.0,0.0,0.0,
2025,2,England,M. Itoje,m|itoje,80,10.0,8.0,0.0,0.0,1.0,0.0,0.0,0.0,0.0,0.0,0.0,0.0,21.0,0.0,0.0,0.0,6.0,0.0,
2025,2,England,G. Martin,g|martin,61,12.0,15.0,0.0,0.0,0.0,0.0,0.0,0.0,0.0,0.0,0.0,0.0,19.0,0.0,0.0,0.0,6.0,0.0,
2025,2,England,F. Baxter,f|baxter,28,5.0,22.0,0.0,0.0,0.0,1.0,0.0,0.0,0.0,0.0,0.0,0.0,21.0,0.0,0.0,0.0,0.0,1.0,
2025,2,England,E. Genge,e|genge,52,11.0,11.0,0.0,0.0,0.0,0.0,0.0,0.0,0.0,0.0,0.0,0.0,18.0,0.0,0.0,1.0,6.0,2.0,
2025,2,England,J. Heyes,j|heyes,22,4.0,0.0,0.0,0.0,0.0,0.0,0.0,0.0,0.0,0.0,0.0,0.0,4.0,0.0,0.0,0.0,0.0,0.0,
2025,2,England,W. Stuart,w|stuart,58,5.0,0.0,0.0,0.0,0.0,0.0,0.0,0.0,0.0,0.0,0.0,0.0,11.0,0.0,0.0,0.0,6.0,0.0,
2025,2,England,L. Cowan-Dickie,l|cowandickie,61,8.0,12.0,0.0,0.0,0.0,0.0,0.0,0.0,0.0,0.0,0.0,0.0,15.0,0.0,0.0,0.0,6.0,0.0,
2025,2,England,J. George,j|george,19,0.0,18.0,0.0,0.0,0.0,0.0,0.0,0.0,0.0,0.0,0.0,0.0,3.0,0.0,1.0,0.0,0.0,0.0,
2025,2,France,L. Bielle-Biarrey,l|biellebiarrey,80,9.0,110.0,0.0,0.0,0.0,2.0,1.0,0.0,0.0,0.0,0.0,0.0,56.0,0.0,4.0,2.0,0.0,0.0,
2025,2,France,D. Penaud,d|penaud,80,2.0,106.0,0.0,0.0,0.0,1.0,1.0,0.0,0.0,0.0,0.0,0.0,37.0,0.0,6.0,0.0,0.0,1.0,
2025,2,France,T. Ramos,t|ramos,80,0.0,162.0,0.0,0.0,0.0,0.0,0.0,2.0,2.0,0.0,0.0,0.0,34.0,0.0,3.0,2.0,0.0,2.0,
2025,2,France,P. Barassi,p|barassi,80,6.0,55.0,0.0,0.0,0.0,0.0,0.0,0.0,0.0,0.0,0.0,0.0,13.0,0.0,0.0,1.0,0.0,0.0,
2025,2,France,Y. Moefana,y|moefana,80,7.0,46.0,0.0,0.0,0.0,0.0,1.0,0.0,0.0,0.0,0.0,0.0,17.0,0.0,1.0,0.0,0.0,0.0,
2025,2,France,M. Jalibert,m|jalibert,66,5.0,98.0,0.0,0.0,0.0,0.0,0.0,0.0,0.0,0.0,0.0,0.0,24.0,0.0,3.0,2.0,0.0,0.0,
2025,2,France,A. Dupont,a|dupont,80,6.0,49.0,0.0,0.0,0.0,0.0,0.0,0.0,0.0,0.0,0.0,0.0,13.0,0.0,2.0,0.0,0.0,1.0,
2025,2,France,N. Le Garrec,n|legarrec,14,1.0,1.0,0.0,0.0,0.0,0.0,0.0,0.0,0.0,0.0,0.0,0.0,1.0,0.0,0.0,0.0,0.0,0.0,
2025,2,France,G. Alldritt,g|alldritt,80,8.0,106.0,0.0,0.0,0.0,0.0,0.0,0.0,0.0,0.0,0.0,0.0,27.0,0.0,1.0,1.0,5.0,0.0,
2025,2,France,P. Boudehent,p|boudehent,50,4.0,25.0,0.0,0.0,0.0,0.0,0.0,0.0,0.0,0.0,0.0,0.0,9.0,0.0,0.0,0.0,4.0,1.0,
2025,2,France,F. Cros,f|cros,80,13.0,18.0,0.0,0.0,0.0,0.0,0.0,0.0,0.0,0.0,0.0,0.0,19.0,0.0,0.0,0.0,5.0,0.0,
2025,2,France,O. Jegou,o|jegou,30,3.0,22.0,0.0,0.0,0.0,0.0,0.0,0.0,0.0,0.0,0.0,0.0,8.0,0.0,1.0,0.0,1.0,0.0,
2025,2,France,H. Auradou,h|auradou,30,5.0,4.0,0.0,0.0,0.0,0.0,0.0,0.0,0.0,0.0,0.0,0.0,5.0,0.0,0.0,0.0,1.0,1.0,
2025,2,France,M. Guillard,m|guillard,14,3.0,0.0,0.0,0.0,0.0,0.0,0.0,0.0,0.0,0.0,0.0,0.0,3.0,0.0,0.0,0.0,0.0,0.0,
2025,2,France,E. Meafou,e|meafou,66,8.0,41.0,0.0,0.0,0.0,0.0,0.0,0.0,0.0,0.0,0.0,0.0,17.0,0.0,0.0,0.0,5.0,0.0,
2025,2,France,A. Roumat,a|roumat,50,2.0,21.0,0.0,1.0,0.0,0.0,0.0,0.0,0.0,0.0,0.0,0.0,17.0,0.0,1.0,0.0,4.0,0.0,
2025,2,France,U. Atonio,u|atonio,56,2.0,15.0,0.0,0.0,0.0,0.0,0.0,0.0,0.0,0.0,0.0,0.0,8.0,0.0,0.0,1.0,4.0,1.0,
2025,2,France,C. Baille,c|baille,24,6.0,6.0,0.0,0.0,0.0,0.0,0.0,0.0,0.0,0.0,0.0,0.0,7.0,0.0,0.0,0.0,1.0,0.0,
2025,2,France,G. Colombe,g|colombe,24,5.0,3.0,0.0,0.0,0.0,0.0,0.0,0.0,0.0,0.0,0.0,0.0,7.0,0.0,1.0,0.0,1.0,1.0,
2025,2,France,J. Gros,j|gros,56,6.0,24.0,0.0,0.0,0.0,0.0,0.0,0.0,0.0,0.0,0.0,0.0,14.0,0.0,1.0,0.0,4.0,0.0,
2025,2,France,J. Marchand,j|marchand,24,3.0,5.0,0.0,0.0,0.0,0.0,0.0,0.0,0.0,0.0,0.0,0.0,4.0,0.0,0.0,0.0,1.0,0.0,
2025,2,France,P. Mauvaka,p|mauvaka,56,4.0,25.0,0.0,0.0,1.0,0.0,0.0,0.0,0.0,0.0,0.0,0.0,17.0,0.0,1.0,0.0,4.0,0.0,
2025,2,Scotland,D. Graham,d|graham,21,4.0,15.0,0.0,0.0,0.0,0.0,0.0,0.0,0.0,0.0,0.0,0.0,5.0,0.0,0.0,0.0,0.0,0.0,
2025,2,Scotland,B. Kinghorn,b|kinghorn,80,1.0,159.0,0.0,0.0,0.0,0.0,0.0,1.0,2.0,0.0,0.0,0.0,38.0,0.0,4.0,3.0,0.0,0.0,
2025,2,Scotland,D. van der Merwe,d|vandermerwe,70,6.0,65.0,0.0,0.0,0.0,1.0,0.0,0.0,0.0,0.0,1.0,0.0,26.0,0.0,5.0,0.0,0.0,1.0,
2025,2,Scotland,H. Jones,h|jones,80,3.0,59.0,0.0,0.0,2.0,0.0,0.0,0.0,0.0,0.0,0.0,0.0,24.0,0.0,3.0,0.0,0.0,0.0,
2025,2,Scotland,S. McDowall,s|mcdowall,59,8.0,29.0,0.0,0.0,0.0,0.0,1.0,0.0,0.0,0.0,0.0,0.0,18.0,0.0,1.0,1.0,0.0,0.0,
2025,2,Scotland,T. Jordan,t|jordan,80,6.0,34.0,0.0,0.0,0.0,0.0,0.0,0.0,0.0,0.0,0.0,0.0,11.0,0.0,0.0,1.0,0.0,0.0,
2025,2,Scotland,F. Russell,f|russell,21,1.0,2.0,0.0,0.0,0.0,0.0,0.0,0.0,0.0,0.0,0.0,0.0,1.0,0.0,0.0,0.0,0.0,0.0,
2025,2,Scotland,J. Dobie,j|dobie,59,4.0,15.0,0.0,0.0,1.0,0.0,0.0,0.0,0.0,0.0,0.0,0.0,14.0,0.0,2.0,0.0,0.0,0.0,
2025,2,Scotland,B. White,b|white,80,7.0,12.0,0.0,0.0,0.0,1.0,0.0,0.0,0.0,0.0,0.0,0.0,23.0,0.0,2.0,1.0,0.0,1.0,
2025,2,Scotland,G. Brown,g|brown,33,2.0,9.0,0.0,0.0,0.0,0.0,0.0,0.0,0.0,0.0,0.0,0.0,4.0,0.0,0.0,0.0,3.0,1.0,
2025,2,Scotland,R. Darge,r|darge,80,15.0,13.0,0.0,0.0,0.0,0.0,0.0,0.0,0.0,0.0,0.0,0.0,24.0,0.0,0.0,2.0,5.0,1.0,
2025,2,Scotland,J. Dempsey,j|dempsey,60,9.0,47.0,0.0,0.0,0.0,0.0,0.0,0.0,0.0,0.0,0.0,0.0,20.0,0.0,2.0,0.0,3.0,0.0,
2025,2,Scotland,M. Fagerson,m|fagerson,80,6.0,32.0,0.0,0.0,0.0,0.0,0.0,0.0,0.0,0.0,0.0,0.0,17.0,0.0,3.0,0.0,5.0,3.0,
2025,2,Scotland,J. Ritchie,j|ritchie,20,3.0,16.0,0.0,0.0,1.0,0.0,0.0,0.0,0.0,0.0,0.0,0.0,11.0,0.0,0.0,0.0,2.0,0.0,
2025,2,Scotland,G. Gilchrist,g|gilchrist,68,3.0,14.0,0.0,0.0,0.0,0.0,0.0,0.0,0.0,0.0,0.0,0.0,9.0,0.0,0.0,0.0,5.0,0.0,
2025,2,Scotland,J. Gray,j|gray,47,3.0,15.0,0.0,1.0,0.0,0.0,0.0,0.0,0.0,0.0,0.0,0.0,15.0,0.0,0.0,1.0,2.0,0.0,
2025,2,Scotland,S. Skinner,s|skinner,12,2.0,0.0,0.0,0.0,0.0,0.0,0.0,0.0,0.0,0.0,0.0,0.0,2.0,0.0,0.0,0.0,0.0,0.0,
2025,2,Scotland,Z. Fagerson,z|fagerson,68,6.0,43.0,0.0,0.0,0.0,0.0,0.0,0.0,0.0,0.0,0.0,0.0,15.0,0.0,0.0,0.0,5.0,0.0,
2025,2,Scotland,W. Hurd,w|hurd,12,0.0,2.0,0.0,0.0,0.0,0.0,0.0,0.0,0.0,0.0,0.0,0.0,-1.0,0.0,0.0,0.0,0.0,1.0,
2025,2,Scotland,P. Schoeman,p|schoeman,33,0.0,32.0,0.0,0.0,0.0,0.0,0.0,0.0,0.0,0.0,0.0,0.0,9.0,0.0,2.0,0.0,3.0,1.0,
2025,2,Scotland,R. Sutherland,r|sutherland,47,4.0,25.0,0.0,0.0,0.0,0.0,0.0,0.0,0.0,0.0,0.0,0.0,8.0,0.0,0.0,0.0,2.0,0.0,
2025,2,Scotland,E. Ashman,e|ashman,33,2.0,19.0,0.0,0.0,0.0,0.0,0.0,0.0,0.0,0.0,0.0,0.0,8.0,0.0,1.0,0.0,3.0,0.0,
2025,2,Scotland,D. Cherry,d|cherry,47,4.0,4.0,0.0,0.0,2.0,0.0,0.0,0.0,0.0,0.0,0.0,0.0,16.0,0.0,0.0,0.0,2.0,0.0,
2025,2,Ireland,H. Keenan,h|keenan,80,2.0,25.0,0.0,0.0,0.0,0.0,1.0,0.0,0.0,0.0,0.0,0.0,10.0,0.0,1.0,0.0,0.0,0.0,
2025,2,Ireland,J. Lowe,j|lowe,80,3.0,63.0,0.0,0.0,0.0,1.0,0.0,0.0,0.0,0.0,0.0,0.0,25.0,0.0,2.0,1.0,0.0,0.0,
2025,2,Ireland,C. Nash,c|nash,65,4.0,20.0,0.0,0.0,0.0,1.0,0.0,0.0,0.0,0.0,0.0,0.0,15.0,0.0,0.0,0.0,0.0,1.0,
2025,2,Ireland,B. Aki,b|aki,57,7.0,18.0,0.0,0.0,0.0,0.0,0.0,0.0,0.0,0.0,0.0,0.0,6.0,0.0,0.0,0.0,0.0,2.0,
2025,2,Ireland,R. Henshaw,r|henshaw,80,13.0,71.0,0.0,0.0,0.0,0.0,1.0,0.0,0.0,0.0,0.0,0.0,28.0,0.0,2.0,0.0,0.0,0.0,
2025,2,Ireland,G. Ringrose,g|ringrose,23,2.0,0.0,0.0,0.0,0.0,0.0,0.0,0.0,0.0,0.0,0.0,0.0,2.0,0.0,0.0,0.0,0.0,0.0,
2025,2,Ireland,J. Crowley,j|crowley,15,0.0,9.0,0.0,0.0,0.0,0.0,0.0,0.0,0.0,0.0,0.0,0.0,0.0,0.0,0.0,0.0,0.0,0.0,
2025,2,Ireland,S. Prendergast,s|prendergast,80,9.0,22.0,0.0,0.0,0.0,0.0,1.0,3.0,2.0,0.0,0.0,0.0,46.0,1.0,2.0,0.0,0.0,0.0,
2025,2,Ireland,J. Gibson-Park,j|gibsonpark,69,5.0,7.0,0.0,0.0,0.0,0.0,1.0,0.0,0.0,0.0,0.0,0.0,9.0,0.0,0.0,0.0,0.0,0.0,
2025,2,Ireland,C. Murray,c|murray,11,1.0,0.0,0.0,0.0,0.0,0.0,0.0,0.0,0.0,0.0,0.0,0.0,3.0,0.0,1.0,0.0,0.0,0.0,
2025,2,Ireland,R. Baird,r|baird,19,4.0,14.0,0.0,0.0,0.0,0.0,0.0,0.0,0.0,0.0,0.0,0.0,9.0,0.0,1.0,0.0,2.0,0.0,
2025,2,Ireland,J. Conan,j|conan,33,6.0,9.0,0.0,0.0,1.0,1.0,0.0,0.0,0.0,0.0,0.0,0.0,30.0,0.0,0.0,0.0,4.0,0.0,
2025,2,Ireland,C. Doris,c|doris,80,17.0,80.0,0.0,0.0,1.0,1.0,0.0,0.0,0.0,0.0,0.0,0.0,53.0,0.0,1.0,0.0,7.0,1.0,
2025,2,Ireland,P. O'Mahony,p|omahony,52,7.0,37.0,0.0,0.0,1.0,0.0,0.0,0.0,0.0,0.0,0.0,0.0,18.0,0.0,0.0,0.0,3.0,0.0,
2025,2,Ireland,J. van der Flier,j|vanderflier,80,19.0,30.0,0.0,0.0,0.0,0.0,0.0,0.0,0.0,0.0,0.0,0.0,34.0,0.0,3.0,0.0,7.0,1.0,
2025,2,Ireland,T. Beirne,t|beirne,71,12.0,15.0,0.0,0.0,1.0,0.0,0.0,0.0,0.0,0.0,0.0,0.0,25.0,0.0,1.0,0.0,7.0,2.0,
2025,2,Ireland,J. Ryan,j|ryan,65,11.0,7.0,0.0,1.0,0.0,0.0,0.0,0.0,0.0,0.0,0.0,0.0,21.0,0.0,0.0,0.0,5.0,2.0,
2025,2,Ireland,F. Bealham,f|bealham,60,13.0,0.0,0.0,0.0,1.0,0.0,0.0,0.0,0.0,0.0,0.0,0.0,22.0,0.0,0.0,0.0,4.0,0.0,
2025,2,Ireland,T. Clarkson,t|clarkson,20,3.0,0.0,0.0,0.0,0.0,0.0,0.0,0.0,0.0,0.0,0.0,0.0,6.0,0.0,0.0,0.0,3.0,0.0,
2025,2,Ireland,C. Healy,c|healy,11,2.0,6.0,0.0,0.0,0.0,0.0,0.0,0.0,0.0,0.0,0.0,0.0,6.0,0.0,0.0,1.0,2.0,0.0,
2025,2,Ireland,A. Porter,a|porter,69,12.0,15.0,0.0,0.0,0.0,0.0,0.0,0.0,0.0,0.0,0.0,0.0,18.0,0.0,0.0,0.0,5.0,0.0,
2025,2,Ireland,R. Kelleher,r|kelleher,41,5.0,0.0,0.0,0.0,0.0,0.0,0.0,0.0,0.0,0.0,0.0,0.0,8.0,0.0,0.0,0.0,3.0,0.0,
2025,2,Ireland,D. Sheehan,d|sheehan,40,7.0,2.0,0.0,0.0,0.0,0.0,0.0,0.0,0.0,0.0,0.0,0.0,10.0,0.0,0.0,0.0,4.0,1.0,
2025,3,Wales,E. Mee,e|mee,80,1.0,109.0,0.0,0.0,0.0,0.0,0.0,0.0,0.0,0.0,0.0,0.0,24.0,0.0,6.0,1.0,0.0,1.0,
2025,3,Wales,B. Murray,b|murray,80,5.0,103.0,0.0,0.0,0.0,0.0,1.0,0.0,0.0,0.0,0.0,0.0,45.0,0.0,11.0,2.0,0.0,0.0,
2025,3,Wales,T. Rogers,t|rogers,63,4.0,39.0,0.0,0.0,0.0,1.0,0.0,0.0,0.0,0.0,0.0,0.0,21.0,0.0,0.0,2.0,0.0,0.0,
2025,3,Wales,M. Llewellyn,m|llewellyn,80,9.0,60.0,0.0,0.0,0.0,0.0,0.0,0.0,0.0,0.0,0.0,0.0,21.0,0.0,3.0,0.0,0.0,0.0,
2025,3,Wales,J. Roberts,j|roberts,17,5.0,0.0,0.0,0.0,0.0,0.0,0.0,0.0,0.0,0.0,0.0,0.0,5.0,0.0,0.0,0.0,0.0,0.0,
2025,3,Wales,B. Thomas,b|thomas,80,9.0,65.0,0.0,0.0,0.0,0.0,0.0,0.0,0.0,0.0,0.0,0.0,19.0,0.0,1.0,1.0,0.0,0.0,
2025,3,Wales,G. Anscombe,g|anscombe,52,4.0,26.0,0.0,0.0,0.0,0.0,0.0,1.0,2.0,0.0,0.0,0.0,16.0,0.0,1.0,0.0,0.0,0.0,
2025,3,Wales,J. Evans,j|evans,28,2.0,24.0,0.0,0.0,0.0,0.0,0.0,0.0,0.0,0.0,0.0,0.0,15.0,0.0,5.0,1.0,0.0,1.0,
2025,3,Wales,T. Williams,t|williams,80,3.0,13.0,0.0,0.0,0.0,0.0,0.0,0.0,0.0,0.0,0.0,0.0,7.0,0.0,1.0,1.0,0.0,1.0,
2025,3,Wales,T. Faletau,t|faletau,80,8.0,78.0,0.0,0.0,0.0,0.0,0.0,0.0,0.0,0.0,0.0,0.0,21.0,0.0,2.0,1.0,1.0,1.0,
2025,3,Wales,J. Morgan,j|morgan,80,14.0,49.0,0.0,0.0,0.0,1.0,0.0,0.0,0.0,0.0,0.0,0.0,37.0,0.0,1.0,1.0,1.0,1.0,
2025,3,Wales,T. Reffell,t|reffell,56,17.0,16.0,0.0,0.0,0.0,0.0,0.0,0.0,0.0,0.0,0.0,0.0,19.0,0.0,0.0,0.0,1.0,0.0,
2025,3,Wales,A. Wainwright,a|wainwright,24,2.0,23.0,0.0,0.0,0.0,0.0,0.0,0.0,0.0,0.0,0.0,0.0,3.0,0.0,0.0,0.0,0.0,1.0,
2025,3,Wales,D. Jenkins,d|jenkins,80,11.0,27.0,0.0,0.0,0.0,0.0,0.0,0.0,0.0,0.0,0.0,0.0,13.0,0.0,0.0,0.0,1.0,1.0,
2025,3,Wales,W. Rowlands,w|rowlands,72,6.0,34.0,0.0,1.0,0.0,0.0,0.0,0.0,0.0,0.0,0.0,0.0,21.0,0.0,2.0,0.0,1.0,0.0,
2025,3,Wales,T. Williams,t|williams,8,1.0,17.0,0.0,0.0,0.0,0.0,0.0,0.0,0.0,0.0,0.0,0.0,4.0,0.0,0.0,1.0,0.0,0.0,
2025,3,Wales,W. John,w|john,52,10.0,23.0,0.0,0.0,0.0,0.0,0.0,0.0,0.0,0.0,0.0,0.0,14.0,0.0,0.0,1.0,1.0,1.0,
2025,3,Wales,N. Smith,n|smith,49,6.0,17.0,0.0,0.0,0.0,0.0,0.0,0.0,0.0,0.0,0.0,0.0,8.0,0.0,0.0,0.0,1.0,0.0,
2025,3,Wales,H. Thomas,h|thomas,28,5.0,5.0,0.0,0.0,0.0,0.0,0.0,0.0,0.0,0.0,0.0,0.0,5.0,0.0,0.0,0.0,0.0,0.0,
2025,3,Wales,G. Thomas,g|thomas,31,4.0,10.0,0.0,0.0,0.0,0.0,0.0,0.0,0.0,0.0,0.0,0.0,3.0,0.0,0.0,0.0,0.0,2.0,
2025,3,Wales,E. Dee,e|dee,74,6.0,17.0,0.0,0.0,0.0,0.0,0.0,0.0,0.0,0.0,0.0,0.0,8.0,0.0,0.0,1.0,1.0,2.0,
2025,3,Wales,E. Lloyd,e|lloyd,6,1.0,6.0,0.0,0.0,0.0,0.0,0.0,0.0,0.0,0.0,0.0,0.0,1.0,0.0,0.0,0.0,0.0,0.0,
2025,3,Ireland,M. Hansen,m|hansen,73,8.0,28.0,0.0,0.0,0.0,0.0,0.0,0.0,0.0,0.0,0.0,0.0,10.0,0.0,0.0,0.0,0.0,0.0,
2025,3,Ireland,J. Lowe,j|lowe,80,3.0,68.0,0.0,0.0,0.0,0.0,1.0,0.0,0.0,0.0,0.0,0.0,19.0,0.0,1.0,2.0,0.0,0.0,
2025,3,Ireland,B. Aki,b|aki,29,4.0,11.0,0.0,0.0,1.0,0.0,0.0,0.0,0.0,0.0,0.0,0.0,11.0,0.0,1.0,0.0,0.0,1.0,
2025,3,Ireland,R. Henshaw,r|henshaw,80,13.0,46.0,0.0,0.0,0.0,0.0,0.0,0.0,0.0,0.0,0.0,0.0,18.0,0.0,0.0,1.0,0.0,1.0,
2025,3,Ireland,J. Osborne,j|osborne,80,6.0,74.0,0.0,0.0,0.0,1.0,0.0,0.0,0.0,0.0,0.0,0.0,29.0,0.0,2.0,1.0,0.0,0.0,
2025,3,Ireland,G. Ringrose,g|ringrose,35,6.0,5.0,1.0,0.0,0.0,0.0,0.0,0.0,0.0,0.0,0.0,1.0,4.0,0.0,0.0,0.0,0.0,1.0,
2025,3,Ireland,J. Crowley,j|crowley,7,1.0,0.0,0.0,0.0,0.0,0.0,0.0,0.0,0.0,0.0,0.0,0.0,1.0,0.0,0.0,0.0,0.0,0.0,
2025,3,Ireland,S. Prendergast,s|prendergast,80,8.0,14.0,1.0,0.0,0.0,0.0,0.0,1.0,5.0,0.0,0.0,0.0,37.0,0.0,1.0,1.0,0.0,0.0,
2025,3,Ireland,J. Gibson-Park,j|gibsonpark,78,7.0,9.0,0.0,0.0,1.0,0.0,1.0,0.0,0.0,0.0,0.0,0.0,33.0,1.0,1.0,0.0,0.0,0.0,
2025,3,Ireland,C. Murray,c|murray,2,0.0,0.0,0.0,0.0,0.0,0.0,0.0,0.0,0.0,0.0,0.0,0.0,0.0,0.0,0.0,0.0,0.0,0.0,
2025,3,Ireland,R. Baird,r|baird,36,4.0,11.0,0.0,0.0,0.0,0.0,0.0,0.0,0.0,0.0,0.0,0.0,7.0,0.0,1.0,0.0,1.0,1.0,
2025,3,Ireland,J. Conan,j|conan,44,10.0,59.0,0.0,0.0,1.0,1.0,0.0,0.0,0.0,0.0,0.0,0.0,38.0,0.0,0.0,1.0,1.0,0.0,
2025,3,Ireland,P. O'Mahony,p|omahony,80,19.0,34.0,0.0,0.0,0.0,0.0,0.0,0.0,0.0,0.0,0.0,0.0,26.0,0.0,1.0,0.0,2.0,0.0,
2025,3,Ireland,J. van der Flier,j|vanderflier,80,12.0,25.0,0.0,0.0,0.0,0.0,0.0,0.0,0.0,0.0,0.0,0.0,15.0,0.0,0.0,0.0,2.0,1.0,
2025,3,Ireland,T. Beirne,t|beirne,80,15.0,7.0,0.0,0.0,0.0,0.0,0.0,0.0,0.0,0.0,0.0,0.0,16.0,0.0,0.0,0.0,2.0,1.0,
2025,3,Ireland,J. McCarthy,j|mccarthy,55,8.0,27.0,0.0,0.0,0.0,0.0,0.0,0.0,0.0,0.0,0.0,0.0,19.0,0.0,3.0,1.0,2.0,1.0,
2025,3,Ireland,J. Ryan,j|ryan,25,2.0,0.0,0.0,0.0,0.0,0.0,0.0,0.0,0.0,0.0,0.0,0.0,2.0,0.0,0.0,0.0,0.0,0.0,
2025,3,Ireland,F. Bealham,f|bealham,31,4.0,9.0,0.0,0.0,0.0,0.0,0.0,0.0,0.0,0.0,0.0,0.0,5.0,0.0,0.0,0.0,1.0,0.0,
2025,3,Ireland,J. Boyle,j|boyle,10,4.0,0.0,0.0,0.0,0.0,0.0,0.0,0.0,0.0,0.0,0.0,0.0,4.0,0.0,0.0,0.0,0.0,0.0,
2025,3,Ireland,T. Clarkson,t|clarkson,49,6.0,12.0,0.0,0.0,0.0,0.0,0.0,0.0,0.0,0.0,0.0,0.0,8.0,0.0,1.0,0.0,1.0,2.0,
2025,3,Ireland,A. Porter,a|porter,70,13.0,19.0,0.0,0.0,0.0,0.0,0.0,0.0,0.0,0.0,0.0,0.0,16.0,0.0,0.0,1.0,2.0,2.0,
2025,3,Ireland,G. McCarthy,g|mccarthy,6,4.0,4.0,0.0,0.0,0.0,0.0,0.0,0.0,0.0,0.0,0.0,0.0,4.0,0.0,0.0,0.0,0.0,0.0,
2025,3,Ireland,D. Sheehan,d|sheehan,74,11.0,34.0,0.0,0.0,0.0,0.0,0.0,0.0,0.0,0.0,0.0,0.0,18.0,0.0,1.0,0.0,2.0,0.0,
2025,3,England,E. Daly,e|daly,35,3.0,48.0,0.0,0.0,0.0,0.0,0.0,0.0,0.0,0.0,0.0,0.0,13.0,0.0,2.0,1.0,0.0,0.0,
2025,3,England,T. Freeman,t|freeman,80,11.0,17.0,0.0,0.0,0.0,1.0,0.0,0.0,0.0,0.0,0.0,0.0,22.0,0.0,0.0,0.0,0.0,0.0,
2025,3,England,O. Sleightholme,o|sleightholme,45,5.0,0.0,0.0,0.0,0.0,0.0,0.0,0.0,0.0,0.0,0.0,0.0,5.0,0.0,0.0,0.0,0.0,0.0,
2025,3,England,O. Lawrence,o|lawrence,80,9.0,28.0,0.0,0.0,0.0,0.0,0.0,0.0,0.0,0.0,0.0,0.0,17.0,0.0,1.0,2.0,0.0,0.0,
2025,3,England,H. Slade,h|slade,80,12.0,41.0,0.0,0.0,0.0,0.0,0.0,0.0,0.0,0.0,0.0,0.0,16.0,0.0,0.0,0.0,0.0,0.0,
2025,3,England,F. Smith,f|smith,80,16.0,31.0,0.0,0.0,0.0,0.0,0.0,0.0,1.0,0.0,0.0,0.0,26.0,0.0,2.0,0.0,0.0,0.0,
2025,3,England,M. Smith,m|smith,80,3.0,81.0,0.0,0.0,0.0,0.0,0.0,1.0,2.0,0.0,0.0,0.0,20.0,0.0,1.0,0.0,0.0,1.0,
2025,3,England,A. Mitchell,a|mitchell,61,5.0,16.0,0.0,0.0,0.0,0.0,1.0,0.0,0.0,0.0,0.0,0.0,9.0,0.0,0.0,0.0,0.0,1.0,
2025,3,England,H. Randall,h|randall,19,4.0,2.0,0.0,0.0,0.0,0.0,0.0,0.0,0.0,0.0,0.0,0.0,4.0,0.0,0.0,0.0,0.0,0.0,
2025,3,England,C. Cunningham-South,c|cunninghamsouth,33,9.0,17.0,0.0,0.0,0.0,0.0,0.0,0.0,0.0,0.0,0.0,0.0,11.0,0.0,1.0,0.0,0.0,1.0,
2025,3,England,T. Curry,t|curry,47,6.0,5.0,0.0,0.0,1.0,0.0,0.0,0.0,0.0,0.0,0.0,0.0,13.0,0.0,0.0,0.0,2.0,0.0,
2025,3,England,B. Curry,b|curry,44,13.0,1.0,0.0,0.0,1.0,0.0,0.0,0.0,0.0,0.0,0.0,0.0,19.0,0.0,0.0,0.0,1.0,0.0,
2025,3,England,B. Earl,b|earl,80,17.0,64.0,0.0,0.0,1.0,0.0,0.0,0.0,0.0,0.0,0.0,0.0,34.0,0.0,3.0,0.0,2.0,2.0,
2025,3,England,T. Willis,t|willis,36,8.0,27.0,0.0,0.0,0.0,0.0,0.0,0.0,0.0,0.0,0.0,0.0,10.0,0.0,0.0,0.0,1.0,1.0,
2025,3,England,O. Chessum,o|chessum,80,13.0,17.0,0.0,0.0,0.0,0.0,0.0,0.0,0.0,0.0,0.0,0.0,14.0,0.0,0.0,0.0,2.0,2.0,
2025,3,England,T. Hill,t|hill,1,4.0,0.0,0.0,0.0,0.0,0.0,0.0,0.0,0.0,0.0,0.0,0.0,4.0,0.0,0.0,0.0,0.0,0.0,
2025,3,England,M. Itoje,m|itoje,80,13.0,5.0,0.0,0.0,1.0,0.0,0.0,0.0,0.0,0.0,0.0,0.0,19.0,0.0,0.0,0.0,2.0,1.0,
2025,3,England,F. Baxter,f|baxter,22,5.0,4.0,0.0,0.0,0.0,0.0,0.0,0.0,0.0,0.0,0.0,0.0,5.0,0.0,0.0,0.0,0.0,0.0,
2025,3,England,E. Genge,e|genge,58,9.0,25.0,0.0,0.0,0.0,0.0,0.0,0.0,0.0,0.0,0.0,0.0,13.0,0.0,0.0,0.0,2.0,0.0,
2025,3,England,J. Heyes,j|heyes,9,8.0,0.0,0.0,0.0,0.0,0.0,0.0,0.0,0.0,0.0,0.0,0.0,7.0,0.0,0.0,0.0,0.0,1.0,
2025,3,England,W. Stuart,w|stuart,71,10.0,16.0,0.0,0.0,0.0,0.0,0.0,0.0,0.0,0.0,0.0,0.0,13.0,0.0,0.0,0.0,2.0,0.0,
2025,3,England,L. Cowan-Dickie,l|cowandickie,45,10.0,6.0,0.0,0.0,0.0,0.0,0.0,0.0,0.0,0.0,0.0,0.0,12.0,0.0,0.0,0.0,2.0,0.0,
2025,3,England,J. George,j|george,35,13.0,8.0,0.0,0.0,1.0,0.0,0.0,0.0,0.0,0.0,0.0,0.0,18.0,0.0,0.0,0.0,0.0,0.0,
2025,3,Scotland,B. Kinghorn,b|kinghorn,80,3.0,181.0,0.0,0.0,0.0,0.0,1.0,0.0,0.0,0.0,0.0,0.0,44.0,0.0,7.0,3.0,0.0,1.0,
2025,3,Scotland,K. Rowe,k|rowe,80,2.0,62.0,0.0,0.0,0.0,0.0,0.0,0.0,0.0,0.0,0.0,0.0,21.0,0.0,6.0,1.0,0.0,1.0,
2025,3,Scotland,D. van der Merwe,d|vandermerwe,80,3.0,140.0,0.0,0.0,0.0,1.0,1.0,0.0,0.0,0.0,0.0,0.0,62.0,1.0,5.0,3.0,0.0,0.0,
2025,3,Scotland,H. Jones,h|jones,64,4.0,74.0,0.0,0.0,0.0,1.0,0.0,0.0,0.0,0.0,0.0,0.0,22.0,0.0,0.0,1.0,0.0,1.0,
2025,3,Scotland,S. McDowall,s|mcdowall,16,1.0,58.0,0.0,0.0,0.0,0.0,0.0,0.0,0.0,0.0,0.0,0.0,16.0,0.0,4.0,1.0,0.0,0.0,
2025,3,Scotland,T. Jordan,t|jordan,80,5.0,93.0,0.0,0.0,0.0,0.0,1.0,0.0,0.0,0.0,0.0,0.0,27.0,0.0,5.0,0.0,0.0,1.0,
2025,3,Scotland,F. Russell,f|russell,80,2.0,42.0,0.0,0.0,0.0,0.0,0.0,0.0,0.0,0.0,0.0,0.0,10.0,0.0,2.0,0.0,0.0,0.0,
2025,3,Scotland,J. Dobie,j|dobie,16,1.0,4.0,0.0,0.0,0.0,0.0,0.0,0.0,0.0,0.0,0.0,0.0,3.0,0.0,1.0,0.0,0.0,0.0,
2025,3,Scotland,B. White,b|white,64,7.0,22.0,0.0,0.0,0.0,1.0,0.0,0.0,0.0,0.0,0.0,0.0,19.0,0.0,0.0,0.0,0.0,0.0,
2025,3,Scotland,G. Brown,g|brown,9,2.0,12.0,0.0,0.0,0.0,0.0,0.0,0.0,0.0,0.0,0.0,0.0,5.0,0.0,1.0,0.0,0.0,0.0,
2025,3,Scotland,R. Darge,r|darge,80,11.0,16.0,0.0,0.0,0.0,0.0,0.0,0.0,0.0,0.0,0.0,0.0,12.0,0.0,0.0,0.0,1.0,1.0,
2025,3,Scotland,J. Dempsey,j|dempsey,54,3.0,52.0,0.0,0.0,0.0,0.0,0.0,0.0,0.0,0.0,0.0,0.0,10.0,0.0,1.0,0.0,1.0,1.0,
2025,3,Scotland,M. Fagerson,m|fagerson,26,4.0,34.0,0.0,0.0,0.0,0.0,0.0,0.0,0.0,0.0,0.0,0.0,13.0,0.0,3.0,0.0,0.0,0.0,
2025,3,Scotland,J. Ritchie,j|ritchie,80,9.0,20.0,0.0,0.0,3.0,0.0,0.0,0.0,0.0,0.0,0.0,0.0,26.0,0.0,0.0,0.0,1.0,1.0,
2025,3,Scotland,G. Gilchrist,g|gilchrist,71,9.0,8.0,0.0,0.0,0.0,0.0,0.0,0.0,0.0,0.0,0.0,0.0,9.0,0.0,0.0,0.0,1.0,1.0,
2025,3,Scotland,J. Gray,j|gray,61,7.0,10.0,0.0,0.0,0.0,0.0,0.0,0.0,0.0,0.0,0.0,0.0,11.0,0.0,0.0,1.0,1.0,0.0,
2025,3,Scotland,S. Skinner,s|skinner,19,0.0,0.0,0.0,0.0,0.0,0.0,0.0,0.0,0.0,0.0,0.0,0.0,0.0,0.0,0.0,0.0,0.0,0.0,
2025,3,Scotland,J. Bhatti,j|bhatti,9,1.0,5.0,0.0,0.0,0.0,0.0,0.0,0.0,0.0,0.0,0.0,0.0,1.0,0.0,0.0,0.0,0.0,0.0,
2025,3,Scotland,Z. Fagerson,z|fagerson,77,7.0,32.0,0.0,0.0,0.0,0.0,0.0,0.0,0.0,0.0,0.0,0.0,10.0,0.0,0.0,0.0,1.0,1.0,
2025,3,Scotland,W. Hurd,w|hurd,3,0.0,7.0,0.0,0.0,0.0,0.0,0.0,0.0,0.0,0.0,0.0,0.0,0.0,0.0,0.0,0.0,0.0,0.0,
2025,3,Scotland,P. Schoeman,p|schoeman,71,3.0,21.0,0.0,0.0,0.0,0.0,0.0,0.0,0.0,0.0,0.0,0.0,5.0,0.0,0.0,0.0,1.0,1.0,
2025,3,Scotland,E. Ashman,e|ashman,26,2.0,17.0,0.0,0.0,0.0,0.0,0.0,0.0,0.0,0.0,0.0,0.0,1.0,0.0,0.0,0.0,0.0,2.0,
2025,3,Scotland,D. Cherry,d|cherry,54,5.0,17.0,0.0,0.0,0.0,0.0,0.0,0.0,0.0,0.0,0.0,0.0,6.0,0.0,0.0,0.0,1.0,1.0,
2025,3,Italy,A. Capuozzo,a|capuozzo,80,7.0,58.0,0.0,0.0,0.0,0.0,0.0,0.0,0.0,0.0,0.0,0.0,22.0,0.0,4.0,1.0,0.0,0.0,
2025,3,Italy,S. Gesi,s|gesi,80,5.0,51.0,0.0,0.0,0.0,0.0,0.0,0.0,0.0,0.0,0.0,0.0,12.0,0.0,1.0,0.0,0.0,0.0,
2025,3,Italy,J. Trulla,j|trulla,26,1.0,27.0,0.0,0.0,0.0,0.0,0.0,0.0,0.0,0.0,0.0,0.0,7.0,0.0,2.0,0.0,0.0,0.0,
2025,3,Italy,J. Brex,j|brex,80,10.0,36.0,0.0,0.0,0.0,1.0,1.0,0.0,0.0,0.0,0.0,0.0,26.0,0.0,0.0,0.0,0.0,1.0,
2025,3,Italy,T. Menoncello,t|menoncello,80,15.0,68.0,0.0,0.0,0.0,1.0,0.0,0.0,0.0,0.0,0.0,0.0,38.0,0.0,4.0,0.0,0.0,1.0,
2025,3,Italy,T. Allan,t|allan,54,0.0,20.0,0.0,0.0,0.0,0.0,0.0,2.0,1.0,0.0,0.0,0.0,9.0,0.0,0.0,0.0,0.0,0.0,
2025,3,Italy,P. Garbisi,p|garbisi,80,9.0,44.0,0.0,0.0,0.0,1.0,0.0,1.0,0.0,0.0,0.0,0.0,31.0,0.0,2.0,1.0,0.0,0.0,
2025,3,Italy,A. Garbisi,a|garbisi,22,3.0,9.0,0.0,0.0,0.0,0.0,1.0,0.0,0.0,0.0,0.0,0.0,9.0,0.0,1.0,0.0,0.0,0.0,
2025,3,Italy,M. Page-Relo,m|pagerelo,58,4.0,15.0,0.0,0.0,0.0,0.0,0.0,0.0,0.0,0.0,0.0,0.0,9.0,0.0,0.0,2.0,0.0,0.0,
2025,3,Italy,L. Cannone,l|cannone,54,8.0,37.0,0.0,0.0,0.0,0.0,0.0,0.0,0.0,0.0,0.0,0.0,11.0,0.0,0.0,0.0,1.0,1.0,
2025,3,Italy,M. Lamaro,m|lamaro,62,14.0,23.0,0.0,0.0,0.0,0.0,0.0,0.0,0.0,0.0,0.0,0.0,19.0,0.0,0.0,0.0,3.0,0.0,
2025,3,Italy,S. Negri,s|negri,67,14.0,39.0,0.0,0.0,0.0,0.0,0.0,0.0,0.0,0.0,0.0,0.0,17.0,0.0,0.0,0.0,1.0,1.0,
2025,3,Italy,R. Vintcent,r|vintcent,26,6.0,18.0,0.0,0.0,0.0,0.0,0.0,0.0,0.0,0.0,0.0,0.0,9.0,0.0,0.0,0.0,2.0,0.0,
2025,3,Italy,M. Zuliani,m|zuliani,32,5.0,7.0,0.0,0.0,1.0,0.0,0.0,0.0,0.0,0.0,0.0,0.0,13.0,0.0,1.0,0.0,2.0,1.0,
2025,3,Italy,N. Cannone,n|cannone,73,13.0,12.0,0.0,0.0,0.0,0.0,0.0,0.0,0.0,0.0,0.0,0.0,16.0,0.0,0.0,0.0,3.0,1.0,
2025,3,Italy,R. Favretto,r|favretto,7,0.0,0.0,0.0,0.0,0.0,0.0,0.0,0.0,0.0,0.0,0.0,0.0,0.0,0.0,0.0,0.0,0.0,0.0,
2025,3,Italy,F. Ruzza,f|ruzza,80,9.0,29.0,0.0,0.0,0.0,0.0,1.0,0.0,0.0,0.0,0.0,0.0,19.0,0.0,1.0,0.0,3.0,1.0,
2025,3,Italy,S. Ferrari,s|ferrari,46,7.0,12.0,0.0,0.0,0.0,0.0,0.0,0.0,0.0,0.0,0.0,0.0,9.0,0.0,0.0,0.0,1.0,0.0,
2025,3,Italy,D. Fischetti,d|fischetti,17,6.0,4.0,0.0,0.0,0.0,0.0,0.0,0.0,0.0,0.0,0.0,0.0,7.0,0.0,0.0,0.0,1.0,0.0,
2025,3,Italy,M. Spagnolo,m|spagnolo,63,9.0,8.0,0.0,0.0,0.0,0.0,0.0,0.0,0.0,0.0,0.0,0.0,10.0,0.0,0.0,0.0,2.0,1.0,
2025,3,Italy,G. Zilocchi,g|zilocchi,34,5.0,0.0,0.0,0.0,0.0,0.0,0.0,0.0,0.0,0.0,0.0,0.0,7.0,0.0,0.0,0.0,2.0,0.0,
2025,3,Italy,G. Lucchesi,g|lucchesi,46,11.0,19.0,0.0,0.0,0.0,0.0,0.0,0.0,0.0,0.0,0.0,0.0,17.0,0.0,2.0,0.0,1.0,0.0,
2025,3,Italy,G. Nicotera,g|nicotera,34,3.0,10.0,0.0,0.0,0.0,0.0,0.0,0.0,0.0,0.0,0.0,0.0,6.0,0.0,0.0,0.0,2.0,0.0,
2025,3,France,T. Attissogbe,t|attissogbe,80,10.0,88.0,0.0,0.0,0.0,1.0,1.0,0.0,0.0,0.0,0.0,0.0,42.0,0.0,3.0,2.0,0.0,0.0,
2025,3,France,L. Barre,l|barre,80,2.0,164.0,0.0,0.0,0.0,2.0,0.0,0.0,0.0,0.0,0.0,0.0,56.0,0.0,6.0,3.0,0.0,0.0,
2025,3,France,L. Bielle-Biarrey,l|biellebiarrey,80,3.0,84.0,0.0,0.0,0.0,1.0,3.0,0.0,0.0,0.0,0.0,0.0,37.0,0.0,2.0,0.0,0.0,0.0,
2025,3,France,T. Ramos,t|ramos,68,4.0,67.0,0.0,0.0,0.0,0.0,0.0,8.0,0.0,0.0,0.0,0.0,36.0,0.0,2.0,3.0,0.0,0.0,
2025,3,France,P. Barassi,p|barassi,80,3.0,81.0,0.0,0.0,0.0,1.0,0.0,0.0,0.0,0.0,0.0,0.0,23.0,0.0,1.0,0.0,0.0,0.0,
2025,3,France,Y. Moefana,y|moefana,80,8.0,115.0,0.0,0.0,0.0,0.0,1.0,0.0,0.0,0.0,0.0,0.0,39.0,0.0,4.0,4.0,0.0,0.0,
2025,3,France,A. Dupont,a|dupont,80,4.0,110.0,0.0,0.0,0.0,2.0,3.0,0.0,0.0,0.0,0.0,0.0,90.0,1.0,6.0,8.0,0.0,0.0,
2025,3,France,M. Lucu,m|lucu,12,0.0,23.0,0.0,0.0,0.0,0.0,0.0,1.0,0.0,0.0,0.0,0.0,10.0,0.0,3.0,0.0,0.0,0.0,
2025,3,France,G. Alldritt,g|alldritt,48,7.0,62.0,0.0,0.0,2.0,1.0,0.0,0.0,0.0,0.0,0.0,0.0,47.0,0.0,4.0,1.0,0.0,1.0,
2025,3,France,P. Boudehent,p|boudehent,48,5.0,21.0,0.0,0.0,0.0,1.0,0.0,0.0,0.0,0.0,0.0,0.0,23.0,0.0,1.0,0.0,0.0,1.0,
2025,3,France,F. Cros,f|cros,80,9.0,21.0,0.0,0.0,0.0,0.0,0.0,0.0,0.0,0.0,0.0,0.0,15.0,0.0,0.0,0.0,4.0,0.0,
2025,3,France,O. Jegou,o|jegou,32,4.0,25.0,0.0,0.0,0.0,0.0,0.0,0.0,0.0,0.0,0.0,0.0,12.0,0.0,0.0,1.0,4.0,0.0,
2025,3,France,A. Jelonch,a|jelonch,32,2.0,6.0,0.0,0.0,0.0,0.0,1.0,0.0,0.0,0.0,0.0,0.0,11.0,0.0,0.0,1.0,4.0,1.0,
2025,3,France,T. Flament,t|flament,66,5.0,25.0,0.0,0.0,0.0,0.0,0.0,0.0,0.0,0.0,0.0,0.0,9.0,0.0,0.0,0.0,3.0,1.0,
2025,3,France,M. Guillard,m|guillard,48,3.0,47.0,0.0,0.0,1.0,1.0,0.0,0.0,0.0,0.0,0.0,0.0,31.0,0.0,1.0,1.0,0.0,0.0,
2025,3,France,A. Roumat,a|roumat,14,1.0,6.0,0.0,0.0,0.0,0.0,0.0,0.0,0.0,0.0,0.0,0.0,2.0,0.0,0.0,0.0,1.0,0.0,
2025,3,France,R. Taofifenua,r|taofifenua,32,1.0,23.0,0.0,0.0,0.0,0.0,0.0,0.0,0.0,0.0,0.0,0.0,12.0,0.0,0.0,3.0,4.0,1.0,
2025,3,France,D. Aldegheri,d|aldegheri,32,1.0,3.0,0.0,0.0,0.0,0.0,0.0,0.0,0.0,0.0,0.0,0.0,5.0,0.0,0.0,0.0,4.0,0.0,
2025,3,France,U. Atonio,u|atonio,48,2.0,15.0,0.0,0.0,0.0,0.0,0.0,0.0,0.0,0.0,0.0,0.0,3.0,0.0,0.0,0.0,0.0,0.0,
2025,3,France,C. Baille,c|baille,32,4.0,4.0,0.0,0.0,0.0,0.0,0.0,0.0,0.0,0.0,0.0,0.0,7.0,0.0,0.0,0.0,4.0,1.0,
2025,3,France,J. Gros,j|gros,48,3.0,11.0,0.0,0.0,0.0,0.0,0.0,0.0,0.0,0.0,0.0,0.0,4.0,0.0,0.0,0.0,0.0,0.0,
2025,3,France,J. Marchand,j|marchand,32,2.0,9.0,0.0,0.0,1.0,0.0,0.0,0.0,0.0,0.0,0.0,0.0,13.0,0.0,1.0,0.0,4.0,0.0,
2025,3,France,P. Mauvaka,p|mauvaka,48,5.0,26.0,0.0,0.0,0.0,1.0,0.0,0.0,0.0,0.0,0.0,0.0,22.0,0.0,0.0,0.0,0.0,0.0,
2025,4,Ireland,H. Keenan,h|keenan,80,5.0,133.0,1.0,0.0,0.0,0.0,0.0,0.0,0.0,0.0,0.0,0.0,37.0,0.0,5.0,1.0,0.0,0.0,
2025,4,Ireland,C. Nash,c|nash,69,1.0,64.0,0.0,0.0,0.0,0.0,0.0,0.0,0.0,0.0,1.0,0.0,9.0,0.0,2.0,2.0,0.0,1.0,
2025,4,Ireland,B. Aki,b|aki,55,9.0,29.0,0.0,0.0,0.0,0.0,0.0,0.0,0.0,0.0,0.0,0.0,13.0,0.0,1.0,0.0,0.0,0.0,
2025,4,Ireland,R. Henshaw,r|henshaw,80,7.0,37.0,0.0,0.0,1.0,0.0,0.0,0.0,0.0,0.0,0.0,0.0,17.0,0.0,1.0,0.0,0.0,0.0,
2025,4,Ireland,J. Osborne,j|osborne,80,6.0,73.0,0.0,0.0,0.0,0.0,0.0,0.0,0.0,0.0,0.0,0.0,21.0,0.0,4.0,0.0,0.0,0.0,
2025,4,Ireland,J. Crowley,j|crowley,25,2.0,21.0,0.0,0.0,0.0,0.0,1.0,0.0,0.0,0.0,0.0,0.0,8.0,0.0,0.0,0.0,0.0,0.0,
2025,4,Ireland,S. Prendergast,s|prendergast,80,5.0,67.0,0.0,0.0,0.0,0.0,0.0,3.0,2.0,0.0,0.0,0.0,29.0,0.0,1.0,2.0,0.0,0.0,
2025,4,Ireland,J. Gibson-Park,j|gibsonpark,69,5.0,3.0,0.0,0.0,0.0,0.0,0.0,0.0,0.0,0.0,0.0,0.0,7.0,0.0,0.0,1.0,0.0,0.0,
2025,4,Ireland,C. Murray,c|murray,11,0.0,8.0,0.0,0.0,0.0,0.0,1.0,0.0,0.0,0.0,0.0,0.0,4.0,0.0,0.0,0.0,0.0,0.0,
2025,4,Ireland,R. Baird,r|baird,31,4.0,0.0,0.0,0.0,0.0,0.0,0.0,0.0,0.0,0.0,0.0,0.0,4.0,0.0,0.0,0.0,0.0,0.0,
2025,4,Ireland,J. Conan,j|conan,31,2.0,64.0,0.0,0.0,0.0,1.0,0.0,0.0,0.0,0.0,0.0,0.0,27.0,0.0,1.0,1.0,0.0,0.0,
2025,4,Ireland,C. Doris,c|doris,69,6.0,98.0,0.0,0.0,2.0,0.0,0.0,0.0,0.0,0.0,0.0,0.0,30.0,0.0,1.0,1.0,2.0,1.0,
2025,4,Ireland,P. O'Mahony,p|omahony,49,3.0,23.0,0.0,0.0,0.0,0.0,0.0,0.0,0.0,0.0,0.0,0.0,7.0,0.0,0.0,0.0,2.0,0.0,
2025,4,Ireland,J. van der Flier,j|vanderflier,60,9.0,45.0,0.0,0.0,0.0,0.0,0.0,0.0,0.0,0.0,0.0,0.0,15.0,0.0,0.0,0.0,2.0,0.0,
2025,4,Ireland,T. Beirne,t|beirne,80,9.0,19.0,0.0,0.0,0.0,0.0,0.0,0.0,0.0,0.0,0.0,0.0,13.0,0.0,1.0,0.0,2.0,1.0,
2025,4,Ireland,J. McCarthy,j|mccarthy,47,6.0,34.0,0.0,0.0,0.0,0.0,0.0,0.0,0.0,0.0,1.0,0.0,7.0,0.0,1.0,0.0,2.0,1.0,
2025,4,Ireland,J. Ryan,j|ryan,23,2.0,14.0,0.0,0.0,1.0,0.0,0.0,0.0,0.0,0.0,0.0,0.0,8.0,0.0,0.0,0.0,0.0,0.0,
2025,4,Ireland,F. Bealham,f|bealham,59,7.0,32.0,0.0,0.0,0.0,0.0,0.0,0.0,0.0,0.0,0.0,0.0,14.0,0.0,1.0,0.0,2.0,0.0,
2025,4,Ireland,T. Clarkson,t|clarkson,21,0.0,8.0,0.0,0.0,0.0,0.0,0.0,0.0,0.0,0.0,0.0,0.0,-1.0,0.0,0.0,0.0,0.0,1.0,
2025,4,Ireland,C. Healy,c|healy,11,0.0,20.0,0.0,0.0,0.0,1.0,0.0,0.0,0.0,0.0,0.0,0.0,21.0,0.0,2.0,0.0,0.0,0.0,
2025,4,Ireland,A. Porter,a|porter,69,8.0,22.0,0.0,0.0,0.0,0.0,0.0,0.0,0.0,0.0,0.0,0.0,11.0,0.0,0.0,0.0,2.0,1.0,
2025,4,Ireland,R. Herring,r|herring,11,0.0,4.0,0.0,0.0,0.0,0.0,0.0,0.0,0.0,0.0,0.0,0.0,0.0,0.0,0.0,0.0,0.0,0.0,
2025,4,Ireland,D. Sheehan,d|sheehan,69,4.0,56.0,0.0,0.0,0.0,1.0,0.0,0.0,0.0,0.0,0.0,0.0,30.0,0.0,2.0,0.0,2.0,0.0,
2025,4,France,L. Bielle-Biarrey,l|biellebiarrey,80,8.0,49.0,0.0,0.0,0.0,2.0,0.0,0.0,0.0,0.0,0.0,0.0,47.0,1.0,0.0,0.0,0.0,0.0,
2025,4,France,D. Penaud,d|penaud,80,6.0,137.0,0.0,0.0,0.0,1.0,0.0,0.0,0.0,0.0,0.0,0.0,37.0,0.0,3.0,1.0,0.0,0.0,
2025,4,France,T. Ramos,t|ramos,80,3.0,95.0,0.0,0.0,0.0,0.0,1.0,4.0,3.0,0.0,0.0,0.0,36.0,0.0,1.0,1.0,0.0,1.0,
2025,4,France,P. Barassi,p|barassi,47,5.0,41.0,0.0,0.0,0.0,0.0,0.0,0.0,0.0,0.0,0.0,0.0,17.0,0.0,3.0,1.0,0.0,0.0,
2025,4,France,Y. Moefana,y|moefana,80,10.0,57.0,0.0,0.0,0.0,0.0,0.0,0.0,0.0,0.0,0.0,0.0,19.0,0.0,2.0,0.0,0.0,0.0,
2025,4,France,R. Ntamack,r|ntamack,80,9.0,19.0,0.0,0.0,0.0,0.0,0.0,0.0,0.0,0.0,0.0,0.0,10.0,0.0,0.0,0.0,0.0,0.0,
2025,4,France,A. Dupont,a|dupont,28,2.0,62.0,0.0,0.0,0.0,0.0,1.0,0.0,0.0,0.0,0.0,0.0,14.0,0.0,1.0,1.0,0.0,2.0,
2025,4,France,M. Lucu,m|lucu,52,10.0,16.0,0.0,0.0,0.0,0.0,1.0,0.0,0.0,0.0,0.0,0.0,17.0,0.0,0.0,1.0,0.0,0.0,
2025,4,France,G. Alldritt,g|alldritt,49,11.0,28.0,0.0,0.0,0.0,0.0,0.0,0.0,0.0,0.0,0.0,0.0,14.0,0.0,0.0,0.0,1.0,0.0,
2025,4,France,P. Boudehent,p|boudehent,80,11.0,62.0,0.0,0.0,0.0,1.0,0.0,0.0,0.0,0.0,0.0,0.0,33.0,0.0,0.0,0.0,3.0,2.0,
2025,4,France,F. Cros,f|cros,74,17.0,0.0,0.0,0.0,1.0,0.0,0.0,0.0,0.0,0.0,1.0,0.0,18.0,0.0,0.0,0.0,3.0,2.0,
2025,4,France,O. Jegou,o|jegou,33,11.0,7.0,0.0,0.0,0.0,1.0,0.0,0.0,0.0,0.0,0.0,0.0,26.0,0.0,0.0,0.0,0.0,0.0,
2025,4,France,A. Jelonch,a|jelonch,31,4.0,13.0,0.0,0.0,0.0,0.0,0.0,0.0,0.0,0.0,0.0,0.0,9.0,0.0,1.0,0.0,2.0,0.0,
2025,4,France,H. Auradou,h|auradou,5,1.0,0.0,0.0,0.0,1.0,0.0,0.0,0.0,0.0,0.0,0.0,0.0,5.0,0.0,0.0,0.0,0.0,1.0,
2025,4,France,T. Flament,t|flament,75,12.0,18.0,0.0,0.0,0.0,0.0,0.0,0.0,0.0,0.0,0.0,0.0,15.0,0.0,0.0,0.0,3.0,1.0,
2025,4,France,M. Guillard,m|guillard,49,14.0,13.0,0.0,0.0,1.0,0.0,0.0,0.0,0.0,0.0,0.0,0.0,23.0,0.0,1.0,0.0,1.0,0.0,
2025,4,France,E. Meafou,e|meafou,31,3.0,18.0,0.0,0.0,0.0,0.0,0.0,0.0,0.0,0.0,0.0,0.0,8.0,0.0,1.0,1.0,2.0,2.0,
2025,4,France,D. Aldegheri,d|aldegheri,31,8.0,0.0,0.0,0.0,0.0,0.0,0.0,0.0,0.0,0.0,0.0,0.0,10.0,0.0,0.0,0.0,2.0,0.0,
2025,4,France,U. Atonio,u|atonio,49,9.0,3.0,0.0,0.0,0.0,0.0,0.0,0.0,0.0,0.0,0.0,0.0,10.0,0.0,0.0,0.0,1.0,0.0,
2025,4,France,C. Baille,c|baille,31,9.0,10.0,0.0,0.0,1.0,0.0,0.0,0.0,0.0,0.0,0.0,0.0,19.0,0.0,0.0,1.0,2.0,0.0,
2025,4,France,J. Gros,j|gros,49,9.0,26.0,0.0,0.0,0.0,0.0,0.0,0.0,0.0,0.0,0.0,0.0,13.0,0.0,0.0,1.0,1.0,1.0,
2025,4,France,J. Marchand,j|marchand,31,8.0,38.0,0.0,1.0,0.0,0.0,0.0,0.0,0.0,0.0,0.0,0.0,24.0,0.0,1.0,1.0,2.0,0.0,
2025,4,France,P. Mauvaka,p|mauvaka,49,7.0,21.0,0.0,0.0,0.0,0.0,0.0,0.0,0.0,0.0,0.0,0.0,13.0,0.0,2.0,0.0,1.0,1.0,
2025,4,Scotland,D. Graham,d|graham,66,6.0,95.0,0.0,0.0,0.0,1.0,1.0,0.0,0.0,0.0,0.0,0.0,33.0,0.0,2.0,0.0,0.0,0.0,
2025,4,Scotland,B. Kinghorn,b|kinghorn,80,1.0,151.0,0.0,0.0,0.0,2.0,0.0,0.0,0.0,0.0,0.0,0.0,71.0,1.0,6.0,4.0,0.0,0.0,
2025,4,Scotland,K. Rowe,k|rowe,14,1.0,13.0,0.0,0.0,0.0,0.0,0.0,0.0,0.0,0.0,0.0,0.0,2.0,0.0,0.0,0.0,0.0,0.0,
2025,4,Scotland,D. van der Merwe,d|vandermerwe,80,1.0,97.0,0.0,0.0,0.0,0.0,0.0,0.0,0.0,0.0,0.0,0.0,28.0,0.0,8.0,1.0,0.0,0.0,
2025,4,Scotland,H. Jones,h|jones,80,7.0,128.0,0.0,0.0,0.0,0.0,1.0,0.0,0.0,0.0,0.0,0.0,26.0,0.0,1.0,1.0,0.0,1.0,
2025,4,Scotland,S. McDowall,s|mcdowall,19,2.0,33.0,0.0,0.0,0.0,0.0,0.0,0.0,0.0,0.0,0.0,0.0,7.0,0.0,1.0,0.0,0.0,0.0,
2025,4,Scotland,T. Jordan,t|jordan,80,7.0,141.0,0.0,0.0,0.0,2.0,0.0,0.0,0.0,0.0,0.0,0.0,52.0,0.0,5.0,1.0,0.0,1.0,
2025,4,Scotland,F. Russell,f|russell,61,5.0,11.0,0.0,0.0,0.0,0.0,2.0,5.0,0.0,0.0,0.0,0.0,26.0,0.0,1.0,0.0,0.0,0.0,
2025,4,Scotland,G. Horne,g|horne,25,6.0,23.0,0.0,0.0,0.0,0.0,0.0,0.0,0.0,0.0,0.0,0.0,14.0,0.0,2.0,1.0,0.0,0.0,
2025,4,Scotland,B. White,b|white,55,2.0,6.0,0.0,0.0,0.0,0.0,0.0,0.0,0.0,0.0,0.0,0.0,6.0,0.0,1.0,1.0,0.0,0.0,
2025,4,Scotland,G. Brown,g|brown,14,1.0,36.0,0.0,0.0,0.0,0.0,0.0,0.0,0.0,0.0,0.0,0.0,5.0,0.0,0.0,0.0,1.0,0.0,
2025,4,Scotland,R. Darge,r|darge,36,6.0,7.0,0.0,0.0,0.0,0.0,0.0,0.0,0.0,0.0,0.0,0.0,5.0,0.0,0.0,0.0,0.0,1.0,
2025,4,Scotland,J. Dempsey,j|dempsey,80,13.0,146.0,0.0,0.0,0.0,0.0,0.0,0.0,0.0,0.0,0.0,0.0,36.0,0.0,3.0,1.0,1.0,0.0,
2025,4,Scotland,M. Fagerson,m|fagerson,44,13.0,27.0,0.0,0.0,1.0,0.0,0.0,0.0,0.0,0.0,0.0,0.0,25.0,0.0,0.0,2.0,1.0,0.0,
2025,4,Scotland,J. Ritchie,j|ritchie,80,10.0,23.0,0.0,0.0,2.0,0.0,0.0,0.0,0.0,0.0,0.0,0.0,25.0,0.0,2.0,0.0,1.0,2.0,
2025,4,Scotland,G. Gilchrist,g|gilchrist,80,6.0,64.0,0.0,0.0,0.0,0.0,0.0,0.0,0.0,0.0,0.0,0.0,13.0,0.0,1.0,0.0,1.0,2.0,
2025,4,Scotland,J. Gray,j|gray,66,13.0,14.0,0.0,0.0,0.0,0.0,0.0,0.0,0.0,0.0,0.0,0.0,18.0,0.0,0.0,2.0,0.0,0.0,
2025,4,Scotland,Z. Fagerson,z|fagerson,61,12.0,47.0,0.0,0.0,0.0,0.0,0.0,0.0,0.0,0.0,0.0,0.0,14.0,0.0,0.0,0.0,0.0,2.0,
2025,4,Scotland,W. Hurd,w|hurd,19,1.0,31.0,0.0,0.0,0.0,0.0,0.0,0.0,0.0,0.0,0.0,0.0,4.0,0.0,0.0,0.0,1.0,1.0,
2025,4,Scotland,P. Schoeman,p|schoeman,61,5.0,58.0,0.0,0.0,1.0,0.0,0.0,0.0,0.0,0.0,0.0,0.0,15.0,0.0,0.0,0.0,0.0,0.0,
2025,4,Scotland,R. Sutherland,r|sutherland,19,2.0,23.0,0.0,0.0,0.0,0.0,0.0,0.0,0.0,0.0,0.0,0.0,4.0,0.0,0.0,0.0,1.0,1.0,
2025,4,Scotland,E. Ashman,e|ashman,25,7.0,16.0,0.0,0.0,0.0,0.0,0.0,0.0,0.0,0.0,0.0,0.0,13.0,0.0,0.0,2.0,1.0,0.0,
2025,4,Scotland,D. Cherry,d|cherry,55,10.0,46.0,0.0,0.0,0.0,0.0,0.0,0.0,0.0,0.0,0.0,0.0,14.0,0.0,0.0,0.0,0.0,0.0,
2025,4,Wales,E. Mee,e|mee,80,7.0,64.0,0.0,0.0,0.0,0.0,0.0,0.0,0.0,0.0,0.0,0.0,13.0,0.0,0.0,0.0,0.0,0.0,
2025,4,Wales,B. Murray,b|murray,80,4.0,85.0,0.0,0.0,0.0,1.0,0.0,0.0,0.0,0.0,0.0,0.0,30.0,0.0,4.0,1.0,0.0,2.0,
2025,4,Wales,T. Rogers,t|rogers,10,1.0,0.0,0.0,0.0,0.0,0.0,0.0,0.0,0.0,0.0,0.0,0.0,1.0,0.0,0.0,0.0,0.0,0.0,
2025,4,Wales,M. Llewellyn,m|llewellyn,80,3.0,89.0,0.0,0.0,0.0,1.0,0.0,0.0,0.0,0.0,0.0,0.0,26.0,0.0,3.0,0.0,0.0,1.0,
2025,4,Wales,J. Roberts,j|roberts,70,6.0,139.0,0.0,0.0,0.0,0.0,0.0,0.0,0.0,0.0,0.0,0.0,27.0,0.0,4.0,0.0,0.0,0.0,
2025,4,Wales,B. Thomas,b|thomas,80,17.0,44.0,0.0,0.0,0.0,1.0,1.0,0.0,0.0,0.0,0.0,0.0,38.0,0.0,2.0,0.0,0.0,1.0,
2025,4,Wales,G. Anscombe,g|anscombe,55,5.0,6.0,0.0,0.0,0.0,0.0,1.0,0.0,1.0,0.0,0.0,0.0,12.0,0.0,0.0,0.0,0.0,0.0,
2025,4,Wales,J. Evans,j|evans,25,1.0,6.0,0.0,0.0,0.0,0.0,1.0,3.0,0.0,0.0,0.0,0.0,11.0,0.0,0.0,0.0,0.0,0.0,
2025,4,Wales,T. Williams,t|williams,69,5.0,7.0,0.0,0.0,0.0,0.0,1.0,0.0,0.0,0.0,0.0,0.0,9.0,0.0,0.0,0.0,0.0,0.0,
2025,4,Wales,R. Williams,r|williams,11,4.0,5.0,0.0,0.0,0.0,0.0,0.0,0.0,0.0,0.0,0.0,0.0,4.0,0.0,0.0,0.0,0.0,0.0,
2025,4,Wales,T. Faletau,t|faletau,80,19.0,162.0,0.0,0.0,0.0,0.0,0.0,0.0,0.0,0.0,0.0,0.0,41.0,0.0,2.0,0.0,3.0,1.0,
2025,4,Wales,J. Morgan,j|morgan,80,25.0,70.0,0.0,0.0,1.0,0.0,0.0,0.0,0.0,0.0,0.0,0.0,39.0,0.0,0.0,0.0,3.0,1.0,
2025,4,Wales,T. Reffell,t|reffell,42,15.0,5.0,0.0,0.0,0.0,0.0,0.0,0.0,0.0,0.0,0.0,0.0,15.0,0.0,0.0,0.0,0.0,0.0,
2025,4,Wales,A. Wainwright,a|wainwright,34,10.0,25.0,0.0,0.0,0.0,0.0,0.0,0.0,0.0,0.0,0.0,0.0,13.0,0.0,0.0,0.0,2.0,1.0,
2025,4,Wales,D. Jenkins,d|jenkins,80,28.0,49.0,0.0,1.0,0.0,0.0,0.0,0.0,0.0,0.0,0.0,0.0,42.0,0.0,0.0,0.0,3.0,0.0,
2025,4,Wales,W. Rowlands,w|rowlands,62,12.0,16.0,0.0,0.0,0.0,0.0,0.0,0.0,0.0,0.0,0.0,0.0,14.0,0.0,0.0,0.0,2.0,1.0,
2025,4,Wales,T. Williams,t|williams,18,11.0,12.0,0.0,1.0,0.0,1.0,0.0,0.0,0.0,0.0,0.0,0.0,37.0,0.0,1.0,0.0,1.0,0.0,
2025,4,Wales,K. Assiratti,k|assiratti,38,6.0,5.0,0.0,0.0,0.0,0.0,0.0,0.0,0.0,0.0,0.0,0.0,9.0,0.0,0.0,0.0,3.0,0.0,
2025,4,Wales,W. John,w|john,37,13.0,12.0,0.0,0.0,0.0,0.0,0.0,0.0,0.0,0.0,1.0,0.0,8.0,0.0,0.0,0.0,0.0,1.0,
2025,4,Wales,N. Smith,n|smith,55,11.0,40.0,0.0,0.0,0.0,0.0,0.0,0.0,0.0,0.0,0.0,0.0,17.0,0.0,1.0,0.0,1.0,1.0,
2025,4,Wales,G. Thomas,g|thomas,25,14.0,5.0,0.0,0.0,0.0,0.0,0.0,0.0,0.0,0.0,0.0,0.0,16.0,0.0,0.0,0.0,2.0,0.0,
2025,4,Wales,E. Dee,e|dee,46,14.0,44.0,0.0,0.0,0.0,0.0,0.0,0.0,0.0,0.0,0.0,0.0,18.0,0.0,0.0,0.0,1.0,1.0,
2025,4,Wales,D. Lake,d|lake,34,11.0,35.0,0.0,0.0,0.0,0.0,0.0,0.0,0.0,0.0,0.0,0.0,16.0,0.0,0.0,0.0,2.0,0.0,
2025,4,England,E. Daly,e|daly,80,6.0,61.0,0.0,0.0,0.0,0.0,1.0,0.0,0.0,0.0,0.0,0.0,20.0,0.0,2.0,1.0,0.0,2.0,
2025,4,England,T. Freeman,t|freeman,80,4.0,113.0,0.0,0.0,0.0,1.0,0.0,0.0,0.0,0.0,0.0,0.0,43.0,0.0,5.0,4.0,0.0,0.0,
2025,4,England,O. Sleightholme,o|sleightholme,80,1.0,60.0,0.0,0.0,1.0,2.0,0.0,0.0,0.0,0.0,0.0,0.0,43.0,0.0,5.0,1.0,0.0,1.0,
2025,4,England,F. Dingwall,f|dingwall,73,8.0,20.0,0.0,0.0,0.0,0.0,0.0,0.0,0.0,0.0,0.0,0.0,12.0,0.0,1.0,0.0,0.0,0.0,
2025,4,England,O. Lawrence,o|lawrence,8,1.0,33.0,0.0,0.0,0.0,0.0,0.0,0.0,0.0,0.0,0.0,0.0,6.0,0.0,0.0,1.0,0.0,0.0,
2025,4,England,M. Smith,m|smith,72,4.0,80.0,0.0,0.0,0.0,1.0,1.0,0.0,0.0,0.0,0.0,0.0,36.0,0.0,5.0,0.0,0.0,0.0,
2025,4,England,F. Smith,f|smith,80,8.0,61.0,0.0,0.0,0.0,0.0,0.0,6.0,0.0,0.0,0.0,0.0,30.0,0.0,2.0,0.0,0.0,0.0,
2025,4,England,A. Mitchell,a|mitchell,63,3.0,25.0,0.0,0.0,0.0,0.0,1.0,0.0,0.0,0.0,0.0,0.0,13.0,0.0,2.0,0.0,0.0,0.0,
2025,4,England,J. van Poortvliet,j|vanpoortvliet,17,1.0,0.0,0.0,0.0,0.0,0.0,0.0,0.0,0.0,0.0,0.0,0.0,0.0,0.0,0.0,0.0,0.0,1.0,
2025,4,England,C. Cunningham-South,c|cunninghamsouth,30,4.0,32.0,0.0,1.0,0.0,0.0,0.0,0.0,0.0,0.0,0.0,0.0,18.0,0.0,1.0,0.0,2.0,0.0,
2025,4,England,T. Curry,t|curry,56,6.0,32.0,0.0,0.0,0.0,1.0,1.0,0.0,0.0,0.0,0.0,0.0,34.0,0.0,1.0,1.0,2.0,0.0,
2025,4,England,B. Curry,b|curry,35,4.0,22.0,0.0,0.0,2.0,0.0,1.0,0.0,0.0,0.0,0.0,0.0,23.0,0.0,1.0,0.0,2.0,1.0,
2025,4,England,B. Earl,b|earl,71,5.0,136.0,0.0,0.0,0.0,1.0,0.0,0.0,0.0,0.0,0.0,0.0,34.0,0.0,0.0,0.0,2.0,1.0,
2025,4,England,T. Willis,t|willis,45,8.0,55.0,0.0,0.0,1.0,1.0,0.0,0.0,0.0,0.0,0.0,0.0,40.0,0.0,2.0,1.0,1.0,0.0,
2025,4,England,O. Chessum,o|chessum,80,5.0,73.0,0.0,1.0,0.0,0.0,0.0,0.0,0.0,0.0,0.0,0.0,46.0,1.0,4.0,1.0,3.0,1.0,
2025,4,England,T. Hill,t|hill,11,1.0,6.0,0.0,0.0,0.0,0.0,0.0,0.0,0.0,0.0,0.0,0.0,1.0,0.0,0.0,0.0,0.0,0.0,
2025,4,England,M. Itoje,m|itoje,80,8.0,39.0,0.0,0.0,0.0,0.0,0.0,0.0,0.0,0.0,0.0,0.0,14.0,0.0,1.0,0.0,3.0,2.0,
2025,4,England,F. Baxter,f|baxter,20,3.0,0.0,0.0,0.0,0.0,0.0,0.0,0.0,0.0,0.0,0.0,0.0,2.0,0.0,0.0,0.0,1.0,2.0,
2025,4,England,E. Genge,e|genge,60,4.0,22.0,0.0,0.0,0.0,0.0,0.0,0.0,0.0,0.0,0.0,0.0,9.0,0.0,1.0,0.0,2.0,1.0,
2025,4,England,J. Heyes,j|heyes,20,1.0,1.0,0.0,0.0,0.0,0.0,0.0,0.0,0.0,0.0,0.0,0.0,2.0,0.0,0.0,0.0,1.0,0.0,
2025,4,England,W. Stuart,w|stuart,60,6.0,26.0,0.0,0.0,0.0,0.0,0.0,0.0,0.0,0.0,0.0,0.0,17.0,0.0,3.0,1.0,2.0,1.0,
2025,4,England,L. Cowan-Dickie,l|cowandickie,27,2.0,7.0,0.0,0.0,0.0,0.0,0.0,0.0,0.0,0.0,0.0,0.0,2.0,0.0,0.0,0.0,1.0,1.0,
2025,4,England,J. George,j|george,53,4.0,23.0,0.0,0.0,0.0,0.0,1.0,0.0,0.0,0.0,0.0,0.0,14.0,0.0,0.0,1.0,2.0,0.0,
2025,4,Italy,A. Capuozzo,a|capuozzo,73,1.0,82.0,0.0,0.0,0.0,1.0,1.0,0.0,0.0,0.0,0.0,0.0,25.0,0.0,2.0,0.0,0.0,2.0,
2025,4,Italy,M. Gallagher,m|gallagher,77,2.0,21.0,0.0,0.0,0.0,0.0,0.0,0.0,0.0,0.0,0.0,0.0,2.0,0.0,0.0,0.0,0.0,2.0,
2025,4,Italy,M. Ioane,m|ioane,80,2.0,31.0,0.0,0.0,0.0,0.0,1.0,0.0,0.0,0.0,0.0,0.0,13.0,0.0,2.0,0.0,0.0,0.0,
2025,4,Italy,J. Brex,j|brex,80,9.0,26.0,0.0,0.0,0.0,0.0,0.0,0.0,0.0,0.0,0.0,0.0,11.0,0.0,0.0,0.0,0.0,0.0,
2025,4,Italy,T. Menoncello,t|menoncello,80,7.0,48.0,0.0,0.0,2.0,1.0,0.0,0.0,0.0,0.0,0.0,0.0,39.0,0.0,4.0,0.0,0.0,0.0,
2025,4,Italy,T. Allan,t|allan,10,1.0,7.0,0.0,0.0,0.0,0.0,0.0,0.0,0.0,0.0,0.0,0.0,3.0,0.0,0.0,1.0,0.0,0.0,
2025,4,Italy,P. Garbisi,p|garbisi,80,13.0,13.0,0.0,0.0,0.0,0.0,0.0,3.0,1.0,0.0,0.0,0.0,25.0,0.0,1.0,0.0,0.0,0.0,
2025,4,Italy,M. Page-Relo,m|pagerelo,24,1.0,18.0,0.0,0.0,0.0,0.0,1.0,0.0,0.0,0.0,0.0,0.0,8.0,0.0,1.0,0.0,0.0,0.0,
2025,4,Italy,S. Varney,s|varney,56,3.0,7.0,0.0,0.0,0.0,0.0,0.0,0.0,0.0,0.0,0.0,0.0,5.0,0.0,0.0,1.0,0.0,0.0,
2025,4,Italy,L. Cannone,l|cannone,30,3.0,22.0,0.0,0.0,0.0,0.0,0.0,0.0,0.0,0.0,0.0,0.0,7.0,0.0,0.0,0.0,2.0,0.0,
2025,4,Italy,M. Lamaro,m|lamaro,50,10.0,26.0,0.0,0.0,0.0,0.0,0.0,0.0,0.0,0.0,0.0,0.0,12.0,0.0,0.0,0.0,0.0,0.0,
2025,4,Italy,S. Negri,s|negri,80,17.0,40.0,0.0,0.0,0.0,0.0,0.0,0.0,0.0,0.0,0.0,0.0,23.0,0.0,0.0,0.0,2.0,0.0,
2025,4,Italy,R. Vintcent,r|vintcent,50,11.0,71.0,0.0,0.0,0.0,1.0,0.0,0.0,0.0,0.0,0.0,0.0,39.0,0.0,2.0,1.0,0.0,0.0,
2025,4,Italy,M. Zuliani,m|zuliani,30,2.0,26.0,0.0,0.0,0.0,0.0,0.0,0.0,0.0,0.0,0.0,0.0,22.0,0.0,8.0,0.0,2.0,0.0,
2025,4,Italy,N. Cannone,n|cannone,69,13.0,2.0,0.0,0.0,0.0,0.0,0.0,0.0,0.0,0.0,0.0,0.0,14.0,0.0,0.0,0.0,2.0,1.0,
2025,4,Italy,R. Favretto,r|favretto,11,1.0,0.0,0.0,0.0,0.0,0.0,0.0,0.0,0.0,0.0,0.0,0.0,1.0,0.0,0.0,0.0,0.0,0.0,
2025,4,Italy,F. Ruzza,f|ruzza,80,12.0,11.0,0.0,0.0,0.0,0.0,0.0,0.0,0.0,0.0,0.0,0.0,13.0,0.0,0.0,0.0,2.0,2.0,
2025,4,Italy,S. Ferrari,s|ferrari,33,3.0,0.0,0.0,0.0,0.0,0.0,0.0,0.0,0.0,0.0,0.0,0.0,5.0,0.0,0.0,0.0,2.0,0.0,
2025,4,Italy,D. Fischetti,d|fischetti,60,11.0,27.0,0.0,0.0,0.0,0.0,0.0,0.0,0.0,0.0,0.0,0.0,17.0,0.0,2.0,0.0,0.0,0.0,
2025,4,Italy,M. Riccioni,m|riccioni,47,10.0,8.0,0.0,0.0,0.0,0.0,0.0,0.0,0.0,0.0,0.0,0.0,8.0,0.0,0.0,0.0,0.0,2.0,
2025,4,Italy,M. Spagnolo,m|spagnolo,20,1.0,6.0,0.0,0.0,0.0,0.0,0.0,0.0,0.0,0.0,0.0,0.0,1.0,0.0,0.0,0.0,2.0,2.0,
2025,4,Italy,G. Lucchesi,g|lucchesi,30,3.0,4.0,0.0,0.0,0.0,0.0,0.0,0.0,0.0,0.0,0.0,0.0,5.0,0.0,0.0,0.0,2.0,0.0,
2025,4,Italy,G. Nicotera,g|nicotera,50,12.0,7.0,0.0,0.0,0.0,0.0,0.0,0.0,0.0,0.0,0.0,0.0,14.0,0.0,0.0,1.0,0.0,0.0,
2025,5,Italy,A. Capuozzo,a|capuozzo,80,4.0,26.0,0.0,0.0,0.0,0.0,0.0,0.0,0.0,0.0,0.0,0.0,12.0,0.0,3.0,0.0,0.0,0.0,
2025,5,Italy,M. Ioane,m|ioane,80,9.0,20.0,0.0,0.0,0.0,1.0,0.0,0.0,0.0,0.0,0.0,0.0,22.0,0.0,1.0,0.0,0.0,1.0,
2025,5,Italy,J. Brex,j|brex,80,9.0,85.0,0.0,0.0,0.0,0.0,0.0,0.0,0.0,0.0,0.0,0.0,19.0,0.0,1.0,0.0,0.0,0.0,
2025,5,Italy,T. Menoncello,t|menoncello,80,14.0,97.0,0.0,0.0,0.0,0.0,0.0,0.0,0.0,0.0,0.0,0.0,45.0,0.0,9.0,2.0,0.0,0.0,
2025,5,Italy,T. Allan,t|allan,75,1.0,14.0,0.0,0.0,0.0,0.0,0.0,2.0,1.0,0.0,0.0,0.0,9.0,0.0,0.0,0.0,0.0,0.0,
2025,5,Italy,P. Garbisi,p|garbisi,80,16.0,39.0,0.0,0.0,0.0,0.0,1.0,0.0,0.0,0.0,0.0,0.0,25.0,0.0,1.0,0.0,0.0,0.0,
2025,5,Italy,L. Marin,l|marin,5,1.0,36.0,0.0,0.0,0.0,0.0,0.0,0.0,0.0,0.0,0.0,0.0,8.0,0.0,2.0,0.0,0.0,0.0,
2025,5,Italy,M. Page-Relo,m|pagerelo,45,1.0,39.0,0.0,0.0,0.0,0.0,0.0,0.0,0.0,0.0,0.0,0.0,9.0,0.0,3.0,0.0,0.0,1.0,
2025,5,Italy,S. Varney,s|varney,35,6.0,9.0,0.0,0.0,0.0,1.0,0.0,0.0,0.0,0.0,0.0,0.0,18.0,0.0,1.0,0.0,0.0,0.0,
2025,5,Italy,L. Cannone,l|cannone,29,7.0,40.0,0.0,0.0,0.0,0.0,0.0,0.0,0.0,0.0,0.0,0.0,15.0,0.0,1.0,0.0,2.0,0.0,
2025,5,Italy,M. Lamaro,m|lamaro,41,7.0,19.0,0.0,0.0,0.0,0.0,0.0,0.0,0.0,0.0,1.0,0.0,7.0,0.0,0.0,0.0,5.0,1.0,
2025,5,Italy,S. Negri,s|negri,29,8.0,8.0,0.0,0.0,0.0,0.0,0.0,0.0,0.0,0.0,0.0,0.0,10.0,0.0,0.0,0.0,2.0,0.0,
2025,5,Italy,R. Vintcent,r|vintcent,19,1.0,10.0,0.0,0.0,0.0,0.0,0.0,0.0,0.0,0.0,0.0,1.0,-4.0,0.0,1.0,0.0,1.0,1.0,
2025,5,Italy,M. Zuliani,m|zuliani,80,15.0,46.0,0.0,0.0,1.0,0.0,0.0,0.0,0.0,0.0,0.0,0.0,34.0,0.0,1.0,1.0,7.0,1.0,
2025,5,Italy,N. Cannone,n|cannone,62,10.0,23.0,0.0,0.0,0.0,0.0,0.0,0.0,0.0,0.0,0.0,0.0,20.0,0.0,1.0,0.0,6.0,0.0,
2025,5,Italy,D. Lamb,d|lamb,18,2.0,9.0,0.0,0.0,0.0,0.0,0.0,0.0,0.0,0.0,0.0,0.0,4.0,0.0,1.0,0.0,1.0,1.0,
2025,5,Italy,F. Ruzza,f|ruzza,80,14.0,20.0,0.0,0.0,0.0,0.0,0.0,0.0,0.0,0.0,0.0,0.0,25.0,0.0,1.0,0.0,7.0,0.0,
2025,5,Italy,S. Ferrari,s|ferrari,56,7.0,0.0,0.0,0.0,0.0,0.0,0.0,0.0,0.0,0.0,0.0,0.0,12.0,0.0,0.0,0.0,5.0,0.0,
2025,5,Italy,D. Fischetti,d|fischetti,56,9.0,23.0,0.0,0.0,0.0,0.0,0.0,0.0,0.0,0.0,0.0,0.0,15.0,0.0,1.0,0.0,5.0,3.0,
2025,5,Italy,M. Spagnolo,m|spagnolo,24,7.0,4.0,0.0,0.0,0.0,0.0,0.0,0.0,0.0,0.0,0.0,0.0,9.0,0.0,0.0,0.0,2.0,0.0,
2025,5,Italy,G. Zilocchi,g|zilocchi,24,4.0,2.0,0.0,0.0,0.0,0.0,0.0,0.0,0.0,0.0,0.0,0.0,6.0,0.0,0.0,0.0,2.0,0.0,
2025,5,Italy,G. Lucchesi,g|lucchesi,80,18.0,12.0,0.0,0.0,0.0,0.0,0.0,0.0,0.0,0.0,0.0,0.0,26.0,0.0,0.0,0.0,7.0,0.0,
2025,5,Italy,G. Nicotera,g|nicotera,11,1.0,3.0,0.0,0.0,0.0,0.0,0.0,0.0,0.0,0.0,1.0,0.0,-4.0,0.0,0.0,0.0,1.0,1.0,
2025,5,Ireland,M. Hansen,m|hansen,80,4.0,59.0,0.0,0.0,0.0,0.0,1.0,0.0,0.0,0.0,0.0,0.0,23.0,0.0,5.0,0.0,0.0,0.0,
2025,5,Ireland,H. Keenan,h|keenan,80,0.0,60.0,0.0,0.0,0.0,1.0,0.0,0.0,0.0,0.0,0.0,0.0,22.0,0.0,3.0,0.0,0.0,0.0,
2025,5,Ireland,J. Lowe,j|lowe,80,0.0,54.0,0.0,0.0,0.0,0.0,0.0,0.0,0.0,0.0,0.0,0.0,7.0,0.0,1.0,0.0,0.0,0.0,
2025,5,Ireland,B. Aki,b|aki,24,4.0,29.0,0.0,0.0,0.0,0.0,0.0,0.0,0.0,0.0,0.0,0.0,10.0,0.0,2.0,0.0,0.0,0.0,
2025,5,Ireland,R. Henshaw,r|henshaw,56,4.0,18.0,0.0,0.0,1.0,0.0,0.0,0.0,0.0,0.0,0.0,0.0,10.0,0.0,0.0,0.0,0.0,0.0,
2025,5,Ireland,G. Ringrose,g|ringrose,80,5.0,42.0,0.0,0.0,0.0,0.0,0.0,0.0,0.0,0.0,0.0,0.0,14.0,0.0,3.0,0.0,0.0,1.0,
2025,5,Ireland,J. Crowley,j|crowley,64,6.0,37.0,0.0,0.0,0.0,0.0,1.0,1.0,0.0,0.0,0.0,0.0,19.0,0.0,2.0,0.0,0.0,0.0,
2025,5,Ireland,S. Prendergast,s|prendergast,16,1.0,2.0,0.0,0.0,0.0,0.0,0.0,0.0,0.0,0.0,0.0,0.0,1.0,0.0,0.0,0.0,0.0,0.0,
2025,5,Ireland,J. Gibson-Park,j|gibsonpark,67,7.0,13.0,0.0,0.0,0.0,0.0,0.0,0.0,0.0,0.0,0.0,0.0,8.0,0.0,0.0,0.0,0.0,0.0,
2025,5,Ireland,C. Murray,c|murray,13,2.0,0.0,0.0,0.0,0.0,0.0,0.0,0.0,0.0,0.0,0.0,0.0,2.0,0.0,0.0,0.0,0.0,0.0,
2025,5,Ireland,J. Conan,j|conan,80,15.0,49.0,0.0,0.0,0.0,0.0,0.0,0.0,0.0,0.0,0.0,0.0,23.0,0.0,1.0,0.0,3.0,1.0,
2025,5,Ireland,C. Doris,c|doris,80,14.0,42.0,0.0,0.0,0.0,0.0,0.0,0.0,0.0,0.0,0.0,0.0,20.0,0.0,0.0,0.0,3.0,1.0,
2025,5,Ireland,P. O'Mahony,p|omahony,28,3.0,20.0,0.0,0.0,0.0,0.0,0.0,0.0,0.0,0.0,0.0,0.0,6.0,0.0,0.0,0.0,1.0,0.0,
2025,5,Ireland,J. van der Flier,j|vanderflier,52,3.0,0.0,0.0,0.0,0.0,0.0,0.0,0.0,0.0,0.0,0.0,0.0,7.0,0.0,0.0,1.0,2.0,0.0,
2025,5,Ireland,T. Beirne,t|beirne,80,11.0,26.0,0.0,1.0,0.0,0.0,0.0,0.0,0.0,0.0,0.0,0.0,22.0,0.0,0.0,0.0,3.0,1.0,
2025,5,Ireland,J. McCarthy,j|mccarthy,34,6.0,11.0,0.0,0.0,0.0,0.0,0.0,0.0,0.0,0.0,0.0,0.0,10.0,0.0,1.0,0.0,1.0,0.0,
2025,5,Ireland,J. Ryan,j|ryan,46,4.0,10.0,0.0,0.0,0.0,0.0,0.0,0.0,0.0,0.0,0.0,0.0,7.0,0.0,0.0,0.0,2.0,0.0,
2025,5,Ireland,F. Bealham,f|bealham,46,9.0,7.0,0.0,0.0,0.0,0.0,0.0,0.0,0.0,0.0,0.0,0.0,11.0,0.0,0.0,0.0,2.0,0.0,
2025,5,Ireland,J. Boyle,j|boyle,16,3.0,7.0,0.0,0.0,0.0,0.0,0.0,0.0,0.0,0.0,0.0,0.0,6.0,0.0,1.0,0.0,1.0,0.0,
2025,5,Ireland,T. Furlong,t|furlong,34,5.0,1.0,0.0,0.0,0.0,0.0,0.0,0.0,0.0,0.0,0.0,0.0,6.0,0.0,0.0,0.0,1.0,0.0,
2025,5,Ireland,A. Porter,a|porter,64,5.0,17.0,0.0,0.0,0.0,0.0,0.0,0.0,0.0,0.0,0.0,0.0,10.0,0.0,1.0,0.0,2.0,0.0,
2025,5,Ireland,G. McCarthy,g|mccarthy,9,5.0,4.0,0.0,0.0,0.0,0.0,0.0,0.0,0.0,0.0,0.0,0.0,6.0,0.0,0.0,0.0,1.0,0.0,
2025,5,Ireland,D. Sheehan,d|sheehan,71,13.0,54.0,0.0,0.0,0.0,3.0,0.0,0.0,0.0,0.0,0.0,0.0,84.0,1.0,2.0,0.0,2.0,0.0,
2025,5,Wales,E. Mee,e|mee,80,6.0,48.0,0.0,0.0,0.0,0.0,0.0,0.0,0.0,0.0,0.0,0.0,11.0,0.0,1.0,0.0,0.0,1.0,
2025,5,Wales,B. Murray,b|murray,80,5.0,116.0,0.0,0.0,0.0,0.0,0.0,0.0,0.0,0.0,0.0,0.0,26.0,0.0,4.0,1.0,0.0,0.0,
2025,5,Wales,M. Llewellyn,m|llewellyn,57,5.0,75.0,0.0,0.0,0.0,0.0,0.0,0.0,0.0,0.0,0.0,0.0,19.0,0.0,2.0,2.0,0.0,1.0,
2025,5,Wales,J. Roberts,j|roberts,80,6.0,77.0,0.0,0.0,0.0,0.0,0.0,0.0,0.0,0.0,0.0,0.0,17.0,0.0,2.0,0.0,0.0,0.0,
2025,5,Wales,B. Thomas,b|thomas,80,10.0,65.0,0.0,0.0,0.0,2.0,0.0,0.0,0.0,0.0,0.0,0.0,37.0,0.0,1.0,0.0,0.0,1.0,
2025,5,Wales,N. Tompkins,n|tompkins,23,4.0,20.0,0.0,0.0,0.0,0.0,0.0,0.0,0.0,0.0,0.0,0.0,8.0,0.0,1.0,0.0,0.0,0.0,
2025,5,Wales,G. Anscombe,g|anscombe,48,5.0,15.0,0.0,0.0,0.0,0.0,0.0,1.0,0.0,0.0,0.0,0.0,8.0,0.0,0.0,0.0,0.0,0.0,
2025,5,Wales,J. Evans,j|evans,32,2.0,38.0,0.0,0.0,0.0,0.0,1.0,1.0,0.0,0.0,0.0,0.0,15.0,0.0,1.0,1.0,0.0,0.0,
2025,5,Wales,T. Williams,t|williams,63,3.0,0.0,0.0,0.0,0.0,0.0,1.0,0.0,0.0,0.0,0.0,0.0,7.0,0.0,0.0,0.0,0.0,0.0,
2025,5,Wales,R. Williams,r|williams,17,4.0,0.0,0.0,0.0,0.0,0.0,0.0,0.0,0.0,0.0,0.0,0.0,4.0,0.0,0.0,0.0,0.0,0.0,
2025,5,Wales,T. Faletau,t|faletau,52,3.0,39.0,0.0,0.0,0.0,0.0,0.0,0.0,0.0,0.0,0.0,0.0,12.0,0.0,2.0,0.0,2.0,0.0,
2025,5,Wales,J. Morgan,j|morgan,80,15.0,31.0,0.0,0.0,0.0,0.0,0.0,0.0,0.0,0.0,0.0,0.0,24.0,0.0,2.0,0.0,2.0,0.0,
2025,5,Wales,T. Reffell,t|reffell,28,3.0,4.0,0.0,0.0,0.0,0.0,0.0,0.0,0.0,0.0,0.0,0.0,7.0,0.0,2.0,0.0,0.0,0.0,
2025,5,Wales,A. Wainwright,a|wainwright,80,2.0,39.0,0.0,0.0,0.0,0.0,0.0,0.0,0.0,0.0,0.0,0.0,9.0,0.0,1.0,0.0,2.0,0.0,
2025,5,Wales,D. Jenkins,d|jenkins,80,15.0,32.0,0.0,0.0,0.0,0.0,0.0,0.0,0.0,0.0,0.0,0.0,21.0,0.0,1.0,0.0,2.0,1.0,
2025,5,Wales,W. Rowlands,w|rowlands,48,5.0,7.0,0.0,0.0,0.0,0.0,0.0,0.0,0.0,0.0,0.0,0.0,9.0,0.0,1.0,0.0,2.0,0.0,
2025,5,Wales,T. Williams,t|williams,32,4.0,12.0,0.0,0.0,0.0,0.0,0.0,0.0,0.0,0.0,0.0,0.0,5.0,0.0,0.0,0.0,0.0,0.0,
2025,5,Wales,K. Assiratti,k|assiratti,40,3.0,24.0,0.0,0.0,0.0,0.0,0.0,0.0,0.0,0.0,0.0,0.0,7.0,0.0,0.0,1.0,1.0,1.0,
2025,5,Wales,W. John,w|john,41,5.0,0.0,0.0,0.0,0.0,0.0,0.0,0.0,0.0,0.0,0.0,0.0,5.0,0.0,0.0,0.0,1.0,1.0,
2025,5,Wales,N. Smith,n|smith,52,3.0,32.0,0.0,0.0,0.0,0.0,0.0,0.0,0.0,0.0,0.0,0.0,11.0,0.0,2.0,0.0,2.0,1.0,
2025,5,Wales,G. Thomas,g|thomas,28,6.0,7.0,0.0,0.0,0.0,0.0,0.0,0.0,0.0,0.0,0.0,0.0,4.0,0.0,0.0,0.0,0.0,2.0,
2025,5,Wales,E. Dee,e|dee,41,8.0,19.0,0.0,0.0,0.0,0.0,0.0,0.0,0.0,0.0,0.0,0.0,9.0,0.0,0.0,0.0,1.0,1.0,
2025,5,Wales,D. Lake,d|lake,40,8.0,31.0,0.0,0.0,0.0,0.0,0.0,0.0,0.0,0.0,0.0,0.0,16.0,0.0,2.0,0.0,1.0,0.0,
2025,5,England,E. Daly,e|daly,80,5.0,48.0,0.0,0.0,0.0,0.0,0.0,0.0,0.0,0.0,0.0,0.0,11.0,0.0,1.0,0.0,0.0,0.0,
2025,5,England,T. Freeman,t|freeman,49,4.0,56.0,0.0,0.0,1.0,1.0,0.0,0.0,0.0,0.0,0.0,0.0,28.0,0.0,2.0,0.0,0.0,0.0,
2025,5,England,T. Roebuck,t|roebuck,80,3.0,54.0,0.0,0.0,0.0,1.0,0.0,0.0,0.0,0.0,0.0,0.0,24.0,0.0,2.0,1.0,0.0,0.0,
2025,5,England,F. Dingwall,f|dingwall,80,11.0,23.0,0.0,0.0,0.0,0.0,0.0,0.0,0.0,0.0,0.0,0.0,13.0,0.0,0.0,0.0,0.0,0.0,
2025,5,England,G. Ford,g|ford,25,3.0,0.0,0.0,0.0,0.0,0.0,2.0,0.0,0.0,0.0,0.0,0.0,11.0,0.0,0.0,0.0,0.0,0.0,
2025,5,England,F. Smith,f|smith,55,9.0,11.0,0.0,0.0,0.0,0.0,2.0,5.0,0.0,0.0,0.0,0.0,28.0,0.0,0.0,0.0,0.0,0.0,
2025,5,England,M. Smith,m|smith,80,0.0,68.0,0.0,0.0,0.0,0.0,0.0,4.0,0.0,0.0,0.0,0.0,18.0,0.0,1.0,1.0,0.0,0.0,
2025,5,England,A. Mitchell,a|mitchell,67,3.0,29.0,0.0,0.0,0.0,1.0,2.0,0.0,0.0,0.0,0.0,0.0,23.0,0.0,1.0,0.0,0.0,2.0,
2025,5,England,J. van Poortvliet,j|vanpoortvliet,13,0.0,10.0,0.0,0.0,0.0,0.0,1.0,0.0,0.0,0.0,0.0,0.0,7.0,0.0,0.0,1.0,0.0,0.0,
2025,5,England,C. Cunningham-South,c|cunninghamsouth,62,9.0,41.0,0.0,0.0,1.0,2.0,0.0,0.0,0.0,0.0,0.0,0.0,50.0,0.0,0.0,0.0,4.0,2.0,
2025,5,England,T. Curry,t|curry,80,9.0,25.0,0.0,0.0,0.0,0.0,0.0,0.0,0.0,0.0,0.0,0.0,19.0,0.0,2.0,0.0,4.0,0.0,
2025,5,England,B. Curry,b|curry,59,11.0,40.0,0.0,0.0,2.0,0.0,0.0,0.0,0.0,0.0,0.0,0.0,46.0,1.0,2.0,0.0,2.0,0.0,
2025,5,England,B. Earl,b|earl,80,13.0,82.0,0.0,0.0,2.0,0.0,0.0,0.0,0.0,0.0,0.0,0.0,36.0,0.0,1.0,0.0,4.0,1.0,
2025,5,England,H. Pollock,h|pollock,31,3.0,25.0,0.0,0.0,0.0,2.0,0.0,0.0,0.0,0.0,0.0,0.0,40.0,0.0,1.0,0.0,3.0,0.0,
2025,5,England,T. Willis,t|willis,21,4.0,24.0,0.0,0.0,0.0,0.0,1.0,0.0,0.0,0.0,0.0,0.0,22.0,0.0,3.0,2.0,2.0,0.0,
2025,5,England,O. Chessum,o|chessum,18,3.0,0.0,0.0,1.0,0.0,0.0,0.0,0.0,0.0,0.0,0.0,0.0,10.0,0.0,0.0,0.0,0.0,0.0,
2025,5,England,M. Itoje,m|itoje,80,7.0,25.0,0.0,0.0,1.0,1.0,0.0,0.0,0.0,0.0,0.0,0.0,32.0,0.0,1.0,0.0,4.0,3.0,
2025,5,England,F. Baxter,f|baxter,17,3.0,4.0,0.0,0.0,0.0,0.0,0.0,0.0,0.0,0.0,0.0,0.0,5.0,0.0,0.0,0.0,2.0,0.0,
2025,5,England,E. Genge,e|genge,63,6.0,33.0,0.0,0.0,0.0,0.0,0.0,0.0,0.0,0.0,0.0,0.0,18.0,0.0,3.0,1.0,2.0,1.0,
2025,5,England,J. Heyes,j|heyes,33,10.0,12.0,0.0,0.0,0.0,1.0,0.0,0.0,0.0,0.0,0.0,0.0,29.0,0.0,0.0,0.0,3.0,0.0,
2025,5,England,W. Stuart,w|stuart,47,4.0,30.0,0.0,0.0,0.0,1.0,0.0,0.0,0.0,0.0,0.0,0.0,23.0,0.0,0.0,0.0,1.0,0.0,
2025,5,England,L. Cowan-Dickie,l|cowandickie,47,7.0,14.0,0.0,0.0,0.0,0.0,0.0,0.0,0.0,0.0,0.0,0.0,9.0,0.0,0.0,0.0,1.0,0.0,
2025,5,England,J. George,j|george,33,8.0,18.0,0.0,0.0,0.0,0.0,0.0,0.0,0.0,0.0,0.0,0.0,14.0,0.0,1.0,0.0,3.0,0.0,
2025,5,France,L. Bielle-Biarrey,l|biellebiarrey,80,1.0,104.0,0.0,0.0,0.0,1.0,0.0,0.0,0.0,0.0,0.0,0.0,25.0,0.0,2.0,1.0,0.0,2.0,
2025,5,France,D. Penaud,d|penaud,72,5.0,10.0,0.0,0.0,0.0,0.0,1.0,0.0,0.0,0.0,0.0,0.0,10.0,0.0,0.0,0.0,0.0,0.0,
2025,5,France,T. Ramos,t|ramos,80,4.0,59.0,0.0,0.0,0.0,1.0,0.0,3.0,3.0,0.0,0.0,0.0,36.0,0.0,1.0,0.0,0.0,0.0,
2025,5,France,G. Fickou,g|fickou,80,10.0,18.0,0.0,0.0,0.0,0.0,2.0,0.0,0.0,0.0,0.0,0.0,22.0,0.0,2.0,0.0,0.0,1.0,
2025,5,France,Y. Moefana,y|moefana,80,13.0,79.0,0.0,0.0,0.0,2.0,0.0,0.0,0.0,0.0,0.0,0.0,63.0,1.0,4.0,0.0,0.0,0.0,
2025,5,France,R. Ntamack,r|ntamack,80,11.0,108.0,0.0,0.0,0.0,0.0,1.0,0.0,0.0,0.0,0.0,0.0,32.0,0.0,3.0,1.0,0.0,1.0,
2025,5,France,N. Le Garrec,n|legarrec,5,1.0,2.0,0.0,0.0,0.0,0.0,0.0,0.0,0.0,0.0,0.0,0.0,1.0,0.0,0.0,0.0,0.0,0.0,
2025,5,France,M. Lucu,m|lucu,75,12.0,0.0,0.0,0.0,0.0,0.0,0.0,0.0,0.0,0.0,0.0,0.0,14.0,0.0,0.0,1.0,0.0,0.0,
2025,5,France,G. Alldritt,g|alldritt,46,6.0,34.0,0.0,0.0,1.0,0.0,0.0,0.0,0.0,0.0,0.0,0.0,16.0,0.0,1.0,0.0,1.0,1.0,
2025,5,France,P. Boudehent,p|boudehent,46,9.0,6.0,0.0,0.0,0.0,0.0,0.0,0.0,0.0,0.0,0.0,0.0,9.0,0.0,0.0,0.0,1.0,1.0,
2025,5,France,F. Cros,f|cros,80,18.0,20.0,0.0,0.0,0.0,0.0,0.0,0.0,0.0,0.0,0.0,0.0,25.0,0.0,1.0,1.0,1.0,0.0,
2025,5,France,O. Jegou,o|jegou,34,6.0,11.0,0.0,1.0,0.0,0.0,0.0,0.0,0.0,0.0,0.0,0.0,13.0,0.0,0.0,0.0,0.0,1.0,
2025,5,France,A. Jelonch,a|jelonch,34,11.0,27.0,0.0,0.0,0.0,0.0,0.0,0.0,0.0,0.0,0.0,0.0,12.0,0.0,0.0,0.0,0.0,1.0,
2025,5,France,H. Auradou,h|auradou,6,0.0,6.0,0.0,0.0,0.0,0.0,0.0,0.0,0.0,0.0,0.0,0.0,2.0,0.0,1.0,0.0,0.0,0.0,
2025,5,France,T. Flament,t|flament,74,18.0,29.0,0.0,0.0,0.0,0.0,0.0,0.0,0.0,0.0,0.0,0.0,21.0,0.0,0.0,0.0,1.0,0.0,
2025,5,France,M. Guillard,m|guillard,46,7.0,3.0,0.0,0.0,1.0,0.0,0.0,0.0,0.0,0.0,0.0,0.0,13.0,0.0,0.0,0.0,1.0,0.0,
2025,5,France,E. Meafou,e|meafou,34,6.0,12.0,0.0,0.0,0.0,0.0,0.0,0.0,0.0,0.0,0.0,0.0,8.0,0.0,0.0,1.0,0.0,1.0,
2025,5,France,D. Aldegheri,d|aldegheri,36,6.0,6.0,0.0,0.0,0.0,0.0,0.0,0.0,0.0,0.0,0.0,0.0,5.0,0.0,0.0,0.0,0.0,1.0,
2025,5,France,U. Atonio,u|atonio,44,3.0,4.0,0.0,0.0,1.0,0.0,0.0,0.0,0.0,0.0,0.0,0.0,9.0,0.0,0.0,0.0,1.0,0.0,
2025,5,France,C. Baille,c|baille,34,6.0,10.0,0.0,0.0,0.0,0.0,0.0,0.0,0.0,0.0,0.0,0.0,7.0,0.0,0.0,0.0,0.0,0.0,
2025,5,France,J. Gros,j|gros,37,8.0,24.0,0.0,0.0,0.0,0.0,0.0,0.0,0.0,0.0,1.0,0.0,6.0,0.0,0.0,0.0,1.0,0.0,
2025,5,France,J. Marchand,j|marchand,42,6.0,25.0,0.0,0.0,1.0,0.0,0.0,0.0,0.0,0.0,0.0,0.0,14.0,0.0,0.0,0.0,1.0,0.0,
2025,5,France,P. Mauvaka,p|mauvaka,35,5.0,14.0,0.0,0.0,0.0,0.0,0.0,0.0,0.0,0.0,1.0,0.0,0.0,0.0,0.0,0.0,0.0,1.0,
2025,5,Scotland,D. Graham,d|graham,80,2.0,92.0,0.0,0.0,0.0,1.0,0.0,0.0,0.0,0.0,0.0,0.0,29.0,0.0,4.0,0.0,0.0,0.0,
2025,5,Scotland,B. Kinghorn,b|kinghorn,80,0.0,205.0,0.0,0.0,0.0,0.0,0.0,0.0,0.0,0.0,0.0,0.0,29.0,0.0,4.0,1.0,0.0,1.0,
2025,5,Scotland,D. van der Merwe,d|vandermerwe,80,2.0,62.0,0.0,0.0,0.0,0.0,0.0,0.0,0.0,0.0,0.0,0.0,24.0,0.0,6.0,2.0,0.0,0.0,
2025,5,Scotland,H. Jones,h|jones,66,4.0,67.0,0.0,0.0,0.0,0.0,0.0,0.0,0.0,0.0,0.0,0.0,15.0,0.0,2.0,1.0,0.0,1.0,
2025,5,Scotland,S. McDowall,s|mcdowall,14,1.0,0.0,0.0,0.0,0.0,0.0,0.0,0.0,0.0,0.0,0.0,0.0,1.0,0.0,0.0,0.0,0.0,0.0,
2025,5,Scotland,T. Jordan,t|jordan,80,7.0,79.0,0.0,0.0,0.0,0.0,0.0,0.0,0.0,0.0,0.0,0.0,20.0,0.0,4.0,0.0,0.0,2.0,
2025,5,Scotland,F. Russell,f|russell,80,4.0,55.0,0.0,0.0,0.0,0.0,1.0,1.0,3.0,0.0,0.0,0.0,30.0,0.0,1.0,2.0,0.0,0.0,
2025,5,Scotland,J. Dobie,j|dobie,14,1.0,11.0,0.0,0.0,0.0,0.0,0.0,0.0,0.0,0.0,0.0,0.0,2.0,0.0,0.0,0.0,0.0,0.0,
2025,5,Scotland,B. White,b|white,66,7.0,18.0,0.0,0.0,0.0,0.0,0.0,0.0,0.0,0.0,0.0,0.0,12.0,0.0,1.0,1.0,0.0,0.0,
2025,5,Scotland,G. Brown,g|brown,58,6.0,39.0,0.0,0.0,0.0,0.0,0.0,0.0,0.0,0.0,0.0,0.0,16.0,0.0,1.0,0.0,5.0,0.0,
2025,5,Scotland,R. Darge,r|darge,66,14.0,13.0,0.0,0.0,1.0,0.0,0.0,0.0,0.0,0.0,0.0,0.0,29.0,0.0,1.0,1.0,5.0,0.0,
2025,5,Scotland,M. Fagerson,m|fagerson,80,15.0,91.0,0.0,0.0,1.0,0.0,0.0,0.0,0.0,0.0,0.0,0.0,36.0,0.0,0.0,1.0,5.0,0.0,
2025,5,Scotland,B. Muncaster,b|muncaster,14,3.0,6.0,0.0,0.0,0.0,0.0,0.0,0.0,0.0,0.0,0.0,0.0,3.0,0.0,0.0,0.0,0.0,0.0,
2025,5,Scotland,J. Ritchie,j|ritchie,69,7.0,24.0,0.0,0.0,1.0,0.0,0.0,0.0,0.0,0.0,1.0,0.0,16.0,0.0,1.0,2.0,4.0,3.0,
2025,5,Scotland,G. Gilchrist,g|gilchrist,72,6.0,23.0,0.0,0.0,0.0,0.0,0.0,0.0,0.0,0.0,0.0,0.0,12.0,0.0,0.0,0.0,5.0,1.0,
2025,5,Scotland,E. Johnson,e|johnson,8,1.0,0.0,0.0,0.0,0.0,0.0,0.0,0.0,0.0,0.0,0.0,0.0,1.0,0.0,0.0,0.0,0.0,0.0,
2025,5,Scotland,M. Sykes,m|sykes,22,3.0,10.0,0.0,0.0,0.0,0.0,0.0,0.0,0.0,0.0,0.0,0.0,4.0,0.0,0.0,0.0,0.0,0.0,
2025,5,Scotland,Z. Fagerson,z|fagerson,80,12.0,61.0,0.0,0.0,0.0,0.0,0.0,0.0,0.0,0.0,0.0,0.0,24.0,0.0,1.0,0.0,5.0,1.0,
2025,5,Scotland,P. Schoeman,p|schoeman,66,13.0,57.0,0.0,0.0,0.0,0.0,0.0,0.0,0.0,0.0,0.0,0.0,27.0,0.0,2.0,0.0,5.0,0.0,
2025,5,Scotland,R. Sutherland,r|sutherland,14,2.0,4.0,0.0,0.0,0.0,0.0,0.0,0.0,0.0,0.0,0.0,0.0,3.0,0.0,1.0,0.0,0.0,1.0,
2025,5,Scotland,E. Ashman,e|ashman,22,4.0,52.0,0.0,0.0,0.0,0.0,0.0,0.0,0.0,0.0,0.0,0.0,19.0,0.0,2.0,3.0,0.0,0.0,
2025,5,Scotland,D. Cherry,d|cherry,58,9.0,30.0,0.0,0.0,1.0,0.0,0.0,0.0,0.0,0.0,0.0,0.0,20.0,0.0,0.0,0.0,5.0,2.0,
2026,1,France,T. Attissogbe,t|attissogbe,80,8.0,45.0,0.0,0.0,0.0,1.0,0.0,0.0,0.0,0.0,0.0,0.0,32.0,0.0,2.0,3.0,0.0,0.0,0.0
2026,1,France,L. Bielle-Biarrey,l|biellebiarrey,80,8.0,99.0,0.0,0.0,0.0,2.0,0.0,0.0,0.0,0.0,0.0,0.0,51.0,0.0,5.0,0.0,0.0,0.0,2.0
2026,1,France,T. Ramos,t|ramos,80,0.0,116.0,0.0,0.0,0.0,0.0,1.0,4.0,1.0,0.0,0.0,0.0,46.0,0.0,6.0,3.0,0.0,0.0,1.0
2026,1,France,N. Depoortere,n|depoortere,80,14.0,61.0,0.0,0.0,0.0,0.0,0.0,0.0,0.0,0.0,0.0,0.0,36.0,0.0,7.0,1.0,0.0,0.0,0.0
2026,1,France,K. Gourgues,k|gourgues,30,3.0,18.0,0.0,0.0,0.0,0.0,0.0,0.0,0.0,0.0,0.0,0.0,6.0,0.0,0.0,1.0,0.0,0.0,0.0
2026,1,France,Y. Moefana,y|moefana,50,3.0,22.0,0.0,0.0,0.0,0.0,1.0,0.0,0.0,0.0,0.0,0.0,15.0,0.0,1.0,2.0,0.0,0.0,0.0
2026,1,France,M. Jalibert,m|jalibert,80,11.0,73.0,0.0,0.0,0.0,1.0,1.0,0.0,0.0,0.0,0.0,0.0,52.0,0.0,5.0,4.0,0.0,0.0,1.0
2026,1,France,A. Dupont,a|dupont,74,6.0,35.0,0.0,0.0,0.0,0.0,1.0,0.0,0.0,0.0,0.0,0.0,30.0,0.0,3.0,1.0,0.0,1.0,5.0
2026,1,France,B. Serin,b|serin,6,0.0,22.0,0.0,0.0,0.0,0.0,0.0,0.0,0.0,0.0,0.0,0.0,6.0,0.0,2.0,0.0,0.0,0.0,0.0
2026,1,France,F. Cros,f|cros,62,5.0,7.0,0.0,0.0,0.0,0.0,0.0,0.0,0.0,0.0,0.0,0.0,10.0,0.0,0.0,0.0,5.0,0.0,0.0
2026,1,France,O. Jegou,o|jegou,80,15.0,17.0,0.0,0.0,0.0,0.0,0.0,0.0,0.0,0.0,0.0,0.0,31.0,0.0,3.0,1.0,7.0,0.0,0.0
2026,1,France,A. Jelonch,a|jelonch,80,17.0,5.0,0.0,0.0,0.0,0.0,0.0,0.0,0.0,0.0,0.0,0.0,30.0,0.0,1.0,2.0,7.0,0.0,0.0
2026,1,France,L. Nouchi,l|nouchi,18,12.0,23.0,0.0,0.0,0.0,0.0,0.0,0.0,0.0,0.0,0.0,0.0,17.0,0.0,1.0,0.0,2.0,1.0,0.0
2026,1,France,C. Ollivon,c|ollivon,50,2.0,22.0,0.0,0.0,0.0,1.0,0.0,0.0,0.0,0.0,0.0,0.0,23.0,0.0,0.0,0.0,4.0,0.0,0.0
2026,1,France,M. Guillard,m|guillard,50,7.0,43.0,0.0,0.0,0.0,0.0,1.0,0.0,0.0,0.0,0.0,0.0,42.0,1.0,3.0,1.0,4.0,0.0,0.0
2026,1,France,E. Meafou,e|meafou,30,7.0,0.0,0.0,0.0,0.0,0.0,0.0,0.0,0.0,0.0,0.0,0.0,11.0,0.0,0.0,1.0,3.0,1.0,0.0
2026,1,France,D. Aldegheri,d|aldegheri,50,1.0,0.0,0.0,0.0,0.0,0.0,0.0,0.0,0.0,0.0,0.0,0.0,6.0,0.0,1.0,0.0,4.0,1.0,0.0
2026,1,France,J. Gros,j|gros,50,5.0,4.0,0.0,0.0,0.0,0.0,0.0,0.0,0.0,0.0,0.0,0.0,9.0,0.0,0.0,0.0,4.0,0.0,0.0
2026,1,France,R. Neti,r|neti,30,2.0,0.0,0.0,0.0,0.0,0.0,0.0,0.0,0.0,0.0,0.0,0.0,5.0,0.0,0.0,0.0,3.0,0.0,0.0
2026,1,France,J. Marchand,j|marchand,50,6.0,4.0,0.0,0.0,0.0,0.0,0.0,0.0,0.0,0.0,0.0,0.0,12.0,0.0,1.0,0.0,4.0,0.0,0.0
2026,1,France,P. Mauvaka,p|mauvaka,30,10.0,4.0,0.0,0.0,1.0,0.0,0.0,0.0,0.0,0.0,0.0,0.0,20.0,0.0,0.0,1.0,3.0,0.0,0.0
2026,1,Ireland,T. O'Brien,t|obrien,50,7.0,15.0,0.0,0.0,0.0,0.0,0.0,0.0,0.0,0.0,0.0,0.0,7.0,0.0,0.0,0.0,0.0,1.0,0.0
2026,1,Ireland,J. Osborne,j|osborne,73,3.0,68.0,1.0,0.0,0.0,0.0,0.0,0.0,0.0,0.0,0.0,0.0,21.0,0.0,1.0,0.0,0.0,1.0,2.0
2026,1,Ireland,J. Stockdale,j|stockdale,80,4.0,33.0,0.0,0.0,0.0,0.0,0.0,0.0,0.0,0.0,0.0,0.0,13.0,0.0,3.0,0.0,0.0,0.0,0.0
2026,1,Ireland,S. McCloskey,s|mccloskey,80,10.0,30.0,0.0,0.0,0.0,0.0,1.0,0.0,0.0,0.0,0.0,0.0,27.0,0.0,3.0,2.0,0.0,0.0,0.0
2026,1,Ireland,G. Ringrose,g|ringrose,80,3.0,34.0,0.0,0.0,0.0,0.0,0.0,0.0,0.0,0.0,0.0,0.0,12.0,0.0,2.0,1.0,0.0,0.0,0.0
2026,1,Ireland,J. Crowley,j|crowley,30,4.0,23.0,0.0,0.0,0.0,0.0,0.0,0.0,0.0,0.0,0.0,0.0,6.0,0.0,0.0,0.0,0.0,0.0,0.0
2026,1,Ireland,S. Prendergast,s|prendergast,80,13.0,23.0,0.0,0.0,0.0,0.0,0.0,2.0,0.0,0.0,0.0,0.0,32.0,0.0,3.0,2.0,0.0,1.0,2.0
2026,1,Ireland,C. Casey,c|casey,7,1.0,0.0,0.0,0.0,0.0,0.0,0.0,0.0,0.0,0.0,0.0,0.0,1.0,0.0,0.0,0.0,0.0,0.0,0.0
2026,1,Ireland,J. Gibson-Park,j|gibsonpark,80,4.0,4.0,0.0,0.0,0.0,0.0,0.0,0.0,0.0,0.0,0.0,0.0,12.0,0.0,1.0,0.0,0.0,0.0,3.0
2026,1,Ireland,J. Conan,j|conan,30,1.0,7.0,0.0,0.0,0.0,0.0,0.0,0.0,0.0,0.0,0.0,0.0,5.0,0.0,1.0,0.0,2.0,0.0,0.0
2026,1,Ireland,C. Doris,c|doris,80,15.0,29.0,0.0,0.0,1.0,0.0,0.0,0.0,0.0,0.0,0.0,0.0,34.0,0.0,3.0,1.0,4.0,0.0,0.0
2026,1,Ireland,C. Prendergast,c|prendergast,50,13.0,3.0,0.0,0.0,0.0,0.0,0.0,0.0,0.0,0.0,0.0,0.0,15.0,0.0,0.0,0.0,2.0,0.0,0.0
2026,1,Ireland,N. Timoney,n|timoney,30,4.0,38.0,0.0,0.0,1.0,1.0,0.0,0.0,0.0,0.0,0.0,0.0,33.0,0.0,2.0,0.0,2.0,0.0,0.0
2026,1,Ireland,J. van der Flier,j|vanderflier,50,11.0,15.0,0.0,0.0,0.0,0.0,0.0,0.0,0.0,0.0,0.0,0.0,14.0,0.0,0.0,0.0,2.0,0.0,0.0
2026,1,Ireland,T. Beirne,t|beirne,80,15.0,12.0,0.0,0.0,3.0,0.0,1.0,0.0,0.0,0.0,0.0,0.0,39.0,0.0,0.0,0.0,4.0,0.0,0.0
2026,1,Ireland,J. McCarthy,j|mccarthy,50,9.0,2.0,0.0,0.0,0.0,0.0,0.0,0.0,0.0,0.0,0.0,0.0,12.0,0.0,1.0,0.0,2.0,1.0,0.0
2026,1,Ireland,J. Ryan,j|ryan,30,5.0,7.0,0.0,0.0,0.0,0.0,0.0,0.0,0.0,0.0,0.0,0.0,9.0,0.0,1.0,0.0,2.0,0.0,0.0
2026,1,Ireland,F. Bealham,f|bealham,21,0.0,3.0,0.0,0.0,0.0,0.0,0.0,0.0,0.0,0.0,0.0,0.0,0.0,0.0,0.0,0.0,0.0,0.0,0.0
2026,1,Ireland,T. Clarkson,t|clarkson,59,5.0,2.0,0.0,0.0,0.0,0.0,0.0,0.0,0.0,0.0,0.0,0.0,8.0,0.0,0.0,0.0,4.0,1.0,0.0
2026,1,Ireland,J. Loughman,j|loughman,59,11.0,0.0,0.0,0.0,0.0,0.0,0.0,0.0,0.0,0.0,0.0,0.0,14.0,0.0,0.0,0.0,4.0,1.0,0.0
2026,1,Ireland,M. Milne,m|milne,21,3.0,4.0,0.0,0.0,0.0,1.0,0.0,0.0,0.0,0.0,0.0,0.0,18.0,0.0,0.0,0.0,0.0,0.0,0.0
2026,1,Ireland,R. Kelleher,r|kelleher,18,4.0,1.0,0.0,0.0,0.0,0.0,0.0,0.0,0.0,0.0,0.0,0.0,4.0,0.0,0.0,0.0,0.0,0.0,0.0
2026,1,Ireland,D. Sheehan,d|sheehan,62,4.0,12.0,0.0,0.0,0.0,0.0,0.0,0.0,0.0,0.0,0.0,0.0,13.0,0.0,2.0,0.0,4.0,0.0,0.0
2026,1,Italy,M. Ioane,m|ioane,80,7.0,48.0,0.0,0.0,0.0,0.0,0.0,0.0,0.0,0.0,0.0,0.0,17.0,0.0,1.0,2.0,0.0,0.0,0.0
2026,1,Italy,L. Lynagh,l|lynagh,80,7.0,12.0,0.0,0.0,0.0,1.0,0.0,0.0,0.0,0.0,0.0,0.0,17.0,0.0,0.0,0.0,0.0,1.0,0.0
2026,1,Italy,L. Pani,l|pani,7,2.0,0.0,0.0,0.0,0.0,0.0,0.0,0.0,0.0,0.0,0.0,0.0,2.0,0.0,0.0,0.0,0.0,0.0,0.0
2026,1,Italy,N. Brex,n|brex,80,13.0,5.0,0.0,0.0,0.0,0.0,1.0,0.0,0.0,0.0,0.0,0.0,20.0,0.0,1.0,0.0,0.0,1.0,1.0
2026,1,Italy,T. Menoncello,t|menoncello,80,6.0,103.0,0.0,0.0,0.0,1.0,0.0,0.0,0.0,0.0,0.0,0.0,34.0,0.0,4.0,0.0,0.0,0.0,0.0
2026,1,Italy,P. Garbisi,p|garbisi,80,6.0,9.0,0.0,0.0,0.0,0.0,0.0,1.0,2.0,0.0,0.0,0.0,15.0,0.0,1.0,0.0,0.0,1.0,0.0
2026,1,Italy,L. Marin,l|marin,73,1.0,25.0,0.0,0.0,0.0,0.0,0.0,0.0,0.0,0.0,0.0,0.0,9.0,0.0,1.0,2.0,0.0,0.0,0.0
2026,1,Italy,A. Fusco,a|fusco,61,5.0,0.0,0.0,0.0,0.0,0.0,0.0,0.0,0.0,0.0,0.0,0.0,11.0,0.0,0.0,0.0,0.0,0.0,3.0
2026,1,Italy,A. Garbisi,a|garbisi,19,3.0,0.0,0.0,0.0,0.0,0.0,0.0,0.0,0.0,0.0,0.0,0.0,5.0,0.0,0.0,0.0,0.0,0.0,1.0
2026,1,Italy,L. Cannone,l|cannone,80,19.0,50.0,0.0,0.0,1.0,0.0,0.0,0.0,0.0,0.0,0.0,0.0,44.0,0.0,4.0,1.0,6.0,1.0,0.0
2026,1,Italy,M. Lamaro,m|lamaro,69,16.0,1.0,0.0,2.0,0.0,0.0,1.0,0.0,0.0,0.0,0.0,0.0,37.0,0.0,0.0,0.0,4.0,1.0,0.0
2026,1,Italy,M. Zuliani,m|zuliani,66,19.0,4.0,0.0,1.0,0.0,0.0,0.0,0.0,0.0,0.0,0.0,0.0,32.0,0.0,2.0,0.0,4.0,2.0,0.0
2026,1,Italy,N. Cannone,n|cannone,80,26.0,4.0,0.0,0.0,0.0,0.0,0.0,0.0,0.0,0.0,0.0,0.0,31.0,0.0,0.0,0.0,6.0,1.0,0.0
2026,1,Italy,R. Favretto,r|favretto,25,7.0,3.0,0.0,0.0,0.0,0.0,0.0,0.0,0.0,0.0,0.0,0.0,13.0,0.0,1.0,0.0,4.0,0.0,0.0
2026,1,Italy,F. Ruzza,f|ruzza,11,7.0,0.0,0.0,0.0,0.0,0.0,0.0,0.0,0.0,0.0,0.0,0.0,8.0,0.0,0.0,0.0,2.0,1.0,0.0
2026,1,Italy,A. Zambonin,a|zambonin,69,19.0,2.0,0.0,1.0,0.0,0.0,0.0,0.0,0.0,0.0,0.0,0.0,30.0,0.0,0.0,0.0,4.0,0.0,0.0
2026,1,Italy,S. Ferrari,s|ferrari,59,16.0,0.0,0.0,0.0,0.0,0.0,0.0,0.0,0.0,0.0,0.0,0.0,33.0,1.0,0.0,0.0,2.0,0.0,0.0
2026,1,Italy,D. Fischetti,d|fischetti,59,16.0,13.0,0.0,0.0,0.0,0.0,0.0,0.0,0.0,0.0,0.0,0.0,19.0,0.0,2.0,0.0,2.0,4.0,0.0
2026,1,Italy,M. Hasa,m|hasa,21,5.0,1.0,0.0,0.0,0.0,0.0,0.0,0.0,0.0,0.0,0.0,0.0,7.0,0.0,0.0,0.0,4.0,2.0,0.0
2026,1,Italy,M. Spagnolo,m|spagnolo,21,1.0,0.0,0.0,0.0,0.0,0.0,0.0,0.0,0.0,0.0,0.0,0.0,5.0,0.0,0.0,0.0,4.0,0.0,0.0
2026,1,Italy,T. di Bartolomeo,t|dibartolomeo,21,9.0,5.0,0.0,0.0,0.0,0.0,0.0,0.0,0.0,0.0,0.0,0.0,12.0,0.0,0.0,0.0,4.0,1.0,0.0
2026,1,Italy,G. Nicotera,g|nicotera,59,16.0,4.0,0.0,0.0,0.0,0.0,0.0,0.0,0.0,0.0,0.0,0.0,20.0,0.0,0.0,1.0,2.0,0.0,0.0
2026,1,Scotland,D. Graham,d|graham,31,1.0,1.0,0.0,0.0,0.0,0.0,0.0,0.0,0.0,0.0,0.0,0.0,1.0,0.0,0.0,0.0,0.0,0.0,0.0
2026,1,Scotland,K. Steyn,k|steyn,80,6.0,8.0,0.0,0.0,0.0,0.0,0.0,0.0,0.0,0.0,0.0,0.0,12.0,0.0,3.0,0.0,0.0,0.0,0.0
2026,1,Scotland,H. Jones,h|jones,80,2.0,18.0,0.0,0.0,0.0,0.0,0.0,0.0,0.0,0.0,0.0,0.0,7.0,0.0,1.0,1.0,0.0,0.0,0.0
2026,1,Scotland,T. Jordan,t|jordan,80,0.0,20.0,0.0,0.0,0.0,0.0,0.0,0.0,0.0,0.0,0.0,0.0,6.0,0.0,2.0,0.0,0.0,0.0,0.0
2026,1,Scotland,S. Tuipulotu,s|tuipulotu,80,5.0,15.0,0.0,0.0,0.0,0.0,0.0,0.0,0.0,0.0,0.0,0.0,11.0,0.0,3.0,0.0,0.0,1.0,0.0
2026,1,Scotland,F. Russell,f|russell,80,6.0,16.0,0.0,0.0,0.0,0.0,0.0,1.0,1.0,0.0,0.0,0.0,14.0,0.0,0.0,1.0,0.0,0.0,0.0
2026,1,Scotland,G. Horne,g|horne,16,1.0,4.0,0.0,0.0,0.0,1.0,0.0,0.0,0.0,0.0,0.0,0.0,15.0,0.0,1.0,0.0,0.0,0.0,1.0
2026,1,Scotland,B. White,b|white,64,4.0,4.0,0.0,0.0,0.0,0.0,0.0,0.0,0.0,0.0,0.0,0.0,26.0,0.0,2.0,2.0,0.0,0.0,7.0
2026,1,Scotland,R. Darge,r|darge,76,4.0,3.0,0.0,0.0,2.0,0.0,0.0,0.0,0.0,0.0,0.0,0.0,22.0,0.0,1.0,1.0,4.0,0.0,0.0
2026,1,Scotland,J. Dempsey,j|dempsey,80,8.0,46.0,0.0,0.0,0.0,1.0,0.0,0.0,0.0,0.0,0.0,0.0,40.0,0.0,4.0,0.0,5.0,0.0,0.0
2026,1,Scotland,M. Fagerson,m|fagerson,64,9.0,14.0,0.0,0.0,0.0,0.0,1.0,0.0,0.0,0.0,0.0,0.0,17.0,0.0,1.0,0.0,2.0,1.0,0.0
2026,1,Scotland,G. Brown,g|brown,31,3.0,6.0,0.0,1.0,0.0,0.0,0.0,0.0,0.0,0.0,0.0,0.0,14.0,0.0,0.0,0.0,4.0,0.0,0.0
2026,1,Scotland,S. Cummings,s|cummings,80,4.0,0.0,0.0,0.0,0.0,0.0,0.0,0.0,0.0,0.0,0.0,0.0,9.0,0.0,0.0,0.0,5.0,0.0,0.0
2026,1,Scotland,G. Gilchrist,g|gilchrist,49,4.0,2.0,0.0,0.0,0.0,0.0,0.0,0.0,0.0,0.0,0.0,0.0,3.0,0.0,0.0,0.0,1.0,2.0,0.0
2026,1,Scotland,M. Williamson,m|williamson,16,0.0,5.0,0.0,0.0,0.0,0.0,0.0,0.0,0.0,0.0,0.0,0.0,3.0,0.0,0.0,0.0,3.0,0.0,0.0
2026,1,Scotland,Z. Fagerson,z|fagerson,64,10.0,11.0,0.0,0.0,0.0,0.0,0.0,0.0,0.0,0.0,0.0,0.0,13.0,0.0,1.0,0.0,2.0,2.0,0.0
2026,1,Scotland,N. McBeth,n|mcbeth,23,3.0,1.0,0.0,0.0,0.0,0.0,0.0,0.0,0.0,0.0,0.0,0.0,6.0,0.0,0.0,0.0,3.0,0.0,0.0
2026,1,Scotland,E. Millar-Mills,e|millarmills,16,0.0,3.0,0.0,0.0,0.0,0.0,0.0,0.0,0.0,0.0,0.0,0.0,3.0,0.0,1.0,0.0,3.0,2.0,0.0
2026,1,Scotland,P. Schoeman,p|schoeman,57,7.0,5.0,0.0,0.0,0.0,0.0,0.0,0.0,0.0,0.0,0.0,0.0,10.0,0.0,1.0,0.0,2.0,1.0,0.0
2026,1,Scotland,E. Ashman,e|ashman,53,8.0,13.0,0.0,0.0,0.0,0.0,0.0,0.0,0.0,0.0,0.0,0.0,14.0,0.0,1.0,1.0,2.0,1.0,0.0
2026,1,Scotland,G. Turner,g|turner,21,1.0,8.0,0.0,0.0,0.0,0.0,0.0,0.0,0.0,0.0,1.0,0.0,-2.0,0.0,0.0,0.0,3.0,1.0,0.0
2026,1,England,H. Arundell,h|arundell,80,4.0,61.0,0.0,0.0,0.0,3.0,0.0,0.0,0.0,0.0,0.0,0.0,46.0,0.0,2.0,0.0,0.0,0.0,1.0
2026,1,England,T. Freeman,t|freeman,80,8.0,106.0,0.0,0.0,0.0,1.0,0.0,0.0,0.0,0.0,0.0,0.0,50.0,0.0,10.0,1.0,1.0,0.0,0.0
2026,1,England,T. Roebuck,t|roebuck,65,3.0,17.0,0.0,0.0,0.0,1.0,0.0,0.0,0.0,0.0,0.0,0.0,17.0,0.0,2.0,0.0,0.0,1.0,0.0
2026,1,England,F. Steward,f|steward,65,2.0,28.0,0.0,0.0,0.0,0.0,1.0,0.0,0.0,0.0,0.0,0.0,16.0,0.0,3.0,1.0,0.0,0.0,0.0
2026,1,England,F. Dingwall,f|dingwall,80,5.0,21.0,0.0,0.0,0.0,0.0,2.0,0.0,0.0,0.0,0.0,0.0,20.0,0.0,0.0,2.0,0.0,1.0,1.0
2026,1,England,G. Ford,g|ford,80,5.0,82.0,0.0,0.0,0.0,0.0,2.0,4.0,1.0,0.0,0.0,0.0,55.0,1.0,2.0,0.0,0.0,0.0,2.0
2026,1,England,M. Smith,m|smith,15,0.0,38.0,0.0,0.0,0.0,0.0,0.0,0.0,0.0,0.0,0.0,0.0,9.0,0.0,3.0,0.0,0.0,0.0,0.0
2026,1,England,A. Mitchell,a|mitchell,67,2.0,13.0,0.0,0.0,0.0,0.0,0.0,0.0,0.0,0.0,0.0,0.0,6.0,0.0,0.0,0.0,0.0,1.0,2.0
2026,1,England,B. Spencer,b|spencer,13,3.0,2.0,0.0,0.0,0.0,0.0,0.0,0.0,0.0,0.0,0.0,0.0,3.0,0.0,0.0,0.0,0.0,0.0,0.0
2026,1,England,T. Curry,t|curry,26,4.0,0.0,0.0,0.0,0.0,0.0,0.0,0.0,0.0,0.0,1.0,0.0,-1.0,0.0,0.0,0.0,1.0,1.0,0.0
2026,1,England,B. Earl,b|earl,80,17.0,69.0,0.0,0.0,0.0,1.0,0.0,0.0,0.0,0.0,0.0,0.0,50.0,0.0,3.0,1.0,5.0,1.0,0.0
2026,1,England,G. Pepper,g|pepper,80,14.0,11.0,0.0,1.0,0.0,0.0,0.0,0.0,0.0,0.0,0.0,0.0,32.0,0.0,2.0,1.0,5.0,1.0,0.0
2026,1,England,H. Pollock,h|pollock,15,1.0,21.0,0.0,0.0,0.0,0.0,0.0,0.0,0.0,0.0,0.0,0.0,3.0,0.0,0.0,0.0,0.0,0.0,0.0
2026,1,England,S. Underhill,s|underhill,50,7.0,0.0,0.0,0.0,0.0,0.0,0.0,0.0,0.0,0.0,0.0,0.0,10.0,0.0,0.0,0.0,4.0,1.0,0.0
2026,1,England,O. Chessum,o|chessum,80,13.0,41.0,0.0,1.0,0.0,0.0,0.0,0.0,0.0,0.0,0.0,0.0,30.0,0.0,0.0,1.0,5.0,1.0,0.0
2026,1,England,A. Coles,a|coles,50,10.0,10.0,0.0,1.0,0.0,0.0,0.0,0.0,0.0,0.0,0.0,0.0,22.0,0.0,0.0,0.0,4.0,0.0,0.0
2026,1,England,M. Itoje,m|itoje,18,1.0,1.0,0.0,0.0,1.0,0.0,0.0,0.0,0.0,0.0,1.0,0.0,0.0,0.0,0.0,0.0,0.0,1.0,0.0
2026,1,England,T. Davison,t|davison,30,5.0,7.0,0.0,0.0,0.0,0.0,0.0,0.0,0.0,0.0,0.0,0.0,6.0,0.0,0.0,0.0,1.0,0.0,0.0
2026,1,England,E. Genge,e|genge,40,8.0,6.0,0.0,0.0,0.0,0.0,0.0,0.0,0.0,0.0,0.0,0.0,11.0,0.0,1.0,0.0,3.0,2.0,0.0
2026,1,England,J. Heyes,j|heyes,50,5.0,0.0,0.0,0.0,0.0,0.0,0.0,0.0,0.0,0.0,0.0,0.0,9.0,0.0,0.0,0.0,4.0,0.0,0.0
2026,1,England,B. Rodd,b|rodd,40,10.0,14.0,0.0,0.0,0.0,0.0,0.0,0.0,0.0,0.0,0.0,0.0,17.0,0.0,1.0,1.0,2.0,0.0,0.0
2026,1,England,L. Cowan-Dickie,l|cowandickie,30,1.0,7.0,0.0,0.0,0.0,0.0,1.0,0.0,0.0,0.0,0.0,0.0,5.0,0.0,0.0,0.0,1.0,1.0,0.0
2026,1,England,J. George,j|george,50,8.0,1.0,0.0,0.0,0.0,0.0,0.0,0.0,0.0,0.0,0.0,0.0,12.0,0.0,0.0,0.0,4.0,0.0,0.0
2026,1,Wales,J. Adams,j|adams,80,6.0,25.0,0.0,0.0,0.0,1.0,0.0,0.0,0.0,0.0,0.0,0.0,20.0,0.0,1.0,0.0,0.0,0.0,0.0
2026,1,Wales,E. Mee,e|mee,52,9.0,0.0,0.0,0.0,0.0,0.0,0.0,0.0,0.0,0.0,0.0,0.0,8.0,0.0,0.0,0.0,0.0,1.0,0.0
2026,1,Wales,L. Rees-Zammit,l|reeszammit,80,4.0,87.0,0.0,0.0,0.0,0.0,0.0,0.0,0.0,0.0,0.0,0.0,21.0,0.0,5.0,0.0,0.0,1.0,0.0
2026,1,Wales,M. Grady,m|grady,28,2.0,4.0,0.0,0.0,0.0,0.0,0.0,0.0,0.0,0.0,0.0,0.0,6.0,0.0,2.0,0.0,0.0,0.0,0.0
2026,1,Wales,E. James,e|james,69,5.0,19.0,0.0,0.0,1.0,0.0,0.0,0.0,0.0,0.0,0.0,0.0,11.0,0.0,0.0,0.0,0.0,0.0,0.0
2026,1,Wales,B. Thomas,b|thomas,70,5.0,4.0,0.0,0.0,0.0,0.0,0.0,0.0,0.0,0.0,1.0,0.0,0.0,0.0,1.0,0.0,0.0,2.0,0.0
2026,1,Wales,D. Edwards,d|edwards,80,7.0,24.0,0.0,0.0,0.0,0.0,1.0,1.0,0.0,0.0,0.0,0.0,17.0,0.0,0.0,0.0,0.0,0.0,1.0
2026,1,Wales,K. Hardy,k|hardy,1,0.0,0.0,0.0,0.0,0.0,0.0,0.0,0.0,0.0,0.0,0.0,0.0,0.0,0.0,0.0,0.0,0.0,0.0,0.0
2026,1,Wales,T. Williams,t|williams,79,9.0,13.0,0.0,0.0,0.0,0.0,0.0,0.0,0.0,0.0,0.0,0.0,20.0,0.0,0.0,0.0,0.0,0.0,5.0
2026,1,Wales,H. Deaves,h|deaves,28,11.0,26.0,0.0,0.0,0.0,0.0,0.0,0.0,0.0,0.0,0.0,0.0,13.0,0.0,0.0,0.0,1.0,1.0,0.0
2026,1,Wales,J. Macleod,j|macleod,52,11.0,18.0,0.0,0.0,1.0,0.0,0.0,0.0,0.0,0.0,0.0,0.0,18.0,0.0,0.0,0.0,2.0,1.0,0.0
2026,1,Wales,A. Mann,a|mann,40,10.0,3.0,0.0,0.0,0.0,0.0,0.0,0.0,0.0,0.0,0.0,0.0,13.0,0.0,1.0,0.0,1.0,0.0,0.0
2026,1,Wales,A. Wainwright,a|wainwright,80,9.0,33.0,0.0,0.0,0.0,0.0,0.0,0.0,0.0,0.0,0.0,0.0,24.0,0.0,5.0,0.0,3.0,1.0,0.0
2026,1,Wales,A. Beard,a|beard,69,9.0,11.0,0.0,0.0,0.0,0.0,0.0,0.0,0.0,0.0,0.0,0.0,14.0,0.0,0.0,1.0,2.0,0.0,0.0
2026,1,Wales,B. Carter,b|carter,11,2.0,0.0,0.0,0.0,0.0,0.0,0.0,0.0,0.0,0.0,0.0,0.0,3.0,0.0,0.0,0.0,1.0,0.0,0.0
2026,1,Wales,D. Jenkins,d|jenkins,80,14.0,3.0,0.0,0.0,0.0,0.0,0.0,0.0,0.0,0.0,0.0,0.0,14.0,0.0,0.0,0.0,3.0,3.0,0.0
2026,1,Wales,R. Carre,r|carre,40,1.0,1.0,0.0,0.0,0.0,0.0,0.0,0.0,0.0,0.0,0.0,0.0,4.0,0.0,1.0,0.0,2.0,1.0,0.0
2026,1,Wales,T. Francis,t|francis,30,4.0,0.0,0.0,0.0,0.0,0.0,0.0,0.0,0.0,0.0,0.0,0.0,5.0,0.0,0.0,0.0,1.0,0.0,0.0
2026,1,Wales,A. Griffin,a|griffin,50,11.0,0.0,0.0,0.0,0.0,0.0,0.0,0.0,0.0,0.0,0.0,0.0,14.0,0.0,1.0,0.0,2.0,1.0,0.0
2026,1,Wales,N. Smith,n|smith,39,3.0,0.0,0.0,0.0,0.0,0.0,0.0,0.0,0.0,0.0,1.0,0.0,-3.0,0.0,0.0,0.0,1.0,2.0,0.0
2026,1,Wales,L. Belcher,l|belcher,24,2.0,0.0,0.0,0.0,0.0,0.0,0.0,0.0,0.0,0.0,0.0,0.0,4.0,0.0,0.0,0.0,2.0,0.0,0.0
2026,1,Wales,D. Lake,d|lake,56,10.0,12.0,0.0,0.0,0.0,0.0,0.0,0.0,0.0,0.0,1.0,0.0,6.0,0.0,0.0,0.0,1.0,1.0,0.0
2026,2,Ireland,R. Baloucoune,r|baloucoune,80,5.0,38.0,0.0,0.0,0.0,1.0,0.0,0.0,0.0,0.0,0.0,0.0,45.0,1.0,5.0,1.0,0.0,0.0,0.0
2026,2,Ireland,J. Lowe,j|lowe,80,6.0,138.0,0.0,0.0,0.0,0.0,0.0,0.0,0.0,0.0,0.0,0.0,47.0,0.0,9.0,3.0,0.0,0.0,2.0
2026,2,Ireland,J. Osborne,j|osborne,80,5.0,47.0,0.0,0.0,0.0,1.0,0.0,0.0,0.0,0.0,0.0,0.0,29.0,0.0,4.0,1.0,0.0,0.0,0.0
2026,2,Ireland,S. McCloskey,s|mccloskey,80,17.0,27.0,0.0,0.0,1.0,0.0,2.0,0.0,0.0,0.0,0.0,0.0,40.0,0.0,2.0,2.0,0.0,0.0,0.0
2026,2,Ireland,G. Ringrose,g|ringrose,80,9.0,21.0,0.0,0.0,0.0,0.0,0.0,0.0,0.0,0.0,0.0,0.0,14.0,0.0,1.0,1.0,0.0,1.0,0.0
2026,2,Ireland,J. Crowley,j|crowley,24,4.0,0.0,0.0,0.0,0.0,0.0,0.0,1.0,1.0,0.0,0.0,0.0,9.0,0.0,0.0,0.0,0.0,0.0,0.0
2026,2,Ireland,S. Prendergast,s|prendergast,56,8.0,6.0,0.0,0.0,0.0,0.0,0.0,0.0,0.0,0.0,0.0,0.0,10.0,0.0,0.0,0.0,0.0,0.0,1.0
2026,2,Ireland,C. Casey,c|casey,43,0.0,6.0,0.0,0.0,0.0,0.0,0.0,0.0,0.0,0.0,1.0,0.0,4.0,0.0,3.0,0.0,0.0,1.0,2.0
2026,2,Ireland,J. Gibson-Park,j|gibsonpark,28,4.0,0.0,0.0,0.0,0.0,0.0,0.0,0.0,0.0,0.0,0.0,0.0,4.0,0.0,0.0,0.0,0.0,0.0,0.0
2026,2,Ireland,J. Conan,j|conan,80,18.0,31.0,0.0,0.0,0.0,1.0,0.0,0.0,0.0,0.0,0.0,0.0,43.0,0.0,1.0,0.0,5.0,0.0,0.0
2026,2,Ireland,C. Doris,c|doris,80,14.0,35.0,0.0,0.0,1.0,0.0,1.0,0.0,0.0,0.0,0.0,0.0,38.0,0.0,4.0,0.0,5.0,1.0,0.0
2026,2,Ireland,N. Timoney,n|timoney,21,3.0,19.0,0.0,0.0,0.0,0.0,0.0,0.0,0.0,0.0,0.0,0.0,7.0,0.0,1.0,0.0,1.0,0.0,0.0
2026,2,Ireland,T. Beirne,t|beirne,28,9.0,0.0,0.0,0.0,0.0,0.0,0.0,0.0,0.0,0.0,0.0,0.0,11.0,0.0,0.0,0.0,2.0,0.0,0.0
2026,2,Ireland,E. Edogbo,e|edogbo,10,8.0,0.0,0.0,0.0,0.0,0.0,0.0,0.0,0.0,0.0,0.0,0.0,8.0,0.0,0.0,0.0,1.0,1.0,0.0
2026,2,Ireland,C. Izuchukwu,c|izuchukwu,59,7.0,19.0,0.0,1.0,0.0,0.0,0.0,0.0,0.0,0.0,0.0,0.0,20.0,0.0,0.0,1.0,4.0,1.0,0.0
2026,2,Ireland,J. McCarthy,j|mccarthy,52,5.0,15.0,0.0,0.0,0.0,0.0,0.0,0.0,0.0,0.0,0.0,0.0,11.0,0.0,1.0,0.0,3.0,0.0,0.0
2026,2,Ireland,J. Ryan,j|ryan,70,5.0,10.0,0.0,0.0,0.0,0.0,0.0,0.0,0.0,0.0,0.0,0.0,10.0,0.0,0.0,0.0,4.0,0.0,0.0
2026,2,Ireland,T. Clarkson,t|clarkson,40,8.0,3.0,0.0,0.0,0.0,0.0,0.0,0.0,0.0,0.0,0.0,0.0,11.0,0.0,1.0,0.0,3.0,2.0,0.0
2026,2,Ireland,T. Furlong,t|furlong,40,4.0,7.0,0.0,0.0,0.0,0.0,0.0,0.0,0.0,0.0,0.0,0.0,7.0,0.0,1.0,0.0,2.0,1.0,0.0
2026,2,Ireland,J. Loughman,j|loughman,66,4.0,5.0,0.0,0.0,0.0,0.0,0.0,0.0,0.0,0.0,0.0,0.0,8.0,0.0,0.0,0.0,4.0,0.0,0.0
2026,2,Ireland,T. O'Toole,t|otoole,14,9.0,0.0,0.0,0.0,0.0,0.0,0.0,0.0,0.0,0.0,0.0,0.0,10.0,0.0,0.0,0.0,1.0,0.0,0.0
2026,2,Ireland,R. Kelleher,r|kelleher,28,9.0,14.0,0.0,0.0,0.0,0.0,0.0,0.0,0.0,0.0,0.0,0.0,12.0,0.0,0.0,0.0,2.0,0.0,0.0
2026,2,Ireland,D. Sheehan,d|sheehan,52,2.0,17.0,0.0,0.0,0.0,0.0,0.0,0.0,0.0,0.0,0.0,0.0,4.0,0.0,0.0,0.0,3.0,2.0,0.0
2026,2,Italy,M. Ioane,m|ioane,80,8.0,86.0,0.0,0.0,0.0,0.0,0.0,0.0,0.0,0.0,0.0,0.0,32.0,0.0,5.0,3.0,0.0,0.0,0.0
2026,2,Italy,L. Lynagh,l|lynagh,69,7.0,55.0,0.0,0.0,0.0,0.0,0.0,0.0,0.0,0.0,1.0,0.0,10.0,0.0,0.0,2.0,0.0,1.0,0.0
2026,2,Italy,P. Odogwu,p|odogwu,14,0.0,26.0,0.0,0.0,0.0,0.0,0.0,0.0,0.0,0.0,0.0,0.0,4.0,0.0,1.0,0.0,0.0,0.0,0.0
2026,2,Italy,L. Pani,l|pani,80,4.0,97.0,0.0,0.0,0.0,0.0,0.0,0.0,0.0,0.0,0.0,0.0,19.0,0.0,3.0,0.0,0.0,0.0,0.0
2026,2,Italy,T. Menoncello,t|menoncello,80,13.0,39.0,0.0,0.0,0.0,0.0,0.0,0.0,0.0,0.0,0.0,0.0,24.0,0.0,4.0,0.0,0.0,2.0,1.0
2026,2,Italy,P. Garbisi,p|garbisi,80,9.0,24.0,0.0,0.0,0.0,0.0,0.0,1.0,2.0,0.0,0.0,0.0,25.0,0.0,2.0,0.0,0.0,0.0,1.0
2026,2,Italy,L. Marin,l|marin,66,9.0,5.0,0.0,0.0,0.0,0.0,0.0,0.0,0.0,0.0,0.0,0.0,15.0,0.0,1.0,2.0,0.0,0.0,0.0
2026,2,Italy,A. Fusco,a|fusco,63,7.0,19.0,0.0,0.0,0.0,0.0,0.0,0.0,0.0,0.0,0.0,0.0,13.0,0.0,3.0,0.0,0.0,1.0,0.0
2026,2,Italy,A. Garbisi,a|garbisi,17,0.0,3.0,0.0,0.0,0.0,0.0,0.0,0.0,0.0,0.0,0.0,0.0,0.0,0.0,0.0,0.0,0.0,0.0,0.0
2026,2,Italy,L. Cannone,l|cannone,66,18.0,25.0,0.0,0.0,0.0,0.0,0.0,0.0,0.0,0.0,0.0,0.0,28.0,0.0,2.0,0.0,4.0,0.0,0.0
2026,2,Italy,M. Lamaro,m|lamaro,80,12.0,2.0,0.0,0.0,1.0,0.0,0.0,0.0,0.0,0.0,0.0,0.0,22.0,0.0,0.0,0.0,5.0,0.0,0.0
2026,2,Italy,D. Odiase,d|odiase,14,2.0,13.0,0.0,0.0,0.0,0.0,0.0,0.0,0.0,0.0,0.0,0.0,4.0,0.0,0.0,0.0,1.0,0.0,0.0
2026,2,Italy,M. Zuliani,m|zuliani,80,14.0,28.0,0.0,1.0,1.0,0.0,0.0,0.0,0.0,0.0,0.0,0.0,41.0,0.0,3.0,1.0,5.0,0.0,0.0
2026,2,Italy,N. Cannone,n|cannone,66,9.0,0.0,0.0,0.0,0.0,0.0,0.0,0.0,0.0,0.0,0.0,0.0,15.0,0.0,1.0,0.0,4.0,0.0,0.0
2026,2,Italy,R. Favretto,r|favretto,14,1.0,0.0,0.0,0.0,0.0,0.0,0.0,0.0,0.0,0.0,0.0,0.0,2.0,0.0,0.0,0.0,1.0,0.0,0.0
2026,2,Italy,F. Ruzza,f|ruzza,20,1.0,6.0,0.0,0.0,0.0,0.0,0.0,0.0,0.0,0.0,0.0,0.0,4.0,0.0,0.0,1.0,2.0,1.0,0.0
2026,2,Italy,A. Zambonin,a|zambonin,60,13.0,1.0,0.0,0.0,0.0,0.0,0.0,0.0,0.0,0.0,0.0,0.0,16.0,0.0,0.0,0.0,3.0,0.0,0.0
2026,2,Italy,S. Ferrari,s|ferrari,58,11.0,1.0,0.0,0.0,0.0,0.0,0.0,0.0,0.0,0.0,0.0,0.0,14.0,0.0,0.0,0.0,3.0,0.0,0.0
2026,2,Italy,D. Fischetti,d|fischetti,58,8.0,4.0,0.0,0.0,0.0,0.0,0.0,0.0,0.0,0.0,0.0,0.0,12.0,0.0,1.0,0.0,3.0,1.0,0.0
2026,2,Italy,M. Hasa,m|hasa,22,2.0,1.0,0.0,0.0,0.0,0.0,0.0,0.0,0.0,0.0,0.0,0.0,4.0,0.0,0.0,0.0,2.0,0.0,0.0
2026,2,Italy,M. Spagnolo,m|spagnolo,22,4.0,2.0,0.0,0.0,0.0,0.0,0.0,0.0,0.0,0.0,0.0,0.0,6.0,0.0,0.0,0.0,2.0,0.0,0.0
2026,2,Italy,T. di Bartolomeo,t|dibartolomeo,22,4.0,1.0,0.0,0.0,0.0,0.0,0.0,0.0,0.0,0.0,0.0,0.0,6.0,0.0,0.0,0.0,2.0,0.0,0.0
2026,2,Italy,G. Nicotera,g|nicotera,58,13.0,3.0,0.0,0.0,0.0,1.0,0.0,0.0,0.0,0.0,0.0,0.0,31.0,0.0,0.0,0.0,3.0,0.0,0.0
2026,2,Scotland,D. Graham,d|graham,12,1.0,32.0,0.0,0.0,0.0,0.0,0.0,0.0,0.0,0.0,0.0,0.0,5.0,0.0,1.0,0.0,0.0,1.0,0.0
2026,2,Scotland,K. Steyn,k|steyn,80,6.0,79.0,0.0,0.0,0.0,0.0,0.0,0.0,0.0,0.0,0.0,0.0,44.0,1.0,7.0,1.0,0.0,0.0,0.0
2026,2,Scotland,H. Jones,h|jones,80,8.0,114.0,0.0,0.0,0.0,2.0,0.0,0.0,0.0,0.0,0.0,0.0,49.0,0.0,4.0,1.0,0.0,0.0,0.0
2026,2,Scotland,T. Jordan,t|jordan,68,1.0,12.0,0.0,0.0,0.0,0.0,0.0,0.0,0.0,0.0,0.0,0.0,4.0,0.0,0.0,1.0,0.0,0.0,0.0
2026,2,Scotland,S. Tuipulotu,s|tuipulotu,80,6.0,10.0,0.0,0.0,0.0,0.0,1.0,0.0,0.0,0.0,0.0,0.0,18.0,0.0,4.0,0.0,0.0,1.0,0.0
2026,2,Scotland,A. Hastings,a|hastings,5,0.0,0.0,0.0,0.0,0.0,0.0,0.0,0.0,0.0,0.0,0.0,0.0,0.0,0.0,0.0,0.0,0.0,0.0,0.0
2026,2,Scotland,F. Russell,f|russell,80,6.0,37.0,0.0,0.0,0.0,0.0,1.0,4.0,1.0,0.0,0.0,0.0,36.0,0.0,5.0,0.0,0.0,0.0,1.0
2026,2,Scotland,G. Horne,g|horne,23,2.0,1.0,0.0,0.0,0.0,0.0,0.0,0.0,0.0,0.0,0.0,0.0,8.0,0.0,0.0,0.0,0.0,0.0,3.0
2026,2,Scotland,B. White,b|white,57,9.0,15.0,0.0,0.0,0.0,1.0,0.0,0.0,0.0,0.0,0.0,0.0,28.0,0.0,0.0,1.0,0.0,0.0,3.0
2026,2,Scotland,R. Darge,r|darge,80,21.0,5.0,0.0,0.0,2.0,0.0,0.0,0.0,0.0,0.0,0.0,0.0,38.0,0.0,0.0,0.0,7.0,0.0,0.0
2026,2,Scotland,J. Dempsey,j|dempsey,56,11.0,7.0,0.0,0.0,0.0,0.0,0.0,0.0,0.0,0.0,0.0,0.0,16.0,0.0,1.0,0.0,3.0,0.0,0.0
2026,2,Scotland,M. Fagerson,m|fagerson,40,9.0,12.0,0.0,0.0,0.0,0.0,1.0,0.0,0.0,0.0,0.0,0.0,19.0,0.0,0.0,0.0,5.0,0.0,0.0
2026,2,Scotland,G. Brown,g|brown,80,13.0,2.0,0.0,0.0,1.0,0.0,0.0,0.0,0.0,0.0,0.0,0.0,25.0,0.0,0.0,0.0,7.0,0.0,0.0
2026,2,Scotland,S. Cummings,s|cummings,80,17.0,0.0,0.0,0.0,0.0,0.0,0.0,0.0,0.0,0.0,0.0,0.0,23.0,0.0,0.0,0.0,7.0,1.0,0.0
2026,2,Scotland,M. Williamson,m|williamson,24,1.0,0.0,0.0,0.0,0.0,0.0,0.0,0.0,0.0,0.0,0.0,0.0,5.0,0.0,0.0,0.0,4.0,0.0,0.0
2026,2,Scotland,Z. Fagerson,z|fagerson,50,7.0,1.0,0.0,0.0,0.0,0.0,0.0,0.0,0.0,0.0,0.0,0.0,8.0,0.0,0.0,0.0,3.0,2.0,0.0
2026,2,Scotland,N. McBeth,n|mcbeth,49,8.0,0.0,0.0,0.0,0.0,0.0,0.0,0.0,0.0,0.0,0.0,0.0,8.0,0.0,0.0,0.0,2.0,2.0,0.0
2026,2,Scotland,E. Millar-Mills,e|millarmills,30,8.0,0.0,0.0,0.0,0.0,0.0,0.0,0.0,0.0,0.0,0.0,0.0,11.0,0.0,0.0,0.0,4.0,1.0,0.0
2026,2,Scotland,P. Schoeman,p|schoeman,31,5.0,9.0,0.0,0.0,0.0,0.0,0.0,0.0,0.0,0.0,0.0,0.0,10.0,0.0,0.0,0.0,5.0,0.0,0.0
2026,2,England,H. Arundell,h|arundell,26,2.0,1.0,0.0,0.0,0.0,1.0,0.0,0.0,0.0,0.0,1.0,1.0,-1.0,0.0,1.0,0.0,0.0,2.0,0.0
2026,2,England,T. Freeman,t|freeman,80,6.0,29.0,0.0,0.0,0.0,0.0,0.0,0.0,0.0,0.0,0.0,0.0,8.0,0.0,0.0,0.0,0.0,0.0,0.0
2026,2,England,T. Roebuck,t|roebuck,80,2.0,5.0,0.0,0.0,0.0,0.0,0.0,0.0,0.0,0.0,0.0,0.0,2.0,0.0,0.0,0.0,0.0,0.0,0.0
2026,2,England,F. Steward,f|steward,80,3.0,87.0,0.0,0.0,0.0,0.0,0.0,0.0,0.0,0.0,0.0,0.0,21.0,0.0,3.0,2.0,0.0,0.0,0.0
2026,2,England,F. Dingwall,f|dingwall,80,6.0,2.0,0.0,0.0,0.0,0.0,1.0,0.0,0.0,0.0,0.0,0.0,12.0,0.0,0.0,1.0,0.0,0.0,0.0
2026,2,England,G. Ford,g|ford,80,6.0,39.0,0.0,0.0,0.0,0.0,1.0,2.0,2.0,0.0,0.0,0.0,29.0,0.0,2.0,0.0,0.0,0.0,1.0
2026,2,England,F. Smith,f|smith,23,3.0,1.0,0.0,0.0,0.0,0.0,0.0,0.0,0.0,0.0,0.0,0.0,3.0,0.0,0.0,0.0,0.0,0.0,0.0
2026,2,England,A. Mitchell,a|mitchell,68,3.0,36.0,0.0,0.0,0.0,0.0,0.0,0.0,0.0,0.0,0.0,0.0,14.0,0.0,3.0,0.0,0.0,0.0,1.0
2026,2,England,B. Spencer,b|spencer,12,0.0,0.0,0.0,0.0,0.0,0.0,0.0,0.0,0.0,0.0,0.0,0.0,2.0,0.0,0.0,0.0,0.0,0.0,1.0
2026,2,England,T. Curry,t|curry,40,6.0,2.0,0.0,0.0,0.0,0.0,0.0,0.0,0.0,0.0,0.0,0.0,9.0,0.0,0.0,0.0,3.0,0.0,0.0
2026,2,England,B. Earl,b|earl,80,14.0,68.0,0.0,0.0,0.0,1.0,0.0,0.0,0.0,0.0,0.0,0.0,40.0,0.0,1.0,0.0,3.0,0.0,0.0
2026,2,England,G. Pepper,g|pepper,56,7.0,15.0,0.0,0.0,0.0,0.0,0.0,0.0,0.0,0.0,0.0,0.0,7.0,0.0,0.0,0.0,1.0,2.0,0.0
2026,2,England,H. Pollock,h|pollock,24,7.0,47.0,0.0,0.0,1.0,0.0,0.0,0.0,0.0,0.0,0.0,0.0,22.0,0.0,2.0,0.0,2.0,0.0,0.0
2026,2,England,S. Underhill,s|underhill,40,4.0,9.0,0.0,0.0,0.0,0.0,0.0,0.0,0.0,0.0,0.0,0.0,6.0,0.0,1.0,0.0,0.0,0.0,0.0
2026,2,England,O. Chessum,o|chessum,80,11.0,20.0,0.0,0.0,0.0,0.0,0.0,0.0,0.0,0.0,0.0,0.0,16.0,0.0,0.0,0.0,3.0,0.0,0.0
2026,2,England,A. Coles,a|coles,24,4.0,0.0,0.0,0.0,0.0,0.0,0.0,0.0,0.0,0.0,0.0,0.0,5.0,0.0,0.0,0.0,2.0,1.0,0.0
2026,2,England,M. Itoje,m|itoje,56,7.0,12.0,0.0,0.0,0.0,0.0,0.0,0.0,0.0,0.0,0.0,0.0,11.0,0.0,1.0,0.0,1.0,0.0,0.0
2026,2,England,T. Davison,t|davison,12,1.0,0.0,0.0,0.0,0.0,0.0,0.0,0.0,0.0,0.0,0.0,0.0,2.0,0.0,0.0,0.0,1.0,0.0,0.0
2026,2,England,E. Genge,e|genge,56,1.0,9.0,0.0,0.0,0.0,0.0,0.0,0.0,0.0,0.0,0.0,0.0,4.0,0.0,1.0,0.0,1.0,0.0,0.0
2026,2,England,J. Heyes,j|heyes,68,8.0,1.0,0.0,0.0,0.0,0.0,0.0,0.0,0.0,0.0,0.0,0.0,11.0,0.0,0.0,1.0,2.0,1.0,0.0
2026,2,England,B. Rodd,b|rodd,24,8.0,0.0,0.0,0.0,0.0,0.0,0.0,0.0,0.0,0.0,0.0,0.0,9.0,0.0,0.0,0.0,2.0,1.0,0.0
2026,2,England,L. Cowan-Dickie,l|cowandickie,56,6.0,6.0,0.0,0.0,1.0,0.0,0.0,0.0,0.0,0.0,0.0,0.0,11.0,0.0,0.0,0.0,1.0,1.0,0.0
2026,2,England,J. George,j|george,24,5.0,0.0,0.0,0.0,0.0,0.0,0.0,0.0,0.0,0.0,0.0,0.0,7.0,0.0,0.0,0.0,2.0,0.0,0.0
2026,2,Wales,J. Adams,j|adams,80,2.0,37.0,0.0,0.0,0.0,0.0,0.0,0.0,0.0,0.0,0.0,0.0,12.0,0.0,2.0,2.0,0.0,1.0,0.0
2026,2,Wales,E. Mee,e|mee,55,3.0,34.0,0.0,0.0,0.0,0.0,0.0,0.0,0.0,0.0,0.0,0.0,10.0,0.0,2.0,0.0,0.0,0.0,0.0
2026,2,Wales,L. Rees-Zammit,l|reeszammit,80,2.0,151.0,0.0,0.0,0.0,0.0,1.0,0.0,0.0,0.0,0.0,0.0,37.0,0.0,5.0,3.0,0.0,0.0,0.0
2026,2,Wales,M. Grady,m|grady,25,2.0,8.0,0.0,0.0,0.0,1.0,0.0,0.0,0.0,0.0,0.0,0.0,13.0,0.0,1.0,0.0,0.0,1.0,0.0
2026,2,Wales,J. Hawkins,j|hawkins,80,9.0,30.0,0.0,0.0,0.0,0.0,0.0,0.0,0.0,0.0,0.0,0.0,17.0,0.0,1.0,1.0,0.0,1.0,1.0
2026,2,Wales,E. James,e|james,80,8.0,80.0,0.0,0.0,0.0,0.0,0.0,0.0,0.0,0.0,0.0,0.0,19.0,0.0,2.0,0.0,0.0,1.0,0.0
2026,2,Wales,D. Edwards,d|edwards,55,2.0,21.0,0.0,0.0,0.0,0.0,0.0,1.0,0.0,0.0,0.0,0.0,10.0,0.0,0.0,0.0,0.0,0.0,2.0
2026,2,Wales,J. Evans,j|evans,25,3.0,8.0,0.0,0.0,0.0,0.0,0.0,0.0,0.0,0.0,0.0,0.0,3.0,0.0,0.0,0.0,0.0,0.0,0.0
2026,2,Wales,K. Hardy,k|hardy,10,0.0,8.0,0.0,0.0,0.0,0.0,0.0,0.0,0.0,0.0,0.0,0.0,0.0,0.0,0.0,0.0,0.0,0.0,0.0
2026,2,Wales,T. Williams,t|williams,70,6.0,10.0,0.0,0.0,0.0,0.0,1.0,0.0,0.0,0.0,0.0,0.0,15.0,0.0,0.0,2.0,0.0,0.0,0.0
2026,2,Wales,O. Cracknell,o|cracknell,50,8.0,22.0,0.0,0.0,0.0,0.0,0.0,0.0,0.0,0.0,0.0,0.0,15.0,0.0,0.0,1.0,4.0,1.0,0.0
2026,2,Wales,A. Mann,a|mann,80,17.0,10.0,0.0,0.0,0.0,0.0,0.0,0.0,0.0,0.0,0.0,0.0,27.0,0.0,1.0,1.0,6.0,1.0,0.0
2026,2,Wales,A. Wainwright,a|wainwright,80,11.0,53.0,0.0,0.0,0.0,0.0,0.0,0.0,0.0,0.0,0.0,0.0,28.0,0.0,3.0,0.0,6.0,0.0,0.0
2026,2,Wales,A. Beard,a|beard,62,9.0,1.0,0.0,0.0,0.0,0.0,0.0,0.0,0.0,0.0,0.0,0.0,14.0,0.0,0.0,0.0,5.0,0.0,0.0
2026,2,Wales,B. Carter,b|carter,18,2.0,6.0,0.0,0.0,0.0,0.0,0.0,0.0,0.0,0.0,0.0,0.0,5.0,0.0,1.0,0.0,1.0,0.0,0.0
2026,2,Wales,D. Jenkins,d|jenkins,80,11.0,8.0,0.0,0.0,1.0,0.0,0.0,0.0,0.0,0.0,0.0,0.0,21.0,0.0,0.0,0.0,6.0,1.0,0.0
2026,2,Wales,R. Carre,r|carre,50,8.0,8.0,0.0,0.0,0.0,1.0,0.0,0.0,0.0,0.0,0.0,0.0,29.0,0.0,1.0,0.0,4.0,0.0,0.0
2026,2,Wales,T. Francis,t|francis,50,7.0,13.0,0.0,0.0,0.0,0.0,0.0,0.0,0.0,0.0,0.0,0.0,10.0,0.0,0.0,0.0,4.0,2.0,0.0
2026,2,Wales,A. Griffin,a|griffin,30,8.0,10.0,0.0,0.0,0.0,0.0,0.0,0.0,0.0,0.0,0.0,0.0,13.0,0.0,1.0,0.0,2.0,0.0,0.0
2026,2,Wales,N. Smith,n|smith,30,4.0,0.0,0.0,0.0,0.0,0.0,0.0,0.0,0.0,0.0,0.0,0.0,6.0,0.0,0.0,0.0,2.0,0.0,0.0
2026,2,Wales,R. Elias,r|elias,30,6.0,29.0,0.0,0.0,0.0,0.0,0.0,0.0,0.0,0.0,0.0,0.0,10.0,0.0,0.0,0.0,2.0,0.0,0.0
2026,2,Wales,D. Lake,d|lake,50,9.0,21.0,0.0,0.0,0.0,0.0,0.0,0.0,0.0,0.0,0.0,0.0,21.0,0.0,1.0,2.0,4.0,0.0,0.0
2026,2,France,T. Attissogbe,t|attissogbe,80,8.0,103.0,0.0,0.0,0.0,2.0,1.0,0.0,0.0,0.0,0.0,0.0,49.0,0.0,3.0,1.0,0.0,1.0,0.0
2026,2,France,L. Bielle-Biarrey,l|biellebiarrey,80,7.0,83.0,0.0,0.0,0.0,1.0,1.0,0.0,0.0,0.0,0.0,0.0,39.0,0.0,3.0,2.0,0.0,0.0,0.0
2026,2,France,T. Ramos,t|ramos,80,4.0,105.0,0.0,0.0,0.0,0.0,0.0,7.0,0.0,0.0,0.0,0.0,48.0,0.0,3.0,5.0,0.0,0.0,2.0
2026,2,France,F. Brau-Boirie,f|brauboirie,80,20.0,100.0,0.0,0.0,0.0,1.0,0.0,0.0,0.0,0.0,0.0,0.0,56.0,0.0,7.0,1.0,0.0,0.0,0.0
2026,2,France,E. Gailleton,e|gailleton,67,13.0,43.0,0.0,0.0,1.0,1.0,0.0,0.0,0.0,0.0,0.0,0.0,33.0,0.0,0.0,1.0,0.0,1.0,0.0
2026,2,France,M. Jalibert,m|jalibert,80,7.0,95.0,0.0,0.0,0.0,1.0,3.0,0.0,0.0,0.0,0.0,0.0,87.0,1.0,5.0,6.0,0.0,0.0,6.0
2026,2,France,A. Dupont,a|dupont,59,9.0,93.0,0.0,0.0,0.0,0.0,0.0,0.0,0.0,0.0,0.0,0.0,33.0,0.0,3.0,4.0,0.0,1.0,1.0
2026,2,France,B. Serin,b|serin,21,2.0,30.0,0.0,0.0,0.0,0.0,1.0,0.0,0.0,0.0,0.0,0.0,13.0,0.0,2.0,0.0,0.0,0.0,0.0
2026,2,France,F. Cros,f|cros,51,14.0,7.0,0.0,0.0,0.0,0.0,0.0,0.0,0.0,0.0,0.0,0.0,15.0,0.0,0.0,0.0,1.0,0.0,0.0
2026,2,France,O. Jegou,o|jegou,80,19.0,16.0,0.0,0.0,0.0,0.0,0.0,0.0,0.0,0.0,0.0,0.0,25.0,0.0,0.0,1.0,3.0,0.0,0.0
2026,2,France,A. Jelonch,a|jelonch,51,14.0,12.0,0.0,0.0,0.0,0.0,0.0,0.0,0.0,0.0,0.0,0.0,18.0,0.0,0.0,1.0,1.0,0.0,0.0
2026,2,France,L. Nouchi,l|nouchi,29,8.0,29.0,0.0,0.0,0.0,0.0,0.0,0.0,0.0,0.0,0.0,0.0,16.0,0.0,2.0,0.0,2.0,0.0,0.0
2026,2,France,C. Ollivon,c|ollivon,80,10.0,52.0,0.0,0.0,0.0,1.0,1.0,0.0,0.0,0.0,0.0,0.0,39.0,0.0,0.0,1.0,3.0,0.0,0.0
2026,2,France,T. Flament,t|flament,29,7.0,2.0,0.0,0.0,0.0,0.0,0.0,0.0,0.0,0.0,0.0,0.0,11.0,0.0,1.0,0.0,2.0,0.0,0.0
2026,2,France,M. Guillard,m|guillard,68,12.0,25.0,0.0,0.0,2.0,0.0,0.0,0.0,0.0,0.0,0.0,0.0,31.0,0.0,1.0,1.0,3.0,0.0,0.0
2026,2,France,E. Meafou,e|meafou,12,2.0,7.0,0.0,0.0,0.0,0.0,0.0,0.0,0.0,0.0,0.0,0.0,4.0,0.0,1.0,0.0,0.0,0.0,0.0
2026,2,France,D. Aldegheri,d|aldegheri,50,8.0,0.0,0.0,0.0,0.0,0.0,0.0,0.0,0.0,0.0,0.0,0.0,9.0,0.0,0.0,0.0,1.0,0.0,0.0
2026,2,France,J. Gros,j|gros,50,10.0,6.0,0.0,0.0,0.0,0.0,0.0,0.0,0.0,0.0,0.0,0.0,11.0,0.0,0.0,0.0,1.0,0.0,0.0
2026,2,France,R. Neti,r|neti,30,5.0,1.0,0.0,0.0,0.0,0.0,0.0,0.0,0.0,0.0,0.0,0.0,7.0,0.0,0.0,0.0,2.0,0.0,0.0
2026,2,France,M. Lamothe,m|lamothe,30,9.0,5.0,0.0,0.0,0.0,0.0,0.0,0.0,0.0,0.0,0.0,0.0,10.0,0.0,0.0,0.0,2.0,1.0,0.0
2026,2,France,J. Marchand,j|marchand,50,11.0,22.0,0.0,0.0,0.0,1.0,0.0,0.0,0.0,0.0,0.0,0.0,31.0,0.0,1.0,0.0,1.0,0.0,0.0
2026,3,England,H. Arundell,h|arundell,80,2.0,79.0,0.0,0.0,0.0,0.0,0.0,0.0,0.0,0.0,0.0,0.0,12.0,0.0,0.0,2.0,0.0,1.0,0.0
2026,3,England,T. Freeman,t|freeman,80,3.0,57.0,0.0,0.0,0.0,0.0,1.0,0.0,0.0,0.0,0.0,0.0,18.0,0.0,3.0,0.0,1.0,0.0,0.0
2026,3,England,F. Steward,f|steward,29,2.0,29.0,0.0,0.0,0.0,0.0,0.0,0.0,0.0,0.0,1.0,0.0,3.0,0.0,2.0,0.0,0.0,0.0,0.0
2026,3,England,F. Dingwall,f|dingwall,80,9.0,24.0,0.0,0.0,0.0,1.0,0.0,0.0,0.0,0.0,0.0,0.0,22.0,0.0,0.0,1.0,0.0,1.0,0.0
2026,3,England,O. Lawrence,o|lawrence,80,8.0,27.0,0.0,0.0,0.0,1.0,0.0,0.0,0.0,0.0,0.0,0.0,31.0,0.0,6.0,0.0,0.0,1.0,0.0
2026,3,England,G. Ford,g|ford,80,11.0,86.0,0.0,0.0,0.0,0.0,0.0,3.0,0.0,0.0,0.0,0.0,31.0,0.0,1.0,0.0,0.0,0.0,2.0
2026,3,England,M. Smith,m|smith,40,2.0,80.0,0.0,0.0,0.0,0.0,1.0,0.0,0.0,0.0,0.0,0.0,18.0,0.0,3.0,0.0,0.0,2.0,0.0
2026,3,England,A. Mitchell,a|mitchell,24,1.0,8.0,0.0,0.0,0.0,0.0,0.0,0.0,0.0,0.0,0.0,0.0,1.0,0.0,0.0,0.0,0.0,0.0,0.0
2026,3,England,J. van Poortvliet,j|vanpoortvliet,56,1.0,15.0,0.0,0.0,0.0,0.0,1.0,0.0,0.0,0.0,0.0,0.0,11.0,0.0,1.0,0.0,0.0,1.0,2.0
2026,3,England,T. Curry,t|curry,51,7.0,4.0,0.0,0.0,0.0,0.0,0.0,0.0,0.0,0.0,0.0,0.0,9.0,0.0,0.0,0.0,3.0,1.0,0.0
2026,3,England,B. Earl,b|earl,70,6.0,39.0,0.0,0.0,0.0,0.0,0.0,0.0,0.0,0.0,0.0,0.0,12.0,0.0,0.0,0.0,3.0,0.0,0.0
2026,3,England,G. Pepper,g|pepper,29,4.0,6.0,0.0,0.0,0.0,0.0,0.0,0.0,0.0,0.0,0.0,0.0,5.0,0.0,1.0,0.0,1.0,2.0,0.0
2026,3,England,H. Pollock,h|pollock,70,9.0,33.0,0.0,0.0,1.0,0.0,0.0,0.0,0.0,0.0,1.0,0.0,26.0,0.0,5.0,1.0,3.0,1.0,0.0
2026,3,England,S. Underhill,s|underhill,10,1.0,6.0,0.0,0.0,0.0,1.0,0.0,0.0,0.0,0.0,0.0,0.0,19.0,0.0,1.0,0.0,1.0,0.0,0.0
2026,3,England,O. Chessum,o|chessum,80,10.0,9.0,0.0,0.0,0.0,0.0,0.0,0.0,0.0,0.0,0.0,0.0,14.0,0.0,0.0,0.0,4.0,0.0,0.0
2026,3,England,A. Coles,a|coles,25,3.0,7.0,0.0,0.0,0.0,0.0,0.0,0.0,0.0,0.0,0.0,0.0,4.0,0.0,0.0,0.0,1.0,0.0,0.0
2026,3,England,M. Itoje,m|itoje,55,11.0,6.0,0.0,0.0,0.0,0.0,0.0,0.0,0.0,0.0,0.0,0.0,16.0,0.0,1.0,0.0,3.0,0.0,0.0
2026,3,England,T. Davison,t|davison,7,1.0,0.0,0.0,0.0,0.0,0.0,0.0,0.0,0.0,0.0,0.0,0.0,2.0,0.0,0.0,0.0,1.0,0.0,0.0
2026,3,England,E. Genge,e|genge,51,5.0,15.0,0.0,0.0,0.0,0.0,0.0,0.0,0.0,0.0,0.0,0.0,13.0,0.0,2.0,0.0,3.0,0.0,0.0
2026,3,England,J. Heyes,j|heyes,73,12.0,8.0,0.0,0.0,0.0,0.0,0.0,0.0,0.0,0.0,0.0,0.0,21.0,0.0,3.0,0.0,3.0,0.0,0.0
2026,3,England,B. Rodd,b|rodd,29,8.0,1.0,0.0,0.0,0.0,0.0,0.0,0.0,0.0,0.0,0.0,0.0,8.0,0.0,0.0,0.0,1.0,1.0,0.0
2026,3,England,L. Cowan-Dickie,l|cowandickie,29,5.0,3.0,0.0,0.0,0.0,0.0,0.0,0.0,0.0,0.0,0.0,0.0,6.0,0.0,0.0,0.0,1.0,0.0,0.0
2026,3,England,J. George,j|george,51,8.0,4.0,0.0,0.0,0.0,0.0,0.0,0.0,0.0,0.0,0.0,0.0,11.0,0.0,0.0,1.0,3.0,2.0,0.0
2026,3,Ireland,R. Baloucoune,r|baloucoune,80,12.0,42.0,0.0,0.0,1.0,1.0,1.0,0.0,0.0,0.0,0.0,0.0,41.0,0.0,2.0,1.0,0.0,0.0,0.0
2026,3,Ireland,J. Lowe,j|lowe,18,5.0,4.0,0.0,0.0,0.0,0.0,0.0,0.0,0.0,0.0,0.0,0.0,7.0,0.0,0.0,1.0,0.0,0.0,0.0
2026,3,Ireland,T. O'Brien,t|obrien,62,3.0,64.0,0.0,0.0,0.0,1.0,0.0,0.0,0.0,0.0,0.0,0.0,22.0,0.0,2.0,0.0,0.0,1.0,0.0
2026,3,Ireland,J. Osborne,j|osborne,70,5.0,41.0,0.0,0.0,0.0,1.0,0.0,0.0,0.0,0.0,1.0,0.0,18.0,0.0,2.0,0.0,0.0,0.0,0.0
2026,3,Ireland,S. McCloskey,s|mccloskey,80,15.0,68.0,0.0,0.0,0.0,0.0,0.0,0.0,0.0,0.0,0.0,0.0,35.0,0.0,5.0,2.0,0.0,0.0,0.0
2026,3,Ireland,G. Ringrose,g|ringrose,54,8.0,0.0,0.0,0.0,0.0,0.0,0.0,0.0,0.0,0.0,0.0,0.0,8.0,0.0,0.0,0.0,0.0,0.0,0.0
2026,3,Ireland,J. Crowley,j|crowley,80,12.0,23.0,0.0,0.0,0.0,0.0,1.0,4.0,3.0,0.0,0.0,0.0,41.0,0.0,0.0,2.0,0.0,0.0,1.0
2026,3,Ireland,C. Frawley,c|frawley,26,0.0,0.0,0.0,0.0,0.0,0.0,0.0,0.0,0.0,0.0,0.0,0.0,2.0,0.0,0.0,1.0,0.0,0.0,0.0
2026,3,Ireland,C. Casey,c|casey,9,0.0,0.0,0.0,0.0,0.0,0.0,0.0,0.0,0.0,0.0,0.0,0.0,0.0,0.0,0.0,0.0,0.0,0.0,0.0
2026,3,Ireland,J. Gibson-Park,j|gibsonpark,71,8.0,48.0,0.0,0.0,2.0,1.0,1.0,0.0,0.0,0.0,0.0,0.0,63.0,1.0,2.0,1.0,0.0,0.0,3.0
2026,3,Ireland,C. Doris,c|doris,80,17.0,47.0,0.0,0.0,1.0,0.0,0.0,0.0,0.0,0.0,0.0,0.0,38.0,0.0,3.0,1.0,6.0,2.0,0.0
2026,3,Ireland,C. Prendergast,c|prendergast,17,1.0,3.0,0.0,0.0,1.0,0.0,0.0,0.0,0.0,0.0,0.0,0.0,6.0,0.0,0.0,0.0,0.0,0.0,0.0
2026,3,Ireland,N. Timoney,n|timoney,31,7.0,13.0,0.0,0.0,0.0,0.0,0.0,0.0,0.0,0.0,0.0,0.0,16.0,0.0,3.0,0.0,2.0,0.0,0.0
2026,3,Ireland,J. van der Flier,j|vanderflier,49,13.0,43.0,0.0,0.0,0.0,0.0,0.0,0.0,0.0,0.0,0.0,0.0,27.0,0.0,3.0,0.0,4.0,0.0,0.0
2026,3,Ireland,T. Beirne,t|beirne,80,17.0,1.0,0.0,1.0,1.0,0.0,0.0,0.0,0.0,0.0,0.0,0.0,35.0,0.0,0.0,0.0,6.0,0.0,0.0
2026,3,Ireland,J. McCarthy,j|mccarthy,63,10.0,6.0,0.0,0.0,0.0,0.0,0.0,0.0,0.0,0.0,0.0,0.0,17.0,0.0,0.0,1.0,6.0,1.0,0.0
2026,3,Ireland,J. Ryan,j|ryan,80,9.0,2.0,0.0,0.0,0.0,0.0,0.0,0.0,0.0,0.0,0.0,0.0,15.0,0.0,1.0,0.0,6.0,2.0,0.0
2026,3,Ireland,F. Bealham,f|bealham,34,4.0,5.0,0.0,0.0,0.0,0.0,0.0,0.0,0.0,0.0,0.0,0.0,2.0,0.0,0.0,0.0,2.0,4.0,0.0
2026,3,Ireland,T. Furlong,t|furlong,46,10.0,2.0,0.0,0.0,0.0,0.0,0.0,0.0,0.0,0.0,0.0,0.0,13.0,0.0,0.0,0.0,4.0,1.0,0.0
2026,3,Ireland,J. Loughman,j|loughman,46,5.0,8.0,0.0,0.0,0.0,0.0,0.0,0.0,0.0,0.0,0.0,0.0,8.0,0.0,0.0,0.0,4.0,1.0,0.0
2026,3,Ireland,T. O'Toole,t|otoole,34,5.0,1.0,0.0,0.0,0.0,0.0,0.0,0.0,0.0,0.0,0.0,0.0,7.0,0.0,0.0,0.0,2.0,0.0,0.0
2026,3,Ireland,R. Kelleher,r|kelleher,24,2.0,0.0,0.0,0.0,0.0,0.0,0.0,0.0,0.0,0.0,0.0,0.0,6.0,0.0,1.0,0.0,2.0,0.0,0.0
2026,3,Ireland,D. Sheehan,d|sheehan,56,9.0,9.0,0.0,1.0,0.0,1.0,0.0,0.0,0.0,0.0,0.0,0.0,43.0,0.0,4.0,0.0,4.0,0.0,0.0
2026,3,Wales,J. Adams,j|adams,80,6.0,4.0,0.0,0.0,0.0,1.0,0.0,0.0,0.0,0.0,0.0,0.0,18.0,0.0,0.0,1.0,0.0,0.0,0.0
2026,3,Wales,G. Hamer-Webb,g|hamerwebb,54,3.0,10.0,0.0,0.0,0.0,0.0,0.0,0.0,0.0,0.0,0.0,0.0,4.0,0.0,0.0,0.0,0.0,0.0,0.0
2026,3,Wales,B. Murray,b|murray,26,1.0,2.0,0.0,0.0,0.0,0.0,0.0,0.0,0.0,0.0,0.0,0.0,3.0,0.0,1.0,0.0,0.0,0.0,0.0
2026,3,Wales,L. Rees-Zammit,l|reeszammit,80,6.0,54.0,0.0,0.0,0.0,0.0,0.0,0.0,0.0,0.0,0.0,0.0,14.0,0.0,2.0,0.0,0.0,1.0,0.0
2026,3,Wales,J. Hawkins,j|hawkins,70,10.0,17.0,0.0,0.0,0.0,0.0,0.0,0.0,0.0,0.0,1.0,0.0,6.0,0.0,1.0,0.0,0.0,2.0,0.0
2026,3,Wales,E. James,e|james,80,10.0,50.0,0.0,0.0,0.0,0.0,0.0,0.0,0.0,0.0,0.0,0.0,17.0,0.0,1.0,0.0,0.0,0.0,0.0
2026,3,Wales,S. Costelow,s|costelow,55,4.0,2.0,0.0,0.0,0.0,0.0,1.0,2.0,2.0,0.0,0.0,0.0,20.0,0.0,0.0,0.0,0.0,0.0,1.0
2026,3,Wales,J. Evans,j|evans,25,3.0,0.0,0.0,0.0,0.0,0.0,0.0,0.0,1.0,0.0,0.0,0.0,6.0,0.0,0.0,0.0,0.0,0.0,0.0
2026,3,Wales,T. Williams,t|williams,80,3.0,17.0,0.0,0.0,0.0,0.0,1.0,0.0,0.0,0.0,0.0,0.0,11.0,0.0,1.0,0.0,0.0,1.0,1.0
2026,3,Wales,J. Botham,j|botham,70,13.0,6.0,0.0,0.0,2.0,0.0,0.0,0.0,0.0,0.0,0.0,0.0,27.0,0.0,0.0,0.0,4.0,0.0,0.0
2026,3,Wales,A. Mann,a|mann,80,16.0,13.0,0.0,1.0,1.0,0.0,0.0,0.0,0.0,0.0,0.0,0.0,36.0,0.0,3.0,0.0,4.0,3.0,0.0
2026,3,Wales,A. Wainwright,a|wainwright,80,17.0,25.0,0.0,0.0,0.0,0.0,0.0,0.0,0.0,0.0,0.0,0.0,29.0,0.0,3.0,0.0,4.0,0.0,0.0
2026,3,Wales,B. Carter,b|carter,80,23.0,3.0,0.0,0.0,0.0,0.0,0.0,0.0,0.0,0.0,0.0,0.0,27.0,0.0,0.0,0.0,4.0,0.0,0.0
2026,3,Wales,D. Jenkins,d|jenkins,76,21.0,8.0,0.0,0.0,0.0,0.0,0.0,0.0,0.0,0.0,0.0,0.0,24.0,0.0,0.0,0.0,4.0,1.0,0.0
2026,3,Wales,F. Thomas,f|thomas,4,0.0,0.0,0.0,0.0,0.0,0.0,0.0,0.0,0.0,0.0,0.0,0.0,0.0,0.0,0.0,0.0,0.0,0.0,0.0
2026,3,Wales,R. Carre,r|carre,44,3.0,8.0,0.0,0.0,1.0,1.0,0.0,0.0,0.0,0.0,0.0,0.0,29.0,0.0,1.0,1.0,3.0,1.0,0.0
2026,3,Wales,T. Francis,t|francis,51,8.0,0.0,0.0,0.0,0.0,0.0,0.0,0.0,0.0,0.0,0.0,0.0,12.0,0.0,0.0,0.0,4.0,0.0,0.0
2026,3,Wales,A. Griffin,a|griffin,29,11.0,1.0,0.0,0.0,0.0,0.0,0.0,0.0,0.0,0.0,0.0,0.0,10.0,0.0,0.0,0.0,0.0,1.0,0.0
2026,3,Wales,N. Smith,n|smith,36,11.0,3.0,0.0,0.0,2.0,0.0,0.0,0.0,0.0,0.0,0.0,0.0,24.0,0.0,1.0,0.0,1.0,0.0,0.0
2026,3,Wales,R. Elias,r|elias,25,6.0,2.0,0.0,0.0,0.0,0.0,0.0,0.0,0.0,0.0,0.0,0.0,8.0,0.0,1.0,0.0,0.0,0.0,0.0
2026,3,Wales,D. Lake,d|lake,55,10.0,19.0,0.0,0.0,0.0,0.0,0.0,0.0,0.0,0.0,0.0,0.0,19.0,0.0,2.0,0.0,4.0,0.0,0.0
2026,3,Scotland,D. Graham,d|graham,25,0.0,21.0,0.0,0.0,0.0,1.0,0.0,0.0,0.0,0.0,0.0,0.0,14.0,0.0,1.0,0.0,0.0,0.0,0.0
2026,3,Scotland,B. Kinghorn,b|kinghorn,80,2.0,81.0,0.0,0.0,0.0,0.0,1.0,0.0,0.0,0.0,0.0,0.0,19.0,0.0,1.0,2.0,0.0,1.0,0.0
2026,3,Scotland,K. Steyn,k|steyn,80,8.0,67.0,0.0,0.0,0.0,1.0,0.0,0.0,0.0,0.0,0.0,0.0,36.0,0.0,6.0,0.0,0.0,0.0,0.0
2026,3,Scotland,D. van der Merwe,d|vandermerwe,55,1.0,24.0,0.0,0.0,0.0,0.0,0.0,0.0,0.0,0.0,0.0,0.0,5.0,0.0,1.0,0.0,0.0,0.0,0.0
2026,3,Scotland,H. Jones,h|jones,67,3.0,36.0,0.0,0.0,0.0,0.0,0.0,0.0,0.0,0.0,0.0,0.0,14.0,0.0,3.0,1.0,0.0,0.0,0.0
2026,3,Scotland,T. Jordan,t|jordan,13,0.0,3.0,0.0,0.0,0.0,0.0,0.0,0.0,0.0,0.0,0.0,0.0,0.0,0.0,0.0,0.0,0.0,0.0,0.0
2026,3,Scotland,S. Tuipulotu,s|tuipulotu,80,14.0,43.0,0.0,0.0,0.0,0.0,0.0,0.0,0.0,0.0,0.0,0.0,23.0,0.0,2.0,1.0,0.0,1.0,0.0
2026,3,Scotland,F. Russell,f|russell,80,7.0,32.0,0.0,0.0,0.0,1.0,1.0,3.0,0.0,0.0,0.0,0.0,35.0,0.0,2.0,1.0,0.0,1.0,0.0
2026,3,Scotland,G. Horne,g|horne,25,2.0,25.0,0.0,0.0,0.0,0.0,0.0,0.0,0.0,0.0,0.0,0.0,5.0,0.0,0.0,1.0,0.0,1.0,0.0
2026,3,Scotland,B. White,b|white,55,5.0,11.0,0.0,0.0,0.0,0.0,1.0,0.0,0.0,0.0,0.0,0.0,12.0,0.0,1.0,0.0,0.0,0.0,0.0
2026,3,Scotland,J. Bayliss,j|bayliss,46,10.0,30.0,0.0,0.0,0.0,0.0,0.0,0.0,0.0,0.0,0.0,0.0,19.0,0.0,3.0,0.0,0.0,0.0,0.0
2026,3,Scotland,R. Darge,r|darge,80,16.0,14.0,0.0,0.0,2.0,0.0,0.0,0.0,0.0,0.0,0.0,0.0,45.0,1.0,1.0,0.0,1.0,0.0,0.0
2026,3,Scotland,M. Fagerson,m|fagerson,80,17.0,29.0,0.0,0.0,0.0,0.0,0.0,0.0,0.0,0.0,0.0,0.0,18.0,0.0,0.0,0.0,1.0,2.0,0.0
2026,3,Scotland,G. Brown,g|brown,80,13.0,11.0,0.0,0.0,0.0,0.0,0.0,0.0,0.0,0.0,0.0,0.0,16.0,0.0,1.0,0.0,1.0,1.0,0.0
2026,3,Scotland,S. Cummings,s|cummings,67,14.0,1.0,0.0,0.0,0.0,0.0,0.0,0.0,0.0,0.0,0.0,0.0,14.0,0.0,0.0,0.0,1.0,1.0,0.0
2026,3,Scotland,G. Gilchrist,g|gilchrist,13,0.0,0.0,0.0,0.0,0.0,0.0,0.0,0.0,0.0,0.0,0.0,0.0,0.0,0.0,0.0,0.0,0.0,0.0,0.0
2026,3,Scotland,M. Williamson,m|williamson,34,5.0,3.0,0.0,0.0,0.0,0.0,0.0,0.0,0.0,0.0,0.0,0.0,6.0,0.0,0.0,0.0,1.0,0.0,0.0
2026,3,Scotland,Z. Fagerson,z|fagerson,55,19.0,6.0,0.0,0.0,0.0,0.0,0.0,0.0,0.0,0.0,0.0,0.0,19.0,0.0,0.0,0.0,1.0,1.0,0.0
2026,3,Scotland,N. McBeth,n|mcbeth,34,7.0,1.0,0.0,0.0,0.0,0.0,0.0,0.0,0.0,0.0,0.0,0.0,8.0,0.0,0.0,0.0,1.0,0.0,0.0
2026,3,Scotland,E. Millar-Mills,e|millarmills,25,6.0,5.0,0.0,0.0,0.0,0.0,0.0,0.0,0.0,0.0,0.0,0.0,6.0,0.0,0.0,0.0,0.0,0.0,0.0
2026,3,Scotland,P. Schoeman,p|schoeman,46,8.0,5.0,0.0,0.0,0.0,0.0,0.0,0.0,0.0,0.0,0.0,0.0,8.0,0.0,0.0,0.0,0.0,0.0,0.0
2026,3,Scotland,D. Cherry,d|cherry,55,15.0,1.0,0.0,0.0,0.0,0.0,0.0,0.0,0.0,0.0,0.0,0.0,14.0,0.0,0.0,0.0,1.0,2.0,0.0
2026,3,Scotland,G. Turner,g|turner,25,3.0,3.0,0.0,0.0,0.0,1.0,0.0,0.0,0.0,0.0,0.0,0.0,17.0,0.0,0.0,0.0,0.0,1.0,0.0
2026,3,France,T. Attissogbe,t|attissogbe,80,2.0,67.0,0.0,0.0,0.0,0.0,0.0,0.0,0.0,0.0,0.0,0.0,20.0,0.0,4.0,2.0,0.0,0.0,0.0
2026,3,France,L. Bielle-Biarrey,l|biellebiarrey,80,3.0,41.0,0.0,0.0,0.0,1.0,0.0,0.0,0.0,0.0,0.0,0.0,27.0,0.0,3.0,0.0,0.0,0.0,2.0
2026,3,France,G. Drean,g|drean,80,5.0,35.0,0.0,0.0,0.0,1.0,0.0,0.0,0.0,0.0,0.0,0.0,22.0,0.0,1.0,1.0,0.0,0.0,0.0
2026,3,France,T. Ramos,t|ramos,80,5.0,45.0,1.0,0.0,0.0,1.0,2.0,4.0,0.0,0.0,0.0,0.0,56.0,0.0,4.0,1.0,0.0,0.0,2.0
2026,3,France,P. Barassi,p|barassi,22,3.0,0.0,0.0,0.0,0.0,0.0,0.0,0.0,0.0,0.0,0.0,0.0,3.0,0.0,0.0,0.0,0.0,0.0,0.0
2026,3,France,F. Brau-Boirie,f|brauboirie,66,12.0,20.0,0.0,0.0,0.0,0.0,0.0,0.0,0.0,0.0,0.0,0.0,22.0,0.0,2.0,2.0,0.0,0.0,0.0
2026,3,France,E. Gailleton,e|gailleton,73,6.0,86.0,0.0,0.0,0.0,1.0,1.0,0.0,0.0,0.0,0.0,0.0,45.0,0.0,8.0,1.0,0.0,1.0,0.0
2026,3,France,A. Dupont,a|dupont,75,6.0,21.0,0.0,0.0,1.0,0.0,2.0,0.0,0.0,0.0,0.0,0.0,41.0,0.0,6.0,1.0,0.0,0.0,3.0
2026,3,France,B. Serin,b|serin,5,1.0,0.0,0.0,0.0,0.0,0.0,0.0,0.0,0.0,0.0,0.0,0.0,1.0,0.0,0.0,0.0,0.0,0.0,0.0
2026,3,France,F. Cros,f|cros,55,5.0,0.0,0.0,0.0,0.0,0.0,0.0,0.0,0.0,0.0,0.0,0.0,11.0,0.0,0.0,0.0,6.0,0.0,0.0
2026,3,France,O. Jegou,o|jegou,55,10.0,30.0,0.0,0.0,0.0,0.0,0.0,0.0,0.0,0.0,0.0,0.0,22.0,0.0,2.0,0.0,6.0,1.0,0.0
2026,3,France,A. Jelonch,a|jelonch,74,9.0,30.0,0.0,0.0,1.0,0.0,0.0,0.0,0.0,0.0,0.0,0.0,27.0,0.0,2.0,0.0,6.0,0.0,0.0
2026,3,France,L. Nouchi,l|nouchi,25,5.0,13.0,0.0,0.0,0.0,0.0,0.0,0.0,0.0,0.0,0.0,0.0,9.0,0.0,1.0,0.0,1.0,0.0,0.0
2026,3,France,C. Ollivon,c|ollivon,25,8.0,0.0,0.0,0.0,0.0,0.0,0.0,0.0,0.0,0.0,0.0,0.0,8.0,0.0,0.0,0.0,1.0,1.0,0.0
2026,3,France,T. Flament,t|flament,80,8.0,12.0,0.0,1.0,0.0,0.0,0.0,0.0,0.0,0.0,0.0,0.0,27.0,0.0,0.0,2.0,7.0,0.0,0.0
2026,3,France,M. Guillard,m|guillard,6,4.0,6.0,0.0,0.0,0.0,0.0,0.0,0.0,0.0,0.0,0.0,0.0,7.0,0.0,0.0,1.0,1.0,0.0,0.0
2026,3,France,E. Meafou,e|meafou,80,11.0,35.0,0.0,0.0,0.0,1.0,0.0,0.0,0.0,0.0,0.0,0.0,61.0,1.0,5.0,0.0,7.0,0.0,0.0
2026,3,France,D. Aldegheri,d|aldegheri,54,6.0,0.0,0.0,0.0,0.0,0.0,0.0,0.0,0.0,0.0,0.0,0.0,10.0,0.0,0.0,0.0,6.0,2.0,0.0
2026,3,France,G. Colombe,g|colombe,26,5.0,3.0,0.0,0.0,0.0,0.0,0.0,0.0,0.0,0.0,0.0,0.0,5.0,0.0,0.0,0.0,1.0,1.0,0.0
2026,3,France,J. Gros,j|gros,38,5.0,3.0,0.0,0.0,0.0,0.0,0.0,0.0,0.0,0.0,0.0,0.0,11.0,0.0,1.0,0.0,4.0,0.0,0.0
2026,3,France,R. Neti,r|neti,42,9.0,3.0,0.0,0.0,0.0,0.0,0.0,0.0,0.0,0.0,0.0,0.0,12.0,0.0,0.0,0.0,3.0,0.0,0.0
2026,3,France,J. Marchand,j|marchand,58,4.0,5.0,0.0,0.0,0.0,0.0,0.0,0.0,0.0,0.0,0.0,0.0,9.0,0.0,0.0,0.0,6.0,1.0,0.0
2026,3,France,P. Mauvaka,p|mauvaka,22,7.0,11.0,0.0,0.0,0.0,0.0,0.0,0.0,0.0,0.0,0.0,0.0,9.0,0.0,0.0,0.0,1.0,0.0,0.0
2026,3,Italy,A. Capuozzo,a|capuozzo,72,3.0,72.0,0.0,0.0,0.0,1.0,0.0,0.0,0.0,0.0,0.0,0.0,26.0,0.0,2.0,0.0,0.0,0.0,1.0
2026,3,Italy,M. Ioane,m|ioane,68,3.0,14.0,0.0,0.0,0.0,0.0,0.0,0.0,0.0,0.0,0.0,0.0,8.0,0.0,1.0,1.0,0.0,0.0,0.0
2026,3,Italy,L. Lynagh,l|lynagh,70,5.0,33.0,0.0,0.0,0.0,0.0,0.0,0.0,0.0,0.0,1.0,0.0,5.0,0.0,1.0,1.0,0.0,2.0,0.0
2026,3,Italy,P. Odogwu,p|odogwu,12,3.0,26.0,0.0,0.0,0.0,0.0,0.0,0.0,0.0,0.0,0.0,0.0,7.0,0.0,1.0,0.0,0.0,0.0,0.0
2026,3,Italy,T. Menoncello,t|menoncello,80,9.0,26.0,0.0,0.0,3.0,0.0,0.0,0.0,0.0,0.0,0.0,0.0,28.0,0.0,1.0,0.0,0.0,0.0,0.0
2026,3,Italy,P. Garbisi,p|garbisi,80,10.0,20.0,0.0,0.0,0.0,0.0,0.0,0.0,1.0,0.0,0.0,0.0,15.0,0.0,0.0,0.0,0.0,0.0,0.0
2026,3,Italy,L. Marin,l|marin,80,6.0,34.0,0.0,0.0,1.0,0.0,0.0,0.0,0.0,0.0,0.0,0.0,26.0,0.0,2.0,4.0,0.0,0.0,0.0
2026,3,Italy,A. Fusco,a|fusco,59,4.0,1.0,0.0,0.0,0.0,0.0,0.0,0.0,0.0,0.0,0.0,0.0,12.0,0.0,2.0,0.0,0.0,0.0,2.0
2026,3,Italy,A. Garbisi,a|garbisi,21,3.0,3.0,0.0,0.0,0.0,0.0,0.0,0.0,0.0,0.0,0.0,0.0,5.0,0.0,0.0,0.0,0.0,0.0,1.0
2026,3,Italy,L. Cannone,l|cannone,80,12.0,6.0,0.0,0.0,1.0,0.0,0.0,0.0,0.0,0.0,0.0,0.0,25.0,0.0,0.0,1.0,6.0,0.0,0.0
2026,3,Italy,M. Lamaro,m|lamaro,80,9.0,2.0,0.0,0.0,0.0,0.0,0.0,0.0,0.0,0.0,0.0,0.0,15.0,0.0,0.0,0.0,6.0,0.0,0.0
2026,3,Italy,D. Odiase,d|odiase,8,1.0,0.0,0.0,0.0,0.0,0.0,0.0,0.0,0.0,0.0,0.0,0.0,1.0,0.0,0.0,0.0,0.0,0.0,0.0
2026,3,Italy,M. Zuliani,m|zuliani,80,9.0,12.0,0.0,0.0,0.0,0.0,0.0,0.0,0.0,0.0,0.0,0.0,18.0,0.0,1.0,0.0,6.0,0.0,0.0
2026,3,Italy,N. Cannone,n|cannone,54,8.0,3.0,0.0,0.0,0.0,0.0,0.0,0.0,0.0,0.0,0.0,0.0,10.0,0.0,0.0,0.0,2.0,0.0,0.0
2026,3,Italy,R. Favretto,r|favretto,26,5.0,1.0,0.0,0.0,0.0,0.0,0.0,0.0,0.0,0.0,0.0,0.0,9.0,0.0,0.0,0.0,4.0,0.0,0.0
2026,3,Italy,F. Ruzza,f|ruzza,26,6.0,5.0,0.0,0.0,1.0,0.0,0.0,0.0,0.0,0.0,0.0,0.0,17.0,0.0,1.0,0.0,4.0,0.0,0.0
2026,3,Italy,A. Zambonin,a|zambonin,54,3.0,0.0,0.0,0.0,0.0,0.0,0.0,0.0,0.0,0.0,0.0,0.0,5.0,0.0,0.0,0.0,2.0,0.0,0.0
2026,3,Italy,S. Ferrari,s|ferrari,54,4.0,0.0,0.0,0.0,0.0,0.0,0.0,0.0,0.0,0.0,0.0,0.0,4.0,0.0,0.0,0.0,2.0,2.0,0.0
2026,3,Italy,D. Fischetti,d|fischetti,54,4.0,1.0,0.0,0.0,0.0,0.0,0.0,0.0,0.0,0.0,0.0,0.0,6.0,0.0,0.0,0.0,2.0,0.0,0.0
2026,3,Italy,M. Spagnolo,m|spagnolo,26,7.0,1.0,0.0,0.0,0.0,0.0,0.0,0.0,0.0,0.0,0.0,0.0,11.0,0.0,0.0,0.0,4.0,0.0,0.0
2026,3,Italy,G. Zilocchi,g|zilocchi,26,4.0,0.0,0.0,0.0,0.0,0.0,0.0,0.0,0.0,0.0,0.0,0.0,8.0,0.0,0.0,0.0,4.0,0.0,0.0
2026,3,Italy,P. Dimcheff,p|dimcheff,26,8.0,0.0,0.0,0.0,0.0,0.0,0.0,0.0,0.0,0.0,0.0,0.0,11.0,0.0,0.0,0.0,4.0,1.0,0.0
2026,3,Italy,G. Nicotera,g|nicotera,54,5.0,0.0,0.0,0.0,0.0,0.0,0.0,0.0,0.0,0.0,0.0,0.0,7.0,0.0,0.0,0.0,2.0,0.0,0.0
2026,4,Ireland,R. Baloucoune,r|baloucoune,80,2.0,48.0,0.0,0.0,0.0,0.0,0.0,0.0,0.0,0.0,0.0,0.0,16.0,0.0,4.0,1.0,0.0,0.0,0.0
2026,4,Ireland,J. Osborne,j|osborne,80,2.0,24.0,0.0,0.0,0.0,1.0,0.0,0.0,0.0,0.0,0.0,0.0,22.0,0.0,0.0,4.0,0.0,0.0,0.0
2026,4,Ireland,J. Stockdale,j|stockdale,70,5.0,39.0,0.0,0.0,0.0,1.0,1.0,0.0,0.0,0.0,0.0,0.0,30.0,0.0,4.0,0.0,0.0,0.0,0.0
2026,4,Ireland,T. Farrell,t|farrell,10,2.0,4.0,0.0,0.0,0.0,0.0,0.0,0.0,0.0,0.0,0.0,0.0,2.0,0.0,0.0,0.0,0.0,0.0,0.0
2026,4,Ireland,S. McCloskey,s|mccloskey,80,14.0,48.0,0.0,0.0,0.0,0.0,1.0,0.0,0.0,0.0,0.0,0.0,32.0,0.0,3.0,2.0,0.0,0.0,0.0
2026,4,Ireland,G. Ringrose,g|ringrose,70,7.0,20.0,0.0,0.0,0.0,0.0,0.0,0.0,0.0,0.0,0.0,0.0,16.0,0.0,4.0,0.0,0.0,1.0,0.0
2026,4,Ireland,J. Crowley,j|crowley,80,13.0,27.0,0.0,0.0,0.0,1.0,0.0,2.0,1.0,0.0,0.0,0.0,39.0,0.0,4.0,0.0,0.0,1.0,0.0
2026,4,Ireland,C. Frawley,c|frawley,10,0.0,20.0,0.0,0.0,0.0,0.0,0.0,0.0,0.0,0.0,0.0,0.0,2.0,0.0,0.0,0.0,0.0,0.0,0.0
2026,4,Ireland,N. Doak,n|doak,13,1.0,0.0,0.0,0.0,0.0,0.0,0.0,0.0,0.0,0.0,0.0,0.0,3.0,0.0,0.0,0.0,0.0,0.0,1.0
2026,4,Ireland,J. Gibson-Park,j|gibsonpark,67,3.0,58.0,0.0,0.0,0.0,0.0,1.0,0.0,0.0,0.0,0.0,0.0,26.0,0.0,4.0,0.0,0.0,0.0,3.0
2026,4,Ireland,J. Conan,j|conan,80,14.0,37.0,0.0,0.0,1.0,1.0,0.0,0.0,0.0,0.0,0.0,0.0,68.0,1.0,3.0,3.0,4.0,0.0,0.0
2026,4,Ireland,C. Doris,c|doris,80,18.0,23.0,0.0,0.0,0.0,0.0,1.0,0.0,0.0,0.0,0.0,0.0,30.0,0.0,1.0,1.0,4.0,2.0,0.0
2026,4,Ireland,N. Timoney,n|timoney,60,11.0,24.0,0.0,0.0,0.0,0.0,0.0,0.0,0.0,0.0,0.0,0.0,19.0,0.0,1.0,0.0,4.0,0.0,0.0
2026,4,Ireland,J. van der Flier,j|vanderflier,20,8.0,0.0,0.0,0.0,0.0,0.0,0.0,0.0,0.0,0.0,0.0,0.0,10.0,0.0,0.0,1.0,0.0,0.0,0.0
2026,4,Ireland,T. Beirne,t|beirne,80,13.0,9.0,0.0,1.0,1.0,0.0,0.0,0.0,0.0,0.0,0.0,0.0,32.0,0.0,0.0,2.0,4.0,1.0,0.0
2026,4,Ireland,J. McCarthy,j|mccarthy,20,7.0,15.0,0.0,1.0,0.0,0.0,0.0,0.0,0.0,0.0,0.0,0.0,15.0,0.0,0.0,0.0,0.0,0.0,0.0
2026,4,Ireland,J. Ryan,j|ryan,60,5.0,13.0,0.0,0.0,0.0,0.0,0.0,0.0,0.0,0.0,0.0,0.0,10.0,0.0,1.0,0.0,4.0,2.0,0.0
2026,4,Ireland,T. Clarkson,t|clarkson,20,3.0,0.0,0.0,0.0,0.0,0.0,0.0,0.0,0.0,0.0,0.0,0.0,3.0,0.0,0.0,0.0,0.0,0.0,0.0
2026,4,Ireland,T. Furlong,t|furlong,60,5.0,14.0,0.0,0.0,0.0,0.0,0.0,0.0,0.0,0.0,0.0,0.0,13.0,0.0,1.0,1.0,4.0,1.0,0.0
2026,4,Ireland,M. Milne,m|milne,17,6.0,1.0,0.0,0.0,0.0,0.0,0.0,0.0,0.0,0.0,0.0,0.0,6.0,0.0,0.0,0.0,0.0,0.0,0.0
2026,4,Ireland,T. O'Toole,t|otoole,63,10.0,0.0,0.0,0.0,0.0,0.0,0.0,0.0,0.0,0.0,0.0,0.0,14.0,0.0,0.0,0.0,4.0,0.0,0.0
2026,4,Ireland,R. Kelleher,r|kelleher,63,17.0,30.0,0.0,0.0,1.0,0.0,0.0,0.0,0.0,0.0,0.0,0.0,35.0,0.0,2.0,1.0,4.0,0.0,0.0
2026,4,Ireland,T. Stewart,t|stewart,17,3.0,3.0,0.0,0.0,0.0,0.0,0.0,0.0,0.0,0.0,0.0,0.0,3.0,0.0,0.0,0.0,0.0,0.0,0.0
2026,4,Wales,J. Adams,j|adams,80,6.0,14.0,0.0,0.0,0.0,0.0,0.0,0.0,0.0,0.0,0.0,0.0,7.0,0.0,0.0,0.0,0.0,0.0,0.0
2026,4,Wales,E. Mee,e|mee,69,5.0,5.0,0.0,0.0,0.0,0.0,0.0,0.0,0.0,0.0,0.0,0.0,5.0,0.0,0.0,0.0,0.0,0.0,0.0
2026,4,Wales,L. Rees-Zammit,l|reeszammit,80,3.0,28.0,1.0,0.0,0.0,0.0,0.0,0.0,0.0,0.0,0.0,0.0,18.0,0.0,2.0,0.0,0.0,0.0,1.0
2026,4,Wales,J. Hawkins,j|hawkins,80,14.0,18.0,0.0,0.0,0.0,0.0,0.0,0.0,0.0,0.0,0.0,0.0,15.0,0.0,0.0,0.0,0.0,0.0,0.0
2026,4,Wales,L. Hennessey,l|hennessey,11,0.0,0.0,0.0,0.0,0.0,0.0,0.0,0.0,0.0,0.0,0.0,0.0,0.0,0.0,0.0,0.0,0.0,0.0,0.0
2026,4,Wales,E. James,e|james,80,14.0,13.0,0.0,0.0,0.0,0.0,0.0,0.0,0.0,0.0,0.0,0.0,22.0,0.0,3.0,1.0,0.0,1.0,0.0
2026,4,Wales,D. Edwards,d|edwards,80,4.0,5.0,0.0,0.0,0.0,0.0,0.0,2.0,1.0,0.0,0.0,0.0,17.0,0.0,2.0,0.0,0.0,0.0,1.0
2026,4,Wales,T. Williams,t|williams,71,8.0,3.0,0.0,0.0,0.0,0.0,1.0,0.0,0.0,0.0,1.0,0.0,9.0,0.0,0.0,0.0,0.0,0.0,1.0
2026,4,Wales,J. Botham,j|botham,80,26.0,7.0,0.0,0.0,1.0,1.0,0.0,0.0,0.0,0.0,0.0,0.0,53.0,0.0,1.0,0.0,6.0,1.0,0.0
2026,4,Wales,O. Cracknell,o|cracknell,35,4.0,15.0,0.0,0.0,0.0,0.0,0.0,0.0,0.0,0.0,0.0,0.0,9.0,0.0,0.0,0.0,4.0,0.0,0.0
2026,4,Wales,A. Mann,a|mann,80,33.0,9.0,0.0,0.0,1.0,0.0,0.0,0.0,0.0,0.0,0.0,0.0,43.0,0.0,0.0,0.0,6.0,1.0,0.0
2026,4,Wales,A. Wainwright,a|wainwright,45,16.0,31.0,0.0,0.0,0.0,0.0,0.0,0.0,0.0,0.0,0.0,0.0,23.0,0.0,1.0,0.0,2.0,0.0,0.0
2026,4,Wales,A. Beard,a|beard,24,1.0,2.0,0.0,0.0,0.0,0.0,0.0,0.0,0.0,0.0,0.0,0.0,5.0,0.0,0.0,0.0,4.0,0.0,0.0
2026,4,Wales,B. Carter,b|carter,56,20.0,3.0,0.0,0.0,0.0,0.0,0.0,0.0,0.0,0.0,0.0,0.0,24.0,0.0,0.0,1.0,2.0,0.0,0.0
2026,4,Wales,D. Jenkins,d|jenkins,80,27.0,7.0,0.0,0.0,0.0,0.0,0.0,0.0,0.0,0.0,0.0,0.0,32.0,0.0,0.0,0.0,6.0,1.0,0.0
2026,4,Wales,R. Carre,r|carre,45,13.0,38.0,0.0,0.0,0.0,1.0,0.0,0.0,0.0,0.0,0.0,0.0,37.0,0.0,2.0,0.0,2.0,0.0,0.0
2026,4,Wales,T. Francis,t|francis,56,14.0,0.0,0.0,0.0,0.0,0.0,0.0,0.0,0.0,0.0,0.0,0.0,16.0,0.0,0.0,1.0,2.0,2.0,0.0
2026,4,Wales,A. Griffin,a|griffin,24,2.0,2.0,0.0,0.0,0.0,0.0,0.0,0.0,0.0,0.0,0.0,0.0,6.0,0.0,0.0,0.0,4.0,0.0,0.0
2026,4,Wales,N. Smith,n|smith,35,3.0,0.0,0.0,0.0,0.0,0.0,0.0,0.0,0.0,0.0,0.0,0.0,7.0,0.0,0.0,0.0,4.0,0.0,0.0
2026,4,Wales,R. Elias,r|elias,24,3.0,5.0,0.0,0.0,0.0,0.0,0.0,0.0,0.0,0.0,0.0,0.0,7.0,0.0,0.0,0.0,4.0,0.0,0.0
2026,4,Wales,D. Lake,d|lake,56,25.0,13.0,0.0,0.0,1.0,0.0,0.0,0.0,0.0,0.0,0.0,0.0,32.0,0.0,0.0,0.0,2.0,1.0,0.0
2026,4,Scotland,D. Graham,d|graham,80,4.0,50.0,0.0,0.0,0.0,2.0,0.0,0.0,0.0,0.0,0.0,0.0,47.0,0.0,8.0,1.0,0.0,0.0,0.0
2026,4,Scotland,B. Kinghorn,b|kinghorn,80,2.0,73.0,0.0,0.0,0.0,0.0,1.0,0.0,0.0,0.0,0.0,0.0,29.0,0.0,5.0,3.0,0.0,0.0,0.0
2026,4,Scotland,K. Steyn,k|steyn,67,5.0,117.0,0.0,0.0,0.0,2.0,0.0,0.0,0.0,0.0,0.0,0.0,61.0,1.0,4.0,1.0,0.0,0.0,0.0
2026,4,Scotland,H. Jones,h|jones,56,5.0,27.0,0.0,0.0,0.0,0.0,0.0,0.0,0.0,0.0,0.0,0.0,15.0,0.0,3.0,1.0,0.0,0.0,0.0
2026,4,Scotland,T. Jordan,t|jordan,24,2.0,33.0,0.0,0.0,0.0,1.0,0.0,0.0,0.0,0.0,0.0,0.0,19.0,0.0,2.0,0.0,0.0,0.0,0.0
2026,4,Scotland,S. Tuipulotu,s|tuipulotu,80,8.0,32.0,0.0,0.0,0.0,0.0,1.0,0.0,0.0,0.0,0.0,0.0,23.0,0.0,4.0,0.0,0.0,0.0,0.0
2026,4,Scotland,F. Russell,f|russell,80,3.0,17.0,0.0,0.0,0.0,0.0,1.0,6.0,1.0,0.0,0.0,0.0,27.0,0.0,0.0,1.0,0.0,0.0,1.0
2026,4,Scotland,G. Horne,g|horne,16,4.0,1.0,0.0,0.0,0.0,0.0,0.0,0.0,0.0,0.0,0.0,0.0,6.0,0.0,0.0,0.0,0.0,0.0,1.0
2026,4,Scotland,B. White,b|white,64,4.0,12.0,0.0,0.0,0.0,1.0,0.0,0.0,0.0,0.0,0.0,0.0,21.0,0.0,1.0,0.0,0.0,0.0,2.0
2026,4,Scotland,J. Bayliss,j|bayliss,26,6.0,0.0,0.0,0.0,0.0,0.0,0.0,0.0,0.0,0.0,1.0,0.0,1.0,0.0,0.0,0.0,1.0,1.0,0.0
2026,4,Scotland,R. Darge,r|darge,80,15.0,10.0,0.0,0.0,0.0,0.0,0.0,0.0,0.0,0.0,0.0,0.0,23.0,0.0,0.0,1.0,5.0,0.0,0.0
2026,4,Scotland,J. Dempsey,j|dempsey,80,7.0,42.0,0.0,0.0,0.0,0.0,0.0,0.0,0.0,0.0,0.0,0.0,23.0,0.0,3.0,1.0,5.0,1.0,0.0
2026,4,Scotland,F. Douglas,f|douglas,13,6.0,0.0,0.0,0.0,0.0,0.0,0.0,0.0,0.0,0.0,0.0,0.0,6.0,0.0,0.0,0.0,0.0,0.0,0.0
2026,4,Scotland,M. Fagerson,m|fagerson,80,8.0,15.0,0.0,0.0,0.0,0.0,0.0,0.0,0.0,0.0,0.0,0.0,16.0,0.0,1.0,0.0,5.0,0.0,0.0
2026,4,Scotland,G. Brown,g|brown,34,6.0,1.0,0.0,0.0,0.0,0.0,0.0,0.0,0.0,0.0,0.0,0.0,9.0,0.0,0.0,0.0,3.0,0.0,0.0
2026,4,Scotland,S. Cummings,s|cummings,52,5.0,1.0,0.0,1.0,0.0,0.0,0.0,0.0,0.0,0.0,0.0,0.0,16.0,0.0,0.0,0.0,4.0,0.0,0.0
2026,4,Scotland,G. Gilchrist,g|gilchrist,46,7.0,3.0,0.0,0.0,0.0,0.0,0.0,0.0,0.0,0.0,0.0,0.0,9.0,0.0,0.0,0.0,2.0,0.0,0.0
2026,4,Scotland,Z. Fagerson,z|fagerson,41,6.0,8.0,0.0,0.0,0.0,0.0,0.0,0.0,0.0,0.0,0.0,0.0,9.0,0.0,1.0,0.0,1.0,0.0,0.0
2026,4,Scotland,D. Rae,d|rae,39,2.0,0.0,0.0,0.0,0.0,0.0,0.0,0.0,0.0,0.0,0.0,0.0,5.0,0.0,0.0,0.0,4.0,1.0,0.0
2026,4,Scotland,P. Schoeman,p|schoeman,64,3.0,6.0,0.0,0.0,0.0,1.0,0.0,0.0,0.0,0.0,0.0,0.0,24.0,0.0,1.0,0.0,5.0,1.0,0.0
2026,4,Scotland,R. Sutherland,r|sutherland,16,5.0,1.0,0.0,0.0,0.0,0.0,0.0,0.0,0.0,0.0,0.0,0.0,5.0,0.0,0.0,0.0,0.0,0.0,0.0
2026,4,Scotland,E. Ashman,e|ashman,28,6.0,7.0,0.0,0.0,0.0,0.0,0.0,0.0,0.0,0.0,0.0,0.0,9.0,0.0,0.0,1.0,1.0,0.0,0.0
2026,4,Scotland,G. Turner,g|turner,52,3.0,15.0,0.0,0.0,0.0,0.0,1.0,0.0,0.0,0.0,0.0,0.0,12.0,0.0,0.0,0.0,4.0,0.0,0.0
2026,4,France,T. Attissogbe,t|attissogbe,80,4.0,63.0,0.0,0.0,0.0,1.0,1.0,0.0,0.0,0.0,0.0,0.0,25.0,0.0,1.0,0.0,0.0,1.0,0.0
2026,4,France,L. Bielle-Biarrey,l|biellebiarrey,80,10.0,96.0,0.0,0.0,0.0,1.0,3.0,0.0,0.0,0.0,0.0,0.0,49.0,0.0,2.0,0.0,0.0,0.0,2.0
2026,4,France,T. Ramos,t|ramos,80,2.0,83.0,0.0,0.0,0.0,2.0,0.0,5.0,0.0,0.0,0.0,0.0,45.0,0.0,3.0,0.0,0.0,1.0,0.0
2026,4,France,P. Barassi,p|barassi,36,6.0,22.0,0.0,0.0,0.0,0.0,0.0,0.0,0.0,0.0,0.0,0.0,12.0,0.0,2.0,0.0,0.0,0.0,0.0
2026,4,France,N. Depoortere,n|depoortere,44,8.0,1.0,0.0,0.0,0.0,0.0,0.0,0.0,0.0,0.0,0.0,0.0,8.0,0.0,0.0,0.0,0.0,0.0,0.0
2026,4,France,Y. Moefana,y|moefana,80,8.0,34.0,0.0,0.0,0.0,0.0,0.0,0.0,0.0,0.0,0.0,0.0,14.0,0.0,1.0,1.0,0.0,1.0,0.0
2026,4,France,M. Jalibert,m|jalibert,70,6.0,54.0,0.0,0.0,0.0,0.0,1.0,0.0,0.0,0.0,1.0,0.0,14.0,0.0,1.0,1.0,0.0,0.0,0.0
2026,4,France,A. Dupont,a|dupont,69,4.0,38.0,0.0,0.0,0.0,1.0,0.0,0.0,0.0,0.0,0.0,0.0,21.0,0.0,2.0,0.0,0.0,0.0,0.0
2026,4,France,B. Serin,b|serin,11,0.0,16.0,0.0,0.0,0.0,0.0,1.0,0.0,0.0,0.0,0.0,0.0,7.0,0.0,1.0,0.0,0.0,0.0,0.0
2026,4,France,F. Cros,f|cros,80,18.0,3.0,0.0,0.0,0.0,0.0,0.0,0.0,0.0,0.0,0.0,0.0,20.0,0.0,0.0,0.0,3.0,1.0,0.0
2026,4,France,O. Jegou,o|jegou,80,28.0,22.0,0.0,0.0,0.0,1.0,0.0,0.0,0.0,0.0,0.0,0.0,47.0,0.0,0.0,0.0,3.0,1.0,0.0
2026,4,France,A. Jelonch,a|jelonch,42,16.0,19.0,0.0,0.0,0.0,0.0,0.0,0.0,0.0,0.0,0.0,0.0,21.0,0.0,1.0,0.0,2.0,0.0,0.0
2026,4,France,L. Nouchi,l|nouchi,27,10.0,4.0,0.0,0.0,0.0,0.0,0.0,0.0,0.0,0.0,1.0,0.0,9.0,0.0,1.0,1.0,1.0,1.0,0.0
2026,4,France,C. Ollivon,c|ollivon,44,10.0,6.0,0.0,0.0,0.0,0.0,0.0,0.0,0.0,0.0,0.0,0.0,12.0,0.0,0.0,0.0,2.0,0.0,0.0
2026,4,France,T. Flament,t|flament,36,6.0,10.0,0.0,1.0,0.0,0.0,0.0,0.0,0.0,0.0,0.0,0.0,17.0,0.0,0.0,1.0,1.0,0.0,0.0
2026,4,France,M. Guillard,m|guillard,44,11.0,11.0,0.0,0.0,0.0,0.0,0.0,0.0,0.0,0.0,0.0,0.0,14.0,0.0,0.0,0.0,2.0,0.0,0.0
2026,4,France,E. Meafou,e|meafou,36,8.0,22.0,0.0,0.0,0.0,0.0,0.0,0.0,0.0,0.0,0.0,0.0,18.0,0.0,2.0,2.0,1.0,1.0,0.0
2026,4,France,D. Aldegheri,d|aldegheri,52,7.0,0.0,0.0,0.0,0.0,0.0,0.0,0.0,0.0,0.0,0.0,0.0,8.0,0.0,0.0,0.0,2.0,1.0,0.0
2026,4,France,D. Bamba,d|bamba,28,3.0,7.0,0.0,0.0,0.0,0.0,0.0,0.0,0.0,0.0,0.0,0.0,6.0,0.0,1.0,0.0,1.0,0.0,0.0
2026,4,France,J. Gros,j|gros,52,22.0,2.0,0.0,0.0,0.0,0.0,0.0,0.0,0.0,0.0,0.0,0.0,25.0,0.0,1.0,0.0,2.0,1.0,0.0
2026,4,France,R. Neti,r|neti,28,6.0,1.0,0.0,0.0,0.0,0.0,0.0,0.0,0.0,0.0,0.0,0.0,7.0,0.0,0.0,0.0,1.0,0.0,0.0
2026,4,France,J. Marchand,j|marchand,44,11.0,2.0,0.0,0.0,0.0,0.0,0.0,0.0,0.0,0.0,0.0,0.0,12.0,0.0,0.0,0.0,2.0,1.0,0.0
2026,4,France,P. Mauvaka,p|mauvaka,36,4.0,0.0,0.0,0.0,0.0,0.0,0.0,0.0,0.0,0.0,0.0,0.0,5.0,0.0,0.0,0.0,1.0,0.0,0.0
2026,4,Italy,M. Ioane,m|ioane,80,6.0,50.0,0.0,0.0,0.0,0.0,0.0,0.0,0.0,0.0,0.0,0.0,23.0,0.0,1.0,5.0,0.0,0.0,0.0
2026,4,Italy,L. Lynagh,l|lynagh,80,7.0,20.0,0.0,0.0,1.0,0.0,0.0,0.0,0.0,0.0,0.0,0.0,18.0,0.0,0.0,2.0,0.0,0.0,0.0
2026,4,Italy,L. Pani,l|pani,73,2.0,38.0,0.0,0.0,0.0,0.0,0.0,0.0,0.0,0.0,0.0,0.0,10.0,0.0,2.0,1.0,0.0,1.0,0.0
2026,4,Italy,N. Brex,n|brex,51,3.0,5.0,0.0,0.0,0.0,0.0,0.0,0.0,0.0,0.0,0.0,0.0,5.0,0.0,0.0,0.0,0.0,0.0,1.0
2026,4,Italy,T. Menoncello,t|menoncello,80,7.0,87.0,0.0,0.0,0.0,1.0,1.0,0.0,0.0,0.0,0.0,0.0,54.0,1.0,5.0,0.0,0.0,0.0,0.0
2026,4,Italy,T. Allan,t|allan,7,0.0,1.0,0.0,0.0,0.0,0.0,0.0,0.0,0.0,0.0,0.0,0.0,2.0,0.0,1.0,0.0,0.0,0.0,0.0
2026,4,Italy,P. Garbisi,p|garbisi,80,8.0,0.0,0.0,0.0,1.0,0.0,0.0,2.0,3.0,0.0,0.0,0.0,30.0,0.0,0.0,0.0,0.0,0.0,2.0
2026,4,Italy,L. Marin,l|marin,29,1.0,18.0,0.0,0.0,0.0,1.0,0.0,0.0,0.0,0.0,0.0,0.0,14.0,0.0,1.0,0.0,0.0,0.0,0.0
2026,4,Italy,A. Fusco,a|fusco,29,1.0,6.0,0.0,0.0,0.0,0.0,0.0,0.0,0.0,0.0,0.0,0.0,9.0,0.0,1.0,0.0,0.0,0.0,3.0
2026,4,Italy,A. Garbisi,a|garbisi,51,6.0,2.0,0.0,0.0,0.0,0.0,1.0,0.0,0.0,0.0,0.0,0.0,12.0,0.0,0.0,0.0,0.0,0.0,1.0
2026,4,Italy,L. Cannone,l|cannone,80,13.0,44.0,0.0,0.0,0.0,0.0,0.0,0.0,0.0,0.0,0.0,0.0,32.0,0.0,7.0,0.0,1.0,0.0,0.0
2026,4,Italy,M. Lamaro,m|lamaro,80,10.0,3.0,0.0,0.0,1.0,0.0,0.0,0.0,0.0,0.0,0.0,0.0,16.0,0.0,0.0,0.0,1.0,0.0,0.0
2026,4,Italy,M. Zuliani,m|zuliani,73,15.0,6.0,0.0,0.0,0.0,0.0,0.0,0.0,0.0,0.0,0.0,0.0,22.0,0.0,2.0,1.0,1.0,0.0,0.0
2026,4,Italy,N. Cannone,n|cannone,80,9.0,1.0,0.0,0.0,0.0,0.0,0.0,0.0,0.0,0.0,0.0,0.0,10.0,0.0,1.0,0.0,1.0,2.0,0.0
2026,4,Italy,R. Favretto,r|favretto,7,1.0,0.0,0.0,0.0,0.0,0.0,0.0,0.0,0.0,0.0,0.0,0.0,1.0,0.0,0.0,0.0,0.0,0.0,0.0
2026,4,Italy,F. Ruzza,f|ruzza,31,6.0,15.0,0.0,0.0,0.0,0.0,0.0,0.0,0.0,0.0,0.0,0.0,7.0,0.0,0.0,0.0,0.0,0.0,0.0
2026,4,Italy,A. Zambonin,a|zambonin,49,8.0,8.0,0.0,0.0,0.0,0.0,0.0,0.0,0.0,0.0,0.0,0.0,9.0,0.0,0.0,0.0,1.0,0.0,0.0
2026,4,Italy,S. Ferrari,s|ferrari,51,9.0,0.0,0.0,0.0,0.0,0.0,0.0,0.0,0.0,0.0,0.0,0.0,8.0,0.0,0.0,0.0,1.0,2.0,0.0
2026,4,Italy,D. Fischetti,d|fischetti,58,9.0,9.0,0.0,0.0,1.0,0.0,0.0,0.0,0.0,0.0,0.0,0.0,15.0,0.0,0.0,0.0,1.0,0.0,0.0
2026,4,Italy,M. Hasa,m|hasa,29,1.0,4.0,0.0,0.0,0.0,0.0,0.0,0.0,0.0,0.0,0.0,0.0,1.0,0.0,0.0,0.0,0.0,0.0,0.0
2026,4,Italy,M. Spagnolo,m|spagnolo,22,6.0,0.0,0.0,0.0,1.0,0.0,0.0,0.0,0.0,0.0,0.0,0.0,11.0,0.0,0.0,0.0,0.0,0.0,0.0
2026,4,Italy,T. di Bartolomeo,t|dibartolomeo,17,4.0,0.0,0.0,0.0,0.0,0.0,0.0,0.0,0.0,0.0,0.0,0.0,3.0,0.0,0.0,0.0,0.0,1.0,0.0
2026,4,Italy,G. Nicotera,g|nicotera,52,17.0,0.0,0.0,0.0,0.0,0.0,0.0,0.0,0.0,0.0,1.0,0.0,12.0,0.0,0.0,0.0,1.0,1.0,0.0
2026,4,England,E. Daly,e|daly,73,0.0,53.0,0.0,0.0,0.0,0.0,0.0,0.0,0.0,0.0,0.0,0.0,13.0,0.0,4.0,0.0,0.0,0.0,0.0
2026,4,England,T. Freeman,t|freeman,80,2.0,50.0,0.0,0.0,0.0,1.0,0.0,0.0,0.0,0.0,0.0,0.0,21.0,0.0,2.0,1.0,0.0,2.0,0.0
2026,4,England,C. Murley,c|murley,80,6.0,45.0,0.0,0.0,0.0,0.0,0.0,0.0,0.0,0.0,0.0,0.0,16.0,0.0,3.0,0.0,0.0,0.0,0.0
2026,4,England,T. Roebuck,t|roebuck,80,4.0,81.0,0.0,0.0,0.0,1.0,0.0,0.0,0.0,0.0,0.0,0.0,36.0,0.0,7.0,0.0,0.0,0.0,0.0
2026,4,England,S. Atkinson,s|atkinson,80,2.0,29.0,0.0,0.0,0.0,0.0,0.0,0.0,0.0,0.0,0.0,0.0,9.0,0.0,1.0,1.0,0.0,1.0,1.0
2026,4,England,M. Smith,m|smith,7,0.0,0.0,0.0,0.0,0.0,0.0,0.0,0.0,0.0,0.0,0.0,0.0,0.0,0.0,0.0,0.0,0.0,0.0,0.0
2026,4,England,F. Smith,f|smith,80,4.0,6.0,0.0,0.0,0.0,0.0,1.0,1.0,2.0,0.0,0.0,0.0,19.0,0.0,1.0,0.0,0.0,1.0,1.0
2026,4,England,B. Spencer,b|spencer,57,0.0,8.0,0.0,0.0,0.0,0.0,0.0,0.0,0.0,0.0,0.0,0.0,12.0,0.0,0.0,0.0,0.0,0.0,6.0
2026,4,England,J. van Poortvliet,j|vanpoortvliet,23,2.0,9.0,0.0,0.0,0.0,0.0,0.0,0.0,0.0,0.0,0.0,0.0,8.0,0.0,0.0,1.0,0.0,0.0,2.0
2026,4,England,C. Cunningham-South,c|cunninghamsouth,5,2.0,0.0,0.0,0.0,0.0,0.0,0.0,0.0,0.0,0.0,0.0,0.0,2.0,0.0,0.0,0.0,0.0,0.0,0.0
2026,4,England,B. Earl,b|earl,73,8.0,56.0,0.0,0.0,0.0,0.0,0.0,0.0,0.0,0.0,0.0,0.0,26.0,0.0,6.0,0.0,3.0,2.0,0.0
2026,4,England,G. Pepper,g|pepper,75,13.0,30.0,0.0,0.0,1.0,0.0,0.0,0.0,0.0,0.0,0.0,0.0,32.0,0.0,4.0,0.0,3.0,0.0,0.0
2026,4,England,H. Pollock,h|pollock,7,0.0,4.0,0.0,0.0,0.0,0.0,0.0,0.0,0.0,0.0,0.0,0.0,0.0,0.0,0.0,0.0,0.0,0.0,0.0
2026,4,England,S. Underhill,s|underhill,56,9.0,3.0,0.0,0.0,1.0,0.0,0.0,0.0,0.0,0.0,1.0,0.0,15.0,0.0,2.0,0.0,3.0,1.0,0.0
2026,4,England,O. Chessum,o|chessum,13,2.0,25.0,0.0,1.0,0.0,0.0,0.0,0.0,0.0,0.0,0.0,0.0,11.0,0.0,0.0,0.0,0.0,0.0,0.0
2026,4,England,A. Coles,a|coles,80,15.0,3.0,0.0,0.0,0.0,0.0,1.0,0.0,0.0,0.0,0.0,0.0,24.0,0.0,1.0,0.0,3.0,0.0,0.0
2026,4,England,M. Itoje,m|itoje,69,10.0,1.0,0.0,0.0,3.0,0.0,0.0,0.0,0.0,0.0,1.0,0.0,23.0,0.0,0.0,1.0,3.0,2.0,0.0
2026,4,England,T. Davison,t|davison,13,2.0,0.0,0.0,0.0,0.0,0.0,0.0,0.0,0.0,0.0,0.0,0.0,2.0,0.0,0.0,0.0,0.0,0.0,0.0
2026,4,England,E. Genge,e|genge,57,6.0,5.0,0.0,0.0,0.0,0.0,0.0,0.0,0.0,0.0,0.0,0.0,8.0,0.0,0.0,0.0,3.0,1.0,0.0
2026,4,England,J. Heyes,j|heyes,67,8.0,4.0,0.0,0.0,0.0,0.0,0.0,0.0,0.0,0.0,0.0,0.0,11.0,0.0,0.0,0.0,3.0,0.0,0.0
2026,4,England,B. Rodd,b|rodd,23,4.0,5.0,0.0,0.0,0.0,0.0,0.0,0.0,0.0,0.0,0.0,0.0,4.0,0.0,0.0,0.0,0.0,0.0,0.0
2026,4,England,L. Cowan-Dickie,l|cowandickie,5,1.0,6.0,0.0,0.0,0.0,0.0,0.0,0.0,0.0,0.0,0.0,0.0,1.0,0.0,0.0,0.0,0.0,0.0,0.0
2026,4,England,J. George,j|george,75,7.0,10.0,0.0,0.0,0.0,0.0,0.0,0.0,0.0,0.0,0.0,0.0,13.0,0.0,1.0,0.0,3.0,0.0,0.0
2026,5,Ireland,R. Baloucoune,r|baloucoune,65,3.0,28.0,0.0,0.0,0.0,1.0,0.0,0.0,0.0,0.0,0.0,0.0,15.0,0.0,0.0,0.0,0.0,0.0,0.0
2026,5,Ireland,T. O'Brien,t|obrien,80,2.0,77.0,0.0,0.0,0.0,2.0,0.0,0.0,0.0,0.0,0.0,0.0,33.0,0.0,1.0,1.0,0.0,0.0,0.0
2026,5,Ireland,J. Osborne,j|osborne,80,3.0,52.0,0.0,0.0,0.0,1.0,0.0,0.0,0.0,0.0,0.0,0.0,22.0,0.0,2.0,0.0,0.0,0.0,0.0
2026,5,Ireland,B. Aki,b|aki,15,3.0,6.0,0.0,0.0,0.0,0.0,0.0,0.0,0.0,0.0,0.0,0.0,3.0,0.0,0.0,0.0,0.0,0.0,0.0
2026,5,Ireland,S. McCloskey,s|mccloskey,80,10.0,69.0,0.0,0.0,0.0,0.0,2.0,0.0,0.0,0.0,0.0,0.0,36.0,0.0,7.0,0.0,0.0,2.0,0.0
2026,5,Ireland,G. Ringrose,g|ringrose,65,8.0,31.0,0.0,0.0,0.0,0.0,0.0,0.0,0.0,0.0,0.0,0.0,13.0,0.0,0.0,1.0,0.0,0.0,0.0
2026,5,Ireland,J. Crowley,j|crowley,80,10.0,33.0,0.0,0.0,0.0,0.0,1.0,5.0,1.0,0.0,0.0,0.0,32.0,0.0,0.0,0.0,0.0,0.0,1.0
2026,5,Ireland,C. Frawley,c|frawley,15,1.0,20.0,0.0,0.0,0.0,0.0,1.0,0.0,0.0,0.0,0.0,0.0,9.0,0.0,0.0,1.0,0.0,0.0,0.0
2026,5,Ireland,C. Casey,c|casey,3,2.0,0.0,0.0,0.0,0.0,0.0,0.0,0.0,0.0,0.0,0.0,0.0,2.0,0.0,0.0,0.0,0.0,0.0,0.0
2026,5,Ireland,J. Gibson-Park,j|gibsonpark,77,9.0,13.0,0.0,0.0,0.0,0.0,0.0,0.0,0.0,0.0,0.0,0.0,12.0,0.0,0.0,0.0,0.0,0.0,1.0
2026,5,Ireland,J. Conan,j|conan,80,16.0,9.0,0.0,0.0,0.0,0.0,0.0,0.0,0.0,0.0,0.0,0.0,24.0,0.0,1.0,0.0,6.0,0.0,0.0
2026,5,Ireland,C. Doris,c|doris,80,17.0,47.0,0.0,0.0,0.0,0.0,0.0,0.0,0.0,0.0,0.0,0.0,54.0,1.0,7.0,0.0,6.0,2.0,0.0
2026,5,Ireland,N. Timoney,n|timoney,27,8.0,9.0,0.0,0.0,0.0,0.0,0.0,0.0,0.0,0.0,0.0,0.0,10.0,0.0,1.0,0.0,0.0,0.0,0.0
2026,5,Ireland,J. van der Flier,j|vanderflier,53,22.0,1.0,0.0,0.0,0.0,0.0,0.0,0.0,0.0,0.0,0.0,0.0,28.0,0.0,0.0,0.0,6.0,0.0,0.0
2026,5,Ireland,T. Beirne,t|beirne,69,19.0,4.0,0.0,0.0,2.0,0.0,0.0,0.0,0.0,0.0,0.0,0.0,35.0,0.0,0.0,0.0,6.0,0.0,0.0
2026,5,Ireland,J. McCarthy,j|mccarthy,65,19.0,5.0,0.0,1.0,0.0,0.0,0.0,0.0,0.0,0.0,0.0,0.0,31.0,0.0,0.0,0.0,6.0,1.0,0.0
2026,5,Ireland,D. Murray,d|murray,26,10.0,2.0,0.0,0.0,0.0,1.0,0.0,0.0,0.0,0.0,0.0,0.0,26.0,0.0,1.0,0.0,0.0,1.0,0.0
2026,5,Ireland,F. Bealham,f|bealham,15,4.0,5.0,0.0,0.0,0.0,0.0,0.0,0.0,0.0,0.0,0.0,0.0,4.0,0.0,0.0,0.0,0.0,0.0,0.0
2026,5,Ireland,T. Furlong,t|furlong,65,16.0,3.0,0.0,0.0,0.0,0.0,0.0,0.0,0.0,0.0,0.0,0.0,24.0,0.0,1.0,0.0,6.0,0.0,0.0
2026,5,Ireland,M. Milne,m|milne,15,4.0,0.0,0.0,0.0,0.0,0.0,0.0,0.0,0.0,0.0,0.0,0.0,4.0,0.0,0.0,0.0,0.0,0.0,0.0
2026,5,Ireland,T. O'Toole,t|otoole,65,20.0,3.0,0.0,0.0,1.0,0.0,0.0,0.0,0.0,0.0,0.0,0.0,32.0,0.0,0.0,1.0,6.0,1.0,0.0
2026,5,Ireland,R. Kelleher,r|kelleher,15,6.0,0.0,0.0,0.0,0.0,0.0,0.0,0.0,0.0,0.0,0.0,0.0,8.0,0.0,1.0,0.0,0.0,0.0,0.0
2026,5,Ireland,D. Sheehan,d|sheehan,65,18.0,24.0,0.0,0.0,0.0,1.0,0.0,0.0,0.0,0.0,0.0,0.0,43.0,0.0,1.0,0.0,6.0,0.0,0.0
2026,5,Scotland,D. Graham,d|graham,62,7.0,39.0,0.0,0.0,0.0,1.0,0.0,0.0,0.0,0.0,0.0,0.0,31.0,0.0,4.0,1.0,0.0,1.0,1.0
2026,5,Scotland,B. Kinghorn,b|kinghorn,80,3.0,22.0,0.0,0.0,0.0,0.0,1.0,0.0,0.0,0.0,0.0,0.0,19.0,0.0,3.0,2.0,0.0,0.0,0.0
2026,5,Scotland,K. Rowe,k|rowe,7,1.0,0.0,0.0,0.0,0.0,0.0,0.0,0.0,0.0,0.0,0.0,0.0,1.0,0.0,0.0,0.0,0.0,0.0,0.0
2026,5,Scotland,K. Steyn,k|steyn,80,5.0,45.0,0.0,0.0,0.0,0.0,0.0,0.0,0.0,0.0,0.0,0.0,22.0,0.0,6.0,1.0,0.0,1.0,0.0
2026,5,Scotland,H. Jones,h|jones,80,10.0,6.0,0.0,0.0,0.0,0.0,0.0,0.0,0.0,0.0,0.0,0.0,14.0,0.0,1.0,1.0,0.0,0.0,0.0
2026,5,Scotland,T. Jordan,t|jordan,11,0.0,5.0,0.0,0.0,0.0,0.0,0.0,0.0,0.0,0.0,0.0,0.0,0.0,0.0,0.0,0.0,0.0,0.0,0.0
2026,5,Scotland,S. Tuipulotu,s|tuipulotu,80,9.0,29.0,0.0,0.0,0.0,0.0,0.0,0.0,0.0,0.0,0.0,0.0,19.0,0.0,3.0,1.0,0.0,0.0,0.0
2026,5,Scotland,F. Russell,f|russell,80,10.0,32.0,0.0,0.0,0.0,1.0,0.0,3.0,0.0,0.0,0.0,0.0,37.0,0.0,1.0,2.0,0.0,0.0,1.0
2026,5,Scotland,G. Horne,g|horne,18,1.0,5.0,0.0,0.0,0.0,0.0,0.0,0.0,0.0,0.0,0.0,0.0,3.0,0.0,1.0,0.0,0.0,0.0,0.0
2026,5,Scotland,B. White,b|white,62,8.0,9.0,0.0,0.0,0.0,0.0,1.0,0.0,0.0,0.0,0.0,0.0,20.0,0.0,1.0,1.0,0.0,0.0,2.0
2026,5,Scotland,M. Bradbury,m|bradbury,18,7.0,4.0,0.0,0.0,0.0,0.0,0.0,0.0,0.0,0.0,0.0,0.0,8.0,0.0,0.0,0.0,1.0,0.0,0.0
2026,5,Scotland,R. Darge,r|darge,80,18.0,34.0,0.0,0.0,0.0,1.0,0.0,0.0,0.0,0.0,0.0,0.0,48.0,0.0,4.0,1.0,2.0,0.0,0.0
2026,5,Scotland,J. Dempsey,j|dempsey,62,10.0,35.0,0.0,0.0,0.0,0.0,0.0,0.0,0.0,0.0,0.0,0.0,16.0,0.0,1.0,0.0,1.0,0.0,0.0
2026,5,Scotland,M. Fagerson,m|fagerson,80,16.0,7.0,0.0,0.0,0.0,0.0,0.0,0.0,0.0,0.0,0.0,0.0,18.0,0.0,0.0,0.0,2.0,0.0,0.0
2026,5,Scotland,A. Craig,a|craig,18,5.0,2.0,0.0,0.0,0.0,0.0,0.0,0.0,0.0,0.0,0.0,0.0,5.0,0.0,0.0,0.0,1.0,1.0,0.0
2026,5,Scotland,G. Gilchrist,g|gilchrist,80,19.0,6.0,0.0,0.0,0.0,0.0,1.0,0.0,0.0,0.0,0.0,0.0,24.0,0.0,0.0,0.0,2.0,1.0,0.0
2026,5,Scotland,M. Williamson,m|williamson,62,11.0,5.0,0.0,0.0,0.0,0.0,0.0,0.0,0.0,0.0,0.0,0.0,12.0,0.0,0.0,0.0,1.0,0.0,0.0
2026,5,Scotland,Z. Fagerson,z|fagerson,69,12.0,14.0,0.0,0.0,0.0,0.0,0.0,0.0,0.0,0.0,0.0,0.0,17.0,0.0,2.0,0.0,2.0,2.0,0.0
2026,5,Scotland,D. Rae,d|rae,11,0.0,0.0,0.0,0.0,0.0,0.0,0.0,0.0,0.0,0.0,0.0,0.0,0.0,0.0,0.0,0.0,0.0,0.0,0.0
2026,5,Scotland,P. Schoeman,p|schoeman,69,13.0,15.0,0.0,0.0,0.0,0.0,0.0,0.0,0.0,0.0,0.0,0.0,16.0,0.0,0.0,0.0,2.0,0.0,0.0
2026,5,Scotland,R. Sutherland,r|sutherland,11,0.0,0.0,0.0,0.0,0.0,0.0,0.0,0.0,0.0,0.0,0.0,0.0,0.0,0.0,0.0,0.0,0.0,0.0,0.0
2026,5,Scotland,E. Ashman,e|ashman,62,12.0,18.0,0.0,0.0,0.0,0.0,0.0,0.0,0.0,0.0,0.0,0.0,14.0,0.0,0.0,0.0,2.0,1.0,0.0
2026,5,Scotland,G. Turner,g|turner,18,3.0,11.0,0.0,0.0,0.0,0.0,0.0,0.0,0.0,0.0,0.0,0.0,4.0,0.0,0.0,0.0,0.0,0.0,0.0
2026,5,Wales,J. Adams,j|adams,80,5.0,78.0,0.0,0.0,0.0,0.0,0.0,0.0,0.0,0.0,0.0,0.0,28.0,0.0,6.0,2.0,0.0,0.0,0.0
2026,5,Wales,E. Mee,e|mee,78,7.0,28.0,0.0,0.0,1.0,0.0,0.0,0.0,0.0,0.0,0.0,0.0,19.0,0.0,3.0,0.0,0.0,1.0,0.0
2026,5,Wales,B. Murray,b|murray,2,0.0,0.0,0.0,0.0,0.0,0.0,0.0,0.0,0.0,0.0,0.0,0.0,0.0,0.0,0.0,0.0,0.0,0.0,0.0
2026,5,Wales,L. Rees-Zammit,l|reeszammit,80,3.0,68.0,0.0,0.0,0.0,0.0,0.0,0.0,0.0,0.0,0.0,0.0,19.0,0.0,4.0,1.0,0.0,0.0,0.0
2026,5,Wales,J. Hawkins,j|hawkins,80,7.0,28.0,0.0,0.0,1.0,0.0,1.0,0.0,0.0,0.0,0.0,0.0,20.0,0.0,1.0,0.0,0.0,0.0,0.0
2026,5,Wales,E. James,e|james,80,7.0,51.0,0.0,0.0,0.0,0.0,0.0,0.0,0.0,0.0,0.0,0.0,11.0,0.0,0.0,0.0,0.0,1.0,0.0
2026,5,Wales,D. Edwards,d|edwards,67,2.0,25.0,0.0,0.0,0.0,1.0,0.0,4.0,0.0,1.0,0.0,0.0,35.0,0.0,4.0,0.0,0.0,0.0,0.0
2026,5,Wales,J. Evans,j|evans,13,1.0,0.0,0.0,0.0,0.0,0.0,0.0,0.0,0.0,0.0,0.0,0.0,1.0,0.0,0.0,0.0,0.0,0.0,0.0
2026,5,Wales,K. Hardy,k|hardy,2,1.0,0.0,0.0,0.0,0.0,0.0,0.0,0.0,0.0,0.0,0.0,0.0,1.0,0.0,0.0,0.0,0.0,0.0,0.0
2026,5,Wales,T. Williams,t|williams,78,4.0,7.0,0.0,1.0,0.0,0.0,1.0,0.0,0.0,0.0,0.0,0.0,23.0,0.0,3.0,1.0,0.0,0.0,0.0
2026,5,Wales,J. Botham,j|botham,80,17.0,24.0,0.0,0.0,0.0,0.0,0.0,0.0,0.0,0.0,0.0,0.0,25.0,0.0,1.0,0.0,4.0,0.0,0.0
2026,5,Wales,O. Cracknell,o|cracknell,9,5.0,0.0,0.0,0.0,0.0,0.0,0.0,0.0,0.0,0.0,0.0,0.0,6.0,0.0,0.0,0.0,1.0,0.0,0.0
2026,5,Wales,A. Mann,a|mann,71,11.0,18.0,0.0,0.0,0.0,0.0,0.0,0.0,0.0,0.0,0.0,0.0,17.0,0.0,2.0,0.0,3.0,2.0,0.0
2026,5,Wales,A. Wainwright,a|wainwright,80,6.0,32.0,0.0,0.0,0.0,2.0,0.0,0.0,0.0,0.0,0.0,0.0,68.0,1.0,5.0,0.0,4.0,0.0,0.0
2026,5,Wales,A. Beard,a|beard,16,2.0,0.0,0.0,0.0,0.0,0.0,0.0,0.0,0.0,0.0,0.0,0.0,3.0,0.0,0.0,0.0,1.0,0.0,0.0
2026,5,Wales,B. Carter,b|carter,64,6.0,12.0,0.0,0.0,0.0,0.0,0.0,0.0,0.0,0.0,0.0,0.0,12.0,0.0,1.0,0.0,3.0,0.0,0.0
2026,5,Wales,D. Jenkins,d|jenkins,80,11.0,0.0,0.0,0.0,0.0,0.0,0.0,0.0,0.0,0.0,0.0,0.0,15.0,0.0,0.0,0.0,4.0,0.0,0.0
2026,5,Wales,R. Carre,r|carre,51,7.0,8.0,0.0,0.0,1.0,0.0,0.0,0.0,0.0,0.0,0.0,0.0,16.0,0.0,0.0,1.0,3.0,1.0,0.0
2026,5,Wales,T. Francis,t|francis,37,3.0,0.0,0.0,0.0,0.0,0.0,0.0,0.0,0.0,0.0,0.0,0.0,6.0,0.0,0.0,0.0,3.0,0.0,0.0
2026,5,Wales,A. Griffin,a|griffin,32,7.0,1.0,0.0,0.0,0.0,0.0,0.0,0.0,0.0,0.0,1.0,0.0,3.0,0.0,0.0,0.0,1.0,0.0,0.0
2026,5,Wales,N. Smith,n|smith,29,7.0,0.0,0.0,0.0,0.0,0.0,0.0,0.0,0.0,0.0,0.0,0.0,6.0,0.0,0.0,0.0,1.0,2.0,0.0
2026,5,Wales,R. Elias,r|elias,35,9.0,5.0,0.0,0.0,0.0,0.0,0.0,0.0,0.0,0.0,0.0,0.0,10.0,0.0,0.0,0.0,1.0,0.0,0.0
2026,5,Wales,D. Lake,d|lake,45,5.0,8.0,0.0,0.0,1.0,1.0,0.0,0.0,0.0,0.0,0.0,0.0,32.0,0.0,1.0,1.0,3.0,0.0,0.0
2026,5,Italy,M. Ioane,m|ioane,80,5.0,49.0,0.0,0.0,0.0,0.0,0.0,0.0,0.0,0.0,0.0,0.0,13.0,0.0,3.0,0.0,0.0,2.0,0.0
2026,5,Italy,L. Lynagh,l|lynagh,80,6.0,28.0,0.0,0.0,0.0,0.0,0.0,0.0,0.0,0.0,0.0,0.0,10.0,0.0,1.0,0.0,0.0,0.0,0.0
2026,5,Italy,L. Pani,l|pani,63,1.0,20.0,0.0,0.0,0.0,0.0,0.0,0.0,0.0,0.0,0.0,0.0,3.0,0.0,1.0,0.0,0.0,2.0,0.0
2026,5,Italy,N. Brex,n|brex,70,8.0,7.0,0.0,0.0,0.0,0.0,0.0,0.0,0.0,0.0,0.0,0.0,8.0,0.0,0.0,0.0,0.0,0.0,0.0
2026,5,Italy,T. Menoncello,t|menoncello,80,13.0,108.0,0.0,0.0,1.0,0.0,0.0,0.0,0.0,0.0,0.0,0.0,44.0,0.0,6.0,2.0,0.0,0.0,0.0
2026,5,Italy,T. Allan,t|allan,17,0.0,33.0,0.0,0.0,0.0,1.0,0.0,0.0,0.0,0.0,0.0,0.0,13.0,0.0,0.0,0.0,0.0,0.0,0.0
2026,5,Italy,P. Garbisi,p|garbisi,80,4.0,27.0,0.0,0.0,0.0,1.0,1.0,1.0,0.0,0.0,0.0,0.0,34.0,0.0,1.0,1.0,0.0,0.0,4.0
2026,5,Italy,L. Marin,l|marin,10,0.0,12.0,0.0,0.0,0.0,0.0,0.0,0.0,0.0,0.0,0.0,0.0,3.0,0.0,0.0,1.0,0.0,0.0,0.0
2026,5,Italy,A. Fusco,a|fusco,53,2.0,16.0,0.0,0.0,0.0,0.0,0.0,0.0,0.0,0.0,0.0,0.0,6.0,0.0,2.0,0.0,0.0,1.0,0.0
2026,5,Italy,S. Varney,s|varney,27,1.0,30.0,0.0,0.0,0.0,0.0,0.0,0.0,0.0,0.0,0.0,0.0,6.0,0.0,0.0,0.0,0.0,0.0,1.0
2026,5,Italy,L. Cannone,l|cannone,63,10.0,62.0,0.0,0.0,1.0,0.0,0.0,0.0,0.0,0.0,0.0,0.0,25.0,0.0,1.0,0.0,2.0,0.0,0.0
2026,5,Italy,M. Lamaro,m|lamaro,80,8.0,10.0,0.0,0.0,1.0,0.0,1.0,0.0,0.0,0.0,0.0,0.0,26.0,0.0,0.0,1.0,6.0,0.0,0.0
2026,5,Italy,D. Odiase,d|odiase,17,2.0,15.0,0.0,0.0,0.0,0.0,0.0,0.0,0.0,0.0,0.0,0.0,9.0,0.0,0.0,1.0,4.0,0.0,0.0
2026,5,Italy,M. Zuliani,m|zuliani,80,12.0,2.0,0.0,0.0,0.0,0.0,0.0,0.0,0.0,0.0,0.0,0.0,18.0,0.0,1.0,0.0,6.0,2.0,0.0
2026,5,Italy,N. Cannone,n|cannone,70,9.0,0.0,0.0,0.0,0.0,0.0,0.0,0.0,0.0,0.0,0.0,0.0,12.0,0.0,0.0,0.0,3.0,0.0,0.0
2026,5,Italy,R. Favretto,r|favretto,10,1.0,6.0,0.0,0.0,0.0,0.0,0.0,0.0,0.0,0.0,0.0,0.0,8.0,0.0,1.0,1.0,3.0,0.0,0.0
2026,5,Italy,F. Ruzza,f|ruzza,80,11.0,15.0,0.0,1.0,0.0,0.0,0.0,0.0,0.0,0.0,0.0,0.0,25.0,0.0,0.0,0.0,6.0,0.0,0.0
2026,5,Italy,D. Fischetti,d|fischetti,47,11.0,9.0,0.0,0.0,0.0,0.0,0.0,0.0,0.0,0.0,0.0,0.0,15.0,0.0,0.0,1.0,3.0,1.0,0.0
2026,5,Italy,M. Hasa,m|hasa,45,10.0,0.0,0.0,0.0,0.0,0.0,0.0,0.0,0.0,0.0,0.0,0.0,12.0,0.0,0.0,0.0,2.0,0.0,0.0
2026,5,Italy,M. Spagnolo,m|spagnolo,33,3.0,1.0,0.0,0.0,0.0,0.0,0.0,0.0,0.0,0.0,0.0,0.0,6.0,0.0,0.0,0.0,3.0,0.0,0.0
2026,5,Italy,G. Zilocchi,g|zilocchi,35,5.0,0.0,0.0,0.0,0.0,0.0,0.0,0.0,0.0,0.0,0.0,0.0,8.0,0.0,0.0,0.0,4.0,1.0,0.0
2026,5,Italy,T. di Bartolomeo,t|dibartolomeo,16,3.0,1.0,0.0,0.0,0.0,1.0,0.0,0.0,0.0,0.0,0.0,0.0,18.0,0.0,0.0,0.0,0.0,0.0,0.0
2026,5,Italy,G. Nicotera,g|nicotera,64,13.0,17.0,0.0,0.0,0.0,0.0,0.0,0.0,0.0,0.0,0.0,0.0,19.0,0.0,0.0,0.0,6.0,1.0,0.0
2026,5,France,T. Attissogbe,t|attissogbe,80,10.0,48.0,0.0,0.0,0.0,1.0,0.0,0.0,0.0,0.0,0.0,0.0,30.0,0.0,2.0,1.0,0.0,0.0,0.0
2026,5,France,L. Bielle-Biarrey,l|biellebiarrey,80,2.0,47.0,0.0,0.0,0.0,4.0,0.0,0.0,0.0,0.0,0.0,0.0,68.0,1.0,3.0,0.0,0.0,1.0,1.0
2026,5,France,T. Ramos,t|ramos,80,1.0,36.0,0.0,0.0,0.0,0.0,1.0,5.0,2.0,0.0,0.0,0.0,30.0,0.0,0.0,1.0,0.0,0.0,2.0
2026,5,France,P. Barassi,p|barassi,80,8.0,14.0,0.0,0.0,0.0,0.0,0.0,0.0,0.0,0.0,0.0,0.0,12.0,0.0,1.0,1.0,0.0,1.0,0.0
2026,5,France,Y. Moefana,y|moefana,80,6.0,27.0,0.0,0.0,0.0,0.0,0.0,0.0,0.0,0.0,0.0,0.0,14.0,0.0,1.0,2.0,0.0,0.0,0.0
2026,5,France,M. Jalibert,m|jalibert,80,8.0,64.0,0.0,0.0,0.0,0.0,1.0,0.0,0.0,0.0,0.0,0.0,44.0,0.0,7.0,3.0,0.0,0.0,3.0
2026,5,France,A. Dupont,a|dupont,80,6.0,24.0,0.0,0.0,0.0,0.0,2.0,0.0,0.0,0.0,0.0,0.0,30.0,0.0,3.0,0.0,0.0,0.0,4.0
2026,5,France,F. Cros,f|cros,80,13.0,2.0,0.0,0.0,0.0,0.0,0.0,0.0,0.0,0.0,0.0,0.0,18.0,0.0,0.0,1.0,4.0,1.0,0.0
2026,5,France,T. Matiu,t|matiu,40,10.0,8.0,0.0,0.0,0.0,0.0,0.0,0.0,0.0,0.0,0.0,0.0,14.0,0.0,0.0,1.0,3.0,1.0,0.0
2026,5,France,C. Ollivon,c|ollivon,78,17.0,30.0,0.0,0.0,0.0,0.0,0.0,0.0,0.0,0.0,0.0,0.0,28.0,0.0,0.0,2.0,4.0,0.0,0.0
2026,5,France,H. Auradou,h|auradou,2,0.0,0.0,0.0,0.0,0.0,0.0,0.0,0.0,0.0,0.0,0.0,0.0,0.0,0.0,0.0,0.0,0.0,0.0,0.0
2026,5,France,J. Brennan,j|brennan,14,4.0,0.0,0.0,0.0,0.0,0.0,0.0,0.0,0.0,0.0,0.0,0.0,6.0,0.0,1.0,0.0,0.0,0.0,0.0
2026,5,France,T. Flament,t|flament,80,12.0,16.0,0.0,0.0,0.0,0.0,0.0,0.0,0.0,0.0,0.0,0.0,16.0,0.0,0.0,0.0,4.0,1.0,0.0
2026,5,France,M. Guillard,m|guillard,40,11.0,16.0,0.0,0.0,0.0,0.0,0.0,0.0,0.0,0.0,0.0,0.0,10.0,0.0,0.0,0.0,1.0,3.0,0.0
2026,5,France,E. Meafou,e|meafou,66,8.0,12.0,0.0,0.0,0.0,0.0,0.0,0.0,0.0,0.0,0.0,0.0,17.0,0.0,1.0,1.0,4.0,0.0,0.0
2026,5,France,D. Aldegheri,d|aldegheri,46,3.0,0.0,0.0,0.0,0.0,0.0,0.0,0.0,0.0,0.0,0.0,0.0,8.0,0.0,1.0,0.0,4.0,1.0,0.0
2026,5,France,D. Bamba,d|bamba,27,5.0,3.0,0.0,0.0,0.0,0.0,0.0,0.0,0.0,0.0,1.0,0.0,1.0,0.0,1.0,0.0,0.0,1.0,0.0
2026,5,France,J. Gros,j|gros,65,9.0,4.0,0.0,0.0,1.0,0.0,0.0,0.0,0.0,0.0,0.0,0.0,18.0,0.0,0.0,0.0,4.0,0.0,0.0
2026,5,France,R. Neti,r|neti,15,6.0,0.0,0.0,0.0,0.0,0.0,0.0,0.0,0.0,0.0,0.0,0.0,6.0,0.0,0.0,0.0,0.0,0.0,0.0
2026,5,France,J. Marchand,j|marchand,46,8.0,4.0,0.0,0.0,0.0,0.0,0.0,0.0,0.0,0.0,0.0,0.0,18.0,0.0,1.0,2.0,4.0,0.0,0.0
2026,5,France,P. Mauvaka,p|mauvaka,34,12.0,4.0,0.0,0.0,0.0,0.0,0.0,0.0,0.0,0.0,0.0,0.0,12.0,0.0,0.0,0.0,0.0,0.0,0.0
2026,5,England,E. Daly,e|daly,54,1.0,25.0,0.0,0.0,0.0,0.0,1.0,0.0,0.0,0.0,0.0,0.0,6.0,0.0,0.0,0.0,0.0,1.0,0.0
2026,5,England,T. Freeman,t|freeman,80,8.0,59.0,0.0,0.0,0.0,1.0,0.0,0.0,0.0,0.0,0.0,0.0,33.0,0.0,4.0,1.0,0.0,0.0,0.0
2026,5,England,C. Murley,c|murley,80,7.0,31.0,0.0,0.0,0.0,1.0,0.0,0.0,0.0,0.0,0.0,0.0,19.0,0.0,0.0,0.0,0.0,1.0,0.0
2026,5,England,T. Roebuck,t|roebuck,80,5.0,22.0,0.0,0.0,0.0,1.0,0.0,0.0,0.0,0.0,0.0,0.0,20.0,0.0,1.0,1.0,0.0,1.0,0.0
2026,5,England,S. Atkinson,s|atkinson,80,12.0,9.0,0.0,0.0,0.0,0.0,0.0,0.0,0.0,0.0,0.0,0.0,14.0,0.0,1.0,0.0,0.0,0.0,0.0
2026,5,England,M. Smith,m|smith,26,1.0,29.0,0.0,0.0,0.0,1.0,0.0,2.0,0.0,0.0,0.0,0.0,21.0,0.0,2.0,0.0,0.0,0.0,0.0
2026,5,England,F. Smith,f|smith,80,10.0,24.0,0.0,0.0,0.0,0.0,0.0,2.0,1.0,0.0,0.0,0.0,27.0,0.0,1.0,1.0,0.0,0.0,2.0
2026,5,England,B. Spencer,b|spencer,51,4.0,2.0,0.0,0.0,0.0,0.0,0.0,0.0,0.0,0.0,0.0,0.0,7.0,0.0,0.0,0.0,0.0,1.0,2.0
2026,5,England,J. van Poortvliet,j|vanpoortvliet,29,0.0,6.0,0.0,0.0,0.0,0.0,2.0,0.0,0.0,0.0,0.0,0.0,9.0,0.0,0.0,0.0,0.0,1.0,1.0
2026,5,England,C. Cunningham-South,c|cunninghamsouth,5,2.0,20.0,0.0,0.0,0.0,0.0,0.0,0.0,0.0,0.0,0.0,0.0,4.0,0.0,0.0,0.0,0.0,0.0,0.0
2026,5,England,B. Earl,b|earl,65,6.0,38.0,0.0,0.0,0.0,0.0,0.0,0.0,0.0,0.0,0.0,0.0,13.0,0.0,1.0,0.0,2.0,0.0,0.0
2026,5,England,G. Pepper,g|pepper,62,11.0,0.0,0.0,0.0,0.0,0.0,0.0,0.0,0.0,0.0,0.0,0.0,13.0,0.0,0.0,1.0,1.0,1.0,0.0
2026,5,England,H. Pollock,h|pollock,28,4.0,7.0,0.0,0.0,0.0,0.0,0.0,0.0,0.0,0.0,0.0,0.0,8.0,0.0,1.0,0.0,2.0,0.0,0.0
2026,5,England,S. Underhill,s|underhill,18,4.0,3.0,0.0,0.0,0.0,0.0,0.0,0.0,0.0,0.0,0.0,0.0,5.0,0.0,0.0,0.0,1.0,0.0,0.0
2026,5,England,O. Chessum,o|chessum,80,5.0,82.0,0.0,0.0,0.0,2.0,1.0,0.0,0.0,0.0,0.0,0.0,53.0,0.0,2.0,0.0,2.0,0.0,0.0
2026,5,England,A. Coles,a|coles,54,10.0,8.0,0.0,0.0,0.0,1.0,0.0,0.0,0.0,0.0,0.0,0.0,24.0,0.0,0.0,0.0,0.0,1.0,0.0
2026,5,England,M. Itoje,m|itoje,80,15.0,12.0,0.0,0.0,2.0,0.0,0.0,0.0,0.0,0.0,0.0,0.0,29.0,0.0,0.0,1.0,2.0,1.0,0.0
2026,5,England,T. Davison,t|davison,5,1.0,1.0,0.0,0.0,0.0,0.0,0.0,0.0,0.0,0.0,0.0,0.0,1.0,0.0,0.0,0.0,0.0,0.0,0.0
2026,5,England,E. Genge,e|genge,64,10.0,28.0,0.0,0.0,0.0,0.0,0.0,0.0,0.0,0.0,1.0,0.0,20.0,0.0,5.0,1.0,2.0,1.0,0.0
2026,5,England,J. Heyes,j|heyes,75,10.0,0.0,0.0,0.0,0.0,0.0,0.0,0.0,0.0,0.0,0.0,0.0,11.0,0.0,0.0,0.0,2.0,1.0,0.0
2026,5,England,B. Rodd,b|rodd,13,6.0,3.0,0.0,0.0,0.0,0.0,0.0,0.0,0.0,0.0,0.0,0.0,9.0,0.0,1.0,1.0,0.0,1.0,0.0
2026,5,England,L. Cowan-Dickie,l|cowandickie,29,6.0,10.0,0.0,0.0,0.0,0.0,0.0,0.0,0.0,0.0,0.0,0.0,9.0,0.0,0.0,0.0,2.0,0.0,0.0
2026,5,England,J. George,j|george,51,5.0,2.0,0.0,0.0,0.0,0.0,0.0,0.0,0.0,0.0,0.0,0.0,7.0,0.0,1.0,0.0,0.0,0.0,0.0
