engine,fold,target,tier,cohort,n,fixtures,mae,loss,naive_loss,relative_loss,calibration_intercept,calibration_slope,actual_positive_rate,predicted_positive_rate,actual_mean,predicted_mean,team_total_mae,tournament,calendar_year,fold_hemisphere
empirical_event,pacific_nations_cup_2025,minutes,minutes,all,184,7,10.641093473324148,10.641093473324148,10.97839559620081,0.96927582724443,-2.849064336459992,1.0476366722936503,0.9456521739130435,1.0,51.141304347826086,51.53539400838451,23.897412476374285,pacific_nations_cup,2025,south
empirical_event,pacific_nations_cup_2025,minutes,minutes,starter,120,7,10.961359814856833,10.961359814856833,11.449157710703707,0.957394429514161,36.96065593777529,0.47877826303226567,1.0,1.0,69.425,67.80663737032864,33.36346284139147,pacific_nations_cup,2025,south
empirical_event,pacific_nations_cup_2025,minutes,minutes,bench,64,7,10.040594082950362,10.040594082950362,10.095716631507878,0.9945400063641363,8.503501157793673,0.39739136689618115,0.84375,1.0,16.859375,21.026812704739257,39.76354092453421,pacific_nations_cup,2025,south
empirical_event,pacific_nations_cup_2025,minutes,minutes,zero_minute,10,3,19.810984696695705,19.810984696695705,21.72596164251803,0.9118576670008159,0.0,0.0,0.0,1.0,0.0,19.810984696695705,49.527461741739266,pacific_nations_cup,2025,south
empirical_event,pacific_nations_cup_2025,minutes,minutes,low_history,5,3,18.34425489311822,18.34425489311822,18.060443148688048,1.0157145504179275,14.597169420895797,0.9990527416443071,0.8,1.0,39.4,24.82634754425683,30.57375815519703,pacific_nations_cup,2025,south
empirical_event,pacific_nations_cup_2025,minutes,minutes,south,184,7,10.641093473324148,10.641093473324148,10.97839559620081,0.96927582724443,-2.849064336459992,1.0476366722936503,0.9456521739130435,1.0,51.141304347826086,51.53539400838451,23.897412476374285,pacific_nations_cup,2025,south
empirical_event,pacific_nations_cup_2025,minutes,minutes,position:Back-row,32,7,12.56898275226429,12.56898275226429,12.003583091436864,1.0471025739998228,-8.821988823772777,1.0590214868524273,0.96875,1.0,54.21875,59.52734633471836,26.133801024116806,pacific_nations_cup,2025,south
empirical_event,pacific_nations_cup_2025,minutes,minutes,position:Back-three,32,7,11.664930855436033,11.664930855436033,11.505943877551022,1.0138178127389623,5.034798240571733,0.9425617613895637,0.96875,1.0,61.65625,60.07187441590517,29.399439969086366,pacific_nations_cup,2025,south
empirical_event,pacific_nations_cup_2025,minutes,minutes,position:Centre,16,7,13.861983467345496,13.861983467345496,13.9967538405267,0.9903713121830445,77.70199720645068,-0.1894418820398722,1.0,1.0,64.3125,70.67865385560624,17.292477960260925,pacific_nations_cup,2025,south
empirical_event,pacific_nations_cup_2025,minutes,minutes,position:Fly-half,16,7,6.55353331750473,6.55353331750473,7.991494693868829,0.8200635261051576,-6.6991815062700875,1.1573811147233004,0.9375,1.0,47.125,46.50514927326946,5.27005165092457,pacific_nations_cup,2025,south
empirical_event,pacific_nations_cup_2025,minutes,minutes,position:Hooker,16,7,10.52973505331776,10.52973505331776,9.820081981624863,1.0722654936100111,-6.634915598728157,1.3336688693287964,0.875,1.0,41.3125,35.951514428659436,11.17005201136989,pacific_nations_cup,2025,south
empirical_event,pacific_nations_cup_2025,minutes,minutes,position:Prop,32,7,12.008817440730425,12.008817440730425,11.3125,1.061552922937496,-23.24063670584042,1.5747993601587909,0.90625,1.0,40.8125,40.67383968163524,9.304747360614304,pacific_nations_cup,2025,south
empirical_event,pacific_nations_cup_2025,minutes,minutes,position:Scrum-half,16,7,9.101183496369128,9.101183496369128,10.948297950219619,0.8312875241202731,2.1767625417822356,1.0322788592217762,0.9375,1.0,40.1875,36.82216013497907,9.087306253401257,pacific_nations_cup,2025,south
empirical_event,pacific_nations_cup_2025,minutes,minutes,position:Second-row,24,7,6.560451674552731,6.560451674552731,9.233911301395691,0.7104737592141619,-9.80483768744755,1.1748718653343306,0.9583333333333334,1.0,54.541666666666664,54.76895502626008,9.286984433395876,pacific_nations_cup,2025,south
empirical_event,pacific_nations_cup_2025,tries,stable,all,184,7,0.31513532278282863,0.6842214260486696,0.791241395557766,0.8647442233053855,0.02278779559694327,1.2680129226940093,0.20652173913043478,1.0,0.2554347826086957,0.18347367195396766,1.7540506555691069,pacific_nations_cup,2025,south
empirical_event,pacific_nations_cup_2025,tries,stable,starter,120,7,0.41993772025316844,0.8628666941911991,1.0241064604962389,0.8425556594702959,0.051961773241596274,1.1918984631106997,0.275,1.0,0.35,0.2500533694628338,1.7609792581127004,pacific_nations_cup,2025,south
empirical_event,pacific_nations_cup_2025,tries,stable,bench,64,7,0.11863082752594134,0.34926154828142697,0.3546193987981292,0.9848912650157859,-0.012236387106435419,1.5410370435853626,0.078125,1.0,0.078125,0.05863673912484374,0.586833241850244,pacific_nations_cup,2025,south
empirical_event,pacific_nations_cup_2025,tries,stable,zero_minute,10,3,0.033533031616935216,0.06706606323387043,0.14613524274048723,0.4589314800192929,0.0,0.0,0.0,1.0,0.0,0.033533031616935216,0.08383257904233804,pacific_nations_cup,2025,south
empirical_event,pacific_nations_cup_2025,tries,stable,low_history,5,3,0.4268639534753649,0.5852994461055216,1.2956772759011825,0.45173243136368835,-0.06479727599098935,2.8799512843752697,0.4,1.0,0.6,0.2308362921267954,0.6487882097627827,pacific_nations_cup,2025,south
empirical_event,pacific_nations_cup_2025,tries,stable,south,184,7,0.31513532278282863,0.6842214260486696,0.791241395557766,0.8647442233053855,0.02278779559694327,1.2680129226940093,0.20652173913043478,1.0,0.2554347826086957,0.18347367195396766,1.7540506555691069,pacific_nations_cup,2025,south
empirical_event,pacific_nations_cup_2025,tries,stable,position:Back-row,32,7,0.36888336237501085,0.7602288045665379,0.9119217493402102,0.8336557441650837,-0.07662982421842195,1.7920784190224774,0.21875,1.0,0.28125,0.19970098429823963,1.1220776375726023,pacific_nations_cup,2025,south
empirical_event,pacific_nations_cup_2025,tries,stable,position:Back-three,32,7,0.5866244884471551,1.09656400510906,1.2873508906452091,0.851798847600495,0.07350488023385776,1.2449384543220425,0.375,1.0,0.53125,0.36768493910441313,1.1364760831673304,pacific_nations_cup,2025,south
empirical_event,pacific_nations_cup_2025,tries,stable,position:Centre,16,7,0.3140039960367731,0.6019119645531571,0.7036500253465594,0.8554138319780566,0.049649729321499345,0.7259360211086003,0.25,1.0,0.25,0.27598888173718017,0.46788805917666465,pacific_nations_cup,2025,south
empirical_event,pacific_nations_cup_2025,tries,stable,position:Fly-half,16,7,0.10943215963416658,0.21886431926833316,0.17437430999924972,1.2551408476929593,0.0,0.0,0.0,1.0,0.0,0.10943215963416658,0.21886431926833316,pacific_nations_cup,2025,south
empirical_event,pacific_nations_cup_2025,tries,stable,position:Hooker,16,7,0.4257710271190377,0.9897922851845422,1.0262996969954312,0.9644281179096446,0.12491171741868487,1.8495199611766038,0.375,1.0,0.4375,0.16901049415138875,0.8197364985705438,pacific_nations_cup,2025,south
empirical_event,pacific_nations_cup_2025,tries,stable,position:Prop,32,7,0.10877442355246689,0.3898945573613152,0.3557729314406712,1.0959084373914325,0.06555410535274936,-0.057924413850943976,0.0625,1.0,0.0625,0.052725701473793504,0.34954170183586936,pacific_nations_cup,2025,south
empirical_event,pacific_nations_cup_2025,tries,stable,position:Scrum-half,16,7,0.21861924775998764,0.4373991681076773,0.42554172296595477,1.0278643538383925,-0.008999317295033575,0.9278972588119097,0.125,1.0,0.125,0.1444118042407065,0.3982709363243524,pacific_nations_cup,2025,south
empirical_event,pacific_nations_cup_2025,tries,stable,position:Second-row,24,7,0.2851101551355324,0.751469285581444,1.1062127671699546,0.6793171330899952,0.06512882400182052,1.6228097420343304,0.20833333333333334,1.0,0.25,0.11392042530286249,0.5416406884813476,pacific_nations_cup,2025,south
empirical_event,pacific_nations_cup_2025,try_assists,stable,all,184,7,0.24003173254623206,0.6979005955070099,0.6525253945367997,1.069537831554311,0.09360114128351388,0.9618506773765352,0.16304347826086957,1.0,0.1956521739130435,0.1060986232373153,2.059731665541748,pacific_nations_cup,2025,south
empirical_event,pacific_nations_cup_2025,try_assists,stable,starter,120,7,0.31715740258782515,0.9122278951540094,0.8289837851477511,1.100417054588615,0.14860198985233217,0.7574853031670614,0.20833333333333334,1.0,0.25833333333333336,0.1448626699715655,1.7204578349052702,pacific_nations_cup,2025,south
empirical_event,pacific_nations_cup_2025,try_assists,stable,bench,64,7,0.09542110121824499,0.296036908668886,0.3216659121412656,0.9203241546430193,-0.024025891459005962,3.0569422611763692,0.078125,1.0,0.078125,0.03341603561059618,0.6435676033720691,pacific_nations_cup,2025,south
empirical_event,pacific_nations_cup_2025,try_assists,stable,zero_minute,10,3,0.03256400041292314,0.06512800082584629,0.07883948686142198,0.8260835200554173,0.0,0.0,0.0,1.0,0.0,0.03256400041292314,0.08141000103230785,pacific_nations_cup,2025,south
empirical_event,pacific_nations_cup_2025,try_assists,stable,low_history,5,3,0.0918273207124056,0.1836546414248112,0.27780863732629446,0.6610832664972306,0.0,0.0,0.0,1.0,0.0,0.0918273207124056,0.15304553452067599,pacific_nations_cup,2025,south
empirical_event,pacific_nations_cup_2025,try_assists,stable,south,184,7,0.24003173254623206,0.6979005955070099,0.6525253945367997,1.069537831554311,0.09360114128351388,0.9618506773765352,0.16304347826086957,1.0,0.1956521739130435,0.1060986232373153,2.059731665541748,pacific_nations_cup,2025,south
empirical_event,pacific_nations_cup_2025,try_assists,stable,position:Back-row,32,7,0.27223667394399265,1.1258329189558964,0.8979003370645213,1.2538506474299234,0.20624320365716675,0.8473576321846686,0.25,1.0,0.25,0.05163911279115875,0.7934435488353649,pacific_nations_cup,2025,south
empirical_event,pacific_nations_cup_2025,try_assists,stable,position:Back-three,32,7,0.244399976473185,0.619689950137273,0.6122587405883116,1.012137367841937,0.03645041707321471,0.9227653494696012,0.125,1.0,0.15625,0.12982670295936571,0.6151694189884384,pacific_nations_cup,2025,south
empirical_event,pacific_nations_cup_2025,try_assists,stable,position:Centre,16,7,0.6229616945070545,1.6860150777813803,1.6557856158717275,1.0182568695004262,0.8284533278111467,-1.3683624586797145,0.25,1.0,0.4375,0.28570889630249274,0.9131304568792931,pacific_nations_cup,2025,south
empirical_event,pacific_nations_cup_2025,try_assists,stable,position:Fly-half,16,7,0.3602274074278109,0.8940090481056071,0.8038831253997615,1.1121132162850502,0.21188898823376248,0.5228829989929908,0.3125,1.0,0.3125,0.19241591705984362,0.615175414072905,pacific_nations_cup,2025,south
empirical_event,pacific_nations_cup_2025,try_assists,stable,position:Hooker,16,7,0.08269573226127216,0.3251295252952955,0.4301367641997598,0.7558747643907556,-0.0023953067490503892,2.563903713049961,0.0625,1.0,0.0625,0.025311132558816892,0.16117926755178874,pacific_nations_cup,2025,south
empirical_event,pacific_nations_cup_2025,try_assists,stable,position:Prop,32,7,0.034291662580637275,0.23618657358891834,0.22053447582390082,1.070973473451452,-0.01590206945782187,12.983545434176717,0.03125,1.0,0.03125,0.0036316790122444516,0.1355043413925119,pacific_nations_cup,2025,south
empirical_event,pacific_nations_cup_2025,try_assists,stable,position:Scrum-half,16,7,0.5243097237253133,1.0206568310549797,1.0957151485805285,0.9314983299968199,0.2240373721291249,1.2166621612694093,0.4375,1.0,0.5625,0.2781894914178468,0.9804385740237007,pacific_nations_cup,2025,south
empirical_event,pacific_nations_cup_2025,try_assists,stable,position:Second-row,24,7,0.04554249357639189,0.09108498715278378,0.03808951744530075,2.391340013261871,0.0,0.0,0.0,1.0,0.0,0.04554249357639189,0.13662748072917566,pacific_nations_cup,2025,south
empirical_event,pacific_nations_cup_2025,conversion_goals,stable,all,184,7,0.20351046474143014,0.3501455529572949,0.25798168759068585,1.357249641349879,-0.01136740091091604,1.4992917806258779,0.04891304347826087,0.5217391304347826,0.21195652173913043,0.14895294267325343,1.907244974622647,pacific_nations_cup,2025,south
empirical_event,pacific_nations_cup_2025,conversion_goals,stable,starter,120,7,0.28623524762381514,0.4876339218839686,0.3467683390122557,1.4062238878928748,0.004057619394603242,1.5138921497354163,0.06666666666666667,0.5333333333333333,0.31666666666666665,0.20649360479654918,2.2117537070479996,pacific_nations_cup,2025,south
empirical_event,pacific_nations_cup_2025,conversion_goals,stable,bench,64,7,0.048401496836958324,0.09235486121978162,0.09150671617524242,1.009268664421472,0.003686668960544431,0.290723566826861,0.015625,0.5,0.015625,0.04106420119207391,0.3826432076269981,pacific_nations_cup,2025,south
empirical_event,pacific_nations_cup_2025,conversion_goals,stable,zero_minute,10,3,0.09489534668190588,0.1897907033638118,0.06480689040175916,2.928557475713416,0.0,0.0,0.0,0.5,0.0,0.09489534668190588,0.2372383667047647,pacific_nations_cup,2025,south
empirical_event,pacific_nations_cup_2025,conversion_goals,stable,low_history,5,3,0.04545732561171128,0.09091465122342256,0.09321768596938554,0.9752940150571927,0.0,0.0,0.0,1.0,0.0,0.04545732561171128,0.07576220935285213,pacific_nations_cup,2025,south
empirical_event,pacific_nations_cup_2025,conversion_goals,stable,south,184,7,0.20351046474143014,0.3501455529572949,0.25798168759068585,1.357249641349879,-0.01136740091091604,1.4992917806258779,0.04891304347826087,0.5217391304347826,0.21195652173913043,0.14895294267325343,1.907244974622647,pacific_nations_cup,2025,south
empirical_event,pacific_nations_cup_2025,conversion_goals,stable,position:Back-row,32,7,0.0,2e-08,2e-08,1.0,0.0,,0.0,0.0,0.0,0.0,0.0,pacific_nations_cup,2025,south
empirical_event,pacific_nations_cup_2025,conversion_goals,stable,position:Back-three,32,7,0.31952174730912664,0.6390434946182533,0.21166757581670395,3.0190901565936605,0.0,0.0,0.0,1.0,0.0,0.31952174730912664,1.2780869892365063,pacific_nations_cup,2025,south
empirical_event,pacific_nations_cup_2025,conversion_goals,stable,position:Centre,16,7,0.012102074192902873,0.024204148385805747,0.04981684981684982,0.48586268450918885,0.0,0.0,0.0,1.0,0.0,0.012102074192902873,0.024204148385805743,pacific_nations_cup,2025,south
empirical_event,pacific_nations_cup_2025,conversion_goals,stable,position:Fly-half,16,7,1.6618052577161078,2.6695435753882135,2.437972054133067,1.0949853058662282,0.060349592605729835,2.298109784942078,0.5625,1.0,2.4375,1.0343937539320756,2.806212492135849,pacific_nations_cup,2025,south
empirical_event,pacific_nations_cup_2025,conversion_goals,stable,position:Hooker,16,7,0.0007236548223817647,0.0014473096447635294,0.0014619983040935671,0.9899530257395581,0.0,0.0,0.0,1.0,0.0,0.0007236548223817647,0.0014473096447635294,pacific_nations_cup,2025,south
empirical_event,pacific_nations_cup_2025,conversion_goals,stable,position:Prop,32,7,0.0,2e-08,2e-08,1.0,0.0,,0.0,0.0,0.0,0.0,0.0,pacific_nations_cup,2025,south
empirical_event,pacific_nations_cup_2025,conversion_goals,stable,position:Scrum-half,16,7,0.026695863176801074,0.05339172635360215,0.05420324340546856,0.9850282565971958,0.0,0.0,0.0,1.0,0.0,0.026695863176801074,0.053391726353602155,pacific_nations_cup,2025,south
empirical_event,pacific_nations_cup_2025,conversion_goals,stable,position:Second-row,24,7,0.0,2.0000000000000004e-08,2.0000000000000004e-08,1.0,0.0,,0.0,0.0,0.0,0.0,0.0,pacific_nations_cup,2025,south
empirical_event,pacific_nations_cup_2025,missed_conversion_goals,stable,all,184,7,0.05390723229619061,0.09856581147832572,0.062173077753113815,1.5853455392658158,-0.003065650343297758,0.8712218242374372,0.03260869565217391,0.43478260869565216,0.043478260869565216,0.053423720478538154,0.7573383549907852,pacific_nations_cup,2025,south
empirical_event,pacific_nations_cup_2025,missed_conversion_goals,stable,starter,120,7,0.07363275277246968,0.13308423077005427,0.08346197147669575,1.5945493308555987,0.001960966414693684,0.887700451237671,0.05,0.4666666666666667,0.06666666666666667,0.07289136798540258,0.7205645357864481,pacific_nations_cup,2025,south
empirical_event,pacific_nations_cup_2025,missed_conversion_goals,stable,bench,64,7,0.016921881403167378,0.033843775306334756,0.02225640202139771,1.5206310199553699,0.0,0.0,0.0,0.375,0.0,0.016921881403167378,0.13537505122533902,pacific_nations_cup,2025,south
empirical_event,pacific_nations_cup_2025,missed_conversion_goals,stable,zero_minute,10,3,0.03882957257465296,0.0776591591493059,0.017805125617118174,4.361618155316072,0.0,0.0,0.0,0.3,0.0,0.03882957257465296,0.0970739314366324,pacific_nations_cup,2025,south
empirical_event,pacific_nations_cup_2025,missed_conversion_goals,stable,low_history,5,3,0.012735323643915802,0.025470647287831605,0.02066879212087479,1.232323937406439,0.0,0.0,0.0,1.0,0.0,0.012735323643915802,0.02122553940652634,pacific_nations_cup,2025,south
empirical_event,pacific_nations_cup_2025,missed_conversion_goals,stable,south,184,7,0.05390723229619061,0.09856581147832572,0.062173077753113815,1.5853455392658158,-0.003065650343297758,0.8712218242374372,0.03260869565217391,0.43478260869565216,0.043478260869565216,0.053423720478538154,0.7573383549907852,pacific_nations_cup,2025,south
empirical_event,pacific_nations_cup_2025,missed_conversion_goals,stable,position:Back-row,32,7,0.0,2e-08,2e-08,1.0,0.0,,0.0,0.0,0.0,0.0,0.0,pacific_nations_cup,2025,south
empirical_event,pacific_nations_cup_2025,missed_conversion_goals,stable,position:Back-three,32,7,0.1311936889331955,0.262387377866391,0.05344591601732465,4.909399958293116,0.0,0.0,0.0,1.0,0.0,0.1311936889331955,0.5247747557327819,pacific_nations_cup,2025,south
empirical_event,pacific_nations_cup_2025,missed_conversion_goals,stable,position:Centre,16,7,0.0033255662194578333,0.0066511324389156665,0.02197802197802198,0.3026265259706628,0.0,0.0,0.0,1.0,0.0,0.0033255662194578333,0.0066511324389156665,pacific_nations_cup,2025,south
empirical_event,pacific_nations_cup_2025,missed_conversion_goals,stable,position:Fly-half,16,7,0.3508326756085709,0.5953057104055034,0.5758499834463144,1.0337861031839428,-0.11842479485733334,1.7911220022455248,0.375,1.0,0.5,0.3452722897055676,0.5159113411301777,pacific_nations_cup,2025,south
empirical_event,pacific_nations_cup_2025,missed_conversion_goals,stable,position:Hooker,16,7,0.0,2e-08,2e-08,1.0,0.0,,0.0,0.0,0.0,0.0,0.0,pacific_nations_cup,2025,south
empirical_event,pacific_nations_cup_2025,missed_conversion_goals,stable,position:Prop,32,7,0.0,2e-08,2e-08,1.0,0.0,,0.0,0.0,0.0,0.0,0.0,pacific_nations_cup,2025,south
empirical_event,pacific_nations_cup_2025,missed_conversion_goals,stable,position:Scrum-half,16,7,0.0033875517117724165,0.006775103423544833,0.01027042670182321,0.659671075043271,0.0,0.0,0.0,1.0,0.0,0.0033875517117724165,0.006775103423544832,pacific_nations_cup,2025,south
empirical_event,pacific_nations_cup_2025,missed_conversion_goals,stable,position:Second-row,24,7,0.0,2.0000000000000004e-08,2.0000000000000004e-08,1.0,0.0,,0.0,0.0,0.0,0.0,0.0,pacific_nations_cup,2025,south
empirical_event,pacific_nations_cup_2025,penalty_goals,stable,all,184,7,0.07146320888923519,0.1206457254582041,0.0883467070491861,1.3655939138856172,-0.013531515510702067,0.9118253978030771,0.03260869565217391,0.43478260869565216,0.05434782608695652,0.07444335479271018,0.9981350721484501,pacific_nations_cup,2025,south
empirical_event,pacific_nations_cup_2025,penalty_goals,stable,starter,120,7,0.0962652316074671,0.15836672832385928,0.11756194143944017,1.3470918086652979,-0.010949964935606538,0.935027479329105,0.05,0.4666666666666667,0.08333333333333333,0.1008347886594621,0.9495092231342787,pacific_nations_cup,2025,south
empirical_event,pacific_nations_cup_2025,penalty_goals,stable,bench,64,7,0.024959416292550336,0.04991884508510067,0.03356814256745973,1.487089879482667,0.0,0.0,0.0,0.375,0.0,0.024959416292550336,0.19967533034040275,pacific_nations_cup,2025,south
empirical_event,pacific_nations_cup_2025,penalty_goals,stable,zero_minute,10,3,0.05177004298448301,0.10354009996896604,0.02685451805396778,3.855593303178565,0.0,0.0,0.0,0.3,0.0,0.05177004298448301,0.12942510746120753,pacific_nations_cup,2025,south
empirical_event,pacific_nations_cup_2025,penalty_goals,stable,low_history,5,3,0.03771067792248995,0.0754213558449799,0.06459565368861442,1.1675918043735753,0.0,0.0,0.0,1.0,0.0,0.03771067792248995,0.06285112987081658,pacific_nations_cup,2025,south
empirical_event,pacific_nations_cup_2025,penalty_goals,stable,south,184,7,0.07146320888923519,0.1206457254582041,0.0883467070491861,1.3655939138856172,-0.013531515510702067,0.9118253978030771,0.03260869565217391,0.43478260869565216,0.05434782608695652,0.07444335479271018,0.9981350721484501,pacific_nations_cup,2025,south
empirical_event,pacific_nations_cup_2025,penalty_goals,stable,position:Back-row,32,7,0.0,2e-08,2e-08,1.0,0.0,,0.0,0.0,0.0,0.0,0.0,pacific_nations_cup,2025,south
empirical_event,pacific_nations_cup_2025,penalty_goals,stable,position:Back-three,32,7,0.13594849650089172,0.27189699300178344,0.1860633708434871,1.4613139156255421,0.0,0.0,0.0,1.0,0.0,0.13594849650089172,0.543793986003567,pacific_nations_cup,2025,south
empirical_event,pacific_nations_cup_2025,penalty_goals,stable,position:Centre,16,7,0.013738872241901155,0.02747774448380231,0.0761904761904762,0.3606453963499053,0.0,0.0,0.0,1.0,0.0,0.013738872241901155,0.027477744483802316,pacific_nations_cup,2025,south
empirical_event,pacific_nations_cup_2025,penalty_goals,stable,position:Fly-half,16,7,0.5077183266590544,0.7592085616350468,0.520722936022686,1.4579894779245344,0.005236911436886079,1.1434954212463955,0.375,1.0,0.625,0.5419900045490169,0.8275112229988935,pacific_nations_cup,2025,south
empirical_event,pacific_nations_cup_2025,penalty_goals,stable,position:Hooker,16,7,0.0,2e-08,2e-08,1.0,0.0,,0.0,0.0,0.0,0.0,0.0,pacific_nations_cup,2025,south
empirical_event,pacific_nations_cup_2025,penalty_goals,stable,position:Prop,32,7,0.0,2e-08,2e-08,1.0,0.0,,0.0,0.0,0.0,0.0,0.0,pacific_nations_cup,2025,south
empirical_event,pacific_nations_cup_2025,penalty_goals,stable,position:Scrum-half,16,7,0.02847271032346561,0.05694542064693122,0.046946847165503715,1.212976463492407,0.0,0.0,0.0,1.0,0.0,0.02847271032346561,0.05694542064693122,pacific_nations_cup,2025,south
empirical_event,pacific_nations_cup_2025,penalty_goals,stable,position:Second-row,24,7,0.0,2.0000000000000004e-08,2.0000000000000004e-08,1.0,0.0,,0.0,0.0,0.0,0.0,0.0,pacific_nations_cup,2025,south
empirical_event,pacific_nations_cup_2025,missed_penalty_goals,stable,all,184,7,0.023721479793247617,0.05957854364992214,0.07505729664276933,0.793774174061752,0.0024756196674882006,0.5607771335704315,0.010869565217391304,0.43478260869565216,0.010869565217391304,0.014968416234198785,0.4127697324527585,pacific_nations_cup,2025,south
empirical_event,pacific_nations_cup_2025,missed_penalty_goals,stable,starter,120,7,0.025871850501542247,0.057499962784789534,0.05624340970616373,1.0223413389264715,0.0008389354783635005,0.38279282446400514,0.008333333333333333,0.4666666666666667,0.008333333333333333,0.019578208827356298,0.3477865848082714,pacific_nations_cup,2025,south
empirical_event,pacific_nations_cup_2025,missed_penalty_goals,stable,bench,64,7,0.019689534715195176,0.06347588277204576,0.11033333464890481,0.5753101088989504,-0.007632851289081618,3.677098592877215,0.015625,0.375,0.015625,0.006325055122028446,0.15617698807481262,pacific_nations_cup,2025,south
empirical_event,pacific_nations_cup_2025,missed_penalty_goals,stable,zero_minute,10,3,0.006826905927997909,0.013653825855995816,0.004961815195973698,2.7517804103375947,0.0,0.0,0.0,0.3,0.0,0.006826905927997909,0.017067264819994772,pacific_nations_cup,2025,south
empirical_event,pacific_nations_cup_2025,missed_penalty_goals,stable,low_history,5,3,0.011139300045432374,0.02227860009086475,0.020673319799298012,1.0776498553280855,0.0,0.0,0.0,1.0,0.0,0.011139300045432374,0.01856550007572062,pacific_nations_cup,2025,south
empirical_event,pacific_nations_cup_2025,missed_penalty_goals,stable,south,184,7,0.023721479793247617,0.05957854364992214,0.07505729664276933,0.793774174061752,0.0024756196674882006,0.5607771335704315,0.010869565217391304,0.43478260869565216,0.010869565217391304,0.014968416234198785,0.4127697324527585,pacific_nations_cup,2025,south
empirical_event,pacific_nations_cup_2025,missed_penalty_goals,stable,position:Back-row,32,7,0.0,2e-08,2e-08,1.0,0.0,,0.0,0.0,0.0,0.0,0.0,pacific_nations_cup,2025,south
empirical_event,pacific_nations_cup_2025,missed_penalty_goals,stable,position:Back-three,32,7,0.03770363298212554,0.07540726596425108,0.04541667319450636,1.6603432321276321,0.0,0.0,0.0,1.0,0.0,0.03770363298212554,0.15081453192850217,pacific_nations_cup,2025,south
empirical_event,pacific_nations_cup_2025,missed_penalty_goals,stable,position:Centre,16,7,0.004770116469452789,0.009540232938905577,0.03076923076923077,0.3100575705144312,0.0,0.0,0.0,1.0,0.0,0.004770116469452789,0.009540232938905577,pacific_nations_cup,2025,south
empirical_event,pacific_nations_cup_2025,missed_penalty_goals,stable,position:Fly-half,16,7,0.17903151519832905,0.4976221171260676,0.7166272140195562,0.6943946690705607,0.0800631036269888,0.5733847134444974,0.125,1.0,0.125,0.07837128426926751,0.3364876452658516,pacific_nations_cup,2025,south
empirical_event,pacific_nations_cup_2025,missed_penalty_goals,stable,position:Hooker,16,7,0.0,2e-08,2e-08,1.0,0.0,,0.0,0.0,0.0,0.0,0.0,pacific_nations_cup,2025,south
empirical_event,pacific_nations_cup_2025,missed_penalty_goals,stable,position:Prop,32,7,0.0,2e-08,2e-08,1.0,0.0,,0.0,0.0,0.0,0.0,0.0,pacific_nations_cup,2025,south
empirical_event,pacific_nations_cup_2025,missed_penalty_goals,stable,position:Scrum-half,16,7,0.013588119990314645,0.02717623998062929,0.02492899021404761,1.0901460407054653,0.0,0.0,0.0,1.0,0.0,0.013588119990314645,0.02717623998062929,pacific_nations_cup,2025,south
empirical_event,pacific_nations_cup_2025,missed_penalty_goals,stable,position:Second-row,24,7,0.0,2.0000000000000004e-08,2.0000000000000004e-08,1.0,0.0,,0.0,0.0,0.0,0.0,0.0,pacific_nations_cup,2025,south
empirical_event,pacific_nations_cup_2025,drop_goals_converted,stable,all,184,7,0.00041974987167961013,0.0008395145259679161,0.0029323965092622637,0.28628956667907174,0.0,0.0,0.0,0.2608695652173913,0.0,0.00041974987167961013,0.009654247048631033,pacific_nations_cup,2025,south
empirical_event,pacific_nations_cup_2025,drop_goals_converted,stable,starter,120,7,0.00045813597161617134,0.0009162866098990095,0.0035230959711364447,0.2600799459923435,0.0,0.0,0.0,0.26666666666666666,0.0,0.00045813597161617134,0.00687203957424257,pacific_nations_cup,2025,south
empirical_event,pacific_nations_cup_2025,drop_goals_converted,stable,bench,64,7,0.00034777593429855783,0.0006955668685971156,0.0018248350182481752,0.38116698859979864,0.0,0.0,0.0,0.25,0.0,0.00034777593429855783,0.002782207474388462,pacific_nations_cup,2025,south
empirical_event,pacific_nations_cup_2025,drop_goals_converted,stable,zero_minute,10,3,0.00017300428853425206,0.0003460245770685041,0.00145987201459854,0.23702391278708068,0.0,0.0,0.0,0.2,0.0,0.00017300428853425206,0.00043251072133563016,pacific_nations_cup,2025,south
empirical_event,pacific_nations_cup_2025,drop_goals_converted,stable,low_history,5,3,0.0003601262350509004,0.0007202644701018008,0.0005862397420615535,1.2286176088453844,0.0,0.0,0.0,0.4,0.0,0.0003601262350509004,0.0006002103917515006,pacific_nations_cup,2025,south
empirical_event,pacific_nations_cup_2025,drop_goals_converted,stable,south,184,7,0.00041974987167961013,0.0008395145259679161,0.0029323965092622637,0.28628956667907174,0.0,0.0,0.0,0.2608695652173913,0.0,0.00041974987167961013,0.009654247048631033,pacific_nations_cup,2025,south
empirical_event,pacific_nations_cup_2025,drop_goals_converted,stable,position:Back-row,32,7,0.0,2e-08,2e-08,1.0,0.0,,0.0,0.0,0.0,0.0,0.0,pacific_nations_cup,2025,south
empirical_event,pacific_nations_cup_2025,drop_goals_converted,stable,position:Back-three,32,7,0.0003348715153708051,0.0006697430307416102,0.0021983440327308255,0.30465797016750035,0.0,0.0,0.0,1.0,0.0,0.0003348715153708051,0.0013394860614832204,pacific_nations_cup,2025,south
empirical_event,pacific_nations_cup_2025,drop_goals_converted,stable,position:Centre,16,7,0.0,2e-08,2e-08,1.0,0.0,,0.0,0.0,0.0,0.0,0.0,pacific_nations_cup,2025,south
empirical_event,pacific_nations_cup_2025,drop_goals_converted,stable,position:Fly-half,16,7,0.004157380493573906,0.008314760987147812,0.029325701791054377,0.2835315262492432,0.0,0.0,0.0,1.0,0.0,0.004157380493573906,0.008314760987147812,pacific_nations_cup,2025,south
empirical_event,pacific_nations_cup_2025,drop_goals_converted,stable,position:Hooker,16,7,0.0,2e-08,2e-08,1.0,0.0,,0.0,0.0,0.0,0.0,0.0,pacific_nations_cup,2025,south
empirical_event,pacific_nations_cup_2025,drop_goals_converted,stable,position:Prop,32,7,0.0,2e-08,2e-08,1.0,0.0,,0.0,0.0,0.0,0.0,0.0,pacific_nations_cup,2025,south
empirical_event,pacific_nations_cup_2025,drop_goals_converted,stable,position:Scrum-half,16,7,0.0,2e-08,2e-08,1.0,0.0,,0.0,0.0,0.0,0.0,0.0,pacific_nations_cup,2025,south
empirical_event,pacific_nations_cup_2025,drop_goals_converted,stable,position:Second-row,24,7,0.0,2.0000000000000004e-08,2.0000000000000004e-08,1.0,0.0,,0.0,0.0,0.0,0.0,0.0,pacific_nations_cup,2025,south
empirical_event,pacific_nations_cup_2025,drop_goal_missed,stable,all,184,7,0.0022469207711969335,0.004493852846741692,0.007778340569177693,0.5777392757201901,0.0,0.0,0.0,0.43478260869565216,0.0,0.0022469207711969335,0.05167917773752947,pacific_nations_cup,2025,south
empirical_event,pacific_nations_cup_2025,drop_goal_missed,stable,starter,120,7,0.002475179424162137,0.00495036951499094,0.010370739559608246,0.47734006688120323,0.0,0.0,0.0,0.4666666666666667,0.0,0.002475179424162137,0.037127691362432054,pacific_nations_cup,2025,south
empirical_event,pacific_nations_cup_2025,drop_goal_missed,stable,bench,64,7,0.0018189357968871765,0.0036378840937743534,0.0029175924621204063,1.2468787676845257,0.0,0.0,0.0,0.375,0.0,0.0018189357968871765,0.014551486375097412,pacific_nations_cup,2025,south
empirical_event,pacific_nations_cup_2025,drop_goal_missed,stable,zero_minute,10,3,0.001092090542878658,0.0021841950857573156,0.002334077969696325,0.9357849712456222,0.0,0.0,0.0,0.3,0.0,0.001092090542878658,0.002730226357196645,pacific_nations_cup,2025,south
empirical_event,pacific_nations_cup_2025,drop_goal_missed,stable,low_history,5,3,0.0028600429441836992,0.0057200858883673985,0.007015305043861,0.81537236835809,0.0,0.0,0.0,1.0,0.0,0.0028600429441836992,0.004766738240306166,pacific_nations_cup,2025,south
empirical_event,pacific_nations_cup_2025,drop_goal_missed,stable,south,184,7,0.0022469207711969335,0.004493852846741692,0.007778340569177693,0.5777392757201901,0.0,0.0,0.0,0.43478260869565216,0.0,0.0022469207711969335,0.05167917773752947,pacific_nations_cup,2025,south
empirical_event,pacific_nations_cup_2025,drop_goal_missed,stable,position:Back-row,32,7,0.0,2e-08,2e-08,1.0,0.0,,0.0,0.0,0.0,0.0,0.0,pacific_nations_cup,2025,south
empirical_event,pacific_nations_cup_2025,drop_goal_missed,stable,position:Back-three,32,7,0.0046673022115815,0.009334604423163,0.01390714705869786,0.6712091548154671,0.0,0.0,0.0,1.0,0.0,0.0046673022115815,0.018669208846326002,pacific_nations_cup,2025,south
empirical_event,pacific_nations_cup_2025,drop_goal_missed,stable,position:Centre,16,7,0.00021360689822714043,0.00042721379645428085,0.0014652014652014652,0.29157341608004667,0.0,0.0,0.0,1.0,0.0,0.00021360689822714043,0.00042721379645428085,pacific_nations_cup,2025,south
empirical_event,pacific_nations_cup_2025,drop_goal_missed,stable,position:Fly-half,16,7,0.015876866260594372,0.031753732521188745,0.05871142694834775,0.5408441622296893,0.0,0.0,0.0,1.0,0.0,0.015876866260594372,0.031753732521188745,pacific_nations_cup,2025,south
empirical_event,pacific_nations_cup_2025,drop_goal_missed,stable,position:Hooker,16,7,0.0,2e-08,2e-08,1.0,0.0,,0.0,0.0,0.0,0.0,0.0,pacific_nations_cup,2025,south
empirical_event,pacific_nations_cup_2025,drop_goal_missed,stable,position:Prop,32,7,0.0,2e-08,2e-08,1.0,0.0,,0.0,0.0,0.0,0.0,0.0,pacific_nations_cup,2025,south
empirical_event,pacific_nations_cup_2025,drop_goal_missed,stable,position:Scrum-half,16,7,0.0004145112867802198,0.0008290225735604396,0.00145986401459854,0.5678765729343765,0.0,0.0,0.0,1.0,0.0,0.0004145112867802198,0.0008290225735604396,pacific_nations_cup,2025,south
empirical_event,pacific_nations_cup_2025,drop_goal_missed,stable,position:Second-row,24,7,0.0,2.0000000000000004e-08,2.0000000000000004e-08,1.0,0.0,,0.0,0.0,0.0,0.0,0.0,pacific_nations_cup,2025,south
empirical_event,pacific_nations_cup_2025,defenders_beaten,stable,all,184,7,1.0323197335594707,1.724654803909642,1.9977063515930187,0.8633174753308269,0.2774691502020739,0.8681437652935857,0.5434782608695652,1.0,1.2934782608695652,1.1703235699952312,8.969478181874713,pacific_nations_cup,2025,south
empirical_event,pacific_nations_cup_2025,defenders_beaten,stable,starter,120,7,1.1815962422352806,1.7251236191538264,1.9859022221592004,0.8686850741715577,0.4029852363751991,0.7664165613240291,0.6666666666666666,1.0,1.625,1.59445244961004,6.4508701418672,pacific_nations_cup,2025,south
empirical_event,pacific_nations_cup_2025,defenders_beaten,stable,bench,64,7,0.7524262797923273,1.723775775326796,2.019839094281428,0.8534223246827695,-0.5749302545145287,3.3240878476083684,0.3125,1.0,0.671875,0.37508192071746416,3.4775634547263174,pacific_nations_cup,2025,south
empirical_event,pacific_nations_cup_2025,defenders_beaten,stable,zero_minute,10,3,0.3434613154808703,0.5935160065823433,0.7039414037059568,0.843132686126615,0.058158690392489346,0.9200891089231724,0.3,1.0,0.3,0.26284553013626044,0.6380232412734395,pacific_nations_cup,2025,south
empirical_event,pacific_nations_cup_2025,defenders_beaten,stable,low_history,5,3,3.361677124101404,8.285326743823912,13.459879030575234,0.6155572962433841,2.594580690734871,1.4603840943407884,0.8,1.0,4.8,1.5101638793598653,5.483060201066891,pacific_nations_cup,2025,south
empirical_event,pacific_nations_cup_2025,defenders_beaten,stable,south,184,7,1.0323197335594707,1.724654803909642,1.9977063515930187,0.8633174753308269,0.2774691502020739,0.8681437652935857,0.5434782608695652,1.0,1.2934782608695652,1.1703235699952312,8.969478181874713,pacific_nations_cup,2025,south
empirical_event,pacific_nations_cup_2025,defenders_beaten,stable,position:Back-row,32,7,1.1400681206723169,1.5291630706191521,2.0114047088389198,0.7602463412258089,0.4918638153210871,0.7513059642667772,0.6875,1.0,1.59375,1.4666277616393977,2.2291608552911484,pacific_nations_cup,2025,south
empirical_event,pacific_nations_cup_2025,defenders_beaten,stable,position:Back-three,32,7,1.7567172788856213,3.157920464317767,4.234325069142806,0.7457907488800936,0.7617902974118387,0.8855654110875657,0.6875,1.0,2.6875,2.1745538821612183,5.337739654003039,pacific_nations_cup,2025,south
empirical_event,pacific_nations_cup_2025,defenders_beaten,stable,position:Centre,16,7,1.405966179336413,2.116724839257702,1.5247437072008654,1.3882495984479908,2.392908103683142,-0.5036624821377454,0.6875,1.0,1.375,2.0210123639996596,1.4754105176606858,pacific_nations_cup,2025,south
empirical_event,pacific_nations_cup_2025,defenders_beaten,stable,position:Fly-half,16,7,0.9109862633411445,1.0926050523520103,0.9441325607296329,1.157258098913183,0.3064539888184003,0.9778129087489125,0.6875,1.0,1.3125,1.028873726435879,1.4176013040399917,pacific_nations_cup,2025,south
empirical_event,pacific_nations_cup_2025,defenders_beaten,stable,position:Hooker,16,7,0.7943299145654537,1.3533127596388639,1.515269909811885,0.8931166328029787,0.4678630166042701,0.5237596606576577,0.5625,1.0,0.9375,0.8966650520699342,1.1801650967404096,pacific_nations_cup,2025,south
empirical_event,pacific_nations_cup_2025,defenders_beaten,stable,position:Prop,32,7,0.5799604958499472,1.4001764772651637,1.4018394427119532,0.9988137261685458,-0.020540943995586904,1.628416044442242,0.28125,1.0,0.5,0.31966090347254017,1.405856096044884,pacific_nations_cup,2025,south
empirical_event,pacific_nations_cup_2025,defenders_beaten,stable,position:Scrum-half,16,7,0.5916169067236599,0.945046386288445,0.8351051840083528,1.131649526772657,0.33675674040311615,0.4443245370174532,0.5,1.0,0.625,0.648722354006665,1.0578285195219026,pacific_nations_cup,2025,south
empirical_event,pacific_nations_cup_2025,defenders_beaten,stable,position:Second-row,24,7,0.8101905874343146,1.4342141220131293,1.9061554934544154,0.7524119238635595,-0.25403032413724735,1.5328127224865986,0.3333333333333333,1.0,0.7083333333333334,0.6278416425911385,0.7053558740369277,pacific_nations_cup,2025,south
empirical_event,pacific_nations_cup_2025,clean_breaks,stable,all,184,7,0.3697555332648632,0.7094751046861236,0.7272533096228831,0.9755543155300614,0.01818114373179207,0.9918822398103605,0.23369565217391305,1.0,0.30978260869565216,0.29398798895684625,1.7274945297564928,pacific_nations_cup,2025,south
empirical_event,pacific_nations_cup_2025,clean_breaks,stable,starter,120,7,0.5014459840473929,0.926883994346655,0.9720615102221383,0.9535240153010902,0.06616371722341377,0.9459159994104965,0.3333333333333333,1.0,0.45,0.40578263082112614,1.7365996514413828,pacific_nations_cup,2025,south
empirical_event,pacific_nations_cup_2025,clean_breaks,stable,bench,64,7,0.12283593804762011,0.3018334365726269,0.2682379334992795,1.1252451606492773,0.04377577132989306,0.03673245431033112,0.046875,1.0,0.046875,0.08437303546132155,0.7037111602573407,pacific_nations_cup,2025,south
empirical_event,pacific_nations_cup_2025,clean_breaks,stable,zero_minute,10,3,0.05631276659525826,0.11262553319051652,0.15635488467440178,0.7203198891102852,0.0,0.0,0.0,1.0,0.0,0.05631276659525826,0.14078191648814564,pacific_nations_cup,2025,south
empirical_event,pacific_nations_cup_2025,clean_breaks,stable,low_history,5,3,0.27400203565397385,0.3246752395785217,0.44438469121722884,0.7306175167492673,-0.21792872777374359,1.6449074284867278,0.2,1.0,0.4,0.3756617041618096,0.41836682010497034,pacific_nations_cup,2025,south
empirical_event,pacific_nations_cup_2025,clean_breaks,stable,south,184,7,0.3697555332648632,0.7094751046861236,0.7272533096228831,0.9755543155300614,0.01818114373179207,0.9918822398103605,0.23369565217391305,1.0,0.30978260869565216,0.29398798895684625,1.7274945297564928,pacific_nations_cup,2025,south
empirical_event,pacific_nations_cup_2025,clean_breaks,stable,position:Back-row,32,7,0.3535509221919848,0.6744153123386241,0.6855456757049947,0.9837642278832486,0.0349479302654476,0.7675614338600081,0.25,1.0,0.25,0.2801757100445651,0.6315473808970311,pacific_nations_cup,2025,south
empirical_event,pacific_nations_cup_2025,clean_breaks,stable,position:Back-three,32,7,0.7360849391173537,1.1163694631453205,1.186655416224522,0.9407697027138475,0.04037096714176704,1.0534330341287401,0.5,1.0,0.84375,0.7626294285736743,1.4748938422067914,pacific_nations_cup,2025,south
empirical_event,pacific_nations_cup_2025,clean_breaks,stable,position:Centre,16,7,0.5995777041816037,1.0747310133481383,0.8966870510953858,1.1985575257669387,0.513646311733504,-0.17816536600709676,0.375,1.0,0.4375,0.4273912121083674,0.48815167888179795,pacific_nations_cup,2025,south
empirical_event,pacific_nations_cup_2025,clean_breaks,stable,position:Fly-half,16,7,0.20256062627013785,0.4051212525402757,0.45450979131161773,0.8913366890759002,0.0,0.0,0.0,1.0,0.0,0.20256062627013785,0.40512125254027564,pacific_nations_cup,2025,south
empirical_event,pacific_nations_cup_2025,clean_breaks,stable,position:Hooker,16,7,0.20709137427111296,0.43642421067489745,0.3222554971314414,1.3542801117738232,0.06842810014505532,-0.03617659371272663,0.0625,1.0,0.0625,0.16386562516442402,0.3841216683749021,pacific_nations_cup,2025,south
empirical_event,pacific_nations_cup_2025,clean_breaks,stable,position:Prop,32,7,0.1433678683570259,0.44069652740298393,0.5375075758051906,0.8198889601561746,0.007090222872651887,1.3884538428019262,0.0625,1.0,0.09375,0.06241458985231153,0.4880213898642084,pacific_nations_cup,2025,south
empirical_event,pacific_nations_cup_2025,clean_breaks,stable,position:Scrum-half,16,7,0.3960252686571971,0.9046997812414754,0.8567410950182531,1.0559780387588393,-0.06572326688596014,2.7143714159698655,0.3125,1.0,0.375,0.16236660329275038,0.7446418373057802,pacific_nations_cup,2025,south
empirical_event,pacific_nations_cup_2025,clean_breaks,stable,position:Second-row,24,7,0.2539507998887647,0.5833498935411843,0.6758681937580283,0.8631119187567997,-0.031437161354078494,1.6787645317884792,0.20833333333333334,1.0,0.20833333333333334,0.14282556615130018,0.42966132698982495,pacific_nations_cup,2025,south
empirical_event,pacific_nations_cup_2025,offload,stable,all,184,7,0.43175616059636746,0.7747853270295483,0.8529727237713363,0.9083354079646416,0.12511575462932695,0.6765025273030972,0.266304347826087,1.0,0.358695652173913,0.3452757205146907,2.8061724691425782,pacific_nations_cup,2025,south
empirical_event,pacific_nations_cup_2025,offload,stable,starter,120,7,0.5957346308338568,1.0423842331383584,1.1323543264684484,0.9205459888066256,0.31588270843542565,0.4349458514083092,0.38333333333333336,1.0,0.525,0.4807892543117128,2.891460169386786,pacific_nations_cup,2025,south
empirical_event,pacific_nations_cup_2025,offload,stable,bench,64,7,0.12429652890107476,0.27303737807552897,0.32913221871425147,0.8295674581544892,-0.00865530623495965,0.6089661012493015,0.046875,1.0,0.046875,0.09118784464527412,0.5210796366122831,pacific_nations_cup,2025,south
empirical_event,pacific_nations_cup_2025,offload,stable,zero_minute,10,3,0.08288124505238405,0.1657624901047681,0.23097599304046876,0.7176611210660548,0.0,0.0,0.0,1.0,0.0,0.08288124505238405,0.2072031126309601,pacific_nations_cup,2025,south
empirical_event,pacific_nations_cup_2025,offload,stable,low_history,5,3,0.20882827559641065,0.4176565511928213,0.5168813697832377,0.8080317372784631,0.0,0.0,0.0,1.0,0.0,0.20882827559641065,0.3480471259940177,pacific_nations_cup,2025,south
empirical_event,pacific_nations_cup_2025,offload,stable,south,184,7,0.43175616059636746,0.7747853270295483,0.8529727237713363,0.9083354079646416,0.12511575462932695,0.6765025273030972,0.266304347826087,1.0,0.358695652173913,0.3452757205146907,2.8061724691425782,pacific_nations_cup,2025,south
empirical_event,pacific_nations_cup_2025,offload,stable,position:Back-row,32,7,0.5834087175165305,1.076398266789744,1.2541150085772736,0.8582931066352999,-0.04841853001902117,1.7275770303992162,0.40625,1.0,0.59375,0.37171629323563427,0.9928620393869694,pacific_nations_cup,2025,south
empirical_event,pacific_nations_cup_2025,offload,stable,position:Back-three,32,7,0.5541107637344972,0.9793556832531939,0.973069144148749,1.0064605266154487,0.14544723662927433,0.691964458915865,0.3125,1.0,0.46875,0.46722452172942497,1.4727225485197855,pacific_nations_cup,2025,south
empirical_event,pacific_nations_cup_2025,offload,stable,position:Centre,16,7,0.7068868429454158,1.1823945054065903,0.8291214261265116,1.4260812326736017,0.6500814787848742,-0.10404362694963114,0.5,1.0,0.5625,0.8417764869661216,1.2835473566331352,pacific_nations_cup,2025,south
empirical_event,pacific_nations_cup_2025,offload,stable,position:Fly-half,16,7,0.363690145164134,0.6180588017375732,0.7372279318186856,0.8383551071008241,-0.19599552151227906,1.1499587284569355,0.125,1.0,0.1875,0.3334863347894842,0.6856615246553125,pacific_nations_cup,2025,south
empirical_event,pacific_nations_cup_2025,offload,stable,position:Hooker,16,7,0.2307153352729458,0.42170629281136107,0.4547132562646663,0.9274114774562598,-0.03605859352106344,0.9128527589091368,0.125,1.0,0.125,0.17643436134599536,0.43084249847827794,pacific_nations_cup,2025,south
empirical_event,pacific_nations_cup_2025,offload,stable,position:Prop,32,7,0.24982849897241324,0.49227585991220024,0.7400794285400654,0.6651662523349683,-0.05748408458817287,1.7064180343331177,0.125,1.0,0.1875,0.143566277230488,0.7327917229605022,pacific_nations_cup,2025,south
empirical_event,pacific_nations_cup_2025,offload,stable,position:Scrum-half,16,7,0.40650219067586113,0.6240807405155555,0.9377999863802027,0.6654731814663738,-0.14539718150346495,1.492350812759598,0.25,1.0,0.375,0.348709684783276,0.6515971798403319,pacific_nations_cup,2025,south
empirical_event,pacific_nations_cup_2025,offload,stable,position:Second-row,24,7,0.321803581568658,0.6451542003056322,0.610531040165417,1.0567099096727897,0.0932760529477788,0.7701429179731734,0.25,1.0,0.25,0.2034998224286476,0.5941485897194962,pacific_nations_cup,2025,south
empirical_event,pacific_nations_cup_2025,runs,stable,all,184,7,2.241005024054277,1.7627309939376337,1.6793621037543012,1.0496431889209343,1.0182015577348702,0.6876906647992962,0.9293478260869565,1.0,4.739130434782608,5.41075961549325,30.152427944936388,pacific_nations_cup,2025,south
empirical_event,pacific_nations_cup_2025,runs,stable,starter,120,7,2.790010048439322,2.000864398827117,1.698065831088517,1.17831968713751,2.7982434777395437,0.4742301313624922,0.9916666666666667,1.0,6.216666666666667,7.208363540936934,27.77007832417482,pacific_nations_cup,2025,south
empirical_event,pacific_nations_cup_2025,runs,stable,bench,64,7,1.211620603332317,1.316230859769853,1.644292615002646,0.8004845656791659,-0.0875120321221974,1.0078469595092348,0.8125,1.0,1.96875,2.0402522552863416,3.4313188967123427,pacific_nations_cup,2025,south
empirical_event,pacific_nations_cup_2025,runs,stable,zero_minute,10,3,0.9247928709633065,1.1702213687827023,2.031641010652778,0.5759981033296347,-1.3644751030024387,1.8214645924753872,0.6,1.0,1.5,1.5726218971457413,2.2499409930141496,pacific_nations_cup,2025,south
empirical_event,pacific_nations_cup_2025,runs,stable,low_history,5,3,2.2281994151667184,2.2719701208546565,3.113994272045613,0.7295999678773261,1.5444484241403356,0.545568753488559,0.8,1.0,3.2,3.0345425123295313,3.6166445039768162,pacific_nations_cup,2025,south
empirical_event,pacific_nations_cup_2025,runs,stable,south,184,7,2.241005024054277,1.7627309939376337,1.6793621037543012,1.0496431889209343,1.0182015577348702,0.6876906647992962,0.9293478260869565,1.0,4.739130434782608,5.41075961549325,30.152427944936388,pacific_nations_cup,2025,south
empirical_event,pacific_nations_cup_2025,runs,stable,position:Back-row,32,7,2.7861445029327916,1.53166685518151,1.5229856059489182,1.0057001518587452,2.5368371587793233,0.5633932268251407,1.0,1.0,6.96875,7.866464540576033,8.661626874168146,pacific_nations_cup,2025,south
empirical_event,pacific_nations_cup_2025,runs,stable,position:Back-three,32,7,3.127397593617963,2.602503178746075,2.2973714443947078,1.132817762271682,3.59265877435976,0.4450267526691823,1.0,1.0,6.34375,6.181855830328715,8.57253000641016,pacific_nations_cup,2025,south
empirical_event,pacific_nations_cup_2025,runs,stable,position:Centre,16,7,3.346115450516693,2.831355209009237,1.993140944520703,1.42054941813967,9.266031018663305,-0.4483790646012444,1.0,1.0,5.875,7.56286652606995,3.7772331062919533,pacific_nations_cup,2025,south
empirical_event,pacific_nations_cup_2025,runs,stable,position:Fly-half,16,7,1.2892297760683462,0.8970369672729726,0.9862799481011283,0.9095155680697209,-0.12920557646881187,0.8036942015655811,0.875,1.0,3.3125,4.282357107671594,2.2696793945288674,pacific_nations_cup,2025,south
empirical_event,pacific_nations_cup_2025,runs,stable,position:Hooker,16,7,2.1356338941006525,2.4147850766860937,2.692883129068247,0.8967285102794725,0.6373226429298804,0.8420331690788259,0.875,1.0,4.4375,4.513096985511236,3.435023823445266,pacific_nations_cup,2025,south
empirical_event,pacific_nations_cup_2025,runs,stable,position:Prop,32,7,1.314846695248821,1.024916621613937,1.0049014049822773,1.0199175924448156,-0.22657613244059419,0.9039156926456914,0.90625,1.0,2.96875,3.5349824750670296,4.137776333567041,pacific_nations_cup,2025,south
empirical_event,pacific_nations_cup_2025,runs,stable,position:Scrum-half,16,7,1.2738172315287435,1.1264194311125961,1.77771711813419,0.6336325502084573,-0.06961116198114846,0.987028046542902,0.8125,1.0,2.6875,2.7933463204394444,2.015110872091979,pacific_nations_cup,2025,south
empirical_event,pacific_nations_cup_2025,runs,stable,position:Second-row,24,7,2.179989227207065,1.7890909567458972,1.4747507617989257,1.2131480132707537,-0.0663366065334314,0.7241201367350751,0.875,1.0,3.75,5.2703086310243945,5.340458021422208,pacific_nations_cup,2025,south
empirical_event,pacific_nations_cup_2025,tackles,stable,all,184,7,2.3289449528962467,1.829546174486434,1.9763968135466328,0.9256977960834312,0.05463365227652544,1.0205933979217023,0.9239130434782609,1.0,5.005434782608695,4.850904523205613,25.28882329552978,pacific_nations_cup,2025,south
empirical_event,pacific_nations_cup_2025,tackles,stable,starter,120,7,2.82243323810703,2.0167032565706844,2.0926442135907513,0.9637105263633131,0.05886500025928381,1.0262716970943637,0.975,1.0,6.425,6.2031672682437415,24.03286236498117,pacific_nations_cup,2025,south
empirical_event,pacific_nations_cup_2025,tackles,stable,bench,64,7,1.4036544181260284,1.4786266455784642,1.75843293846391,0.8408774729106973,0.7743018874552513,0.6778267523963881,0.828125,1.0,2.34375,2.3154118762591223,4.025470069169227,pacific_nations_cup,2025,south
empirical_event,pacific_nations_cup_2025,tackles,stable,zero_minute,10,3,1.551827260542153,1.7609752771111964,2.3761722815140844,0.7410974746280233,0.2717864458680108,0.39349664281031904,0.7,1.0,1.3,2.613017348225837,3.2825433705645928,pacific_nations_cup,2025,south
empirical_event,pacific_nations_cup_2025,tackles,stable,low_history,5,3,1.3245342457742422,1.4748666768770782,2.25008629236376,0.6554711620982775,-0.13057743359043236,1.5925826427289584,0.6,1.0,2.2,1.463394973084026,1.7176160605751807,pacific_nations_cup,2025,south
empirical_event,pacific_nations_cup_2025,tackles,stable,south,184,7,2.3289449528962467,1.829546174486434,1.9763968135466328,0.9256977960834312,0.05463365227652544,1.0205933979217023,0.9239130434782609,1.0,5.005434782608695,4.850904523205613,25.28882329552978,pacific_nations_cup,2025,south
empirical_event,pacific_nations_cup_2025,tackles,stable,position:Back-row,32,7,3.3661966016583222,2.459454559062448,2.9800219012064137,0.8253142562699883,-0.09530219247840024,1.1616342169044678,0.96875,1.0,8.03125,6.995792715312831,9.273664474537094,pacific_nations_cup,2025,south
empirical_event,pacific_nations_cup_2025,tackles,stable,position:Back-three,32,7,1.5346485417890714,1.1299491644993453,1.086580796635842,1.0399126949397375,1.315843969034471,0.4186775117903372,0.90625,1.0,2.75,3.425443188560166,4.43549152609953,pacific_nations_cup,2025,south
empirical_event,pacific_nations_cup_2025,tackles,stable,position:Centre,16,7,2.367485266055146,1.7597620690787603,2.7624745438615506,0.6370238136634051,1.0130079247707064,0.6328003496806051,0.9375,1.0,4.6875,5.806716252739004,3.8055442988064545,pacific_nations_cup,2025,south
empirical_event,pacific_nations_cup_2025,tackles,stable,position:Fly-half,16,7,2.2150592594875382,1.9394742312179427,1.8568182755150862,1.0445148331383842,0.7222650279954052,0.8137667437295526,0.875,1.0,3.4375,3.3366256275852133,3.11703656651751,pacific_nations_cup,2025,south
empirical_event,pacific_nations_cup_2025,tackles,stable,position:Hooker,16,7,2.160442716951611,1.3234924495617109,1.5316908344864804,0.8640728401338441,-0.12865049896210723,1.1898565134003316,0.9375,1.0,5.3125,4.572946769365134,3.015135114936771,pacific_nations_cup,2025,south
empirical_event,pacific_nations_cup_2025,tackles,stable,position:Prop,32,7,2.6016787756021427,2.498241036112753,2.385141156388384,1.0474185267490108,0.2846482695469469,0.9956539105053666,0.90625,1.0,5.0,4.735934525742658,5.990533464676259,pacific_nations_cup,2025,south
empirical_event,pacific_nations_cup_2025,tackles,stable,position:Scrum-half,16,7,1.2602274806533187,1.1244412620323332,1.6227519360241907,0.6929224591081128,0.48812349289691476,0.6322184591437762,0.8125,1.0,2.1875,2.6879577502443985,1.687615173103056,pacific_nations_cup,2025,south
empirical_event,pacific_nations_cup_2025,tackles,stable,position:Second-row,24,7,2.516402931373432,1.8115476502360999,1.3675600382917914,1.3246567605901163,2.5262852570215,0.7263380018738465,1.0,1.0,6.916666666666667,6.0445431717996625,6.344554932832086,pacific_nations_cup,2025,south
empirical_event,pacific_nations_cup_2025,missed_tackles,stable,all,184,7,0.7958868132119991,1.2252183676501347,1.2729059623324632,0.9625364354528231,0.10879177778368634,0.7970977901602672,0.5,1.0,0.8532608695652174,0.9339746025789952,8.994355646379635,pacific_nations_cup,2025,south
empirical_event,pacific_nations_cup_2025,missed_tackles,stable,starter,120,7,0.9254047584579644,1.3040173011892544,1.4223238497074806,0.9168216517338457,-0.21351321074102458,1.0204687695159742,0.575,1.0,1.0583333333333333,1.2463355881803382,7.036893281610481,pacific_nations_cup,2025,south
empirical_event,pacific_nations_cup_2025,missed_tackles,stable,bench,64,7,0.5530406658758145,1.0774703672642847,0.9927474235043058,1.0853418923626261,0.31739837922693226,0.4345466451746384,0.359375,1.0,0.46875,0.348297754576477,1.9574623647691556,pacific_nations_cup,2025,south
empirical_event,pacific_nations_cup_2025,missed_tackles,stable,zero_minute,10,3,0.4659502839877339,0.8518426026676575,0.7174524470246062,1.1873157673381554,0.6304440068821668,-0.9153833350317276,0.3,1.0,0.3,0.36098975613393,0.8559355187338178,pacific_nations_cup,2025,south
empirical_event,pacific_nations_cup_2025,missed_tackles,stable,low_history,5,3,0.7668447176080099,1.9047360219663207,0.8822880278757937,2.158859648761396,1.0295773451401868,-0.09258361585063334,0.8,1.0,1.0,0.31946629939258797,1.1342228343456868,pacific_nations_cup,2025,south
empirical_event,pacific_nations_cup_2025,missed_tackles,stable,south,184,7,0.7958868132119991,1.2252183676501347,1.2729059623324632,0.9625364354528231,0.10879177778368634,0.7970977901602672,0.5,1.0,0.8532608695652174,0.9339746025789952,8.994355646379635,pacific_nations_cup,2025,south
empirical_event,pacific_nations_cup_2025,missed_tackles,stable,position:Back-row,32,7,0.8643756276821932,1.3004987783713764,1.35390970562746,0.9605505987333692,-0.02822030522731675,0.8277541971552793,0.5,1.0,0.875,1.0911697075428783,1.7507151890417814,pacific_nations_cup,2025,south
empirical_event,pacific_nations_cup_2025,missed_tackles,stable,position:Back-three,32,7,0.8465759108224371,1.2548193017442877,1.406435659049685,0.892198156147546,0.16820835044630866,0.9794689785338886,0.625,1.0,1.25,1.1044674954105889,2.4304948495062115,pacific_nations_cup,2025,south
empirical_event,pacific_nations_cup_2025,missed_tackles,stable,position:Centre,16,7,1.2167472837804993,2.0480841789745714,2.1871929887420043,0.9363984749020966,-1.6469278553532507,1.7306545550532861,0.375,1.0,0.8125,1.4210969186034508,2.041752810065062,pacific_nations_cup,2025,south
empirical_event,pacific_nations_cup_2025,missed_tackles,stable,position:Fly-half,16,7,0.7582959640478224,1.0274501446452136,1.1444315665074032,0.8977820734015616,0.08099992353749576,1.0402644057572334,0.5625,1.0,1.0,0.8834293198694441,1.2645543166098239,pacific_nations_cup,2025,south
empirical_event,pacific_nations_cup_2025,missed_tackles,stable,position:Hooker,16,7,0.6538969425258747,0.756477647398131,0.820070790162662,0.9224540813703201,0.18653136085198166,0.9001984974482689,0.625,1.0,0.9375,0.8342256083260953,1.1111270804755682,pacific_nations_cup,2025,south
empirical_event,pacific_nations_cup_2025,missed_tackles,stable,position:Prop,32,7,0.6300798108229673,1.0279674567577222,0.9851712336830891,1.0434403904736826,0.5268089264036323,0.007254751558216655,0.4375,1.0,0.53125,0.6121606730057949,1.3271063243747638,pacific_nations_cup,2025,south
empirical_event,pacific_nations_cup_2025,missed_tackles,stable,position:Scrum-half,16,7,0.7626466060027575,1.296293813315942,1.1051658114874545,1.1729405667835908,0.6404520341173506,0.6723437664520225,0.6875,1.0,1.125,0.7206848491205968,1.2220456777331103,pacific_nations_cup,2025,south
empirical_event,pacific_nations_cup_2025,missed_tackles,stable,position:Second-row,24,7,0.719365904617228,1.196756246597279,1.2603494754688904,0.9495431782141595,-0.23657889304310067,0.7741860797962004,0.25,1.0,0.4166666666666667,0.8437836545468897,1.509310796674836,pacific_nations_cup,2025,south
empirical_event,pacific_nations_cup_2025,rucks_won,stable,all,184,7,1.5143962570069622,1.3910910923065918,1.5692183939348396,0.8864866086730026,0.40795202659142266,0.8623721374491183,0.8369565217391305,1.0,3.244565217391304,3.2893145170373135,9.978613634135327,pacific_nations_cup,2025,south
empirical_event,pacific_nations_cup_2025,rucks_won,stable,starter,120,7,1.7573208397326,1.3878721504887888,1.5148510845077126,0.9161772828250054,0.6632783915530989,0.8106668534646446,0.925,1.0,4.183333333333334,4.342172036189902,8.321264526157645,pacific_nations_cup,2025,south
empirical_event,pacific_nations_cup_2025,rucks_won,stable,bench,64,7,1.058912664396391,1.3971266082149727,1.6711570991107023,0.8360235006980771,-0.025021920653906706,1.1476499904235864,0.671875,1.0,1.484375,1.3152066686262103,3.5485335166771033,pacific_nations_cup,2025,south
empirical_event,pacific_nations_cup_2025,rucks_won,stable,zero_minute,10,3,1.1946238449614177,1.8671950937955468,1.675884515373059,1.1141549890028677,0.5876267684576457,0.4873477699010026,0.5,1.0,1.2,1.256542595171307,2.984072578034895,pacific_nations_cup,2025,south
empirical_event,pacific_nations_cup_2025,rucks_won,stable,low_history,5,3,1.2597970653796957,2.59430388138053,2.491200110532658,1.0413871894160387,1.0660962769556899,0.9650552418673293,0.6,1.0,2.2,1.17496250354567,1.9040288015283549,pacific_nations_cup,2025,south
empirical_event,pacific_nations_cup_2025,rucks_won,stable,south,184,7,1.5143962570069622,1.3910910923065918,1.5692183939348396,0.8864866086730026,0.40795202659142266,0.8623721374491183,0.8369565217391305,1.0,3.244565217391304,3.2893145170373135,9.978613634135327,pacific_nations_cup,2025,south
empirical_event,pacific_nations_cup_2025,rucks_won,stable,position:Back-row,32,7,1.9061624422216163,1.333471251549607,1.6786172034579645,0.7943867421367098,0.9573744298580257,0.7620236487162491,0.96875,1.0,5.125,5.469155159637113,4.267811034822966,pacific_nations_cup,2025,south
empirical_event,pacific_nations_cup_2025,rucks_won,stable,position:Back-three,32,7,1.8211493070612654,1.8892359586900422,1.6955555977480832,1.1142282572150342,2.560489202890489,0.30618411639308535,0.90625,1.0,3.5,3.068450474104109,3.9696833238040394,pacific_nations_cup,2025,south
empirical_event,pacific_nations_cup_2025,rucks_won,stable,position:Centre,16,7,1.9353923441125342,2.0061959088754806,1.951579829109353,1.0279855729965466,3.920819476128706,0.08059549307127044,0.875,1.0,4.25,4.084353992104749,1.2776019496045983,pacific_nations_cup,2025,south
empirical_event,pacific_nations_cup_2025,rucks_won,stable,position:Fly-half,16,7,1.2053275910962267,0.9745030703422924,1.0383289256680344,0.9385302154761046,0.5299385724163387,0.7939773052032093,0.875,1.0,2.25,2.166386137628242,2.354436153212037,pacific_nations_cup,2025,south
empirical_event,pacific_nations_cup_2025,rucks_won,stable,position:Hooker,16,7,1.517175334323849,1.4419703398324781,2.193638160323138,0.6573419289989312,-0.5003768696478593,1.4097618944209969,0.8125,1.0,3.5625,2.8819596314287708,2.4218553395893756,pacific_nations_cup,2025,south
empirical_event,pacific_nations_cup_2025,rucks_won,stable,position:Prop,32,7,1.1430180855388739,0.98983349696658,1.0804196674264936,0.9161564962292056,-0.4710456158068918,1.0901674124445124,0.8125,1.0,2.28125,2.52465408926079,2.411595026933186,pacific_nations_cup,2025,south
empirical_event,pacific_nations_cup_2025,rucks_won,stable,position:Scrum-half,16,7,1.0894068534009884,1.649762282329918,2.1082277178414164,0.7825351447418999,-0.1251633417666792,1.0332505235871552,0.375,1.0,0.9375,1.0284662988385542,1.5343212574223528,pacific_nations_cup,2025,south
empirical_event,pacific_nations_cup_2025,rucks_won,stable,position:Second-row,24,7,1.2850634420019686,1.0000230304887847,1.2300346400290882,0.8130039577301139,-0.8316088260700203,1.0371712257768295,0.875,1.0,3.0,3.6942876266165108,2.129762803268175,pacific_nations_cup,2025,south
empirical_event,pacific_nations_cup_2025,rucks_lost,stable,all,184,7,0.251966385453516,0.5803531843589651,0.5898815090050075,0.9838470531783333,0.015110689165749619,0.8684228901313747,0.13043478260869565,1.0,0.15217391304347827,0.15783004505672774,1.2908351556874251,pacific_nations_cup,2025,south
empirical_event,pacific_nations_cup_2025,rucks_lost,stable,starter,120,7,0.3342904647014214,0.7371972802209742,0.7505232890169985,0.9822443767021832,0.04493927989544303,0.770592150552955,0.175,1.0,0.20833333333333334,0.2120370072815345,1.202718563833674,pacific_nations_cup,2025,south
empirical_event,pacific_nations_cup_2025,rucks_lost,stable,bench,64,7,0.09760873686369334,0.2862705046176977,0.28867817148252417,0.9916596850656849,0.040413716420940195,0.11498584544296397,0.046875,1.0,0.046875,0.056191990885215114,0.5353076958008305,pacific_nations_cup,2025,south
empirical_event,pacific_nations_cup_2025,rucks_lost,stable,zero_minute,10,3,0.1268366811441097,0.4362891375232338,0.48196288915499236,0.9052338828165034,-0.35627858654247285,11.664274753059964,0.1,1.0,0.1,0.03911761307086618,0.2506485470525067,pacific_nations_cup,2025,south
empirical_event,pacific_nations_cup_2025,rucks_lost,stable,low_history,5,3,0.068963872353092,0.137927744706184,0.19707523866916818,0.6998735388453565,0.0,0.0,0.0,1.0,0.0,0.068963872353092,0.11493978725515332,pacific_nations_cup,2025,south
empirical_event,pacific_nations_cup_2025,rucks_lost,stable,south,184,7,0.251966385453516,0.5803531843589651,0.5898815090050075,0.9838470531783333,0.015110689165749619,0.8684228901313747,0.13043478260869565,1.0,0.15217391304347827,0.15783004505672774,1.2908351556874251,pacific_nations_cup,2025,south
empirical_event,pacific_nations_cup_2025,rucks_lost,stable,position:Back-row,32,7,0.3076976533419201,0.6419165376875404,0.7492876103818387,0.8567024581661217,-0.14434035567819378,1.8500358436193163,0.1875,1.0,0.21875,0.19626125457540444,0.629240343410352,pacific_nations_cup,2025,south
empirical_event,pacific_nations_cup_2025,rucks_lost,stable,position:Back-three,32,7,0.3527403510632536,0.888873797820986,0.8900577978460937,0.9986697492814814,-8.888047364312573e-05,1.2802850783982858,0.15625,1.0,0.25,0.19533843258293665,0.7613277790392392,pacific_nations_cup,2025,south
empirical_event,pacific_nations_cup_2025,rucks_lost,stable,position:Centre,16,7,0.30882372968946875,0.6283765641229468,0.48735914979944794,1.2893500909576205,0.16846489941868095,-0.39474193674437597,0.0625,1.0,0.0625,0.26844094724929357,0.5860626187125086,pacific_nations_cup,2025,south
empirical_event,pacific_nations_cup_2025,rucks_lost,stable,position:Fly-half,16,7,0.23205556901562688,0.454177580715441,0.42122492796440547,1.0782305380412343,0.023113773544067986,0.5849855844420416,0.125,1.0,0.125,0.17416878153178925,0.4319030066671197,pacific_nations_cup,2025,south
empirical_event,pacific_nations_cup_2025,rucks_lost,stable,position:Hooker,16,7,0.2225402319890072,0.5215650374393774,0.5557948843041471,0.9384128068979524,-0.17116792401117897,3.7896921168741784,0.1875,1.0,0.1875,0.09464302453863095,0.4056601378992289,pacific_nations_cup,2025,south
empirical_event,pacific_nations_cup_2025,rucks_lost,stable,position:Prop,32,7,0.1933555046412599,0.544848234899422,0.5415785651956171,1.0060372952585817,0.11455506892749702,0.11305141338802228,0.125,1.0,0.125,0.09239098176201668,0.5185210293153999,pacific_nations_cup,2025,south
empirical_event,pacific_nations_cup_2025,rucks_lost,stable,position:Scrum-half,16,7,0.1816760641232085,0.39862484743511006,0.4817236994443388,0.8274968574203801,-0.07526635815399206,1.8244797276595606,0.125,1.0,0.125,0.10976628302189653,0.33871569311651284,pacific_nations_cup,2025,south
empirical_event,pacific_nations_cup_2025,rucks_lost,stable,position:Second-row,24,7,0.16328721320350345,0.3466936330662171,0.31712449679876503,1.0932414132807138,0.031570374170239085,0.0757051055781151,0.041666666666666664,1.0,0.041666666666666664,0.13336342931336215,0.4291228930376653,pacific_nations_cup,2025,south
empirical_event,pacific_nations_cup_2025,passes,stable,all,184,7,3.3666929746401677,3.0125327954687293,2.7134079291812583,1.1102395489710715,1.022873473257879,0.8749149019485912,0.8043478260869565,1.0,7.255434782608695,7.123620017752345,35.617677555030966,pacific_nations_cup,2025,south
empirical_event,pacific_nations_cup_2025,passes,stable,starter,120,7,3.683108032741225,2.748028491606834,2.4347654040189943,1.1286625344153263,1.2721786650592692,0.8433264187711422,0.9,1.0,9.083333333333334,9.262314679594796,27.458518051292394,pacific_nations_cup,2025,south
empirical_event,pacific_nations_cup_2025,passes,stable,bench,64,7,2.7734147407006877,3.5084783652097813,3.2358626638605035,1.0842482298133251,-0.7711465844791591,1.477170976667217,0.625,1.0,3.828125,3.1135675267977474,13.661777610673866,pacific_nations_cup,2025,south
empirical_event,pacific_nations_cup_2025,passes,stable,zero_minute,10,3,1.7770038269771387,3.3531961913418598,2.476641725687552,1.353928651271093,-0.18967677033514946,0.5687842728783692,0.5,1.0,1.4,2.7948676609683454,4.080964060560762,pacific_nations_cup,2025,south
empirical_event,pacific_nations_cup_2025,passes,stable,low_history,5,3,6.7111371329461535,7.29919177785487,3.037584826395454,2.402958993746504,-4.177953843999133,2.286275233234044,1.0,1.0,12.4,7.2510752874442135,8.815639295524337,pacific_nations_cup,2025,south
empirical_event,pacific_nations_cup_2025,passes,stable,south,184,7,3.3666929746401677,3.0125327954687293,2.7134079291812583,1.1102395489710715,1.022873473257879,0.8749149019485912,0.8043478260869565,1.0,7.255434782608695,7.123620017752345,35.617677555030966,pacific_nations_cup,2025,south
empirical_event,pacific_nations_cup_2025,passes,stable,position:Back-row,32,7,1.5481497163530995,1.4237720640099438,1.4062491985279308,1.012460711444569,-0.33173923907487896,1.15808886708199,0.875,1.0,3.03125,2.9039129333386358,2.566806138480474,pacific_nations_cup,2025,south
empirical_event,pacific_nations_cup_2025,passes,stable,position:Back-three,32,7,3.768945417118706,3.8980719361616667,3.0204933037151855,1.2905414924665006,2.070906959006691,0.3398897736151531,0.78125,1.0,4.0,5.675643078269143,11.00959871936686,pacific_nations_cup,2025,south
empirical_event,pacific_nations_cup_2025,passes,stable,position:Centre,16,7,2.9014578113585885,2.1202699738805864,2.4702754611324265,0.8583131748831807,2.135662027217972,0.6350523453727845,1.0,1.0,6.6875,7.167657919773579,2.116970898528222,pacific_nations_cup,2025,south
empirical_event,pacific_nations_cup_2025,passes,stable,position:Fly-half,16,7,7.745626148142488,8.063282085307446,5.742164771059331,1.4042233907927215,-0.3150800669809952,1.2612217807537212,0.875,1.0,15.1875,12.29171609906425,11.304738419734864,pacific_nations_cup,2025,south
empirical_event,pacific_nations_cup_2025,passes,stable,position:Hooker,16,7,1.1526981315324463,1.4419126877676245,1.6733676509666615,0.8616831375547798,0.08474084877198632,1.0002875095341928,0.6875,1.0,1.625,1.5398164393208031,1.567295075015835,pacific_nations_cup,2025,south
empirical_event,pacific_nations_cup_2025,passes,stable,position:Prop,32,7,1.1814621474545872,1.8151705025531284,1.6378890126774572,1.1082377917572503,0.23655940830762795,0.970499745799048,0.53125,1.0,1.3125,1.1086459283989931,2.928627910976407,pacific_nations_cup,2025,south
empirical_event,pacific_nations_cup_2025,passes,stable,position:Scrum-half,16,7,12.110823657106101,7.542826090435803,7.3206767848521075,1.030345460141522,15.20997776775387,0.6213726944307295,1.0,1.0,38.125,36.87806438491752,13.059420276726687,pacific_nations_cup,2025,south
empirical_event,pacific_nations_cup_2025,passes,stable,position:Second-row,24,7,1.206165932246351,0.8012048700329636,1.2456289918218655,0.6432130877598762,-0.8397933187857286,1.3677654210358756,0.875,1.0,3.4166666666666665,3.111980987374847,2.5163296410607296,pacific_nations_cup,2025,south
empirical_event,pacific_nations_cup_2025,bad_passes,stable,all,184,7,0.4859451241311241,0.883375589173096,0.8464817069839785,1.0435849728171571,0.001961509278262076,1.0479373184343779,0.29347826086956524,1.0,0.44021739130434784,0.41820810683681076,3.0444863749252935,pacific_nations_cup,2025,south
empirical_event,pacific_nations_cup_2025,bad_passes,stable,starter,120,7,0.6156418345731731,1.0505677907689122,1.0194383003194358,1.0305359239884573,0.020233225267950353,1.0426581427833324,0.38333333333333336,1.0,0.6,0.5560468488591919,2.9108545727048223,pacific_nations_cup,2025,south
empirical_event,pacific_nations_cup_2025,bad_passes,stable,bench,64,7,0.24276379205228213,0.5698902111809405,0.522188094479996,1.091350448631823,0.05378362455683294,0.5435723734717706,0.125,1.0,0.140625,0.1597604655448461,0.600408097455438,pacific_nations_cup,2025,south
empirical_event,pacific_nations_cup_2025,bad_passes,stable,zero_minute,10,3,0.13393311981179282,0.26786623962358563,0.2969583704159358,0.9020329659285166,0.0,0.0,0.0,1.0,0.0,0.13393311981179282,0.3348327995294821,pacific_nations_cup,2025,south
empirical_event,pacific_nations_cup_2025,bad_passes,stable,low_history,5,3,0.736136956190449,1.7869284850544311,1.465778037991441,1.2190989622842647,1.4460741229666407,-2.7372786736645067,0.4,1.0,0.6,0.3090931628945062,0.6614990723096325,pacific_nations_cup,2025,south
empirical_event,pacific_nations_cup_2025,bad_passes,stable,south,184,7,0.4859451241311241,0.883375589173096,0.8464817069839785,1.0435849728171571,0.001961509278262076,1.0479373184343779,0.29347826086956524,1.0,0.44021739130434784,0.41820810683681076,3.0444863749252935,pacific_nations_cup,2025,south
empirical_event,pacific_nations_cup_2025,bad_passes,stable,position:Back-row,32,7,0.5003244737075678,1.010547884021095,0.9887483205081763,1.022047636451827,0.07746885684084301,0.9192331318449275,0.25,1.0,0.375,0.3236732150439391,1.0259874042076615,pacific_nations_cup,2025,south
empirical_event,pacific_nations_cup_2025,bad_passes,stable,position:Back-three,32,7,0.4775005382224272,0.8235674138532515,0.8998598859880125,0.915217387370263,0.07328634515365089,0.6669037729893935,0.3125,1.0,0.375,0.4524095785122324,0.8677449171370117,pacific_nations_cup,2025,south
empirical_event,pacific_nations_cup_2025,bad_passes,stable,position:Centre,16,7,0.7866224935395709,1.422893462270146,1.2357915826915657,1.1514024550734279,0.7051336953546385,-0.21587362020034404,0.375,1.0,0.5625,0.6607277685076377,1.1531839208426449,pacific_nations_cup,2025,south
empirical_event,pacific_nations_cup_2025,bad_passes,stable,position:Fly-half,16,7,0.647245443178103,0.8107873071725745,0.8691345775202981,0.9328673926261312,-0.20769057331580457,1.6929608634063984,0.5625,1.0,1.0,0.7133600069678019,0.9269514247884769,pacific_nations_cup,2025,south
empirical_event,pacific_nations_cup_2025,bad_passes,stable,position:Hooker,16,7,0.27284116876017767,0.5968883431495656,0.553063214495789,1.07924072240771,0.07599138890078108,0.23835910262433474,0.125,1.0,0.125,0.20560830511456854,0.42732372695076726,pacific_nations_cup,2025,south
empirical_event,pacific_nations_cup_2025,bad_passes,stable,position:Prop,32,7,0.2040831244160462,0.6560673291937147,0.49805102559221553,1.3172693067213492,0.2318953918300197,-1.1271700371217375,0.125,1.0,0.125,0.09483519638525903,0.6386771015870276,pacific_nations_cup,2025,south
empirical_event,pacific_nations_cup_2025,bad_passes,stable,position:Scrum-half,16,7,0.9734100074717844,1.3390178098619967,1.3898227636734024,0.9634450124581896,0.06978808085483318,1.108548987563964,0.5625,1.0,1.25,1.0646457056793517,1.0746516227496419,pacific_nations_cup,2025,south
empirical_event,pacific_nations_cup_2025,bad_passes,stable,position:Second-row,24,7,0.3629556945774723,0.6725780659334649,0.6089393518385924,1.1045074750099921,0.12263969583361954,0.45140235456925215,0.25,1.0,0.25,0.28214364164740174,0.48945420824431457,pacific_nations_cup,2025,south
empirical_event,pacific_nations_cup_2025,turnovers_conceded,stable,all,184,7,0.5558843998424385,0.9474365221337496,0.8972870485861276,1.0558901118952329,0.11757965040808843,0.6197990963579765,0.358695652173913,1.0,0.4782608695652174,0.5819324701770959,3.419250447186737,pacific_nations_cup,2025,south
empirical_event,pacific_nations_cup_2025,turnovers_conceded,stable,starter,120,7,0.6865652288058167,1.1119499507368853,1.032652346311626,1.0767902234556388,0.27053051460090793,0.4608802780747871,0.4583333333333333,1.0,0.6333333333333333,0.787195365026128,2.736204214553667,pacific_nations_cup,2025,south
empirical_event,pacific_nations_cup_2025,turnovers_conceded,stable,bench,64,7,0.3108578455361044,0.6389738435028707,0.6434771153508182,0.9930016596697578,0.04039121649087664,0.7465005209254009,0.171875,1.0,0.1875,0.1970645423351609,0.8070512668075133,pacific_nations_cup,2025,south
empirical_event,pacific_nations_cup_2025,turnovers_conceded,stable,zero_minute,10,3,0.16221898933025958,0.32443797866051916,0.4410818583717159,0.735550493638991,0.0,0.0,0.0,1.0,0.0,0.16221898933025958,0.4055474733256489,pacific_nations_cup,2025,south
empirical_event,pacific_nations_cup_2025,turnovers_conceded,stable,low_history,5,3,0.2941405434443839,0.6901227295283106,0.598250050376545,1.1535690286928348,0.1309466984267295,0.774396926828204,0.4,1.0,0.4,0.3474359107741636,0.47165481004796206,pacific_nations_cup,2025,south
empirical_event,pacific_nations_cup_2025,turnovers_conceded,stable,south,184,7,0.5558843998424385,0.9474365221337496,0.8972870485861276,1.0558901118952329,0.11757965040808843,0.6197990963579765,0.358695652173913,1.0,0.4782608695652174,0.5819324701770959,3.419250447186737,pacific_nations_cup,2025,south
empirical_event,pacific_nations_cup_2025,turnovers_conceded,stable,position:Back-row,32,7,0.6071993588483405,1.0635362059082971,0.9089526382460138,1.1700677913874367,0.5395238785657228,-0.0704550242070654,0.40625,1.0,0.5,0.5609802708968401,1.47070662621389,pacific_nations_cup,2025,south
empirical_event,pacific_nations_cup_2025,turnovers_conceded,stable,position:Back-three,32,7,0.7764339305101768,1.2987940294812774,1.1619375010343513,1.117783037663469,0.6297905490386527,0.09737630675049481,0.53125,1.0,0.71875,0.9135636165508527,1.5154833224988185,pacific_nations_cup,2025,south
empirical_event,pacific_nations_cup_2025,turnovers_conceded,stable,position:Centre,16,7,0.7732945742327131,1.3577327306956282,1.3223547379273568,1.0267537838021608,-0.12010912509657923,0.6142825439094693,0.3125,1.0,0.4375,0.9077404699599565,1.4945622848173348,pacific_nations_cup,2025,south
empirical_event,pacific_nations_cup_2025,turnovers_conceded,stable,position:Fly-half,16,7,0.5582453635014333,0.8039937514343471,0.8140833436069115,0.9876061925946538,-0.24553499939938936,1.4453314500568,0.375,1.0,0.625,0.6023082105943096,0.808202978295676,pacific_nations_cup,2025,south
empirical_event,pacific_nations_cup_2025,turnovers_conceded,stable,position:Hooker,16,7,0.31985637641651643,0.5167579148851791,0.5234328521796358,0.9872477677572941,-0.1190064107227402,0.8852105985900517,0.25,1.0,0.25,0.4168571990783745,0.5,pacific_nations_cup,2025,south
empirical_event,pacific_nations_cup_2025,turnovers_conceded,stable,position:Prop,32,7,0.29562722049813855,0.6061363133511217,0.567496725362238,1.0680877726020703,0.1689909029136292,-0.20154633478709696,0.125,1.0,0.125,0.218266945712999,0.4843699217173662,pacific_nations_cup,2025,south
empirical_event,pacific_nations_cup_2025,turnovers_conceded,stable,position:Scrum-half,16,7,0.58632616911659,0.9807874767546766,1.038720368647958,0.9442266719303009,0.16288394822627425,0.9855411874286546,0.5,1.0,0.75,0.5957295943212197,1.0835474807339387,pacific_nations_cup,2025,south
empirical_event,pacific_nations_cup_2025,turnovers_conceded,stable,position:Second-row,24,7,0.530951396804986,0.8662100221912653,0.8956240180622664,0.9671580984008893,-0.051559438776477,1.0553249460369434,0.375,1.0,0.5,0.5226441778409063,0.8180388021438113,pacific_nations_cup,2025,south
empirical_event,pacific_nations_cup_2025,penalties_conceded,stable,all,184,7,0.4789582317170788,0.8814732873885552,0.875406948405114,1.006929735929665,0.07827770656419947,0.8151622260583142,0.32608695652173914,1.0,0.41304347826086957,0.4106738033181655,2.4566712124484615,pacific_nations_cup,2025,south
empirical_event,pacific_nations_cup_2025,penalties_conceded,stable,starter,120,7,0.5759574270478338,1.0098629467374842,0.9788496375279527,1.0316834251355034,0.21752566361907547,0.617555285763482,0.425,1.0,0.5416666666666666,0.5248777081502207,2.5019128839517606,pacific_nations_cup,2025,south
empirical_event,pacific_nations_cup_2025,penalties_conceded,stable,bench,64,7,0.29708474047191336,0.6407426761093129,0.6814519062997916,0.9402610370385119,0.05455484639205247,0.5969231154589848,0.140625,1.0,0.171875,0.1965414817580619,0.7610761361260943,pacific_nations_cup,2025,south
empirical_event,pacific_nations_cup_2025,penalties_conceded,stable,zero_minute,10,3,0.26046771701614546,0.5371605715937533,0.6568091514826389,0.8178335676066655,0.11940176003808158,-0.09893076098129203,0.1,1.0,0.1,0.19611453349429417,0.2864367567894993,pacific_nations_cup,2025,south
empirical_event,pacific_nations_cup_2025,penalties_conceded,stable,low_history,5,3,0.11703861704230656,0.23407723408461312,0.3868444943416859,0.6050938749508507,0.0,0.0,0.0,1.0,0.0,0.11703861704230656,0.1950643617371776,pacific_nations_cup,2025,south
empirical_event,pacific_nations_cup_2025,penalties_conceded,stable,south,184,7,0.4789582317170788,0.8814732873885552,0.875406948405114,1.006929735929665,0.07827770656419947,0.8151622260583142,0.32608695652173914,1.0,0.41304347826086957,0.4106738033181655,2.4566712124484615,pacific_nations_cup,2025,south
empirical_event,pacific_nations_cup_2025,penalties_conceded,stable,position:Back-row,32,7,0.526677795856235,0.830822205760241,0.7759435318764434,1.0707250871092204,0.4117388482335135,0.6086764184285076,0.625,1.0,0.71875,0.5043914015251869,0.9053575134499208,pacific_nations_cup,2025,south
empirical_event,pacific_nations_cup_2025,penalties_conceded,stable,position:Back-three,32,7,0.41198748035372307,0.7212170606977204,0.7092314078730464,1.016899495272803,0.028636839425910405,0.7634898838870982,0.25,1.0,0.28125,0.33086641474275935,0.7870840086658302,pacific_nations_cup,2025,south
empirical_event,pacific_nations_cup_2025,penalties_conceded,stable,position:Centre,16,7,0.5549758773024396,0.9907155123284856,0.9546073983628355,1.0378250933604496,0.4618219444353068,-0.33075528898607337,0.25,1.0,0.3125,0.45145746540607595,0.9702309625275563,pacific_nations_cup,2025,south
empirical_event,pacific_nations_cup_2025,penalties_conceded,stable,position:Fly-half,16,7,0.2756887014995721,0.5277215292504651,0.5994928849116594,0.8802798874389136,0.04583886256672401,0.3661722894943129,0.125,1.0,0.125,0.21618549438188825,0.44615547334883743,pacific_nations_cup,2025,south
empirical_event,pacific_nations_cup_2025,penalties_conceded,stable,position:Hooker,16,7,0.42458214121275006,0.8275567118799678,0.7253489120678316,1.1409084622747434,0.22473984083532397,0.23569640159839808,0.3125,1.0,0.3125,0.3723440772515908,0.4548314314309847,pacific_nations_cup,2025,south
empirical_event,pacific_nations_cup_2025,penalties_conceded,stable,position:Prop,32,7,0.5903346903595179,1.0079803458885215,1.0507030405106812,0.9593389445209991,0.06855413218324372,0.7719621291396671,0.375,1.0,0.53125,0.5993763817564723,1.1665974582121519,pacific_nations_cup,2025,south
empirical_event,pacific_nations_cup_2025,penalties_conceded,stable,position:Scrum-half,16,7,0.4884464862880845,1.468435865907483,1.2772091741146696,1.1497222973874792,0.2573171741676102,0.5996347810506659,0.1875,1.0,0.375,0.19625750465339703,0.8819263601265857,pacific_nations_cup,2025,south
empirical_event,pacific_nations_cup_2025,penalties_conceded,stable,position:Second-row,24,7,0.47088435020307223,0.8016493072726779,0.9591770511209828,0.8357678140191078,-0.46390851300230423,2.038706712496396,0.25,1.0,0.375,0.4114905336114092,0.9202565204147926,pacific_nations_cup,2025,south
empirical_event,pacific_nations_cup_2025,yellow_cards,stable,all,184,7,0.03994779461760971,0.08380028848458959,0.09957413028872746,0.8415869487546648,-0.0039476999587471275,1.2485230806809755,0.021739130434782608,1.0,0.021739130434782608,0.02057377295702013,0.6155004055775362,pacific_nations_cup,2025,south
empirical_event,pacific_nations_cup_2025,yellow_cards,stable,starter,120,7,0.05561251963209605,0.12276968535976808,0.14494749194651543,0.8469942025976496,-0.0008895308590509465,1.321056066170496,0.03333333333333333,1.0,0.03333333333333333,0.02590568641919204,0.5808884254441178,pacific_nations_cup,2025,south
empirical_event,pacific_nations_cup_2025,yellow_cards,stable,bench,64,7,0.010576435215447804,0.010732669343629913,0.01449907718037493,0.7402312030007677,0.0,0.0,0.0,1.0,0.0,0.010576435215447804,0.08461148172358243,pacific_nations_cup,2025,south
empirical_event,pacific_nations_cup_2025,yellow_cards,stable,zero_minute,10,3,0.01405509508507959,0.014308200189966463,0.01483161399050241,0.9647095858298954,0.0,0.0,0.0,1.0,0.0,0.01405509508507959,0.03513773771269897,pacific_nations_cup,2025,south
empirical_event,pacific_nations_cup_2025,yellow_cards,stable,low_history,5,3,0.009799374778293079,0.009874525419916926,0.016847811298706217,0.5861013780867319,0.0,0.0,0.0,1.0,0.0,0.009799374778293079,0.016332291297155133,pacific_nations_cup,2025,south
empirical_event,pacific_nations_cup_2025,yellow_cards,stable,south,184,7,0.03994779461760971,0.08380028848458959,0.09957413028872746,0.8415869487546648,-0.0039476999587471275,1.2485230806809755,0.021739130434782608,1.0,0.021739130434782608,0.02057377295702013,0.6155004055775362,pacific_nations_cup,2025,south
empirical_event,pacific_nations_cup_2025,yellow_cards,stable,position:Back-row,32,7,0.09435182179353568,0.22167097959247078,0.23824163464623266,0.9304460151208759,-0.01890590087638132,2.1069400005675405,0.0625,1.0,0.0625,0.03863702851265495,0.3070072945381108,pacific_nations_cup,2025,south
empirical_event,pacific_nations_cup_2025,yellow_cards,stable,position:Back-three,32,7,0.02281060039840663,0.02364826033064162,0.03165777776920215,0.7469968518651842,0.0,0.0,0.0,1.0,0.0,0.02281060039840663,0.09124240159362651,pacific_nations_cup,2025,south
empirical_event,pacific_nations_cup_2025,yellow_cards,stable,position:Centre,16,7,0.009753637123747876,0.009877583259887943,0.016968315640854652,0.5821192550252698,0.0,0.0,0.0,1.0,0.0,0.009753637123747876,0.019507274247495755,pacific_nations_cup,2025,south
empirical_event,pacific_nations_cup_2025,yellow_cards,stable,position:Fly-half,16,7,0.0022201375547688538,0.002225398860056891,0.015475742409184761,0.14379916654183453,0.0,0.0,0.0,1.0,0.0,0.0022201375547688538,0.0044402751095377075,pacific_nations_cup,2025,south
empirical_event,pacific_nations_cup_2025,yellow_cards,stable,position:Hooker,16,7,0.015174126313098415,0.015340887245125058,0.023702019514589015,0.6472396681507443,0.0,0.0,0.0,1.0,0.0,0.015174126313098415,0.030348252626196826,pacific_nations_cup,2025,south
empirical_event,pacific_nations_cup_2025,yellow_cards,stable,position:Prop,32,7,0.04892619566376629,0.11292309785568586,0.13726609289685698,0.822658352638749,-0.014096021691559397,2.1762503559202484,0.03125,1.0,0.03125,0.020836767042082517,0.18807472515858087,pacific_nations_cup,2025,south
empirical_event,pacific_nations_cup_2025,yellow_cards,stable,position:Scrum-half,16,7,0.020521770895889784,0.021174556332328523,0.015473743485633976,1.3684184665454262,0.0,0.0,0.0,1.0,0.0,0.020521770895889784,0.04104354179177957,pacific_nations_cup,2025,south
empirical_event,pacific_nations_cup_2025,yellow_cards,stable,position:Second-row,24,7,0.05303515366905964,0.1324001442118568,0.17276777776367994,0.7663474400472992,-0.02454705502795895,4.077212129258227,0.041666666666666664,1.0,0.041666666666666664,0.016239950141292255,0.15075182619419586,pacific_nations_cup,2025,south
empirical_event,pacific_nations_cup_2025,red_cards,stable,all,184,7,0.008291410887700213,0.031830629502716826,0.035197554103126624,0.9043420860851603,0.00502318093008284,0.1414487347039928,0.005434782608695652,1.0,0.005434782608695652,0.002909900038866823,0.18540930646569737,pacific_nations_cup,2025,south
empirical_event,pacific_nations_cup_2025,red_cards,stable,starter,120,7,0.012538848273076553,0.048632202595692835,0.05319165229789943,0.9142826081680743,0.008136975391283125,0.04580099358300466,0.008333333333333333,1.0,0.008333333333333333,0.0042871983048653585,0.1836735503830436,pacific_nations_cup,2025,south
empirical_event,pacific_nations_cup_2025,red_cards,stable,bench,64,7,0.00032746579011957164,0.0003276799533868217,0.001458619987927604,0.22465066713667267,0.0,0.0,0.0,1.0,0.0,0.00032746579011957164,0.002619726320956573,pacific_nations_cup,2025,south
empirical_event,pacific_nations_cup_2025,red_cards,stable,zero_minute,10,3,0.00020482959812774927,0.0002048700748899683,0.0015316205779703574,0.1337603306175567,0.0,0.0,0.0,1.0,0.0,0.00020482959812774927,0.0005120739953193732,pacific_nations_cup,2025,south
empirical_event,pacific_nations_cup_2025,red_cards,stable,low_history,5,3,0.0007450180684386071,0.0007455958049960507,0.0017552755427187945,0.4247742231064057,0.0,0.0,0.0,1.0,0.0,0.0007450180684386071,0.0012416967807310118,pacific_nations_cup,2025,south
empirical_event,pacific_nations_cup_2025,red_cards,stable,south,184,7,0.008291410887700213,0.031830629502716826,0.035197554103126624,0.9043420860851603,0.00502318093008284,0.1414487347039928,0.005434782608695652,1.0,0.005434782608695652,0.002909900038866823,0.18540930646569737,pacific_nations_cup,2025,south
empirical_event,pacific_nations_cup_2025,red_cards,stable,position:Back-row,32,7,0.004886679280145667,0.004954421102359964,0.005134350199314756,0.9649558191455647,0.0,0.0,0.0,1.0,0.0,0.004886679280145667,0.019546717120582664,pacific_nations_cup,2025,south
empirical_event,pacific_nations_cup_2025,red_cards,stable,position:Back-three,32,7,0.004378574961906488,0.0044700332803158885,0.0032999569919580415,1.3545731932898852,0.0,0.0,0.0,1.0,0.0,0.004378574961906488,0.017514299847625953,pacific_nations_cup,2025,south
empirical_event,pacific_nations_cup_2025,red_cards,stable,position:Centre,16,7,0.00036110463445484424,0.00036117526188176046,0.004398834072483513,0.08210704380532512,0.0,0.0,0.0,1.0,0.0,0.00036110463445484424,0.0007222092689096884,pacific_nations_cup,2025,south
empirical_event,pacific_nations_cup_2025,red_cards,stable,position:Fly-half,16,7,0.00010159766780842153,0.00010160429576768228,0.0022010807003213003,0.04616109520784527,0.0,0.0,0.0,1.0,0.0,0.00010159766780842153,0.00020319533561684305,pacific_nations_cup,2025,south
empirical_event,pacific_nations_cup_2025,red_cards,stable,position:Hooker,16,7,0.003203696166729788,0.003224008341924601,0.0007283822482345514,4.426258808117487,0.0,0.0,0.0,1.0,0.0,0.003203696166729788,0.006407392333459576,pacific_nations_cup,2025,south
empirical_event,pacific_nations_cup_2025,red_cards,stable,position:Prop,32,7,0.03170842424583388,0.1668099006907617,0.18478390165913788,0.9027296165575508,-0.016413739516793164,62.326980292994584,0.03125,1.0,0.03125,0.0007647368650419034,0.12668009414285444,pacific_nations_cup,2025,south
empirical_event,pacific_nations_cup_2025,red_cards,stable,position:Scrum-half,16,7,0.0002352277947968997,0.00023529641041591796,0.0014619955954939881,0.16094194205586135,0.0,0.0,0.0,1.0,0.0,0.0002352277947968997,0.0004704555895937994,pacific_nations_cup,2025,south
empirical_event,pacific_nations_cup_2025,red_cards,stable,position:Second-row,24,7,0.006334827979326936,0.006440963216252316,0.006363441245734308,1.0121823974677182,0.0,0.0,0.0,1.0,0.0,0.006334827979326936,0.019004483937980807,pacific_nations_cup,2025,south
empirical_event,pacific_nations_cup_2025,metres,stable,all,184,7,13.501131217874262,1.2330035093562386,1.3385485126625027,0.921149661511838,5.5909000401803635,0.6917937873263794,0.842391304347826,1.0,20.125,21.00929529302439,98.93274057689692,pacific_nations_cup,2025,south
empirical_event,pacific_nations_cup_2025,metres,stable,starter,120,7,17.347979837520317,1.185542696345056,1.1672121806774982,1.015704527395283,10.831499634502965,0.5540591192928239,0.95,1.0,26.825,28.866053835392897,87.91565320614932,pacific_nations_cup,2025,south
empirical_event,pacific_nations_cup_2025,metres,stable,bench,64,7,6.288290056037907,1.3219925337522056,1.659804135134387,0.7964750212200006,-7.60308470916381,2.4157202043038324,0.640625,1.0,7.5625,6.27787302608344,22.576952716357987,pacific_nations_cup,2025,south
empirical_event,pacific_nations_cup_2025,metres,stable,zero_minute,10,3,3.3355697122992707,1.4960860152107718,2.065521030605303,0.7243141043073003,-3.0555849825611716,1.3405938013419039,0.4,1.0,3.3,4.740873019254137,7.9554617047669485,pacific_nations_cup,2025,south
empirical_event,pacific_nations_cup_2025,metres,stable,low_history,5,3,25.886598894516045,1.3026542368894058,2.138223929682254,0.6092225509247686,16.682108276311574,1.3024208864307947,0.8,1.0,46.6,22.970985827535834,42.10776800590663,pacific_nations_cup,2025,south
empirical_event,pacific_nations_cup_2025,metres,stable,south,184,7,13.501131217874262,1.2330035093562386,1.3385485126625027,0.921149661511838,5.5909000401803635,0.6917937873263794,0.842391304347826,1.0,20.125,21.00929529302439,98.93274057689692,pacific_nations_cup,2025,south
empirical_event,pacific_nations_cup_2025,metres,stable,position:Back-row,32,7,14.222863497838862,0.7417800838169866,0.7024840669160906,1.055938659325621,7.222105380115202,0.7016139120645963,1.0,1.0,26.0625,26.852937628394983,32.1700024530159,pacific_nations_cup,2025,south
empirical_event,pacific_nations_cup_2025,metres,stable,position:Back-three,32,7,25.833566559833386,1.2861006925950789,1.526570876860951,0.84247689517021,23.142934070633018,0.4876291381021649,0.9375,1.0,43.5625,41.87519640200174,62.23530436963074,pacific_nations_cup,2025,south
empirical_event,pacific_nations_cup_2025,metres,stable,position:Centre,16,7,21.180544093967335,1.6904667828141093,1.0372887635712005,1.629697382428142,34.028514146904335,-0.3433191450551133,0.9375,1.0,22.625,33.215491507395335,30.800665684334774,pacific_nations_cup,2025,south
empirical_event,pacific_nations_cup_2025,metres,stable,position:Fly-half,16,7,7.961137611689973,1.4156166971926323,2.03939494393763,0.6941356314532108,0.2410799880924378,0.5446667644659433,0.6875,1.0,9.1875,16.425492788567155,15.304914217098357,pacific_nations_cup,2025,south
empirical_event,pacific_nations_cup_2025,metres,stable,position:Hooker,16,7,8.840847053364413,1.6751735035820716,1.7249009109047473,0.9711708614632288,1.6428843966569013,0.7987233329458816,0.6875,1.0,12.25,13.280087316620058,16.37881355924966,pacific_nations_cup,2025,south
empirical_event,pacific_nations_cup_2025,metres,stable,position:Prop,32,7,5.2412645601471315,0.7689354337888367,1.0756310942476222,0.7148691014057086,-5.021485924117119,2.179230939017941,0.75,1.0,7.8125,5.88922710958788,12.564970236507005,pacific_nations_cup,2025,south
empirical_event,pacific_nations_cup_2025,metres,stable,position:Scrum-half,16,7,14.69576374045382,2.3755144634668626,2.706070587523387,0.877846451759024,5.694124847628456,0.8447070788142691,0.6875,1.0,15.6875,11.830580568117675,25.232809551948577,pacific_nations_cup,2025,south
empirical_event,pacific_nations_cup_2025,metres,stable,position:Second-row,24,7,7.992884846959808,0.9527576600928412,0.8508537424216613,1.1197666679835545,-4.662419939605091,1.3510457129320925,0.875,1.0,11.208333333333334,11.747014272740705,12.172165466070894,pacific_nations_cup,2025,south
empirical_event,pacific_nations_cup_2025,dominant_tackles,extended,all,184,7,0.1428875819845831,0.27877085849387057,0.44711743604436593,0.623484650833901,-0.09074900657203933,1.1847099536581995,0.059782608695652176,1.0,0.059782608695652176,0.12706199927068512,1.6742149472460013,pacific_nations_cup,2025,south
empirical_event,pacific_nations_cup_2025,dominant_tackles,extended,starter,120,7,0.1868011357478899,0.34378368375322144,0.5544243199335637,0.6200732388406354,-0.17064609360414945,1.4933003880679347,0.08333333333333333,1.0,0.08333333333333333,0.1700792613240308,1.3465202442428605,pacific_nations_cup,2025,south
empirical_event,pacific_nations_cup_2025,dominant_tackles,extended,bench,64,7,0.060549668678382816,0.15687181113258786,0.24591702875212001,0.6379054428585824,0.014860026476800866,0.016484852374697316,0.015625,1.0,0.015625,0.046404632920661985,0.40971806905814223,pacific_nations_cup,2025,south
empirical_event,pacific_nations_cup_2025,dominant_tackles,extended,zero_minute,10,3,0.048777440821639116,0.09755488164327823,0.21720678893887796,0.4491336671374954,0.0,0.0,0.0,1.0,0.0,0.048777440821639116,0.1219436020540978,pacific_nations_cup,2025,south
empirical_event,pacific_nations_cup_2025,dominant_tackles,extended,low_history,5,3,0.05082953544431127,0.10165907088862254,0.22210476188050338,0.45770775028820443,0.0,0.0,0.0,1.0,0.0,0.05082953544431127,0.08471589240718545,pacific_nations_cup,2025,south
empirical_event,pacific_nations_cup_2025,dominant_tackles,extended,south,184,7,0.1428875819845831,0.27877085849387057,0.44711743604436593,0.623484650833901,-0.09074900657203933,1.1847099536581995,0.059782608695652176,1.0,0.059782608695652176,0.12706199927068512,1.6742149472460013,pacific_nations_cup,2025,south
empirical_event,pacific_nations_cup_2025,dominant_tackles,extended,position:Back-row,32,7,0.25254160032046946,0.40598624081873713,0.6721654869963601,0.6039974510338636,-0.25694607706774986,2.104378880774637,0.21875,1.0,0.21875,0.22605058500332537,0.5668129970277807,pacific_nations_cup,2025,south
empirical_event,pacific_nations_cup_2025,dominant_tackles,extended,position:Back-three,32,7,0.11588383400909541,0.2515290168470321,0.4111625132296926,0.6117508497340015,0.011627681899582623,0.2119358825405285,0.03125,1.0,0.03125,0.09258610606755095,0.4314932291967939,pacific_nations_cup,2025,south
empirical_event,pacific_nations_cup_2025,dominant_tackles,extended,position:Centre,16,7,0.16137278207167943,0.32274556414335887,0.5870722433460076,0.5497544259695815,0.0,0.0,0.0,1.0,0.0,0.16137278207167943,0.32274556414335887,pacific_nations_cup,2025,south
empirical_event,pacific_nations_cup_2025,dominant_tackles,extended,position:Fly-half,16,7,0.042364411370300226,0.08472882274060045,0.16123429416112342,0.5255012476187596,0.0,0.0,0.0,1.0,0.0,0.042364411370300226,0.08472882274060045,pacific_nations_cup,2025,south
empirical_event,pacific_nations_cup_2025,dominant_tackles,extended,position:Hooker,16,7,0.11583237606036384,0.23166475212072768,0.39534556070611115,0.585980405868123,0.0,0.0,0.0,1.0,0.0,0.11583237606036384,0.23166475212072768,pacific_nations_cup,2025,south
empirical_event,pacific_nations_cup_2025,dominant_tackles,extended,position:Prop,32,7,0.09576965548904551,0.19153931097809102,0.3269038597659991,0.5859193926777024,0.0,0.0,0.0,1.0,0.0,0.09576965548904551,0.38307862195618203,pacific_nations_cup,2025,south
empirical_event,pacific_nations_cup_2025,dominant_tackles,extended,position:Scrum-half,16,7,0.04153788016085559,0.08307576032171118,0.19761041936608903,0.4204017206593076,0.0,0.0,0.0,1.0,0.0,0.04153788016085559,0.0830757603217112,pacific_nations_cup,2025,south
empirical_event,pacific_nations_cup_2025,dominant_tackles,extended,position:Second-row,24,7,0.23580637568152385,0.5236938907102623,0.6534161846311822,0.8014706446334183,-0.019973335025641113,0.8015692395742425,0.125,1.0,0.125,0.1808618992198908,0.4383193362685306,pacific_nations_cup,2025,south
empirical_event,pacific_nations_cup_2025,tackle_turnover,extended,all,184,7,0.1892860405503332,0.5679238826070714,0.5594416876996469,1.015161892819075,0.062870010914878,0.7924417401839093,0.125,1.0,0.13043478260869565,0.08526150033204626,1.4628374557416182,pacific_nations_cup,2025,south
empirical_event,pacific_nations_cup_2025,tackle_turnover,extended,starter,120,7,0.2255243168832301,0.6222661925583088,0.621734580484968,1.000855046654999,0.07453862009198615,0.6821808444406854,0.14166666666666666,1.0,0.15,0.11061785232313888,1.038653812816857,pacific_nations_cup,2025,south
empirical_event,pacific_nations_cup_2025,tackle_turnover,extended,bench,64,7,0.12133927242615146,0.466032051448501,0.4426425137271697,1.052840694230622,0.02327176718586433,1.868540136243716,0.09375,1.0,0.09375,0.03771834034874759,0.6899184224458279,pacific_nations_cup,2025,south
empirical_event,pacific_nations_cup_2025,tackle_turnover,extended,zero_minute,10,3,0.044331110961284635,0.08866222192256927,0.08604728093272204,1.0303895830466947,0.0,0.0,0.0,1.0,0.0,0.044331110961284635,0.11082777740321159,pacific_nations_cup,2025,south
empirical_event,pacific_nations_cup_2025,tackle_turnover,extended,low_history,5,3,0.237130124637909,0.9211217936212354,0.818867014665417,1.1248734863225611,0.2228149113799912,-0.4026611942970078,0.2,1.0,0.2,0.05666031816108582,0.38334470355370426,pacific_nations_cup,2025,south
empirical_event,pacific_nations_cup_2025,tackle_turnover,extended,south,184,7,0.1892860405503332,0.5679238826070714,0.5594416876996469,1.015161892819075,0.062870010914878,0.7924417401839093,0.125,1.0,0.13043478260869565,0.08526150033204626,1.4628374557416182,pacific_nations_cup,2025,south
empirical_event,pacific_nations_cup_2025,tackle_turnover,extended,position:Back-row,32,7,0.20146906121241956,0.5538760118085417,0.5719378388625243,0.9684199473671753,0.02024442632529747,0.5991761451224,0.0625,1.0,0.09375,0.12267773721146186,0.6219516278316454,pacific_nations_cup,2025,south
empirical_event,pacific_nations_cup_2025,tackle_turnover,extended,position:Back-three,32,7,0.2804443180461219,0.7284017079117523,0.7998766125920785,0.9106425871751584,0.016706922651416607,2.325719592565738,0.25,1.0,0.25,0.1003100623541697,0.7828994235005663,pacific_nations_cup,2025,south
empirical_event,pacific_nations_cup_2025,tackle_turnover,extended,position:Centre,16,7,0.12715688019257176,0.25431376038514353,0.31950207468879666,0.7959690422444103,0.0,0.0,0.0,1.0,0.0,0.12715688019257176,0.25431376038514353,pacific_nations_cup,2025,south
empirical_event,pacific_nations_cup_2025,tackle_turnover,extended,position:Fly-half,16,7,0.09518328693550654,0.3768908144503594,0.29871872978253744,1.2616912730069856,0.07059134295979544,-0.2202155079250409,0.0625,1.0,0.0625,0.03674283903088996,0.18865352072600655,pacific_nations_cup,2025,south
empirical_event,pacific_nations_cup_2025,tackle_turnover,extended,position:Hooker,16,7,0.34081928892821767,1.2087534842538559,1.101630176437707,1.097240716628287,0.3502452181642084,-0.5150719139800632,0.3125,1.0,0.3125,0.07328145282188578,0.6113393766478076,pacific_nations_cup,2025,south
empirical_event,pacific_nations_cup_2025,tackle_turnover,extended,position:Prop,32,7,0.09337572307030549,0.39694032374266186,0.302920977724948,1.3103758172307345,0.08060644005839807,-0.5197671801398772,0.0625,1.0,0.0625,0.034835674029140076,0.32464150483494636,pacific_nations_cup,2025,south
empirical_event,pacific_nations_cup_2025,tackle_turnover,extended,position:Scrum-half,16,7,0.1253721075781454,0.49904986494830306,0.400748018107604,1.2452959026594717,0.1597468802583228,-1.4895947566005585,0.0625,1.0,0.0625,0.06528411826599897,0.2241214089443816,pacific_nations_cup,2025,south
empirical_event,pacific_nations_cup_2025,tackle_turnover,extended,position:Second-row,24,7,0.22511979869113094,0.5557870926784975,0.6423397007801279,0.8652541513524519,0.04913186395060997,1.085638020622756,0.16666666666666666,1.0,0.16666666666666666,0.10826334421176143,0.5550721697088569,pacific_nations_cup,2025,south
empirical_event,pacific_nations_cup_2025,tackle_try_saver,extended,all,184,7,0.022624206423068872,0.09557054964834935,0.09406606024456447,1.015993966366544,0.0061054395311263285,0.38960553494156236,0.010869565217391304,1.0,0.010869565217391304,0.012228074960432872,0.3506005010384503,pacific_nations_cup,2025,south
empirical_event,pacific_nations_cup_2025,tackle_try_saver,extended,starter,120,7,0.03218816161142808,0.1415369329862473,0.13123952824633955,1.0784626771941705,0.012431332716395028,0.2606772154101484,0.016666666666666666,1.0,0.016666666666666666,0.016247426702052887,0.33377999743800185,pacific_nations_cup,2025,south
empirical_event,pacific_nations_cup_2025,tackle_try_saver,extended,bench,64,7,0.004691790444895356,0.009383580889790712,0.024365807741236208,0.38511265415224166,0.0,0.0,0.0,1.0,0.0,0.004691790444895356,0.03753432355916284,pacific_nations_cup,2025,south
empirical_event,pacific_nations_cup_2025,tackle_try_saver,extended,zero_minute,10,3,0.0029586239563985472,0.0059172479127970945,0.024466744798695005,0.24184859741181042,0.0,0.0,0.0,1.0,0.0,0.0029586239563985472,0.007396559890996368,pacific_nations_cup,2025,south
empirical_event,pacific_nations_cup_2025,tackle_try_saver,extended,low_history,5,3,0.010313212510069641,0.020626425020139283,0.034295428776300874,0.6014336532917978,0.0,0.0,0.0,1.0,0.0,0.010313212510069641,0.017188687516782732,pacific_nations_cup,2025,south
empirical_event,pacific_nations_cup_2025,tackle_try_saver,extended,south,184,7,0.022624206423068872,0.09557054964834935,0.09406606024456447,1.015993966366544,0.0061054395311263285,0.38960553494156236,0.010869565217391304,1.0,0.010869565217391304,0.012228074960432872,0.3506005010384503,pacific_nations_cup,2025,south
empirical_event,pacific_nations_cup_2025,tackle_try_saver,extended,position:Back-row,32,7,0.04789704969678739,0.17919062605972486,0.20805258330470863,0.8612756602848172,-0.0045009733642190465,1.8764300117269903,0.03125,1.0,0.03125,0.01905265485032149,0.17938722355934297,pacific_nations_cup,2025,south
empirical_event,pacific_nations_cup_2025,tackle_try_saver,extended,position:Back-three,32,7,0.013747269007749316,0.027494538015498633,0.03942630760744195,0.6973652792763397,0.0,0.0,0.0,1.0,0.0,0.013747269007749316,0.05498907603099727,pacific_nations_cup,2025,south
empirical_event,pacific_nations_cup_2025,tackle_try_saver,extended,position:Centre,16,7,0.02715089734064946,0.05430179468129892,0.035269709543568464,1.5396155903756517,0.0,0.0,0.0,1.0,0.0,0.02715089734064946,0.05430179468129892,pacific_nations_cup,2025,south
empirical_event,pacific_nations_cup_2025,tackle_try_saver,extended,position:Fly-half,16,7,0.0037634479485555844,0.007526895897111169,0.031150596367987674,0.24162927117653143,0.0,0.0,0.0,1.0,0.0,0.0037634479485555844,0.00752689589711117,pacific_nations_cup,2025,south
empirical_event,pacific_nations_cup_2025,tackle_try_saver,extended,position:Hooker,16,7,0.003961191618045233,0.007922383236090466,0.029054376880463837,0.2726743467493697,0.0,0.0,0.0,1.0,0.0,0.003961191618045233,0.007922383236090466,pacific_nations_cup,2025,south
empirical_event,pacific_nations_cup_2025,tackle_try_saver,extended,position:Prop,32,7,0.005018800907064618,0.010037601814129236,0.023858921161825725,0.4207064412530689,0.0,0.0,0.0,1.0,0.0,0.005018800907064618,0.020075203628258473,pacific_nations_cup,2025,south
empirical_event,pacific_nations_cup_2025,tackle_try_saver,extended,position:Scrum-half,16,7,0.017733704873549958,0.035467409747099915,0.04564315352697096,0.777058704459189,0.0,0.0,0.0,1.0,0.0,0.017733704873549958,0.035467409747099915,pacific_nations_cup,2025,south
empirical_event,pacific_nations_cup_2025,tackle_try_saver,extended,position:Second-row,24,7,0.04949526190752607,0.37359820374380776,0.2653108215636986,1.408152903608986,0.04750956089014705,-0.7081626072924913,0.041666666666666664,1.0,0.041666666666666664,0.008250780489271317,0.1466479741013,pacific_nations_cup,2025,south
