engine,fold,target,tier,cohort,n,fixtures,mae,loss,naive_loss,relative_loss,calibration_intercept,calibration_slope,actual_positive_rate,predicted_positive_rate,actual_mean,predicted_mean,team_total_mae,tournament,calendar_year,fold_hemisphere
empirical_event,autumn_internationals_2022,minutes,minutes,all,971,22,10.051511449018168,10.051511449018168,10.292444275280038,0.9765912916487163,1.7046584932434805,0.93943807981859,0.976313079299691,0.9979402677651905,51.46755921730175,52.970921440259026,37.457325702320226,autumn_internationals,2022,mixed
empirical_event,autumn_internationals_2022,minutes,minutes,starter,630,22,9.581722259759822,9.581722259759822,10.371460963549199,0.9238546327691984,12.829903722751135,0.7916697376473061,1.0,1.0,67.9015873015873,69.56396204116491,40.086168960895385,autumn_internationals,2022,mixed
empirical_event,autumn_internationals_2022,minutes,minutes,bench,341,22,10.919450420375233,10.919450420375233,10.146460364401529,1.076183223332317,15.671199418233327,0.2435283050453397,0.9325513196480938,0.9941348973607038,21.10557184750733,22.315157280227623,36.40590463803948,autumn_internationals,2022,mixed
empirical_event,autumn_internationals_2022,minutes,minutes,zero_minute,23,11,22.478436867720248,22.478436867720248,18.350601274398265,1.2249427978733813,0.0,0.0,0.0,1.0,0.0,22.478436867720248,34.466936530504384,autumn_internationals,2022,mixed
empirical_event,autumn_internationals_2022,minutes,minutes,low_history,77,21,12.087772826468415,12.087772826468415,12.169346594446376,0.9932967832459314,-0.6939513664617855,0.9738429624704569,0.9090909090909091,1.0,35.83116883116883,37.50617050717627,16.504795332160693,autumn_internationals,2022,mixed
empirical_event,autumn_internationals_2022,minutes,minutes,north,486,21,10.831219557489751,10.831219557489751,10.711991512765216,1.0111303341290416,2.63603099636,0.9184728024979063,0.9732510288065843,0.9958847736625515,51.64609053497942,53.36038193545867,43.458008287921636,autumn_internationals,2022,mixed
empirical_event,autumn_internationals_2022,minutes,minutes,south,485,20,9.270195694962107,9.270195694962107,9.872031991944375,0.9390362290688108,0.8400226314053177,0.9594523755483035,0.979381443298969,1.0,51.28865979381443,52.580657933729064,31.45664311671881,autumn_internationals,2022,mixed
empirical_event,autumn_internationals_2022,minutes,minutes,position:Back-row,170,22,9.643635524899329,9.643635524899329,11.063357330127324,0.8716735107739979,2.921633936609224,0.9446038929320949,0.9823529411764705,1.0,58.51764705882353,58.856430233038424,11.85568707437328,autumn_internationals,2022,mixed
empirical_event,autumn_internationals_2022,minutes,minutes,position:Back-three,169,22,7.886867711407118,7.886867711407118,8.363570558092414,0.9430024720453816,3.2263641463599564,0.9489369566085764,0.9881656804733728,0.9940828402366864,62.082840236686394,62.02358932323036,15.355024299232912,autumn_internationals,2022,mixed
empirical_event,autumn_internationals_2022,minutes,minutes,position:Centre,84,22,12.29897821128309,12.29897821128309,12.465275858892884,0.9866591281659318,64.45716054035562,0.06889340174615274,1.0,1.0,69.5952380952381,74.58011107964222,17.551916601688102,autumn_internationals,2022,mixed
empirical_event,autumn_internationals_2022,minutes,minutes,position:Fly-half,85,22,11.014225861165764,11.014225861165764,10.921116504427037,1.0085256261757656,0.23855383667054708,0.9261769811421061,0.9294117647058824,0.9882352941176471,42.45882352941177,45.585531223932726,13.640314736425792,autumn_internationals,2022,mixed
empirical_event,autumn_internationals_2022,minutes,minutes,position:Hooker,85,22,9.603828204595594,9.603828204595594,10.509928665398263,0.9137862406444475,-5.516149283563787,1.0884991565362607,0.9647058823529412,1.0,39.705882352941174,41.545307008236094,6.255710123259661,autumn_internationals,2022,mixed
empirical_event,autumn_internationals_2022,minutes,minutes,position:Prop,168,22,9.34104385635082,9.34104385635082,8.5751514585794,1.0893153201399315,2.5091307759837846,0.8995032339418882,0.9880952380952381,1.0,39.07142857142857,40.64721105583804,13.124118957337782,autumn_internationals,2022,mixed
empirical_event,autumn_internationals_2022,minutes,minutes,position:Scrum-half,84,22,12.29800557158764,12.29800557158764,10.750699032174573,1.1439261330618877,6.3593924792564405,0.8104182200464679,0.9404761904761905,1.0,41.0,42.7441124395714,10.586969864414883,autumn_internationals,2022,mixed
empirical_event,autumn_internationals_2022,minutes,minutes,position:Second-row,126,22,11.1090661374457,11.1090661374457,11.804309885170614,0.9411025502983171,2.7035058590068584,0.9269750446574726,0.9841269841269841,1.0,53.15079365079365,54.42140873428539,10.536447745606337,autumn_internationals,2022,mixed
empirical_event,autumn_internationals_2022,tries,stable,all,966,22,0.21297813292974183,0.5471493607092,0.5454667572307144,1.0030847039827469,0.020414857517103462,0.8444466064724687,0.11387163561076605,0.9979296066252588,0.13354037267080746,0.133964082852161,1.2787881048896255,autumn_internationals,2022,mixed
empirical_event,autumn_internationals_2022,tries,stable,starter,627,22,0.2660435102797898,0.6156600952492916,0.6271817696685653,0.9816294494252242,0.01540159633470036,0.8784337771289448,0.14035087719298245,1.0,0.16905901116427433,0.17492202466506324,1.3118505028473575,autumn_internationals,2022,mixed
empirical_event,autumn_internationals_2022,tries,stable,bench,339,22,0.11483066508761787,0.4204348162943402,0.3943301413058393,1.0662000497909043,0.04211428188958629,0.4420601240412842,0.06489675516224189,0.9941002949852508,0.06784660766961652,0.05821001348139488,0.6212664059573559,autumn_internationals,2022,mixed
empirical_event,autumn_internationals_2022,tries,stable,zero_minute,21,11,0.08880489375368342,0.17760978750736683,0.14012126511149176,1.2675434193806785,0.0,0.0,0.0,1.0,0.0,0.08880489375368342,0.1332073406305251,autumn_internationals,2022,mixed
empirical_event,autumn_internationals_2022,tries,stable,low_history,77,21,0.13421120376312948,0.33954019743679403,0.33665810066061597,1.0085609013135957,-0.01825280358573535,1.4415887026398913,0.09090909090909091,1.0,0.09090909090909091,0.07572332822456572,0.21894797250628975,autumn_internationals,2022,mixed
empirical_event,autumn_internationals_2022,tries,stable,north,483,21,0.2170113451195979,0.5590512724171521,0.5413548205998261,1.0326891922708257,0.013841392993221128,0.8601178115800215,0.10559006211180125,0.9958592132505176,0.13250517598343686,0.1379622435352575,1.4172523718610694,autumn_internationals,2022,mixed
empirical_event,autumn_internationals_2022,tries,stable,south,483,20,0.2089449207398858,0.5352474490012478,0.5495786938616024,0.9739232160554543,0.02669414373374315,0.8300747136168415,0.12215320910973085,1.0,0.13457556935817805,0.12996592216906452,1.1403238379181815,autumn_internationals,2022,mixed
empirical_event,autumn_internationals_2022,tries,stable,position:Back-row,168,22,0.2017453347315956,0.48634995795182556,0.5359099644324887,0.9075217671439537,0.005870309416399525,1.0051005186773583,0.10714285714285714,1.0,0.125,0.11852515083801443,0.5687567745891224,autumn_internationals,2022,mixed
empirical_event,autumn_internationals_2022,tries,stable,position:Back-three,168,22,0.38382066525373065,0.7726379510827321,0.7996603074229702,0.9662077058353418,-0.014656593665656248,1.0680805739316117,0.23214285714285715,0.9940476190476191,0.2857142857142857,0.28122492507683633,0.7531973363672991,autumn_internationals,2022,mixed
empirical_event,autumn_internationals_2022,tries,stable,position:Centre,84,22,0.27644875930320195,0.7005807810041014,0.6626963859393923,1.0571670464310845,0.11824912811399368,0.1445077115723185,0.10714285714285714,1.0,0.14285714285714285,0.17028859204399044,0.48122749865985187,autumn_internationals,2022,mixed
empirical_event,autumn_internationals_2022,tries,stable,position:Fly-half,84,22,0.17920734178911238,0.5224167372969767,0.5423584128435154,0.9632315548642695,0.026678245049334207,1.0726896417374756,0.10714285714285714,0.9880952380952381,0.11904761904761904,0.08611006427606657,0.32539064420001745,autumn_internationals,2022,mixed
empirical_event,autumn_internationals_2022,tries,stable,position:Hooker,84,22,0.2721681783482157,0.5532152733664658,0.5997504365393199,0.9224091216317052,-0.023737313731532875,0.8146161928617851,0.13095238095238096,1.0,0.14285714285714285,0.20450668431156724,0.4997474698983081,autumn_internationals,2022,mixed
empirical_event,autumn_internationals_2022,tries,stable,position:Prop,168,22,0.09775477598289019,0.4286196155659469,0.38470050877238904,1.1141644104753263,0.050532770740117916,0.20045913482034475,0.05357142857142857,1.0,0.05952380952380952,0.04485222782064558,0.32527540495496277,autumn_internationals,2022,mixed
empirical_event,autumn_internationals_2022,tries,stable,position:Scrum-half,84,22,0.19888509594276688,0.5692444702111271,0.4878810238575669,1.1667690325609255,0.14183145395508914,-0.3883298138005797,0.08333333333333333,1.0,0.09523809523809523,0.11998398541946896,0.36637488664806533,autumn_internationals,2022,mixed
empirical_event,autumn_internationals_2022,tries,stable,position:Second-row,126,22,0.10393173424820103,0.3810302247174129,0.35975992514514904,1.0591235935010885,0.05698061469637298,0.13855518310330742,0.06349206349206349,1.0,0.06349206349206349,0.04699534618517703,0.276629460199451,autumn_internationals,2022,mixed
empirical_event,autumn_internationals_2022,try_assists,stable,all,966,22,0.14502097407368428,0.4177518229330392,0.3943514225816043,1.0593389525470587,0.025440048726727733,0.7546793791478917,0.07971014492753623,0.9979296066252588,0.09006211180124224,0.08562849981071335,1.1479635289771082,autumn_internationals,2022,mixed
empirical_event,autumn_internationals_2022,try_assists,stable,starter,627,22,0.1836684545810315,0.520814500596556,0.4855392895232612,1.0726516099406305,0.03575538825525701,0.7088765532047429,0.10047846889952153,1.0,0.11483253588516747,0.11155277639302998,1.1791215212534414,autumn_internationals,2022,mixed
empirical_event,autumn_internationals_2022,try_assists,stable,bench,339,22,0.07354023579018364,0.22713147221025157,0.22569421735323028,1.0063681510048255,0.004712606577273598,1.0492335210648989,0.04129793510324484,0.9941002949852508,0.04424778761061947,0.03768005905226934,0.41307242439111636,autumn_internationals,2022,mixed
empirical_event,autumn_internationals_2022,try_assists,stable,zero_minute,21,11,0.10515954671112086,0.5048720269595212,0.3903113197098006,1.2935111063007276,0.09148090012362413,-0.7545131879931589,0.047619047619047616,1.0,0.047619047619047616,0.05813265189073696,0.15773932006668126,autumn_internationals,2022,mixed
empirical_event,autumn_internationals_2022,try_assists,stable,low_history,77,21,0.09586160770599521,0.27355514755117655,0.25422637692253214,1.07602976080855,0.00967574012785404,0.4126810390661903,0.03896103896103896,1.0,0.03896103896103896,0.07096351918530434,0.17290744800136537,autumn_internationals,2022,mixed
empirical_event,autumn_internationals_2022,try_assists,stable,north,483,21,0.15328462058945697,0.4341424227026454,0.3925433104908938,1.1059733056200345,0.023655338190322308,0.7819397948825375,0.07867494824016563,0.9958592132505176,0.09523809523809523,0.0915451004236535,1.4208312783003993,autumn_internationals,2022,mixed
empirical_event,autumn_internationals_2022,try_assists,stable,south,483,20,0.13675732755791162,0.40136122316343303,0.39615953467231496,1.0131302872602086,0.02772049932720126,0.7171530174604711,0.08074534161490683,1.0,0.08488612836438923,0.0797118991977732,0.8750957796538171,autumn_internationals,2022,mixed
empirical_event,autumn_internationals_2022,try_assists,stable,position:Back-row,168,22,0.08997161924627187,0.2624335246617663,0.252277535694015,1.0402572069677634,-0.0023050593930014685,0.7493360906090086,0.041666666666666664,1.0,0.041666666666666664,0.05868091315864818,0.317252962155487,autumn_internationals,2022,mixed
empirical_event,autumn_internationals_2022,try_assists,stable,position:Back-three,168,22,0.20232032316192536,0.5676617906463914,0.5689144745112693,0.9977981156729155,0.043217363503542675,0.8185485135564894,0.11904761904761904,0.9940476190476191,0.13095238095238096,0.10718365007791758,0.5833293258529839,autumn_internationals,2022,mixed
empirical_event,autumn_internationals_2022,try_assists,stable,position:Centre,84,22,0.25435005883966383,0.738555686943049,0.6476645579783963,1.1403367342631159,0.17120149464920978,-0.03665563497022259,0.15476190476190477,1.0,0.16666666666666666,0.12371434804572572,0.43952724026788526,autumn_internationals,2022,mixed
empirical_event,autumn_internationals_2022,try_assists,stable,position:Fly-half,84,22,0.3124802361271793,0.7221719309010608,0.7256906897723514,0.9951511588602653,0.01805964342539043,0.9156432462964164,0.14285714285714285,0.9880952380952381,0.20238095238095238,0.20130253753424482,0.5925245309081827,autumn_internationals,2022,mixed
empirical_event,autumn_internationals_2022,try_assists,stable,position:Hooker,84,22,0.07066074402269595,0.3323218848606891,0.25597691774854975,1.2982494194540393,0.06468056642901208,-0.8111404636177785,0.03571428571428571,1.0,0.03571428571428571,0.03571056064141281,0.13371517061954072,autumn_internationals,2022,mixed
empirical_event,autumn_internationals_2022,try_assists,stable,position:Prop,168,22,0.012278143235384311,0.024556286470768622,0.021325370253069104,1.1515057501632138,0.0,0.0,0.0,1.0,0.0,0.012278143235384311,0.049112572941537244,autumn_internationals,2022,mixed
empirical_event,autumn_internationals_2022,try_assists,stable,position:Scrum-half,84,22,0.32889851896286604,0.7233588390010744,0.7336268804031636,0.9860037279489454,0.10191697085939923,0.4590422404276873,0.19047619047619047,1.0,0.21428571428571427,0.244789549915105,0.5391673365872917,autumn_internationals,2022,mixed
empirical_event,autumn_internationals_2022,try_assists,stable,position:Second-row,126,22,0.061474315071867416,0.38562294564415,0.32469836857952156,1.1876343799667335,0.048051578165944964,-0.028300380972531534,0.047619047619047616,1.0,0.047619047619047616,0.015283559161876807,0.17853448314731585,autumn_internationals,2022,mixed
empirical_event,autumn_internationals_2022,conversion_goals,stable,all,966,22,0.09724364182107906,0.19790099929246655,0.3927294319287904,0.5039118110413224,0.007134069690617755,1.0411336928437953,0.051759834368530024,0.432712215320911,0.10455486542443064,0.09357184039228791,1.1876106222351743,autumn_internationals,2022,mixed
empirical_event,autumn_internationals_2022,conversion_goals,stable,starter,627,22,0.11238295714606417,0.2086703866007191,0.46760392918288285,0.44625456198659696,0.0061967725517450166,1.0292080843053737,0.06539074960127592,0.46570972886762363,0.1339712918660287,0.12414838288072755,0.9897670322801166,autumn_internationals,2022,mixed
empirical_event,autumn_internationals_2022,conversion_goals,stable,bench,339,22,0.06924260728194734,0.1779823979878223,0.25424474231723904,0.7000435736277337,-0.0030391361895845256,1.4367477425169581,0.02654867256637168,0.37168141592920356,0.05014749262536873,0.0370187662322535,0.5200981446960783,autumn_internationals,2022,mixed
empirical_event,autumn_internationals_2022,conversion_goals,stable,zero_minute,21,11,0.05601081256146023,0.08379440803503643,0.18723687551884594,0.4475315442155105,-0.0323564747020027,1.2646987356921284,0.047619047619047616,0.6190476190476191,0.047619047619047616,0.06323681685131308,0.08401621884219035,autumn_internationals,2022,mixed
empirical_event,autumn_internationals_2022,conversion_goals,stable,low_history,77,21,0.1239466334260751,0.17698154807000643,0.24659942438047866,0.7176884070781175,0.02855146317186933,1.3060492568188624,0.11688311688311688,0.38961038961038963,0.18181818181818182,0.11735140757219488,0.21636056867601253,autumn_internationals,2022,mixed
empirical_event,autumn_internationals_2022,conversion_goals,stable,north,483,21,0.10076379920601151,0.17839642294606545,0.38058143724118315,0.46874704199777234,0.0005677056315268736,1.034742934192542,0.047619047619047616,0.4306418219461698,0.10559006211180125,0.10149608468911966,1.3836897381980944,autumn_internationals,2022,mixed
empirical_event,autumn_internationals_2022,conversion_goals,stable,south,483,20,0.0937234844361466,0.2174055756388676,0.40487742661639764,0.5369664035255025,0.013667488287410575,1.049091679695332,0.055900621118012424,0.43478260869565216,0.10351966873706005,0.08564759609545615,0.9915315062722553,autumn_internationals,2022,mixed
empirical_event,autumn_internationals_2022,conversion_goals,stable,position:Back-row,168,22,0.0,1.9999999999999994e-08,1.9999999999999994e-08,1.0,0.0,,0.0,0.0,0.0,0.0,0.0,autumn_internationals,2022,mixed
empirical_event,autumn_internationals_2022,conversion_goals,stable,position:Back-three,168,22,0.15565426697684065,0.3459560207152735,0.9224596759289225,0.3750364701491083,0.0024105983078281114,1.3147596139614808,0.07738095238095238,0.9940476190476191,0.16071428571428573,0.120405042659833,0.5782958961864231,autumn_internationals,2022,mixed
empirical_event,autumn_internationals_2022,conversion_goals,stable,position:Centre,84,22,0.11789692671062146,0.186344019282063,1.0314336723365642,0.18066505319719445,-0.035901164476410695,1.4803652464870545,0.047619047619047616,1.0,0.13095238095238096,0.11271106628903882,0.23421392722398895,autumn_internationals,2022,mixed
empirical_event,autumn_internationals_2022,conversion_goals,stable,position:Fly-half,84,22,0.655891250247365,1.180797376817615,1.4119997341286796,0.8362589229142202,0.10800205866242112,0.8671681195554506,0.36904761904761907,0.9880952380952381,0.7261904761904762,0.7128818548414424,1.1192110286785444,autumn_internationals,2022,mixed
empirical_event,autumn_internationals_2022,conversion_goals,stable,position:Hooker,84,22,0.0,1.9999999999999997e-08,1.9999999999999997e-08,1.0,0.0,,0.0,0.0,0.0,0.0,0.0,autumn_internationals,2022,mixed
empirical_event,autumn_internationals_2022,conversion_goals,stable,position:Prop,168,22,0.0,1.9999999999999994e-08,1.9999999999999994e-08,1.0,0.0,,0.0,0.0,0.0,0.0,0.0,autumn_internationals,2022,mixed
empirical_event,autumn_internationals_2022,conversion_goals,stable,position:Scrum-half,84,22,0.033205170030741464,0.21680792433314008,0.2280355788580011,0.950763584432355,0.02590976298089662,-0.21712031976453902,0.023809523809523808,1.0,0.023809523809523808,0.00967315806116376,0.0641280635362631,autumn_internationals,2022,mixed
empirical_event,autumn_internationals_2022,conversion_goals,stable,position:Second-row,126,22,0.0,1.9999999999999994e-08,1.9999999999999994e-08,1.0,0.0,,0.0,0.0,0.0,0.0,0.0,autumn_internationals,2022,mixed
empirical_event,autumn_internationals_2022,missed_conversion_goals,stable,all,966,22,0.046475836455661515,0.17991038053155642,0.20384844102173993,0.8825693227272188,0.007420327403325437,0.6503809187819424,0.024844720496894408,0.35093167701863354,0.028985507246376812,0.033157768348185034,0.6860367185482589,autumn_internationals,2022,mixed
empirical_event,autumn_internationals_2022,missed_conversion_goals,stable,starter,627,22,0.0603450945113961,0.24586334075484115,0.28182853427236304,0.8723862592182925,0.011200653623000321,0.6528134175298762,0.03349282296650718,0.4019138755980861,0.03987240829346093,0.04392029008678953,0.6168733685066853,autumn_internationals,2022,mixed
empirical_event,autumn_internationals_2022,missed_conversion_goals,stable,bench,339,22,0.020823845892400182,0.0579265868442421,0.05961977297412722,0.9716002586823017,0.0034587094839271413,0.40679918730543657,0.008849557522123894,0.25663716814159293,0.008849557522123894,0.013251865309527149,0.16309234467909392,autumn_internationals,2022,mixed
empirical_event,autumn_internationals_2022,missed_conversion_goals,stable,zero_minute,21,11,0.020362326637919665,0.04072466565679171,0.040437309961107094,1.007106202068362,0.0,0.0,0.0,0.38095238095238093,0.0,0.020362326637919665,0.0305434899568795,autumn_internationals,2022,mixed
empirical_event,autumn_internationals_2022,missed_conversion_goals,stable,low_history,77,21,0.043982828104473085,0.08796566997517992,0.11197351996661874,0.7855935046196996,0.0,0.0,0.0,0.3116883116883117,0.0,0.043982828104473085,0.09676222182984079,autumn_internationals,2022,mixed
empirical_event,autumn_internationals_2022,missed_conversion_goals,stable,north,483,21,0.041156686225204235,0.07200870069279175,0.08961831841931757,0.8035042607680752,-0.0031238342937870865,0.9215869399328086,0.022774327122153208,0.34575569358178054,0.026915113871635612,0.032594806701159176,0.6000602831072814,autumn_internationals,2022,mixed
empirical_event,autumn_internationals_2022,missed_conversion_goals,stable,south,483,20,0.05179498668611878,0.28781206037032103,0.31807856362416226,0.9048458251666285,0.01550837807878363,0.4610671994509753,0.026915113871635612,0.35610766045548653,0.031055900621118012,0.033720729995210884,0.7720131539892363,autumn_internationals,2022,mixed
empirical_event,autumn_internationals_2022,missed_conversion_goals,stable,position:Back-row,168,22,0.0,1.9999999999999994e-08,1.9999999999999994e-08,1.0,0.0,,0.0,0.0,0.0,0.0,0.0,autumn_internationals,2022,mixed
empirical_event,autumn_internationals_2022,missed_conversion_goals,stable,position:Back-three,168,22,0.07630161817619963,0.2700094104982134,0.3608950484867756,0.7481660156612192,0.025153188116672495,0.8578203888076995,0.05357142857142857,0.9940476190476191,0.05952380952380952,0.040067386897750704,0.28204292230928313,autumn_internationals,2022,mixed
empirical_event,autumn_internationals_2022,missed_conversion_goals,stable,position:Centre,84,22,0.0466250923597704,0.08601911400853578,0.10887261354368424,0.7900895478551299,-0.0009653530905945288,0.2815889936910538,0.011904761904761904,1.0,0.011904761904761904,0.04570531975222339,0.09314684718496477,autumn_internationals,2022,mixed
empirical_event,autumn_internationals_2022,missed_conversion_goals,stable,position:Fly-half,84,22,0.3098570380926383,0.6102206091443676,0.68403798533028,0.8920858522933188,0.015290132740313779,0.6431004971962303,0.14285714285714285,0.9880952380952381,0.17857142857142858,0.2538970138306275,0.5723658422562947,autumn_internationals,2022,mixed
empirical_event,autumn_internationals_2022,missed_conversion_goals,stable,position:Hooker,84,22,0.0,1.9999999999999997e-08,1.9999999999999997e-08,1.0,0.0,,0.0,0.0,0.0,0.0,0.0,autumn_internationals,2022,mixed
empirical_event,autumn_internationals_2022,missed_conversion_goals,stable,position:Prop,168,22,0.0,1.9999999999999994e-08,1.9999999999999994e-08,1.0,0.0,,0.0,0.0,0.0,0.0,0.0,autumn_internationals,2022,mixed
empirical_event,autumn_internationals_2022,missed_conversion_goals,stable,position:Scrum-half,84,22,0.02538675243529937,0.8327107019635686,0.8295562459024937,1.0038025824971555,0.02520556193670414,-0.885120967477914,0.023809523809523808,0.05952380952380952,0.023809523809523808,0.0015772286257755622,0.05077350487059874,autumn_internationals,2022,mixed
empirical_event,autumn_internationals_2022,missed_conversion_goals,stable,position:Second-row,126,22,0.0,1.9999999999999994e-08,1.9999999999999994e-08,1.0,0.0,,0.0,0.0,0.0,0.0,0.0,autumn_internationals,2022,mixed
empirical_event,autumn_internationals_2022,penalty_goals,stable,all,966,22,0.09377732951068846,0.2083275515655988,0.40676380957647773,0.5121585221224801,-0.0007859745155094827,1.2710477558861577,0.047619047619047616,0.432712215320911,0.09420289855072464,0.0747327333897137,1.4475417978744078,autumn_internationals,2022,mixed
empirical_event,autumn_internationals_2022,penalty_goals,stable,starter,627,22,0.12435163241831504,0.2807651899865276,0.581753489653168,0.4826188325125738,0.009747537925069558,1.2902702391669902,0.06539074960127592,0.46570972886762363,0.1371610845295056,0.09874950435708357,1.377959152696772,autumn_internationals,2022,mixed
empirical_event,autumn_internationals_2022,penalty_goals,stable,bench,339,22,0.03722839758419324,0.07434997253927905,0.08311033049658188,0.8945936334874385,-0.0008765265399869417,0.5154927720865299,0.014749262536873156,0.37168141592920356,0.014749262536873156,0.030312333989887977,0.2970561418623982,autumn_internationals,2022,mixed
empirical_event,autumn_internationals_2022,penalty_goals,stable,zero_minute,21,11,0.05671230944926725,0.086541409702175,0.1815784707799716,0.476606115969783,-0.045286257514296484,1.9800860436266323,0.047619047619047616,0.6190476190476191,0.047619047619047616,0.046919832313540875,0.08506846417390088,autumn_internationals,2022,mixed
empirical_event,autumn_internationals_2022,penalty_goals,stable,low_history,77,21,0.12255268478528587,0.2035907853635526,0.13874775127379635,1.4673447569020341,-0.037892123616367415,2.216898589485678,0.09090909090909091,0.38961038961038963,0.16883116883116883,0.09324887183743306,0.23998381859242113,autumn_internationals,2022,mixed
empirical_event,autumn_internationals_2022,penalty_goals,stable,north,483,21,0.10669300252061652,0.17444575085772224,0.45979834613078996,0.37939621211273566,-0.01033222446020983,1.2523830532265288,0.045548654244306416,0.4306418219461698,0.10351966873706005,0.09090820328808506,1.552413636405083,autumn_internationals,2022,mixed
empirical_event,autumn_internationals_2022,penalty_goals,stable,south,483,20,0.0808616565007604,0.24220935227347537,0.35372927302216556,0.6847308683392396,0.007335423708827704,1.3243567071235736,0.049689440993788817,0.43478260869565216,0.08488612836438923,0.05855726349134233,1.342669959343733,autumn_internationals,2022,mixed
empirical_event,autumn_internationals_2022,penalty_goals,stable,position:Back-row,168,22,0.0,1.9999999999999994e-08,1.9999999999999994e-08,1.0,0.0,,0.0,0.0,0.0,0.0,0.0,autumn_internationals,2022,mixed
empirical_event,autumn_internationals_2022,penalty_goals,stable,position:Back-three,168,22,0.19747632617146993,0.4814404069923049,1.1893435097177636,0.40479508490070526,-0.06075823035954883,2.770697969049726,0.07738095238095238,0.9940476190476191,0.21428571428571427,0.09926882962981191,0.6851410172044434,autumn_internationals,2022,mixed
empirical_event,autumn_internationals_2022,penalty_goals,stable,position:Centre,84,22,0.10040682279248637,0.11739889991184478,0.7626288137883641,0.15393976439031315,-0.02973140084380818,1.0692683288488043,0.05952380952380952,1.0,0.11904761904761904,0.13914095823973927,0.19814406805048015,autumn_internationals,2022,mixed
empirical_event,autumn_internationals_2022,penalty_goals,stable,position:Fly-half,84,22,0.5219901388950369,0.8482476855811647,1.0096767867023178,0.8401180424793235,0.05884540001836714,0.8451594974722023,0.30952380952380953,0.9880952380952381,0.4880952380952381,0.5078921071829867,0.9298729292319059,autumn_internationals,2022,mixed
empirical_event,autumn_internationals_2022,penalty_goals,stable,position:Hooker,84,22,0.0,1.9999999999999997e-08,1.9999999999999997e-08,1.0,0.0,,0.0,0.0,0.0,0.0,0.0,autumn_internationals,2022,mixed
empirical_event,autumn_internationals_2022,penalty_goals,stable,position:Prop,168,22,0.0,1.9999999999999994e-08,1.9999999999999994e-08,1.0,0.0,,0.0,0.0,0.0,0.0,0.0,autumn_internationals,2022,mixed
empirical_event,autumn_internationals_2022,penalty_goals,stable,position:Scrum-half,84,22,0.061089675342454026,0.4672393135267671,0.5267910602032848,0.8869537636923126,0.04876644876891428,-0.08281071182114516,0.023809523809523808,1.0,0.047619047619047616,0.013855709299357684,0.1218131194266496,autumn_internationals,2022,mixed
empirical_event,autumn_internationals_2022,penalty_goals,stable,position:Second-row,126,22,0.0,1.9999999999999994e-08,1.9999999999999994e-08,1.0,0.0,,0.0,0.0,0.0,0.0,0.0,autumn_internationals,2022,mixed
empirical_event,autumn_internationals_2022,missed_penalty_goals,stable,all,966,22,0.02850930106158971,0.10984345067028103,0.12929376013977445,0.8495649794045247,0.0023718039085724586,0.9029606174783862,0.013457556935817806,0.34679089026915116,0.016563146997929608,0.015716458519517692,0.576631352324815,autumn_internationals,2022,mixed
empirical_event,autumn_internationals_2022,missed_penalty_goals,stable,starter,627,22,0.03765294739962306,0.1491322327897062,0.17632643999003025,0.8457735141600905,0.003540494301814963,0.9016935730872359,0.017543859649122806,0.4003189792663477,0.022328548644338118,0.02083640707141368,0.5092158079863339,autumn_internationals,2022,mixed
empirical_event,autumn_internationals_2022,missed_penalty_goals,stable,bench,339,22,0.011597601197439538,0.037176588166211486,0.042304113337088924,0.8787936971986593,0.0007236020780758016,0.8285981716534725,0.0058997050147492625,0.24778761061946902,0.0058997050147492625,0.006246819162471137,0.09317968413275916,autumn_internationals,2022,mixed
empirical_event,autumn_internationals_2022,missed_penalty_goals,stable,zero_minute,21,11,0.009028242765745025,0.018056497912442432,0.009557764795847653,1.889196721003956,0.0,0.0,0.0,0.38095238095238093,0.0,0.009028242765745025,0.013542364148617538,autumn_internationals,2022,mixed
empirical_event,autumn_internationals_2022,missed_penalty_goals,stable,low_history,77,21,0.048495840664163056,0.15437425685997846,0.15056538388006688,1.0252971359136942,0.007588048044870098,2.0182355024696097,0.03896103896103896,0.3116883116883117,0.03896103896103896,0.015544762183491143,0.10050478740317124,autumn_internationals,2022,mixed
empirical_event,autumn_internationals_2022,missed_penalty_goals,stable,north,483,21,0.029667733003778646,0.07426729557633514,0.10785997372553703,0.688552880286411,-0.003642892354655112,1.1556555343812742,0.010351966873706004,0.34575569358178054,0.016563146997929608,0.017484482833721556,0.622279564955127,autumn_internationals,2022,mixed
empirical_event,autumn_internationals_2022,missed_penalty_goals,stable,south,483,20,0.02735086911940077,0.1454196057642269,0.15072754655401185,0.9647845340076382,0.00864585693995817,0.5676113850080209,0.016563146997929608,0.34782608695652173,0.016563146997929608,0.013948434205313828,0.5309831396945031,autumn_internationals,2022,mixed
empirical_event,autumn_internationals_2022,missed_penalty_goals,stable,position:Back-row,168,22,0.0,1.9999999999999994e-08,1.9999999999999994e-08,1.0,0.0,,0.0,0.0,0.0,0.0,0.0,autumn_internationals,2022,mixed
empirical_event,autumn_internationals_2022,missed_penalty_goals,stable,position:Back-three,168,22,0.03725611446699035,0.10652793749780566,0.11441553469282367,0.9310618333760867,0.0030086527221702204,0.3092103113459287,0.011904761904761904,0.9940476190476191,0.011904761904761904,0.028770415656155728,0.1426252137194462,autumn_internationals,2022,mixed
empirical_event,autumn_internationals_2022,missed_penalty_goals,stable,position:Centre,84,22,0.06046910067253349,0.12724030102797762,0.2748651271485965,0.46291904086904945,0.002505599342196125,0.8891606248607397,0.023809523809523808,1.0,0.03571428571428571,0.03734835466571716,0.12044608798959823,autumn_internationals,2022,mixed
empirical_event,autumn_internationals_2022,missed_penalty_goals,stable,position:Fly-half,84,22,0.1802311863289547,0.5066458752353897,0.5684037821219152,0.89134852928674,-0.006251327941978658,1.4721930941474104,0.09523809523809523,0.9880952380952381,0.11904761904761904,0.08511040262837397,0.35182699541444984,autumn_internationals,2022,mixed
empirical_event,autumn_internationals_2022,missed_penalty_goals,stable,position:Hooker,84,22,0.0,1.9999999999999997e-08,1.9999999999999997e-08,1.0,0.0,,0.0,0.0,0.0,0.0,0.0,autumn_internationals,2022,mixed
empirical_event,autumn_internationals_2022,missed_penalty_goals,stable,position:Prop,168,22,0.0,1.9999999999999994e-08,1.9999999999999994e-08,1.0,0.0,,0.0,0.0,0.0,0.0,0.0,autumn_internationals,2022,mixed
empirical_event,autumn_internationals_2022,missed_penalty_goals,stable,position:Scrum-half,84,22,0.01264444627281278,0.4162575014492533,0.4147781329512468,1.0035666501690443,0.012048192771084338,-0.19390820263024275,0.011904761904761904,0.011904761904761904,0.011904761904761904,0.000739684368050876,0.02528889254562556,autumn_internationals,2022,mixed
empirical_event,autumn_internationals_2022,missed_penalty_goals,stable,position:Second-row,126,22,0.0,1.9999999999999994e-08,1.9999999999999994e-08,1.0,0.0,,0.0,0.0,0.0,0.0,0.0,autumn_internationals,2022,mixed
empirical_event,autumn_internationals_2022,drop_goals_converted,stable,all,966,22,0.003830726154949505,0.030296995357101113,0.05369917771090255,0.5641984970460713,0.002519582810639554,0.7617351381716505,0.002070393374741201,0.09420289855072464,0.003105590062111801,0.0007693057889896041,0.08702533781559281,autumn_internationals,2022,mixed
empirical_event,autumn_internationals_2022,drop_goals_converted,stable,starter,627,22,0.005738321420577303,0.046350532320576024,0.0822031154971061,0.5638537181988894,0.004014872534892406,0.7534785256575579,0.003189792663476874,0.0733652312599681,0.004784688995215311,0.001021683344792194,0.08469419105467522,autumn_internationals,2022,mixed
empirical_event,autumn_internationals_2022,drop_goals_converted,stable,bench,339,22,0.0003025189822396815,0.0006050553096121064,0.0009795051682782655,0.6177152803345062,0.0,0.0,0.0,0.13274336283185842,0.0,0.0003025189822396815,0.0024417603566488574,autumn_internationals,2022,mixed
empirical_event,autumn_internationals_2022,drop_goals_converted,stable,zero_minute,21,11,0.0004566801337280623,0.0009133745531704103,0.002206302206287921,0.41398433567591486,0.0,0.0,0.0,0.2857142857142857,0.0,0.0004566801337280623,0.0006850202005920936,autumn_internationals,2022,mixed
empirical_event,autumn_internationals_2022,drop_goals_converted,stable,low_history,77,21,0.0006928825814379401,0.0013857820459927635,0.003027321744774163,0.45775842900905217,0.0,0.0,0.0,0.15584415584415584,0.0,0.0006928825814379401,0.0015243416791634683,autumn_internationals,2022,mixed
empirical_event,autumn_internationals_2022,drop_goals_converted,stable,north,483,21,0.0009021372776314715,0.0018042926090931707,0.0016407061765411676,1.0997048922536914,0.0,0.0,0.0,0.09730848861283643,0.0,0.0009021372776314715,0.020749157385523846,autumn_internationals,2022,mixed
empirical_event,autumn_internationals_2022,drop_goals_converted,stable,south,483,20,0.006759315032267538,0.05878969810510904,0.10575764924526396,0.5558907419431107,0.003968957208922298,3.522880521768542,0.004140786749482402,0.09109730848861283,0.006211180124223602,0.0006364743003477366,0.1533015182456618,autumn_internationals,2022,mixed
empirical_event,autumn_internationals_2022,drop_goals_converted,stable,position:Back-row,168,22,0.0,1.9999999999999994e-08,1.9999999999999994e-08,1.0,0.0,,0.0,0.0,0.0,0.0,0.0,autumn_internationals,2022,mixed
empirical_event,autumn_internationals_2022,drop_goals_converted,stable,position:Back-three,168,22,0.007385363210073758,0.039125364299696534,0.20738907647562344,0.18865682303327747,0.004187179266577888,1.070491803215163,0.005952380952380952,0.047619047619047616,0.005952380952380952,0.00164896329005171,0.029541452840295038,autumn_internationals,2022,mixed
empirical_event,autumn_internationals_2022,drop_goals_converted,stable,position:Centre,84,22,0.0,1.9999999999999997e-08,1.9999999999999997e-08,1.0,0.0,,0.0,0.0,0.0,0.0,0.0,autumn_internationals,2022,mixed
empirical_event,autumn_internationals_2022,drop_goals_converted,stable,position:Fly-half,84,22,0.029282624361771786,0.27016454800726963,0.20276222072413236,1.332420541866334,0.026127394854348607,-0.41770291122202174,0.011904761904761904,0.9880952380952381,0.023809523809523808,0.005549089993277028,0.0584923980476333,autumn_internationals,2022,mixed
empirical_event,autumn_internationals_2022,drop_goals_converted,stable,position:Hooker,84,22,0.0,1.9999999999999997e-08,1.9999999999999997e-08,1.0,0.0,,0.0,0.0,0.0,0.0,0.0,autumn_internationals,2022,mixed
empirical_event,autumn_internationals_2022,drop_goals_converted,stable,position:Prop,168,22,0.0,1.9999999999999994e-08,1.9999999999999994e-08,1.0,0.0,,0.0,0.0,0.0,0.0,0.0,autumn_internationals,2022,mixed
empirical_event,autumn_internationals_2022,drop_goals_converted,stable,position:Scrum-half,84,22,0.0,1.9999999999999997e-08,1.9999999999999997e-08,1.0,0.0,,0.0,0.0,0.0,0.0,0.0,autumn_internationals,2022,mixed
empirical_event,autumn_internationals_2022,drop_goals_converted,stable,position:Second-row,126,22,0.0,1.9999999999999994e-08,1.9999999999999994e-08,1.0,0.0,,0.0,0.0,0.0,0.0,0.0,autumn_internationals,2022,mixed
empirical_event,autumn_internationals_2022,drop_goal_missed,stable,all,966,22,0.003934802239170692,0.009875510571801959,0.011656395738934986,0.8472181961715258,0.0002571714352998256,0.25771476445380354,0.0010351966873706005,0.2619047619047619,0.0010351966873706005,0.0030189393833128194,0.08817128682235005,autumn_internationals,2022,mixed
empirical_event,autumn_internationals_2022,drop_goal_missed,stable,starter,627,22,0.005343724946132964,0.013777880811377433,0.016903562842540253,0.8150873836315389,0.0005446207698751134,0.2670633902974299,0.001594896331738437,0.26953748006379585,0.001594896331738437,0.003932682651461983,0.077471202811134,autumn_internationals,2022,mixed
empirical_event,autumn_internationals_2022,drop_goal_missed,stable,bench,339,22,0.0013289186484174635,0.0026578523410827155,0.0019514583526208309,1.3619826103453294,0.0,0.0,0.0,0.24778761061946902,0.0,0.0013289186484174635,0.010726271947940957,autumn_internationals,2022,mixed
empirical_event,autumn_internationals_2022,drop_goal_missed,stable,zero_minute,21,11,0.001302547271619341,0.0026051069241910634,0.0014652195604395607,1.7779635179109543,0.0,0.0,0.0,0.38095238095238093,0.0,0.001302547271619341,0.0019538209074290115,autumn_internationals,2022,mixed
empirical_event,autumn_internationals_2022,drop_goal_missed,stable,low_history,77,21,0.001982784431713633,0.003965583928362332,0.011108215183566264,0.35699559855746255,0.0,0.0,0.0,0.24675324675324675,0.0,0.001982784431713633,0.004362125749769993,autumn_internationals,2022,mixed
empirical_event,autumn_internationals_2022,drop_goal_missed,stable,north,483,21,0.0032736098717111475,0.0065472346088467255,0.007849327787244583,0.8341140523505972,0.0,0.0,0.0,0.2567287784679089,0.0,0.0032736098717111475,0.0752930270493564,autumn_internationals,2022,mixed
empirical_event,autumn_internationals_2022,drop_goal_missed,stable,south,483,20,0.0045959946066302364,0.01320378653475719,0.015463463690625389,0.8538699219607498,-0.00043053999431656964,0.9047359226371994,0.002070393374741201,0.2670807453416149,0.002070393374741201,0.002764268894914491,0.1010495465953437,autumn_internationals,2022,mixed
empirical_event,autumn_internationals_2022,drop_goal_missed,stable,position:Back-row,168,22,0.0,1.9999999999999994e-08,1.9999999999999994e-08,1.0,0.0,,0.0,0.0,0.0,0.0,0.0,autumn_internationals,2022,mixed
empirical_event,autumn_internationals_2022,drop_goal_missed,stable,position:Back-three,168,22,0.004719798832848667,0.009439597784744952,0.015488274123461706,0.6094673757385148,0.0,0.0,0.0,0.9940476190476191,0.0,0.004719798832848667,0.01887919533139467,autumn_internationals,2022,mixed
empirical_event,autumn_internationals_2022,drop_goal_missed,stable,position:Centre,84,22,0.0005878755081918539,0.0011757703020979942,1.9999999999999997e-08,58788.51510489972,0.0,0.0,0.0,0.03571428571428571,0.0,0.0005878755081918539,0.0011757510163837078,autumn_internationals,2022,mixed
empirical_event,autumn_internationals_2022,drop_goal_missed,stable,position:Fly-half,84,22,0.03522275257657378,0.09351325570413463,0.1030718327508289,0.9072629564101993,0.0058833240645317485,0.24387838903129397,0.011904761904761904,0.9880952380952381,0.011904761904761904,0.02469032973420824,0.07043418498295921,autumn_internationals,2022,mixed
empirical_event,autumn_internationals_2022,drop_goal_missed,stable,position:Hooker,84,22,0.0,1.9999999999999997e-08,1.9999999999999997e-08,1.0,0.0,,0.0,0.0,0.0,0.0,0.0,autumn_internationals,2022,mixed
empirical_event,autumn_internationals_2022,drop_goal_missed,stable,position:Prop,168,22,0.0,1.9999999999999994e-08,1.9999999999999994e-08,1.0,0.0,,0.0,0.0,0.0,0.0,0.0,autumn_internationals,2022,mixed
empirical_event,autumn_internationals_2022,drop_goal_missed,stable,position:Scrum-half,84,22,0.0,1.9999999999999997e-08,1.9999999999999997e-08,1.0,0.0,,0.0,0.0,0.0,0.0,0.0,autumn_internationals,2022,mixed
empirical_event,autumn_internationals_2022,drop_goal_missed,stable,position:Second-row,126,22,0.0,1.9999999999999994e-08,1.9999999999999994e-08,1.0,0.0,,0.0,0.0,0.0,0.0,0.0,autumn_internationals,2022,mixed
empirical_event,autumn_internationals_2022,defenders_beaten,stable,all,966,22,0.8359865002082643,1.673557653944382,1.5238499330756448,1.098243086552871,0.08984207841584853,0.9614286007723315,0.4140786749482402,0.9979296066252588,0.9006211180124224,0.8433065533366292,6.248243900610701,autumn_internationals,2022,mixed
empirical_event,autumn_internationals_2022,defenders_beaten,stable,starter,627,22,1.0119107763227053,1.5281705563745538,1.6944248817401182,0.901881560429621,0.04002986635661964,0.9858647451399453,0.507177033492823,1.0,1.164274322169059,1.1403637885974418,5.189824457879131,autumn_internationals,2022,mixed
empirical_event,autumn_internationals_2022,defenders_beaten,stable,bench,339,22,0.5106044319965991,1.9424594538744189,1.2083617536873714,1.6075148422621905,0.1159729634551326,1.0106310595955201,0.24188790560471976,0.9941002949852508,0.41297935103244837,0.2938821093586665,2.106079551359732,autumn_internationals,2022,mixed
empirical_event,autumn_internationals_2022,defenders_beaten,stable,zero_minute,21,11,0.4935833558659134,0.97222225683084,1.121449281161263,0.8669337732546423,0.05455447703724903,0.21313034539607148,0.047619047619047616,1.0,0.14285714285714285,0.4143129672867382,0.7403750337988703,autumn_internationals,2022,mixed
empirical_event,autumn_internationals_2022,defenders_beaten,stable,low_history,77,21,0.5874841138974065,1.1483909706019289,1.2149496887805595,0.9452168935115038,0.027738837956875626,0.9912052360348751,0.3116883116883117,1.0,0.5454545454545454,0.5223092944592296,0.9313666977647892,autumn_internationals,2022,mixed
empirical_event,autumn_internationals_2022,defenders_beaten,stable,north,483,21,0.8976059364369053,2.0318171618274685,1.560211679882902,1.3022701906576946,0.1499583028203719,0.9416113056359254,0.45134575569358176,0.9958592132505176,0.9772256728778468,0.8785656725932919,7.082455684578153,autumn_internationals,2022,mixed
empirical_event,autumn_internationals_2022,defenders_beaten,stable,south,483,20,0.7743670639796232,1.3152981460612956,1.487488186268388,0.8842410704188113,0.035115059838303764,0.9763059320978207,0.37681159420289856,1.0,0.8240165631469979,0.8080474340799667,5.414032116643249,autumn_internationals,2022,mixed
empirical_event,autumn_internationals_2022,defenders_beaten,stable,position:Back-row,168,22,0.8850295505670044,1.4490680602978538,1.7074026173434824,0.8486973403803453,-0.17093900425454409,1.127791752440877,0.4226190476190476,1.0,0.8511904761904762,0.906310476409167,1.856791728731478,autumn_internationals,2022,mixed
empirical_event,autumn_internationals_2022,defenders_beaten,stable,position:Back-three,168,22,1.5338553982927727,3.770851214058188,2.323483606680478,1.622929984621471,0.876399943008025,0.7128416185937025,0.7083333333333334,0.9940476190476191,2.0773809523809526,1.6847795892476487,3.7804581950772396,autumn_internationals,2022,mixed
empirical_event,autumn_internationals_2022,defenders_beaten,stable,position:Centre,84,22,1.1460464282357417,1.5931873341052625,1.7475945452096673,0.9116458611480274,0.2859347850547896,0.8037299432802998,0.6666666666666666,1.0,1.4880952380952381,1.4957268459278947,1.6879643802238598,autumn_internationals,2022,mixed
empirical_event,autumn_internationals_2022,defenders_beaten,stable,position:Fly-half,84,22,0.8172829612738981,1.4351853001953585,1.5776534334376664,0.9096961790068979,0.13508781638821732,0.8413156636444328,0.4523809523809524,0.9880952380952381,0.9285714285714286,0.9431461298913401,1.2759143049653088,autumn_internationals,2022,mixed
empirical_event,autumn_internationals_2022,defenders_beaten,stable,position:Hooker,84,22,0.6229131020856141,1.1760325224409403,1.3117660173179864,0.8965261387434289,0.1533765697564794,0.7757862750912585,0.32142857142857145,1.0,0.5119047619047619,0.4621481504117966,0.9908017309050375,autumn_internationals,2022,mixed
empirical_event,autumn_internationals_2022,defenders_beaten,stable,position:Prop,168,22,0.392497692981484,0.7938110701599848,0.9303766194844366,0.8532147665102237,0.05236425940702643,0.8645809769037853,0.20833333333333334,1.0,0.2916666666666667,0.27678426156983427,0.9137471643096446,autumn_internationals,2022,mixed
empirical_event,autumn_internationals_2022,defenders_beaten,stable,position:Scrum-half,84,22,0.7142922611676239,1.4542602440554764,1.2763841683074637,1.139359356034542,0.3989235414451684,0.11174385289044884,0.2976190476190476,1.0,0.4642857142857143,0.5849285768285205,1.102455289964684,autumn_internationals,2022,mixed
empirical_event,autumn_internationals_2022,defenders_beaten,stable,position:Second-row,126,22,0.4603631439664258,1.0398579536875352,1.125566919386894,0.9238526255319894,0.06972265380203412,0.8801212989194037,0.23015873015873015,1.0,0.3492063492063492,0.31755133723892365,0.8562267225454282,autumn_internationals,2022,mixed
empirical_event,autumn_internationals_2022,clean_breaks,stable,all,966,22,0.28724146823077845,0.6090899245268234,0.5791063571587811,1.0517755797314126,-0.009369637253361818,0.9243986128780904,0.15631469979296067,0.9979296066252588,0.20186335403726707,0.22850855501931208,2.148729074081488,autumn_internationals,2022,mixed
empirical_event,autumn_internationals_2022,clean_breaks,stable,starter,627,22,0.37150700493913574,0.7054214102959802,0.7113870401337519,0.9916140869861081,-0.023733933947182526,0.9556996007610756,0.20574162679425836,1.0,0.2727272727272727,0.3102033384113241,2.1240306567392913,autumn_internationals,2022,mixed
empirical_event,autumn_internationals_2022,clean_breaks,stable,bench,339,22,0.131387510956029,0.4309193004051089,0.3344456249307377,1.2884584766039338,0.026621759434279243,0.5706636023876668,0.06489675516224189,0.9941002949852508,0.07079646017699115,0.07740935387833422,0.6031433007813185,autumn_internationals,2022,mixed
empirical_event,autumn_internationals_2022,clean_breaks,stable,zero_minute,21,11,0.1493801724146334,0.37500723933432245,0.36920542481688035,1.0157143263003778,0.05796424335806498,-0.09542000480105481,0.047619047619047616,1.0,0.047619047619047616,0.10841747242191489,0.2240702586219501,autumn_internationals,2022,mixed
empirical_event,autumn_internationals_2022,clean_breaks,stable,low_history,77,21,0.19322585119575125,0.4328537475863532,0.39932650171113143,1.0839594811052011,0.011660370892028673,0.7163602226421713,0.11688311688311688,1.0,0.12987012987012986,0.16501440928993075,0.32307714586266745,autumn_internationals,2022,mixed
empirical_event,autumn_internationals_2022,clean_breaks,stable,north,483,21,0.2999037548412058,0.6667297384056139,0.5962430870893327,1.1182179765980589,-0.02146236037576498,0.924674512250917,0.15320910973084886,0.9958592132505176,0.2111801242236025,0.25159391928414937,2.416190406471195,autumn_internationals,2022,mixed
empirical_event,autumn_internationals_2022,clean_breaks,stable,south,483,20,0.27457918162035105,0.5514501106480331,0.5619696272282293,0.9812809873158429,0.000500764705715671,0.9348789610358667,0.15942028985507245,1.0,0.19254658385093168,0.20542319075447485,1.8812677416917811,autumn_internationals,2022,mixed
empirical_event,autumn_internationals_2022,clean_breaks,stable,position:Back-row,168,22,0.25883691512461965,0.540555546164007,0.5440887160238617,0.9935062614683968,0.07150761697913587,0.25014078689581826,0.1130952380952381,1.0,0.11904761904761904,0.19005298039732824,0.6809981521708078,autumn_internationals,2022,mixed
empirical_event,autumn_internationals_2022,clean_breaks,stable,position:Back-three,168,22,0.6463480287188129,1.3061671995979531,1.1531923512536812,1.1326533671316557,0.110959838323768,0.9128223921464563,0.4166666666666667,0.9940476190476191,0.6369047619047619,0.5761744322948307,1.388378587989931,autumn_internationals,2022,mixed
empirical_event,autumn_internationals_2022,clean_breaks,stable,position:Centre,84,22,0.4594739632043185,0.8704038240386502,0.8983367946567183,0.9689059039057372,0.13253502251254085,0.3461389484152347,0.2261904761904762,1.0,0.2619047619047619,0.37375088814630225,0.7187973572287301,autumn_internationals,2022,mixed
empirical_event,autumn_internationals_2022,clean_breaks,stable,position:Fly-half,84,22,0.29427192900346205,0.5422442660415873,0.5549261611143601,0.9771466981349266,0.05045812042240567,0.6687222283862625,0.20238095238095238,0.9880952380952381,0.20238095238095238,0.22718376256934297,0.5485771262861658,autumn_internationals,2022,mixed
empirical_event,autumn_internationals_2022,clean_breaks,stable,position:Hooker,84,22,0.1734484436181678,0.5329787088122152,0.4650101139794032,1.14616584196666,0.13246777286576944,-0.49343777394812804,0.07142857142857142,1.0,0.08333333333333333,0.09957575630924702,0.31849263555660035,autumn_internationals,2022,mixed
empirical_event,autumn_internationals_2022,clean_breaks,stable,position:Prop,168,22,0.04452663005386116,0.08793414753012936,0.12615637180417613,0.6970250196052206,-0.01437706122905217,0.49060412753258154,0.005952380952380952,1.0,0.005952380952380952,0.04143756858238627,0.16805088469073123,autumn_internationals,2022,mixed
empirical_event,autumn_internationals_2022,clean_breaks,stable,position:Scrum-half,84,22,0.33651885674993043,0.8201138193280063,0.7384901187505661,1.1105278168319128,0.21296207434277484,-0.05121836469517036,0.17857142857142858,1.0,0.20238095238095238,0.20658843804945487,0.5659840845193135,autumn_internationals,2022,mixed
empirical_event,autumn_internationals_2022,clean_breaks,stable,position:Second-row,126,22,0.09342702952232358,0.24631981816922138,0.23739002710766405,1.0376165383624452,0.007420531387408631,0.34612405242374494,0.031746031746031744,1.0,0.031746031746031744,0.07027971673243455,0.24551920359093143,autumn_internationals,2022,mixed
empirical_event,autumn_internationals_2022,offload,stable,all,966,22,0.3729530297974129,0.7800687739021122,0.8125087501254853,0.960074305392572,-0.03187797058588368,1.113256573275511,0.2080745341614907,0.9979296066252588,0.2867494824016563,0.28621205626484597,2.4449294057264725,autumn_internationals,2022,mixed
empirical_event,autumn_internationals_2022,offload,stable,starter,627,22,0.4784541272011061,0.9095638537077144,0.9970895415324504,0.9122188287220265,-0.057846148423809494,1.168407311032605,0.2743221690590112,1.0,0.39074960127591707,0.38393781471914135,2.1111884805391177,autumn_internationals,2022,mixed
empirical_event,autumn_internationals_2022,offload,stable,bench,339,22,0.17782268150208652,0.540560174969627,0.47111595893915154,1.147403658723106,0.047433644974822185,0.4452916521734616,0.0855457227138643,0.9941002949852508,0.0943952802359882,0.10546264461044133,0.7811199065708369,autumn_internationals,2022,mixed
empirical_event,autumn_internationals_2022,offload,stable,zero_minute,21,11,0.1729294305309123,0.3528311443819811,0.36646959717461475,0.9627842175782587,0.030164482527821977,0.12249170256370218,0.047619047619047616,1.0,0.047619047619047616,0.1424958974845531,0.25939414579636855,autumn_internationals,2022,mixed
empirical_event,autumn_internationals_2022,offload,stable,low_history,77,21,0.34878604512698025,0.8939442791709881,0.8218618971851678,1.0877061976381903,0.1812527136984559,0.3290008563597039,0.19480519480519481,1.0,0.24675324675324675,0.19908924791118982,0.5275980110393111,autumn_internationals,2022,mixed
empirical_event,autumn_internationals_2022,offload,stable,north,483,21,0.377016728892151,0.7840460934086815,0.786035365559223,0.9974692332715509,-0.061853454138649476,1.0924918341058178,0.20910973084886128,0.9958592132505176,0.2815734989648033,0.31435196344926497,2.173811388844235,autumn_internationals,2022,mixed
empirical_event,autumn_internationals_2022,offload,stable,south,483,20,0.3688893307026748,0.7760914543955431,0.8389821346917478,0.9250393093062566,-0.011166154890625894,1.1744452929505311,0.2070393374741201,1.0,0.2919254658385093,0.25807214908042697,2.7160474226087095,autumn_internationals,2022,mixed
empirical_event,autumn_internationals_2022,offload,stable,position:Back-row,168,22,0.3909477604089382,0.767891985392266,0.8182499962664289,0.9384564483911517,-0.010596288988427969,0.7991380557221258,0.20833333333333334,1.0,0.2619047619047619,0.3409937105885285,1.0238107585207605,autumn_internationals,2022,mixed
empirical_event,autumn_internationals_2022,offload,stable,position:Back-three,168,22,0.6238110548965321,1.4116217024775342,1.2360963303352477,1.1419997518273364,0.1959418542272569,0.8773163658506085,0.36904761904761907,0.9940476190476191,0.5833333333333334,0.44156417705770085,1.363359551685384,autumn_internationals,2022,mixed
empirical_event,autumn_internationals_2022,offload,stable,position:Centre,84,22,0.5573827714511068,0.950644897731677,1.1572549341319165,0.8214654089548364,-0.24265620101523644,1.6215959787066585,0.34523809523809523,1.0,0.4880952380952381,0.4506371801028405,0.7130900162402144,autumn_internationals,2022,mixed
empirical_event,autumn_internationals_2022,offload,stable,position:Fly-half,84,22,0.4102149978465476,0.7481516660133126,0.9328727057451849,0.8019868749570545,-0.22586669446461718,1.5320867454957972,0.20238095238095238,0.9880952380952381,0.3333333333333333,0.364992406234145,0.7015271092500922,autumn_internationals,2022,mixed
empirical_event,autumn_internationals_2022,offload,stable,position:Hooker,84,22,0.20444801489661077,0.4451614898183689,0.48851851433491966,0.9112479399566299,0.007045685561318105,0.48285899578523117,0.08333333333333333,1.0,0.08333333333333333,0.1579915636612617,0.36950799188665306,autumn_internationals,2022,mixed
empirical_event,autumn_internationals_2022,offload,stable,position:Prop,168,22,0.177212847609615,0.44464912045923877,0.44257524697537287,1.0046859228979457,0.0746298998235191,0.13186750636890376,0.08333333333333333,1.0,0.08928571428571429,0.11114045351851155,0.5059334984832808,autumn_internationals,2022,mixed
empirical_event,autumn_internationals_2022,offload,stable,position:Scrum-half,84,22,0.3162238741270982,0.5508784787852887,0.7425205037921022,0.741903389834914,-0.20844675037731217,1.6447770353368232,0.21428571428571427,1.0,0.2619047619047619,0.28596673115985827,0.5330539812581689,autumn_internationals,2022,mixed
empirical_event,autumn_internationals_2022,offload,stable,position:Second-row,126,22,0.2778312390124762,0.6850858339117102,0.6858938808565728,0.9988219067593176,0.07942920850387652,0.5839990360193449,0.15079365079365079,1.0,0.1746031746031746,0.1629693890387611,0.6432255594976969,autumn_internationals,2022,mixed
empirical_event,autumn_internationals_2022,runs,stable,all,966,22,2.0357909492955977,2.0927158286878362,1.8382117155840434,1.1384520134139886,0.7446097810535909,0.8367506990204724,0.9057971014492754,0.9979296066252588,4.405797101449275,4.375481639491415,18.894298298404617,autumn_internationals,2022,mixed
empirical_event,autumn_internationals_2022,runs,stable,starter,627,22,2.3420743494915923,1.6064294099756713,1.803002313241711,0.8909746804968812,1.3130913914300246,0.7607272348937753,0.988835725677831,1.0,5.690590111642743,5.75436045854724,15.72898127414066,autumn_internationals,2022,mixed
empirical_event,autumn_internationals_2022,runs,stable,bench,339,22,1.4693021825614132,2.9921305323236087,1.903333530535791,1.5720474022654978,1.0196647676372526,0.5532832555632395,0.7522123893805309,0.9941002949852508,2.0294985250737465,1.825165947609401,6.845274439912702,autumn_internationals,2022,mixed
empirical_event,autumn_internationals_2022,runs,stable,zero_minute,21,11,1.609130782966997,2.5721101323611357,3.7663215557729406,0.6829236681660008,-1.9512459228144865,1.5366796100299065,0.23809523809523808,1.0,1.0476190476190477,1.9515225886124508,2.0785011992816647,autumn_internationals,2022,mixed
empirical_event,autumn_internationals_2022,runs,stable,low_history,77,21,1.8876853815161094,1.9260135892318526,1.8856389106564868,1.0214116702552076,0.5978743240374902,0.895256267794138,0.8051948051948052,1.0,3.4025974025974026,3.1328717591339457,3.419609535088552,autumn_internationals,2022,mixed
empirical_event,autumn_internationals_2022,runs,stable,north,483,21,2.0989769031965033,2.434450703115425,1.8343578992913672,1.3271405236981728,0.5518146000622621,0.8082715439814951,0.9047619047619048,0.9958592132505176,4.416149068322981,4.7809854213415095,19.47304075310129,autumn_internationals,2022,mixed
empirical_event,autumn_internationals_2022,runs,stable,south,483,20,1.9726049953946923,1.7509809542602472,1.84206553187672,0.9505530199440436,0.7374768477074413,0.9214077302288619,0.906832298136646,1.0,4.395445134575569,3.9699778576413203,18.315555843707948,autumn_internationals,2022,mixed
empirical_event,autumn_internationals_2022,runs,stable,position:Back-row,168,22,2.2427327615804518,1.6119454854076392,2.0608883757856478,0.7821605014357639,0.6280234408082923,0.883282134707049,0.9642857142857143,1.0,5.779761904761905,5.832494807179865,4.715842872122068,autumn_internationals,2022,mixed
empirical_event,autumn_internationals_2022,runs,stable,position:Back-three,168,22,2.536710881134906,3.58306377923522,1.8411620890731757,1.946088180122643,2.0931572849809448,0.6976093190977015,0.9464285714285714,0.9940476190476191,5.886904761904762,5.438212152656886,6.372209922933981,autumn_internationals,2022,mixed
empirical_event,autumn_internationals_2022,runs,stable,position:Centre,84,22,2.3124277326480884,1.5957278182094103,1.8273035396836872,0.8732691550992325,2.205677244068234,0.6044227449235792,0.9880952380952381,1.0,5.904761904761905,6.1200288899805875,3.2297903971541553,autumn_internationals,2022,mixed
empirical_event,autumn_internationals_2022,runs,stable,position:Fly-half,84,22,1.8133486828232315,2.8734576350648515,2.0562764655173194,1.3974082197852442,0.27865026284316596,0.8375401530808103,0.7976190476190477,0.9880952380952381,3.261904761904762,3.5619241514427515,2.9933849217086688,autumn_internationals,2022,mixed
empirical_event,autumn_internationals_2022,runs,stable,position:Hooker,84,22,1.9122069357154143,1.669034249447137,1.9907663344048754,0.8383878211131606,0.7266717101598167,0.7309578107889418,0.8809523809523809,1.0,3.488095238095238,3.777815199696607,2.662193494002514,autumn_internationals,2022,mixed
empirical_event,autumn_internationals_2022,runs,stable,position:Prop,168,22,1.699635998807209,1.6232380374022843,1.6184990774269594,1.0029279967109148,0.9493419308335621,0.7702835137441008,0.8690476190476191,1.0,3.2261904761904763,2.955857816935332,3.994044975012838,autumn_internationals,2022,mixed
empirical_event,autumn_internationals_2022,runs,stable,position:Scrum-half,84,22,1.5095708579584173,1.6972044728526132,1.6238331466104494,1.0451840303884161,0.6708182893548054,0.5775487699343682,0.8333333333333334,1.0,2.1666666666666665,2.5899949150300268,1.9813274193228807,autumn_internationals,2022,mixed
empirical_event,autumn_internationals_2022,runs,stable,position:Second-row,126,22,1.937254949806059,1.7295421668305444,1.7334374389524034,0.9977528625871764,0.8082617131510071,0.8335355843838037,0.9047619047619048,1.0,4.0396825396825395,3.876764096304755,3.8756214732254857,autumn_internationals,2022,mixed
empirical_event,autumn_internationals_2022,tackles,stable,all,966,22,2.483012281924816,2.130231265254437,2.101324250198993,1.0137565704353844,0.5121233292737081,0.8557281158465179,0.9026915113871635,0.9979296066252588,5.504140786749482,5.833648988542914,28.782101997667443,autumn_internationals,2022,mixed
empirical_event,autumn_internationals_2022,tackles,stable,starter,627,22,2.8070572231451516,1.9373310121387637,2.0263205806269515,0.9560831739365475,0.4724026919779309,0.8660080178868588,0.9665071770334929,1.0,7.003189792663477,7.541254775702059,24.054836834693397,autumn_internationals,2022,mixed
empirical_event,autumn_internationals_2022,tackles,stable,bench,339,22,1.883672523384548,2.487011379424133,2.2400478514428577,1.110249219820104,1.111581395946416,0.6055251832508831,0.7846607669616519,0.9941002949852508,2.7315634218289087,2.675333860080425,7.80055090536636,autumn_internationals,2022,mixed
empirical_event,autumn_internationals_2022,tackles,stable,zero_minute,21,11,2.036026984867442,3.5714919557613842,3.878447349880888,0.9208561142053584,0.32763394372465016,0.2134790507275875,0.2857142857142857,1.0,0.8095238095238095,2.257316884990653,3.0540404773011636,autumn_internationals,2022,mixed
empirical_event,autumn_internationals_2022,tackles,stable,low_history,77,21,2.3394537981900814,2.4456827146190974,2.4159923034106665,1.0122891166360575,0.03006013781612688,0.9461698412219517,0.8051948051948052,1.0,4.259740259740259,4.470318052477363,3.8394352666746534,autumn_internationals,2022,mixed
empirical_event,autumn_internationals_2022,tackles,stable,north,483,21,2.666312778682416,2.3799680802829966,2.2206933532244015,1.0717229719390708,0.6637402087237719,0.8166126539696812,0.8985507246376812,0.9958592132505176,5.494824016563147,5.916004098582999,38.05123789280482,autumn_internationals,2022,mixed
empirical_event,autumn_internationals_2022,tackles,stable,south,483,20,2.2997117851672155,1.8804944502258774,1.981955147173585,0.9488077734289809,0.34966326499464195,0.897849145084098,0.906832298136646,1.0,5.513457556935818,5.751293878502831,19.512966102530054,autumn_internationals,2022,mixed
empirical_event,autumn_internationals_2022,tackles,stable,position:Back-row,168,22,3.552385523069673,2.8823853648098696,2.847919075773664,1.0121022712089678,2.1189533422866926,0.7301968246080263,0.9464285714285714,1.0,8.779761904761905,9.121935809637044,10.191988828991905,autumn_internationals,2022,mixed
empirical_event,autumn_internationals_2022,tackles,stable,position:Back-three,168,22,1.7567158322593315,2.1028273461349496,1.9437173319183196,1.081858617816408,0.8595449989694316,0.6518335918403786,0.8392857142857143,0.9940476190476191,2.982142857142857,3.2563492964216687,3.869906411600743,autumn_internationals,2022,mixed
empirical_event,autumn_internationals_2022,tackles,stable,position:Centre,84,22,2.7201255227493224,2.2758102151142166,1.9390761886046382,1.1736569344146774,5.899665145826124,0.05138641084553481,0.9404761904761905,1.0,6.238095238095238,6.585984245648551,4.332763009368797,autumn_internationals,2022,mixed
empirical_event,autumn_internationals_2022,tackles,stable,position:Fly-half,84,22,1.7711395684519868,1.849410883474786,1.8872029037842648,0.9799745855447247,0.4241804789551159,0.7835537177353028,0.7857142857142857,0.9880952380952381,3.3095238095238093,3.6823810100833576,2.4054309741252244,autumn_internationals,2022,mixed
empirical_event,autumn_internationals_2022,tackles,stable,position:Hooker,84,22,2.3538724139094245,1.6504218608458596,2.075186099205329,0.7953127006189332,-0.41553257730585624,1.0357261051784337,0.9404761904761905,1.0,5.833333333333333,6.033318924178941,2.839505694150151,autumn_internationals,2022,mixed
empirical_event,autumn_internationals_2022,tackles,stable,position:Prop,168,22,2.4971949463861334,2.031352864672692,2.1189078885683443,0.9586791741311561,0.7176268751782912,0.8212701543498444,0.9285714285714286,1.0,5.2023809523809526,5.4607537525249565,6.479079804758917,autumn_internationals,2022,mixed
empirical_event,autumn_internationals_2022,tackles,stable,position:Scrum-half,84,22,1.883856037424301,2.109213308258088,1.8615139473824163,1.1330633924199043,0.5473022335781602,0.6587639328361463,0.8095238095238095,1.0,2.9642857142857144,3.668967531816481,2.7395498858218614,autumn_internationals,2022,mixed
empirical_event,autumn_internationals_2022,tackles,stable,position:Second-row,126,22,2.8087033974467124,1.7197814209987001,1.7207740971940813,0.9994231223046652,1.259090991605379,0.7986524042820468,0.9841269841269841,1.0,7.349206349206349,7.625489292899228,5.834381672151362,autumn_internationals,2022,mixed
empirical_event,autumn_internationals_2022,missed_tackles,stable,all,966,22,0.7963763719677964,1.3014714701383543,1.2489570465513984,1.0420466210042674,0.2659217386007323,0.722802743744326,0.5279503105590062,0.9979296066252588,0.8964803312629399,0.8723799101754002,6.537148559795557,autumn_internationals,2022,mixed
empirical_event,autumn_internationals_2022,missed_tackles,stable,starter,627,22,0.9467380071936504,1.3891215926855676,1.3813977975650416,1.005591289586635,0.5886139721574418,0.49215826816848157,0.631578947368421,1.0,1.1499202551834131,1.140499549290957,5.995024643456797,autumn_internationals,2022,mixed
empirical_event,autumn_internationals_2022,missed_tackles,stable,bench,339,22,0.518273878496969,1.1393575266660754,1.004000259278377,1.1348179605899564,0.08519649430543416,0.9098349270023856,0.336283185840708,0.9941002949852508,0.4277286135693215,0.37647721482007823,1.6757317110784065,autumn_internationals,2022,mixed
empirical_event,autumn_internationals_2022,missed_tackles,stable,zero_minute,21,11,0.4187717717608878,0.7916728277277117,0.8804770763923335,0.8991407601109976,-0.1141625228047115,0.7687990358129047,0.14285714285714285,1.0,0.19047619047619047,0.39625272547173074,0.5754333717604938,autumn_internationals,2022,mixed
empirical_event,autumn_internationals_2022,missed_tackles,stable,low_history,77,21,0.7667287180646613,1.2953170316811997,1.159528189834792,1.117106977680081,0.19772678222709153,0.4772558615816251,0.3116883116883117,1.0,0.5714285714285714,0.7830218951382448,1.065082055750879,autumn_internationals,2022,mixed
empirical_event,autumn_internationals_2022,missed_tackles,stable,north,483,21,0.7420797585554122,1.3224107388712338,1.1703651596066427,1.1299129404327906,0.2655165037736596,0.5986668201506803,0.4989648033126294,0.9958592132505176,0.7660455486542443,0.8360728004845921,6.481019666689923,autumn_internationals,2022,mixed
empirical_event,autumn_internationals_2022,missed_tackles,stable,south,483,20,0.8506729853801804,1.2805322014054747,1.3275489334961543,0.964583804856926,0.30945245023233514,0.7895597141301051,0.556935817805383,1.0,1.0269151138716357,0.9086870198662083,6.593277452901193,autumn_internationals,2022,mixed
empirical_event,autumn_internationals_2022,missed_tackles,stable,position:Back-row,168,22,0.8599539492606936,1.2999674147417632,1.3154672707488342,0.9882172241364487,0.3627144306580679,0.7002913326656256,0.5654761904761905,1.0,1.005952380952381,0.9185290753861804,1.8863306977281786,autumn_internationals,2022,mixed
empirical_event,autumn_internationals_2022,missed_tackles,stable,position:Back-three,168,22,0.8451872694390469,1.6635784223461247,1.2749377368868298,1.3048311099554446,0.4629779814532712,0.6255982329432128,0.5952380952380952,0.9940476190476191,1.0416666666666667,0.9250164957961522,2.159944212355002,autumn_internationals,2022,mixed
empirical_event,autumn_internationals_2022,missed_tackles,stable,position:Centre,84,22,1.0069654594933415,1.3057800437661458,1.3531379095819913,0.9650014492384776,0.5476048079901146,0.7242342881967611,0.75,1.0,1.4880952380952381,1.2985997009984291,1.5333640967589344,autumn_internationals,2022,mixed
empirical_event,autumn_internationals_2022,missed_tackles,stable,position:Fly-half,84,22,0.8641718357788893,1.2508000684379845,1.3688143396284307,0.9137835805968533,0.2308877286004621,0.6817143299703637,0.4523809523809524,0.9880952380952381,0.9047619047619048,0.9884993560143265,1.4936393164935293,autumn_internationals,2022,mixed
empirical_event,autumn_internationals_2022,missed_tackles,stable,position:Hooker,84,22,0.6249727338588835,0.9164017507224629,0.9806574310336762,0.9344769352907634,0.022343183112219483,0.9913864083207582,0.5357142857142857,1.0,0.75,0.733979012401743,0.8489517085768729,autumn_internationals,2022,mixed
empirical_event,autumn_internationals_2022,missed_tackles,stable,position:Prop,168,22,0.7033003337036704,1.1586632153285603,1.2348427366619938,0.9383083213176111,0.06234066337199826,0.8744103349696646,0.4226190476190476,1.0,0.6547619047619048,0.6775094228620473,1.6701934455920917,autumn_internationals,2022,mixed
empirical_event,autumn_internationals_2022,missed_tackles,stable,position:Scrum-half,84,22,0.853934594519044,1.5491134391780776,1.4029588746063404,1.1041759435840535,0.4558140847545389,0.3724421565503005,0.47619047619047616,1.0,0.7857142857142857,0.8857756705508499,1.1502407455116894,autumn_internationals,2022,mixed
empirical_event,autumn_internationals_2022,missed_tackles,stable,position:Second-row,126,22,0.660933699448452,1.133605666435672,1.0712946612635517,1.0581642076873854,0.333458415355697,0.4393580869265021,0.4603174603174603,1.0,0.6507936507936508,0.7222701593086627,1.1891807026752004,autumn_internationals,2022,mixed
empirical_event,autumn_internationals_2022,rucks_won,stable,all,966,22,1.7230132224213688,1.9289694765460825,2.3857562879702265,0.8085358451207215,0.6632845959766582,0.9114120598331417,0.8478260869565217,0.9979296066252588,3.2660455486542443,2.8557455703999475,20.121080296391007,autumn_internationals,2022,mixed
empirical_event,autumn_internationals_2022,rucks_won,stable,starter,627,22,2.0033844218633994,1.6857452843692298,2.6083638173015875,0.6462845685818369,1.1047821564958291,0.8190007561356649,0.9457735247208932,1.0,4.185007974481659,3.7609560124454884,16.21167229116963,autumn_internationals,2022,mixed
empirical_event,autumn_internationals_2022,rucks_won,stable,bench,339,22,1.2044505615064622,2.378826610749289,1.9740308576139929,1.2050604992186251,0.7264302885086779,0.7109069548217447,0.6666666666666666,0.9941002949852508,1.5663716814159292,1.1815067882095218,6.024839979902817,autumn_internationals,2022,mixed
empirical_event,autumn_internationals_2022,rucks_won,stable,zero_minute,21,11,1.0089448682341386,1.5757202301985997,2.254266861380326,0.6989945410605731,-1.1178839086935108,1.7802561215016453,0.23809523809523808,1.0,0.7619047619047619,1.0559091177356386,1.1539454556537565,autumn_internationals,2022,mixed
empirical_event,autumn_internationals_2022,rucks_won,stable,low_history,77,21,1.5478030900988744,1.9057069926880683,2.4142224213322803,0.7893667856983991,0.8310154042311971,0.8546320139231194,0.7792207792207793,1.0,2.5974025974025974,2.066839486930688,2.938108837560402,autumn_internationals,2022,mixed
empirical_event,autumn_internationals_2022,rucks_won,stable,north,483,21,1.7048310309345316,2.099834810341503,2.3178969977930346,0.9059223996324438,0.5279992437215154,0.9591300131967778,0.84472049689441,0.9958592132505176,3.209109730848861,2.795356677653336,18.29904710385728,autumn_internationals,2022,mixed
empirical_event,autumn_internationals_2022,rucks_won,stable,south,483,20,1.7411954139082062,1.7581041427506618,2.4536155781474185,0.7165361022357477,0.7915540544612735,0.8680763332383864,0.8509316770186336,1.0,3.3229813664596275,2.9161344631465584,21.943113488924734,autumn_internationals,2022,mixed
empirical_event,autumn_internationals_2022,rucks_won,stable,position:Back-row,168,22,2.323872144482329,2.0590890731820073,3.071758512154078,0.6703290851265734,1.1293786831905588,0.8752859707683566,0.9404761904761905,1.0,4.708333333333333,4.088897537111261,6.155074843845398,autumn_internationals,2022,mixed
empirical_event,autumn_internationals_2022,rucks_won,stable,position:Back-three,168,22,1.7459493360710567,2.50091827107949,2.4276625697245415,1.0301754050453809,1.1191425475291825,0.8105560003367026,0.9047619047619048,0.9940476190476191,3.6785714285714284,3.1576212870906692,4.132817934292241,autumn_internationals,2022,mixed
empirical_event,autumn_internationals_2022,rucks_won,stable,position:Centre,84,22,1.9425784381161686,1.5047116518694108,1.9515949888611206,0.7710163535250238,2.599965072704296,0.3754515248862764,1.0,1.0,4.059523809523809,3.887475852606032,2.680357657992938,autumn_internationals,2022,mixed
empirical_event,autumn_internationals_2022,rucks_won,stable,position:Fly-half,84,22,1.2310258854847076,2.146514703209054,2.065049444665225,1.0394495438132405,0.15297498182477584,0.9464548032087543,0.6190476190476191,0.9880952380952381,1.6666666666666667,1.5993280183163956,1.791857577817753,autumn_internationals,2022,mixed
empirical_event,autumn_internationals_2022,rucks_won,stable,position:Hooker,84,22,1.6882128826610565,1.8676497773838638,2.3930709659033056,0.7804406154244103,1.3222714219485143,0.628903232478152,0.8452380952380952,1.0,3.0357142857142856,2.7244936506591992,2.671083597855532,autumn_internationals,2022,mixed
empirical_event,autumn_internationals_2022,rucks_won,stable,position:Prop,168,22,1.6355629089558885,1.7684087391997214,2.521855253652381,0.7012332435172679,0.621839151107189,1.0305207277188622,0.8571428571428571,1.0,2.9166666666666665,2.226862064811892,4.289222327642112,autumn_internationals,2022,mixed
empirical_event,autumn_internationals_2022,rucks_won,stable,position:Scrum-half,84,22,0.9860978581515703,1.4775545906132277,1.5135873369498907,0.9761938109172646,0.36580004270155025,0.5628118896692639,0.5595238095238095,1.0,1.0119047619047619,1.1479940830370412,1.5114679300222702,autumn_internationals,2022,mixed
empirical_event,autumn_internationals_2022,rucks_won,stable,position:Second-row,126,22,1.7039788096091273,1.6865907268546378,2.313561269477376,0.7290019715949134,0.827465659655238,0.8682149916312957,0.8809523809523809,1.0,3.4523809523809526,3.023347117968721,3.297727131308601,autumn_internationals,2022,mixed
empirical_event,autumn_internationals_2022,rucks_lost,stable,all,966,22,0.25274666546489394,0.6482342150495626,0.5984312207140821,1.083222587010171,0.06787549602993256,0.5608379815839689,0.13871635610766045,0.9979296066252588,0.15527950310559005,0.15584537771283477,1.499054936120444,autumn_internationals,2022,mixed
empirical_event,autumn_internationals_2022,rucks_lost,stable,starter,627,22,0.3267133145666288,0.7346038066205933,0.7302773921084026,1.0059243440354901,0.12999605430049754,0.3756904552275181,0.1850079744816587,1.0,0.20733652312599682,0.20586221382351008,1.3774713738375692,autumn_internationals,2022,mixed
empirical_event,autumn_internationals_2022,rucks_lost,stable,bench,339,22,0.11594109323248179,0.4884886872765942,0.3545741426484801,1.3776771301704174,0.06737287093782252,-0.13224347740514403,0.05309734513274336,0.9941002949852508,0.058997050147492625,0.0633363622514972,0.580945428453946,autumn_internationals,2022,mixed
empirical_event,autumn_internationals_2022,rucks_lost,stable,zero_minute,21,11,0.10149644090614258,0.23581169182852882,0.28655022677086894,0.8229331886625529,-0.04331614048129145,1.3873749353871923,0.047619047619047616,1.0,0.047619047619047616,0.06554478229416809,0.1522446613592139,autumn_internationals,2022,mixed
empirical_event,autumn_internationals_2022,rucks_lost,stable,low_history,77,21,0.2130936342827024,0.5229095664823511,0.48513919834310654,1.0778547028734051,0.06213940404912229,0.5152231976732184,0.11688311688311688,1.0,0.12987012987012986,0.1314589989870098,0.23116553529698222,autumn_internationals,2022,mixed
empirical_event,autumn_internationals_2022,rucks_lost,stable,north,483,21,0.2432253785302007,0.655109057901117,0.5863087233341397,1.1173448932769292,0.07531059120570646,0.509625000002291,0.13043478260869565,0.9958592132505176,0.14906832298136646,0.14472942217381088,1.709729288887011,autumn_internationals,2022,mixed
empirical_event,autumn_internationals_2022,rucks_lost,stable,south,483,20,0.26226795239958706,0.6413593721980083,0.6105537180940244,1.0504552723061789,0.0600902545040289,0.6073288153061394,0.14699792960662525,1.0,0.16149068322981366,0.1669613332518586,1.2883805833538764,autumn_internationals,2022,mixed
empirical_event,autumn_internationals_2022,rucks_lost,stable,position:Back-row,168,22,0.2928852579094715,0.6417285869634,0.6701535517058888,0.9575844003659572,0.05580227967252308,0.672725911754417,0.16666666666666666,1.0,0.18452380952380953,0.19134320174406635,0.6404618906616368,autumn_internationals,2022,mixed
empirical_event,autumn_internationals_2022,rucks_lost,stable,position:Back-three,168,22,0.3599096453120306,1.115683731680933,0.8852947055412844,1.2602399231550636,0.22388512895087437,0.23011241890098713,0.23214285714285715,0.9940476190476191,0.26785714285714285,0.19108926895939843,0.8507629760442159,autumn_internationals,2022,mixed
empirical_event,autumn_internationals_2022,rucks_lost,stable,position:Centre,84,22,0.3449938637185818,0.7281267321872844,0.7020752672655465,1.0371063704084087,0.09361452179274088,0.39602521355078546,0.16666666666666666,1.0,0.19047619047619047,0.2445846005989926,0.5607426132255378,autumn_internationals,2022,mixed
empirical_event,autumn_internationals_2022,rucks_lost,stable,position:Fly-half,84,22,0.18710170162238,0.354551141366031,0.31680316032064293,1.1191527919329547,-0.02513795408814847,0.5176715574049129,0.05952380952380952,0.9880952380952381,0.05952380952380952,0.163543394264053,0.35963259206684667,autumn_internationals,2022,mixed
empirical_event,autumn_internationals_2022,rucks_lost,stable,position:Hooker,84,22,0.2242065222627239,0.52676025287739,0.570240004642331,0.9237518388556191,0.04380042147584451,0.8877102896392979,0.15476190476190477,1.0,0.15476190476190477,0.12499740577654792,0.3795426198116149,autumn_internationals,2022,mixed
empirical_event,autumn_internationals_2022,rucks_lost,stable,position:Prop,168,22,0.15618401669533685,0.47046472275781037,0.4196109179016532,1.121192759021766,0.057328301172431935,0.29062628039921606,0.07738095238095238,1.0,0.08333333333333333,0.0894792863370093,0.46578375700986185,autumn_internationals,2022,mixed
empirical_event,autumn_internationals_2022,rucks_lost,stable,position:Scrum-half,84,22,0.16694916285746178,0.39584600520155966,0.4075014344749944,0.9713978202593299,-0.014079300991688033,0.6795139228705301,0.05952380952380952,1.0,0.07142857142857142,0.1258368217961467,0.3120763957355113,autumn_internationals,2022,mixed
empirical_event,autumn_internationals_2022,rucks_lost,stable,position:Second-row,126,22,0.2435850417009698,0.6624368390889452,0.6234805474738498,1.0624819679987358,0.09771210896910262,0.48315538153545307,0.1349206349206349,1.0,0.15873015873015872,0.12629073812060765,0.5501558333411667,autumn_internationals,2022,mixed
empirical_event,autumn_internationals_2022,passes,stable,all,966,22,2.996656617489838,3.18605105343555,3.304964896991924,0.9640196349242302,0.6980759238717151,0.897014868491842,0.7867494824016563,0.9979296066252588,5.872670807453416,5.768683513888448,28.464938632513707,autumn_internationals,2022,mixed
empirical_event,autumn_internationals_2022,passes,stable,starter,627,22,3.0364004499524317,2.310111136337556,2.7676090709067633,0.8346956080689115,0.6542366913909639,0.9005425875007896,0.8931419457735247,1.0,7.188197767145136,7.255582541506888,25.48663328375313,autumn_internationals,2022,mixed
empirical_event,autumn_internationals_2022,passes,stable,bench,339,22,2.923148113200616,4.806152316032725,4.29883540718483,1.1180126384927402,0.8263693853863764,0.8656918710566082,0.5899705014749262,0.9941002949852508,3.43952802359882,3.018578232718057,15.808817212808373,autumn_internationals,2022,mixed
empirical_event,autumn_internationals_2022,passes,stable,zero_minute,21,11,5.629708883360771,10.537709973124532,11.631814869807451,0.9059385909310788,1.16681598937861,0.05567219432254535,0.19047619047619047,1.0,1.4761904761904763,5.557073698576656,8.200387437069525,autumn_internationals,2022,mixed
empirical_event,autumn_internationals_2022,passes,stable,low_history,77,21,2.9725998251459758,4.036562822568741,4.032995334065672,1.0008845754104736,1.4183246016648772,0.6528922110028823,0.6753246753246753,1.0,4.116883116883117,4.133237416131966,5.5068941153609625,autumn_internationals,2022,mixed
empirical_event,autumn_internationals_2022,passes,stable,north,483,21,3.0930288748577333,3.27365252126049,3.312559987255622,0.9882545625906187,0.6611470456829702,0.8365295532917317,0.7950310559006211,0.9958592132505176,5.925465838509317,6.2930458010853645,23.371637095716604,autumn_internationals,2022,mixed
empirical_event,autumn_internationals_2022,passes,stable,south,483,20,2.900284360121943,3.0984495856106107,3.297369806728226,0.939673062841868,0.6523425119743897,0.9853578835183507,0.7784679089026915,1.0,5.819875776397516,5.244321226691529,33.558240169310814,autumn_internationals,2022,mixed
empirical_event,autumn_internationals_2022,passes,stable,position:Back-row,168,22,1.6772185441600196,1.6856065949142895,2.0595392953826037,0.8184386666927624,0.20776107236171068,1.0050374363536771,0.8392857142857143,1.0,3.2797619047619047,3.056603387377844,3.970291971902861,autumn_internationals,2022,mixed
empirical_event,autumn_internationals_2022,passes,stable,position:Back-three,168,22,2.152151616937839,2.6691374086929796,3.00923909867565,0.8869808350780942,0.8754045148945936,0.792779240445535,0.8452380952380952,0.9940476190476191,3.6964285714285716,3.5583979910328956,5.33894312360841,autumn_internationals,2022,mixed
empirical_event,autumn_internationals_2022,passes,stable,position:Centre,84,22,2.573635843601058,2.1584006149977237,3.2270040960439608,0.6688558646838235,0.14941799911515086,0.9712434637602265,0.9404761904761905,1.0,4.928571428571429,4.920654406211907,3.4273266625054903,autumn_internationals,2022,mixed
empirical_event,autumn_internationals_2022,passes,stable,position:Fly-half,84,22,5.684631888742176,6.5538045413911545,6.849814988835752,0.9567856288196026,2.646561609305037,0.7417727055772783,0.8452380952380952,0.9880952380952381,9.94047619047619,9.833085696372086,7.863151514964445,autumn_internationals,2022,mixed
empirical_event,autumn_internationals_2022,passes,stable,position:Hooker,84,22,1.318087530214063,1.8999942862134926,1.980719173578435,0.9592446579799083,0.27020310949618737,0.8061673983357892,0.6428571428571429,1.0,1.5,1.5254857651680567,1.833928683754902,autumn_internationals,2022,mixed
empirical_event,autumn_internationals_2022,passes,stable,position:Prop,168,22,0.8821813518907666,1.3436845381463718,1.5031379583396236,0.893919637044237,0.238405237215357,0.8010126279848119,0.5773809523809523,1.0,1.0833333333333333,1.054824938582613,2.037636310979926,autumn_internationals,2022,mixed
empirical_event,autumn_internationals_2022,passes,stable,position:Scrum-half,84,22,13.098995693137406,11.926114070365156,9.947366628556486,1.1989217363445883,7.86632240104314,0.7418029247098822,0.9166666666666666,1.0,30.833333333333332,30.961068185694415,13.47150978920799,autumn_internationals,2022,mixed
empirical_event,autumn_internationals_2022,passes,stable,position:Second-row,126,22,1.5753980796407918,1.8029443453560137,1.9055724823978235,0.9461431470123506,0.3835686329589454,0.967823475118682,0.7857142857142857,1.0,2.8095238095238093,2.506609148189316,2.828446828362246,autumn_internationals,2022,mixed
empirical_event,autumn_internationals_2022,bad_passes,stable,all,966,22,0.4111801080514957,0.8322851721808969,0.8043582523176696,1.0347195043785018,0.03384721254062262,0.9948730607882323,0.2484472049689441,0.9979296066252588,0.34368530020703936,0.3114347949284443,2.553876234081361,autumn_internationals,2022,mixed
empirical_event,autumn_internationals_2022,bad_passes,stable,starter,627,22,0.5000940976456097,0.9354146020187898,0.9069495744836737,1.031385457732114,0.01423224447775898,1.0283864896330999,0.2982456140350877,1.0,0.430622009569378,0.4048961837685899,2.3645885226201577,autumn_internationals,2022,mixed
empirical_event,autumn_internationals_2022,bad_passes,stable,bench,339,22,0.24672856977565638,0.641541359471874,0.6146097007009005,1.0438191241372543,0.07079471555163169,0.8089344931534228,0.15634218289085547,0.9941002949852508,0.18289085545722714,0.1385725801710068,1.112413246874195,autumn_internationals,2022,mixed
empirical_event,autumn_internationals_2022,bad_passes,stable,zero_minute,21,11,0.18545047270609732,0.34167723490261037,0.428475154094136,0.7974260155760254,-0.05345792983397029,0.5454236115296206,0.047619047619047616,1.0,0.047619047619047616,0.18531830180499745,0.27371097433411845,autumn_internationals,2022,mixed
empirical_event,autumn_internationals_2022,bad_passes,stable,low_history,77,21,0.3477190298462721,0.7933307417543312,0.7538423947557382,1.052382762329768,0.0730739928521662,0.9500671640169992,0.2077922077922078,1.0,0.2727272727272727,0.2101464900975508,0.6275942952409213,autumn_internationals,2022,mixed
empirical_event,autumn_internationals_2022,bad_passes,stable,north,483,21,0.382263499136234,0.7534601421047028,0.7567904121675395,0.9955994816936192,0.017207082565941483,0.9607679540988416,0.2360248447204969,0.9958592132505176,0.3146997929606625,0.3096405423656706,2.2747164707464735,autumn_internationals,2022,mixed
empirical_event,autumn_internationals_2022,bad_passes,stable,south,483,20,0.4400967169667575,0.9111102022570912,0.8519260924677995,1.06947094391469,0.0500821979663557,1.0298808877107892,0.2608695652173913,1.0,0.37267080745341613,0.31322904749121794,2.833035997416248,autumn_internationals,2022,mixed
empirical_event,autumn_internationals_2022,bad_passes,stable,position:Back-row,168,22,0.4021427427610769,0.89226877911287,0.845271144675545,1.0556006610817938,0.259266027698495,0.08559643405972979,0.24404761904761904,1.0,0.27976190476190477,0.23944779112068526,0.7428520028792299,autumn_internationals,2022,mixed
empirical_event,autumn_internationals_2022,bad_passes,stable,position:Back-three,168,22,0.40499897089983156,0.7396661598819098,0.8005358719165836,0.9239637920422678,0.050075735427194484,0.7413065724592944,0.25,0.9940476190476191,0.2916666666666667,0.3258988119287694,0.8310384768284036,autumn_internationals,2022,mixed
empirical_event,autumn_internationals_2022,bad_passes,stable,position:Centre,84,22,0.5791928685911009,1.059369975808931,1.0542546180340022,1.0048521084825486,0.27637704221136283,0.4912390604383915,0.38095238095238093,1.0,0.5,0.45522226508020697,0.8260810043334158,autumn_internationals,2022,mixed
empirical_event,autumn_internationals_2022,bad_passes,stable,position:Fly-half,84,22,0.6682640296599557,1.1632225865249235,1.232459806358395,0.9438219246775683,0.20454126918522866,0.905719890812631,0.5,0.9880952380952381,0.7738095238095238,0.6285257289795586,0.927270622364847,autumn_internationals,2022,mixed
empirical_event,autumn_internationals_2022,bad_passes,stable,position:Hooker,84,22,0.1932386478080268,0.5229118315848813,0.45630960382182567,1.1459584177173305,0.08524346674130016,-0.014771862768590865,0.07142857142857142,1.0,0.08333333333333333,0.1293089055788094,0.3417516745868128,autumn_internationals,2022,mixed
empirical_event,autumn_internationals_2022,bad_passes,stable,position:Prop,168,22,0.15078632186573304,0.4766713223298054,0.4089674619996678,1.1655482810272877,0.0632692940665892,0.23671963810418356,0.08333333333333333,1.0,0.08333333333333333,0.08475865976913026,0.4408177578721945,autumn_internationals,2022,mixed
empirical_event,autumn_internationals_2022,bad_passes,stable,position:Scrum-half,84,22,0.9173691259545542,1.4851110183916865,1.3840127426797548,1.0730472145192702,0.294649049473244,0.9000672488042237,0.5119047619047619,1.0,1.0119047619047619,0.7968912471644998,1.3803960007462426,autumn_internationals,2022,mixed
empirical_event,autumn_internationals_2022,bad_passes,stable,position:Second-row,126,22,0.3031003330168536,0.748967696747149,0.6756894490504194,1.1084495958901108,0.1465023270155211,0.19921773637576395,0.15873015873015872,1.0,0.18253968253968253,0.1808943128245764,0.706745753934238,autumn_internationals,2022,mixed
empirical_event,autumn_internationals_2022,turnovers_conceded,stable,all,966,22,0.5632313230857692,0.9593613131804725,0.9334338469036418,1.027776436822852,0.039463775485228156,0.8324988528210072,0.37163561076604557,0.9979296066252588,0.5196687370600414,0.5768235715251614,2.4762202587154434,autumn_internationals,2022,mixed
empirical_event,autumn_internationals_2022,turnovers_conceded,stable,starter,627,22,0.6882716342707254,1.087576156020546,1.0775791499925216,1.0092772823491376,0.059407492577330356,0.81533705212037,0.4704944178628389,1.0,0.6842105263157895,0.7663125723448885,2.2991694341894413,autumn_internationals,2022,mixed
empirical_event,autumn_internationals_2022,turnovers_conceded,stable,bench,339,22,0.33196207496492086,0.722220586157682,0.666828817296775,1.083067449132533,0.05443068618843388,0.7108751115263737,0.1887905604719764,0.9941002949852508,0.2153392330383481,0.226352764699295,1.0481367302294529,autumn_internationals,2022,mixed
empirical_event,autumn_internationals_2022,turnovers_conceded,stable,zero_minute,21,11,0.23870377913749313,0.4618767249499813,0.493012155575535,0.936846525438695,-0.1534068664152231,0.7473260853833347,0.047619047619047616,1.0,0.047619047619047616,0.268993573175164,0.33206178833417466,autumn_internationals,2022,mixed
empirical_event,autumn_internationals_2022,turnovers_conceded,stable,low_history,77,21,0.4102586993301431,0.6876093739687452,0.6757161383734526,1.01760093465271,-0.05789086882722666,0.9565142953975474,0.2987012987012987,1.0,0.37662337662337664,0.4542684281263253,0.5813295435429087,autumn_internationals,2022,mixed
empirical_event,autumn_internationals_2022,turnovers_conceded,stable,north,483,21,0.5702107741228863,0.9960159280465034,0.9668520761195807,1.030163716505601,0.06022729480693571,0.78753431371661,0.36853002070393376,0.9958592132505176,0.5093167701863354,0.5702475023088354,2.334433870774536,autumn_internationals,2022,mixed
empirical_event,autumn_internationals_2022,turnovers_conceded,stable,south,483,20,0.5562518720486521,0.9227066983144416,0.900015617687703,1.025211874306177,0.02349382309665212,0.8682331038005286,0.3747412008281574,1.0,0.5300207039337475,0.5833996407414878,2.618006646656351,autumn_internationals,2022,mixed
empirical_event,autumn_internationals_2022,turnovers_conceded,stable,position:Back-row,168,22,0.6083353730741689,1.1116746002375553,1.0628471110476982,1.0459402755883915,0.21988986057507678,0.49276320439334115,0.375,1.0,0.5059523809523809,0.5805273563992797,1.1310159010559393,autumn_internationals,2022,mixed
empirical_event,autumn_internationals_2022,turnovers_conceded,stable,position:Back-three,168,22,0.7760486844594522,1.2173231380799325,1.1925085399649529,1.02080873828854,0.3341854164977842,0.5904446381662324,0.5654761904761905,0.9940476190476191,0.8928571428571429,0.9461881610009156,1.327951487407019,autumn_internationals,2022,mixed
empirical_event,autumn_internationals_2022,turnovers_conceded,stable,position:Centre,84,22,0.6686010792682381,1.0909581854063322,1.0851635463875244,1.0053398762224348,0.359438038504623,0.29202976420402715,0.4523809523809524,1.0,0.5833333333333334,0.7666865582656331,0.8330229500386405,autumn_internationals,2022,mixed
empirical_event,autumn_internationals_2022,turnovers_conceded,stable,position:Fly-half,84,22,0.8047934166691578,1.3179568706154772,1.3613878501882446,0.9680980114764782,0.04157295738822433,1.0617584495311125,0.4642857142857143,0.9880952380952381,0.8571428571428571,0.768131301535486,1.2626789302645862,autumn_internationals,2022,mixed
empirical_event,autumn_internationals_2022,turnovers_conceded,stable,position:Hooker,84,22,0.4152823766729129,0.7552606061412105,0.7217506314076151,1.0464287432187507,0.011032445008003896,0.8239075949222868,0.25,1.0,0.2857142857142857,0.3333891353825796,0.6386153704980593,autumn_internationals,2022,mixed
empirical_event,autumn_internationals_2022,turnovers_conceded,stable,position:Prop,168,22,0.27762928030146367,0.558934498882284,0.5343844915263161,1.045940718238001,0.026765279310451705,0.5170456087733536,0.13095238095238096,1.0,0.13690476190476192,0.21301695774112975,0.6237297479230736,autumn_internationals,2022,mixed
empirical_event,autumn_internationals_2022,turnovers_conceded,stable,position:Scrum-half,84,22,0.5855784244826007,0.9914508197458277,0.8633144648063774,1.1484237322123272,0.1730855103079242,0.6912345418282643,0.42857142857142855,1.0,0.5714285714285714,0.5762777133027221,0.9011297670514702,autumn_internationals,2022,mixed
empirical_event,autumn_internationals_2022,turnovers_conceded,stable,position:Second-row,126,22,0.45258549514884466,0.7341094301780287,0.7489283076827894,0.9802132228776198,-0.003197130505774658,0.8624666444523122,0.35714285714285715,1.0,0.40476190476190477,0.47301427584685746,0.7245461643700383,autumn_internationals,2022,mixed
empirical_event,autumn_internationals_2022,penalties_conceded,stable,all,966,22,0.5502268084856441,0.9973413667015515,0.9445937801448789,1.0558415560904735,0.08822953660611448,0.7639604346300661,0.35093167701863354,0.9979296066252588,0.47929606625258797,0.5118936949082192,2.1672957443551932,autumn_internationals,2022,mixed
empirical_event,autumn_internationals_2022,penalties_conceded,stable,starter,627,22,0.6340297660519656,1.0316491893808117,1.0205775578431975,1.0108483980002578,0.09807709581043751,0.7597568321152133,0.42424242424242425,1.0,0.5885167464114832,0.6455218694587176,2.200673038555724,autumn_internationals,2022,mixed
empirical_event,autumn_internationals_2022,penalties_conceded,stable,bench,339,22,0.3952284179426251,0.9338870751974323,0.8040574125435639,1.1614681496973753,0.10542920739259111,0.6491519008024514,0.2153392330383481,0.9941002949852508,0.27728613569321536,0.26474069950066037,1.1497875918656513,autumn_internationals,2022,mixed
empirical_event,autumn_internationals_2022,penalties_conceded,stable,zero_minute,21,11,0.31101650042250273,0.6675897604294134,0.6637679731864365,1.0057577156436612,0.08767786347256658,0.25502641029299367,0.09523809523809523,1.0,0.14285714285714285,0.2163669218461813,0.4665247506337541,autumn_internationals,2022,mixed
empirical_event,autumn_internationals_2022,penalties_conceded,stable,low_history,77,21,0.5530866077132878,1.1214696756622093,1.0357019069040785,1.0828112492469073,0.1353329769215317,0.9618444147353737,0.35064935064935066,1.0,0.5324675324675324,0.41288856020987785,0.8823730909204031,autumn_internationals,2022,mixed
empirical_event,autumn_internationals_2022,penalties_conceded,stable,north,483,21,0.5432007070721373,1.0079713046997567,0.9402724527833712,1.071999186742082,0.02054780223332042,0.8617736481732041,0.32712215320910976,0.9958592132505176,0.45962732919254656,0.5095067920561173,1.9597295177391125,autumn_internationals,2022,mixed
empirical_event,autumn_internationals_2022,penalties_conceded,stable,south,483,20,0.5572529098991512,0.9867114287033457,0.9489151075063863,1.0398310880477841,0.15928594579938193,0.6604932385015889,0.3747412008281574,1.0,0.4989648033126294,0.5142805977603211,2.3748619709712733,autumn_internationals,2022,mixed
empirical_event,autumn_internationals_2022,penalties_conceded,stable,position:Back-row,168,22,0.6379939270733752,1.105545452551965,1.1242663533778583,0.9833483402134678,0.1941693407914882,0.6472636188185216,0.4166666666666667,1.0,0.6011904761904762,0.628833636813917,1.2709597277103644,autumn_internationals,2022,mixed
empirical_event,autumn_internationals_2022,penalties_conceded,stable,position:Back-three,168,22,0.433072081409573,1.0269622641245217,0.8033843507316811,1.2782950815375198,0.11670272924461322,0.5208165851051227,0.24404761904761904,0.9940476190476191,0.2857142857142857,0.3245126236438091,0.7044305174650033,autumn_internationals,2022,mixed
empirical_event,autumn_internationals_2022,penalties_conceded,stable,position:Centre,84,22,0.603614290293483,1.1065307051473854,1.0422400452634524,1.0616850793405102,0.511860631017856,-0.11781667129863643,0.34523809523809523,1.0,0.4523809523809524,0.5048494239506843,0.8228306717411933,autumn_internationals,2022,mixed
empirical_event,autumn_internationals_2022,penalties_conceded,stable,position:Fly-half,84,22,0.2722068394472335,0.5028273490195415,0.5201175377470086,0.9667571510809595,-0.024892474579550312,0.6374786234078554,0.13095238095238096,0.9880952380952381,0.13095238095238096,0.2444707160513249,0.4722628086926033,autumn_internationals,2022,mixed
empirical_event,autumn_internationals_2022,penalties_conceded,stable,position:Hooker,84,22,0.4846586224533032,0.8546040293819063,0.8672138117347961,0.9854594309012851,0.08399260322963471,0.8904559675169039,0.35714285714285715,1.0,0.42857142857142855,0.38696896636301403,0.7162908527838999,autumn_internationals,2022,mixed
empirical_event,autumn_internationals_2022,penalties_conceded,stable,position:Prop,168,22,0.7599047736655321,1.2386459677231418,1.1920156298805076,1.0391188980024604,0.2178102561702388,0.6262668174123809,0.4523809523809524,1.0,0.7083333333333334,0.7832493491988696,1.1814635670687625,autumn_internationals,2022,mixed
empirical_event,autumn_internationals_2022,penalties_conceded,stable,position:Scrum-half,84,22,0.35877174818411106,0.6912252417184107,0.6694282618831927,1.0325605909943212,-0.02592077559909905,0.5645153330616047,0.14285714285714285,1.0,0.16666666666666666,0.34115537875877144,0.6328927696782989,autumn_internationals,2022,mixed
empirical_event,autumn_internationals_2022,penalties_conceded,stable,position:Second-row,126,22,0.6309434886065451,1.0479540153342262,1.0163307647050417,1.0311151169750943,0.3949476826366871,0.5879831736404284,0.5555555555555556,1.0,0.7619047619047619,0.62409452467169,0.9615976454450202,autumn_internationals,2022,mixed
empirical_event,autumn_internationals_2022,yellow_cards,stable,all,971,22,0.05462195181284103,0.15153109523529756,0.16089960371155923,0.9417741979460909,0.02716424892091359,0.10155854017514641,0.029866117404737384,0.9979402677651905,0.029866117404737384,0.02660405003029964,0.7169349354018272,autumn_internationals,2022,mixed
empirical_event,autumn_internationals_2022,yellow_cards,stable,starter,630,22,0.06343564551529278,0.15650000742891712,0.1414469435603328,1.1064219804944997,0.028091753900986848,0.1067904990723019,0.031746031746031744,1.0,0.031746031746031744,0.034219128825035146,0.6179988235531495,autumn_internationals,2022,mixed
empirical_event,autumn_internationals_2022,yellow_cards,stable,bench,341,22,0.03833858808103868,0.14235099352861044,0.19683853595576056,0.7231866099664743,0.02827594383671518,-0.15021631521622875,0.026392961876832845,0.9941348973607038,0.026392961876832845,0.01253513612800237,0.27610280632594747,autumn_internationals,2022,mixed
empirical_event,autumn_internationals_2022,yellow_cards,stable,zero_minute,23,11,0.059909682615837234,0.2208895619646356,0.20628625002801054,1.0707914945113508,0.06174828575781156,-1.0601441932747706,0.043478260869565216,1.0,0.043478260869565216,0.017233528235258696,0.09186151334428377,autumn_internationals,2022,mixed
empirical_event,autumn_internationals_2022,yellow_cards,stable,low_history,77,21,0.0677655965899871,0.26248214808435943,0.23679333827519974,1.1084862014965315,0.0730657501042309,-1.2580193232783303,0.05194805194805195,1.0,0.05194805194805195,0.01678646564915026,0.1463601734314427,autumn_internationals,2022,mixed
empirical_event,autumn_internationals_2022,yellow_cards,stable,north,486,21,0.044426896596843124,0.13829340690092454,0.13837890179157167,0.9993821681662433,0.03257353062524634,-0.38873433430750126,0.024691358024691357,0.9958847736625515,0.024691358024691357,0.020276502240524834,0.6121147399426581,autumn_internationals,2022,mixed
empirical_event,autumn_internationals_2022,yellow_cards,stable,south,485,20,0.06483802776124306,0.16479607777242186,0.18346674006849525,0.898234076164961,0.0276165659253025,0.22568100588390388,0.03505154639175258,1.0,0.03505154639175258,0.032944644310362634,0.8217551308609965,autumn_internationals,2022,mixed
empirical_event,autumn_internationals_2022,yellow_cards,stable,position:Back-row,170,22,0.06669280929375564,0.17112605407157522,0.13975449892620453,1.2244761734785798,0.04865504766840062,-0.5067662206945582,0.029411764705882353,1.0,0.029411764705882353,0.037972702553347025,0.24437313981580555,autumn_internationals,2022,mixed
empirical_event,autumn_internationals_2022,yellow_cards,stable,position:Back-three,169,22,0.07359260372949157,0.23559360251310626,0.19731411028862214,1.1940028119047879,0.05433567483281143,-0.24963527525190252,0.047337278106508875,0.9940828402366864,0.047337278106508875,0.028034486389155542,0.2665634298696763,autumn_internationals,2022,mixed
empirical_event,autumn_internationals_2022,yellow_cards,stable,position:Centre,84,22,0.03469864891599826,0.14247060437457718,0.11749733480414497,1.2125432854460902,0.029901529960471247,-0.5497523501618513,0.023809523809523808,1.0,0.023809523809523808,0.011081364452837538,0.06703201425899062,autumn_internationals,2022,mixed
empirical_event,autumn_internationals_2022,yellow_cards,stable,position:Fly-half,85,22,0.022684344444206254,0.02339978251816658,0.01948536074861114,1.2008903925391503,0.0,0.0,0.0,0.9882352941176471,0.0,0.022684344444206254,0.045908792327560274,autumn_internationals,2022,mixed
empirical_event,autumn_internationals_2022,yellow_cards,stable,position:Hooker,85,22,0.03918235678222405,0.13504619948581814,0.396793839024789,0.34034348874399073,0.02600854836113841,-0.15259213807768668,0.023529411764705882,1.0,0.023529411764705882,0.01624681735025144,0.07491652082749825,autumn_internationals,2022,mixed
empirical_event,autumn_internationals_2022,yellow_cards,stable,position:Prop,168,22,0.04403002463403519,0.12610304547371437,0.11254108102676608,1.1205067902601966,0.024242379582939733,-0.020407951916948393,0.023809523809523808,1.0,0.023809523809523808,0.02121015255119521,0.16737834912859992,autumn_internationals,2022,mixed
empirical_event,autumn_internationals_2022,yellow_cards,stable,position:Scrum-half,84,22,0.055980655262249254,0.08881264148435875,0.11288394800179079,0.7867605895831161,-0.0008026944781125699,0.654308854813915,0.023809523809523808,1.0,0.023809523809523808,0.037615597139727036,0.11088078119477952,autumn_internationals,2022,mixed
empirical_event,autumn_internationals_2022,yellow_cards,stable,position:Second-row,126,22,0.0713508913199113,0.191658195988237,0.20227384443458574,0.9475184323706183,0.015361176480295826,1.105579288484569,0.047619047619047616,1.0,0.047619047619047616,0.02917734754507574,0.2017046850542032,autumn_internationals,2022,mixed
empirical_event,autumn_internationals_2022,red_cards,stable,all,971,22,0.00892008183016722,0.05299901889423525,0.04837489527717495,1.0955893256319282,0.005768455031670349,0.14625899165468528,0.006179196704428424,0.9114315139031925,0.006179196704428424,0.0028083174108558253,0.18055466201795495,autumn_internationals,2022,mixed
empirical_event,autumn_internationals_2022,red_cards,stable,starter,630,22,0.0116128576651011,0.06926749661996312,0.06385793330398155,1.084712470888003,0.007437857535612626,0.13197118369419442,0.007936507936507936,0.9333333333333333,0.007936507936507936,0.003778479414496952,0.15856948753906205,autumn_internationals,2022,mixed
empirical_event,autumn_internationals_2022,red_cards,stable,bench,341,22,0.003945158733368553,0.022942887025588474,0.01976986901064076,1.160497675186411,0.00300454626303398,-0.07086562897034668,0.002932551319648094,0.8709677419354839,0.002932551319648094,0.0010159359965041842,0.03190067717517087,autumn_internationals,2022,mixed
empirical_event,autumn_internationals_2022,red_cards,stable,zero_minute,23,11,0.0003481461217013733,0.00034831372637272916,0.0010016496474650252,0.34774007783484123,0.0,0.0,0.0,0.782608695652174,0.0,0.0003481461217013733,0.0005338240532754391,autumn_internationals,2022,mixed
empirical_event,autumn_internationals_2022,red_cards,stable,low_history,77,21,0.001205650132931183,0.001206928453997115,0.0025690184956235294,0.469801387593428,0.0,0.0,0.0,0.922077922077922,0.0,0.001205650132931183,0.002652430292448603,autumn_internationals,2022,mixed
empirical_event,autumn_internationals_2022,red_cards,stable,north,486,21,0.003936601723923696,0.0350676995479404,0.03634702101771908,0.9648025771037738,0.002228071051375261,-0.09071789297454778,0.00205761316872428,0.9094650205761317,0.00205761316872428,0.0018789885551994156,0.08514662181753675,autumn_internationals,2022,mixed
empirical_event,autumn_internationals_2022,red_cards,stable,south,485,20,0.013913837153124645,0.07096731003299668,0.06042756927737196,1.174419406268779,0.009706318268940795,0.16123813850704657,0.010309278350515464,0.9134020618556701,0.010309278350515464,0.0037395624084826606,0.27596270221837316,autumn_internationals,2022,mixed
empirical_event,autumn_internationals_2022,red_cards,stable,position:Back-row,170,22,0.019689495262463594,0.10931240734039274,0.10082240929100086,1.0842074505964983,0.009437120962321618,3.407724588037456,0.01764705882352941,1.0,0.01764705882352941,0.002409214022174245,0.07851553037838015,autumn_internationals,2022,mixed
empirical_event,autumn_internationals_2022,red_cards,stable,position:Back-three,169,22,0.005975974955573788,0.006219282988413286,0.004825687146201272,1.2887870265914434,0.0,0.0,0.0,0.9940828402366864,0.0,0.005975974955573788,0.024046184940285004,autumn_internationals,2022,mixed
empirical_event,autumn_internationals_2022,red_cards,stable,position:Centre,84,22,0.0025117228063443933,0.0025340567543921224,0.0019361090268664406,1.308839904792681,0.0,0.0,0.0,1.0,0.0,0.0025117228063443933,0.0050234456126887865,autumn_internationals,2022,mixed
empirical_event,autumn_internationals_2022,red_cards,stable,position:Fly-half,85,22,0.0011003659710033934,0.0011110321251550433,0.0019189564836342742,0.5789772382179721,0.0,0.0,0.0,0.9882352941176471,0.0,0.0011003659710033934,0.002226931131792582,autumn_internationals,2022,mixed
empirical_event,autumn_internationals_2022,red_cards,stable,position:Hooker,85,22,0.00039917774003881453,0.00039928060610581843,0.0019420186024509815,0.20560081432891253,0.0,0.0,0.0,1.0,0.0,0.00039917774003881453,0.0008078597119833152,autumn_internationals,2022,mixed
empirical_event,autumn_internationals_2022,red_cards,stable,position:Prop,168,22,0.009077890402364727,0.04767378584116487,0.0401237735087665,1.1881680528066183,0.006445393077590942,-0.15739792709056763,0.005952380952380952,1.0,0.005952380952380952,0.003132265680515023,0.03624030310567657,autumn_internationals,2022,mixed
empirical_event,autumn_internationals_2022,red_cards,stable,position:Scrum-half,84,22,0.011904761904761904,0.19188218989236583,0.19188218989236583,1.0,0.011904761904761904,,0.011904761904761904,0.0,0.011904761904761904,0.0,0.023809523809523808,autumn_internationals,2022,mixed
empirical_event,autumn_internationals_2022,red_cards,stable,position:Second-row,126,22,0.011434237906450777,0.058407475806295885,0.04497586242819999,1.2986404852055542,0.009125551960738106,-0.3384196210651986,0.007936507936507936,1.0,0.007936507936507936,0.0035135197554077313,0.03415427348433375,autumn_internationals,2022,mixed
empirical_event,autumn_internationals_2022,metres,stable,all,966,22,11.084001173604625,1.3399047041754573,1.5066086646159147,0.8893515188411877,0.7952190076923363,0.929506796343551,0.8043478260869565,0.9979296066252588,16.610766045548655,17.014988056107544,93.17523346635087,autumn_internationals,2022,mixed
empirical_event,autumn_internationals_2022,metres,stable,starter,627,22,13.596357696745436,1.1144221624214898,1.2756129036422081,0.8736366332133545,0.4443991462483261,0.9413055415757331,0.9170653907496013,1.0,22.087719298245613,22.992874466421007,85.484920879578,autumn_internationals,2022,mixed
empirical_event,autumn_internationals_2022,metres,stable,bench,339,22,6.437253267972509,1.7569476353841227,1.9338486119035665,0.9085238754313282,1.7527406765534146,0.7934968431642248,0.5958702064896755,0.9941002949852508,6.480825958702065,5.958543279510076,21.229045751353777,autumn_internationals,2022,mixed
empirical_event,autumn_internationals_2022,metres,stable,zero_minute,21,11,6.152462509730997,2.6425338059775267,3.479179193117575,0.7595279401546551,-5.671135390976869,1.3989984124084278,0.23809523809523808,1.0,5.0,7.627696569437928,7.4694089975421685,autumn_internationals,2022,mixed
empirical_event,autumn_internationals_2022,metres,stable,low_history,77,21,7.8469820214588575,1.2630817262553018,1.437318381296976,0.8787765763598943,4.356995473568589,0.4950930654097154,0.7142857142857143,1.0,10.519480519480519,12.447124543770675,11.403669829680114,autumn_internationals,2022,mixed
empirical_event,autumn_internationals_2022,metres,stable,north,483,21,11.090865544923254,1.4095667550000552,1.5091568961148603,0.9340094185228934,0.20878570471894647,0.8801793559901939,0.8115942028985508,0.9958592132505176,15.942028985507246,17.875042369164117,112.56783284014537,autumn_internationals,2022,mixed
empirical_event,autumn_internationals_2022,metres,stable,south,483,20,11.077136802285995,1.2702426533508593,1.504060433116969,0.8445422972256821,1.1831321420342285,0.9963749291438396,0.7971014492753623,1.0,17.279503105590063,16.154933743050975,73.78263409255635,autumn_internationals,2022,mixed
empirical_event,autumn_internationals_2022,metres,stable,position:Back-row,168,22,10.353263471217605,1.0169957446208917,1.2828196011980249,0.792781575578608,-0.7078902572839999,0.9974957091033124,0.9047619047619048,1.0,17.74404761904762,18.498262907736002,23.079238897504226,autumn_internationals,2022,mixed
empirical_event,autumn_internationals_2022,metres,stable,position:Back-three,168,22,23.289723390741273,1.4351638308317267,1.5162334001031623,0.9465322626015759,9.060146362389148,0.8100568896206863,0.9107142857142857,0.9940476190476191,38.98809523809524,36.94549019849709,54.88403815327235,autumn_internationals,2022,mixed
empirical_event,autumn_internationals_2022,metres,stable,position:Centre,84,22,15.28434353051935,1.4881635597963536,1.7829653647983539,0.8346564600623405,5.840609806325487,0.6907886320045795,0.9166666666666666,1.0,23.845238095238095,26.063874613375578,25.195597934631863,autumn_internationals,2022,mixed
empirical_event,autumn_internationals_2022,metres,stable,position:Fly-half,84,22,11.262771836613862,1.76508748032653,1.8319983783714404,0.9634765517072176,0.2759499116295049,0.8914384092182434,0.75,0.9880952380952381,16.047619047619047,17.692382303585823,18.181295442859167,autumn_internationals,2022,mixed
empirical_event,autumn_internationals_2022,metres,stable,position:Hooker,84,22,8.136322886409202,1.4619398769150977,1.544954199658521,0.9462674539078428,4.521014253036632,0.4177195935254964,0.7976190476190477,1.0,8.654761904761905,9.895986963017481,13.485442408016969,autumn_internationals,2022,mixed
empirical_event,autumn_internationals_2022,metres,stable,position:Prop,168,22,3.926234636000177,1.0116461264922045,1.106965415272816,0.9138913578821073,2.3309385754024725,0.5088066046570565,0.6785714285714286,1.0,4.630952380952381,4.520408706369198,9.203913543175563,autumn_internationals,2022,mixed
empirical_event,autumn_internationals_2022,metres,stable,position:Scrum-half,84,22,9.172120768395525,1.9695520344469846,2.236236656550188,0.8807440074278122,5.200722584867198,0.28482779969332483,0.6904761904761905,1.0,8.452380952380953,11.416225421166146,13.398942370193557,autumn_internationals,2022,mixed
empirical_event,autumn_internationals_2022,metres,stable,position:Second-row,126,22,5.6480076523981,1.197699828428764,1.4118721403710057,0.8483061561892125,1.211819789434872,0.8879984500213579,0.7380952380952381,1.0,7.531746031746032,7.117046479258103,9.848124418455765,autumn_internationals,2022,mixed
empirical_event,autumn_internationals_2022,dominant_tackles,extended,all,966,22,0.39829294540285176,1.1374977794809795,1.1718813379720663,0.970659522106063,0.12060721274977894,1.3851703249025877,0.2691511387163561,0.9979296066252588,0.35403726708074534,0.1685208310735236,4.852906823678874,autumn_internationals,2022,mixed
empirical_event,autumn_internationals_2022,dominant_tackles,extended,starter,627,22,0.4903213636933855,1.2524853141861174,1.3761999890032202,0.9101041448876125,0.16200985589538994,1.2837322340615218,0.3317384370015949,1.0,0.44657097288676234,0.22166703416885233,4.035384566824384,autumn_internationals,2022,mixed
empirical_event,autumn_internationals_2022,dominant_tackles,extended,bench,339,22,0.22808109210443075,0.9248217197166096,0.793982240047189,1.1647889248273922,0.11156205378663098,1.0157343974757456,0.15339233038348082,0.9941002949852508,0.18289085545722714,0.07022387136623419,1.398267733086335,autumn_internationals,2022,mixed
empirical_event,autumn_internationals_2022,dominant_tackles,extended,zero_minute,21,11,0.09082102015580501,0.20548176430669973,0.2566841677072703,0.8005237180854753,-0.04903290368701159,1.7119337484668273,0.047619047619047616,1.0,0.047619047619047616,0.056457763854833,0.13623153023370754,autumn_internationals,2022,mixed
empirical_event,autumn_internationals_2022,dominant_tackles,extended,low_history,77,21,0.2485737962299813,0.6790896293521687,0.6655473377446969,1.0203476008984753,0.03444335698220143,1.33148917463489,0.15584415584415584,1.0,0.18181818181818182,0.11068420806079197,0.4567502130032071,autumn_internationals,2022,mixed
empirical_event,autumn_internationals_2022,dominant_tackles,extended,north,483,21,0.4040536453752389,1.2020976464755666,1.20619428864563,0.9966036631008564,0.10691192082704372,1.5144536878507555,0.2546583850931677,0.9958592132505176,0.35196687370600416,0.16181079345300511,5.4415625463685755,autumn_internationals,2022,mixed
empirical_event,autumn_internationals_2022,dominant_tackles,extended,south,483,20,0.3925322454304646,1.0728979124863929,1.1375683872985025,0.9431502531766999,0.13159259130370485,1.2812529597384525,0.2836438923395445,1.0,0.35610766045548653,0.17523086869404214,4.264251100989174,autumn_internationals,2022,mixed
empirical_event,autumn_internationals_2022,dominant_tackles,extended,position:Back-row,168,22,0.6267377807700835,1.4869510641499208,1.7369935790057678,0.8560486821148942,0.11972169733050711,1.802325558067371,0.40476190476190477,1.0,0.6190476190476191,0.27704535369988204,1.6271827154231946,autumn_internationals,2022,mixed
empirical_event,autumn_internationals_2022,dominant_tackles,extended,position:Back-three,168,22,0.3304734132795498,1.0829753162968543,0.9603019257858592,1.1277446053340003,0.12623288275761457,0.9326956219919936,0.22023809523809523,0.9940476190476191,0.27380952380952384,0.15822593949430613,0.8363816423225574,autumn_internationals,2022,mixed
empirical_event,autumn_internationals_2022,dominant_tackles,extended,position:Centre,84,22,0.5350132040050347,1.629531297685997,1.5810228069917143,1.030681714697451,0.5086961155906206,-0.10431716601107192,0.36904761904761907,1.0,0.4880952380952381,0.19748310161336452,0.8970759646195325,autumn_internationals,2022,mixed
empirical_event,autumn_internationals_2022,dominant_tackles,extended,position:Fly-half,84,22,0.1642378275591393,0.5363244984621434,0.5282735450271447,1.015240122301761,0.09956302787087828,0.10266267944559561,0.10714285714285714,0.9880952380952381,0.10714285714285714,0.07383237329194846,0.3025058739429559,autumn_internationals,2022,mixed
empirical_event,autumn_internationals_2022,dominant_tackles,extended,position:Hooker,84,22,0.36875605688195773,1.0418293183456822,1.0771332410148984,0.9672241823713916,0.23229432563119992,0.4238806473990791,0.23809523809523808,1.0,0.2976190476190476,0.1541111215826404,0.6370876093085727,autumn_internationals,2022,mixed
empirical_event,autumn_internationals_2022,dominant_tackles,extended,position:Prop,168,22,0.3438448525119397,1.110717117497313,1.0930444545972189,1.016168292904982,0.1404786260777222,1.0797784572955542,0.22023809523809523,1.0,0.2857142857142857,0.13450505393516088,1.0019245746851948,autumn_internationals,2022,mixed
empirical_event,autumn_internationals_2022,dominant_tackles,extended,position:Scrum-half,84,22,0.21379604177398298,0.873121103609216,0.8578302002008391,1.0178250933632285,0.12262410207413185,0.9469058013179942,0.16666666666666666,1.0,0.17857142857142858,0.05908436342815088,0.41138313772134505,autumn_internationals,2022,mixed
empirical_event,autumn_internationals_2022,dominant_tackles,extended,position:Second-row,126,22,0.4643024325263559,1.0927541666933678,1.2344637831109826,0.8852055294319845,0.12666296990130818,1.442578275418403,0.3492063492063492,1.0,0.42857142857142855,0.20928393544714616,0.9735657782238508,autumn_internationals,2022,mixed
empirical_event,autumn_internationals_2022,tackle_turnover,extended,all,966,22,0.17499665869371006,0.4857623638777911,0.46646448837157933,1.0413705136988678,0.04986084907419496,0.5608750722338023,0.09834368530020704,0.9979296066252588,0.10455486542443064,0.09751550578349885,1.169529477706242,autumn_internationals,2022,mixed
empirical_event,autumn_internationals_2022,tackle_turnover,extended,starter,627,22,0.2317703620279871,0.6134248586711082,0.5751931427459372,1.0664676142393754,0.09945880137157712,0.32835058598541367,0.1339712918660287,1.0,0.1419457735247209,0.12939514642751765,0.9907529971081126,autumn_internationals,2022,mixed
empirical_event,autumn_internationals_2022,tackle_turnover,extended,bench,339,22,0.06999042863296764,0.24964323633970922,0.2653645878030765,0.9407556539720595,-0.00339526496320251,1.0062569177504097,0.032448377581120944,0.9941002949852508,0.035398230088495575,0.03855227662774723,0.4390023033800863,autumn_internationals,2022,mixed
empirical_event,autumn_internationals_2022,tackle_turnover,extended,zero_minute,21,11,0.07036319088058349,0.13774511647263504,0.27067353019753365,0.5088976242786306,-0.13408252223210876,4.209588968893436,0.047619047619047616,1.0,0.047619047619047616,0.04316373194481263,0.09807265940677659,autumn_internationals,2022,mixed
empirical_event,autumn_internationals_2022,tackle_turnover,extended,low_history,77,21,0.11712012543714125,0.3607345813220482,0.29782690652695054,1.211222268426594,0.010691723019439655,0.8736557113026857,0.05194805194805195,1.0,0.06493506493506493,0.062087778073063184,0.23249225565922757,autumn_internationals,2022,mixed
empirical_event,autumn_internationals_2022,tackle_turnover,extended,north,483,21,0.16914777363986735,0.4468453138618728,0.4647193302779753,0.9615380397337657,0.03600002841476636,0.5839727791125657,0.08902691511387163,0.9958592132505176,0.09523809523809523,0.10143977415068904,1.2647788000953102,autumn_internationals,2022,mixed
empirical_event,autumn_internationals_2022,tackle_turnover,extended,south,483,20,0.18084554374755274,0.5246794138937094,0.46820964646518337,1.1206078684086345,0.06301231021471787,0.5434197345828207,0.10766045548654245,1.0,0.11387163561076605,0.09359123741630865,1.074280155317174,autumn_internationals,2022,mixed
empirical_event,autumn_internationals_2022,tackle_turnover,extended,position:Back-row,168,22,0.22707929850166197,0.560140594864384,0.5508448060194725,1.0168755132903673,0.08326468840024474,0.4646402381678057,0.13690476190476192,1.0,0.14285714285714285,0.12825504457359593,0.6308718689386876,autumn_internationals,2022,mixed
empirical_event,autumn_internationals_2022,tackle_turnover,extended,position:Back-three,168,22,0.20064814684718377,0.5636398646524085,0.5250318644608795,1.073534584860241,0.0655935214894437,0.4127136545091541,0.10714285714285714,0.9940476190476191,0.1130952380952381,0.11509606257706409,0.6103232301912619,autumn_internationals,2022,mixed
empirical_event,autumn_internationals_2022,tackle_turnover,extended,position:Centre,84,22,0.2320673734733289,0.5768599868670045,0.5680382582484721,1.015530166305583,0.1360384811141893,0.05413311486871782,0.14285714285714285,1.0,0.14285714285714285,0.12596100851558414,0.41955345588747905,autumn_internationals,2022,mixed
empirical_event,autumn_internationals_2022,tackle_turnover,extended,position:Fly-half,84,22,0.19148571487382013,0.7204662052031088,0.5012833704086511,1.4372433791605288,0.10447773903773483,0.8668173755398454,0.13095238095238096,0.9880952380952381,0.15476190476190477,0.05801010356172596,0.37688434813905736,autumn_internationals,2022,mixed
empirical_event,autumn_internationals_2022,tackle_turnover,extended,position:Hooker,84,22,0.12289506083096506,0.4290132822757997,0.4233540729211299,1.0133675561820428,0.08010071022358148,-0.1461202309221248,0.07142857142857142,1.0,0.07142857142857142,0.05934933677754673,0.22889611622320047,autumn_internationals,2022,mixed
empirical_event,autumn_internationals_2022,tackle_turnover,extended,position:Prop,168,22,0.08100419202960497,0.2527629218337489,0.23963076509992798,1.0548016308688273,0.0220543204299775,0.27290928223505795,0.03571428571428571,1.0,0.03571428571428571,0.050053135505090045,0.29061010200143267,autumn_internationals,2022,mixed
empirical_event,autumn_internationals_2022,tackle_turnover,extended,position:Scrum-half,84,22,0.185907685610164,0.4891605914911228,0.5315946191721619,0.9201759646342537,0.0663636786876834,0.1367795791906741,0.07142857142857142,1.0,0.08333333333333333,0.12406570298036813,0.3425553630639924,autumn_internationals,2022,mixed
empirical_event,autumn_internationals_2022,tackle_turnover,extended,position:Second-row,126,22,0.17509497695499066,0.4117869040376531,0.4727042829081253,0.8711300466843622,-0.016170208994970032,1.1416479078004351,0.10317460317460317,1.0,0.1111111111111111,0.11148911957567438,0.4310356477513644,autumn_internationals,2022,mixed
empirical_event,autumn_internationals_2022,tackle_try_saver,extended,all,966,22,0.05972106494729748,0.19200175136944483,0.18340424068881936,1.0468773821604966,0.020618348299184443,0.084138210278592,0.022774327122153208,0.9979296066252588,0.023809523809523808,0.03792777977773709,1.076328496476903,autumn_internationals,2022,mixed
empirical_event,autumn_internationals_2022,tackle_try_saver,extended,starter,627,22,0.07952771355131832,0.25454919413929605,0.2390617006600397,1.0647845030655099,0.03359630658414439,-0.0021089416092603497,0.03189792663476874,1.0,0.03349282296650718,0.04906898189254125,0.9447775756233031,autumn_internationals,2022,mixed
empirical_event,autumn_internationals_2022,tackle_try_saver,extended,bench,339,22,0.023087529033666017,0.07631665810485279,0.0804625669367391,0.9484740670137222,0.007688976749786231,-0.10329782192322423,0.0058997050147492625,0.9941002949852508,0.0058997050147492625,0.017321485600798426,0.18087566489736503,autumn_internationals,2022,mixed
empirical_event,autumn_internationals_2022,tackle_try_saver,extended,zero_minute,21,11,0.024065037564928577,0.048130075129857154,0.051855835765604485,0.9281515651856759,0.0,0.0,0.0,1.0,0.0,0.024065037564928577,0.03609755634739286,autumn_internationals,2022,mixed
empirical_event,autumn_internationals_2022,tackle_try_saver,extended,low_history,77,21,0.041374031245822056,0.140887196038766,0.12552670126154564,1.1223683457212459,0.022965603189795545,-0.3468019111903965,0.012987012987012988,1.0,0.012987012987012988,0.02877316958413258,0.08713398005295481,autumn_internationals,2022,mixed
empirical_event,autumn_internationals_2022,tackle_try_saver,extended,north,483,21,0.048279043857880316,0.14883967210564852,0.15014400164961791,0.9913128095052827,0.015002168877097745,0.04735914256222035,0.016563146997929608,0.9958592132505176,0.016563146997929608,0.032960438816666715,1.005121035694811,autumn_internationals,2022,mixed
empirical_event,autumn_internationals_2022,tackle_try_saver,extended,south,483,20,0.07116308603671465,0.23516383063324106,0.2166644797280208,1.0853824813760082,0.027582877549888304,0.08096545740895107,0.028985507246376812,1.0,0.031055900621118012,0.04289512073880747,1.1475359572589952,autumn_internationals,2022,mixed
empirical_event,autumn_internationals_2022,tackle_try_saver,extended,position:Back-row,168,22,0.07431406490143627,0.2974264419952161,0.2825589617706192,1.0526172666102387,0.04765023963389847,-0.1713682611649886,0.041666666666666664,1.0,0.041666666666666664,0.03491645959732875,0.2776221888617446,autumn_internationals,2022,mixed
empirical_event,autumn_internationals_2022,tackle_try_saver,extended,position:Back-three,168,22,0.07295848223945642,0.22636220191402417,0.21141248465733375,1.070713502473241,0.020296237481091186,0.20352939736305078,0.02976190476190476,0.9940476190476191,0.02976190476190476,0.046507617098324835,0.27046448869678197,autumn_internationals,2022,mixed
empirical_event,autumn_internationals_2022,tackle_try_saver,extended,position:Centre,84,22,0.020732793547023926,0.04146558709404785,0.052631578947368404,0.7878461547869094,0.0,0.0,0.0,1.0,0.0,0.020732793547023926,0.04146558709404785,autumn_internationals,2022,mixed
empirical_event,autumn_internationals_2022,tackle_try_saver,extended,position:Fly-half,84,22,0.055048043814717056,0.19759797302177834,0.14739779109251094,1.3405762159472279,0.025669824688017567,-0.05757319910979673,0.023809523809523808,0.9880952380952381,0.023809523809523808,0.03231192477155936,0.1093946365826313,autumn_internationals,2022,mixed
empirical_event,autumn_internationals_2022,tackle_try_saver,extended,position:Hooker,84,22,0.057663735687398215,0.25527332792143775,0.2539065904376739,1.0053828357956678,0.03906624846936296,-0.14315056543765564,0.03571428571428571,1.0,0.03571428571428571,0.023415644533636756,0.11375818408735155,autumn_internationals,2022,mixed
empirical_event,autumn_internationals_2022,tackle_try_saver,extended,position:Prop,168,22,0.031948221663741526,0.07143704264391866,0.10858167626343046,0.6579106632191324,-0.024432875265597193,1.5745722662855777,0.011904761904761904,1.0,0.011904761904761904,0.02307778305792197,0.1248936389324433,autumn_internationals,2022,mixed
empirical_event,autumn_internationals_2022,tackle_try_saver,extended,position:Scrum-half,84,22,0.11050824236706741,0.2853893647274571,0.23470721217598367,1.2159377723487759,0.029622766156349845,-0.06568843837658052,0.011904761904761904,1.0,0.023809523809523808,0.08849719205531593,0.21777574416092335,autumn_internationals,2022,mixed
empirical_event,autumn_internationals_2022,tackle_try_saver,extended,position:Second-row,126,22,0.056265262578964,0.15856167658505105,0.14359956659007916,1.1041932810123507,0.01849064887782517,-0.06311788393154671,0.015873015873015872,1.0,0.015873015873015872,0.04147212868619294,0.16003328327420607,autumn_internationals,2022,mixed
