engine,fold,target,tier,cohort,n,fixtures,mae,loss,naive_loss,relative_loss,calibration_intercept,calibration_slope,actual_positive_rate,predicted_positive_rate,actual_mean,predicted_mean,team_total_mae,tournament,calendar_year,fold_hemisphere
empirical_event,six_nations_2023,minutes,minutes,all,690,15,9.62983612229631,9.62983612229631,9.667544270581036,0.9960995111861577,-4.882146531398531,1.0352452959174663,0.9840579710144928,1.0,51.42173913043478,54.386999761187084,68.20099450730291,six_nations,2023,north
empirical_event,six_nations_2023,minutes,minutes,starter,450,15,8.846985140194407,8.846985140194407,9.95406768300486,0.888780890579975,12.455929788711103,0.7994629381266963,1.0,1.0,68.4888888888889,70.0882510344687,38.80244020054462,six_nations,2023,north
empirical_event,six_nations_2023,minutes,minutes,bench,240,15,11.097681713737376,11.097681713737376,9.13031287228637,1.2154766073156864,14.23146904893496,0.2080142834191292,0.9541666666666667,1.0,19.420833333333334,24.947153623784054,54.84561022143983,six_nations,2023,north
empirical_event,six_nations_2023,minutes,minutes,zero_minute,11,7,25.233223782964515,25.233223782964515,18.53496732163537,1.3613848541027882,0.0,0.0,0.0,1.0,0.0,25.233223782964515,39.652208801801386,six_nations,2023,north
empirical_event,six_nations_2023,minutes,minutes,low_history,6,5,16.176347939555402,16.176347939555402,13.708308311223279,1.1800396936149655,15.151263709557558,0.05683277085493058,1.0,1.0,16.666666666666668,26.664245545537,13.149044092893018,six_nations,2023,north
empirical_event,six_nations_2023,minutes,minutes,north,690,15,9.62983612229631,9.62983612229631,9.667544270581036,0.9960995111861577,-4.882146531398531,1.0352452959174663,0.9840579710144928,1.0,51.42173913043478,54.386999761187084,68.20099450730291,six_nations,2023,north
empirical_event,six_nations_2023,minutes,minutes,position:Back-row,120,15,11.942859309751464,11.942859309751464,12.08962572450364,0.9878601357811513,-2.1542080176243084,0.9459373589916115,0.9916666666666667,1.0,55.791666666666664,61.25762359789077,24.09121879487636,six_nations,2023,north
empirical_event,six_nations_2023,minutes,minutes,position:Back-three,120,15,8.55309640318864,8.55309640318864,8.874719508576828,0.9637596314928759,-7.457799556763043,1.0649646906303136,0.9833333333333333,1.0,59.45,62.826307900558476,20.741425667229574,six_nations,2023,north
empirical_event,six_nations_2023,minutes,minutes,position:Centre,60,15,7.026257246336794,7.026257246336794,7.900055463117025,0.8893934073172358,45.83892277486012,0.39342962652883817,1.0,1.0,75.13333333333334,74.45908641129232,11.490770793759491,six_nations,2023,north
empirical_event,six_nations_2023,minutes,minutes,position:Fly-half,60,15,10.1912072124247,10.1912072124247,9.209103016924209,1.1066449353097267,-8.718205612379055,1.1136133071797352,0.9333333333333333,1.0,44.38333333333333,47.684001801481635,14.68720819998729,six_nations,2023,north
empirical_event,six_nations_2023,minutes,minutes,position:Hooker,60,15,11.974440689376879,11.974440689376879,10.628114035087723,1.1266759699646036,-7.68921057814774,1.1386794223216727,0.9666666666666667,1.0,39.35,41.310319354185495,10.561724016948698,six_nations,2023,north
empirical_event,six_nations_2023,minutes,minutes,position:Prop,120,15,8.10533898081594,8.10533898081594,7.49769894528403,1.0810435361523962,-8.795501970423258,1.1345339092200561,0.9916666666666667,1.0,39.975,42.98725809257733,17.69543621003367,six_nations,2023,north
empirical_event,six_nations_2023,minutes,minutes,position:Scrum-half,60,15,7.251805966863078,7.251805966863078,8.012814081408141,0.9050261110749088,-3.2327360212109726,1.0094778711176886,0.9833333333333333,1.0,41.7,44.5108677533086,8.162006734263262,six_nations,2023,north
empirical_event,six_nations_2023,minutes,minutes,position:Second-row,90,15,11.39787660259601,11.39787660259601,12.335056105610562,0.9240230855060093,-0.4825992274830955,0.9727641078792307,1.0,1.0,53.56666666666667,55.562561834220176,12.410005779961125,six_nations,2023,north
empirical_event,six_nations_2023,tries,stable,all,690,15,0.22085957982879212,0.48191898422173696,0.49979618399886205,0.9642310198647579,0.0049014686530118685,0.7874084696109418,0.11014492753623188,1.0,0.12753623188405797,0.15574478553887014,1.1523995051966607,six_nations,2023,north
empirical_event,six_nations_2023,tries,stable,starter,450,15,0.29322766094870356,0.6180277523217271,0.6435287425709716,0.9603731914951226,0.020405675561725994,0.7557356012165691,0.1511111111111111,1.0,0.17777777777777778,0.2082369838905525,0.975665154232484,six_nations,2023,north
empirical_event,six_nations_2023,tries,stable,bench,240,15,0.08516942772895816,0.22671504403425552,0.2302976366761568,0.984443641308664,0.012179385750689019,0.36903770727867613,0.03333333333333333,1.0,0.03333333333333333,0.057321913629465676,0.48070360518913247,six_nations,2023,north
empirical_event,six_nations_2023,tries,stable,zero_minute,11,7,0.07734993990572607,0.15469987981145214,0.15274320666193061,1.0128102139026862,0.0,0.0,0.0,1.0,0.0,0.07734993990572607,0.12154990556614095,six_nations,2023,north
empirical_event,six_nations_2023,tries,stable,low_history,6,5,0.026907522702656544,0.05381504540531309,0.06989581095004326,0.7699323417790574,0.0,0.0,0.0,1.0,0.0,0.026907522702656544,0.03228902724318785,six_nations,2023,north
empirical_event,six_nations_2023,tries,stable,north,690,15,0.22085957982879212,0.48191898422173696,0.49979618399886205,0.9642310198647579,0.0049014686530118685,0.7874084696109418,0.11014492753623188,1.0,0.12753623188405797,0.15574478553887014,1.1523995051966607,six_nations,2023,north
empirical_event,six_nations_2023,tries,stable,position:Back-row,120,15,0.1916536635894572,0.42608199811197606,0.42164814804029543,1.0105155212759451,0.014679682594342635,0.40689800840545387,0.06666666666666667,1.0,0.075,0.14824431714974415,0.5520144178612582,six_nations,2023,north
empirical_event,six_nations_2023,tries,stable,position:Back-three,120,15,0.416963393942225,0.7563404692847786,0.7860246793716313,0.9622350151771532,0.024244983941594453,0.8827334830471231,0.25833333333333336,1.0,0.30833333333333335,0.32182799774524184,0.6220710680530352,six_nations,2023,north
empirical_event,six_nations_2023,tries,stable,position:Centre,60,15,0.3185386244905166,0.6388058256022455,0.7188325239411213,0.8886712889671216,0.056249688903425424,0.7835838354785469,0.2,1.0,0.21666666666666667,0.20472216309218788,0.48721408128247073,six_nations,2023,north
empirical_event,six_nations_2023,tries,stable,position:Fly-half,60,15,0.18504133527594624,0.5716795977073761,0.6038577999972179,0.9467122850942886,0.04057032683161278,0.8741888551019711,0.08333333333333333,1.0,0.11666666666666667,0.08704794094655605,0.3358742652081538,six_nations,2023,north
empirical_event,six_nations_2023,tries,stable,position:Hooker,60,15,0.24600053980936773,0.5212753489697735,0.5881728689982245,0.8862621457831082,-0.029822531156024543,0.9803498448566101,0.11666666666666667,1.0,0.13333333333333333,0.1664261644405337,0.4610856241931622,six_nations,2023,north
empirical_event,six_nations_2023,tries,stable,position:Prop,120,15,0.10581501430289399,0.2681016085508875,0.24848556466865954,1.0789423880956013,0.020130587401091474,0.2854947718996774,0.041666666666666664,1.0,0.041666666666666664,0.07543423342667363,0.3377024406272902,six_nations,2023,north
empirical_event,six_nations_2023,tries,stable,position:Scrum-half,60,15,0.18442930488764617,0.41690324563352255,0.34928653865300835,1.1935852072664233,0.06327362686066025,-0.09019476198004532,0.05,1.0,0.05,0.14716627184621778,0.3527625963967095,six_nations,2023,north
empirical_event,six_nations_2023,tries,stable,position:Second-row,90,15,0.11800747993232018,0.32823743249451576,0.38345973349077916,0.8559893095070142,0.00371857302947233,0.997177548050415,0.05555555555555555,1.0,0.06666666666666667,0.06312626448546133,0.2887209953890564,six_nations,2023,north
empirical_event,six_nations_2023,try_assists,stable,all,690,15,0.1592584850717488,0.38781042253780673,0.40040935348026596,0.968534873541409,0.005704807376997284,0.8897173287826122,0.08695652173913043,1.0,0.09710144927536232,0.10272548251186901,0.935820092310278,six_nations,2023,north
empirical_event,six_nations_2023,try_assists,stable,starter,450,15,0.20329370352499287,0.4856929799660416,0.4943952160401798,0.9823982194976763,0.013741291939808095,0.8535069534218566,0.1111111111111111,1.0,0.12666666666666668,0.13230750408549252,0.9878555831458781,six_nations,2023,north
empirical_event,six_nations_2023,try_assists,stable,bench,240,15,0.07669245047191615,0.2042806273598665,0.22418586118042755,0.9112110205534278,-0.013861967191834941,1.1749806003125498,0.041666666666666664,1.0,0.041666666666666664,0.047259192061324916,0.3875003053192592,six_nations,2023,north
empirical_event,six_nations_2023,try_assists,stable,zero_minute,11,7,0.07737047271300068,0.15474094542600136,0.11284332349628734,1.371290215775083,0.0,0.0,0.0,1.0,0.0,0.07737047271300068,0.12158217140614393,six_nations,2023,north
empirical_event,six_nations_2023,try_assists,stable,low_history,6,5,0.006843116528188924,0.013686233056377848,0.0166356468701962,0.8227051922397793,0.0,0.0,0.0,1.0,0.0,0.006843116528188924,0.008211739833826708,six_nations,2023,north
empirical_event,six_nations_2023,try_assists,stable,north,690,15,0.1592584850717488,0.38781042253780673,0.40040935348026596,0.968534873541409,0.005704807376997284,0.8897173287826122,0.08695652173913043,1.0,0.09710144927536232,0.10272548251186901,0.935820092310278,six_nations,2023,north
empirical_event,six_nations_2023,try_assists,stable,position:Back-row,120,15,0.1217782796727839,0.3845443444078923,0.3877710826702851,0.9916787547947807,0.03477686241124129,0.6561432300612347,0.075,1.0,0.075,0.06130237385060708,0.39656803499752447,six_nations,2023,north
empirical_event,six_nations_2023,try_assists,stable,position:Back-three,120,15,0.22120871688433705,0.5146684641352065,0.5403688063295987,0.9524392564978736,-0.011251062743406254,1.0109787056322797,0.10833333333333334,1.0,0.125,0.13477144670242389,0.667619726246626,six_nations,2023,north
empirical_event,six_nations_2023,try_assists,stable,position:Centre,60,15,0.262202063929861,0.5493385416455314,0.5737494076441924,0.9574537843988516,0.048991013482508075,0.5777315917004446,0.15,1.0,0.15,0.17483722193586654,0.4184495833775011,six_nations,2023,north
empirical_event,six_nations_2023,try_assists,stable,position:Fly-half,60,15,0.3119077748488774,0.5852815038890451,0.604840032914028,0.9676633027566762,-0.08131773886617001,1.1074902745351658,0.15,1.0,0.18333333333333332,0.23896469186655597,0.5761874262233397,six_nations,2023,north
empirical_event,six_nations_2023,try_assists,stable,position:Hooker,60,15,0.04012330724611249,0.08024661449222498,0.08008977877531974,1.0019582488465253,0.0,0.0,0.0,1.0,0.0,0.04012330724611249,0.08024661449222499,six_nations,2023,north
empirical_event,six_nations_2023,try_assists,stable,position:Prop,120,15,0.03891625758755602,0.20651512082783646,0.17305613558044727,1.1933418028500664,0.009319803870853653,1.016743833616659,0.025,1.0,0.025,0.01542197317624278,0.14532856050799606,six_nations,2023,north
empirical_event,six_nations_2023,try_assists,stable,position:Scrum-half,60,15,0.39380067397793794,0.7519050951914088,0.844892164133159,0.8899420862339835,0.08738227191872297,0.7689748052967352,0.25,1.0,0.3,0.27649505109498523,0.5855275667130464,six_nations,2023,north
empirical_event,six_nations_2023,try_assists,stable,position:Second-row,90,15,0.03975483335531232,0.18772816348313157,0.19916275493046476,0.9425866977421283,0.01839767572575378,0.20539117351159364,0.022222222222222223,1.0,0.022222222222222223,0.018620792856283864,0.11452710907046568,six_nations,2023,north
empirical_event,six_nations_2023,conversion_goals,stable,all,690,15,0.07776097717390956,0.11660359660757362,0.28169262155480007,0.41393912259391474,-0.020576675734742044,1.0779252474338932,0.04492753623188406,0.43478260869565216,0.09565217391304348,0.10782644707921973,1.0816183854244987,six_nations,2023,north
empirical_event,six_nations_2023,conversion_goals,stable,starter,450,15,0.08957009997375998,0.12090031060792003,0.37949176912432586,0.31858480326700234,-0.012371768667291843,1.1332535868762181,0.06222222222222222,0.4666666666666667,0.14,0.13445513910730278,0.9885820304961793,six_nations,2023,north
empirical_event,six_nations_2023,conversion_goals,stable,bench,240,15,0.05561887192419005,0.10854725785692415,0.0983192198619392,1.1040288766463695,-0.001631569056708684,0.2440784586639387,0.0125,0.375,0.0125,0.057897649526564086,0.4197987611588515,six_nations,2023,north
empirical_event,six_nations_2023,conversion_goals,stable,zero_minute,11,7,0.17702497625218988,0.354049959777107,0.19501156140827328,1.8155331777272083,0.0,0.0,0.0,0.6363636363636364,0.0,0.17702497625218988,0.2781821055391555,six_nations,2023,north
empirical_event,six_nations_2023,conversion_goals,stable,low_history,6,5,0.0,1.9999999999999997e-08,1.9999999999999997e-08,1.0,0.0,,0.0,0.0,0.0,0.0,0.0,six_nations,2023,north
empirical_event,six_nations_2023,conversion_goals,stable,north,690,15,0.07776097717390956,0.11660359660757362,0.28169262155480007,0.41393912259391474,-0.020576675734742044,1.0779252474338932,0.04492753623188406,0.43478260869565216,0.09565217391304348,0.10782644707921973,1.0816183854244987,six_nations,2023,north
empirical_event,six_nations_2023,conversion_goals,stable,position:Back-row,120,15,0.0,2.0000000000000004e-08,2.0000000000000004e-08,1.0,0.0,,0.0,0.0,0.0,0.0,0.0,six_nations,2023,north
empirical_event,six_nations_2023,conversion_goals,stable,position:Back-three,120,15,0.15936625361741993,0.24037465568351876,1.0609516929293625,0.22656512759768296,-0.09119313032179628,1.7789271410697345,0.06666666666666667,1.0,0.18333333333333332,0.15432136444331648,0.43776249397012396,six_nations,2023,north
empirical_event,six_nations_2023,conversion_goals,stable,position:Centre,60,15,0.042473555798769415,0.06556680728128096,0.1601310748210663,0.4094571110232454,-0.013972300588615632,0.5180732499474271,0.016666666666666666,1.0,0.016666666666666666,0.05914022246543608,0.08494711159753884,six_nations,2023,north
empirical_event,six_nations_2023,conversion_goals,stable,position:Fly-half,60,15,0.5181171254378629,0.7647690142818031,0.9407409265501585,0.812943279810658,-0.16611856271898487,1.0297355561768993,0.36666666666666664,1.0,0.7166666666666667,0.8572931410304702,0.8692241908418537,six_nations,2023,north
empirical_event,six_nations_2023,conversion_goals,stable,position:Hooker,60,15,0.0,2e-08,2e-08,1.0,0.0,,0.0,0.0,0.0,0.0,0.0,six_nations,2023,north
empirical_event,six_nations_2023,conversion_goals,stable,position:Prop,120,15,0.0,2.0000000000000004e-08,2.0000000000000004e-08,1.0,0.0,,0.0,0.0,0.0,0.0,0.0,six_nations,2023,north
empirical_event,six_nations_2023,conversion_goals,stable,position:Scrum-half,60,15,0.014928049028487737,0.029856098056975474,0.01668963065025112,1.788901065736062,0.0,0.0,0.0,1.0,0.0,0.014928049028487737,0.02985609805697547,six_nations,2023,north
empirical_event,six_nations_2023,conversion_goals,stable,position:Second-row,90,15,0.0,1.9999999999999997e-08,1.9999999999999997e-08,1.0,0.0,,0.0,0.0,0.0,0.0,0.0,six_nations,2023,north
empirical_event,six_nations_2023,missed_conversion_goals,stable,all,690,15,0.0407748993231266,0.07181021246238542,0.1253686914219813,0.5727922310417823,-0.0058264319722873634,1.0285755230765885,0.02318840579710145,0.43478260869565216,0.03188405797101449,0.0366628303875105,0.6365872115869167,six_nations,2023,north
empirical_event,six_nations_2023,missed_conversion_goals,stable,starter,450,15,0.05203938475483691,0.08840593028096795,0.17379440879502922,0.5086810956342831,-0.003214396752032032,1.0554741438156423,0.03333333333333333,0.4666666666666667,0.04666666666666667,0.04725938926213177,0.6287599235962419,six_nations,2023,north
empirical_event,six_nations_2023,missed_conversion_goals,stable,bench,240,15,0.019653989138669736,0.04069324155254313,0.03457047134751642,1.1771098271550346,-0.0006387006329331399,0.28613114613784596,0.004166666666666667,0.375,0.004166666666666667,0.01679428249759564,0.15646835424911135,six_nations,2023,north
empirical_event,six_nations_2023,missed_conversion_goals,stable,zero_minute,11,7,0.06206690094465433,0.12413380916203595,0.051756178085291975,2.398434616974011,0.0,0.0,0.0,0.6363636363636364,0.0,0.06206690094465433,0.09753370148445681,six_nations,2023,north
empirical_event,six_nations_2023,missed_conversion_goals,stable,low_history,6,5,0.0,1.9999999999999997e-08,1.9999999999999997e-08,1.0,0.0,,0.0,0.0,0.0,0.0,0.0,six_nations,2023,north
empirical_event,six_nations_2023,missed_conversion_goals,stable,north,690,15,0.0407748993231266,0.07181021246238542,0.1253686914219813,0.5727922310417823,-0.0058264319722873634,1.0285755230765885,0.02318840579710145,0.43478260869565216,0.03188405797101449,0.0366628303875105,0.6365872115869167,six_nations,2023,north
empirical_event,six_nations_2023,missed_conversion_goals,stable,position:Back-row,120,15,0.0,2.0000000000000004e-08,2.0000000000000004e-08,1.0,0.0,,0.0,0.0,0.0,0.0,0.0,six_nations,2023,north
empirical_event,six_nations_2023,missed_conversion_goals,stable,position:Back-three,120,15,0.045780253437291245,0.07543461399269671,0.2158361527076718,0.3494994376352939,-0.01355003286404044,0.8878565575849356,0.03333333333333333,1.0,0.03333333333333333,0.052805113390052005,0.14981552494938105,six_nations,2023,north
empirical_event,six_nations_2023,missed_conversion_goals,stable,position:Centre,60,15,0.036756984635017184,0.05971950870234611,0.2827621135248012,0.21120053163383956,-0.032335517561243664,2.737610626214197,0.016666666666666666,1.0,0.03333333333333333,0.02398765195669532,0.07322542177521013,six_nations,2023,north
empirical_event,six_nations_2023,missed_conversion_goals,stable,position:Fly-half,60,15,0.33815570735961076,0.610352289936202,0.720593983016667,0.8470127482622692,-0.03918855118623285,1.0561790309365067,0.18333333333333332,1.0,0.26666666666666666,0.2895865273728261,0.5483634814180474,six_nations,2023,north
empirical_event,six_nations_2023,missed_conversion_goals,stable,position:Hooker,60,15,0.0,2e-08,2e-08,1.0,0.0,,0.0,0.0,0.0,0.0,0.0,six_nations,2023,north
empirical_event,six_nations_2023,missed_conversion_goals,stable,position:Prop,120,15,0.0,2.0000000000000004e-08,2.0000000000000004e-08,1.0,0.0,,0.0,0.0,0.0,0.0,0.0,six_nations,2023,north
empirical_event,six_nations_2023,missed_conversion_goals,stable,position:Scrum-half,60,15,0.0024381433467453835,0.004876286693490767,0.006711419395973154,0.7265656347473285,0.0,0.0,0.0,1.0,0.0,0.0024381433467453835,0.004876286693490767,six_nations,2023,north
empirical_event,six_nations_2023,missed_conversion_goals,stable,position:Second-row,90,15,0.0,1.9999999999999997e-08,1.9999999999999997e-08,1.0,0.0,,0.0,0.0,0.0,0.0,0.0,six_nations,2023,north
empirical_event,six_nations_2023,penalty_goals,stable,all,690,15,0.07083196546746041,0.11369451621179588,0.21385191013772054,0.5316506929424978,-0.004394976959851734,0.6314882959460305,0.036231884057971016,0.43478260869565216,0.057971014492753624,0.09876032834333864,1.414036504098028,six_nations,2023,north
empirical_event,six_nations_2023,penalty_goals,stable,starter,450,15,0.0830664204244439,0.12360106672369492,0.30283630867909067,0.4081448068853342,0.0021923003795953945,0.6647773170809166,0.05333333333333334,0.4666666666666667,0.08666666666666667,0.12707167365156818,1.1516934813245998,six_nations,2023,north
empirical_event,six_nations_2023,penalty_goals,stable,bench,240,15,0.04789236242311636,0.09511973400198516,0.04700616287265153,2.023558788656761,0.0026142292793989506,0.03398761918460924,0.004166666666666667,0.375,0.004166666666666667,0.045676555890408206,0.3816755160809259,six_nations,2023,north
empirical_event,six_nations_2023,penalty_goals,stable,zero_minute,11,7,0.2060770499363662,0.4121541071454596,0.09931788608047559,4.149847760669192,0.0,0.0,0.0,0.6363636363636364,0.0,0.2060770499363662,0.32383536418571823,six_nations,2023,north
empirical_event,six_nations_2023,penalty_goals,stable,low_history,6,5,0.0,1.9999999999999997e-08,1.9999999999999997e-08,1.0,0.0,,0.0,0.0,0.0,0.0,0.0,six_nations,2023,north
empirical_event,six_nations_2023,penalty_goals,stable,north,690,15,0.07083196546746041,0.11369451621179588,0.21385191013772054,0.5316506929424978,-0.004394976959851734,0.6314882959460305,0.036231884057971016,0.43478260869565216,0.057971014492753624,0.09876032834333864,1.414036504098028,six_nations,2023,north
empirical_event,six_nations_2023,penalty_goals,stable,position:Back-row,120,15,0.0,2.0000000000000004e-08,2.0000000000000004e-08,1.0,0.0,,0.0,0.0,0.0,0.0,0.0,six_nations,2023,north
empirical_event,six_nations_2023,penalty_goals,stable,position:Back-three,120,15,0.11972155108269751,0.1666095278891021,0.5897868237401819,0.282491098788091,-0.01570192570110458,0.6882511836554224,0.06666666666666667,1.0,0.11666666666666667,0.19232599305494627,0.44041805389352195,six_nations,2023,north
empirical_event,six_nations_2023,penalty_goals,stable,position:Centre,60,15,0.030890053201227397,0.05100524464953159,0.3023668366226087,0.1686866364686431,-0.021539820227395087,0.8544107765354205,0.016666666666666666,1.0,0.03333333333333333,0.06422338653456074,0.06178010640245477,six_nations,2023,north
empirical_event,six_nations_2023,penalty_goals,stable,position:Fly-half,60,15,0.5303933932385803,0.8955803974667326,0.9506440541564434,0.9420775247591785,0.03645391970609781,0.54016538973647,0.26666666666666666,1.0,0.4,0.6730273490333487,0.971979719169867,six_nations,2023,north
empirical_event,six_nations_2023,penalty_goals,stable,position:Hooker,60,15,0.0,2e-08,2e-08,1.0,0.0,,0.0,0.0,0.0,0.0,0.0,six_nations,2023,north
empirical_event,six_nations_2023,penalty_goals,stable,position:Prop,120,15,0.0,2.0000000000000004e-08,2.0000000000000004e-08,1.0,0.0,,0.0,0.0,0.0,0.0,0.0,six_nations,2023,north
empirical_event,six_nations_2023,penalty_goals,stable,position:Scrum-half,60,15,0.013841054270592148,0.027682108541184296,0.02671229832436998,1.0363057571848673,0.0,0.0,0.0,1.0,0.0,0.013841054270592148,0.027682108541184292,six_nations,2023,north
empirical_event,six_nations_2023,penalty_goals,stable,position:Second-row,90,15,0.0,1.9999999999999997e-08,1.9999999999999997e-08,1.0,0.0,,0.0,0.0,0.0,0.0,0.0,six_nations,2023,north
empirical_event,six_nations_2023,missed_penalty_goals,stable,all,690,15,0.025274988030275454,0.048473456640259024,0.06828199040708924,0.7099010493289072,-0.0037360010073407075,0.7871471297389452,0.010144927536231883,0.43478260869565216,0.011594202898550725,0.01947565242469429,0.5154551001161655,six_nations,2023,north
empirical_event,six_nations_2023,missed_penalty_goals,stable,starter,450,15,0.03361195050137634,0.06403989789163844,0.10160999333061983,0.6302519643246569,-0.0029792637182741223,0.8396985123428199,0.015555555555555555,0.4666666666666667,0.017777777777777778,0.024719635906151893,0.46819287050029745,six_nations,2023,north
empirical_event,six_nations_2023,missed_penalty_goals,stable,bench,240,15,0.00964318339696129,0.019286379293922577,0.0057919849254693696,3.329839345595267,0.0,0.0,0.0,0.375,0.0,0.00964318339696129,0.07714546717569032,six_nations,2023,north
empirical_event,six_nations_2023,missed_penalty_goals,stable,zero_minute,11,7,0.040603133608368674,0.08120627448946462,0.01564925613481878,5.189145975365875,0.0,0.0,0.0,0.6363636363636364,0.0,0.040603133608368674,0.06380492424172221,six_nations,2023,north
empirical_event,six_nations_2023,missed_penalty_goals,stable,low_history,6,5,0.0,1.9999999999999997e-08,1.9999999999999997e-08,1.0,0.0,,0.0,0.0,0.0,0.0,0.0,six_nations,2023,north
empirical_event,six_nations_2023,missed_penalty_goals,stable,north,690,15,0.025274988030275454,0.048473456640259024,0.06828199040708924,0.7099010493289072,-0.0037360010073407075,0.7871471297389452,0.010144927536231883,0.43478260869565216,0.011594202898550725,0.01947565242469429,0.5154551001161655,six_nations,2023,north
empirical_event,six_nations_2023,missed_penalty_goals,stable,position:Back-row,120,15,0.0,2.0000000000000004e-08,2.0000000000000004e-08,1.0,0.0,,0.0,0.0,0.0,0.0,0.0,six_nations,2023,north
empirical_event,six_nations_2023,missed_penalty_goals,stable,position:Back-three,120,15,0.04719920096068321,0.08750093626694581,0.17195578479035892,0.5088571831045009,-0.009598309077770291,0.9653962047507927,0.025,1.0,0.025,0.03583845565945798,0.17503040821533453,six_nations,2023,north
empirical_event,six_nations_2023,missed_penalty_goals,stable,position:Centre,60,15,0.016928121597194,0.033856243194388,0.05342237061769615,0.6337465522949505,0.0,0.0,0.0,1.0,0.0,0.016928121597194,0.03385624319438799,six_nations,2023,north
empirical_event,six_nations_2023,missed_penalty_goals,stable,position:Fly-half,60,15,0.17674446914667183,0.3434037662688282,0.38455310478512555,0.8929943927008726,-0.05199372327395473,1.0192316568720685,0.06666666666666667,1.0,0.08333333333333333,0.13277360028493893,0.34355258933235944,six_nations,2023,north
empirical_event,six_nations_2023,missed_penalty_goals,stable,position:Hooker,60,15,0.0,2e-08,2e-08,1.0,0.0,,0.0,0.0,0.0,0.0,0.0,six_nations,2023,north
empirical_event,six_nations_2023,missed_penalty_goals,stable,position:Prop,120,15,0.0,2.0000000000000004e-08,2.0000000000000004e-08,1.0,0.0,,0.0,0.0,0.0,0.0,0.0,six_nations,2023,north
empirical_event,six_nations_2023,missed_penalty_goals,stable,position:Scrum-half,60,15,0.0025913696829354613,0.0051827393658709225,0.003355714697986576,1.5444517285633843,0.0,0.0,0.0,1.0,0.0,0.0025913696829354613,0.005182739365870924,six_nations,2023,north
empirical_event,six_nations_2023,missed_penalty_goals,stable,position:Second-row,90,15,0.0,1.9999999999999997e-08,1.9999999999999997e-08,1.0,0.0,,0.0,0.0,0.0,0.0,0.0,six_nations,2023,north
empirical_event,six_nations_2023,drop_goals_converted,stable,all,690,15,0.0023863427286764665,0.009171716303730412,0.019141341389661955,0.47915744863544224,0.00014935920389403653,1.263680102900058,0.0014492753623188406,0.26521739130434785,0.0014492753623188406,0.0010286750226118037,0.05428781695613746,six_nations,2023,north
empirical_event,six_nations_2023,drop_goals_converted,stable,starter,450,15,0.0034402016052796805,0.013625575930560387,0.02890854636039557,0.47133383189503064,0.00046908259001644706,1.290549366584408,0.0022222222222222222,0.2688888888888889,0.0022222222222222222,0.0013584444559805308,0.05142349003621789,six_nations,2023,north
empirical_event,six_nations_2023,drop_goals_converted,stable,bench,240,15,0.0004103573350454409,0.0008207295034242153,0.0008278320695364237,0.991420281511701,0.0,0.0,0.0,0.25833333333333336,0.0,0.0004103573350454409,0.0032828586803635273,six_nations,2023,north
empirical_event,six_nations_2023,drop_goals_converted,stable,zero_minute,11,7,0.0005784319995666765,0.0011568730900424439,0.002408200565924142,0.4803890117841976,0.0,0.0,0.0,0.5454545454545454,0.0,0.0005784319995666765,0.0009089645707476345,six_nations,2023,north
empirical_event,six_nations_2023,drop_goals_converted,stable,low_history,6,5,0.0,1.9999999999999997e-08,1.9999999999999997e-08,1.0,0.0,,0.0,0.0,0.0,0.0,0.0,six_nations,2023,north
empirical_event,six_nations_2023,drop_goals_converted,stable,north,690,15,0.0023863427286764665,0.009171716303730412,0.019141341389661955,0.47915744863544224,0.00014935920389403653,1.263680102900058,0.0014492753623188406,0.26521739130434785,0.0014492753623188406,0.0010286750226118037,0.05428781695613746,six_nations,2023,north
empirical_event,six_nations_2023,drop_goals_converted,stable,position:Back-row,120,15,0.0,2.0000000000000004e-08,2.0000000000000004e-08,1.0,0.0,,0.0,0.0,0.0,0.0,0.0,six_nations,2023,north
empirical_event,six_nations_2023,drop_goals_converted,stable,position:Back-three,120,15,0.009934197878704115,0.04516273862407875,0.09833988475752364,0.4592514902314191,0.0015639188577335748,3.1817010773344543,0.008333333333333333,1.0,0.008333333333333333,0.0021276085688323046,0.03937938724466626,six_nations,2023,north
empirical_event,six_nations_2023,drop_goals_converted,stable,position:Centre,60,15,0.0005097895921855117,0.0010195988510376907,2e-08,50979.94255188453,0.0,0.0,0.0,0.016666666666666666,0.0,0.0005097895921855117,0.0010195791843710235,six_nations,2023,north
empirical_event,six_nations_2023,drop_goals_converted,stable,position:Fly-half,60,15,0.006809845288531919,0.013619690577063838,0.023445486466065157,0.580908849845231,0.0,0.0,0.0,1.0,0.0,0.006809845288531919,0.013619690577063838,six_nations,2023,north
empirical_event,six_nations_2023,drop_goals_converted,stable,position:Hooker,60,15,0.0,2e-08,2e-08,1.0,0.0,,0.0,0.0,0.0,0.0,0.0,six_nations,2023,north
empirical_event,six_nations_2023,drop_goals_converted,stable,position:Prop,120,15,0.0,2.0000000000000004e-08,2.0000000000000004e-08,1.0,0.0,,0.0,0.0,0.0,0.0,0.0,six_nations,2023,north
empirical_event,six_nations_2023,drop_goals_converted,stable,position:Scrum-half,60,15,0.00025491074165370444,0.0005098408166407421,2e-08,25492.040832037106,0.0,0.0,0.0,0.03333333333333333,0.0,0.00025491074165370444,0.0005098214833074089,six_nations,2023,north
empirical_event,six_nations_2023,drop_goals_converted,stable,position:Second-row,90,15,0.0,1.9999999999999997e-08,1.9999999999999997e-08,1.0,0.0,,0.0,0.0,0.0,0.0,0.0,six_nations,2023,north
empirical_event,six_nations_2023,drop_goal_missed,stable,all,690,15,0.0038315040437694814,0.008446944353454241,0.012680147951588009,0.6661550311324547,-0.0007512990964682508,0.7931078516390164,0.0014492753623188406,0.2608695652173913,0.0014492753623188406,0.002774621956193524,0.08676176958706323,six_nations,2023,north
empirical_event,six_nations_2023,drop_goal_missed,stable,starter,450,15,0.004969193927076036,0.01114041546188883,0.018562796183634062,0.600147485954234,-0.0009929802872122248,0.9601513367045963,0.0022222222222222222,0.26666666666666666,0.0022222222222222222,0.0033486413927929014,0.07421531207146873,six_nations,2023,north
empirical_event,six_nations_2023,drop_goal_missed,stable,bench,240,15,0.0016983355125696914,0.0033966860251393822,0.0016501825165016505,2.058369902221652,0.0,0.0,0.0,0.25,0.0,0.0016983355125696914,0.013586684100557533,six_nations,2023,north
empirical_event,six_nations_2023,drop_goal_missed,stable,zero_minute,11,7,0.01378155668210801,0.02756312245512511,0.002400256387638764,11.483407604735154,0.0,0.0,0.0,0.5454545454545454,0.0,0.01378155668210801,0.02165673192902687,six_nations,2023,north
empirical_event,six_nations_2023,drop_goal_missed,stable,low_history,6,5,0.0,1.9999999999999997e-08,1.9999999999999997e-08,1.0,0.0,,0.0,0.0,0.0,0.0,0.0,six_nations,2023,north
empirical_event,six_nations_2023,drop_goal_missed,stable,north,690,15,0.0038315040437694814,0.008446944353454241,0.012680147951588009,0.6661550311324547,-0.0007512990964682508,0.7931078516390164,0.0014492753623188406,0.2608695652173913,0.0014492753623188406,0.002774621956193524,0.08676176958706323,six_nations,2023,north
empirical_event,six_nations_2023,drop_goal_missed,stable,position:Back-row,120,15,0.0,2.0000000000000004e-08,2.0000000000000004e-08,1.0,0.0,,0.0,0.0,0.0,0.0,0.0,six_nations,2023,north
empirical_event,six_nations_2023,drop_goal_missed,stable,position:Back-three,120,15,0.003186505216468713,0.006373010432937426,0.013322601747925352,0.4783608002040484,0.0,0.0,0.0,1.0,0.0,0.003186505216468713,0.01274602086587485,six_nations,2023,north
empirical_event,six_nations_2023,drop_goal_missed,stable,position:Centre,60,15,0.0,2e-08,2e-08,1.0,0.0,,0.0,0.0,0.0,0.0,0.0,six_nations,2023,north
empirical_event,six_nations_2023,drop_goal_missed,stable,position:Fly-half,60,15,0.0376892860704116,0.08439366919884894,0.1191763279474114,0.7081412110305085,-0.010209705119779101,1.0525248584806572,0.016666666666666666,1.0,0.016666666666666666,0.025535142063288104,0.07511338575502975,six_nations,2023,north
empirical_event,six_nations_2023,drop_goal_missed,stable,position:Hooker,60,15,0.0,2e-08,2e-08,1.0,0.0,,0.0,0.0,0.0,0.0,0.0,six_nations,2023,north
empirical_event,six_nations_2023,drop_goal_missed,stable,position:Prop,120,15,0.0,2.0000000000000004e-08,2.0000000000000004e-08,1.0,0.0,,0.0,0.0,0.0,0.0,0.0,six_nations,2023,north
empirical_event,six_nations_2023,drop_goal_missed,stable,position:Scrum-half,60,15,0.0,2e-08,2e-08,1.0,0.0,,0.0,0.0,0.0,0.0,0.0,six_nations,2023,north
empirical_event,six_nations_2023,drop_goal_missed,stable,position:Second-row,90,15,0.0,1.9999999999999997e-08,1.9999999999999997e-08,1.0,0.0,,0.0,0.0,0.0,0.0,0.0,six_nations,2023,north
empirical_event,six_nations_2023,defenders_beaten,stable,all,690,15,0.8678903542251335,1.4293431279550406,1.524597011307005,0.9375219270105316,0.026671470854578248,0.9850220799205264,0.42318840579710143,1.0,0.972463768115942,0.9601737022358645,6.693434968526172,six_nations,2023,north
empirical_event,six_nations_2023,defenders_beaten,stable,starter,450,15,1.0832009862684036,1.6514839428975046,1.8541501421487088,0.8906959071737623,0.08887370025917082,0.9764301834568737,0.5466666666666666,1.0,1.3466666666666667,1.2881545324157313,5.813088569197051,six_nations,2023,north
empirical_event,six_nations_2023,defenders_beaten,stable,bench,240,15,0.464182919144002,1.0128290999379206,0.9066848909788107,1.1170684655884384,0.22014608250627496,0.14683034343325532,0.19166666666666668,1.0,0.2708333333333333,0.34520964564861495,1.962970254093823,six_nations,2023,north
empirical_event,six_nations_2023,defenders_beaten,stable,zero_minute,11,7,0.5314315597440221,1.0628631194880442,0.8315086679347168,1.2782345638416022,0.0,0.0,0.0,1.0,0.0,0.5314315597440221,0.8351067367406062,six_nations,2023,north
empirical_event,six_nations_2023,defenders_beaten,stable,low_history,6,5,0.57275441311921,2.1714221709086163,1.1352475808427689,1.9127300577875945,0.9701897529164969,-3.2091001227350637,0.3333333333333333,1.0,0.5,0.14651763264891893,0.6444169073849365,six_nations,2023,north
empirical_event,six_nations_2023,defenders_beaten,stable,north,690,15,0.8678903542251335,1.4293431279550406,1.524597011307005,0.9375219270105316,0.026671470854578248,0.9850220799205264,0.42318840579710143,1.0,0.972463768115942,0.9601737022358645,6.693434968526172,six_nations,2023,north
empirical_event,six_nations_2023,defenders_beaten,stable,position:Back-row,120,15,0.8713928766435752,1.5560688584011548,1.4882543905144594,1.045566449068733,0.232663936944693,0.5680974760292565,0.43333333333333335,1.0,0.775,0.9546531817849108,2.046266631221232,six_nations,2023,north
empirical_event,six_nations_2023,defenders_beaten,stable,position:Back-three,120,15,1.5080246405730657,2.1267796514692927,2.1659075189719363,0.9819346545686235,0.3129229414860478,0.9457188918290677,0.7166666666666667,1.0,2.183333333333333,1.9777657060755316,3.776607826121212,six_nations,2023,north
empirical_event,six_nations_2023,defenders_beaten,stable,position:Centre,60,15,1.3078931887195593,1.8112002046273576,2.0585476680165993,0.87984370377609,0.5863346525960437,0.7024956059260172,0.7,1.0,1.8,1.7276483114853431,2.0893899979629635,six_nations,2023,north
empirical_event,six_nations_2023,defenders_beaten,stable,position:Fly-half,60,15,0.8972078674047377,1.4968068341667828,1.4594938467260052,1.0255657038393684,0.21683142497847846,0.9396371494596871,0.5,1.0,1.0,0.8334797910787813,1.4159075921605944,six_nations,2023,north
empirical_event,six_nations_2023,defenders_beaten,stable,position:Hooker,60,15,0.5812421986597797,1.0785185578766403,1.2466553032345231,0.8651297235718312,-0.3058837549921677,1.2613912260773186,0.18333333333333332,1.0,0.3333333333333333,0.5067556164262706,1.0210627465620308,six_nations,2023,north
empirical_event,six_nations_2023,defenders_beaten,stable,position:Prop,120,15,0.42059043628354004,0.7906968453419922,0.9648500125436528,0.8195023423977192,-0.015867744407349324,0.9359501697133742,0.20833333333333334,1.0,0.31666666666666665,0.3552907214877172,1.0478077635728629,six_nations,2023,north
empirical_event,six_nations_2023,defenders_beaten,stable,position:Scrum-half,60,15,0.861647684359263,1.6419541447881396,1.817993169574275,0.9031684894463278,0.25527918300078173,0.8411381082962739,0.43333333333333335,1.0,0.9666666666666667,0.8457439707574314,1.3586454911846375,six_nations,2023,north
empirical_event,six_nations_2023,defenders_beaten,stable,position:Second-row,90,15,0.488488151630222,0.974583679732778,1.1414345322793717,0.8538235458731013,-0.1182753437513767,1.285370270862766,0.2222222222222222,1.0,0.35555555555555557,0.36863377817886467,0.8862183376435643,six_nations,2023,north
empirical_event,six_nations_2023,clean_breaks,stable,all,690,15,0.2878810733713462,0.5524490285921155,0.5898201258001369,0.9366398405660971,-0.036388444609094746,1.0000791528299116,0.1608695652173913,1.0,0.21884057971014492,0.25520882381861615,2.1882557683625996,six_nations,2023,north
empirical_event,six_nations_2023,clean_breaks,stable,starter,450,15,0.3833179753295627,0.7128722396390624,0.7698287439436793,0.9260140586426534,-0.03171692580890759,1.0181743029122783,0.2311111111111111,1.0,0.32,0.3454388161269574,1.8210858491497843,six_nations,2023,north
empirical_event,six_nations_2023,clean_breaks,stable,bench,240,15,0.10893688219969035,0.25165550787908975,0.2523039667809944,0.9974298505482176,0.02352879049744933,0.06553567622351066,0.029166666666666667,1.0,0.029166666666666667,0.08602758824047617,0.7302441087364192,six_nations,2023,north
empirical_event,six_nations_2023,clean_breaks,stable,zero_minute,11,7,0.14785443291356934,0.2957088658271387,0.21620335522455622,1.3677348601736792,0.0,0.0,0.0,1.0,0.0,0.14785443291356934,0.23234268029275187,six_nations,2023,north
empirical_event,six_nations_2023,clean_breaks,stable,low_history,6,5,0.18632090026517387,0.872668690603969,0.9679015563386932,0.9016089341823521,0.1410916075427205,0.8415946851005145,0.16666666666666666,1.0,0.16666666666666666,0.03038880779159357,0.22358508031820862,six_nations,2023,north
empirical_event,six_nations_2023,clean_breaks,stable,north,690,15,0.2878810733713462,0.5524490285921155,0.5898201258001369,0.9366398405660971,-0.036388444609094746,1.0000791528299116,0.1608695652173913,1.0,0.21884057971014492,0.25520882381861615,2.1882557683625996,six_nations,2023,north
empirical_event,six_nations_2023,clean_breaks,stable,position:Back-row,120,15,0.25329055965662894,0.5514339961746306,0.5419974470269697,1.0174106892927695,0.07573316027276857,0.22649685991829854,0.10833333333333334,1.0,0.11666666666666667,0.1807243880054827,0.678300904717167,six_nations,2023,north
empirical_event,six_nations_2023,clean_breaks,stable,position:Back-three,120,15,0.629314447099604,0.9888420951716508,1.075380810128059,0.9195273765894121,-0.13657635488056286,1.205484407513293,0.4083333333333333,1.0,0.6666666666666666,0.6663238583103543,1.1944214396537602,six_nations,2023,north
empirical_event,six_nations_2023,clean_breaks,stable,position:Centre,60,15,0.4475158498714305,0.7970351850080063,0.8464174445246925,0.9416573230666141,0.02096691540808023,0.651895949308631,0.2833333333333333,1.0,0.31666666666666665,0.453599614435695,0.6453506838691889,six_nations,2023,north
empirical_event,six_nations_2023,clean_breaks,stable,position:Fly-half,60,15,0.2978572440263722,0.5986473430694421,0.60477686606443,0.989864819011885,0.033367501874948774,0.5815579631301874,0.15,1.0,0.16666666666666666,0.2292104540607546,0.5301747389954371,six_nations,2023,north
empirical_event,six_nations_2023,clean_breaks,stable,position:Hooker,60,15,0.16862670360603796,0.4049318775788498,0.5447982182103998,0.7432694602214468,-0.19459688893987143,3.138520099887389,0.05,1.0,0.1,0.09386490433833498,0.3235730095822388,six_nations,2023,north
empirical_event,six_nations_2023,clean_breaks,stable,position:Prop,120,15,0.06006566807940749,0.1950719714898153,0.13959504024849548,1.397413340349087,0.022205870020521025,-0.12613507705631918,0.016666666666666666,1.0,0.016666666666666666,0.04391485289521099,0.233792977772885,six_nations,2023,north
empirical_event,six_nations_2023,clean_breaks,stable,position:Scrum-half,60,15,0.30595059803239544,0.5692933735447776,0.6516775346537976,0.8735814007263785,-0.007452056726677908,0.8733538975921092,0.2,1.0,0.21666666666666667,0.2566184498761084,0.48124245302225055,six_nations,2023,north
empirical_event,six_nations_2023,clean_breaks,stable,position:Second-row,90,15,0.1368937323753096,0.3417066159573724,0.4142098589608034,0.8249601224236143,0.002733845873663191,0.9405427409455289,0.06666666666666667,1.0,0.07777777777777778,0.07978790185406442,0.35913527619479735,six_nations,2023,north
empirical_event,six_nations_2023,offload,stable,all,690,15,0.42520310880565254,0.8556117603298601,0.874323620373278,0.978598473600165,0.10484368414374223,0.6194552117714053,0.23623188405797102,1.0,0.3115942028985507,0.3337618520693061,3.8406449634546385,six_nations,2023,north
empirical_event,six_nations_2023,offload,stable,starter,450,15,0.5237009403173377,0.9836100591650577,0.9961311527312936,0.9874302760917533,0.1440828901400987,0.5672381508052557,0.2911111111111111,1.0,0.39555555555555555,0.4433281947951921,3.4186991004984244,six_nations,2023,north
empirical_event,six_nations_2023,offload,stable,bench,240,15,0.240519674721243,0.6156149500138643,0.6459344972019987,0.9530609569244717,0.05806488820609448,0.7488938930218298,0.13333333333333333,1.0,0.15416666666666667,0.1283249594582699,1.038886817795933,six_nations,2023,north
empirical_event,six_nations_2023,offload,stable,zero_minute,11,7,0.19872377984427947,0.39744755968855894,0.25489260323635093,1.5592745911109196,0.0,0.0,0.0,1.0,0.0,0.19872377984427947,0.312280225469582,six_nations,2023,north
empirical_event,six_nations_2023,offload,stable,low_history,6,5,0.07574205839154398,0.15148411678308796,0.24243537542401986,0.624843286662031,0.0,0.0,0.0,1.0,0.0,0.07574205839154398,0.09089047006985276,six_nations,2023,north
empirical_event,six_nations_2023,offload,stable,north,690,15,0.42520310880565254,0.8556117603298601,0.874323620373278,0.978598473600165,0.10484368414374223,0.6194552117714053,0.23623188405797102,1.0,0.3115942028985507,0.3337618520693061,3.8406449634546385,six_nations,2023,north
empirical_event,six_nations_2023,offload,stable,position:Back-row,120,15,0.5033854926028686,1.0364268179500533,1.0127768871040232,1.0233515704664782,0.267246531845375,0.2790260156498348,0.275,1.0,0.36666666666666664,0.3563113446240779,1.0865050259439537,six_nations,2023,north
empirical_event,six_nations_2023,offload,stable,position:Back-three,120,15,0.5905742676045175,1.0631574052379216,1.0498502488413473,1.0126752900342315,0.2181273224923297,0.44095317045792576,0.3416666666666667,1.0,0.4666666666666667,0.5636411320418248,1.5107808173957258,six_nations,2023,north
empirical_event,six_nations_2023,offload,stable,position:Centre,60,15,0.6045782247182581,1.2255942865428444,1.249350369307565,0.980985251736959,0.17867870626150842,0.48939441876548,0.2833333333333333,1.0,0.4166666666666667,0.48629071211211194,0.9002756141609338,six_nations,2023,north
empirical_event,six_nations_2023,offload,stable,position:Fly-half,60,15,0.5274172231303773,1.0673397783501117,0.9684081778939452,1.1021589890652503,0.02404904572512851,0.973592382171495,0.25,1.0,0.4,0.38614820859254556,0.9061759139355818,six_nations,2023,north
empirical_event,six_nations_2023,offload,stable,position:Hooker,60,15,0.29038532320152016,0.6150122601893357,0.6944949165897907,0.8855532927573578,0.061088469566481965,0.807707010272306,0.2,1.0,0.21666666666666667,0.19261711873434648,0.44709754788475753,six_nations,2023,north
empirical_event,six_nations_2023,offload,stable,position:Prop,120,15,0.20956049844302108,0.5187884553647624,0.5756700755069215,0.9011905906485229,0.021556770101729905,0.7163844142308524,0.10833333333333334,1.0,0.125,0.14439625966644204,0.5629549502825929,six_nations,2023,north
empirical_event,six_nations_2023,offload,stable,position:Scrum-half,60,15,0.46860552028702995,0.8547347668664981,0.9063816535813416,0.9430186097536576,0.17455697666653391,0.5854976565151139,0.31666666666666665,1.0,0.4,0.38504513352846614,0.7700651512108955,six_nations,2023,north
empirical_event,six_nations_2023,offload,stable,position:Second-row,90,15,0.26120596175133637,0.5600725298260838,0.6396613960103139,0.8755765680395275,0.002515507020113021,0.8847518901200132,0.14444444444444443,1.0,0.15555555555555556,0.1729751021099071,0.6144666843151898,six_nations,2023,north
empirical_event,six_nations_2023,runs,stable,all,690,15,2.547395116268094,2.3465073175140274,2.172232402771245,1.0802284850002466,1.586731163054068,0.7506846086168194,0.8913043478260869,1.0,5.3,4.946509884874086,37.16388111953723,six_nations,2023,north
empirical_event,six_nations_2023,runs,stable,starter,450,15,2.9606785807242475,2.269530407637553,2.152032529596642,1.0545985603958012,4.284724314249291,0.42587918232032995,0.9822222222222222,1.0,7.033333333333333,6.453964253685091,30.421558825458884,six_nations,2023,north
empirical_event,six_nations_2023,runs,stable,bench,240,15,1.7724886204128063,2.4908390235324167,2.210107164973626,1.1270218308903317,1.6530608828977924,0.18723252312972702,0.7208333333333333,1.0,2.05,2.120032943353453,8.278695837965293,six_nations,2023,north
empirical_event,six_nations_2023,runs,stable,zero_minute,11,7,2.085145688673951,4.057870378653326,3.752702310086263,1.0813195514461278,0.06203098247711263,0.05284036543337797,0.09090909090909091,1.0,0.18181818181818182,2.2669638704921327,3.2766575107733513,six_nations,2023,north
empirical_event,six_nations_2023,runs,stable,low_history,6,5,1.8772858895460456,3.7151874095128368,1.6294360600976614,2.2800449189090393,2.335467150348614,0.4817050772387004,0.8333333333333334,1.0,3.1666666666666665,1.7255361331933106,2.252743067455255,six_nations,2023,north
empirical_event,six_nations_2023,runs,stable,north,690,15,2.547395116268094,2.3465073175140274,2.172232402771245,1.0802284850002466,1.586731163054068,0.7506846086168194,0.8913043478260869,1.0,5.3,4.946509884874086,37.16388111953723,six_nations,2023,north
empirical_event,six_nations_2023,runs,stable,position:Back-row,120,15,2.9403461957548935,2.3807233293618038,2.284513380028509,1.0421139793596192,2.431487389456072,0.6144733121693069,0.925,1.0,6.516666666666667,6.648261521380761,8.114492168335845,six_nations,2023,north
empirical_event,six_nations_2023,runs,stable,position:Back-three,120,15,2.848250861537157,2.2733876687897103,1.6348017466116256,1.3906197944195073,2.660820873093765,0.6210906674208143,0.95,1.0,6.466666666666667,6.127681501603187,9.416302094218207,six_nations,2023,north
empirical_event,six_nations_2023,runs,stable,position:Centre,60,15,3.8944385793393352,3.1661308504902723,2.279809433809828,1.388769957495657,9.625688284686806,-0.12451205505581672,1.0,1.0,8.766666666666667,6.899104007520018,6.765715949998865,six_nations,2023,north
empirical_event,six_nations_2023,runs,stable,position:Fly-half,60,15,2.7852705625666334,3.625182813494875,2.653685389478764,1.3660936702850568,0.810793604161247,1.070306874726974,0.7833333333333333,1.0,4.366666666666666,3.3222930231224495,5.014471300385465,six_nations,2023,north
empirical_event,six_nations_2023,runs,stable,position:Hooker,60,15,1.955539963487802,1.866566906500512,1.695747084232243,1.1007342568102414,0.8932355833157474,0.6917792672027804,0.85,1.0,3.7333333333333334,4.105497063393591,3.0600100574242304,six_nations,2023,north
empirical_event,six_nations_2023,runs,stable,position:Prop,120,15,2.0792596804049133,2.0262619708443106,2.6566613756281097,0.7627099145690878,-0.024316989510799577,1.0556002889944556,0.8166666666666667,1.0,3.85,3.6702500273104315,5.25495054461781,six_nations,2023,north
empirical_event,six_nations_2023,runs,stable,position:Scrum-half,60,15,1.745871359391019,1.7978806823991067,2.1199678705683778,0.8480697784901253,1.086061552403093,0.8093451528006995,0.85,1.0,3.7,3.22969556134549,2.910832153169411,six_nations,2023,north
empirical_event,six_nations_2023,runs,stable,position:Second-row,90,15,2.118806597936244,2.112217973689932,2.0530065661624124,1.0288413142478159,1.504238203161622,0.6930371406883712,0.9222222222222223,1.0,4.477777777777778,4.290591946721118,4.4211918368888705,six_nations,2023,north
empirical_event,six_nations_2023,tackles,stable,all,690,15,2.9524506598086755,2.4516541690433566,2.466846731845434,0.9938413024992794,1.0891190103985733,0.9633458100213266,0.9260869565217391,1.0,6.739130434782608,5.864987801482165,40.82630790502038,six_nations,2023,north
empirical_event,six_nations_2023,tackles,stable,starter,450,15,3.475858425747017,2.495420359837816,2.5719710972384404,0.9702365483489228,2.703685512913429,0.8060274516074036,0.9822222222222222,1.0,8.702222222222222,7.442099766386778,35.65122553209407,six_nations,2023,north
empirical_event,six_nations_2023,tackles,stable,bench,240,15,1.971061098674285,2.369592561303745,2.269738546733547,1.043993619755853,1.0879673787636885,0.67759001744395,0.8208333333333333,1.0,3.058333333333333,2.9079028672860194,7.851411357807198,six_nations,2023,north
empirical_event,six_nations_2023,tackles,stable,zero_minute,11,7,1.9447619892203925,3.6057972809484067,3.642347427651993,0.9899652223107261,0.5784154984091396,-0.059947661073643944,0.18181818181818182,1.0,0.45454545454545453,2.0663031992443286,2.8123840263580107,six_nations,2023,north
empirical_event,six_nations_2023,tackles,stable,low_history,6,5,2.876081563934081,3.653704944880014,2.862084391883455,1.2765888229017652,0.2999868256634994,0.5241328966801937,0.6666666666666666,1.0,2.6666666666666665,4.5154193831249385,2.666682576007856,six_nations,2023,north
empirical_event,six_nations_2023,tackles,stable,north,690,15,2.9524506598086755,2.4516541690433566,2.466846731845434,0.9938413024992794,1.0891190103985733,0.9633458100213266,0.9260869565217391,1.0,6.739130434782608,5.864987801482165,40.82630790502038,six_nations,2023,north
empirical_event,six_nations_2023,tackles,stable,position:Back-row,120,15,4.148146774231906,3.2680973957280717,3.178536273920323,1.0281768443363668,3.4392539101655046,0.7494663877055181,0.9583333333333334,1.0,10.433333333333334,9.33207884689814,11.902023167125446,six_nations,2023,north
empirical_event,six_nations_2023,tackles,stable,position:Back-three,120,15,1.7391042272442898,1.7108909085498525,1.770460053641081,0.9663538609816583,1.3984135571683007,0.597738338923541,0.8833333333333333,1.0,3.225,3.055829489072382,4.467646222817785,six_nations,2023,north
empirical_event,six_nations_2023,tackles,stable,position:Centre,60,15,3.459652782234262,2.3590145175598116,2.3290844402085242,1.0128505763185673,6.371800575181465,0.2894119625328356,1.0,1.0,8.25,6.4897090237085235,5.419654254725693,six_nations,2023,north
empirical_event,six_nations_2023,tackles,stable,position:Fly-half,60,15,2.1725768597979513,2.0934929242259614,2.36933246165976,0.8835792182408339,-0.27892880777324747,1.2758696919747436,0.8,1.0,4.816666666666666,3.9938212393407824,3.0216875276334028,six_nations,2023,north
empirical_event,six_nations_2023,tackles,stable,position:Hooker,60,15,3.2419749077966413,3.168372334469291,2.8446570101594855,1.1137976645879204,1.5478409281645897,0.9237247759118249,0.9,1.0,7.0,5.902363143235485,3.726211784310762,six_nations,2023,north
empirical_event,six_nations_2023,tackles,stable,position:Prop,120,15,2.8352844532721426,2.25442289352007,2.307174409244999,0.9771358786255818,0.47905959081819866,1.0575676455606235,0.95,1.0,6.391666666666667,5.590760175642627,8.56200200312032,six_nations,2023,north
empirical_event,six_nations_2023,tackles,stable,position:Scrum-half,60,15,2.098654811824388,1.906796912936964,2.2099197690124206,0.8628353570451485,0.44030807672982,1.0120491100598146,0.9166666666666666,1.0,4.033333333333333,3.5502479285725124,3.0590862151828158,six_nations,2023,north
empirical_event,six_nations_2023,tackles,stable,position:Second-row,90,15,3.6901682110998992,2.799682572807055,2.735601507712998,1.0234248536979458,2.6139297800988333,0.8117709571751158,0.9666666666666667,1.0,8.866666666666667,7.702587572640871,8.501524867725903,six_nations,2023,north
empirical_event,six_nations_2023,missed_tackles,stable,all,690,15,0.7994990217270566,1.2043091654283449,1.3157084471785137,0.9153313319610737,-0.0805922812409809,1.2647886171643714,0.5318840579710145,1.0,0.972463768115942,0.8325945024061427,6.926839393491888,six_nations,2023,north
empirical_event,six_nations_2023,missed_tackles,stable,starter,450,15,0.9502433468433593,1.333719278109178,1.491476555896255,0.8942274505332215,0.14079023905837668,1.1080762676559075,0.6844444444444444,1.0,1.3177777777777777,1.062190007199841,6.404599821984666,six_nations,2023,north
empirical_event,six_nations_2023,missed_tackles,stable,bench,240,15,0.5168534121339887,0.9616652041517837,0.9861432433327485,0.9751780085231438,0.09421935269632659,0.5739342580190242,0.24583333333333332,1.0,0.325,0.4021029309179583,1.747631199782474,six_nations,2023,north
empirical_event,six_nations_2023,missed_tackles,stable,zero_minute,11,7,0.3704612933112336,0.6895787413705432,0.6740787620891421,1.022994314838466,0.01742708925216962,0.20886971118909667,0.09090909090909091,1.0,0.09090909090909091,0.3518078386693203,0.4976136392793921,six_nations,2023,north
empirical_event,six_nations_2023,missed_tackles,stable,low_history,6,5,0.5325281110725902,1.0299605403669387,0.819443758348644,1.2569020507795818,-0.234913835733763,1.6759141679279934,0.3333333333333333,1.0,0.5,0.4385151995238334,0.4909142406665131,six_nations,2023,north
empirical_event,six_nations_2023,missed_tackles,stable,north,690,15,0.7994990217270566,1.2043091654283449,1.3157084471785137,0.9153313319610737,-0.0805922812409809,1.2647886171643714,0.5318840579710145,1.0,0.972463768115942,0.8325945024061427,6.926839393491888,six_nations,2023,north
empirical_event,six_nations_2023,missed_tackles,stable,position:Back-row,120,15,0.8242612794587544,1.209120676395775,1.285869030813282,0.9403140190965128,0.004546473003013036,1.161618211115961,0.5583333333333333,1.0,1.0,0.8569541330112759,2.065712674796673,six_nations,2023,north
empirical_event,six_nations_2023,missed_tackles,stable,position:Back-three,120,15,0.8622715632471317,1.2123901840363085,1.323153189765049,0.9162886001518776,0.07929352957243033,1.1882919157223168,0.625,1.0,1.1833333333333333,0.9290981358648731,1.9111564948882278,six_nations,2023,north
empirical_event,six_nations_2023,missed_tackles,stable,position:Centre,60,15,1.1157836421521472,1.442613278296264,1.5007522134792635,0.9612601369761012,0.8354397997412024,0.6803932313765437,0.8,1.0,1.7166666666666666,1.2951728886876235,1.6348054198630355,six_nations,2023,north
empirical_event,six_nations_2023,missed_tackles,stable,position:Fly-half,60,15,0.8601163729654473,1.2898880178637202,1.4149391484200686,0.9116208420015932,-0.03209949818958015,1.2044356430006895,0.5333333333333333,1.0,1.0333333333333334,0.8845909183395887,1.4258462763927005,six_nations,2023,north
empirical_event,six_nations_2023,missed_tackles,stable,position:Hooker,60,15,0.7674957162864454,1.2324798236416228,1.3742206643244548,0.8968572920183022,-0.17955738208937747,1.5351915289863225,0.5,1.0,0.9,0.7032069691018956,1.028767152009448,six_nations,2023,north
empirical_event,six_nations_2023,missed_tackles,stable,position:Prop,120,15,0.692603160107484,1.1598780528811843,1.2818657441914862,0.9048358286637549,-0.30129164538843956,1.4327258910705758,0.38333333333333336,1.0,0.65,0.6639732354369653,1.4429911533327155,six_nations,2023,north
empirical_event,six_nations_2023,missed_tackles,stable,position:Scrum-half,60,15,0.7394432718167627,1.1544764564708145,1.2219176363612356,0.9448070983808246,-0.1126030238545562,1.3371483797873094,0.5333333333333333,1.0,0.9166666666666666,0.7697497944730277,1.079530799775345,six_nations,2023,north
empirical_event,six_nations_2023,missed_tackles,stable,position:Second-row,90,15,0.6354184940090715,1.0448799996846734,1.2246943669521657,0.8531761293921951,-0.08479353816951103,1.05393502185184,0.4111111111111111,1.0,0.6333333333333333,0.6813767989615181,1.2680285170392576,six_nations,2023,north
empirical_event,six_nations_2023,rucks_won,stable,all,690,15,1.937442287928942,1.9229156747571086,3.016222266534767,0.6375245273175042,0.4796880738160889,1.1053711842461853,0.8420289855072464,1.0,3.9,3.0942655054975163,22.57845530266515,six_nations,2023,north
empirical_event,six_nations_2023,rucks_won,stable,starter,450,15,2.265063729316092,1.8680142282897534,3.43921164110947,0.543151868283146,1.4075599440057012,0.9251506049919667,0.9555555555555556,1.0,5.128888888888889,4.022403406324854,18.929975861693208,six_nations,2023,north
empirical_event,six_nations_2023,rucks_won,stable,bench,240,15,1.3231520853280354,2.0258558868834,2.2231171892071995,0.911268149388856,0.4635957081911245,0.8362125706186048,0.6291666666666667,1.0,1.5958333333333334,1.3540069414462559,5.683886596970094,six_nations,2023,north
empirical_event,six_nations_2023,rucks_won,stable,zero_minute,11,7,0.8912311508074091,1.6718544921511906,1.7949612671134567,0.9314153585273521,-0.11065001701874524,0.32321473102733944,0.09090909090909091,1.0,0.18181818181818182,0.9048727386506044,1.1362285893080926,six_nations,2023,north
empirical_event,six_nations_2023,rucks_won,stable,low_history,6,5,2.3012863087572484,4.850571789095538,3.271161392087141,1.4828286372017447,2.6252525574891536,0.49222040404440837,0.8333333333333334,1.0,3.3333333333333335,1.43854413597267,2.761543570508698,six_nations,2023,north
empirical_event,six_nations_2023,rucks_won,stable,north,690,15,1.937442287928942,1.9229156747571086,3.016222266534767,0.6375245273175042,0.4796880738160889,1.1053711842461853,0.8420289855072464,1.0,3.9,3.0942655054975163,22.57845530266515,six_nations,2023,north
empirical_event,six_nations_2023,rucks_won,stable,position:Back-row,120,15,2.511335233396187,2.1365202194321995,3.470247778028967,0.6156679165560048,1.907000405688787,0.7863382822798011,0.9333333333333333,1.0,5.6,4.696451485999436,6.76261193057871,six_nations,2023,north
empirical_event,six_nations_2023,rucks_won,stable,position:Back-three,120,15,1.9383216056857633,1.82403642448238,2.8606532362619874,0.6376293363210448,-0.052644955376257525,1.276216934872225,0.875,1.0,4.008333333333334,3.182043881212231,5.595793167137557,six_nations,2023,north
empirical_event,six_nations_2023,rucks_won,stable,position:Centre,60,15,2.7673409375161984,2.261532492017869,4.3378808423827,0.5213450009787868,2.917603226319974,0.8138623608078651,1.0,1.0,6.283333333333333,4.1355028431004355,5.232566081806372,six_nations,2023,north
empirical_event,six_nations_2023,rucks_won,stable,position:Fly-half,60,15,1.178428903474567,1.6844646587219367,1.7098913429035416,0.9851296491516074,-0.20417482538462664,1.4724635260742645,0.6666666666666666,1.0,1.7833333333333334,1.3497843060444799,2.005685735560155,six_nations,2023,north
empirical_event,six_nations_2023,rucks_won,stable,position:Hooker,60,15,1.4462978691618307,1.6178425127531673,2.2330603707189,0.7244956446172243,-0.015137443139388734,1.038905973907891,0.7333333333333333,1.0,3.033333333333333,2.93430864104647,2.0019608745843134,six_nations,2023,north
empirical_event,six_nations_2023,rucks_won,stable,position:Prop,120,15,1.7902760619779443,1.8756962727884239,3.3957114232549075,0.5523721067529654,-0.9816359544298456,1.6330541882702192,0.7916666666666666,1.0,3.2916666666666665,2.6167549440737927,4.098983553286367,six_nations,2023,north
empirical_event,six_nations_2023,rucks_won,stable,position:Scrum-half,60,15,1.1633928898088055,1.546396570533397,2.305866686485781,0.6706357221761844,0.8062488846858844,0.702999693347406,0.7166666666666667,1.0,1.8166666666666667,1.4372947691763194,1.8523673633038806,six_nations,2023,north
empirical_event,six_nations_2023,rucks_won,stable,position:Second-row,90,15,2.1635066060677604,2.22052546151625,3.0977546317114513,0.716817735912625,1.5150446540896483,0.8150816429782521,0.9111111111111111,1.0,4.088888888888889,3.15777475418854,4.7682550728567765,six_nations,2023,north
empirical_event,six_nations_2023,rucks_lost,stable,all,690,15,0.25382992207895694,0.6129548755648561,0.5823748320870178,1.052509211924991,0.07609157970285622,0.5429530403173065,0.15072463768115943,1.0,0.15942028985507245,0.15347314401908163,1.4073619434555542,six_nations,2023,north
empirical_event,six_nations_2023,rucks_lost,stable,starter,450,15,0.31837320192493135,0.7100428102011375,0.6904035142375845,1.0284461123944897,0.12507476747742366,0.4113289824515206,0.19333333333333333,1.0,0.20666666666666667,0.19836165859977903,1.1886828679326797,six_nations,2023,north
empirical_event,six_nations_2023,rucks_lost,stable,bench,240,15,0.13281127236775495,0.4309149981218285,0.37982105305470526,1.1345210979122955,0.11981813695407435,-0.7067782039336399,0.07083333333333333,1.0,0.07083333333333333,0.06930717918027396,0.6517374048656784,six_nations,2023,north
empirical_event,six_nations_2023,rucks_lost,stable,zero_minute,11,7,0.078485807511375,0.15697161502275,0.12016477380382308,1.3063030874507076,0.0,0.0,0.0,1.0,0.0,0.078485807511375,0.12333484037501788,six_nations,2023,north
empirical_event,six_nations_2023,rucks_lost,stable,low_history,6,5,0.06765708165068242,0.13531416330136484,0.13423274213898853,1.008056314317535,0.0,0.0,0.0,1.0,0.0,0.06765708165068242,0.08118849798081891,six_nations,2023,north
empirical_event,six_nations_2023,rucks_lost,stable,north,690,15,0.25382992207895694,0.6129548755648561,0.5823748320870178,1.052509211924991,0.07609157970285622,0.5429530403173065,0.15072463768115943,1.0,0.15942028985507245,0.15347314401908163,1.4073619434555542,six_nations,2023,north
empirical_event,six_nations_2023,rucks_lost,stable,position:Back-row,120,15,0.32938788346033726,0.7627779450855381,0.7519716725207882,1.0143705846372173,0.14573024289753936,0.38733932207225913,0.2,1.0,0.225,0.2046519746003806,0.8421398697216423,six_nations,2023,north
empirical_event,six_nations_2023,rucks_lost,stable,position:Back-three,120,15,0.31105405196022684,0.6627141645280695,0.6249259451324842,1.06046831578992,0.06660307233723577,0.6499783303758963,0.19166666666666668,1.0,0.2,0.20523288458804168,0.5885945732619812,six_nations,2023,north
empirical_event,six_nations_2023,rucks_lost,stable,position:Centre,60,15,0.3109067684247954,0.6116118504607985,0.7488089540573646,0.8167795632608638,-0.0683733395585249,1.517853411798291,0.21666666666666667,1.0,0.23333333333333334,0.19877194368487047,0.42956580593902205,six_nations,2023,north
empirical_event,six_nations_2023,rucks_lost,stable,position:Fly-half,60,15,0.2272206837768076,0.5247267981708865,0.5086667763561484,1.0315727752651442,0.01045541968748478,1.0699320756785726,0.15,1.0,0.15,0.1304237750083464,0.42079935939316176,six_nations,2023,north
empirical_event,six_nations_2023,rucks_lost,stable,position:Hooker,60,15,0.23432040072725327,0.7655471905688161,0.6239548096279417,1.2269273010737822,0.17062829953406378,-0.04249773823241337,0.15,1.0,0.16666666666666666,0.09321985197733533,0.4025257067246658,six_nations,2023,north
empirical_event,six_nations_2023,rucks_lost,stable,position:Prop,120,15,0.1701711199027803,0.47653174766708767,0.44563089045316656,1.0693418204974474,0.10163229272915769,-0.10488371321275315,0.09166666666666666,1.0,0.09166666666666666,0.09501595392867276,0.471676890022968,six_nations,2023,north
empirical_event,six_nations_2023,rucks_lost,stable,position:Scrum-half,60,15,0.18082099088810455,0.43657769116623907,0.36883066025675715,1.1836805835564772,0.09656907604599949,-0.2319380590936352,0.06666666666666667,1.0,0.06666666666666667,0.1289241166205542,0.3484309453255684,six_nations,2023,north
empirical_event,six_nations_2023,rucks_lost,stable,position:Second-row,90,15,0.2296994329629036,0.6043132160451419,0.5346615683264104,1.1302724037876033,0.16341621129830122,-0.3031944617683187,0.12222222222222222,1.0,0.12222222222222222,0.13586656179609488,0.5635409329317965,six_nations,2023,north
empirical_event,six_nations_2023,passes,stable,all,690,15,3.4540589298915494,3.4937938060461464,3.426143343376859,1.0197453684476057,0.18763391956926512,1.0741461723083476,0.8173913043478261,1.0,7.073913043478261,6.410932982342928,51.875840625735705,six_nations,2023,north
empirical_event,six_nations_2023,passes,stable,starter,450,15,3.696922446663203,3.1663629574031424,2.9462703752610655,1.0747020993015872,0.3677836172726778,1.0869517395198898,0.9288888888888889,1.0,8.993333333333334,7.935540652311377,40.75686886821017,six_nations,2023,north
empirical_event,six_nations_2023,passes,stable,bench,240,15,2.9986898359446985,4.1077266472517815,4.325905158593972,0.9495646567958729,0.3584578031052573,0.8773323792504034,0.6083333333333333,1.0,3.475,3.5522936011520847,17.238249191853416,six_nations,2023,north
empirical_event,six_nations_2023,passes,stable,zero_minute,11,7,5.759546941580457,11.519093883160915,7.672722795103937,1.5013045812773786,0.0,0.0,0.0,1.0,0.0,5.759546941580457,9.050716622483575,six_nations,2023,north
empirical_event,six_nations_2023,passes,stable,low_history,6,5,0.8331918987882557,1.1527336480606556,1.1831735548051296,0.9742726613345516,0.7466068350644105,0.08731087911728562,0.6666666666666666,1.0,0.8333333333333334,0.9933068953803819,0.6963670915425185,six_nations,2023,north
empirical_event,six_nations_2023,passes,stable,north,690,15,3.4540589298915494,3.4937938060461464,3.426143343376859,1.0197453684476057,0.18763391956926512,1.0741461723083476,0.8173913043478261,1.0,7.073913043478261,6.410932982342928,51.875840625735705,six_nations,2023,north
empirical_event,six_nations_2023,passes,stable,position:Back-row,120,15,2.158298223757749,2.3649437234174258,2.225585557741318,1.0626164045643511,1.1733924560892173,0.6075902452238503,0.8333333333333334,1.0,3.2916666666666665,3.486353224444918,4.8533496460667624,six_nations,2023,north
empirical_event,six_nations_2023,passes,stable,position:Back-three,120,15,1.97100208885855,1.8754210347385305,2.415817616753223,0.7763090316640016,0.09002309896141768,0.8804937152246401,0.8333333333333334,1.0,3.65,4.043159922078858,5.623025451416053,six_nations,2023,north
empirical_event,six_nations_2023,passes,stable,position:Centre,60,15,4.00609867313086,4.112421454054532,4.09152805354274,1.0051065030566515,3.7307530437374408,0.47317873289018425,0.9666666666666667,1.0,6.483333333333333,5.817210492075762,6.408754211290538,six_nations,2023,north
empirical_event,six_nations_2023,passes,stable,position:Fly-half,60,15,8.549011879347356,10.603910744268084,8.898225070953567,1.1916883040958786,5.787607813695329,0.8204353641128698,0.8333333333333334,1.0,15.85,12.264698264420938,14.72064319286347,six_nations,2023,north
empirical_event,six_nations_2023,passes,stable,position:Hooker,60,15,1.5058891822956468,2.2050927897129955,1.6847911874928434,1.3088226042981734,1.5513089581633415,0.27267556666739295,0.7333333333333333,1.0,2.0,1.645512457608525,2.395440415346219,six_nations,2023,north
empirical_event,six_nations_2023,passes,stable,position:Prop,120,15,1.165506438466689,1.4819073721699643,1.7404320033806537,0.8514595050490191,0.24186262401142333,1.0567980787735907,0.6833333333333333,1.0,1.6583333333333334,1.3403418664100133,2.9177770155686216,six_nations,2023,north
empirical_event,six_nations_2023,passes,stable,position:Scrum-half,60,15,12.593864630426067,9.175795525516643,9.309943514616513,0.9855908911918466,3.838133380112527,0.9991895116030082,0.9333333333333333,1.0,35.78333333333333,31.971112168672427,19.962381163421153,six_nations,2023,north
empirical_event,six_nations_2023,passes,stable,position:Second-row,90,15,1.6514665509246065,1.7579093302177293,1.768326844318551,0.9941088299743388,0.9476090294079582,0.6091961250181473,0.8222222222222222,1.0,2.688888888888889,2.8583239255322925,3.144631389694181,six_nations,2023,north
empirical_event,six_nations_2023,bad_passes,stable,all,690,15,0.4437325763845402,0.8704456589481678,0.8899618845157974,0.9780707175136519,0.028477097875489268,1.053735242489957,0.2797101449275362,1.0,0.4043478260869565,0.3567031955041113,3.648539242155598,six_nations,2023,north
empirical_event,six_nations_2023,bad_passes,stable,starter,450,15,0.5518809663202737,1.0243452622407718,1.089115259102131,0.9405297131593257,0.07692948602273197,1.046540926313748,0.3711111111111111,1.0,0.5555555555555556,0.4573409959405007,3.3892184056836707,six_nations,2023,north
empirical_event,six_nations_2023,bad_passes,stable,bench,240,15,0.24095434525503992,0.5818839027745353,0.5165493071664218,1.126482786254254,0.06446809536238529,0.3354927516035173,0.10833333333333334,1.0,0.12083333333333333,0.1680073196858812,1.0841684193124992,six_nations,2023,north
empirical_event,six_nations_2023,bad_passes,stable,zero_minute,11,7,0.2705538401063347,0.5411076802126694,0.3716711960554679,1.455877361375927,0.0,0.0,0.0,1.0,0.0,0.2705538401063347,0.42515603445281164,six_nations,2023,north
empirical_event,six_nations_2023,bad_passes,stable,low_history,6,5,0.1798424310458605,0.4281486217925261,0.4101284275019936,1.043937930370469,-0.36620511232874664,8.513702397411446,0.16666666666666666,1.0,0.16666666666666666,0.062589899684235,0.2158109172550326,six_nations,2023,north
empirical_event,six_nations_2023,bad_passes,stable,north,690,15,0.4437325763845402,0.8704456589481678,0.8899618845157974,0.9780707175136519,0.028477097875489268,1.053735242489957,0.2797101449275362,1.0,0.4043478260869565,0.3567031955041113,3.648539242155598,six_nations,2023,north
empirical_event,six_nations_2023,bad_passes,stable,position:Back-row,120,15,0.43707205302942803,0.9275680570681364,0.9107319358936046,1.0184863630130774,0.22126336983163591,0.4187706451864547,0.26666666666666666,1.0,0.3333333333333333,0.2676165695706753,1.0123352449155705,six_nations,2023,north
empirical_event,six_nations_2023,bad_passes,stable,position:Back-three,120,15,0.487715646501713,0.9000058099315356,0.9965224545736847,0.9031465430616521,0.038761982370478475,0.9654437011670628,0.325,1.0,0.4166666666666667,0.3914310941584305,0.9407635308630735,six_nations,2023,north
empirical_event,six_nations_2023,bad_passes,stable,position:Centre,60,15,0.5652346973760608,0.9698012960440587,0.9551040097590496,1.0153881526355615,0.25459071304428743,0.46835619395022204,0.4166666666666667,1.0,0.5,0.5239800180411306,0.8784017200681719,six_nations,2023,north
empirical_event,six_nations_2023,bad_passes,stable,position:Fly-half,60,15,0.8771390366146671,1.4327846377923323,1.4569318781247316,0.983425964731117,-0.08424626716365845,1.3008119129473008,0.4166666666666667,1.0,0.9333333333333333,0.7822649764879706,1.3907792527361347,six_nations,2023,north
empirical_event,six_nations_2023,bad_passes,stable,position:Hooker,60,15,0.2670414937042754,0.7758959025471625,0.6468977813660769,1.1994103626521575,0.1843052275933911,-0.007363785202040791,0.18333333333333332,1.0,0.18333333333333332,0.13198297253272076,0.4667391738393144,six_nations,2023,north
empirical_event,six_nations_2023,bad_passes,stable,position:Prop,120,15,0.21188473162219082,0.6200901176965355,0.6967830864926257,0.8899327921661575,-0.008027797012934188,1.643972396642848,0.13333333333333333,1.0,0.15833333333333333,0.10119460076458289,0.6148535587546373,six_nations,2023,north
empirical_event,six_nations_2023,bad_passes,stable,position:Scrum-half,60,15,0.7399491924298546,1.0669477505490619,1.1067257796093177,0.964057917694573,0.003171507259040084,1.0864460808186973,0.5166666666666667,1.0,0.9666666666666667,0.8868320079737225,1.1627783795014501,six_nations,2023,north
empirical_event,six_nations_2023,bad_passes,stable,position:Second-row,90,15,0.2534768973271273,0.5795783477192654,0.5738848461017749,1.009920982678258,0.031425808118719284,0.7907519808120639,0.15555555555555556,1.0,0.16666666666666666,0.17102816284957215,0.5342440043630153,six_nations,2023,north
empirical_event,six_nations_2023,turnovers_conceded,stable,all,690,15,0.5544000564468343,0.9182121639756271,0.9171000161074302,1.001212678932138,0.03124429782787704,0.8665281918691279,0.391304347826087,1.0,0.5463768115942029,0.5944786547050127,2.727704689892574,six_nations,2023,north
empirical_event,six_nations_2023,turnovers_conceded,stable,starter,450,15,0.668526315974064,1.0521965957872763,1.0484360324822872,1.0035868314217373,0.06924667367260166,0.834404391523568,0.49333333333333335,1.0,0.7222222222222222,0.7825648512675364,2.5571591185264766,six_nations,2023,north
empirical_event,six_nations_2023,turnovers_conceded,stable,bench,240,15,0.34041331983327877,0.6669913543287848,0.6708449854045732,0.9942555565598149,0.05674926401141989,0.661315700502853,0.2,1.0,0.21666666666666667,0.24181703615028105,1.0546336604022737,six_nations,2023,north
empirical_event,six_nations_2023,turnovers_conceded,stable,zero_minute,11,7,0.38391594611690677,0.785626503935189,0.549425417586109,1.4299056410364583,0.1699738819557676,-0.2435861911356365,0.09090909090909091,1.0,0.09090909090909091,0.32458650746195583,0.6032964867551392,six_nations,2023,north
empirical_event,six_nations_2023,turnovers_conceded,stable,low_history,6,5,0.20341535018280824,0.3076238944139834,0.3694773833332563,0.8325919482235721,-0.342773211273626,2.2432391102483518,0.16666666666666666,1.0,0.16666666666666666,0.22710012303766056,0.2440984202193699,six_nations,2023,north
empirical_event,six_nations_2023,turnovers_conceded,stable,north,690,15,0.5544000564468343,0.9182121639756271,0.9171000161074302,1.001212678932138,0.03124429782787704,0.8665281918691279,0.391304347826087,1.0,0.5463768115942029,0.5944786547050127,2.727704689892574,six_nations,2023,north
empirical_event,six_nations_2023,turnovers_conceded,stable,position:Back-row,120,15,0.6044537370757811,1.0109894428699657,1.0330587296021185,0.9786369486073142,0.08799019089594455,0.7390119560682087,0.39166666666666666,1.0,0.525,0.5913433544825096,1.0868756362418361,six_nations,2023,north
empirical_event,six_nations_2023,turnovers_conceded,stable,position:Back-three,120,15,0.6476073461079905,0.9013999874727664,0.8879428903528432,1.0151553633303778,0.17130020793586734,0.7830225337557257,0.65,1.0,0.9583333333333334,1.0051219364307482,1.4770483588409296,six_nations,2023,north
empirical_event,six_nations_2023,turnovers_conceded,stable,position:Centre,60,15,0.853901204258835,1.5177205150936444,1.3738788058481386,1.1046975239979102,1.1204534339365484,-0.544241609326159,0.45,1.0,0.7333333333333333,0.7113019180626765,1.256259926274977,six_nations,2023,north
empirical_event,six_nations_2023,turnovers_conceded,stable,position:Fly-half,60,15,0.6317969423022743,1.0578091847570616,1.0526405609908347,1.004910150679888,0.02826618156456217,0.8239760075075525,0.43333333333333335,1.0,0.6666666666666666,0.7747804296307169,0.9954628247563784,six_nations,2023,north
empirical_event,six_nations_2023,turnovers_conceded,stable,position:Hooker,60,15,0.3832861349827128,0.7460903271899471,0.7044934833752983,1.0590450370319313,0.09297742089573734,0.3503033826496994,0.18333333333333332,1.0,0.2,0.30551397561377364,0.5554442164925714,six_nations,2023,north
empirical_event,six_nations_2023,turnovers_conceded,stable,position:Prop,120,15,0.2977374967810905,0.5694156824958483,0.5788094461516593,0.9837705418972211,0.012388108198082408,0.7501313831945551,0.175,1.0,0.175,0.21677788110851828,0.5766605520794864,six_nations,2023,north
empirical_event,six_nations_2023,turnovers_conceded,stable,position:Scrum-half,60,15,0.6630790038504506,1.0503056939320308,1.1730814916486518,0.8953390718456639,-0.029962490304501023,1.0714188026000429,0.4666666666666667,1.0,0.7166666666666667,0.6968602335140109,0.8977497450222719,six_nations,2023,north
empirical_event,six_nations_2023,turnovers_conceded,stable,position:Second-row,90,15,0.49596013587639837,0.8159359593799111,0.8286224741061886,0.9846896323443772,-0.004517859292230715,0.9102157920144279,0.35555555555555557,1.0,0.43333333333333335,0.4810410854952774,0.8883616057779425,six_nations,2023,north
empirical_event,six_nations_2023,penalties_conceded,stable,all,690,15,0.5443879248303334,0.9584623544219489,0.9575948083107199,1.0009059636745101,0.013133425438501767,0.8463658528319261,0.32608695652173914,1.0,0.4449275362318841,0.5101743050580387,3.161527162706946,six_nations,2023,north
empirical_event,six_nations_2023,penalties_conceded,stable,starter,450,15,0.62959811754637,1.0476286341550305,1.0610424943132057,0.9873578483142113,0.004572562190100644,0.8702231192939843,0.3933333333333333,1.0,0.5511111111111111,0.6280441610933292,2.606429607374041,six_nations,2023,north
empirical_event,six_nations_2023,penalties_conceded,stable,bench,240,15,0.3846188134877649,0.7912755799224208,0.7636303970560588,1.036202308044493,0.07535103034518839,0.5895607791515154,0.2,1.0,0.24583333333333332,0.28916832499186906,1.22067383675529,six_nations,2023,north
empirical_event,six_nations_2023,penalties_conceded,stable,zero_minute,11,7,0.20789803475317034,0.36004213117667666,0.32852995520880857,1.0959187296873414,-0.24823510517042252,1.6168470299778428,0.09090909090909091,1.0,0.09090909090909091,0.2097565136289739,0.295804900067035,six_nations,2023,north
empirical_event,six_nations_2023,penalties_conceded,stable,low_history,6,5,0.3786761948260075,0.5660169693043443,0.6352223783337309,0.8910532572688621,-0.6132730903556314,2.9899473511798336,0.16666666666666666,1.0,0.3333333333333333,0.3165963518773779,0.45441143379120896,six_nations,2023,north
empirical_event,six_nations_2023,penalties_conceded,stable,north,690,15,0.5443879248303334,0.9584623544219489,0.9575948083107199,1.0009059636745101,0.013133425438501767,0.8463658528319261,0.32608695652173914,1.0,0.4449275362318841,0.5101743050580387,3.161527162706946,six_nations,2023,north
empirical_event,six_nations_2023,penalties_conceded,stable,position:Back-row,120,15,0.6535778961904231,1.1429998936864465,1.1405394410668839,1.0021572709640458,0.10157031091691537,0.6986578306782519,0.38333333333333336,1.0,0.5583333333333333,0.6537721361728612,1.3202430235415583,six_nations,2023,north
empirical_event,six_nations_2023,penalties_conceded,stable,position:Back-three,120,15,0.44180970906210476,0.861166329701503,0.8260953537554009,1.0424539077561332,0.1537176103198538,0.49785712400154697,0.25833333333333336,1.0,0.30833333333333335,0.3105624396227366,0.9252915680683523,six_nations,2023,north
empirical_event,six_nations_2023,penalties_conceded,stable,position:Centre,60,15,0.5737337933127894,1.0247069561131739,1.0517488106339132,0.9742886759202127,0.19985286459177595,0.4093639905327455,0.2833333333333333,1.0,0.38333333333333336,0.4482086186984255,0.7497221977476766,six_nations,2023,north
empirical_event,six_nations_2023,penalties_conceded,stable,position:Fly-half,60,15,0.3575769836714037,0.7016441574116129,0.6504558167505023,1.0786961071650236,0.03660230623349258,0.6200461938888665,0.16666666666666666,1.0,0.2,0.2635250330974434,0.659455917260235,six_nations,2023,north
empirical_event,six_nations_2023,penalties_conceded,stable,position:Hooker,60,15,0.4027406046009577,0.7208558566626048,0.6874391788276947,1.0486103772727884,0.00592496591537111,0.6045187531970863,0.2,1.0,0.21666666666666667,0.3486106917887281,0.5909546934512063,six_nations,2023,north
empirical_event,six_nations_2023,penalties_conceded,stable,position:Prop,120,15,0.6658773567926741,1.009555036078918,1.0769048513931025,0.9374598273681657,-0.2296970779358749,1.1698052828597996,0.5,1.0,0.725,0.8161162305592827,1.1240107479198442,six_nations,2023,north
empirical_event,six_nations_2023,penalties_conceded,stable,position:Scrum-half,60,15,0.4575929606982695,0.9371674737257683,0.8672690670268407,1.0805959872851827,0.31311337654188365,-0.04202838655162281,0.25,1.0,0.3,0.31201237110962343,0.6378131450706483,six_nations,2023,north
empirical_event,six_nations_2023,penalties_conceded,stable,position:Second-row,90,15,0.6308579127833399,1.073666742003679,1.1122320866023676,0.965326171521901,0.061969366026615694,0.7929127845942556,0.37777777777777777,1.0,0.5555555555555556,0.6224974538423093,1.1823758321702014,six_nations,2023,north
empirical_event,six_nations_2023,yellow_cards,stable,all,690,15,0.03932710418648934,0.09013558723083355,0.08507931233118085,1.0594301336142748,0.009425891259646112,0.34377923174486547,0.017391304347826087,1.0,0.017391304347826087,0.02317014046413217,0.6114153235460849,six_nations,2023,north
empirical_event,six_nations_2023,yellow_cards,stable,starter,450,15,0.04855355303262352,0.10784634918631283,0.10484426679658446,1.028633729639723,0.011693436779222957,0.3737352995317108,0.022222222222222223,1.0,0.022222222222222223,0.028171771454801823,0.5068945518813802,six_nations,2023,north
empirical_event,six_nations_2023,yellow_cards,stable,bench,240,15,0.02202751259998775,0.056927908564309855,0.04802002270854908,1.1855035744115732,0.013369567064401552,-0.36515397753904094,0.008333333333333333,1.0,0.008333333333333333,0.013792082356626567,0.16419269673122852,six_nations,2023,north
empirical_event,six_nations_2023,yellow_cards,stable,zero_minute,11,7,0.015098917242389794,0.015372385385695941,0.011173347486603352,1.3758084051469055,0.0,0.0,0.0,1.0,0.0,0.015098917242389794,0.023726869952326816,six_nations,2023,north
empirical_event,six_nations_2023,yellow_cards,stable,low_history,6,5,0.013434025364220207,0.013575716379806682,0.02144273373240306,0.6331150005976999,0.0,0.0,0.0,1.0,0.0,0.013434025364220207,0.01612083043706425,six_nations,2023,north
empirical_event,six_nations_2023,yellow_cards,stable,north,690,15,0.03932710418648934,0.09013558723083355,0.08507931233118085,1.0594301336142748,0.009425891259646112,0.34377923174486547,0.017391304347826087,1.0,0.017391304347826087,0.02317014046413217,0.6114153235460849,six_nations,2023,north
empirical_event,six_nations_2023,yellow_cards,stable,position:Back-row,120,15,0.06544817345656148,0.15697896859342972,0.1424536871495747,1.1019649384617447,0.033400353015138294,-0.0019479702344456498,0.03333333333333333,1.0,0.03333333333333333,0.0344048798179089,0.23526432126215813,six_nations,2023,north
empirical_event,six_nations_2023,yellow_cards,stable,position:Back-three,120,15,0.043786766122767704,0.104407700127568,0.11158431815137596,0.935684349353893,0.00018609588785320776,1.1620378224289654,0.025,1.0,0.025,0.02135378352855952,0.15704493023705754,six_nations,2023,north
empirical_event,six_nations_2023,yellow_cards,stable,position:Centre,60,15,0.0134762468367877,0.013796215390003263,0.013400535537482114,1.0295271671355528,0.0,0.0,0.0,1.0,0.0,0.0134762468367877,0.0269524936735754,six_nations,2023,north
empirical_event,six_nations_2023,yellow_cards,stable,position:Fly-half,60,15,0.024254171846698376,0.024939752818406043,0.0167966548116585,1.4848047482106645,0.0,0.0,0.0,1.0,0.0,0.024254171846698376,0.04850834369339675,six_nations,2023,north
empirical_event,six_nations_2023,yellow_cards,stable,position:Hooker,60,15,0.02929878986110108,0.10123512940320255,0.07646492392195153,1.3239420666465869,0.02769558457028016,-0.8617520051069621,0.016666666666666666,1.0,0.016666666666666666,0.012798250353063654,0.05841326578509566,six_nations,2023,north
empirical_event,six_nations_2023,yellow_cards,stable,position:Prop,120,15,0.04449147029410243,0.11427909083239864,0.11662127499763945,0.9799163217407096,-0.0016740374748501303,1.2388944789956517,0.025,1.0,0.025,0.02153051605853816,0.16380105956700935,six_nations,2023,north
empirical_event,six_nations_2023,yellow_cards,stable,position:Scrum-half,60,15,0.04604160157683089,0.11278504214110166,0.08825218522273764,1.2779858295457058,0.032711552366335904,-0.5418460830524474,0.016666666666666666,1.0,0.016666666666666666,0.02961151921461095,0.09121175851959448,six_nations,2023,north
empirical_event,six_nations_2023,yellow_cards,stable,position:Second-row,90,15,0.02115871218423073,0.02164772953005289,0.02811948781171324,0.7698479316197032,0.0,0.0,0.0,1.0,0.0,0.02115871218423073,0.06347613655269219,six_nations,2023,north
empirical_event,six_nations_2023,red_cards,stable,all,690,15,0.007223585903813429,0.03298109412229196,0.02633474227228936,1.2523796049067926,0.00465853762671249,-0.10770425630555373,0.004347826086956522,1.0,0.004347826086956522,0.0028848585043332892,0.14781608275614075,six_nations,2023,north
empirical_event,six_nations_2023,red_cards,stable,starter,450,15,0.010144951794172938,0.04963273223202604,0.03949836437493142,1.2565768992583055,0.007233596246427448,-0.16233997558676436,0.006666666666666667,1.0,0.006666666666666667,0.0034922364483033898,0.13683680052674158,six_nations,2023,north
empirical_event,six_nations_2023,red_cards,stable,bench,240,15,0.00174602485938935,0.0017592726665405592,0.0016529508298354918,1.0643224437085337,0.0,0.0,0.0,1.0,0.0,0.00174602485938935,0.0139681988751148,six_nations,2023,north
empirical_event,six_nations_2023,red_cards,stable,zero_minute,11,7,0.00032420279779151877,0.00032430286628031744,0.0009001684634000623,0.3602690823619616,0.0,0.0,0.0,1.0,0.0,0.00032420279779151877,0.0005094615393866723,six_nations,2023,north
empirical_event,six_nations_2023,red_cards,stable,low_history,6,5,0.0028459377706847658,0.0028522971145742023,0.00359858370141995,0.7926165823095143,0.0,0.0,0.0,1.0,0.0,0.0028459377706847658,0.0034151253248217188,six_nations,2023,north
empirical_event,six_nations_2023,red_cards,stable,north,690,15,0.007223585903813429,0.03298109412229196,0.02633474227228936,1.2523796049067926,0.00465853762671249,-0.10770425630555373,0.004347826086956522,1.0,0.004347826086956522,0.0028848585043332892,0.14781608275614075,six_nations,2023,north
empirical_event,six_nations_2023,red_cards,stable,position:Back-row,120,15,0.0021303918550896043,0.0021397629996335603,0.005011179500113119,0.42699787536751754,0.0,0.0,0.0,1.0,0.0,0.0021303918550896043,0.008521567420358419,six_nations,2023,north
empirical_event,six_nations_2023,red_cards,stable,position:Back-three,120,15,0.011594632222743607,0.06485371650826602,0.04741117931289704,1.3678992475646807,0.009025671645263118,-0.2116169893407958,0.008333333333333333,1.0,0.008333333333333333,0.00327165750768157,0.04615934730553505,six_nations,2023,north
empirical_event,six_nations_2023,red_cards,stable,position:Centre,60,15,0.006002719388762524,0.00616503215991324,0.001665279319061209,3.70210095648623,0.0,0.0,0.0,1.0,0.0,0.006002719388762524,0.012005438777525048,six_nations,2023,north
empirical_event,six_nations_2023,red_cards,stable,position:Fly-half,60,15,0.0014908780578929874,0.0015029816723280108,0.0016695006327597725,0.9002582226300225,0.0,0.0,0.0,1.0,0.0,0.0014908780578929874,0.0029817561157859745,six_nations,2023,north
empirical_event,six_nations_2023,red_cards,stable,position:Hooker,60,15,0.0002743128214871602,0.0002743557262233423,0.0016474979484287426,0.16652872101297717,0.0,0.0,0.0,1.0,0.0,0.0002743128214871602,0.0005486256429743204,six_nations,2023,north
empirical_event,six_nations_2023,red_cards,stable,position:Prop,120,15,0.011396121149950167,0.05907473244821963,0.050839919008003,1.1619753453761472,0.009891992969891798,-0.5055754624589814,0.008333333333333333,1.0,0.008333333333333333,0.003082941622557318,0.04408735536558126,six_nations,2023,north
empirical_event,six_nations_2023,red_cards,stable,position:Scrum-half,60,15,0.00451231892137725,0.004625369802986251,0.0016695006327597725,2.7705109613167807,0.0,0.0,0.0,1.0,0.0,0.00451231892137725,0.0090246378427545,six_nations,2023,north
empirical_event,six_nations_2023,red_cards,stable,position:Second-row,90,15,0.013699145499178505,0.07638561275511214,0.05978213463752787,1.277733109034242,0.012642373821000414,-0.5850973098729113,0.011111111111111112,1.0,0.011111111111111112,0.002617107759770614,0.04092482487882185,six_nations,2023,north
empirical_event,six_nations_2023,metres,stable,all,690,15,11.957645280417916,1.2965529108689462,1.3374458306280934,0.9694246160684182,1.0452821263261762,0.9786062585395661,0.8043478260869565,1.0,19.32608695652174,18.6804495379757,119.69769170145764,six_nations,2023,north
empirical_event,six_nations_2023,metres,stable,starter,450,15,14.357802235831254,0.9175121309294554,0.9769165964409919,0.939191876023037,1.8712421179993957,0.9789137801085772,0.9288888888888889,1.0,26.424444444444443,25.082088765490383,98.64704232363536,six_nations,2023,north
empirical_event,six_nations_2023,metres,stable,bench,240,15,7.457350989017909,2.0072543732554915,2.013438144728909,0.9969287502128603,4.730548530806918,0.19260831477544207,0.5708333333333333,1.0,6.016666666666667,6.677375986385679,35.583697950489366,six_nations,2023,north
empirical_event,six_nations_2023,metres,stable,zero_minute,11,7,11.288348616307221,5.555193973531136,4.800377857692452,1.1572409794010516,0.0,0.0,0.0,1.0,0.0,11.288348616307221,17.73883353991135,six_nations,2023,north
empirical_event,six_nations_2023,metres,stable,low_history,6,5,9.198143632498859,1.9157267693250983,1.1959853362643764,1.6017978743023826,14.717260686312624,-1.3516160329300364,0.8333333333333334,1.0,10.5,3.1201617793556657,11.03777235899863,six_nations,2023,north
empirical_event,six_nations_2023,metres,stable,north,690,15,11.957645280417916,1.2965529108689462,1.3374458306280934,0.9694246160684182,1.0452821263261762,0.9786062585395661,0.8043478260869565,1.0,19.32608695652174,18.6804495379757,119.69769170145764,six_nations,2023,north
empirical_event,six_nations_2023,metres,stable,position:Back-row,120,15,11.871549782372297,1.2235367320322486,1.3602231514470353,0.8995117681467363,4.398881283309844,0.6375094069688152,0.8916666666666667,1.0,17.508333333333333,20.56354291673183,26.829130511218796,six_nations,2023,north
empirical_event,six_nations_2023,metres,stable,position:Back-three,120,15,23.897311802606637,1.0929760739290089,1.0281575014189734,1.0630434271214075,10.871734200641557,0.8590047930057431,0.9333333333333333,1.0,45.925,40.80683377412087,53.931285834052666,six_nations,2023,north
empirical_event,six_nations_2023,metres,stable,position:Centre,60,15,15.6083787070937,0.6669940714502377,0.5968164304242992,1.1175866438128161,23.22017514593767,0.29963197563407745,0.9833333333333333,1.0,31.883333333333333,28.912662505604704,23.61217534553646,six_nations,2023,north
empirical_event,six_nations_2023,metres,stable,position:Fly-half,60,15,15.346337677001264,2.1533912384909337,2.068864775779819,1.0408564463471297,2.2416255883235934,1.2282816541057542,0.7166666666666667,1.0,20.816666666666666,15.122786387187842,25.46538214536461,six_nations,2023,north
empirical_event,six_nations_2023,metres,stable,position:Hooker,60,15,6.523872646361104,1.3727507562125105,1.5455734880495777,0.888182132280776,0.008916745375056323,0.6638905336836791,0.75,1.0,7.016666666666667,10.555580424393515,10.703950955392372,six_nations,2023,north
empirical_event,six_nations_2023,metres,stable,position:Prop,120,15,4.424443865471401,1.2602399465347351,1.2289005041296748,1.0255020176977268,0.7802341829651699,0.706525825647427,0.625,1.0,4.858333333333333,5.772045411972287,10.813440514287747,six_nations,2023,north
empirical_event,six_nations_2023,metres,stable,position:Scrum-half,60,15,10.405630856409745,1.617857815608628,1.6581305987905641,0.9757119353497783,3.2927741533714383,0.8126851750658243,0.8,1.0,14.65,13.974939121669937,16.287498718272754,six_nations,2023,north
empirical_event,six_nations_2023,metres,stable,position:Second-row,90,15,6.161393291359703,1.297239392159057,1.517786296791631,0.8546917276175332,0.43208728840821886,0.8895566609409923,0.7333333333333333,1.0,7.533333333333333,7.982904694809727,10.979671554166346,six_nations,2023,north
empirical_event,six_nations_2023,dominant_tackles,extended,all,690,15,0.38842735665124073,0.8329278761752699,0.8991418358830864,0.9263587155381499,0.060872203339537134,0.9939888070486294,0.2492753623188406,1.0,0.3115942028985507,0.2522382523636885,3.2179804346071346,six_nations,2023,north
empirical_event,six_nations_2023,dominant_tackles,extended,starter,450,15,0.5048570731475396,1.0421589728802152,1.1692006463524984,0.8913431378364276,0.17543747001404303,0.8025097026425773,0.34444444444444444,1.0,0.43777777777777777,0.3268998579081055,2.7469540828246313,six_nations,2023,north
empirical_event,six_nations_2023,dominant_tackles,extended,bench,240,15,0.1701216382206803,0.440619569853497,0.39278156625293853,1.1217928938389954,0.06897336224145352,0.05369050328219156,0.07083333333333333,1.0,0.075,0.11224774196790675,0.8963441938789575,six_nations,2023,north
empirical_event,six_nations_2023,dominant_tackles,extended,zero_minute,11,7,0.23769206621602035,1.011587771539745,0.9257041754303645,1.0927765028924632,0.20015430571474763,-0.27001232830201916,0.09090909090909091,1.0,0.18181818181818182,0.06790846926091526,0.36448614884752045,six_nations,2023,north
empirical_event,six_nations_2023,dominant_tackles,extended,low_history,6,5,0.27896655468632076,1.107017185419484,0.5713961465606511,1.9373900088106022,0.41041962581004476,-2.006538393776296,0.16666666666666666,1.0,0.16666666666666666,0.1214793396923925,0.2937035218733469,six_nations,2023,north
empirical_event,six_nations_2023,dominant_tackles,extended,north,690,15,0.38842735665124073,0.8329278761752699,0.8991418358830864,0.9263587155381499,0.060872203339537134,0.9939888070486294,0.2492753623188406,1.0,0.3115942028985507,0.2522382523636885,3.2179804346071346,six_nations,2023,north
empirical_event,six_nations_2023,dominant_tackles,extended,position:Back-row,120,15,0.5482070547212676,0.9561138684152866,1.10152190947158,0.8679935098830233,-0.03983663126554454,1.3473657236323664,0.375,1.0,0.5,0.40066080188695746,1.1700997621714813,six_nations,2023,north
empirical_event,six_nations_2023,dominant_tackles,extended,position:Back-three,120,15,0.37271063932384185,0.9602297669727118,0.9234545276437874,1.0398235519216708,0.21096721409527872,0.33203373184566565,0.20833333333333334,1.0,0.275,0.1928502431026637,0.9242463231964367,six_nations,2023,north
empirical_event,six_nations_2023,dominant_tackles,extended,position:Centre,60,15,0.4669934297380344,0.9827843331943268,0.9307664896100927,1.0558871039781685,0.49964635676723695,-0.6170674592767699,0.26666666666666666,1.0,0.31666666666666665,0.29653109615443096,0.6979391544645384,six_nations,2023,north
empirical_event,six_nations_2023,dominant_tackles,extended,position:Fly-half,60,15,0.15117228173351727,0.42354869962797204,0.38828862421880656,1.0908089323505288,-0.007272382496026839,0.6532808934456376,0.05,1.0,0.06666666666666667,0.11318109852059574,0.29180683333394947,six_nations,2023,north
empirical_event,six_nations_2023,dominant_tackles,extended,position:Hooker,60,15,0.35872980891232814,0.6650311468088318,0.9161839908811531,0.7258707349483683,-0.051366845343337734,1.399388664261124,0.25,1.0,0.3,0.2510859594027504,0.604251145175774,six_nations,2023,north
empirical_event,six_nations_2023,dominant_tackles,extended,position:Prop,120,15,0.3409873094770119,0.8217743805732383,0.8949900089727054,0.9181939153896186,-0.01732396484471735,1.484900052149459,0.20833333333333334,1.0,0.26666666666666666,0.19125235472939411,0.9433144933989108,six_nations,2023,north
empirical_event,six_nations_2023,dominant_tackles,extended,position:Scrum-half,60,15,0.26950975847188224,0.7319256377859278,0.7583241063870089,0.9651884090473465,0.1436307645346798,0.4129767830616947,0.2,1.0,0.2,0.13649492605229394,0.44461716769474197,six_nations,2023,north
empirical_event,six_nations_2023,dominant_tackles,extended,position:Second-row,90,15,0.46446621039284175,0.8660964844507136,1.0044233395881919,0.8622823169419863,0.13824285789543414,0.7665986711256566,0.34444444444444444,1.0,0.4111111111111111,0.3559466817428776,0.9827556656718751,six_nations,2023,north
empirical_event,six_nations_2023,tackle_turnover,extended,all,690,15,0.17492025677388093,0.45001914886232003,0.4402851966709497,1.0221082885933253,0.031050799697638055,0.5759373031898577,0.08405797101449275,1.0,0.09420289855072464,0.10965099586936895,1.2972593872896454,six_nations,2023,north
empirical_event,six_nations_2023,tackle_turnover,extended,starter,450,15,0.23158362423118314,0.5863451960681226,0.5697578752547685,1.029112929428026,0.0666836709792148,0.42887185502611314,0.11555555555555555,1.0,0.1288888888888889,0.14504383344504282,1.266826575653794,six_nations,2023,north
empirical_event,six_nations_2023,tackle_turnover,extended,bench,240,15,0.06867644279143927,0.1944078103514403,0.1975239243262891,0.9842241187467433,-0.007025281604770697,0.8360459378819346,0.025,1.0,0.029166666666666667,0.0432894254149804,0.43432444302079054,six_nations,2023,north
empirical_event,six_nations_2023,tackle_turnover,extended,zero_minute,11,7,0.060163948615694185,0.12032789723138837,0.05664062495230599,2.12440977359819,0.0,0.0,0.0,1.0,0.0,0.060163948615694185,0.09454334782466227,six_nations,2023,north
empirical_event,six_nations_2023,tackle_turnover,extended,low_history,6,5,0.060774817916337986,0.12154963583267597,0.11629904487047345,1.0451473266014377,0.0,0.0,0.0,1.0,0.0,0.060774817916337986,0.07292978149960558,six_nations,2023,north
empirical_event,six_nations_2023,tackle_turnover,extended,north,690,15,0.17492025677388093,0.45001914886232003,0.4402851966709497,1.0221082885933253,0.031050799697638055,0.5759373031898577,0.08405797101449275,1.0,0.09420289855072464,0.10965099586936895,1.2972593872896454,six_nations,2023,north
empirical_event,six_nations_2023,tackle_turnover,extended,position:Back-row,120,15,0.20371540641369912,0.6004566800345432,0.5352052291350577,1.1219185601099937,0.13410088781204849,-0.2807115696937714,0.08333333333333333,1.0,0.1,0.12148016502935464,0.580814495455333,six_nations,2023,north
empirical_event,six_nations_2023,tackle_turnover,extended,position:Back-three,120,15,0.2617610257215218,0.6411702060976107,0.7249668134977577,0.884413181624339,0.0621419565901548,0.7468826491763031,0.15,1.0,0.175,0.15110545617080576,0.650161245225594,six_nations,2023,north
empirical_event,six_nations_2023,tackle_turnover,extended,position:Centre,60,15,0.2635441542683552,0.7643820476925486,0.6587051212437685,1.1604313114330138,0.24703163046755777,-0.6090212914850744,0.15,1.0,0.16666666666666666,0.13195756030946704,0.4571004757577964,six_nations,2023,north
empirical_event,six_nations_2023,tackle_turnover,extended,position:Fly-half,60,15,0.14747031822665946,0.340380362084573,0.26833022838042914,1.2685129220774698,0.016454038549118716,0.2933176441137196,0.05,1.0,0.05,0.11436734926820656,0.28125526539223533,six_nations,2023,north
empirical_event,six_nations_2023,tackle_turnover,extended,position:Hooker,60,15,0.10192250335351576,0.18812041221706577,0.2220010488606069,0.8473852406669728,-0.0633235942703811,1.0480693890094317,0.03333333333333333,1.0,0.03333333333333333,0.0922237865329398,0.19647067746622018,six_nations,2023,north
empirical_event,six_nations_2023,tackle_turnover,extended,position:Prop,120,15,0.07926254462140198,0.21309098897803427,0.21318687665478012,0.9995502177326744,-0.003936493870473101,0.7109483820313464,0.03333333333333333,1.0,0.03333333333333333,0.05242269079692928,0.2811870611938393,six_nations,2023,north
empirical_event,six_nations_2023,tackle_turnover,extended,position:Scrum-half,60,15,0.13583124943808092,0.2951958459491266,0.3116910190728431,0.9470784459148581,-0.058947193826651485,1.3911120332602147,0.06666666666666667,1.0,0.06666666666666667,0.09029744369253218,0.25329628759956296,six_nations,2023,north
empirical_event,six_nations_2023,tackle_turnover,extended,position:Second-row,90,15,0.18222451606651563,0.45180386250199356,0.4372230037220542,1.0333487914766912,0.024574484577899642,0.6212166793922999,0.08888888888888889,1.0,0.1,0.12141579246694538,0.46829045262223457,six_nations,2023,north
empirical_event,six_nations_2023,tackle_try_saver,extended,all,690,15,0.02418198934795539,0.04836397869591078,0.05980624334661515,0.8086777565280404,0.0,0.0,0.0,1.0,0.0,0.02418198934795539,0.5561857550029738,six_nations,2023,north
empirical_event,six_nations_2023,tackle_try_saver,extended,starter,450,15,0.02979798065056674,0.05959596130113348,0.07290100861529435,0.8174915880194075,0.0,0.0,0.0,1.0,0.0,0.02979798065056674,0.4469697097585011,six_nations,2023,north
empirical_event,six_nations_2023,tackle_try_saver,extended,bench,240,15,0.013652005655559112,0.027304011311118224,0.035253558467841686,0.774503695450346,0.0,0.0,0.0,1.0,0.0,0.013652005655559112,0.10921604524447291,six_nations,2023,north
empirical_event,six_nations_2023,tackle_try_saver,extended,zero_minute,11,7,0.011051529378233078,0.022103058756466155,0.03287495339442664,0.6723373411751614,0.0,0.0,0.0,1.0,0.0,0.011051529378233078,0.017366689022937695,six_nations,2023,north
empirical_event,six_nations_2023,tackle_try_saver,extended,low_history,6,5,0.01651268148997421,0.03302536297994842,0.03373874802446231,0.9788556159820555,0.0,0.0,0.0,1.0,0.0,0.01651268148997421,0.01981521778796905,six_nations,2023,north
empirical_event,six_nations_2023,tackle_try_saver,extended,north,690,15,0.02418198934795539,0.04836397869591078,0.05980624334661515,0.8086777565280404,0.0,0.0,0.0,1.0,0.0,0.02418198934795539,0.5561857550029738,six_nations,2023,north
empirical_event,six_nations_2023,tackle_try_saver,extended,position:Back-row,120,15,0.025692586782428483,0.051385173564856966,0.06575963718820861,0.7814090186931698,0.0,0.0,0.0,1.0,0.0,0.025692586782428483,0.10277034712971395,six_nations,2023,north
empirical_event,six_nations_2023,tackle_try_saver,extended,position:Back-three,120,15,0.02452486818154236,0.04904973636308472,0.07074324324324326,0.6933487088573579,0.0,0.0,0.0,1.0,0.0,0.02452486818154236,0.09809947272616945,six_nations,2023,north
empirical_event,six_nations_2023,tackle_try_saver,extended,position:Centre,60,15,0.014658988410316213,0.029317976820632426,0.0303030303030303,0.9674932350808702,0.0,0.0,0.0,1.0,0.0,0.014658988410316213,0.029317976820632422,six_nations,2023,north
empirical_event,six_nations_2023,tackle_try_saver,extended,position:Fly-half,60,15,0.017324932668611726,0.03464986533722345,0.06122449979591837,0.5659477080698574,0.0,0.0,0.0,1.0,0.0,0.017324932668611726,0.03464986533722345,six_nations,2023,north
empirical_event,six_nations_2023,tackle_try_saver,extended,position:Hooker,60,15,0.03393134816659578,0.06786269633319156,0.060612244897959175,1.119620242534137,0.0,0.0,0.0,1.0,0.0,0.03393134816659578,0.06786269633319156,six_nations,2023,north
empirical_event,six_nations_2023,tackle_try_saver,extended,position:Prop,120,15,0.019995798600894843,0.039991597201789686,0.040404040404040414,0.9897920307442944,0.0,0.0,0.0,1.0,0.0,0.019995798600894843,0.07998319440357937,six_nations,2023,north
empirical_event,six_nations_2023,tackle_try_saver,extended,position:Scrum-half,60,15,0.04482582229567303,0.08965164459134606,0.0909090909090909,0.9861680905048068,0.0,0.0,0.0,1.0,0.0,0.04482582229567303,0.08965164459134604,six_nations,2023,north
empirical_event,six_nations_2023,tackle_try_saver,extended,position:Second-row,90,15,0.017950185887039255,0.03590037177407851,0.0606060606060606,0.5923561342722955,0.0,0.0,0.0,1.0,0.0,0.017950185887039255,0.05385055766111777,six_nations,2023,north
