fixture_id,player_id,team,date,competition_id,competition,team_id,opponent,opponent_id,team_score,opp_score,player_name,jersey,started,minutes,yellow_cards,red_cards,available__minutes,available__yellow_cards,available__red_cards,tries,available__tries,try_assists,available__try_assists,conversion_goals,available__conversion_goals,penalty_goals,available__penalty_goals,drop_goals_converted,available__drop_goals_converted,metres,available__metres,defenders_beaten,available__defenders_beaten,clean_breaks,available__clean_breaks,offload,available__offload,runs,available__runs,tackles,available__tackles,missed_tackles,available__missed_tackles,dominant_tackles,available__dominant_tackles,tackle_success,available__tackle_success,tackle_turnover,available__tackle_turnover,tackle_try_saver,available__tackle_try_saver,rucks_won,available__rucks_won,rucks_lost,available__rucks_lost,passes,available__passes,bad_passes,available__bad_passes,lineouts_won,available__lineouts_won,turnovers_conceded,available__turnovers_conceded,penalties_conceded,available__penalties_conceded,missed_conversion_goals,available__missed_conversion_goals,missed_penalty_goals,available__missed_penalty_goals,drop_goal_missed,available__drop_goal_missed,points,available__points,source,source_priority,competition_level,season,round,position,is_forward,fifty_22,available__fifty_22,lineout_steals,available__lineout_steals,scrums_won,available__scrums_won,kicks_retained,available__kicks_retained,potm,available__potm,home_away,result,margin,fantasy_pts_recon,source_count,match_at,competition_id_cache,competition_cache,calendar_year,source_season,source_game_week,source_round,match_status,provenance__minutes,provenance__yellow_cards,provenance__red_cards,provenance__tries,provenance__try_assists,provenance__conversion_goals,provenance__missed_conversion_goals,provenance__penalty_goals,provenance__missed_penalty_goals,provenance__drop_goals_converted,provenance__drop_goal_missed,provenance__defenders_beaten,provenance__clean_breaks,provenance__offload,provenance__runs,provenance__tackles,provenance__missed_tackles,provenance__rucks_won,provenance__rucks_lost,provenance__passes,provenance__bad_passes,provenance__turnovers_conceded,provenance__penalties_conceded,provenance__metres,provenance__dominant_tackles,provenance__tackle_turnover,provenance__tackle_try_saver,provenance__lineouts_won,hemisphere,provenance__fifty_22,provenance__lineout_steals,provenance__scrums_won,provenance__kicks_retained,provenance__potm,benchmark_row_id,position_source,source_key_matched,candidate_fixture_id
8476189,102312,Ireland,2025-03-08,1266,Six Nations,1817,France,1967,27,42,Rob Herring,16,False,12.0,0.0,0.0,True,True,True,0.0,True,0.0,True,0.0,True,0.0,True,0.0,True,2.0,True,0.0,True,0.0,True,0.0,True,2.0,True,0.0,True,0.0,True,0.0,True,0.0,True,0.0,True,0.0,True,2.0,True,0.0,True,0.0,True,0.0,True,5.0,True,0.0,True,0.0,True,0.0,True,0.0,True,0.0,True,0.0,True,ncr_international+sixn_official,30,international,2025,4.0,Hooker,True,0.0,True,0.0,True,0.0,True,,False,0.0,True,home,L,-15.0,0.0,3,2025-03-08 14:15:00+00:00,1266,Six Nations,2025,2025,4,4,Result,event_log,event_log,event_log,match_stats_key,match_stats_key,match_stats_key,match_stats_key,match_stats_key,match_stats_key,match_stats_key,match_stats_key,match_stats_key,match_stats_key,match_stats_key,match_stats_key,match_stats_key,match_stats_key,match_stats_key,match_stats_key,match_stats_key,match_stats_key,match_stats_key,match_stats_key,match_stats_key,match_stats_key,match_stats_key,match_stats_key,match_stats_key,north,official_fixture_player,official_fixture_player,official_fixture_player,unobserved,official_fixture_player,113719,prior_recorded_start,True,8476189
8476189,112068,Ireland,2025-03-08,1266,Six Nations,1817,France,1967,27,42,Finlay Bealham,3,True,59.0,0.0,0.0,True,True,True,0.0,True,0.0,True,0.0,True,0.0,True,0.0,True,7.0,True,1.0,True,0.0,True,0.0,True,6.0,True,6.0,True,0.0,True,0.0,True,1.0,True,0.0,True,0.0,True,5.0,True,0.0,True,2.0,True,1.0,True,0.0,True,0.0,True,0.0,True,0.0,True,0.0,True,0.0,True,0.0,True,ncr_international+sixn_official,30,international,2025,4.0,Prop,True,0.0,True,0.0,True,2.0,True,,False,0.0,True,home,L,-15.0,8.0,3,2025-03-08 14:15:00+00:00,1266,Six Nations,2025,2025,4,4,Result,event_log,event_log,event_log,match_stats_key,match_stats_key,match_stats_key,match_stats_key,match_stats_key,match_stats_key,match_stats_key,match_stats_key,match_stats_key,match_stats_key,match_stats_key,match_stats_key,match_stats_key,match_stats_key,match_stats_key,match_stats_key,match_stats_key,match_stats_key,match_stats_key,match_stats_key,match_stats_key,match_stats_key,match_stats_key,match_stats_key,match_stats_key,north,official_fixture_player,official_fixture_player,official_fixture_player,unobserved,official_fixture_player,113720,starting_jersey,True,8476189
8476189,114804,Ireland,2025-03-08,1266,Six Nations,1817,France,1967,27,42,Bundee Aki,12,True,55.0,0.0,0.0,True,True,True,0.0,True,0.0,True,0.0,True,0.0,True,0.0,True,13.0,True,0.0,True,0.0,True,0.0,True,4.0,True,9.0,True,1.0,True,0.0,True,0.9,True,0.0,True,0.0,True,4.0,True,0.0,True,9.0,True,0.0,True,0.0,True,0.0,True,0.0,True,0.0,True,0.0,True,0.0,True,0.0,True,ncr_international+sixn_official,30,international,2025,4.0,Centre,False,0.0,True,0.0,True,0.0,True,,False,0.0,True,home,L,-15.0,10.0,3,2025-03-08 14:15:00+00:00,1266,Six Nations,2025,2025,4,4,Result,event_log,event_log,event_log,match_stats_key,match_stats_key,match_stats_key,match_stats_key,match_stats_key,match_stats_key,match_stats_key,match_stats_key,match_stats_key,match_stats_key,match_stats_key,match_stats_key,match_stats_key,match_stats_key,match_stats_key,match_stats_key,match_stats_key,match_stats_key,match_stats_key,match_stats_key,match_stats_key,match_stats_key,match_stats_key,match_stats_key,match_stats_key,north,official_fixture_player,official_fixture_player,official_fixture_player,unobserved,official_fixture_player,113721,starting_jersey,True,8476189
8476189,117936,Ireland,2025-03-08,1266,Six Nations,1817,France,1967,27,42,Jack Conan,20,False,32.0,0.0,0.0,True,True,True,1.0,True,0.0,True,0.0,True,0.0,True,0.0,True,42.0,True,1.0,True,1.0,True,1.0,True,10.0,True,2.0,True,1.0,True,0.0,True,0.33,True,0.0,True,0.0,True,8.0,True,0.0,True,2.0,True,0.0,True,0.0,True,0.0,True,1.0,True,0.0,True,0.0,True,0.0,True,5.0,True,ncr_international+sixn_official,30,international,2025,4.0,Back-row,True,0.0,True,0.0,True,0.0,True,,False,0.0,True,home,L,-15.0,24.0,3,2025-03-08 14:15:00+00:00,1266,Six Nations,2025,2025,4,4,Result,event_log,event_log,event_log,match_stats_key,match_stats_key,match_stats_key,match_stats_key,match_stats_key,match_stats_key,match_stats_key,match_stats_key,match_stats_key,match_stats_key,match_stats_key,match_stats_key,match_stats_key,match_stats_key,match_stats_key,match_stats_key,match_stats_key,match_stats_key,match_stats_key,match_stats_key,match_stats_key,match_stats_key,match_stats_key,match_stats_key,match_stats_key,north,official_fixture_player,official_fixture_player,official_fixture_player,unobserved,official_fixture_player,113722,prior_recorded_start,True,8476189
8476189,117954,Ireland,2025-03-08,1266,Six Nations,1817,France,1967,27,42,Tadhg Beirne,5,True,80.0,0.0,0.0,True,True,True,0.0,True,0.0,True,0.0,True,0.0,True,0.0,True,8.0,True,1.0,True,0.0,True,0.0,True,5.0,True,9.0,True,0.0,True,0.0,True,0.75,True,0.0,True,0.0,True,4.0,True,1.0,True,7.0,True,2.0,True,0.0,True,0.0,True,1.0,True,0.0,True,0.0,True,0.0,True,0.0,True,ncr_international+sixn_official,30,international,2025,4.0,Second-row,True,0.0,True,0.0,True,2.0,True,,False,0.0,True,home,L,-15.0,10.0,3,2025-03-08 14:15:00+00:00,1266,Six Nations,2025,2025,4,4,Result,event_log,event_log,event_log,match_stats_key,match_stats_key,match_stats_key,match_stats_key,match_stats_key,match_stats_key,match_stats_key,match_stats_key,match_stats_key,match_stats_key,match_stats_key,match_stats_key,match_stats_key,match_stats_key,match_stats_key,match_stats_key,match_stats_key,match_stats_key,match_stats_key,match_stats_key,match_stats_key,match_stats_key,match_stats_key,match_stats_key,match_stats_key,north,official_fixture_player,official_fixture_player,official_fixture_player,unobserved,official_fixture_player,113723,starting_jersey,True,8476189
8476189,118518,Ireland,2025-03-08,1266,Six Nations,1817,France,1967,27,42,Josh van der Flier,7,True,48.0,0.0,0.0,True,True,True,0.0,True,0.0,True,0.0,True,0.0,True,0.0,True,14.0,True,0.0,True,0.0,True,0.0,True,9.0,True,9.0,True,0.0,True,1.0,True,1.0,True,0.0,True,0.0,True,8.0,True,0.0,True,4.0,True,0.0,True,0.0,True,1.0,True,0.0,True,0.0,True,0.0,True,0.0,True,0.0,True,ncr_international+sixn_official,30,international,2025,4.0,Back-row,True,0.0,True,0.0,True,2.0,True,,False,0.0,True,home,L,-15.0,10.0,3,2025-03-08 14:15:00+00:00,1266,Six Nations,2025,2025,4,4,Result,event_log,event_log,event_log,match_stats_key,match_stats_key,match_stats_key,match_stats_key,match_stats_key,match_stats_key,match_stats_key,match_stats_key,match_stats_key,match_stats_key,match_stats_key,match_stats_key,match_stats_key,match_stats_key,match_stats_key,match_stats_key,match_stats_key,match_stats_key,match_stats_key,match_stats_key,match_stats_key,match_stats_key,match_stats_key,match_stats_key,match_stats_key,north,official_fixture_player,official_fixture_player,official_fixture_player,unobserved,official_fixture_player,113724,starting_jersey,True,8476189
8476189,120504,Ireland,2025-03-08,1266,Six Nations,1817,France,1967,27,42,Jamison Gibson-Park,9,True,68.0,0.0,0.0,True,True,True,0.0,True,0.0,True,0.0,True,0.0,True,0.0,True,2.0,True,0.0,True,0.0,True,1.0,True,2.0,True,5.0,True,1.0,True,0.0,True,0.63,True,0.0,True,0.0,True,0.0,True,1.0,True,72.0,True,3.0,True,0.0,True,1.0,True,0.0,True,0.0,True,0.0,True,0.0,True,0.0,True,ncr_international+sixn_official,30,international,2025,4.0,Scrum-half,False,0.0,True,0.0,True,0.0,True,,False,0.0,True,home,L,-15.0,7.0,3,2025-03-08 14:15:00+00:00,1266,Six Nations,2025,2025,4,4,Result,event_log,event_log,event_log,match_stats_key,match_stats_key,match_stats_key,match_stats_key,match_stats_key,match_stats_key,match_stats_key,match_stats_key,match_stats_key,match_stats_key,match_stats_key,match_stats_key,match_stats_key,match_stats_key,match_stats_key,match_stats_key,match_stats_key,match_stats_key,match_stats_key,match_stats_key,match_stats_key,match_stats_key,match_stats_key,match_stats_key,match_stats_key,north,official_fixture_player,official_fixture_player,official_fixture_player,unobserved,official_fixture_player,113725,starting_jersey,True,8476189
8476189,120702,Ireland,2025-03-08,1266,Six Nations,1817,France,1967,27,42,Robbie Henshaw,13,True,80.0,0.0,0.0,True,True,True,0.0,True,0.0,True,0.0,True,0.0,True,0.0,True,12.0,True,1.0,True,0.0,True,0.0,True,8.0,True,5.0,True,0.0,True,0.0,True,0.83,True,0.0,True,0.0,True,7.0,True,1.0,True,6.0,True,0.0,True,0.0,True,1.0,True,0.0,True,0.0,True,0.0,True,0.0,True,0.0,True,ncr_international+sixn_official,30,international,2025,4.0,Centre,False,0.0,True,0.0,True,0.0,True,,False,0.0,True,home,L,-15.0,8.0,3,2025-03-08 14:15:00+00:00,1266,Six Nations,2025,2025,4,4,Result,event_log,event_log,event_log,match_stats_key,match_stats_key,match_stats_key,match_stats_key,match_stats_key,match_stats_key,match_stats_key,match_stats_key,match_stats_key,match_stats_key,match_stats_key,match_stats_key,match_stats_key,match_stats_key,match_stats_key,match_stats_key,match_stats_key,match_stats_key,match_stats_key,match_stats_key,match_stats_key,match_stats_key,match_stats_key,match_stats_key,match_stats_key,north,official_fixture_player,official_fixture_player,official_fixture_player,unobserved,official_fixture_player,113726,starting_jersey,True,8476189
8476189,121938,France,2025-03-08,1266,Six Nations,1967,Ireland,1817,42,27,Cyril Baille,17,False,32.0,0.0,0.0,True,True,True,0.0,True,0.0,True,0.0,True,0.0,True,0.0,True,0.0,True,0.0,True,0.0,True,1.0,True,3.0,True,8.0,True,0.0,True,0.0,True,1.0,True,0.0,True,0.0,True,2.0,True,0.0,True,3.0,True,1.0,True,0.0,True,0.0,True,0.0,True,0.0,True,0.0,True,0.0,True,0.0,True,ncr_international+sixn_official,30,international,2025,4.0,Prop,True,0.0,True,0.0,True,2.0,True,,False,0.0,True,away,W,15.0,10.0,3,2025-03-08 14:15:00+00:00,1266,Six Nations,2025,2025,4,4,Result,event_log,event_log,event_log,match_stats_key,match_stats_key,match_stats_key,match_stats_key,match_stats_key,match_stats_key,match_stats_key,match_stats_key,match_stats_key,match_stats_key,match_stats_key,match_stats_key,match_stats_key,match_stats_key,match_stats_key,match_stats_key,match_stats_key,match_stats_key,match_stats_key,match_stats_key,match_stats_key,match_stats_key,match_stats_key,match_stats_key,match_stats_key,north,official_fixture_player,official_fixture_player,official_fixture_player,unobserved,official_fixture_player,113696,prior_recorded_start,True,8476189
8476189,123366,France,2025-03-08,1266,Six Nations,1967,Ireland,1817,42,27,Francois Cros,6,True,80.0,1.0,0.0,True,True,True,0.0,True,0.0,True,0.0,True,0.0,True,0.0,True,0.0,True,0.0,True,0.0,True,0.0,True,0.0,True,17.0,True,1.0,True,0.0,True,0.81,True,2.0,True,0.0,True,0.0,True,0.0,True,1.0,True,0.0,True,0.0,True,0.0,True,2.0,True,0.0,True,0.0,True,0.0,True,0.0,True,ncr_international+sixn_official,30,international,2025,4.0,Back-row,True,0.0,True,0.0,True,3.0,True,,False,0.0,True,away,W,15.0,20.0,3,2025-03-08 14:15:00+00:00,1266,Six Nations,2025,2025,4,4,Result,event_log,event_log,event_log,match_stats_key,match_stats_key,match_stats_key,match_stats_key,match_stats_key,match_stats_key,match_stats_key,match_stats_key,match_stats_key,match_stats_key,match_stats_key,match_stats_key,match_stats_key,match_stats_key,match_stats_key,match_stats_key,match_stats_key,match_stats_key,match_stats_key,match_stats_key,match_stats_key,match_stats_key,match_stats_key,match_stats_key,match_stats_key,north,official_fixture_player,official_fixture_player,official_fixture_player,unobserved,official_fixture_player,113697,starting_jersey,True,8476189
8476189,127122,France,2025-03-08,1266,Six Nations,1967,Ireland,1817,42,27,Dorian Aldegheri,18,False,32.0,0.0,0.0,True,True,True,0.0,True,0.0,True,0.0,True,0.0,True,0.0,True,0.0,True,0.0,True,0.0,True,0.0,True,0.0,True,7.0,True,1.0,True,0.0,True,0.78,True,0.0,True,0.0,True,0.0,True,0.0,True,1.0,True,0.0,True,0.0,True,0.0,True,0.0,True,0.0,True,0.0,True,0.0,True,0.0,True,ncr_international+sixn_official,30,international,2025,4.0,Prop,True,0.0,True,0.0,True,2.0,True,,False,0.0,True,away,W,15.0,7.0,3,2025-03-08 14:15:00+00:00,1266,Six Nations,2025,2025,4,4,Result,event_log,event_log,event_log,match_stats_key,match_stats_key,match_stats_key,match_stats_key,match_stats_key,match_stats_key,match_stats_key,match_stats_key,match_stats_key,match_stats_key,match_stats_key,match_stats_key,match_stats_key,match_stats_key,match_stats_key,match_stats_key,match_stats_key,match_stats_key,match_stats_key,match_stats_key,match_stats_key,match_stats_key,match_stats_key,match_stats_key,match_stats_key,north,official_fixture_player,official_fixture_player,official_fixture_player,unobserved,official_fixture_player,113698,prior_recorded_start,True,8476189
8476189,129822,France,2025-03-08,1266,Six Nations,1967,Ireland,1817,42,27,Thomas Ramos,15,True,80.0,0.0,0.0,True,True,True,0.0,True,1.0,True,4.0,True,3.0,True,0.0,True,75.0,True,1.0,True,1.0,True,1.0,True,9.0,True,3.0,True,0.0,True,0.0,True,0.75,True,0.0,True,0.0,True,3.0,True,1.0,True,9.0,True,1.0,True,0.0,True,1.0,True,1.0,True,1.0,True,0.0,True,0.0,True,17.0,True,ncr_international+sixn_official,30,international,2025,4.0,Back-three,False,0.0,True,0.0,True,0.0,True,,False,0.0,True,away,W,15.0,34.0,3,2025-03-08 14:15:00+00:00,1266,Six Nations,2025,2025,4,4,Result,event_log,event_log,event_log,match_stats_key,match_stats_key,match_stats_key,match_stats_key,match_stats_key,match_stats_key,match_stats_key,match_stats_key,match_stats_key,match_stats_key,match_stats_key,match_stats_key,match_stats_key,match_stats_key,match_stats_key,match_stats_key,match_stats_key,match_stats_key,match_stats_key,match_stats_key,match_stats_key,match_stats_key,match_stats_key,match_stats_key,match_stats_key,north,official_fixture_player,official_fixture_player,official_fixture_player,unobserved,official_fixture_player,113699,starting_jersey,True,8476189
8476189,133446,France,2025-03-08,1266,Six Nations,1967,Ireland,1817,42,27,Uini Atonio,3,True,48.0,0.0,0.0,True,True,True,0.0,True,0.0,True,0.0,True,0.0,True,0.0,True,0.0,True,0.0,True,0.0,True,0.0,True,1.0,True,8.0,True,0.0,True,0.0,True,1.0,True,0.0,True,0.0,True,1.0,True,0.0,True,2.0,True,0.0,True,0.0,True,0.0,True,0.0,True,0.0,True,0.0,True,0.0,True,0.0,True,ncr_international+sixn_official,30,international,2025,4.0,Prop,True,0.0,True,0.0,True,1.0,True,,False,0.0,True,away,W,15.0,8.0,3,2025-03-08 14:15:00+00:00,1266,Six Nations,2025,2025,4,4,Result,event_log,event_log,event_log,match_stats_key,match_stats_key,match_stats_key,match_stats_key,match_stats_key,match_stats_key,match_stats_key,match_stats_key,match_stats_key,match_stats_key,match_stats_key,match_stats_key,match_stats_key,match_stats_key,match_stats_key,match_stats_key,match_stats_key,match_stats_key,match_stats_key,match_stats_key,match_stats_key,match_stats_key,match_stats_key,match_stats_key,match_stats_key,north,official_fixture_player,official_fixture_player,official_fixture_player,unobserved,official_fixture_player,113700,starting_jersey,True,8476189
8476189,135138,France,2025-03-08,1266,Six Nations,1967,Ireland,1817,42,27,Julien Marchand,16,False,32.0,0.0,0.0,True,True,True,0.0,True,0.0,True,0.0,True,0.0,True,0.0,True,27.0,True,1.0,True,0.0,True,1.0,True,6.0,True,8.0,True,0.0,True,0.0,True,1.0,True,0.0,True,0.0,True,5.0,True,0.0,True,3.0,True,0.0,True,3.0,True,0.0,True,0.0,True,0.0,True,0.0,True,0.0,True,0.0,True,ncr_international+sixn_official,30,international,2025,4.0,Hooker,True,0.0,True,1.0,True,2.0,True,,False,0.0,True,away,W,15.0,14.0,3,2025-03-08 14:15:00+00:00,1266,Six Nations,2025,2025,4,4,Result,event_log,event_log,event_log,match_stats_key,match_stats_key,match_stats_key,match_stats_key,match_stats_key,match_stats_key,match_stats_key,match_stats_key,match_stats_key,match_stats_key,match_stats_key,match_stats_key,match_stats_key,match_stats_key,match_stats_key,match_stats_key,match_stats_key,match_stats_key,match_stats_key,match_stats_key,match_stats_key,match_stats_key,match_stats_key,match_stats_key,match_stats_key,north,official_fixture_player,official_fixture_player,official_fixture_player,unobserved,official_fixture_player,113701,prior_recorded_start,True,8476189
8476189,135318,France,2025-03-08,1266,Six Nations,1967,Ireland,1817,42,27,Antoine Dupont,9,True,28.0,0.0,0.0,True,True,True,0.0,True,1.0,True,0.0,True,0.0,True,0.0,True,53.0,True,3.0,True,0.0,True,0.0,True,4.0,True,3.0,True,0.0,True,0.0,True,1.0,True,0.0,True,0.0,True,0.0,True,0.0,True,15.0,True,2.0,True,0.0,True,1.0,True,2.0,True,0.0,True,0.0,True,0.0,True,0.0,True,ncr_international+sixn_official,30,international,2025,4.0,Scrum-half,False,0.0,True,0.0,True,0.0,True,,False,0.0,True,away,W,15.0,16.0,3,2025-03-08 14:15:00+00:00,1266,Six Nations,2025,2025,4,4,Result,event_log,event_log,event_log,match_stats_key,match_stats_key,match_stats_key,match_stats_key,match_stats_key,match_stats_key,match_stats_key,match_stats_key,match_stats_key,match_stats_key,match_stats_key,match_stats_key,match_stats_key,match_stats_key,match_stats_key,match_stats_key,match_stats_key,match_stats_key,match_stats_key,match_stats_key,match_stats_key,match_stats_key,match_stats_key,match_stats_key,match_stats_key,north,official_fixture_player,official_fixture_player,official_fixture_player,unobserved,official_fixture_player,113702,starting_jersey,True,8476189
8476189,139668,France,2025-03-08,1266,Six Nations,1967,Ireland,1817,42,27,Damian Penaud,14,True,80.0,0.0,0.0,True,True,True,1.0,True,0.0,True,0.0,True,0.0,True,0.0,True,101.0,True,3.0,True,1.0,True,1.0,True,9.0,True,7.0,True,4.0,True,1.0,True,0.54,True,0.0,True,0.0,True,4.0,True,0.0,True,8.0,True,1.0,True,1.0,True,1.0,True,0.0,True,0.0,True,0.0,True,0.0,True,5.0,True,ncr_international+sixn_official,30,international,2025,4.0,Back-three,False,0.0,True,0.0,True,0.0,True,,False,0.0,True,away,W,15.0,35.0,3,2025-03-08 14:15:00+00:00,1266,Six Nations,2025,2025,4,4,Result,event_log,event_log,event_log,match_stats_key,match_stats_key,match_stats_key,match_stats_key,match_stats_key,match_stats_key,match_stats_key,match_stats_key,match_stats_key,match_stats_key,match_stats_key,match_stats_key,match_stats_key,match_stats_key,match_stats_key,match_stats_key,match_stats_key,match_stats_key,match_stats_key,match_stats_key,match_stats_key,match_stats_key,match_stats_key,match_stats_key,match_stats_key,north,official_fixture_player,official_fixture_player,official_fixture_player,unobserved,official_fixture_player,113703,starting_jersey,True,8476189
8476189,139728,France,2025-03-08,1266,Six Nations,1967,Ireland,1817,42,27,Anthony Jelonch,22,False,32.0,0.0,0.0,True,True,True,0.0,True,0.0,True,0.0,True,0.0,True,0.0,True,11.0,True,2.0,True,0.0,True,0.0,True,2.0,True,4.0,True,1.0,True,0.0,True,0.8,True,0.0,True,0.0,True,2.0,True,0.0,True,1.0,True,0.0,True,0.0,True,0.0,True,1.0,True,0.0,True,0.0,True,0.0,True,0.0,True,ncr_international+sixn_official,30,international,2025,4.0,Back-row,True,0.0,True,0.0,True,2.0,True,,False,0.0,True,away,W,15.0,8.0,3,2025-03-08 14:15:00+00:00,1266,Six Nations,2025,2025,4,4,Result,event_log,event_log,event_log,match_stats_key,match_stats_key,match_stats_key,match_stats_key,match_stats_key,match_stats_key,match_stats_key,match_stats_key,match_stats_key,match_stats_key,match_stats_key,match_stats_key,match_stats_key,match_stats_key,match_stats_key,match_stats_key,match_stats_key,match_stats_key,match_stats_key,match_stats_key,match_stats_key,match_stats_key,match_stats_key,match_stats_key,match_stats_key,north,official_fixture_player,official_fixture_player,official_fixture_player,unobserved,official_fixture_player,113704,prior_recorded_start,True,8476189
8476189,139806,Ireland,2025-03-08,1266,Six Nations,1817,France,1967,27,42,Andrew Porter,1,True,68.0,0.0,0.0,True,True,True,0.0,True,0.0,True,0.0,True,0.0,True,0.0,True,3.0,True,0.0,True,0.0,True,0.0,True,5.0,True,8.0,True,4.0,True,0.0,True,0.67,True,0.0,True,0.0,True,5.0,True,0.0,True,3.0,True,0.0,True,0.0,True,0.0,True,1.0,True,0.0,True,0.0,True,0.0,True,0.0,True,ncr_international+sixn_official,30,international,2025,4.0,Prop,True,0.0,True,0.0,True,2.0,True,,False,0.0,True,home,L,-15.0,7.0,3,2025-03-08 14:15:00+00:00,1266,Six Nations,2025,2025,4,4,Result,event_log,event_log,event_log,match_stats_key,match_stats_key,match_stats_key,match_stats_key,match_stats_key,match_stats_key,match_stats_key,match_stats_key,match_stats_key,match_stats_key,match_stats_key,match_stats_key,match_stats_key,match_stats_key,match_stats_key,match_stats_key,match_stats_key,match_stats_key,match_stats_key,match_stats_key,match_stats_key,match_stats_key,match_stats_key,match_stats_key,match_stats_key,north,official_fixture_player,official_fixture_player,official_fixture_player,unobserved,official_fixture_player,113727,starting_jersey,True,8476189
8476189,143496,Ireland,2025-03-08,1266,Six Nations,1817,France,1967,27,42,Hugo Keenan,15,True,80.0,0.0,0.0,True,True,True,0.0,True,0.0,True,0.0,True,0.0,True,0.0,True,100.0,True,3.0,True,2.0,True,1.0,True,12.0,True,6.0,True,0.0,True,0.0,True,0.86,True,0.0,True,0.0,True,9.0,True,0.0,True,16.0,True,1.0,True,0.0,True,0.0,True,0.0,True,0.0,True,0.0,True,0.0,True,0.0,True,ncr_international+sixn_official,30,international,2025,4.0,Back-three,False,1.0,True,0.0,True,0.0,True,,False,0.0,True,home,L,-15.0,24.0,3,2025-03-08 14:15:00+00:00,1266,Six Nations,2025,2025,4,4,Result,event_log,event_log,event_log,match_stats_key,match_stats_key,match_stats_key,match_stats_key,match_stats_key,match_stats_key,match_stats_key,match_stats_key,match_stats_key,match_stats_key,match_stats_key,match_stats_key,match_stats_key,match_stats_key,match_stats_key,match_stats_key,match_stats_key,match_stats_key,match_stats_key,match_stats_key,match_stats_key,match_stats_key,match_stats_key,match_stats_key,match_stats_key,north,official_fixture_player,official_fixture_player,official_fixture_player,unobserved,official_fixture_player,113728,starting_jersey,True,8476189
8476189,143604,Ireland,2025-03-08,1266,Six Nations,1817,France,1967,27,42,James Ryan,19,False,23.0,0.0,0.0,True,True,True,0.0,True,0.0,True,0.0,True,0.0,True,0.0,True,9.0,True,0.0,True,0.0,True,0.0,True,3.0,True,2.0,True,0.0,True,0.0,True,1.0,True,0.0,True,0.0,True,3.0,True,0.0,True,2.0,True,0.0,True,0.0,True,0.0,True,0.0,True,0.0,True,0.0,True,0.0,True,0.0,True,ncr_international+sixn_official,30,international,2025,4.0,Second-row,True,0.0,True,0.0,True,0.0,True,,False,0.0,True,home,L,-15.0,2.0,3,2025-03-08 14:15:00+00:00,1266,Six Nations,2025,2025,4,4,Result,event_log,event_log,event_log,match_stats_key,match_stats_key,match_stats_key,match_stats_key,match_stats_key,match_stats_key,match_stats_key,match_stats_key,match_stats_key,match_stats_key,match_stats_key,match_stats_key,match_stats_key,match_stats_key,match_stats_key,match_stats_key,match_stats_key,match_stats_key,match_stats_key,match_stats_key,match_stats_key,match_stats_key,match_stats_key,match_stats_key,match_stats_key,north,official_fixture_player,official_fixture_player,official_fixture_player,unobserved,official_fixture_player,113729,prior_recorded_start,True,8476189
8476189,147480,France,2025-03-08,1266,Six Nations,1967,Ireland,1817,42,27,Peato Mauvaka,2,True,48.0,0.0,0.0,True,True,True,0.0,True,0.0,True,0.0,True,0.0,True,0.0,True,15.0,True,2.0,True,0.0,True,0.0,True,4.0,True,10.0,True,1.0,True,0.0,True,0.91,True,0.0,True,0.0,True,3.0,True,1.0,True,2.0,True,0.0,True,8.0,True,0.0,True,1.0,True,0.0,True,0.0,True,0.0,True,0.0,True,ncr_international+sixn_official,30,international,2025,4.0,Hooker,True,0.0,True,0.0,True,1.0,True,,False,0.0,True,away,W,15.0,14.0,3,2025-03-08 14:15:00+00:00,1266,Six Nations,2025,2025,4,4,Result,event_log,event_log,event_log,match_stats_key,match_stats_key,match_stats_key,match_stats_key,match_stats_key,match_stats_key,match_stats_key,match_stats_key,match_stats_key,match_stats_key,match_stats_key,match_stats_key,match_stats_key,match_stats_key,match_stats_key,match_stats_key,match_stats_key,match_stats_key,match_stats_key,match_stats_key,match_stats_key,match_stats_key,match_stats_key,match_stats_key,match_stats_key,north,official_fixture_player,official_fixture_player,official_fixture_player,unobserved,official_fixture_player,113705,starting_jersey,True,8476189
8476189,148680,Ireland,2025-03-08,1266,Six Nations,1817,France,1967,27,42,Caelan Doris,8,True,64.0,0.0,0.0,True,True,True,0.0,True,0.0,True,0.0,True,0.0,True,0.0,True,67.0,True,1.0,True,0.0,True,1.0,True,16.0,True,6.0,True,3.0,True,0.0,True,0.5,True,0.0,True,0.0,True,15.0,True,0.0,True,2.0,True,0.0,True,0.0,True,1.0,True,1.0,True,0.0,True,0.0,True,0.0,True,0.0,True,ncr_international+sixn_official,30,international,2025,4.0,Back-row,True,0.0,True,0.0,True,2.0,True,,False,0.0,True,home,L,-15.0,15.0,3,2025-03-08 14:15:00+00:00,1266,Six Nations,2025,2025,4,4,Result,event_log,event_log,event_log,match_stats_key,match_stats_key,match_stats_key,match_stats_key,match_stats_key,match_stats_key,match_stats_key,match_stats_key,match_stats_key,match_stats_key,match_stats_key,match_stats_key,match_stats_key,match_stats_key,match_stats_key,match_stats_key,match_stats_key,match_stats_key,match_stats_key,match_stats_key,match_stats_key,match_stats_key,match_stats_key,match_stats_key,match_stats_key,north,official_fixture_player,official_fixture_player,official_fixture_player,unobserved,official_fixture_player,113730,starting_jersey,True,8476189
8476189,148836,Ireland,2025-03-08,1266,Six Nations,1817,France,1967,27,42,Calvin Nash,11,True,80.0,1.0,0.0,True,True,True,0.0,True,0.0,True,0.0,True,0.0,True,0.0,True,45.0,True,2.0,True,1.0,True,2.0,True,10.0,True,1.0,True,2.0,True,0.0,True,0.25,True,0.0,True,0.0,True,7.0,True,1.0,True,3.0,True,1.0,True,0.0,True,0.0,True,1.0,True,0.0,True,0.0,True,0.0,True,0.0,True,ncr_international+sixn_official,30,international,2025,4.0,Back-three,False,0.0,True,0.0,True,0.0,True,,False,0.0,True,home,L,-15.0,7.0,3,2025-03-08 14:15:00+00:00,1266,Six Nations,2025,2025,4,4,Result,event_log,event_log,event_log,match_stats_key,match_stats_key,match_stats_key,match_stats_key,match_stats_key,match_stats_key,match_stats_key,match_stats_key,match_stats_key,match_stats_key,match_stats_key,match_stats_key,match_stats_key,match_stats_key,match_stats_key,match_stats_key,match_stats_key,match_stats_key,match_stats_key,match_stats_key,match_stats_key,match_stats_key,match_stats_key,match_stats_key,match_stats_key,north,official_fixture_player,official_fixture_player,official_fixture_player,unobserved,official_fixture_player,113731,starting_jersey,True,8476189
8476189,162150,France,2025-03-08,1266,Six Nations,1967,Ireland,1817,42,27,Pierre-Louis Barassi,13,True,46.0,0.0,0.0,True,True,True,0.0,True,0.0,True,0.0,True,0.0,True,0.0,True,21.0,True,3.0,True,1.0,True,1.0,True,6.0,True,4.0,True,2.0,True,0.0,True,0.44,True,0.0,True,0.0,True,5.0,True,0.0,True,2.0,True,0.0,True,0.0,True,0.0,True,0.0,True,0.0,True,0.0,True,0.0,True,0.0,True,ncr_international+sixn_official,30,international,2025,4.0,Centre,False,0.0,True,0.0,True,0.0,True,,False,0.0,True,away,W,15.0,14.0,3,2025-03-08 14:15:00+00:00,1266,Six Nations,2025,2025,4,4,Result,event_log,event_log,event_log,match_stats_key,match_stats_key,match_stats_key,match_stats_key,match_stats_key,match_stats_key,match_stats_key,match_stats_key,match_stats_key,match_stats_key,match_stats_key,match_stats_key,match_stats_key,match_stats_key,match_stats_key,match_stats_key,match_stats_key,match_stats_key,match_stats_key,match_stats_key,match_stats_key,match_stats_key,match_stats_key,match_stats_key,match_stats_key,north,official_fixture_player,official_fixture_player,official_fixture_player,unobserved,official_fixture_player,113706,starting_jersey,True,8476189
8476189,165180,France,2025-03-08,1266,Six Nations,1967,Ireland,1817,42,27,Romain Ntamack,10,True,80.0,0.0,0.0,True,True,True,0.0,True,0.0,True,0.0,True,0.0,True,0.0,True,3.0,True,0.0,True,0.0,True,0.0,True,4.0,True,9.0,True,0.0,True,0.0,True,1.0,True,0.0,True,0.0,True,2.0,True,0.0,True,16.0,True,1.0,True,0.0,True,2.0,True,0.0,True,0.0,True,0.0,True,0.0,True,0.0,True,ncr_international+sixn_official,30,international,2025,4.0,Fly-half,False,0.0,True,0.0,True,0.0,True,,False,0.0,True,away,W,15.0,9.0,3,2025-03-08 14:15:00+00:00,1266,Six Nations,2025,2025,4,4,Result,event_log,event_log,event_log,match_stats_key,match_stats_key,match_stats_key,match_stats_key,match_stats_key,match_stats_key,match_stats_key,match_stats_key,match_stats_key,match_stats_key,match_stats_key,match_stats_key,match_stats_key,match_stats_key,match_stats_key,match_stats_key,match_stats_key,match_stats_key,match_stats_key,match_stats_key,match_stats_key,match_stats_key,match_stats_key,match_stats_key,match_stats_key,north,official_fixture_player,official_fixture_player,official_fixture_player,unobserved,official_fixture_player,113707,starting_jersey,True,8476189
8476189,166476,France,2025-03-08,1266,Six Nations,1967,Ireland,1817,42,27,Emmanuel Meafou,19,False,32.0,0.0,0.0,True,True,True,0.0,True,0.0,True,0.0,True,0.0,True,0.0,True,7.0,True,1.0,True,0.0,True,1.0,True,4.0,True,3.0,True,0.0,True,0.0,True,0.75,True,0.0,True,0.0,True,3.0,True,0.0,True,6.0,True,0.0,True,0.0,True,0.0,True,2.0,True,0.0,True,0.0,True,0.0,True,0.0,True,ncr_international+sixn_official,30,international,2025,4.0,Second-row,True,0.0,True,0.0,True,2.0,True,,False,0.0,True,away,W,15.0,5.0,3,2025-03-08 14:15:00+00:00,1266,Six Nations,2025,2025,4,4,Result,event_log,event_log,event_log,match_stats_key,match_stats_key,match_stats_key,match_stats_key,match_stats_key,match_stats_key,match_stats_key,match_stats_key,match_stats_key,match_stats_key,match_stats_key,match_stats_key,match_stats_key,match_stats_key,match_stats_key,match_stats_key,match_stats_key,match_stats_key,match_stats_key,match_stats_key,match_stats_key,match_stats_key,match_stats_key,match_stats_key,match_stats_key,north,official_fixture_player,official_fixture_player,official_fixture_player,unobserved,official_fixture_player,113708,prior_recorded_start,True,8476189
8476189,176748,France,2025-03-08,1266,Six Nations,1967,Ireland,1817,42,27,Gregory Alldritt,8,True,48.0,0.0,0.0,True,True,True,0.0,True,0.0,True,0.0,True,0.0,True,0.0,True,14.0,True,0.0,True,0.0,True,0.0,True,4.0,True,14.0,True,1.0,True,1.0,True,0.88,True,0.0,True,1.0,True,4.0,True,0.0,True,3.0,True,1.0,True,0.0,True,0.0,True,0.0,True,0.0,True,0.0,True,0.0,True,0.0,True,ncr_international+sixn_official,30,international,2025,4.0,Back-row,True,0.0,True,0.0,True,1.0,True,,False,0.0,True,away,W,15.0,15.0,3,2025-03-08 14:15:00+00:00,1266,Six Nations,2025,2025,4,4,Result,event_log,event_log,event_log,match_stats_key,match_stats_key,match_stats_key,match_stats_key,match_stats_key,match_stats_key,match_stats_key,match_stats_key,match_stats_key,match_stats_key,match_stats_key,match_stats_key,match_stats_key,match_stats_key,match_stats_key,match_stats_key,match_stats_key,match_stats_key,match_stats_key,match_stats_key,match_stats_key,match_stats_key,match_stats_key,match_stats_key,match_stats_key,north,official_fixture_player,official_fixture_player,official_fixture_player,unobserved,official_fixture_player,113709,starting_jersey,True,8476189
8476189,178704,France,2025-03-08,1266,Six Nations,1967,Ireland,1817,42,27,Jean-Baptiste Gros,1,True,48.0,0.0,0.0,True,True,True,0.0,True,0.0,True,0.0,True,0.0,True,0.0,True,8.0,True,0.0,True,0.0,True,1.0,True,5.0,True,11.0,True,0.0,True,0.0,True,1.0,True,0.0,True,0.0,True,4.0,True,0.0,True,1.0,True,0.0,True,0.0,True,0.0,True,1.0,True,0.0,True,0.0,True,0.0,True,0.0,True,ncr_international+sixn_official,30,international,2025,4.0,Prop,True,0.0,True,0.0,True,1.0,True,,False,0.0,True,away,W,15.0,12.0,3,2025-03-08 14:15:00+00:00,1266,Six Nations,2025,2025,4,4,Result,event_log,event_log,event_log,match_stats_key,match_stats_key,match_stats_key,match_stats_key,match_stats_key,match_stats_key,match_stats_key,match_stats_key,match_stats_key,match_stats_key,match_stats_key,match_stats_key,match_stats_key,match_stats_key,match_stats_key,match_stats_key,match_stats_key,match_stats_key,match_stats_key,match_stats_key,match_stats_key,match_stats_key,match_stats_key,match_stats_key,match_stats_key,north,official_fixture_player,official_fixture_player,official_fixture_player,unobserved,official_fixture_player,113710,starting_jersey,True,8476189
8476189,186096,Ireland,2025-03-08,1266,Six Nations,1817,France,1967,27,42,Dan Sheehan,2,True,68.0,0.0,0.0,True,True,True,1.0,True,0.0,True,0.0,True,0.0,True,0.0,True,19.0,True,2.0,True,0.0,True,0.0,True,9.0,True,3.0,True,1.0,True,1.0,True,0.75,True,0.0,True,0.0,True,8.0,True,0.0,True,2.0,True,0.0,True,13.0,True,2.0,True,0.0,True,0.0,True,0.0,True,0.0,True,5.0,True,ncr_international+sixn_official,30,international,2025,4.0,Hooker,True,0.0,True,0.0,True,2.0,True,,False,0.0,True,home,L,-15.0,23.0,3,2025-03-08 14:15:00+00:00,1266,Six Nations,2025,2025,4,4,Result,event_log,event_log,event_log,match_stats_key,match_stats_key,match_stats_key,match_stats_key,match_stats_key,match_stats_key,match_stats_key,match_stats_key,match_stats_key,match_stats_key,match_stats_key,match_stats_key,match_stats_key,match_stats_key,match_stats_key,match_stats_key,match_stats_key,match_stats_key,match_stats_key,match_stats_key,match_stats_key,match_stats_key,match_stats_key,match_stats_key,match_stats_key,north,official_fixture_player,official_fixture_player,official_fixture_player,unobserved,official_fixture_player,113732,starting_jersey,True,8476189
8476189,186162,France,2025-03-08,1266,Six Nations,1967,Ireland,1817,42,27,Maxime Lucu,23,False,52.0,0.0,0.0,True,True,True,0.0,True,1.0,True,0.0,True,0.0,True,0.0,True,11.0,True,0.0,True,0.0,True,1.0,True,3.0,True,10.0,True,0.0,True,0.0,True,0.83,True,0.0,True,0.0,True,1.0,True,0.0,True,36.0,True,0.0,True,0.0,True,0.0,True,0.0,True,0.0,True,0.0,True,0.0,True,0.0,True,ncr_international+sixn_official,30,international,2025,4.0,Scrum-half,False,0.0,True,0.0,True,0.0,True,,False,0.0,True,away,W,15.0,17.0,3,2025-03-08 14:15:00+00:00,1266,Six Nations,2025,2025,4,4,Result,event_log,event_log,event_log,match_stats_key,match_stats_key,match_stats_key,match_stats_key,match_stats_key,match_stats_key,match_stats_key,match_stats_key,match_stats_key,match_stats_key,match_stats_key,match_stats_key,match_stats_key,match_stats_key,match_stats_key,match_stats_key,match_stats_key,match_stats_key,match_stats_key,match_stats_key,match_stats_key,match_stats_key,match_stats_key,match_stats_key,match_stats_key,north,official_fixture_player,official_fixture_player,official_fixture_player,unobserved,official_fixture_player,113711,prior_recorded_start,True,8476189
8476189,196152,France,2025-03-08,1266,Six Nations,1967,Ireland,1817,42,27,Yoram Moefana,12,True,80.0,0.0,0.0,True,True,True,0.0,True,0.0,True,0.0,True,0.0,True,0.0,True,24.0,True,2.0,True,0.0,True,0.0,True,8.0,True,12.0,True,4.0,True,1.0,True,0.67,True,0.0,True,0.0,True,6.0,True,0.0,True,9.0,True,1.0,True,0.0,True,2.0,True,0.0,True,0.0,True,0.0,True,0.0,True,0.0,True,ncr_international+sixn_official,30,international,2025,4.0,Centre,False,0.0,True,0.0,True,0.0,True,,False,0.0,True,away,W,15.0,18.0,3,2025-03-08 14:15:00+00:00,1266,Six Nations,2025,2025,4,4,Result,event_log,event_log,event_log,match_stats_key,match_stats_key,match_stats_key,match_stats_key,match_stats_key,match_stats_key,match_stats_key,match_stats_key,match_stats_key,match_stats_key,match_stats_key,match_stats_key,match_stats_key,match_stats_key,match_stats_key,match_stats_key,match_stats_key,match_stats_key,match_stats_key,match_stats_key,match_stats_key,match_stats_key,match_stats_key,match_stats_key,match_stats_key,north,official_fixture_player,official_fixture_player,official_fixture_player,unobserved,official_fixture_player,113712,starting_jersey,True,8476189
8476189,198624,France,2025-03-08,1266,Six Nations,1967,Ireland,1817,42,27,Paul Boudehent,7,True,80.0,0.0,0.0,True,True,True,1.0,True,0.0,True,0.0,True,0.0,True,0.0,True,45.0,True,0.0,True,1.0,True,0.0,True,9.0,True,11.0,True,1.0,True,0.0,True,0.79,True,0.0,True,1.0,True,8.0,True,1.0,True,2.0,True,0.0,True,0.0,True,1.0,True,2.0,True,0.0,True,0.0,True,0.0,True,5.0,True,ncr_international+sixn_official,30,international,2025,4.0,Back-row,True,0.0,True,0.0,True,3.0,True,,False,0.0,True,away,W,15.0,28.0,3,2025-03-08 14:15:00+00:00,1266,Six Nations,2025,2025,4,4,Result,event_log,event_log,event_log,match_stats_key,match_stats_key,match_stats_key,match_stats_key,match_stats_key,match_stats_key,match_stats_key,match_stats_key,match_stats_key,match_stats_key,match_stats_key,match_stats_key,match_stats_key,match_stats_key,match_stats_key,match_stats_key,match_stats_key,match_stats_key,match_stats_key,match_stats_key,match_stats_key,match_stats_key,match_stats_key,match_stats_key,match_stats_key,north,official_fixture_player,official_fixture_player,official_fixture_player,unobserved,official_fixture_player,113713,starting_jersey,True,8476189
8476189,201696,Ireland,2025-03-08,1266,Six Nations,1817,France,1967,27,42,Jack Crowley,23,False,25.0,0.0,0.0,True,True,True,0.0,True,1.0,True,0.0,True,0.0,True,0.0,True,14.0,True,0.0,True,0.0,True,1.0,True,3.0,True,2.0,True,0.0,True,0.0,True,1.0,True,0.0,True,0.0,True,2.0,True,0.0,True,9.0,True,0.0,True,0.0,True,0.0,True,0.0,True,0.0,True,0.0,True,0.0,True,0.0,True,ncr_international+sixn_official,30,international,2025,4.0,Fly-half,False,0.0,True,0.0,True,0.0,True,,False,0.0,True,home,L,-15.0,9.0,3,2025-03-08 14:15:00+00:00,1266,Six Nations,2025,2025,4,4,Result,event_log,event_log,event_log,match_stats_key,match_stats_key,match_stats_key,match_stats_key,match_stats_key,match_stats_key,match_stats_key,match_stats_key,match_stats_key,match_stats_key,match_stats_key,match_stats_key,match_stats_key,match_stats_key,match_stats_key,match_stats_key,match_stats_key,match_stats_key,match_stats_key,match_stats_key,match_stats_key,match_stats_key,match_stats_key,match_stats_key,match_stats_key,north,official_fixture_player,official_fixture_player,official_fixture_player,unobserved,official_fixture_player,113733,prior_recorded_start,True,8476189
8476189,203190,Ireland,2025-03-08,1266,Six Nations,1817,France,1967,27,42,Ryan Baird,21,False,32.0,0.0,0.0,True,True,True,0.0,True,0.0,True,0.0,True,0.0,True,0.0,True,0.0,True,0.0,True,0.0,True,0.0,True,0.0,True,4.0,True,1.0,True,0.0,True,0.8,True,0.0,True,0.0,True,0.0,True,0.0,True,5.0,True,0.0,True,0.0,True,0.0,True,0.0,True,0.0,True,0.0,True,0.0,True,0.0,True,ncr_international+sixn_official,30,international,2025,4.0,Back-row,True,0.0,True,0.0,True,0.0,True,,False,0.0,True,home,L,-15.0,4.0,3,2025-03-08 14:15:00+00:00,1266,Six Nations,2025,2025,4,4,Result,event_log,event_log,event_log,match_stats_key,match_stats_key,match_stats_key,match_stats_key,match_stats_key,match_stats_key,match_stats_key,match_stats_key,match_stats_key,match_stats_key,match_stats_key,match_stats_key,match_stats_key,match_stats_key,match_stats_key,match_stats_key,match_stats_key,match_stats_key,match_stats_key,match_stats_key,match_stats_key,match_stats_key,match_stats_key,match_stats_key,match_stats_key,north,official_fixture_player,official_fixture_player,official_fixture_player,unobserved,official_fixture_player,113734,prior_recorded_start,True,8476189
8476189,203208,Ireland,2025-03-08,1266,Six Nations,1817,France,1967,27,42,Thomas Clarkson,18,False,21.0,0.0,0.0,True,True,True,0.0,True,0.0,True,0.0,True,0.0,True,0.0,True,0.0,True,0.0,True,0.0,True,0.0,True,3.0,True,1.0,True,0.0,True,0.0,True,1.0,True,0.0,True,0.0,True,3.0,True,0.0,True,1.0,True,0.0,True,0.0,True,0.0,True,0.0,True,0.0,True,0.0,True,0.0,True,0.0,True,ncr_international+sixn_official,30,international,2025,4.0,Prop,True,0.0,True,0.0,True,0.0,True,,False,0.0,True,home,L,-15.0,1.0,3,2025-03-08 14:15:00+00:00,1266,Six Nations,2025,2025,4,4,Result,event_log,event_log,event_log,match_stats_key,match_stats_key,match_stats_key,match_stats_key,match_stats_key,match_stats_key,match_stats_key,match_stats_key,match_stats_key,match_stats_key,match_stats_key,match_stats_key,match_stats_key,match_stats_key,match_stats_key,match_stats_key,match_stats_key,match_stats_key,match_stats_key,match_stats_key,match_stats_key,match_stats_key,match_stats_key,match_stats_key,match_stats_key,north,official_fixture_player,official_fixture_player,official_fixture_player,unobserved,official_fixture_player,113735,prior_recorded_start,True,8476189
8476189,213072,France,2025-03-08,1266,Six Nations,1967,Ireland,1817,42,27,Thibaud Flament,4,True,75.0,0.0,0.0,True,True,True,0.0,True,0.0,True,0.0,True,0.0,True,0.0,True,11.0,True,0.0,True,0.0,True,0.0,True,6.0,True,13.0,True,2.0,True,1.0,True,0.87,True,1.0,True,0.0,True,6.0,True,0.0,True,4.0,True,0.0,True,0.0,True,0.0,True,1.0,True,0.0,True,0.0,True,0.0,True,0.0,True,ncr_international+sixn_official,30,international,2025,4.0,Second-row,True,0.0,True,0.0,True,3.0,True,,False,0.0,True,away,W,15.0,18.0,3,2025-03-08 14:15:00+00:00,1266,Six Nations,2025,2025,4,4,Result,event_log,event_log,event_log,match_stats_key,match_stats_key,match_stats_key,match_stats_key,match_stats_key,match_stats_key,match_stats_key,match_stats_key,match_stats_key,match_stats_key,match_stats_key,match_stats_key,match_stats_key,match_stats_key,match_stats_key,match_stats_key,match_stats_key,match_stats_key,match_stats_key,match_stats_key,match_stats_key,match_stats_key,match_stats_key,match_stats_key,match_stats_key,north,official_fixture_player,official_fixture_player,official_fixture_player,unobserved,official_fixture_player,113714,starting_jersey,True,8476189
8476189,219930,France,2025-03-08,1266,Six Nations,1967,Ireland,1817,42,27,Mickael Guillard,5,True,48.0,0.0,0.0,True,True,True,0.0,True,0.0,True,0.0,True,0.0,True,0.0,True,4.0,True,1.0,True,0.0,True,0.0,True,2.0,True,14.0,True,0.0,True,1.0,True,1.0,True,0.0,True,0.0,True,2.0,True,0.0,True,2.0,True,0.0,True,0.0,True,0.0,True,0.0,True,0.0,True,0.0,True,0.0,True,0.0,True,ncr_international+sixn_official,30,international,2025,4.0,Second-row,True,0.0,True,0.0,True,1.0,True,,False,0.0,True,away,W,15.0,16.0,3,2025-03-08 14:15:00+00:00,1266,Six Nations,2025,2025,4,4,Result,event_log,event_log,event_log,match_stats_key,match_stats_key,match_stats_key,match_stats_key,match_stats_key,match_stats_key,match_stats_key,match_stats_key,match_stats_key,match_stats_key,match_stats_key,match_stats_key,match_stats_key,match_stats_key,match_stats_key,match_stats_key,match_stats_key,match_stats_key,match_stats_key,match_stats_key,match_stats_key,match_stats_key,match_stats_key,match_stats_key,match_stats_key,north,official_fixture_player,official_fixture_player,official_fixture_player,unobserved,official_fixture_player,113715,starting_jersey,True,8476189
8476189,220194,Ireland,2025-03-08,1266,Six Nations,1817,France,1967,27,42,Joe McCarthy,4,True,57.0,1.0,0.0,True,True,True,0.0,True,0.0,True,0.0,True,0.0,True,0.0,True,8.0,True,1.0,True,0.0,True,0.0,True,9.0,True,6.0,True,1.0,True,0.0,True,0.75,True,0.0,True,0.0,True,9.0,True,0.0,True,3.0,True,0.0,True,0.0,True,0.0,True,1.0,True,0.0,True,0.0,True,0.0,True,0.0,True,ncr_international+sixn_official,30,international,2025,4.0,Second-row,True,0.0,True,0.0,True,2.0,True,,False,0.0,True,home,L,-15.0,2.0,3,2025-03-08 14:15:00+00:00,1266,Six Nations,2025,2025,4,4,Result,event_log,event_log,event_log,match_stats_key,match_stats_key,match_stats_key,match_stats_key,match_stats_key,match_stats_key,match_stats_key,match_stats_key,match_stats_key,match_stats_key,match_stats_key,match_stats_key,match_stats_key,match_stats_key,match_stats_key,match_stats_key,match_stats_key,match_stats_key,match_stats_key,match_stats_key,match_stats_key,match_stats_key,match_stats_key,match_stats_key,match_stats_key,north,official_fixture_player,official_fixture_player,official_fixture_player,unobserved,official_fixture_player,113736,starting_jersey,True,8476189
8476189,227658,Ireland,2025-03-08,1266,Six Nations,1817,France,1967,27,42,Jamie Osborne,14,True,80.0,0.0,0.0,True,True,True,0.0,True,0.0,True,0.0,True,0.0,True,0.0,True,47.0,True,4.0,True,0.0,True,0.0,True,11.0,True,6.0,True,0.0,True,1.0,True,0.86,True,0.0,True,0.0,True,8.0,True,0.0,True,5.0,True,2.0,True,0.0,True,3.0,True,0.0,True,0.0,True,0.0,True,0.0,True,0.0,True,ncr_international+sixn_official,30,international,2025,4.0,Back-three,False,0.0,True,0.0,True,0.0,True,,False,0.0,True,home,L,-15.0,18.0,3,2025-03-08 14:15:00+00:00,1266,Six Nations,2025,2025,4,4,Result,event_log,event_log,event_log,match_stats_key,match_stats_key,match_stats_key,match_stats_key,match_stats_key,match_stats_key,match_stats_key,match_stats_key,match_stats_key,match_stats_key,match_stats_key,match_stats_key,match_stats_key,match_stats_key,match_stats_key,match_stats_key,match_stats_key,match_stats_key,match_stats_key,match_stats_key,match_stats_key,match_stats_key,match_stats_key,match_stats_key,match_stats_key,north,official_fixture_player,official_fixture_player,official_fixture_player,unobserved,official_fixture_player,113737,starting_jersey,True,8476189
8476189,231684,France,2025-03-08,1266,Six Nations,1967,Ireland,1817,42,27,Louis Bielle-Biarrey,11,True,80.0,0.0,0.0,True,True,True,2.0,True,0.0,True,0.0,True,0.0,True,0.0,True,40.0,True,0.0,True,2.0,True,0.0,True,5.0,True,8.0,True,0.0,True,1.0,True,0.8,True,0.0,True,0.0,True,0.0,True,0.0,True,4.0,True,0.0,True,0.0,True,0.0,True,0.0,True,0.0,True,0.0,True,0.0,True,10.0,True,ncr_international+sixn_official,30,international,2025,4.0,Back-three,False,0.0,True,0.0,True,0.0,True,,False,1.0,True,away,W,15.0,32.0,3,2025-03-08 14:15:00+00:00,1266,Six Nations,2025,2025,4,4,Result,event_log,event_log,event_log,match_stats_key,match_stats_key,match_stats_key,match_stats_key,match_stats_key,match_stats_key,match_stats_key,match_stats_key,match_stats_key,match_stats_key,match_stats_key,match_stats_key,match_stats_key,match_stats_key,match_stats_key,match_stats_key,match_stats_key,match_stats_key,match_stats_key,match_stats_key,match_stats_key,match_stats_key,match_stats_key,match_stats_key,match_stats_key,north,official_fixture_player,official_fixture_player,official_fixture_player,unobserved,official_fixture_player,113716,starting_jersey,True,8476189
8476189,238278,France,2025-03-08,1266,Six Nations,1967,Ireland,1817,42,27,Hugo Auradou,20,False,5.0,0.0,0.0,True,True,True,0.0,True,0.0,True,0.0,True,0.0,True,0.0,True,0.0,True,0.0,True,0.0,True,0.0,True,0.0,True,1.0,True,0.0,True,0.0,True,1.0,True,0.0,True,0.0,True,0.0,True,1.0,True,0.0,True,0.0,True,0.0,True,0.0,True,0.0,True,0.0,True,0.0,True,0.0,True,0.0,True,ncr_international+sixn_official,30,international,2025,4.0,Second-row,True,0.0,True,0.0,True,0.0,True,,False,0.0,True,away,W,15.0,1.0,3,2025-03-08 14:15:00+00:00,1266,Six Nations,2025,2025,4,4,Result,event_log,event_log,event_log,match_stats_key,match_stats_key,match_stats_key,match_stats_key,match_stats_key,match_stats_key,match_stats_key,match_stats_key,match_stats_key,match_stats_key,match_stats_key,match_stats_key,match_stats_key,match_stats_key,match_stats_key,match_stats_key,match_stats_key,match_stats_key,match_stats_key,match_stats_key,match_stats_key,match_stats_key,match_stats_key,match_stats_key,match_stats_key,north,official_fixture_player,official_fixture_player,official_fixture_player,unobserved,official_fixture_player,113717,prior_recorded_start,True,8476189
8476189,242478,France,2025-03-08,1266,Six Nations,1967,Ireland,1817,42,27,Oscar Jegou,21,False,34.0,0.0,0.0,True,True,True,1.0,True,0.0,True,0.0,True,0.0,True,0.0,True,3.0,True,0.0,True,0.0,True,0.0,True,2.0,True,11.0,True,3.0,True,2.0,True,0.79,True,1.0,True,0.0,True,1.0,True,0.0,True,1.0,True,0.0,True,0.0,True,0.0,True,0.0,True,0.0,True,0.0,True,0.0,True,5.0,True,ncr_international+sixn_official,30,international,2025,4.0,Back-row,True,0.0,True,0.0,True,0.0,True,,False,0.0,True,away,W,15.0,31.0,3,2025-03-08 14:15:00+00:00,1266,Six Nations,2025,2025,4,4,Result,event_log,event_log,event_log,match_stats_key,match_stats_key,match_stats_key,match_stats_key,match_stats_key,match_stats_key,match_stats_key,match_stats_key,match_stats_key,match_stats_key,match_stats_key,match_stats_key,match_stats_key,match_stats_key,match_stats_key,match_stats_key,match_stats_key,match_stats_key,match_stats_key,match_stats_key,match_stats_key,match_stats_key,match_stats_key,match_stats_key,match_stats_key,north,official_fixture_player,official_fixture_player,official_fixture_player,unobserved,official_fixture_player,113718,prior_recorded_start,True,8476189
8476189,337638,Ireland,2025-03-08,1266,Six Nations,1817,France,1967,27,42,Sam Prendergast,10,True,80.0,0.0,0.0,True,True,True,0.0,True,0.0,True,3.0,True,2.0,True,0.0,True,45.0,True,2.0,True,0.0,True,2.0,True,8.0,True,4.0,True,3.0,True,0.0,True,0.5,True,0.0,True,0.0,True,2.0,True,0.0,True,35.0,True,2.0,True,0.0,True,3.0,True,0.0,True,0.0,True,1.0,True,0.0,True,12.0,True,ncr_international+sixn_official,30,international,2025,4.0,Fly-half,False,0.0,True,0.0,True,0.0,True,,False,0.0,True,home,L,-15.0,28.0,3,2025-03-08 14:15:00+00:00,1266,Six Nations,2025,2025,4,4,Result,event_log,event_log,event_log,match_stats_key,match_stats_key,match_stats_key,match_stats_key,match_stats_key,match_stats_key,match_stats_key,match_stats_key,match_stats_key,match_stats_key,match_stats_key,match_stats_key,match_stats_key,match_stats_key,match_stats_key,match_stats_key,match_stats_key,match_stats_key,match_stats_key,match_stats_key,match_stats_key,match_stats_key,match_stats_key,match_stats_key,match_stats_key,north,official_fixture_player,official_fixture_player,official_fixture_player,unobserved,official_fixture_player,113738,starting_jersey,True,8476189
8476189,56550,Ireland,2025-03-08,1266,Six Nations,1817,France,1967,27,42,Cian Healy,17,False,12.0,0.0,0.0,True,True,True,1.0,True,0.0,True,0.0,True,0.0,True,0.0,True,8.0,True,2.0,True,0.0,True,0.0,True,4.0,True,0.0,True,0.0,True,0.0,True,0.0,True,0.0,True,0.0,True,3.0,True,0.0,True,1.0,True,0.0,True,0.0,True,0.0,True,0.0,True,0.0,True,0.0,True,0.0,True,5.0,True,ncr_international+sixn_official,30,international,2025,4.0,Prop,True,0.0,True,0.0,True,0.0,True,,False,0.0,True,home,L,-15.0,19.0,3,2025-03-08 14:15:00+00:00,1266,Six Nations,2025,2025,4,4,Result,event_log,event_log,event_log,match_stats_key,match_stats_key,match_stats_key,match_stats_key,match_stats_key,match_stats_key,match_stats_key,match_stats_key,match_stats_key,match_stats_key,match_stats_key,match_stats_key,match_stats_key,match_stats_key,match_stats_key,match_stats_key,match_stats_key,match_stats_key,match_stats_key,match_stats_key,match_stats_key,match_stats_key,match_stats_key,match_stats_key,match_stats_key,north,official_fixture_player,official_fixture_player,official_fixture_player,unobserved,official_fixture_player,113739,prior_recorded_start,True,8476189
8476189,61620,Ireland,2025-03-08,1266,Six Nations,1817,France,1967,27,42,Peter O'Mahony,6,True,48.0,0.0,0.0,True,True,True,0.0,True,0.0,True,0.0,True,0.0,True,0.0,True,8.0,True,0.0,True,0.0,True,0.0,True,2.0,True,3.0,True,1.0,True,0.0,True,0.75,True,0.0,True,0.0,True,2.0,True,0.0,True,5.0,True,1.0,True,0.0,True,0.0,True,0.0,True,0.0,True,0.0,True,0.0,True,0.0,True,ncr_international+sixn_official,30,international,2025,4.0,Back-row,True,0.0,True,0.0,True,2.0,True,,False,0.0,True,home,L,-15.0,3.0,3,2025-03-08 14:15:00+00:00,1266,Six Nations,2025,2025,4,4,Result,event_log,event_log,event_log,match_stats_key,match_stats_key,match_stats_key,match_stats_key,match_stats_key,match_stats_key,match_stats_key,match_stats_key,match_stats_key,match_stats_key,match_stats_key,match_stats_key,match_stats_key,match_stats_key,match_stats_key,match_stats_key,match_stats_key,match_stats_key,match_stats_key,match_stats_key,match_stats_key,match_stats_key,match_stats_key,match_stats_key,match_stats_key,north,official_fixture_player,official_fixture_player,official_fixture_player,unobserved,official_fixture_player,113740,starting_jersey,True,8476189
8476189,61860,Ireland,2025-03-08,1266,Six Nations,1817,France,1967,27,42,Conor Murray,22,False,12.0,0.0,0.0,True,True,True,0.0,True,1.0,True,0.0,True,0.0,True,0.0,True,3.0,True,0.0,True,0.0,True,0.0,True,1.0,True,0.0,True,0.0,True,0.0,True,0.0,True,0.0,True,0.0,True,1.0,True,0.0,True,27.0,True,0.0,True,0.0,True,1.0,True,0.0,True,0.0,True,0.0,True,0.0,True,0.0,True,ncr_international+sixn_official,30,international,2025,4.0,Scrum-half,False,0.0,True,0.0,True,0.0,True,,False,0.0,True,home,L,-15.0,4.0,3,2025-03-08 14:15:00+00:00,1266,Six Nations,2025,2025,4,4,Result,event_log,event_log,event_log,match_stats_key,match_stats_key,match_stats_key,match_stats_key,match_stats_key,match_stats_key,match_stats_key,match_stats_key,match_stats_key,match_stats_key,match_stats_key,match_stats_key,match_stats_key,match_stats_key,match_stats_key,match_stats_key,match_stats_key,match_stats_key,match_stats_key,match_stats_key,match_stats_key,match_stats_key,match_stats_key,match_stats_key,match_stats_key,north,official_fixture_player,official_fixture_player,official_fixture_player,unobserved,official_fixture_player,113741,prior_recorded_start,True,8476189
8476198,102762,Scotland,2025-03-08,1266,Six Nations,2117,Wales,1517,35,29,Grant Gilchrist,5,True,80.0,0.0,0.0,True,True,True,0.0,True,0.0,True,0.0,True,0.0,True,0.0,True,5.0,True,1.0,True,0.0,True,0.0,True,13.0,True,8.0,True,0.0,True,0.0,True,1.0,True,0.0,True,0.0,True,12.0,True,0.0,True,7.0,True,0.0,True,0.0,True,2.0,True,2.0,True,0.0,True,0.0,True,0.0,True,0.0,True,ncr_international+sixn_official,30,international,2025,4.0,Second-row,True,0.0,True,0.0,True,1.0,True,,False,0.0,True,home,W,6.0,8.0,3,2025-03-08 16:45:00+00:00,1266,Six Nations,2025,2025,4,4,Result,event_log,event_log,event_log,match_stats_key,match_stats_key,match_stats_key,match_stats_key,match_stats_key,match_stats_key,match_stats_key,match_stats_key,match_stats_key,match_stats_key,match_stats_key,match_stats_key,match_stats_key,match_stats_key,match_stats_key,match_stats_key,match_stats_key,match_stats_key,match_stats_key,match_stats_key,match_stats_key,match_stats_key,match_stats_key,match_stats_key,match_stats_key,north,official_fixture_player,official_fixture_player,official_fixture_player,unobserved,official_fixture_player,113742,starting_jersey,True,8476198
8476198,109668,Wales,2025-03-08,1266,Six Nations,1517,Scotland,2117,29,35,Gareth Anscombe,10,True,55.0,0.0,0.0,True,True,True,0.0,True,1.0,True,0.0,True,1.0,True,0.0,True,0.0,True,0.0,True,0.0,True,0.0,True,2.0,True,5.0,True,2.0,True,0.0,True,0.63,True,0.0,True,0.0,True,2.0,True,0.0,True,24.0,True,1.0,True,0.0,True,0.0,True,0.0,True,1.0,True,0.0,True,0.0,True,3.0,True,ncr_international+sixn_official,30,international,2025,4.0,Fly-half,False,0.0,True,0.0,True,0.0,True,,False,0.0,True,away,L,-6.0,12.0,3,2025-03-08 16:45:00+00:00,1266,Six Nations,2025,2025,4,4,Result,event_log,event_log,event_log,match_stats_key,match_stats_key,match_stats_key,match_stats_key,match_stats_key,match_stats_key,match_stats_key,match_stats_key,match_stats_key,match_stats_key,match_stats_key,match_stats_key,match_stats_key,match_stats_key,match_stats_key,match_stats_key,match_stats_key,match_stats_key,match_stats_key,match_stats_key,match_stats_key,match_stats_key,match_stats_key,match_stats_key,match_stats_key,north,official_fixture_player,official_fixture_player,official_fixture_player,unobserved,official_fixture_player,113765,starting_jersey,True,8476198
8476198,111564,Wales,2025-03-08,1266,Six Nations,1517,Scotland,2117,29,35,WillGriff John,3,True,45.0,1.0,0.0,True,True,True,0.0,True,0.0,True,0.0,True,0.0,True,0.0,True,0.0,True,0.0,True,0.0,True,0.0,True,2.0,True,13.0,True,1.0,True,0.0,True,0.87,True,0.0,True,0.0,True,2.0,True,0.0,True,0.0,True,0.0,True,0.0,True,1.0,True,1.0,True,0.0,True,0.0,True,0.0,True,0.0,True,ncr_international+sixn_official,30,international,2025,4.0,Prop,True,0.0,True,0.0,True,0.0,True,,False,0.0,True,away,L,-6.0,7.0,3,2025-03-08 16:45:00+00:00,1266,Six Nations,2025,2025,4,4,Result,event_log,event_log,event_log,match_stats_key,match_stats_key,match_stats_key,match_stats_key,match_stats_key,match_stats_key,match_stats_key,match_stats_key,match_stats_key,match_stats_key,match_stats_key,match_stats_key,match_stats_key,match_stats_key,match_stats_key,match_stats_key,match_stats_key,match_stats_key,match_stats_key,match_stats_key,match_stats_key,match_stats_key,match_stats_key,match_stats_key,match_stats_key,north,official_fixture_player,official_fixture_player,official_fixture_player,unobserved,official_fixture_player,113766,starting_jersey,True,8476198
8476198,111864,Scotland,2025-03-08,1266,Six Nations,2117,Wales,1517,35,29,Dave Cherry,2,True,55.0,0.0,0.0,True,True,True,0.0,True,0.0,True,0.0,True,0.0,True,0.0,True,11.0,True,0.0,True,0.0,True,0.0,True,8.0,True,10.0,True,1.0,True,0.0,True,0.91,True,0.0,True,0.0,True,9.0,True,0.0,True,1.0,True,0.0,True,11.0,True,0.0,True,0.0,True,0.0,True,0.0,True,0.0,True,0.0,True,ncr_international+sixn_official,30,international,2025,4.0,Hooker,True,0.0,True,0.0,True,0.0,True,,False,0.0,True,home,W,6.0,11.0,3,2025-03-08 16:45:00+00:00,1266,Six Nations,2025,2025,4,4,Result,event_log,event_log,event_log,match_stats_key,match_stats_key,match_stats_key,match_stats_key,match_stats_key,match_stats_key,match_stats_key,match_stats_key,match_stats_key,match_stats_key,match_stats_key,match_stats_key,match_stats_key,match_stats_key,match_stats_key,match_stats_key,match_stats_key,match_stats_key,match_stats_key,match_stats_key,match_stats_key,match_stats_key,match_stats_key,match_stats_key,match_stats_key,north,official_fixture_player,official_fixture_player,official_fixture_player,unobserved,official_fixture_player,113743,starting_jersey,True,8476198
8476198,116400,Wales,2025-03-08,1266,Six Nations,1517,Scotland,2117,29,35,Rhodri Williams,21,False,11.0,0.0,0.0,True,True,True,0.0,True,0.0,True,0.0,True,0.0,True,0.0,True,4.0,True,0.0,True,0.0,True,0.0,True,1.0,True,5.0,True,1.0,True,0.0,True,0.83,True,0.0,True,2.0,True,1.0,True,0.0,True,4.0,True,0.0,True,0.0,True,1.0,True,0.0,True,0.0,True,0.0,True,0.0,True,0.0,True,ncr_international+sixn_official,30,international,2025,4.0,Scrum-half,False,0.0,True,0.0,True,0.0,True,,False,0.0,True,away,L,-6.0,5.0,3,2025-03-08 16:45:00+00:00,1266,Six Nations,2025,2025,4,4,Result,event_log,event_log,event_log,match_stats_key,match_stats_key,match_stats_key,match_stats_key,match_stats_key,match_stats_key,match_stats_key,match_stats_key,match_stats_key,match_stats_key,match_stats_key,match_stats_key,match_stats_key,match_stats_key,match_stats_key,match_stats_key,match_stats_key,match_stats_key,match_stats_key,match_stats_key,match_stats_key,match_stats_key,match_stats_key,match_stats_key,match_stats_key,north,official_fixture_player,official_fixture_player,official_fixture_player,unobserved,official_fixture_player,113767,prior_recorded_start,True,8476198
8476198,117852,Scotland,2025-03-08,1266,Six Nations,2117,Wales,1517,35,29,Jonny Gray,4,True,66.0,0.0,0.0,True,True,True,0.0,True,0.0,True,0.0,True,0.0,True,0.0,True,9.0,True,0.0,True,0.0,True,2.0,True,8.0,True,13.0,True,0.0,True,1.0,True,1.0,True,0.0,True,0.0,True,5.0,True,0.0,True,12.0,True,0.0,True,0.0,True,1.0,True,0.0,True,0.0,True,0.0,True,0.0,True,0.0,True,ncr_international+sixn_official,30,international,2025,4.0,Second-row,True,0.0,True,0.0,True,0.0,True,,False,0.0,True,home,W,6.0,17.0,3,2025-03-08 16:45:00+00:00,1266,Six Nations,2025,2025,4,4,Result,event_log,event_log,event_log,match_stats_key,match_stats_key,match_stats_key,match_stats_key,match_stats_key,match_stats_key,match_stats_key,match_stats_key,match_stats_key,match_stats_key,match_stats_key,match_stats_key,match_stats_key,match_stats_key,match_stats_key,match_stats_key,match_stats_key,match_stats_key,match_stats_key,match_stats_key,match_stats_key,match_stats_key,match_stats_key,match_stats_key,match_stats_key,north,official_fixture_player,official_fixture_player,official_fixture_player,unobserved,official_fixture_player,113744,starting_jersey,True,8476198
8476198,117894,Scotland,2025-03-08,1266,Six Nations,2117,Wales,1517,35,29,Finn Russell,10,True,61.0,0.0,0.0,True,True,True,0.0,True,2.0,True,5.0,True,0.0,True,0.0,True,0.0,True,1.0,True,0.0,True,0.0,True,3.0,True,5.0,True,1.0,True,0.0,True,0.83,True,0.0,True,0.0,True,1.0,True,0.0,True,28.0,True,3.0,True,0.0,True,1.0,True,0.0,True,0.0,True,0.0,True,0.0,True,10.0,True,ncr_international+sixn_official,30,international,2025,4.0,Fly-half,False,0.0,True,0.0,True,0.0,True,,False,0.0,True,home,W,6.0,25.0,3,2025-03-08 16:45:00+00:00,1266,Six Nations,2025,2025,4,4,Result,event_log,event_log,event_log,match_stats_key,match_stats_key,match_stats_key,match_stats_key,match_stats_key,match_stats_key,match_stats_key,match_stats_key,match_stats_key,match_stats_key,match_stats_key,match_stats_key,match_stats_key,match_stats_key,match_stats_key,match_stats_key,match_stats_key,match_stats_key,match_stats_key,match_stats_key,match_stats_key,match_stats_key,match_stats_key,match_stats_key,match_stats_key,north,official_fixture_player,official_fixture_player,official_fixture_player,unobserved,official_fixture_player,113745,starting_jersey,True,8476198
8476198,119118,Wales,2025-03-08,1266,Six Nations,1517,Scotland,2117,29,35,Gareth Thomas,17,False,25.0,0.0,0.0,True,True,True,0.0,True,0.0,True,0.0,True,0.0,True,0.0,True,2.0,True,0.0,True,0.0,True,0.0,True,1.0,True,14.0,True,1.0,True,0.0,True,0.93,True,1.0,True,1.0,True,1.0,True,0.0,True,1.0,True,0.0,True,0.0,True,0.0,True,0.0,True,0.0,True,0.0,True,0.0,True,0.0,True,ncr_international+sixn_official,30,international,2025,4.0,Prop,True,0.0,True,0.0,True,2.0,True,,False,0.0,True,away,L,-6.0,19.0,3,2025-03-08 16:45:00+00:00,1266,Six Nations,2025,2025,4,4,Result,event_log,event_log,event_log,match_stats_key,match_stats_key,match_stats_key,match_stats_key,match_stats_key,match_stats_key,match_stats_key,match_stats_key,match_stats_key,match_stats_key,match_stats_key,match_stats_key,match_stats_key,match_stats_key,match_stats_key,match_stats_key,match_stats_key,match_stats_key,match_stats_key,match_stats_key,match_stats_key,match_stats_key,match_stats_key,match_stats_key,match_stats_key,north,official_fixture_player,official_fixture_player,official_fixture_player,unobserved,official_fixture_player,113768,prior_recorded_start,True,8476198
8476198,121974,Wales,2025-03-08,1266,Six Nations,1517,Scotland,2117,29,35,Nicky Smith,1,True,55.0,0.0,0.0,True,True,True,0.0,True,0.0,True,0.0,True,0.0,True,0.0,True,5.0,True,1.0,True,0.0,True,0.0,True,5.0,True,11.0,True,1.0,True,0.0,True,0.79,True,0.0,True,0.0,True,5.0,True,0.0,True,2.0,True,0.0,True,0.0,True,1.0,True,1.0,True,0.0,True,0.0,True,0.0,True,0.0,True,ncr_international+sixn_official,30,international,2025,4.0,Prop,True,0.0,True,0.0,True,1.0,True,,False,0.0,True,away,L,-6.0,12.0,3,2025-03-08 16:45:00+00:00,1266,Six Nations,2025,2025,4,4,Result,event_log,event_log,event_log,match_stats_key,match_stats_key,match_stats_key,match_stats_key,match_stats_key,match_stats_key,match_stats_key,match_stats_key,match_stats_key,match_stats_key,match_stats_key,match_stats_key,match_stats_key,match_stats_key,match_stats_key,match_stats_key,match_stats_key,match_stats_key,match_stats_key,match_stats_key,match_stats_key,match_stats_key,match_stats_key,match_stats_key,match_stats_key,north,official_fixture_player,official_fixture_player,official_fixture_player,unobserved,official_fixture_player,113769,starting_jersey,True,8476198
8476198,122568,Wales,2025-03-08,1266,Six Nations,1517,Scotland,2117,29,35,Will Rowlands,4,True,62.0,0.0,0.0,True,True,True,0.0,True,0.0,True,0.0,True,0.0,True,0.0,True,2.0,True,0.0,True,0.0,True,0.0,True,4.0,True,12.0,True,2.0,True,0.0,True,0.8,True,0.0,True,0.0,True,3.0,True,1.0,True,4.0,True,0.0,True,0.0,True,0.0,True,1.0,True,0.0,True,0.0,True,0.0,True,0.0,True,ncr_international+sixn_official,30,international,2025,4.0,Second-row,True,0.0,True,0.0,True,2.0,True,,False,0.0,True,away,L,-6.0,11.0,3,2025-03-08 16:45:00+00:00,1266,Six Nations,2025,2025,4,4,Result,event_log,event_log,event_log,match_stats_key,match_stats_key,match_stats_key,match_stats_key,match_stats_key,match_stats_key,match_stats_key,match_stats_key,match_stats_key,match_stats_key,match_stats_key,match_stats_key,match_stats_key,match_stats_key,match_stats_key,match_stats_key,match_stats_key,match_stats_key,match_stats_key,match_stats_key,match_stats_key,match_stats_key,match_stats_key,match_stats_key,match_stats_key,north,official_fixture_player,official_fixture_player,official_fixture_player,unobserved,official_fixture_player,113770,starting_jersey,True,8476198
8476198,122628,Wales,2025-03-08,1266,Six Nations,1517,Scotland,2117,29,35,Elliot Dee,2,True,45.0,0.0,0.0,True,True,True,0.0,True,0.0,True,0.0,True,0.0,True,0.0,True,8.0,True,0.0,True,0.0,True,0.0,True,6.0,True,14.0,True,0.0,True,1.0,True,1.0,True,0.0,True,0.0,True,6.0,True,0.0,True,4.0,True,1.0,True,9.0,True,1.0,True,1.0,True,0.0,True,0.0,True,0.0,True,0.0,True,ncr_international+sixn_official,30,international,2025,4.0,Hooker,True,0.0,True,0.0,True,1.0,True,,False,0.0,True,away,L,-6.0,13.0,3,2025-03-08 16:45:00+00:00,1266,Six Nations,2025,2025,4,4,Result,event_log,event_log,event_log,match_stats_key,match_stats_key,match_stats_key,match_stats_key,match_stats_key,match_stats_key,match_stats_key,match_stats_key,match_stats_key,match_stats_key,match_stats_key,match_stats_key,match_stats_key,match_stats_key,match_stats_key,match_stats_key,match_stats_key,match_stats_key,match_stats_key,match_stats_key,match_stats_key,match_stats_key,match_stats_key,match_stats_key,match_stats_key,north,official_fixture_player,official_fixture_player,official_fixture_player,unobserved,official_fixture_player,113771,starting_jersey,True,8476198
8476198,124308,Scotland,2025-03-08,1266,Six Nations,2117,Wales,1517,35,29,Jack Dempsey,8,True,80.0,0.0,0.0,True,True,True,0.0,True,0.0,True,0.0,True,0.0,True,0.0,True,93.0,True,3.0,True,0.0,True,1.0,True,19.0,True,13.0,True,1.0,True,1.0,True,0.93,True,0.0,True,0.0,True,18.0,True,0.0,True,8.0,True,0.0,True,0.0,True,0.0,True,0.0,True,0.0,True,0.0,True,0.0,True,0.0,True,ncr_international+sixn_official,30,international,2025,4.0,Back-row,True,0.0,True,0.0,True,1.0,True,,False,0.0,True,home,W,6.0,30.0,3,2025-03-08 16:45:00+00:00,1266,Six Nations,2025,2025,4,4,Result,event_log,event_log,event_log,match_stats_key,match_stats_key,match_stats_key,match_stats_key,match_stats_key,match_stats_key,match_stats_key,match_stats_key,match_stats_key,match_stats_key,match_stats_key,match_stats_key,match_stats_key,match_stats_key,match_stats_key,match_stats_key,match_stats_key,match_stats_key,match_stats_key,match_stats_key,match_stats_key,match_stats_key,match_stats_key,match_stats_key,match_stats_key,north,official_fixture_player,official_fixture_player,official_fixture_player,unobserved,official_fixture_player,113746,starting_jersey,True,8476198
8476198,128628,Wales,2025-03-08,1266,Six Nations,1517,Scotland,2117,29,35,Tomos Williams,9,True,69.0,0.0,0.0,True,True,True,0.0,True,1.0,True,0.0,True,0.0,True,0.0,True,7.0,True,0.0,True,0.0,True,0.0,True,1.0,True,6.0,True,1.0,True,0.0,True,0.75,True,0.0,True,0.0,True,1.0,True,0.0,True,70.0,True,2.0,True,0.0,True,0.0,True,0.0,True,0.0,True,0.0,True,0.0,True,0.0,True,ncr_international+sixn_official,30,international,2025,4.0,Scrum-half,False,0.0,True,0.0,True,0.0,True,,False,0.0,True,away,L,-6.0,10.0,3,2025-03-08 16:45:00+00:00,1266,Six Nations,2025,2025,4,4,Result,event_log,event_log,event_log,match_stats_key,match_stats_key,match_stats_key,match_stats_key,match_stats_key,match_stats_key,match_stats_key,match_stats_key,match_stats_key,match_stats_key,match_stats_key,match_stats_key,match_stats_key,match_stats_key,match_stats_key,match_stats_key,match_stats_key,match_stats_key,match_stats_key,match_stats_key,match_stats_key,match_stats_key,match_stats_key,match_stats_key,match_stats_key,north,official_fixture_player,official_fixture_player,official_fixture_player,unobserved,official_fixture_player,113772,starting_jersey,True,8476198
8476198,129792,Scotland,2025-03-08,1266,Six Nations,2117,Wales,1517,35,29,George Horne,21,False,25.0,0.0,0.0,True,True,True,0.0,True,0.0,True,0.0,True,0.0,True,0.0,True,23.0,True,2.0,True,1.0,True,1.0,True,3.0,True,6.0,True,1.0,True,0.0,True,0.86,True,0.0,True,0.0,True,2.0,True,0.0,True,29.0,True,0.0,True,0.0,True,0.0,True,0.0,True,0.0,True,0.0,True,0.0,True,0.0,True,ncr_international+sixn_official,30,international,2025,4.0,Scrum-half,False,0.0,True,0.0,True,0.0,True,,False,0.0,True,home,W,6.0,14.0,3,2025-03-08 16:45:00+00:00,1266,Six Nations,2025,2025,4,4,Result,event_log,event_log,event_log,match_stats_key,match_stats_key,match_stats_key,match_stats_key,match_stats_key,match_stats_key,match_stats_key,match_stats_key,match_stats_key,match_stats_key,match_stats_key,match_stats_key,match_stats_key,match_stats_key,match_stats_key,match_stats_key,match_stats_key,match_stats_key,match_stats_key,match_stats_key,match_stats_key,match_stats_key,match_stats_key,match_stats_key,match_stats_key,north,official_fixture_player,official_fixture_player,official_fixture_player,unobserved,official_fixture_player,113747,prior_recorded_start,True,8476198
8476198,130290,Scotland,2025-03-08,1266,Six Nations,2117,Wales,1517,35,29,Pierre Schoeman,1,True,61.0,0.0,0.0,True,True,True,0.0,True,0.0,True,0.0,True,0.0,True,0.0,True,22.0,True,0.0,True,0.0,True,0.0,True,10.0,True,6.0,True,0.0,True,0.0,True,1.0,True,0.0,True,0.0,True,8.0,True,1.0,True,0.0,True,0.0,True,0.0,True,1.0,True,0.0,True,0.0,True,0.0,True,0.0,True,0.0,True,ncr_international+sixn_official,30,international,2025,4.0,Prop,True,0.0,True,0.0,True,0.0,True,,False,0.0,True,home,W,6.0,8.0,3,2025-03-08 16:45:00+00:00,1266,Six Nations,2025,2025,4,4,Result,event_log,event_log,event_log,match_stats_key,match_stats_key,match_stats_key,match_stats_key,match_stats_key,match_stats_key,match_stats_key,match_stats_key,match_stats_key,match_stats_key,match_stats_key,match_stats_key,match_stats_key,match_stats_key,match_stats_key,match_stats_key,match_stats_key,match_stats_key,match_stats_key,match_stats_key,match_stats_key,match_stats_key,match_stats_key,match_stats_key,match_stats_key,north,official_fixture_player,official_fixture_player,official_fixture_player,unobserved,official_fixture_player,113748,starting_jersey,True,8476198
8476198,130530,Scotland,2025-03-08,1266,Six Nations,2117,Wales,1517,35,29,Zander Fagerson,3,True,61.0,0.0,0.0,True,True,True,0.0,True,0.0,True,0.0,True,0.0,True,0.0,True,15.0,True,0.0,True,0.0,True,0.0,True,7.0,True,12.0,True,1.0,True,0.0,True,0.92,True,0.0,True,0.0,True,7.0,True,0.0,True,1.0,True,0.0,True,0.0,True,0.0,True,2.0,True,0.0,True,0.0,True,0.0,True,0.0,True,ncr_international+sixn_official,30,international,2025,4.0,Prop,True,0.0,True,0.0,True,0.0,True,,False,0.0,True,home,W,6.0,11.0,3,2025-03-08 16:45:00+00:00,1266,Six Nations,2025,2025,4,4,Result,event_log,event_log,event_log,match_stats_key,match_stats_key,match_stats_key,match_stats_key,match_stats_key,match_stats_key,match_stats_key,match_stats_key,match_stats_key,match_stats_key,match_stats_key,match_stats_key,match_stats_key,match_stats_key,match_stats_key,match_stats_key,match_stats_key,match_stats_key,match_stats_key,match_stats_key,match_stats_key,match_stats_key,match_stats_key,match_stats_key,match_stats_key,north,official_fixture_player,official_fixture_player,official_fixture_player,unobserved,official_fixture_player,113749,starting_jersey,True,8476198
8476198,130536,Scotland,2025-03-08,1266,Six Nations,2117,Wales,1517,35,29,Jamie Ritchie,6,True,80.0,0.0,0.0,True,True,True,0.0,True,0.0,True,0.0,True,0.0,True,0.0,True,6.0,True,2.0,True,0.0,True,0.0,True,7.0,True,9.0,True,0.0,True,1.0,True,1.0,True,0.0,True,0.0,True,7.0,True,0.0,True,3.0,True,0.0,True,0.0,True,1.0,True,2.0,True,0.0,True,0.0,True,0.0,True,0.0,True,ncr_international+sixn_official,30,international,2025,4.0,Back-row,True,0.0,True,0.0,True,1.0,True,,False,0.0,True,home,W,6.0,11.0,3,2025-03-08 16:45:00+00:00,1266,Six Nations,2025,2025,4,4,Result,event_log,event_log,event_log,match_stats_key,match_stats_key,match_stats_key,match_stats_key,match_stats_key,match_stats_key,match_stats_key,match_stats_key,match_stats_key,match_stats_key,match_stats_key,match_stats_key,match_stats_key,match_stats_key,match_stats_key,match_stats_key,match_stats_key,match_stats_key,match_stats_key,match_stats_key,match_stats_key,match_stats_key,match_stats_key,match_stats_key,match_stats_key,north,official_fixture_player,official_fixture_player,official_fixture_player,unobserved,official_fixture_player,113750,starting_jersey,True,8476198
8476198,131400,Scotland,2025-03-08,1266,Six Nations,2117,Wales,1517,35,29,Duhan van der Merwe,11,True,80.0,0.0,0.0,True,True,True,0.0,True,0.0,True,0.0,True,0.0,True,0.0,True,50.0,True,8.0,True,0.0,True,1.0,True,11.0,True,2.0,True,2.0,True,0.0,True,0.5,True,1.0,True,0.0,True,7.0,True,1.0,True,6.0,True,0.0,True,0.0,True,2.0,True,0.0,True,0.0,True,0.0,True,0.0,True,0.0,True,ncr_international+sixn_official,30,international,2025,4.0,Back-three,False,0.0,True,0.0,True,0.0,True,,False,0.0,True,home,W,6.0,30.0,3,2025-03-08 16:45:00+00:00,1266,Six Nations,2025,2025,4,4,Result,event_log,event_log,event_log,match_stats_key,match_stats_key,match_stats_key,match_stats_key,match_stats_key,match_stats_key,match_stats_key,match_stats_key,match_stats_key,match_stats_key,match_stats_key,match_stats_key,match_stats_key,match_stats_key,match_stats_key,match_stats_key,match_stats_key,match_stats_key,match_stats_key,match_stats_key,match_stats_key,match_stats_key,match_stats_key,match_stats_key,match_stats_key,north,official_fixture_player,official_fixture_player,official_fixture_player,unobserved,official_fixture_player,113751,starting_jersey,True,8476198
8476198,134172,Scotland,2025-03-08,1266,Six Nations,2117,Wales,1517,35,29,Rory Sutherland,17,False,19.0,0.0,0.0,True,True,True,0.0,True,0.0,True,0.0,True,0.0,True,0.0,True,6.0,True,0.0,True,0.0,True,0.0,True,6.0,True,2.0,True,0.0,True,0.0,True,1.0,True,0.0,True,0.0,True,3.0,True,0.0,True,0.0,True,0.0,True,0.0,True,0.0,True,1.0,True,0.0,True,0.0,True,0.0,True,0.0,True,ncr_international+sixn_official,30,international,2025,4.0,Prop,True,0.0,True,0.0,True,1.0,True,,False,0.0,True,home,W,6.0,1.0,3,2025-03-08 16:45:00+00:00,1266,Six Nations,2025,2025,4,4,Result,event_log,event_log,event_log,match_stats_key,match_stats_key,match_stats_key,match_stats_key,match_stats_key,match_stats_key,match_stats_key,match_stats_key,match_stats_key,match_stats_key,match_stats_key,match_stats_key,match_stats_key,match_stats_key,match_stats_key,match_stats_key,match_stats_key,match_stats_key,match_stats_key,match_stats_key,match_stats_key,match_stats_key,match_stats_key,match_stats_key,match_stats_key,north,official_fixture_player,official_fixture_player,official_fixture_player,unobserved,official_fixture_player,113752,prior_recorded_start,True,8476198
8476198,136776,Scotland,2025-03-08,1266,Six Nations,2117,Wales,1517,35,29,Huw Jones,13,True,80.0,0.0,0.0,True,True,True,0.0,True,1.0,True,0.0,True,0.0,True,0.0,True,54.0,True,1.0,True,3.0,True,1.0,True,11.0,True,6.0,True,1.0,True,2.0,True,0.75,True,0.0,True,0.0,True,6.0,True,1.0,True,7.0,True,0.0,True,0.0,True,2.0,True,1.0,True,0.0,True,0.0,True,0.0,True,0.0,True,ncr_international+sixn_official,30,international,2025,4.0,Centre,False,0.0,True,0.0,True,0.0,True,,False,0.0,True,home,W,6.0,18.0,3,2025-03-08 16:45:00+00:00,1266,Six Nations,2025,2025,4,4,Result,event_log,event_log,event_log,match_stats_key,match_stats_key,match_stats_key,match_stats_key,match_stats_key,match_stats_key,match_stats_key,match_stats_key,match_stats_key,match_stats_key,match_stats_key,match_stats_key,match_stats_key,match_stats_key,match_stats_key,match_stats_key,match_stats_key,match_stats_key,match_stats_key,match_stats_key,match_stats_key,match_stats_key,match_stats_key,match_stats_key,match_stats_key,north,official_fixture_player,official_fixture_player,official_fixture_player,unobserved,official_fixture_player,113753,starting_jersey,True,8476198
8476198,139716,Wales,2025-03-08,1266,Six Nations,1517,Scotland,2117,29,35,Jarrod Evans,22,False,25.0,0.0,0.0,True,True,True,0.0,True,1.0,True,3.0,True,0.0,True,0.0,True,0.0,True,0.0,True,0.0,True,0.0,True,1.0,True,1.0,True,2.0,True,0.0,True,0.17,True,0.0,True,0.0,True,1.0,True,0.0,True,9.0,True,0.0,True,0.0,True,0.0,True,0.0,True,0.0,True,0.0,True,0.0,True,6.0,True,ncr_international+sixn_official,30,international,2025,4.0,Fly-half,False,0.0,True,0.0,True,0.0,True,,False,0.0,True,away,L,-6.0,11.0,3,2025-03-08 16:45:00+00:00,1266,Six Nations,2025,2025,4,4,Result,event_log,event_log,event_log,match_stats_key,match_stats_key,match_stats_key,match_stats_key,match_stats_key,match_stats_key,match_stats_key,match_stats_key,match_stats_key,match_stats_key,match_stats_key,match_stats_key,match_stats_key,match_stats_key,match_stats_key,match_stats_key,match_stats_key,match_stats_key,match_stats_key,match_stats_key,match_stats_key,match_stats_key,match_stats_key,match_stats_key,match_stats_key,north,official_fixture_player,official_fixture_player,official_fixture_player,unobserved,official_fixture_player,113773,prior_recorded_start,True,8476198
8476198,139902,Scotland,2025-03-08,1266,Six Nations,2117,Wales,1517,35,29,Blair Kinghorn,15,True,80.0,0.0,0.0,True,True,True,2.0,True,0.0,True,0.0,True,0.0,True,0.0,True,96.0,True,6.0,True,2.0,True,4.0,True,14.0,True,1.0,True,1.0,True,0.0,True,0.5,True,0.0,True,0.0,True,8.0,True,0.0,True,10.0,True,1.0,True,1.0,True,2.0,True,0.0,True,0.0,True,0.0,True,0.0,True,10.0,True,ncr_international+sixn_official,30,international,2025,4.0,Back-three,False,0.0,True,0.0,True,0.0,True,,False,1.0,True,home,W,6.0,50.0,3,2025-03-08 16:45:00+00:00,1266,Six Nations,2025,2025,4,4,Result,event_log,event_log,event_log,match_stats_key,match_stats_key,match_stats_key,match_stats_key,match_stats_key,match_stats_key,match_stats_key,match_stats_key,match_stats_key,match_stats_key,match_stats_key,match_stats_key,match_stats_key,match_stats_key,match_stats_key,match_stats_key,match_stats_key,match_stats_key,match_stats_key,match_stats_key,match_stats_key,match_stats_key,match_stats_key,match_stats_key,match_stats_key,north,official_fixture_player,official_fixture_player,official_fixture_player,unobserved,official_fixture_player,113754,starting_jersey,True,8476198
8476198,142476,Scotland,2025-03-08,1266,Six Nations,2117,Wales,1517,35,29,Ben White,9,True,55.0,0.0,0.0,True,True,True,0.0,True,0.0,True,0.0,True,0.0,True,0.0,True,7.0,True,1.0,True,0.0,True,1.0,True,2.0,True,2.0,True,1.0,True,0.0,True,0.67,True,0.0,True,0.0,True,1.0,True,0.0,True,71.0,True,3.0,True,0.0,True,0.0,True,0.0,True,0.0,True,0.0,True,0.0,True,0.0,True,ncr_international+sixn_official,30,international,2025,4.0,Scrum-half,False,0.0,True,0.0,True,0.0,True,,False,0.0,True,home,W,6.0,6.0,3,2025-03-08 16:45:00+00:00,1266,Six Nations,2025,2025,4,4,Result,event_log,event_log,event_log,match_stats_key,match_stats_key,match_stats_key,match_stats_key,match_stats_key,match_stats_key,match_stats_key,match_stats_key,match_stats_key,match_stats_key,match_stats_key,match_stats_key,match_stats_key,match_stats_key,match_stats_key,match_stats_key,match_stats_key,match_stats_key,match_stats_key,match_stats_key,match_stats_key,match_stats_key,match_stats_key,match_stats_key,match_stats_key,north,official_fixture_player,official_fixture_player,official_fixture_player,unobserved,official_fixture_player,113755,starting_jersey,True,8476198
8476198,144480,Wales,2025-03-08,1266,Six Nations,1517,Scotland,2117,29,35,Keiron Assiratti,18,False,5.0,0.0,0.0,True,True,True,0.0,True,0.0,True,0.0,True,0.0,True,0.0,True,0.0,True,0.0,True,0.0,True,0.0,True,1.0,True,6.0,True,2.0,True,0.0,True,0.75,True,0.0,True,0.0,True,1.0,True,0.0,True,2.0,True,0.0,True,0.0,True,0.0,True,0.0,True,0.0,True,0.0,True,0.0,True,0.0,True,ncr_international+sixn_official,30,international,2025,4.0,Prop,True,0.0,True,0.0,True,3.0,True,,False,0.0,True,away,L,-6.0,6.0,3,2025-03-08 16:45:00+00:00,1266,Six Nations,2025,2025,4,4,Result,event_log,event_log,event_log,match_stats_key,match_stats_key,match_stats_key,match_stats_key,match_stats_key,match_stats_key,match_stats_key,match_stats_key,match_stats_key,match_stats_key,match_stats_key,match_stats_key,match_stats_key,match_stats_key,match_stats_key,match_stats_key,match_stats_key,match_stats_key,match_stats_key,match_stats_key,match_stats_key,match_stats_key,match_stats_key,match_stats_key,match_stats_key,north,official_fixture_player,official_fixture_player,official_fixture_player,unobserved,official_fixture_player,113774,prior_recorded_start,True,8476198
8476198,146754,Scotland,2025-03-08,1266,Six Nations,2117,Wales,1517,35,29,Darcy Graham,14,True,66.0,0.0,0.0,True,True,True,1.0,True,1.0,True,0.0,True,0.0,True,0.0,True,51.0,True,2.0,True,1.0,True,0.0,True,11.0,True,6.0,True,1.0,True,0.0,True,0.86,True,0.0,True,0.0,True,8.0,True,0.0,True,3.0,True,0.0,True,0.0,True,0.0,True,0.0,True,0.0,True,0.0,True,0.0,True,5.0,True,ncr_international+sixn_official,30,international,2025,4.0,Back-three,False,0.0,True,0.0,True,0.0,True,,False,0.0,True,home,W,6.0,29.0,3,2025-03-08 16:45:00+00:00,1266,Six Nations,2025,2025,4,4,Result,event_log,event_log,event_log,match_stats_key,match_stats_key,match_stats_key,match_stats_key,match_stats_key,match_stats_key,match_stats_key,match_stats_key,match_stats_key,match_stats_key,match_stats_key,match_stats_key,match_stats_key,match_stats_key,match_stats_key,match_stats_key,match_stats_key,match_stats_key,match_stats_key,match_stats_key,match_stats_key,match_stats_key,match_stats_key,match_stats_key,match_stats_key,north,official_fixture_player,official_fixture_player,official_fixture_player,unobserved,official_fixture_player,113756,starting_jersey,True,8476198
8476198,154968,Wales,2025-03-08,1266,Six Nations,1517,Scotland,2117,29,35,Ben Thomas,12,True,80.0,0.0,0.0,True,True,True,1.0,True,1.0,True,0.0,True,0.0,True,0.0,True,12.0,True,2.0,True,1.0,True,0.0,True,3.0,True,17.0,True,4.0,True,0.0,True,0.81,True,1.0,True,0.0,True,2.0,True,0.0,True,16.0,True,0.0,True,0.0,True,1.0,True,1.0,True,0.0,True,0.0,True,0.0,True,5.0,True,ncr_international+sixn_official,30,international,2025,4.0,Centre,False,0.0,True,0.0,True,0.0,True,,False,0.0,True,away,L,-6.0,40.0,3,2025-03-08 16:45:00+00:00,1266,Six Nations,2025,2025,4,4,Result,event_log,event_log,event_log,match_stats_key,match_stats_key,match_stats_key,match_stats_key,match_stats_key,match_stats_key,match_stats_key,match_stats_key,match_stats_key,match_stats_key,match_stats_key,match_stats_key,match_stats_key,match_stats_key,match_stats_key,match_stats_key,match_stats_key,match_stats_key,match_stats_key,match_stats_key,match_stats_key,match_stats_key,match_stats_key,match_stats_key,match_stats_key,north,official_fixture_player,official_fixture_player,official_fixture_player,unobserved,official_fixture_player,113775,starting_jersey,True,8476198
8476198,155826,Wales,2025-03-08,1266,Six Nations,1517,Scotland,2117,29,35,Tommy Reffell,7,True,35.0,0.0,0.0,True,True,True,0.0,True,0.0,True,0.0,True,0.0,True,0.0,True,0.0,True,0.0,True,0.0,True,0.0,True,2.0,True,14.0,True,2.0,True,0.0,True,0.82,True,0.0,True,0.0,True,2.0,True,0.0,True,3.0,True,0.0,True,0.0,True,0.0,True,0.0,True,0.0,True,0.0,True,0.0,True,0.0,True,ncr_international+sixn_official,30,international,2025,4.0,Back-row,True,0.0,True,0.0,True,0.0,True,,False,0.0,True,away,L,-6.0,14.0,3,2025-03-08 16:45:00+00:00,1266,Six Nations,2025,2025,4,4,Result,event_log,event_log,event_log,match_stats_key,match_stats_key,match_stats_key,match_stats_key,match_stats_key,match_stats_key,match_stats_key,match_stats_key,match_stats_key,match_stats_key,match_stats_key,match_stats_key,match_stats_key,match_stats_key,match_stats_key,match_stats_key,match_stats_key,match_stats_key,match_stats_key,match_stats_key,match_stats_key,match_stats_key,match_stats_key,match_stats_key,match_stats_key,north,official_fixture_player,official_fixture_player,official_fixture_player,unobserved,official_fixture_player,113776,starting_jersey,True,8476198
8476198,161856,Scotland,2025-03-08,1266,Six Nations,2117,Wales,1517,35,29,Matt Fagerson,20,False,45.0,0.0,0.0,True,True,True,0.0,True,0.0,True,0.0,True,0.0,True,0.0,True,7.0,True,0.0,True,0.0,True,2.0,True,4.0,True,13.0,True,0.0,True,1.0,True,0.81,True,0.0,True,0.0,True,2.0,True,0.0,True,9.0,True,0.0,True,0.0,True,0.0,True,0.0,True,0.0,True,0.0,True,0.0,True,0.0,True,ncr_international+sixn_official,30,international,2025,4.0,Back-row,True,0.0,True,0.0,True,1.0,True,,False,0.0,True,home,W,6.0,17.0,3,2025-03-08 16:45:00+00:00,1266,Six Nations,2025,2025,4,4,Result,event_log,event_log,event_log,match_stats_key,match_stats_key,match_stats_key,match_stats_key,match_stats_key,match_stats_key,match_stats_key,match_stats_key,match_stats_key,match_stats_key,match_stats_key,match_stats_key,match_stats_key,match_stats_key,match_stats_key,match_stats_key,match_stats_key,match_stats_key,match_stats_key,match_stats_key,match_stats_key,match_stats_key,match_stats_key,match_stats_key,match_stats_key,north,official_fixture_player,official_fixture_player,official_fixture_player,unobserved,official_fixture_player,113757,prior_recorded_start,True,8476198
8476198,163866,Scotland,2025-03-08,1266,Six Nations,2117,Wales,1517,35,29,Stafford McDowall,22,False,19.0,0.0,0.0,True,True,True,0.0,True,0.0,True,0.0,True,0.0,True,0.0,True,7.0,True,1.0,True,0.0,True,0.0,True,5.0,True,1.0,True,1.0,True,0.0,True,0.33,True,0.0,True,0.0,True,5.0,True,0.0,True,1.0,True,0.0,True,0.0,True,0.0,True,0.0,True,0.0,True,0.0,True,0.0,True,0.0,True,ncr_international+sixn_official,30,international,2025,4.0,Centre,False,0.0,True,0.0,True,0.0,True,,False,0.0,True,home,W,6.0,3.0,3,2025-03-08 16:45:00+00:00,1266,Six Nations,2025,2025,4,4,Result,event_log,event_log,event_log,match_stats_key,match_stats_key,match_stats_key,match_stats_key,match_stats_key,match_stats_key,match_stats_key,match_stats_key,match_stats_key,match_stats_key,match_stats_key,match_stats_key,match_stats_key,match_stats_key,match_stats_key,match_stats_key,match_stats_key,match_stats_key,match_stats_key,match_stats_key,match_stats_key,match_stats_key,match_stats_key,match_stats_key,match_stats_key,north,official_fixture_player,official_fixture_player,official_fixture_player,unobserved,official_fixture_player,113758,prior_recorded_start,True,8476198
8476198,176652,Wales,2025-03-08,1266,Six Nations,1517,Scotland,2117,29,35,Aaron Wainwright,20,False,35.0,0.0,0.0,True,True,True,0.0,True,0.0,True,0.0,True,0.0,True,0.0,True,8.0,True,0.0,True,0.0,True,0.0,True,3.0,True,10.0,True,0.0,True,0.0,True,0.91,True,0.0,True,0.0,True,2.0,True,1.0,True,3.0,True,0.0,True,0.0,True,0.0,True,1.0,True,0.0,True,0.0,True,0.0,True,0.0,True,ncr_international+sixn_official,30,international,2025,4.0,Back-row,True,0.0,True,0.0,True,2.0,True,,False,0.0,True,away,L,-6.0,9.0,3,2025-03-08 16:45:00+00:00,1266,Six Nations,2025,2025,4,4,Result,event_log,event_log,event_log,match_stats_key,match_stats_key,match_stats_key,match_stats_key,match_stats_key,match_stats_key,match_stats_key,match_stats_key,match_stats_key,match_stats_key,match_stats_key,match_stats_key,match_stats_key,match_stats_key,match_stats_key,match_stats_key,match_stats_key,match_stats_key,match_stats_key,match_stats_key,match_stats_key,match_stats_key,match_stats_key,match_stats_key,match_stats_key,north,official_fixture_player,official_fixture_player,official_fixture_player,unobserved,official_fixture_player,113777,prior_recorded_start,True,8476198
8476198,177600,Wales,2025-03-08,1266,Six Nations,1517,Scotland,2117,29,35,Tom Rogers,14,True,9.0,0.0,0.0,True,True,True,0.0,True,0.0,True,0.0,True,0.0,True,0.0,True,0.0,True,0.0,True,0.0,True,0.0,True,0.0,True,1.0,True,1.0,True,1.0,True,0.5,True,0.0,True,0.0,True,0.0,True,0.0,True,0.0,True,0.0,True,0.0,True,0.0,True,0.0,True,0.0,True,0.0,True,0.0,True,0.0,True,ncr_international+sixn_official,30,international,2025,4.0,Back-three,False,0.0,True,0.0,True,0.0,True,,False,0.0,True,away,L,-6.0,1.0,3,2025-03-08 16:45:00+00:00,1266,Six Nations,2025,2025,4,4,Result,event_log,event_log,event_log,match_stats_key,match_stats_key,match_stats_key,match_stats_key,match_stats_key,match_stats_key,match_stats_key,match_stats_key,match_stats_key,match_stats_key,match_stats_key,match_stats_key,match_stats_key,match_stats_key,match_stats_key,match_stats_key,match_stats_key,match_stats_key,match_stats_key,match_stats_key,match_stats_key,match_stats_key,match_stats_key,match_stats_key,match_stats_key,north,official_fixture_player,official_fixture_player,official_fixture_player,unobserved,official_fixture_player,113778,starting_jersey,True,8476198
8476198,177912,Wales,2025-03-08,1266,Six Nations,1517,Scotland,2117,29,35,Max Llewellyn,13,True,80.0,0.0,0.0,True,True,True,1.0,True,0.0,True,0.0,True,0.0,True,0.0,True,37.0,True,3.0,True,0.0,True,0.0,True,10.0,True,3.0,True,4.0,True,0.0,True,0.38,True,1.0,True,0.0,True,6.0,True,2.0,True,4.0,True,1.0,True,0.0,True,0.0,True,1.0,True,0.0,True,0.0,True,0.0,True,5.0,True,ncr_international+sixn_official,30,international,2025,4.0,Centre,False,0.0,True,0.0,True,0.0,True,,False,0.0,True,away,L,-6.0,26.0,3,2025-03-08 16:45:00+00:00,1266,Six Nations,2025,2025,4,4,Result,event_log,event_log,event_log,match_stats_key,match_stats_key,match_stats_key,match_stats_key,match_stats_key,match_stats_key,match_stats_key,match_stats_key,match_stats_key,match_stats_key,match_stats_key,match_stats_key,match_stats_key,match_stats_key,match_stats_key,match_stats_key,match_stats_key,match_stats_key,match_stats_key,match_stats_key,match_stats_key,match_stats_key,match_stats_key,match_stats_key,match_stats_key,north,official_fixture_player,official_fixture_player,official_fixture_player,unobserved,official_fixture_player,113779,starting_jersey,True,8476198
8476198,178848,Wales,2025-03-08,1266,Six Nations,1517,Scotland,2117,29,35,Dewi Lake,16,False,35.0,0.0,0.0,True,True,True,0.0,True,0.0,True,0.0,True,0.0,True,0.0,True,8.0,True,0.0,True,0.0,True,0.0,True,6.0,True,11.0,True,0.0,True,0.0,True,0.92,True,0.0,True,0.0,True,7.0,True,0.0,True,2.0,True,0.0,True,6.0,True,0.0,True,0.0,True,0.0,True,0.0,True,0.0,True,0.0,True,ncr_international+sixn_official,30,international,2025,4.0,Hooker,True,0.0,True,0.0,True,2.0,True,,False,0.0,True,away,L,-6.0,11.0,3,2025-03-08 16:45:00+00:00,1266,Six Nations,2025,2025,4,4,Result,event_log,event_log,event_log,match_stats_key,match_stats_key,match_stats_key,match_stats_key,match_stats_key,match_stats_key,match_stats_key,match_stats_key,match_stats_key,match_stats_key,match_stats_key,match_stats_key,match_stats_key,match_stats_key,match_stats_key,match_stats_key,match_stats_key,match_stats_key,match_stats_key,match_stats_key,match_stats_key,match_stats_key,match_stats_key,match_stats_key,match_stats_key,north,official_fixture_player,official_fixture_player,official_fixture_player,unobserved,official_fixture_player,113780,prior_recorded_start,True,8476198
8476198,179370,Scotland,2025-03-08,1266,Six Nations,2117,Wales,1517,35,29,Kyle Rowe,23,False,14.0,0.0,0.0,True,True,True,0.0,True,0.0,True,0.0,True,0.0,True,0.0,True,4.0,True,0.0,True,0.0,True,0.0,True,3.0,True,1.0,True,2.0,True,0.0,True,0.2,True,0.0,True,0.0,True,2.0,True,0.0,True,2.0,True,1.0,True,0.0,True,1.0,True,0.0,True,0.0,True,0.0,True,0.0,True,0.0,True,ncr_international+sixn_official,30,international,2025,4.0,Back-three,False,0.0,True,0.0,True,0.0,True,,False,0.0,True,home,W,6.0,1.0,3,2025-03-08 16:45:00+00:00,1266,Six Nations,2025,2025,4,4,Result,event_log,event_log,event_log,match_stats_key,match_stats_key,match_stats_key,match_stats_key,match_stats_key,match_stats_key,match_stats_key,match_stats_key,match_stats_key,match_stats_key,match_stats_key,match_stats_key,match_stats_key,match_stats_key,match_stats_key,match_stats_key,match_stats_key,match_stats_key,match_stats_key,match_stats_key,match_stats_key,match_stats_key,match_stats_key,match_stats_key,match_stats_key,north,official_fixture_player,official_fixture_player,official_fixture_player,unobserved,official_fixture_player,113759,prior_recorded_start,True,8476198
8476198,180222,Scotland,2025-03-08,1266,Six Nations,2117,Wales,1517,35,29,Rory Darge,7,True,35.0,0.0,0.0,True,True,True,0.0,True,0.0,True,0.0,True,0.0,True,0.0,True,4.0,True,0.0,True,0.0,True,0.0,True,1.0,True,6.0,True,0.0,True,1.0,True,1.0,True,0.0,True,0.0,True,1.0,True,0.0,True,2.0,True,0.0,True,0.0,True,0.0,True,1.0,True,0.0,True,0.0,True,0.0,True,0.0,True,ncr_international+sixn_official,30,international,2025,4.0,Back-row,True,0.0,True,0.0,True,0.0,True,,False,0.0,True,home,W,6.0,5.0,3,2025-03-08 16:45:00+00:00,1266,Six Nations,2025,2025,4,4,Result,event_log,event_log,event_log,match_stats_key,match_stats_key,match_stats_key,match_stats_key,match_stats_key,match_stats_key,match_stats_key,match_stats_key,match_stats_key,match_stats_key,match_stats_key,match_stats_key,match_stats_key,match_stats_key,match_stats_key,match_stats_key,match_stats_key,match_stats_key,match_stats_key,match_stats_key,match_stats_key,match_stats_key,match_stats_key,match_stats_key,match_stats_key,north,official_fixture_player,official_fixture_player,official_fixture_player,unobserved,official_fixture_player,113760,starting_jersey,True,8476198
8476198,187422,Scotland,2025-03-08,1266,Six Nations,2117,Wales,1517,35,29,Ewan Ashman,16,False,25.0,0.0,0.0,True,True,True,0.0,True,0.0,True,0.0,True,0.0,True,0.0,True,6.0,True,0.0,True,0.0,True,2.0,True,3.0,True,6.0,True,0.0,True,1.0,True,1.0,True,0.0,True,0.0,True,1.0,True,0.0,True,3.0,True,0.0,True,1.0,True,0.0,True,0.0,True,0.0,True,0.0,True,0.0,True,0.0,True,ncr_international+sixn_official,30,international,2025,4.0,Hooker,True,0.0,True,0.0,True,1.0,True,,False,0.0,True,home,W,6.0,10.0,3,2025-03-08 16:45:00+00:00,1266,Six Nations,2025,2025,4,4,Result,event_log,event_log,event_log,match_stats_key,match_stats_key,match_stats_key,match_stats_key,match_stats_key,match_stats_key,match_stats_key,match_stats_key,match_stats_key,match_stats_key,match_stats_key,match_stats_key,match_stats_key,match_stats_key,match_stats_key,match_stats_key,match_stats_key,match_stats_key,match_stats_key,match_stats_key,match_stats_key,match_stats_key,match_stats_key,match_stats_key,match_stats_key,north,official_fixture_player,official_fixture_player,official_fixture_player,unobserved,official_fixture_player,113761,prior_recorded_start,True,8476198
8476198,197892,Wales,2025-03-08,1266,Six Nations,1517,Scotland,2117,29,35,Blair Murray,15,True,80.0,0.0,0.0,True,True,True,1.0,True,0.0,True,0.0,True,0.0,True,0.0,True,65.0,True,4.0,True,0.0,True,1.0,True,8.0,True,5.0,True,1.0,True,0.0,True,0.56,True,0.0,True,0.0,True,6.0,True,0.0,True,9.0,True,1.0,True,0.0,True,0.0,True,2.0,True,0.0,True,0.0,True,0.0,True,5.0,True,ncr_international+sixn_official,30,international,2025,4.0,Back-three,False,0.0,True,0.0,True,0.0,True,,False,0.0,True,away,L,-6.0,29.0,3,2025-03-08 16:45:00+00:00,1266,Six Nations,2025,2025,4,4,Result,event_log,event_log,event_log,match_stats_key,match_stats_key,match_stats_key,match_stats_key,match_stats_key,match_stats_key,match_stats_key,match_stats_key,match_stats_key,match_stats_key,match_stats_key,match_stats_key,match_stats_key,match_stats_key,match_stats_key,match_stats_key,match_stats_key,match_stats_key,match_stats_key,match_stats_key,match_stats_key,match_stats_key,match_stats_key,match_stats_key,match_stats_key,north,official_fixture_player,official_fixture_player,official_fixture_player,unobserved,official_fixture_player,113781,starting_jersey,True,8476198
8476198,203070,Wales,2025-03-08,1266,Six Nations,1517,Scotland,2117,29,35,Jac Morgan,6,True,80.0,0.0,0.0,True,True,True,0.0,True,0.0,True,0.0,True,0.0,True,0.0,True,23.0,True,0.0,True,0.0,True,0.0,True,9.0,True,25.0,True,0.0,True,0.0,True,0.93,True,1.0,True,0.0,True,9.0,True,0.0,True,6.0,True,0.0,True,0.0,True,0.0,True,1.0,True,0.0,True,0.0,True,0.0,True,0.0,True,ncr_international+sixn_official,30,international,2025,4.0,Back-row,True,0.0,True,0.0,True,3.0,True,,False,0.0,True,away,L,-6.0,31.0,3,2025-03-08 16:45:00+00:00,1266,Six Nations,2025,2025,4,4,Result,event_log,event_log,event_log,match_stats_key,match_stats_key,match_stats_key,match_stats_key,match_stats_key,match_stats_key,match_stats_key,match_stats_key,match_stats_key,match_stats_key,match_stats_key,match_stats_key,match_stats_key,match_stats_key,match_stats_key,match_stats_key,match_stats_key,match_stats_key,match_stats_key,match_stats_key,match_stats_key,match_stats_key,match_stats_key,match_stats_key,match_stats_key,north,official_fixture_player,official_fixture_player,official_fixture_player,unobserved,official_fixture_player,113782,starting_jersey,True,8476198
8476198,203082,Wales,2025-03-08,1266,Six Nations,1517,Scotland,2117,29,35,Teddy Williams,19,False,18.0,0.0,0.0,True,True,True,1.0,True,0.0,True,0.0,True,0.0,True,0.0,True,5.0,True,1.0,True,0.0,True,0.0,True,2.0,True,11.0,True,0.0,True,0.0,True,1.0,True,0.0,True,1.0,True,1.0,True,0.0,True,1.0,True,0.0,True,0.0,True,0.0,True,0.0,True,0.0,True,0.0,True,0.0,True,5.0,True,ncr_international+sixn_official,30,international,2025,4.0,Second-row,True,0.0,True,1.0,True,1.0,True,,False,0.0,True,away,L,-6.0,28.0,3,2025-03-08 16:45:00+00:00,1266,Six Nations,2025,2025,4,4,Result,event_log,event_log,event_log,match_stats_key,match_stats_key,match_stats_key,match_stats_key,match_stats_key,match_stats_key,match_stats_key,match_stats_key,match_stats_key,match_stats_key,match_stats_key,match_stats_key,match_stats_key,match_stats_key,match_stats_key,match_stats_key,match_stats_key,match_stats_key,match_stats_key,match_stats_key,match_stats_key,match_stats_key,match_stats_key,match_stats_key,match_stats_key,north,official_fixture_player,official_fixture_player,official_fixture_player,unobserved,official_fixture_player,113783,prior_recorded_start,True,8476198
8476198,203400,Scotland,2025-03-08,1266,Six Nations,2117,Wales,1517,35,29,Will Hurd,18,False,19.0,0.0,0.0,True,True,True,0.0,True,0.0,True,0.0,True,0.0,True,0.0,True,10.0,True,0.0,True,0.0,True,0.0,True,5.0,True,1.0,True,0.0,True,0.0,True,1.0,True,0.0,True,0.0,True,5.0,True,0.0,True,0.0,True,0.0,True,0.0,True,0.0,True,1.0,True,0.0,True,0.0,True,0.0,True,0.0,True,ncr_international+sixn_official,30,international,2025,4.0,Prop,True,0.0,True,0.0,True,1.0,True,,False,0.0,True,home,W,6.0,1.0,3,2025-03-08 16:45:00+00:00,1266,Six Nations,2025,2025,4,4,Result,event_log,event_log,event_log,match_stats_key,match_stats_key,match_stats_key,match_stats_key,match_stats_key,match_stats_key,match_stats_key,match_stats_key,match_stats_key,match_stats_key,match_stats_key,match_stats_key,match_stats_key,match_stats_key,match_stats_key,match_stats_key,match_stats_key,match_stats_key,match_stats_key,match_stats_key,match_stats_key,match_stats_key,match_stats_key,match_stats_key,match_stats_key,north,official_fixture_player,official_fixture_player,official_fixture_player,unobserved,official_fixture_player,113762,prior_recorded_start,True,8476198
8476198,203736,Wales,2025-03-08,1266,Six Nations,1517,Scotland,2117,29,35,Joe Roberts,23,False,71.0,0.0,0.0,True,True,True,0.0,True,0.0,True,0.0,True,0.0,True,0.0,True,116.0,True,4.0,True,2.0,True,0.0,True,7.0,True,6.0,True,4.0,True,0.0,True,0.55,True,0.0,True,0.0,True,6.0,True,1.0,True,2.0,True,0.0,True,0.0,True,0.0,True,0.0,True,0.0,True,0.0,True,0.0,True,0.0,True,ncr_international+sixn_official,30,international,2025,4.0,Centre,False,0.0,True,0.0,True,0.0,True,,False,0.0,True,away,L,-6.0,25.0,3,2025-03-08 16:45:00+00:00,1266,Six Nations,2025,2025,4,4,Result,event_log,event_log,event_log,match_stats_key,match_stats_key,match_stats_key,match_stats_key,match_stats_key,match_stats_key,match_stats_key,match_stats_key,match_stats_key,match_stats_key,match_stats_key,match_stats_key,match_stats_key,match_stats_key,match_stats_key,match_stats_key,match_stats_key,match_stats_key,match_stats_key,match_stats_key,match_stats_key,match_stats_key,match_stats_key,match_stats_key,match_stats_key,north,official_fixture_player,official_fixture_player,official_fixture_player,unobserved,official_fixture_player,113784,prior_recorded_start,True,8476198
8476198,220296,Scotland,2025-03-08,1266,Six Nations,2117,Wales,1517,35,29,Gregor Brown,19,False,14.0,0.0,0.0,True,True,True,0.0,True,0.0,True,0.0,True,0.0,True,0.0,True,8.0,True,0.0,True,0.0,True,0.0,True,5.0,True,1.0,True,0.0,True,0.0,True,0.5,True,0.0,True,0.0,True,5.0,True,0.0,True,2.0,True,0.0,True,0.0,True,0.0,True,0.0,True,0.0,True,0.0,True,0.0,True,0.0,True,ncr_international+sixn_official,30,international,2025,4.0,Second-row,True,0.0,True,0.0,True,1.0,True,,False,0.0,True,home,W,6.0,1.0,3,2025-03-08 16:45:00+00:00,1266,Six Nations,2025,2025,4,4,Result,event_log,event_log,event_log,match_stats_key,match_stats_key,match_stats_key,match_stats_key,match_stats_key,match_stats_key,match_stats_key,match_stats_key,match_stats_key,match_stats_key,match_stats_key,match_stats_key,match_stats_key,match_stats_key,match_stats_key,match_stats_key,match_stats_key,match_stats_key,match_stats_key,match_stats_key,match_stats_key,match_stats_key,match_stats_key,match_stats_key,match_stats_key,north,official_fixture_player,official_fixture_player,official_fixture_player,unobserved,official_fixture_player,113763,prior_recorded_start,True,8476198
8476198,232104,Wales,2025-03-08,1266,Six Nations,1517,Scotland,2117,29,35,Dafydd Jenkins,5,True,80.0,0.0,0.0,True,True,True,0.0,True,0.0,True,0.0,True,0.0,True,0.0,True,12.0,True,0.0,True,0.0,True,0.0,True,8.0,True,28.0,True,2.0,True,0.0,True,0.88,True,2.0,True,1.0,True,8.0,True,0.0,True,7.0,True,0.0,True,0.0,True,0.0,True,0.0,True,0.0,True,0.0,True,0.0,True,0.0,True,ncr_international+sixn_official,30,international,2025,4.0,Second-row,True,0.0,True,1.0,True,3.0,True,,False,0.0,True,away,L,-6.0,39.0,3,2025-03-08 16:45:00+00:00,1266,Six Nations,2025,2025,4,4,Result,event_log,event_log,event_log,match_stats_key,match_stats_key,match_stats_key,match_stats_key,match_stats_key,match_stats_key,match_stats_key,match_stats_key,match_stats_key,match_stats_key,match_stats_key,match_stats_key,match_stats_key,match_stats_key,match_stats_key,match_stats_key,match_stats_key,match_stats_key,match_stats_key,match_stats_key,match_stats_key,match_stats_key,match_stats_key,match_stats_key,match_stats_key,north,official_fixture_player,official_fixture_player,official_fixture_player,unobserved,official_fixture_player,113785,starting_jersey,True,8476198
8476198,242766,Scotland,2025-03-08,1266,Six Nations,2117,Wales,1517,35,29,Tom Jordan,12,True,80.0,0.0,0.0,True,True,True,2.0,True,0.0,True,0.0,True,0.0,True,0.0,True,65.0,True,5.0,True,2.0,True,1.0,True,15.0,True,8.0,True,3.0,True,0.0,True,0.67,True,0.0,True,0.0,True,12.0,True,0.0,True,14.0,True,1.0,True,0.0,True,0.0,True,1.0,True,0.0,True,0.0,True,0.0,True,10.0,True,ncr_international+sixn_official,30,international,2025,4.0,Centre,False,0.0,True,0.0,True,0.0,True,,False,0.0,True,home,W,6.0,45.0,3,2025-03-08 16:45:00+00:00,1266,Six Nations,2025,2025,4,4,Result,event_log,event_log,event_log,match_stats_key,match_stats_key,match_stats_key,match_stats_key,match_stats_key,match_stats_key,match_stats_key,match_stats_key,match_stats_key,match_stats_key,match_stats_key,match_stats_key,match_stats_key,match_stats_key,match_stats_key,match_stats_key,match_stats_key,match_stats_key,match_stats_key,match_stats_key,match_stats_key,match_stats_key,match_stats_key,match_stats_key,match_stats_key,north,official_fixture_player,official_fixture_player,official_fixture_player,unobserved,official_fixture_player,113764,starting_jersey,True,8476198
8476198,363636,Wales,2025-03-08,1266,Six Nations,1517,Scotland,2117,29,35,Ellis Mee,11,True,80.0,0.0,0.0,True,True,True,0.0,True,0.0,True,0.0,True,0.0,True,0.0,True,47.0,True,0.0,True,0.0,True,0.0,True,5.0,True,7.0,True,2.0,True,0.0,True,0.64,True,0.0,True,0.0,True,4.0,True,0.0,True,1.0,True,0.0,True,0.0,True,1.0,True,0.0,True,0.0,True,0.0,True,0.0,True,0.0,True,ncr_international+sixn_official,30,international,2025,4.0,Back-three,False,0.0,True,0.0,True,0.0,True,,False,0.0,True,away,L,-6.0,11.0,3,2025-03-08 16:45:00+00:00,1266,Six Nations,2025,2025,4,4,Result,event_log,event_log,event_log,match_stats_key,match_stats_key,match_stats_key,match_stats_key,match_stats_key,match_stats_key,match_stats_key,match_stats_key,match_stats_key,match_stats_key,match_stats_key,match_stats_key,match_stats_key,match_stats_key,match_stats_key,match_stats_key,match_stats_key,match_stats_key,match_stats_key,match_stats_key,match_stats_key,match_stats_key,match_stats_key,match_stats_key,match_stats_key,north,official_fixture_player,official_fixture_player,official_fixture_player,unobserved,official_fixture_player,113786,starting_jersey,True,8476198
8476198,66186,Wales,2025-03-08,1266,Six Nations,1517,Scotland,2117,29,35,Taulupe Faletau,8,True,80.0,0.0,0.0,True,True,True,0.0,True,0.0,True,0.0,True,0.0,True,0.0,True,111.0,True,2.0,True,0.0,True,0.0,True,15.0,True,19.0,True,0.0,True,0.0,True,0.9,True,0.0,True,1.0,True,10.0,True,1.0,True,9.0,True,4.0,True,0.0,True,0.0,True,1.0,True,0.0,True,0.0,True,0.0,True,0.0,True,ncr_international+sixn_official,30,international,2025,4.0,Back-row,True,0.0,True,0.0,True,3.0,True,,False,0.0,True,away,L,-6.0,33.0,3,2025-03-08 16:45:00+00:00,1266,Six Nations,2025,2025,4,4,Result,event_log,event_log,event_log,match_stats_key,match_stats_key,match_stats_key,match_stats_key,match_stats_key,match_stats_key,match_stats_key,match_stats_key,match_stats_key,match_stats_key,match_stats_key,match_stats_key,match_stats_key,match_stats_key,match_stats_key,match_stats_key,match_stats_key,match_stats_key,match_stats_key,match_stats_key,match_stats_key,match_stats_key,match_stats_key,match_stats_key,match_stats_key,north,official_fixture_player,official_fixture_player,official_fixture_player,unobserved,official_fixture_player,113787,starting_jersey,True,8476198
8476207,111072,England,2025-03-09,1266,Six Nations,1667,Italy,2873,47,24,Elliot Daly,15,True,80.0,0.0,0.0,True,True,True,0.0,True,1.0,True,0.0,True,0.0,True,0.0,True,41.0,True,2.0,True,0.0,True,0.0,True,8.0,True,5.0,True,0.0,True,0.0,True,1.0,True,0.0,True,0.0,True,6.0,True,0.0,True,7.0,True,0.0,True,0.0,True,0.0,True,2.0,True,0.0,True,0.0,True,0.0,True,0.0,True,ncr_international+sixn_official,30,international,2025,4.0,Back-three,False,0.0,True,0.0,True,0.0,True,,False,0.0,True,home,W,23.0,15.0,3,2025-03-09 15:00:00+00:00,1266,Six Nations,2025,2025,4,4,Result,event_log,event_log,event_log,match_stats_key,match_stats_key,match_stats_key,match_stats_key,match_stats_key,match_stats_key,match_stats_key,match_stats_key,match_stats_key,match_stats_key,match_stats_key,match_stats_key,match_stats_key,match_stats_key,match_stats_key,match_stats_key,match_stats_key,match_stats_key,match_stats_key,match_stats_key,match_stats_key,match_stats_key,match_stats_key,match_stats_key,match_stats_key,north,official_fixture_player,official_fixture_player,official_fixture_player,unobserved,official_fixture_player,113972,starting_jersey,True,8476207
8476207,115452,England,2025-03-09,1266,Six Nations,1667,Italy,2873,47,24,Luke Cowan-Dickie,16,False,27.0,0.0,0.0,True,True,True,0.0,True,0.0,True,0.0,True,0.0,True,0.0,True,5.0,True,0.0,True,0.0,True,0.0,True,2.0,True,2.0,True,1.0,True,0.0,True,0.5,True,0.0,True,0.0,True,2.0,True,0.0,True,1.0,True,0.0,True,6.0,True,0.0,True,1.0,True,0.0,True,0.0,True,0.0,True,0.0,True,ncr_international+sixn_official,30,international,2025,4.0,Hooker,True,0.0,True,0.0,True,1.0,True,,False,0.0,True,home,W,23.0,1.0,3,2025-03-09 15:00:00+00:00,1266,Six Nations,2025,2025,4,4,Result,event_log,event_log,event_log,match_stats_key,match_stats_key,match_stats_key,match_stats_key,match_stats_key,match_stats_key,match_stats_key,match_stats_key,match_stats_key,match_stats_key,match_stats_key,match_stats_key,match_stats_key,match_stats_key,match_stats_key,match_stats_key,match_stats_key,match_stats_key,match_stats_key,match_stats_key,match_stats_key,match_stats_key,match_stats_key,match_stats_key,match_stats_key,north,official_fixture_player,official_fixture_player,official_fixture_player,unobserved,official_fixture_player,113973,prior_recorded_start,True,8476207
8476207,117834,Italy,2025-03-09,1266,Six Nations,2873,England,1667,24,47,Tommaso Allan,23,False,11.0,0.0,0.0,True,True,True,0.0,True,0.0,True,0.0,True,0.0,True,0.0,True,6.0,True,0.0,True,0.0,True,1.0,True,1.0,True,1.0,True,0.0,True,0.0,True,1.0,True,0.0,True,0.0,True,0.0,True,0.0,True,2.0,True,0.0,True,0.0,True,0.0,True,0.0,True,0.0,True,0.0,True,0.0,True,0.0,True,ncr_international+sixn_official,30,international,2025,4.0,Back-three,False,0.0,True,0.0,True,0.0,True,,False,0.0,True,away,L,-23.0,3.0,3,2025-03-09 15:00:00+00:00,1266,Six Nations,2025,2025,4,4,Result,event_log,event_log,event_log,match_stats_key,match_stats_key,match_stats_key,match_stats_key,match_stats_key,match_stats_key,match_stats_key,match_stats_key,match_stats_key,match_stats_key,match_stats_key,match_stats_key,match_stats_key,match_stats_key,match_stats_key,match_stats_key,match_stats_key,match_stats_key,match_stats_key,match_stats_key,match_stats_key,match_stats_key,match_stats_key,match_stats_key,match_stats_key,north,official_fixture_player,official_fixture_player,official_fixture_player,unobserved,official_fixture_player,113995,prior_recorded_start,True,8476207
8476207,118614,Italy,2025-03-09,1266,Six Nations,2873,England,1667,24,47,Juan Ignacio Brex,13,True,80.0,0.0,0.0,True,True,True,0.0,True,0.0,True,0.0,True,0.0,True,0.0,True,12.0,True,0.0,True,1.0,True,0.0,True,4.0,True,9.0,True,4.0,True,0.0,True,0.6,True,0.0,True,0.0,True,5.0,True,0.0,True,5.0,True,1.0,True,0.0,True,0.0,True,0.0,True,0.0,True,0.0,True,0.0,True,0.0,True,ncr_international+sixn_official,30,international,2025,4.0,Centre,False,0.0,True,0.0,True,0.0,True,,False,0.0,True,away,L,-23.0,10.0,3,2025-03-09 15:00:00+00:00,1266,Six Nations,2025,2025,4,4,Result,event_log,event_log,event_log,match_stats_key,match_stats_key,match_stats_key,match_stats_key,match_stats_key,match_stats_key,match_stats_key,match_stats_key,match_stats_key,match_stats_key,match_stats_key,match_stats_key,match_stats_key,match_stats_key,match_stats_key,match_stats_key,match_stats_key,match_stats_key,match_stats_key,match_stats_key,match_stats_key,match_stats_key,match_stats_key,match_stats_key,match_stats_key,north,official_fixture_player,official_fixture_player,official_fixture_player,unobserved,official_fixture_player,113996,starting_jersey,True,8476207
8476207,122652,England,2025-03-09,1266,Six Nations,1667,Italy,2873,47,24,Maro Itoje,4,True,80.0,0.0,0.0,True,True,True,0.0,True,0.0,True,0.0,True,0.0,True,0.0,True,24.0,True,1.0,True,0.0,True,0.0,True,11.0,True,9.0,True,0.0,True,0.0,True,0.82,True,0.0,True,0.0,True,9.0,True,0.0,True,5.0,True,0.0,True,0.0,True,0.0,True,2.0,True,0.0,True,0.0,True,0.0,True,0.0,True,ncr_international+sixn_official,30,international,2025,4.0,Second-row,True,0.0,True,0.0,True,3.0,True,,False,0.0,True,home,W,23.0,11.0,3,2025-03-09 15:00:00+00:00,1266,Six Nations,2025,2025,4,4,Result,event_log,event_log,event_log,match_stats_key,match_stats_key,match_stats_key,match_stats_key,match_stats_key,match_stats_key,match_stats_key,match_stats_key,match_stats_key,match_stats_key,match_stats_key,match_stats_key,match_stats_key,match_stats_key,match_stats_key,match_stats_key,match_stats_key,match_stats_key,match_stats_key,match_stats_key,match_stats_key,match_stats_key,match_stats_key,match_stats_key,match_stats_key,north,official_fixture_player,official_fixture_player,official_fixture_player,unobserved,official_fixture_player,113974,starting_jersey,True,8476207
8476207,123210,Italy,2025-03-09,1266,Six Nations,2873,England,1667,24,47,Simone Ferrari,18,False,33.0,0.0,0.0,True,True,True,0.0,True,0.0,True,0.0,True,0.0,True,0.0,True,0.0,True,0.0,True,0.0,True,0.0,True,0.0,True,3.0,True,3.0,True,0.0,True,0.5,True,0.0,True,0.0,True,0.0,True,0.0,True,0.0,True,0.0,True,0.0,True,0.0,True,1.0,True,0.0,True,0.0,True,0.0,True,0.0,True,ncr_international+sixn_official,30,international,2025,4.0,Prop,True,0.0,True,0.0,True,2.0,True,,False,0.0,True,away,L,-23.0,2.0,3,2025-03-09 15:00:00+00:00,1266,Six Nations,2025,2025,4,4,Result,event_log,event_log,event_log,match_stats_key,match_stats_key,match_stats_key,match_stats_key,match_stats_key,match_stats_key,match_stats_key,match_stats_key,match_stats_key,match_stats_key,match_stats_key,match_stats_key,match_stats_key,match_stats_key,match_stats_key,match_stats_key,match_stats_key,match_stats_key,match_stats_key,match_stats_key,match_stats_key,match_stats_key,match_stats_key,match_stats_key,match_stats_key,north,official_fixture_player,official_fixture_player,official_fixture_player,unobserved,official_fixture_player,113997,prior_recorded_start,True,8476207
8476207,129216,Italy,2025-03-09,1266,Six Nations,2873,England,1667,24,47,Sebastian Negri,6,True,80.0,0.0,0.0,True,True,True,0.0,True,0.0,True,0.0,True,0.0,True,0.0,True,9.0,True,0.0,True,0.0,True,0.0,True,10.0,True,16.0,True,1.0,True,0.0,True,0.8,True,0.0,True,0.0,True,10.0,True,0.0,True,6.0,True,0.0,True,0.0,True,0.0,True,0.0,True,0.0,True,0.0,True,0.0,True,0.0,True,ncr_international+sixn_official,30,international,2025,4.0,Back-row,True,0.0,True,0.0,True,2.0,True,,False,0.0,True,away,L,-23.0,16.0,3,2025-03-09 15:00:00+00:00,1266,Six Nations,2025,2025,4,4,Result,event_log,event_log,event_log,match_stats_key,match_stats_key,match_stats_key,match_stats_key,match_stats_key,match_stats_key,match_stats_key,match_stats_key,match_stats_key,match_stats_key,match_stats_key,match_stats_key,match_stats_key,match_stats_key,match_stats_key,match_stats_key,match_stats_key,match_stats_key,match_stats_key,match_stats_key,match_stats_key,match_stats_key,match_stats_key,match_stats_key,match_stats_key,north,official_fixture_player,official_fixture_player,official_fixture_player,unobserved,official_fixture_player,113998,starting_jersey,True,8476207
8476207,129234,Italy,2025-03-09,1266,Six Nations,2873,England,1667,24,47,Federico Ruzza,5,True,80.0,0.0,0.0,True,True,True,0.0,True,0.0,True,0.0,True,0.0,True,0.0,True,8.0,True,0.0,True,0.0,True,0.0,True,3.0,True,12.0,True,2.0,True,0.0,True,0.8,True,1.0,True,0.0,True,3.0,True,0.0,True,3.0,True,0.0,True,0.0,True,1.0,True,2.0,True,0.0,True,0.0,True,0.0,True,0.0,True,ncr_international+sixn_official,30,international,2025,4.0,Second-row,True,0.0,True,0.0,True,2.0,True,,False,0.0,True,away,L,-23.0,15.0,3,2025-03-09 15:00:00+00:00,1266,Six Nations,2025,2025,4,4,Result,event_log,event_log,event_log,match_stats_key,match_stats_key,match_stats_key,match_stats_key,match_stats_key,match_stats_key,match_stats_key,match_stats_key,match_stats_key,match_stats_key,match_stats_key,match_stats_key,match_stats_key,match_stats_key,match_stats_key,match_stats_key,match_stats_key,match_stats_key,match_stats_key,match_stats_key,match_stats_key,match_stats_key,match_stats_key,match_stats_key,match_stats_key,north,official_fixture_player,official_fixture_player,official_fixture_player,unobserved,official_fixture_player,113999,starting_jersey,True,8476207
8476207,134016,Italy,2025-03-09,1266,Six Nations,2873,England,1667,24,47,Monty Ioane,14,True,80.0,0.0,0.0,True,True,True,0.0,True,1.0,True,0.0,True,0.0,True,0.0,True,20.0,True,2.0,True,0.0,True,0.0,True,7.0,True,2.0,True,3.0,True,0.0,True,0.33,True,0.0,True,0.0,True,3.0,True,2.0,True,2.0,True,1.0,True,1.0,True,4.0,True,0.0,True,0.0,True,0.0,True,0.0,True,0.0,True,ncr_international+sixn_official,30,international,2025,4.0,Back-three,False,0.0,True,0.0,True,0.0,True,,False,0.0,True,away,L,-23.0,12.0,3,2025-03-09 15:00:00+00:00,1266,Six Nations,2025,2025,4,4,Result,event_log,event_log,event_log,match_stats_key,match_stats_key,match_stats_key,match_stats_key,match_stats_key,match_stats_key,match_stats_key,match_stats_key,match_stats_key,match_stats_key,match_stats_key,match_stats_key,match_stats_key,match_stats_key,match_stats_key,match_stats_key,match_stats_key,match_stats_key,match_stats_key,match_stats_key,match_stats_key,match_stats_key,match_stats_key,match_stats_key,match_stats_key,north,official_fixture_player,official_fixture_player,official_fixture_player,unobserved,official_fixture_player,114000,starting_jersey,True,8476207
8476207,135870,Italy,2025-03-09,1266,Six Nations,2873,England,1667,24,47,Matt Gallagher,11,True,76.0,0.0,0.0,True,True,True,0.0,True,0.0,True,0.0,True,0.0,True,0.0,True,20.0,True,0.0,True,0.0,True,0.0,True,3.0,True,2.0,True,1.0,True,0.0,True,0.4,True,0.0,True,0.0,True,3.0,True,0.0,True,3.0,True,0.0,True,0.0,True,2.0,True,2.0,True,0.0,True,0.0,True,0.0,True,0.0,True,ncr_international+sixn_official,30,international,2025,4.0,Back-three,False,0.0,True,0.0,True,0.0,True,,False,0.0,True,away,L,-23.0,2.0,3,2025-03-09 15:00:00+00:00,1266,Six Nations,2025,2025,4,4,Result,event_log,event_log,event_log,match_stats_key,match_stats_key,match_stats_key,match_stats_key,match_stats_key,match_stats_key,match_stats_key,match_stats_key,match_stats_key,match_stats_key,match_stats_key,match_stats_key,match_stats_key,match_stats_key,match_stats_key,match_stats_key,match_stats_key,match_stats_key,match_stats_key,match_stats_key,match_stats_key,match_stats_key,match_stats_key,match_stats_key,match_stats_key,north,official_fixture_player,official_fixture_player,official_fixture_player,unobserved,official_fixture_player,114001,starting_jersey,True,8476207
8476207,136680,England,2025-03-09,1266,Six Nations,1667,Italy,2873,47,24,Ellis Genge,1,True,59.0,0.0,0.0,True,True,True,0.0,True,0.0,True,0.0,True,0.0,True,0.0,True,9.0,True,1.0,True,0.0,True,0.0,True,6.0,True,4.0,True,1.0,True,0.0,True,0.57,True,0.0,True,0.0,True,7.0,True,0.0,True,3.0,True,1.0,True,0.0,True,1.0,True,1.0,True,0.0,True,0.0,True,0.0,True,0.0,True,ncr_international+sixn_official,30,international,2025,4.0,Prop,True,0.0,True,0.0,True,2.0,True,,False,0.0,True,home,W,23.0,5.0,3,2025-03-09 15:00:00+00:00,1266,Six Nations,2025,2025,4,4,Result,event_log,event_log,event_log,match_stats_key,match_stats_key,match_stats_key,match_stats_key,match_stats_key,match_stats_key,match_stats_key,match_stats_key,match_stats_key,match_stats_key,match_stats_key,match_stats_key,match_stats_key,match_stats_key,match_stats_key,match_stats_key,match_stats_key,match_stats_key,match_stats_key,match_stats_key,match_stats_key,match_stats_key,match_stats_key,match_stats_key,match_stats_key,north,official_fixture_player,official_fixture_player,official_fixture_player,unobserved,official_fixture_player,113975,starting_jersey,True,8476207
8476207,142356,England,2025-03-09,1266,Six Nations,1667,Italy,2873,47,24,Alex Mitchell,9,True,63.0,0.0,0.0,True,True,True,0.0,True,1.0,True,0.0,True,0.0,True,0.0,True,19.0,True,2.0,True,0.0,True,0.0,True,8.0,True,3.0,True,1.0,True,0.0,True,0.75,True,0.0,True,0.0,True,2.0,True,0.0,True,71.0,True,0.0,True,0.0,True,2.0,True,0.0,True,0.0,True,0.0,True,0.0,True,0.0,True,ncr_international+sixn_official,30,international,2025,4.0,Scrum-half,False,0.0,True,0.0,True,0.0,True,,False,0.0,True,home,W,23.0,12.0,3,2025-03-09 15:00:00+00:00,1266,Six Nations,2025,2025,4,4,Result,event_log,event_log,event_log,match_stats_key,match_stats_key,match_stats_key,match_stats_key,match_stats_key,match_stats_key,match_stats_key,match_stats_key,match_stats_key,match_stats_key,match_stats_key,match_stats_key,match_stats_key,match_stats_key,match_stats_key,match_stats_key,match_stats_key,match_stats_key,match_stats_key,match_stats_key,match_stats_key,match_stats_key,match_stats_key,match_stats_key,match_stats_key,north,official_fixture_player,official_fixture_player,official_fixture_player,unobserved,official_fixture_player,113976,starting_jersey,True,8476207
8476207,142404,England,2025-03-09,1266,Six Nations,1667,Italy,2873,47,24,Ben Earl,7,True,50.0,0.0,0.0,True,True,True,1.0,True,0.0,True,0.0,True,0.0,True,0.0,True,112.0,True,0.0,True,2.0,True,0.0,True,17.0,True,5.0,True,0.0,True,0.0,True,1.0,True,0.0,True,0.0,True,14.0,True,2.0,True,2.0,True,1.0,True,0.0,True,1.0,True,1.0,True,0.0,True,0.0,True,0.0,True,5.0,True,ncr_international+sixn_official,30,international,2025,4.0,Back-row,True,0.0,True,0.0,True,2.0,True,,False,0.0,True,home,W,23.0,30.0,3,2025-03-09 15:00:00+00:00,1266,Six Nations,2025,2025,4,4,Result,event_log,event_log,event_log,match_stats_key,match_stats_key,match_stats_key,match_stats_key,match_stats_key,match_stats_key,match_stats_key,match_stats_key,match_stats_key,match_stats_key,match_stats_key,match_stats_key,match_stats_key,match_stats_key,match_stats_key,match_stats_key,match_stats_key,match_stats_key,match_stats_key,match_stats_key,match_stats_key,match_stats_key,match_stats_key,match_stats_key,match_stats_key,north,official_fixture_player,official_fixture_player,official_fixture_player,unobserved,official_fixture_player,113977,starting_jersey,True,8476207
8476207,144684,Italy,2025-03-09,1266,Six Nations,2873,England,1667,24,47,Marco Riccioni,3,True,47.0,0.0,0.0,True,True,True,0.0,True,0.0,True,0.0,True,0.0,True,0.0,True,0.0,True,0.0,True,0.0,True,0.0,True,3.0,True,10.0,True,1.0,True,0.0,True,0.91,True,0.0,True,1.0,True,3.0,True,0.0,True,1.0,True,0.0,True,0.0,True,0.0,True,2.0,True,0.0,True,0.0,True,0.0,True,0.0,True,ncr_international+sixn_official,30,international,2025,4.0,Prop,True,0.0,True,0.0,True,0.0,True,,False,0.0,True,away,L,-23.0,8.0,3,2025-03-09 15:00:00+00:00,1266,Six Nations,2025,2025,4,4,Result,event_log,event_log,event_log,match_stats_key,match_stats_key,match_stats_key,match_stats_key,match_stats_key,match_stats_key,match_stats_key,match_stats_key,match_stats_key,match_stats_key,match_stats_key,match_stats_key,match_stats_key,match_stats_key,match_stats_key,match_stats_key,match_stats_key,match_stats_key,match_stats_key,match_stats_key,match_stats_key,match_stats_key,match_stats_key,match_stats_key,match_stats_key,north,official_fixture_player,official_fixture_player,official_fixture_player,unobserved,official_fixture_player,114002,starting_jersey,True,8476207
8476207,144738,England,2025-03-09,1266,Six Nations,1667,Italy,2873,47,24,Will Stuart,3,True,59.0,0.0,0.0,True,True,True,0.0,True,0.0,True,0.0,True,0.0,True,0.0,True,8.0,True,3.0,True,0.0,True,1.0,True,4.0,True,6.0,True,0.0,True,0.0,True,1.0,True,1.0,True,0.0,True,3.0,True,0.0,True,3.0,True,1.0,True,0.0,True,0.0,True,1.0,True,0.0,True,0.0,True,0.0,True,0.0,True,ncr_international+sixn_official,30,international,2025,4.0,Prop,True,0.0,True,0.0,True,2.0,True,,False,0.0,True,home,W,23.0,18.0,3,2025-03-09 15:00:00+00:00,1266,Six Nations,2025,2025,4,4,Result,event_log,event_log,event_log,match_stats_key,match_stats_key,match_stats_key,match_stats_key,match_stats_key,match_stats_key,match_stats_key,match_stats_key,match_stats_key,match_stats_key,match_stats_key,match_stats_key,match_stats_key,match_stats_key,match_stats_key,match_stats_key,match_stats_key,match_stats_key,match_stats_key,match_stats_key,match_stats_key,match_stats_key,match_stats_key,match_stats_key,match_stats_key,north,official_fixture_player,official_fixture_player,official_fixture_player,unobserved,official_fixture_player,113978,starting_jersey,True,8476207
8476207,155868,England,2025-03-09,1266,Six Nations,1667,Italy,2873,47,24,Ted Hill,19,False,4.0,0.0,0.0,True,True,True,0.0,True,0.0,True,0.0,True,0.0,True,0.0,True,1.0,True,0.0,True,0.0,True,0.0,True,1.0,True,1.0,True,0.0,True,0.0,True,1.0,True,0.0,True,0.0,True,2.0,True,0.0,True,0.0,True,0.0,True,0.0,True,0.0,True,0.0,True,0.0,True,0.0,True,0.0,True,0.0,True,ncr_international+sixn_official,30,international,2025,4.0,Back-row,True,0.0,True,0.0,True,0.0,True,,False,0.0,True,home,W,23.0,1.0,3,2025-03-09 15:00:00+00:00,1266,Six Nations,2025,2025,4,4,Result,event_log,event_log,event_log,match_stats_key,match_stats_key,match_stats_key,match_stats_key,match_stats_key,match_stats_key,match_stats_key,match_stats_key,match_stats_key,match_stats_key,match_stats_key,match_stats_key,match_stats_key,match_stats_key,match_stats_key,match_stats_key,match_stats_key,match_stats_key,match_stats_key,match_stats_key,match_stats_key,match_stats_key,match_stats_key,match_stats_key,match_stats_key,north,official_fixture_player,official_fixture_player,official_fixture_player,unobserved,official_fixture_player,113979,prior_recorded_start,True,8476207
8476207,155892,England,2025-03-09,1266,Six Nations,1667,Italy,2873,47,24,Tom Curry,6,True,55.0,0.0,0.0,True,True,True,1.0,True,1.0,True,0.0,True,0.0,True,0.0,True,21.0,True,1.0,True,0.0,True,1.0,True,6.0,True,6.0,True,0.0,True,1.0,True,1.0,True,0.0,True,0.0,True,3.0,True,0.0,True,2.0,True,1.0,True,0.0,True,1.0,True,0.0,True,0.0,True,0.0,True,0.0,True,5.0,True,ncr_international+sixn_official,30,international,2025,4.0,Back-row,True,0.0,True,0.0,True,2.0,True,,False,0.0,True,home,W,23.0,31.0,3,2025-03-09 15:00:00+00:00,1266,Six Nations,2025,2025,4,4,Result,event_log,event_log,event_log,match_stats_key,match_stats_key,match_stats_key,match_stats_key,match_stats_key,match_stats_key,match_stats_key,match_stats_key,match_stats_key,match_stats_key,match_stats_key,match_stats_key,match_stats_key,match_stats_key,match_stats_key,match_stats_key,match_stats_key,match_stats_key,match_stats_key,match_stats_key,match_stats_key,match_stats_key,match_stats_key,match_stats_key,match_stats_key,north,official_fixture_player,official_fixture_player,official_fixture_player,unobserved,official_fixture_player,113980,starting_jersey,True,8476207
8476207,155898,England,2025-03-09,1266,Six Nations,1667,Italy,2873,47,24,Ben Curry,21,False,36.0,0.0,0.0,True,True,True,0.0,True,1.0,True,0.0,True,0.0,True,0.0,True,21.0,True,1.0,True,1.0,True,0.0,True,3.0,True,4.0,True,2.0,True,0.0,True,0.57,True,1.0,True,0.0,True,0.0,True,0.0,True,6.0,True,0.0,True,0.0,True,0.0,True,1.0,True,0.0,True,0.0,True,0.0,True,0.0,True,ncr_international+sixn_official,30,international,2025,4.0,Back-row,True,0.0,True,0.0,True,2.0,True,,False,0.0,True,home,W,23.0,16.0,3,2025-03-09 15:00:00+00:00,1266,Six Nations,2025,2025,4,4,Result,event_log,event_log,event_log,match_stats_key,match_stats_key,match_stats_key,match_stats_key,match_stats_key,match_stats_key,match_stats_key,match_stats_key,match_stats_key,match_stats_key,match_stats_key,match_stats_key,match_stats_key,match_stats_key,match_stats_key,match_stats_key,match_stats_key,match_stats_key,match_stats_key,match_stats_key,match_stats_key,match_stats_key,match_stats_key,match_stats_key,match_stats_key,north,official_fixture_player,official_fixture_player,official_fixture_player,unobserved,official_fixture_player,113981,prior_recorded_start,True,8476207
8476207,156030,England,2025-03-09,1266,Six Nations,1667,Italy,2873,47,24,Fraser Dingwall,12,True,73.0,0.0,0.0,True,True,True,0.0,True,0.0,True,0.0,True,0.0,True,0.0,True,3.0,True,1.0,True,0.0,True,0.0,True,4.0,True,8.0,True,2.0,True,2.0,True,0.73,True,0.0,True,0.0,True,3.0,True,0.0,True,9.0,True,0.0,True,0.0,True,0.0,True,0.0,True,0.0,True,0.0,True,0.0,True,0.0,True,ncr_international+sixn_official,30,international,2025,4.0,Centre,False,0.0,True,0.0,True,0.0,True,,False,0.0,True,home,W,23.0,10.0,3,2025-03-09 15:00:00+00:00,1266,Six Nations,2025,2025,4,4,Result,event_log,event_log,event_log,match_stats_key,match_stats_key,match_stats_key,match_stats_key,match_stats_key,match_stats_key,match_stats_key,match_stats_key,match_stats_key,match_stats_key,match_stats_key,match_stats_key,match_stats_key,match_stats_key,match_stats_key,match_stats_key,match_stats_key,match_stats_key,match_stats_key,match_stats_key,match_stats_key,match_stats_key,match_stats_key,match_stats_key,match_stats_key,north,official_fixture_player,official_fixture_player,official_fixture_player,unobserved,official_fixture_player,113982,starting_jersey,True,8476207
8476207,156288,England,2025-03-09,1266,Six Nations,1667,Italy,2873,47,24,Marcus Smith,23,False,72.0,0.0,0.0,True,True,True,1.0,True,1.0,True,0.0,True,0.0,True,0.0,True,52.0,True,5.0,True,1.0,True,0.0,True,9.0,True,3.0,True,1.0,True,0.0,True,0.75,True,0.0,True,0.0,True,4.0,True,0.0,True,11.0,True,0.0,True,0.0,True,2.0,True,0.0,True,0.0,True,0.0,True,0.0,True,5.0,True,ncr_international+sixn_official,30,international,2025,4.0,Back-three,False,0.0,True,0.0,True,0.0,True,,False,0.0,True,home,W,23.0,32.0,3,2025-03-09 15:00:00+00:00,1266,Six Nations,2025,2025,4,4,Result,event_log,event_log,event_log,match_stats_key,match_stats_key,match_stats_key,match_stats_key,match_stats_key,match_stats_key,match_stats_key,match_stats_key,match_stats_key,match_stats_key,match_stats_key,match_stats_key,match_stats_key,match_stats_key,match_stats_key,match_stats_key,match_stats_key,match_stats_key,match_stats_key,match_stats_key,match_stats_key,match_stats_key,match_stats_key,match_stats_key,match_stats_key,north,official_fixture_player,official_fixture_player,official_fixture_player,unobserved,official_fixture_player,113983,prior_recorded_start,True,8476207
8476207,164220,Italy,2025-03-09,1266,Six Nations,2873,England,1667,24,47,Michele Lamaro,7,True,50.0,0.0,0.0,True,True,True,0.0,True,0.0,True,0.0,True,0.0,True,0.0,True,14.0,True,0.0,True,0.0,True,0.0,True,3.0,True,10.0,True,0.0,True,0.0,True,0.83,True,0.0,True,0.0,True,2.0,True,0.0,True,5.0,True,1.0,True,0.0,True,1.0,True,0.0,True,0.0,True,0.0,True,0.0,True,0.0,True,ncr_international+sixn_official,30,international,2025,4.0,Back-row,True,0.0,True,0.0,True,0.0,True,,False,0.0,True,away,L,-23.0,11.0,3,2025-03-09 15:00:00+00:00,1266,Six Nations,2025,2025,4,4,Result,event_log,event_log,event_log,match_stats_key,match_stats_key,match_stats_key,match_stats_key,match_stats_key,match_stats_key,match_stats_key,match_stats_key,match_stats_key,match_stats_key,match_stats_key,match_stats_key,match_stats_key,match_stats_key,match_stats_key,match_stats_key,match_stats_key,match_stats_key,match_stats_key,match_stats_key,match_stats_key,match_stats_key,match_stats_key,match_stats_key,match_stats_key,north,official_fixture_player,official_fixture_player,official_fixture_player,unobserved,official_fixture_player,114003,starting_jersey,True,8476207
8476207,164232,Italy,2025-03-09,1266,Six Nations,2873,England,1667,24,47,Danilo Fischetti,1,True,59.0,0.0,0.0,True,True,True,0.0,True,0.0,True,0.0,True,0.0,True,0.0,True,8.0,True,1.0,True,0.0,True,0.0,True,6.0,True,11.0,True,3.0,True,0.0,True,0.69,True,0.0,True,0.0,True,6.0,True,0.0,True,0.0,True,0.0,True,0.0,True,0.0,True,0.0,True,0.0,True,0.0,True,0.0,True,0.0,True,ncr_international+sixn_official,30,international,2025,4.0,Prop,True,0.0,True,0.0,True,0.0,True,,False,0.0,True,away,L,-23.0,13.0,3,2025-03-09 15:00:00+00:00,1266,Six Nations,2025,2025,4,4,Result,event_log,event_log,event_log,match_stats_key,match_stats_key,match_stats_key,match_stats_key,match_stats_key,match_stats_key,match_stats_key,match_stats_key,match_stats_key,match_stats_key,match_stats_key,match_stats_key,match_stats_key,match_stats_key,match_stats_key,match_stats_key,match_stats_key,match_stats_key,match_stats_key,match_stats_key,match_stats_key,match_stats_key,match_stats_key,match_stats_key,match_stats_key,north,official_fixture_player,official_fixture_player,official_fixture_player,unobserved,official_fixture_player,114004,starting_jersey,True,8476207
8476207,164394,England,2025-03-09,1266,Six Nations,1667,Italy,2873,47,24,Tom Willis,8,True,44.0,0.0,0.0,True,True,True,1.0,True,0.0,True,0.0,True,0.0,True,0.0,True,24.0,True,2.0,True,0.0,True,1.0,True,11.0,True,8.0,True,0.0,True,0.0,True,0.89,True,1.0,True,0.0,True,7.0,True,1.0,True,5.0,True,1.0,True,0.0,True,0.0,True,0.0,True,0.0,True,0.0,True,0.0,True,5.0,True,ncr_international+sixn_official,30,international,2025,4.0,Back-row,True,0.0,True,0.0,True,1.0,True,,False,0.0,True,home,W,23.0,36.0,3,2025-03-09 15:00:00+00:00,1266,Six Nations,2025,2025,4,4,Result,event_log,event_log,event_log,match_stats_key,match_stats_key,match_stats_key,match_stats_key,match_stats_key,match_stats_key,match_stats_key,match_stats_key,match_stats_key,match_stats_key,match_stats_key,match_stats_key,match_stats_key,match_stats_key,match_stats_key,match_stats_key,match_stats_key,match_stats_key,match_stats_key,match_stats_key,match_stats_key,match_stats_key,match_stats_key,match_stats_key,match_stats_key,north,official_fixture_player,official_fixture_player,official_fixture_player,unobserved,official_fixture_player,113984,starting_jersey,True,8476207
8476207,167196,Italy,2025-03-09,1266,Six Nations,2873,England,1667,24,47,Niccolo Cannone,4,True,68.0,0.0,0.0,True,True,True,0.0,True,0.0,True,0.0,True,0.0,True,0.0,True,0.0,True,0.0,True,0.0,True,0.0,True,3.0,True,14.0,True,0.0,True,0.0,True,0.82,True,0.0,True,0.0,True,3.0,True,0.0,True,2.0,True,0.0,True,0.0,True,2.0,True,1.0,True,0.0,True,0.0,True,0.0,True,0.0,True,ncr_international+sixn_official,30,international,2025,4.0,Second-row,True,0.0,True,0.0,True,2.0,True,,False,0.0,True,away,L,-23.0,13.0,3,2025-03-09 15:00:00+00:00,1266,Six Nations,2025,2025,4,4,Result,event_log,event_log,event_log,match_stats_key,match_stats_key,match_stats_key,match_stats_key,match_stats_key,match_stats_key,match_stats_key,match_stats_key,match_stats_key,match_stats_key,match_stats_key,match_stats_key,match_stats_key,match_stats_key,match_stats_key,match_stats_key,match_stats_key,match_stats_key,match_stats_key,match_stats_key,match_stats_key,match_stats_key,match_stats_key,match_stats_key,match_stats_key,north,official_fixture_player,official_fixture_player,official_fixture_player,unobserved,official_fixture_player,114005,starting_jersey,True,8476207
8476207,172416,England,2025-03-09,1266,Six Nations,1667,Italy,2873,47,24,Ollie Sleightholme,11,True,80.0,0.0,0.0,True,True,True,2.0,True,0.0,True,0.0,True,0.0,True,0.0,True,24.0,True,5.0,True,2.0,True,1.0,True,9.0,True,1.0,True,2.0,True,0.0,True,0.2,True,0.0,True,0.0,True,3.0,True,0.0,True,3.0,True,2.0,True,0.0,True,1.0,True,1.0,True,0.0,True,0.0,True,0.0,True,10.0,True,ncr_international+sixn_official,30,international,2025,4.0,Back-three,False,0.0,True,0.0,True,0.0,True,,False,0.0,True,home,W,23.0,34.0,3,2025-03-09 15:00:00+00:00,1266,Six Nations,2025,2025,4,4,Result,event_log,event_log,event_log,match_stats_key,match_stats_key,match_stats_key,match_stats_key,match_stats_key,match_stats_key,match_stats_key,match_stats_key,match_stats_key,match_stats_key,match_stats_key,match_stats_key,match_stats_key,match_stats_key,match_stats_key,match_stats_key,match_stats_key,match_stats_key,match_stats_key,match_stats_key,match_stats_key,match_stats_key,match_stats_key,match_stats_key,match_stats_key,north,official_fixture_player,official_fixture_player,official_fixture_player,unobserved,official_fixture_player,113985,starting_jersey,True,8476207
8476207,177378,England,2025-03-09,1266,Six Nations,1667,Italy,2873,47,24,Ollie Lawrence,13,True,8.0,0.0,0.0,True,True,True,0.0,True,0.0,True,0.0,True,0.0,True,0.0,True,21.0,True,0.0,True,0.0,True,1.0,True,3.0,True,1.0,True,0.0,True,0.0,True,1.0,True,0.0,True,0.0,True,2.0,True,0.0,True,1.0,True,0.0,True,0.0,True,0.0,True,0.0,True,0.0,True,0.0,True,0.0,True,0.0,True,ncr_international+sixn_official,30,international,2025,4.0,Centre,False,0.0,True,0.0,True,0.0,True,,False,0.0,True,home,W,23.0,5.0,3,2025-03-09 15:00:00+00:00,1266,Six Nations,2025,2025,4,4,Result,event_log,event_log,event_log,match_stats_key,match_stats_key,match_stats_key,match_stats_key,match_stats_key,match_stats_key,match_stats_key,match_stats_key,match_stats_key,match_stats_key,match_stats_key,match_stats_key,match_stats_key,match_stats_key,match_stats_key,match_stats_key,match_stats_key,match_stats_key,match_stats_key,match_stats_key,match_stats_key,match_stats_key,match_stats_key,match_stats_key,match_stats_key,north,official_fixture_player,official_fixture_player,official_fixture_player,unobserved,official_fixture_player,113986,starting_jersey,True,8476207
8476207,178806,England,2025-03-09,1266,Six Nations,1667,Italy,2873,47,24,Joe Heyes,18,False,21.0,0.0,0.0,True,True,True,0.0,True,0.0,True,0.0,True,0.0,True,0.0,True,1.0,True,0.0,True,0.0,True,0.0,True,1.0,True,1.0,True,1.0,True,0.0,True,0.5,True,0.0,True,0.0,True,0.0,True,1.0,True,0.0,True,0.0,True,0.0,True,0.0,True,0.0,True,0.0,True,0.0,True,0.0,True,0.0,True,ncr_international+sixn_official,30,international,2025,4.0,Prop,True,0.0,True,0.0,True,1.0,True,,False,0.0,True,home,W,23.0,1.0,3,2025-03-09 15:00:00+00:00,1266,Six Nations,2025,2025,4,4,Result,event_log,event_log,event_log,match_stats_key,match_stats_key,match_stats_key,match_stats_key,match_stats_key,match_stats_key,match_stats_key,match_stats_key,match_stats_key,match_stats_key,match_stats_key,match_stats_key,match_stats_key,match_stats_key,match_stats_key,match_stats_key,match_stats_key,match_stats_key,match_stats_key,match_stats_key,match_stats_key,match_stats_key,match_stats_key,match_stats_key,match_stats_key,north,official_fixture_player,official_fixture_player,official_fixture_player,unobserved,official_fixture_player,113987,prior_recorded_start,True,8476207
8476207,202980,Italy,2025-03-09,1266,Six Nations,2873,England,1667,24,47,Gianmarco Lucchesi,16,False,30.0,0.0,0.0,True,True,True,0.0,True,0.0,True,0.0,True,0.0,True,0.0,True,2.0,True,0.0,True,0.0,True,0.0,True,1.0,True,3.0,True,1.0,True,0.0,True,0.75,True,0.0,True,0.0,True,2.0,True,0.0,True,2.0,True,0.0,True,4.0,True,0.0,True,0.0,True,0.0,True,0.0,True,0.0,True,0.0,True,ncr_international+sixn_official,30,international,2025,4.0,Hooker,True,0.0,True,0.0,True,2.0,True,,False,0.0,True,away,L,-23.0,3.0,3,2025-03-09 15:00:00+00:00,1266,Six Nations,2025,2025,4,4,Result,event_log,event_log,event_log,match_stats_key,match_stats_key,match_stats_key,match_stats_key,match_stats_key,match_stats_key,match_stats_key,match_stats_key,match_stats_key,match_stats_key,match_stats_key,match_stats_key,match_stats_key,match_stats_key,match_stats_key,match_stats_key,match_stats_key,match_stats_key,match_stats_key,match_stats_key,match_stats_key,match_stats_key,match_stats_key,match_stats_key,match_stats_key,north,official_fixture_player,official_fixture_player,official_fixture_player,unobserved,official_fixture_player,114006,prior_recorded_start,True,8476207
8476207,203034,Italy,2025-03-09,1266,Six Nations,2873,England,1667,24,47,Paolo Garbisi,10,True,80.0,0.0,0.0,True,True,True,0.0,True,0.0,True,3.0,True,1.0,True,0.0,True,9.0,True,1.0,True,0.0,True,0.0,True,2.0,True,13.0,True,1.0,True,0.0,True,0.81,True,0.0,True,0.0,True,1.0,True,0.0,True,21.0,True,1.0,True,0.0,True,3.0,True,0.0,True,0.0,True,1.0,True,0.0,True,9.0,True,ncr_international+sixn_official,30,international,2025,4.0,Fly-half,False,0.0,True,0.0,True,0.0,True,,False,0.0,True,away,L,-23.0,24.0,3,2025-03-09 15:00:00+00:00,1266,Six Nations,2025,2025,4,4,Result,event_log,event_log,event_log,match_stats_key,match_stats_key,match_stats_key,match_stats_key,match_stats_key,match_stats_key,match_stats_key,match_stats_key,match_stats_key,match_stats_key,match_stats_key,match_stats_key,match_stats_key,match_stats_key,match_stats_key,match_stats_key,match_stats_key,match_stats_key,match_stats_key,match_stats_key,match_stats_key,match_stats_key,match_stats_key,match_stats_key,match_stats_key,north,official_fixture_player,official_fixture_player,official_fixture_player,unobserved,official_fixture_player,114007,starting_jersey,True,8476207
8476207,204054,Italy,2025-03-09,1266,Six Nations,2873,England,1667,24,47,Manuel Zuliani,20,False,30.0,0.0,0.0,True,True,True,0.0,True,0.0,True,0.0,True,0.0,True,0.0,True,17.0,True,8.0,True,1.0,True,0.0,True,3.0,True,1.0,True,1.0,True,0.0,True,0.5,True,0.0,True,0.0,True,2.0,True,0.0,True,2.0,True,0.0,True,0.0,True,1.0,True,0.0,True,0.0,True,0.0,True,0.0,True,0.0,True,ncr_international+sixn_official,30,international,2025,4.0,Back-row,True,0.0,True,0.0,True,2.0,True,,False,0.0,True,away,L,-23.0,18.0,3,2025-03-09 15:00:00+00:00,1266,Six Nations,2025,2025,4,4,Result,event_log,event_log,event_log,match_stats_key,match_stats_key,match_stats_key,match_stats_key,match_stats_key,match_stats_key,match_stats_key,match_stats_key,match_stats_key,match_stats_key,match_stats_key,match_stats_key,match_stats_key,match_stats_key,match_stats_key,match_stats_key,match_stats_key,match_stats_key,match_stats_key,match_stats_key,match_stats_key,match_stats_key,match_stats_key,match_stats_key,match_stats_key,north,official_fixture_player,official_fixture_player,official_fixture_player,unobserved,official_fixture_player,114008,prior_recorded_start,True,8476207
8476207,207774,Italy,2025-03-09,1266,Six Nations,2873,England,1667,24,47,Ange Capuozzo,15,True,69.0,0.0,0.0,True,True,True,1.0,True,1.0,True,0.0,True,0.0,True,0.0,True,69.0,True,2.0,True,2.0,True,0.0,True,11.0,True,1.0,True,3.0,True,0.0,True,0.25,True,0.0,True,0.0,True,5.0,True,2.0,True,5.0,True,1.0,True,0.0,True,1.0,True,2.0,True,0.0,True,0.0,True,0.0,True,5.0,True,ncr_international+sixn_official,30,international,2025,4.0,Back-three,False,0.0,True,0.0,True,0.0,True,,False,0.0,True,away,L,-23.0,23.0,3,2025-03-09 15:00:00+00:00,1266,Six Nations,2025,2025,4,4,Result,event_log,event_log,event_log,match_stats_key,match_stats_key,match_stats_key,match_stats_key,match_stats_key,match_stats_key,match_stats_key,match_stats_key,match_stats_key,match_stats_key,match_stats_key,match_stats_key,match_stats_key,match_stats_key,match_stats_key,match_stats_key,match_stats_key,match_stats_key,match_stats_key,match_stats_key,match_stats_key,match_stats_key,match_stats_key,match_stats_key,match_stats_key,north,official_fixture_player,official_fixture_player,official_fixture_player,unobserved,official_fixture_player,114009,starting_jersey,True,8476207
8476207,213144,Italy,2025-03-09,1266,Six Nations,2873,England,1667,24,47,Stephen Varney,9,True,55.0,0.0,0.0,True,True,True,0.0,True,0.0,True,0.0,True,0.0,True,0.0,True,7.0,True,0.0,True,0.0,True,1.0,True,3.0,True,3.0,True,1.0,True,0.0,True,0.5,True,0.0,True,0.0,True,0.0,True,0.0,True,42.0,True,0.0,True,0.0,True,2.0,True,0.0,True,0.0,True,0.0,True,0.0,True,0.0,True,ncr_international+sixn_official,30,international,2025,4.0,Scrum-half,False,0.0,True,0.0,True,0.0,True,,False,0.0,True,away,L,-23.0,5.0,3,2025-03-09 15:00:00+00:00,1266,Six Nations,2025,2025,4,4,Result,event_log,event_log,event_log,match_stats_key,match_stats_key,match_stats_key,match_stats_key,match_stats_key,match_stats_key,match_stats_key,match_stats_key,match_stats_key,match_stats_key,match_stats_key,match_stats_key,match_stats_key,match_stats_key,match_stats_key,match_stats_key,match_stats_key,match_stats_key,match_stats_key,match_stats_key,match_stats_key,match_stats_key,match_stats_key,match_stats_key,match_stats_key,north,official_fixture_player,official_fixture_player,official_fixture_player,unobserved,official_fixture_player,114010,starting_jersey,True,8476207
8476207,213192,England,2025-03-09,1266,Six Nations,1667,Italy,2873,47,24,Tommy Freeman,14,True,80.0,0.0,0.0,True,True,True,1.0,True,0.0,True,0.0,True,0.0,True,0.0,True,76.0,True,5.0,True,3.0,True,4.0,True,15.0,True,4.0,True,0.0,True,0.0,True,1.0,True,0.0,True,0.0,True,5.0,True,1.0,True,10.0,True,2.0,True,0.0,True,3.0,True,0.0,True,0.0,True,0.0,True,0.0,True,5.0,True,ncr_international+sixn_official,30,international,2025,4.0,Back-three,False,0.0,True,0.0,True,0.0,True,,False,0.0,True,home,W,23.0,39.0,3,2025-03-09 15:00:00+00:00,1266,Six Nations,2025,2025,4,4,Result,event_log,event_log,event_log,match_stats_key,match_stats_key,match_stats_key,match_stats_key,match_stats_key,match_stats_key,match_stats_key,match_stats_key,match_stats_key,match_stats_key,match_stats_key,match_stats_key,match_stats_key,match_stats_key,match_stats_key,match_stats_key,match_stats_key,match_stats_key,match_stats_key,match_stats_key,match_stats_key,match_stats_key,match_stats_key,match_stats_key,match_stats_key,north,official_fixture_player,official_fixture_player,official_fixture_player,unobserved,official_fixture_player,113988,starting_jersey,True,8476207
8476207,213786,England,2025-03-09,1266,Six Nations,1667,Italy,2873,47,24,Jack van Poortvliet,22,False,17.0,0.0,0.0,True,True,True,0.0,True,0.0,True,0.0,True,0.0,True,0.0,True,0.0,True,0.0,True,0.0,True,0.0,True,0.0,True,1.0,True,2.0,True,0.0,True,0.33,True,0.0,True,0.0,True,0.0,True,0.0,True,5.0,True,1.0,True,0.0,True,1.0,True,1.0,True,0.0,True,0.0,True,0.0,True,0.0,True,ncr_international+sixn_official,30,international,2025,4.0,Scrum-half,False,0.0,True,0.0,True,0.0,True,,False,0.0,True,home,W,23.0,0.0,3,2025-03-09 15:00:00+00:00,1266,Six Nations,2025,2025,4,4,Result,event_log,event_log,event_log,match_stats_key,match_stats_key,match_stats_key,match_stats_key,match_stats_key,match_stats_key,match_stats_key,match_stats_key,match_stats_key,match_stats_key,match_stats_key,match_stats_key,match_stats_key,match_stats_key,match_stats_key,match_stats_key,match_stats_key,match_stats_key,match_stats_key,match_stats_key,match_stats_key,match_stats_key,match_stats_key,match_stats_key,match_stats_key,north,official_fixture_player,official_fixture_player,official_fixture_player,unobserved,official_fixture_player,113989,prior_recorded_start,True,8476207
8476207,218742,England,2025-03-09,1266,Six Nations,1667,Italy,2873,47,24,Ollie Chessum,5,True,80.0,0.0,0.0,True,True,True,0.0,True,0.0,True,0.0,True,0.0,True,0.0,True,58.0,True,4.0,True,1.0,True,1.0,True,8.0,True,5.0,True,3.0,True,0.0,True,0.63,True,1.0,True,0.0,True,7.0,True,0.0,True,5.0,True,0.0,True,0.0,True,0.0,True,1.0,True,0.0,True,0.0,True,0.0,True,0.0,True,ncr_international+sixn_official,30,international,2025,4.0,Second-row,True,0.0,True,1.0,True,3.0,True,,False,1.0,True,home,W,23.0,24.0,3,2025-03-09 15:00:00+00:00,1266,Six Nations,2025,2025,4,4,Result,event_log,event_log,event_log,match_stats_key,match_stats_key,match_stats_key,match_stats_key,match_stats_key,match_stats_key,match_stats_key,match_stats_key,match_stats_key,match_stats_key,match_stats_key,match_stats_key,match_stats_key,match_stats_key,match_stats_key,match_stats_key,match_stats_key,match_stats_key,match_stats_key,match_stats_key,match_stats_key,match_stats_key,match_stats_key,match_stats_key,match_stats_key,north,official_fixture_player,official_fixture_player,official_fixture_player,unobserved,official_fixture_player,113990,starting_jersey,True,8476207
8476207,220128,Italy,2025-03-09,1266,Six Nations,2873,England,1667,24,47,Riccardo Favretto,19,False,12.0,0.0,0.0,True,True,True,0.0,True,0.0,True,0.0,True,0.0,True,0.0,True,0.0,True,0.0,True,0.0,True,0.0,True,0.0,True,1.0,True,0.0,True,0.0,True,1.0,True,0.0,True,0.0,True,0.0,True,0.0,True,1.0,True,0.0,True,0.0,True,0.0,True,0.0,True,0.0,True,0.0,True,0.0,True,0.0,True,ncr_international+sixn_official,30,international,2025,4.0,Back-row,True,0.0,True,0.0,True,0.0,True,,False,0.0,True,away,L,-23.0,1.0,3,2025-03-09 15:00:00+00:00,1266,Six Nations,2025,2025,4,4,Result,event_log,event_log,event_log,match_stats_key,match_stats_key,match_stats_key,match_stats_key,match_stats_key,match_stats_key,match_stats_key,match_stats_key,match_stats_key,match_stats_key,match_stats_key,match_stats_key,match_stats_key,match_stats_key,match_stats_key,match_stats_key,match_stats_key,match_stats_key,match_stats_key,match_stats_key,match_stats_key,match_stats_key,match_stats_key,match_stats_key,match_stats_key,north,official_fixture_player,official_fixture_player,official_fixture_player,unobserved,official_fixture_player,114011,prior_recorded_start,True,8476207
8476207,220140,Italy,2025-03-09,1266,Six Nations,2873,England,1667,24,47,Lorenzo Cannone,21,False,30.0,0.0,0.0,True,True,True,0.0,True,0.0,True,0.0,True,0.0,True,0.0,True,14.0,True,0.0,True,0.0,True,0.0,True,3.0,True,3.0,True,0.0,True,0.0,True,1.0,True,0.0,True,0.0,True,3.0,True,0.0,True,0.0,True,0.0,True,0.0,True,0.0,True,0.0,True,0.0,True,0.0,True,0.0,True,0.0,True,ncr_international+sixn_official,30,international,2025,4.0,Back-row,True,0.0,True,0.0,True,2.0,True,,False,0.0,True,away,L,-23.0,4.0,3,2025-03-09 15:00:00+00:00,1266,Six Nations,2025,2025,4,4,Result,event_log,event_log,event_log,match_stats_key,match_stats_key,match_stats_key,match_stats_key,match_stats_key,match_stats_key,match_stats_key,match_stats_key,match_stats_key,match_stats_key,match_stats_key,match_stats_key,match_stats_key,match_stats_key,match_stats_key,match_stats_key,match_stats_key,match_stats_key,match_stats_key,match_stats_key,match_stats_key,match_stats_key,match_stats_key,match_stats_key,match_stats_key,north,official_fixture_player,official_fixture_player,official_fixture_player,unobserved,official_fixture_player,114012,prior_recorded_start,True,8476207
8476207,223740,Italy,2025-03-09,1266,Six Nations,2873,England,1667,24,47,Martin Page-Relo,22,False,25.0,0.0,0.0,True,True,True,0.0,True,1.0,True,0.0,True,0.0,True,0.0,True,18.0,True,1.0,True,0.0,True,0.0,True,1.0,True,1.0,True,1.0,True,0.0,True,0.2,True,0.0,True,0.0,True,1.0,True,0.0,True,17.0,True,0.0,True,0.0,True,0.0,True,0.0,True,0.0,True,0.0,True,0.0,True,0.0,True,ncr_international+sixn_official,30,international,2025,4.0,Scrum-half,False,0.0,True,0.0,True,0.0,True,,False,0.0,True,away,L,-23.0,8.0,3,2025-03-09 15:00:00+00:00,1266,Six Nations,2025,2025,4,4,Result,event_log,event_log,event_log,match_stats_key,match_stats_key,match_stats_key,match_stats_key,match_stats_key,match_stats_key,match_stats_key,match_stats_key,match_stats_key,match_stats_key,match_stats_key,match_stats_key,match_stats_key,match_stats_key,match_stats_key,match_stats_key,match_stats_key,match_stats_key,match_stats_key,match_stats_key,match_stats_key,match_stats_key,match_stats_key,match_stats_key,match_stats_key,north,official_fixture_player,official_fixture_player,official_fixture_player,unobserved,official_fixture_player,114013,prior_recorded_start,True,8476207
8476207,226818,Italy,2025-03-09,1266,Six Nations,2873,England,1667,24,47,Tommaso Menoncello,12,True,80.0,0.0,0.0,True,True,True,1.0,True,0.0,True,0.0,True,0.0,True,0.0,True,22.0,True,4.0,True,1.0,True,0.0,True,7.0,True,7.0,True,2.0,True,0.0,True,0.78,True,0.0,True,0.0,True,7.0,True,0.0,True,2.0,True,0.0,True,0.0,True,0.0,True,0.0,True,0.0,True,0.0,True,0.0,True,5.0,True,ncr_international+sixn_official,30,international,2025,4.0,Centre,False,0.0,True,0.0,True,0.0,True,,False,0.0,True,away,L,-23.0,27.0,3,2025-03-09 15:00:00+00:00,1266,Six Nations,2025,2025,4,4,Result,event_log,event_log,event_log,match_stats_key,match_stats_key,match_stats_key,match_stats_key,match_stats_key,match_stats_key,match_stats_key,match_stats_key,match_stats_key,match_stats_key,match_stats_key,match_stats_key,match_stats_key,match_stats_key,match_stats_key,match_stats_key,match_stats_key,match_stats_key,match_stats_key,match_stats_key,match_stats_key,match_stats_key,match_stats_key,match_stats_key,match_stats_key,north,official_fixture_player,official_fixture_player,official_fixture_player,unobserved,official_fixture_player,114014,starting_jersey,True,8476207
8476207,226836,Italy,2025-03-09,1266,Six Nations,2873,England,1667,24,47,Giacomo Nicotera,2,True,50.0,0.0,0.0,True,True,True,0.0,True,0.0,True,0.0,True,0.0,True,0.0,True,0.0,True,0.0,True,0.0,True,0.0,True,2.0,True,12.0,True,5.0,True,0.0,True,0.63,True,0.0,True,0.0,True,1.0,True,1.0,True,0.0,True,0.0,True,10.0,True,0.0,True,0.0,True,0.0,True,0.0,True,0.0,True,0.0,True,ncr_international+sixn_official,30,international,2025,4.0,Hooker,True,0.0,True,0.0,True,0.0,True,,False,0.0,True,away,L,-23.0,12.0,3,2025-03-09 15:00:00+00:00,1266,Six Nations,2025,2025,4,4,Result,event_log,event_log,event_log,match_stats_key,match_stats_key,match_stats_key,match_stats_key,match_stats_key,match_stats_key,match_stats_key,match_stats_key,match_stats_key,match_stats_key,match_stats_key,match_stats_key,match_stats_key,match_stats_key,match_stats_key,match_stats_key,match_stats_key,match_stats_key,match_stats_key,match_stats_key,match_stats_key,match_stats_key,match_stats_key,match_stats_key,match_stats_key,north,official_fixture_player,official_fixture_player,official_fixture_player,unobserved,official_fixture_player,114015,starting_jersey,True,8476207
8476207,226920,England,2025-03-09,1266,Six Nations,1667,Italy,2873,47,24,Fin Baxter,17,False,21.0,0.0,0.0,True,True,True,0.0,True,0.0,True,0.0,True,0.0,True,0.0,True,0.0,True,0.0,True,0.0,True,0.0,True,0.0,True,3.0,True,2.0,True,0.0,True,0.6,True,0.0,True,0.0,True,0.0,True,0.0,True,0.0,True,0.0,True,0.0,True,0.0,True,2.0,True,0.0,True,0.0,True,0.0,True,0.0,True,ncr_international+sixn_official,30,international,2025,4.0,Prop,True,0.0,True,0.0,True,1.0,True,,False,0.0,True,home,W,23.0,1.0,3,2025-03-09 15:00:00+00:00,1266,Six Nations,2025,2025,4,4,Result,event_log,event_log,event_log,match_stats_key,match_stats_key,match_stats_key,match_stats_key,match_stats_key,match_stats_key,match_stats_key,match_stats_key,match_stats_key,match_stats_key,match_stats_key,match_stats_key,match_stats_key,match_stats_key,match_stats_key,match_stats_key,match_stats_key,match_stats_key,match_stats_key,match_stats_key,match_stats_key,match_stats_key,match_stats_key,match_stats_key,match_stats_key,north,official_fixture_player,official_fixture_player,official_fixture_player,unobserved,official_fixture_player,113991,prior_recorded_start,True,8476207
8476207,227772,England,2025-03-09,1266,Six Nations,1667,Italy,2873,47,24,Fin Smith,10,True,80.0,0.0,0.0,True,True,True,0.0,True,0.0,True,6.0,True,0.0,True,0.0,True,21.0,True,2.0,True,0.0,True,0.0,True,11.0,True,9.0,True,1.0,True,0.0,True,0.82,True,0.0,True,0.0,True,6.0,True,0.0,True,29.0,True,1.0,True,0.0,True,1.0,True,0.0,True,1.0,True,0.0,True,0.0,True,12.0,True,ncr_international+sixn_official,30,international,2025,4.0,Fly-half,False,0.0,True,0.0,True,0.0,True,,False,0.0,True,home,W,23.0,27.0,3,2025-03-09 15:00:00+00:00,1266,Six Nations,2025,2025,4,4,Result,event_log,event_log,event_log,match_stats_key,match_stats_key,match_stats_key,match_stats_key,match_stats_key,match_stats_key,match_stats_key,match_stats_key,match_stats_key,match_stats_key,match_stats_key,match_stats_key,match_stats_key,match_stats_key,match_stats_key,match_stats_key,match_stats_key,match_stats_key,match_stats_key,match_stats_key,match_stats_key,match_stats_key,match_stats_key,match_stats_key,match_stats_key,north,official_fixture_player,official_fixture_player,official_fixture_player,unobserved,official_fixture_player,113992,starting_jersey,True,8476207
8476207,231804,Italy,2025-03-09,1266,Six Nations,2873,England,1667,24,47,Mirco Spagnolo,17,False,21.0,0.0,0.0,True,True,True,0.0,True,0.0,True,0.0,True,0.0,True,0.0,True,4.0,True,0.0,True,0.0,True,0.0,True,1.0,True,1.0,True,1.0,True,0.0,True,0.5,True,0.0,True,0.0,True,1.0,True,0.0,True,0.0,True,0.0,True,0.0,True,0.0,True,1.0,True,0.0,True,0.0,True,0.0,True,0.0,True,ncr_international+sixn_official,30,international,2025,4.0,Prop,True,0.0,True,0.0,True,2.0,True,,False,0.0,True,away,L,-23.0,0.0,3,2025-03-09 15:00:00+00:00,1266,Six Nations,2025,2025,4,4,Result,event_log,event_log,event_log,match_stats_key,match_stats_key,match_stats_key,match_stats_key,match_stats_key,match_stats_key,match_stats_key,match_stats_key,match_stats_key,match_stats_key,match_stats_key,match_stats_key,match_stats_key,match_stats_key,match_stats_key,match_stats_key,match_stats_key,match_stats_key,match_stats_key,match_stats_key,match_stats_key,match_stats_key,match_stats_key,match_stats_key,match_stats_key,north,official_fixture_player,official_fixture_player,official_fixture_player,unobserved,official_fixture_player,114016,prior_recorded_start,True,8476207
8476207,231840,Italy,2025-03-09,1266,Six Nations,2873,England,1667,24,47,Ross Vintcent,8,True,50.0,0.0,0.0,True,True,True,1.0,True,0.0,True,0.0,True,0.0,True,0.0,True,50.0,True,2.0,True,0.0,True,1.0,True,6.0,True,11.0,True,2.0,True,0.0,True,0.65,True,0.0,True,0.0,True,4.0,True,0.0,True,1.0,True,0.0,True,0.0,True,0.0,True,0.0,True,0.0,True,0.0,True,0.0,True,5.0,True,ncr_international+sixn_official,30,international,2025,4.0,Back-row,True,0.0,True,0.0,True,0.0,True,,False,0.0,True,away,L,-23.0,37.0,3,2025-03-09 15:00:00+00:00,1266,Six Nations,2025,2025,4,4,Result,event_log,event_log,event_log,match_stats_key,match_stats_key,match_stats_key,match_stats_key,match_stats_key,match_stats_key,match_stats_key,match_stats_key,match_stats_key,match_stats_key,match_stats_key,match_stats_key,match_stats_key,match_stats_key,match_stats_key,match_stats_key,match_stats_key,match_stats_key,match_stats_key,match_stats_key,match_stats_key,match_stats_key,match_stats_key,match_stats_key,match_stats_key,north,official_fixture_player,official_fixture_player,official_fixture_player,unobserved,official_fixture_player,114017,starting_jersey,True,8476207
8476207,264444,England,2025-03-09,1266,Six Nations,1667,Italy,2873,47,24,Chandler Cunningham-South,20,False,30.0,0.0,0.0,True,True,True,0.0,True,0.0,True,0.0,True,0.0,True,0.0,True,31.0,True,1.0,True,0.0,True,0.0,True,2.0,True,4.0,True,1.0,True,1.0,True,0.8,True,0.0,True,0.0,True,2.0,True,0.0,True,0.0,True,0.0,True,0.0,True,0.0,True,0.0,True,0.0,True,0.0,True,0.0,True,0.0,True,ncr_international+sixn_official,30,international,2025,4.0,Back-row,True,0.0,True,1.0,True,2.0,True,,False,0.0,True,home,W,23.0,9.0,3,2025-03-09 15:00:00+00:00,1266,Six Nations,2025,2025,4,4,Result,event_log,event_log,event_log,match_stats_key,match_stats_key,match_stats_key,match_stats_key,match_stats_key,match_stats_key,match_stats_key,match_stats_key,match_stats_key,match_stats_key,match_stats_key,match_stats_key,match_stats_key,match_stats_key,match_stats_key,match_stats_key,match_stats_key,match_stats_key,match_stats_key,match_stats_key,match_stats_key,match_stats_key,match_stats_key,match_stats_key,match_stats_key,north,official_fixture_player,official_fixture_player,official_fixture_player,unobserved,official_fixture_player,113993,prior_recorded_start,True,8476207
8476207,61134,England,2025-03-09,1266,Six Nations,1667,Italy,2873,47,24,Jamie George,2,True,53.0,0.0,0.0,True,True,True,0.0,True,1.0,True,0.0,True,0.0,True,0.0,True,6.0,True,0.0,True,0.0,True,1.0,True,5.0,True,4.0,True,1.0,True,0.0,True,0.67,True,0.0,True,0.0,True,4.0,True,0.0,True,7.0,True,1.0,True,10.0,True,0.0,True,0.0,True,0.0,True,0.0,True,0.0,True,0.0,True,ncr_international+sixn_official,30,international,2025,4.0,Hooker,True,0.0,True,0.0,True,2.0,True,,False,0.0,True,home,W,23.0,10.0,3,2025-03-09 15:00:00+00:00,1266,Six Nations,2025,2025,4,4,Result,event_log,event_log,event_log,match_stats_key,match_stats_key,match_stats_key,match_stats_key,match_stats_key,match_stats_key,match_stats_key,match_stats_key,match_stats_key,match_stats_key,match_stats_key,match_stats_key,match_stats_key,match_stats_key,match_stats_key,match_stats_key,match_stats_key,match_stats_key,match_stats_key,match_stats_key,match_stats_key,match_stats_key,match_stats_key,match_stats_key,match_stats_key,north,official_fixture_player,official_fixture_player,official_fixture_player,unobserved,official_fixture_player,113994,starting_jersey,True,8476207
