scope,rubric,metric,engine,delta,sd_slate_diff,design_effect,slates_needed,slates_available,mde_available,observed_diff,official_sd_round_diff,official_rounds_needed,official_mde_13
all,six_nations,mae,empirical_baseline,0.02,0.6141143150652527,2.5949039419154927,19202.926115320075,535,0.1198220678201136,0.4186604358007507,0.1827105467857078,655.0507041960266,0.1419697372081623
all,six_nations,mae,c2k15,0.02,0.028751675640234564,1.0,16.22086477908705,535,0.0034824918330904554,-0.001115128895645447,,,
all,six_nations,mae,h1_oct1,0.02,0.13634921784689127,2.1827867327498547,796.2772184111358,535,0.024399742888351745,0.050141744857633216,0.047822567370012455,44.875929652873005,0.03715908819485505
all,six_nations,mae,mk,0.02,0.0440756953323032,1.910725531114317,72.83570608808405,535,0.0073794717075600785,-0.0012824781431203976,0.03711347424875448,27.02781301451057,0.028837909352640224
all,six_nations,mae,h2,0.02,0.16975746900505487,2.2170190076392045,1253.645894690711,535,0.030615442865077596,0.06521271481613618,0.07728622737421234,117.20655466404108,0.06005293937955361
all,six_nations,mae,sk,0.02,0.045441254008404985,1.974516211465652,80.00350288077003,535,0.007734061228644767,0.004879171083599345,,,
all,six_nations,mae,sk_mk,0.02,0.06416614601964717,2.2548995935138634,182.17417107756958,535,0.01167068925648984,0.003244119946976198,,,
all,six_nations,mae,sk_h2,0.02,0.17262484486693552,2.280681695218236,1333.5796595422769,535,0.031576397899866195,0.06900134406161927,,,
all,six_nations,mae,null3_a,0.02,0.031848131838342786,1.0,19.90286549532101,535,0.0038575441798254792,0.007722826184207553,,,
all,six_nations,mae,null3_b,0.02,0.029759473821855884,1.0326261114171662,17.94490990355374,535,0.0036628888964965294,0.007294894088198069,,,
all,six_nations,mse,empirical_baseline,0.5,58.73924708837165,2.203660922398143,238709.2164745711,535,10.561551156841718,10.061834541028636,,,
all,six_nations,mse,c2k15,0.5,0.5570582098891936,1.0,9.742464329250454,535,0.06747261240594876,-0.026931869143310867,,,
all,six_nations,mse,h1_oct1,0.5,4.158136477830007,1.9281481449245192,1046.6597995954553,535,0.6993521032333725,0.6666908373386997,,,
all,six_nations,mse,mk,0.5,0.956204417859615,1.6640662377325859,47.76829794290536,535,0.14940426551059216,0.16590162843852363,,,
all,six_nations,mse,h2,0.5,5.8414162751107135,1.9869359311099077,2128.5695351455624,535,0.9973257548479199,1.0788039668912517,,,
all,six_nations,mse,sk,0.5,1.0078687747998252,2.16081056294101,68.91160115442432,535,0.1794482732779596,-0.05882834261854413,,,
all,six_nations,mse,sk_mk,0.5,1.371519307673571,2.055594764235886,121.39729794704569,535,0.2381757949940535,0.1039919555028082,,,
all,six_nations,mse,sk_h2,0.5,5.868552079159922,2.0644510652706054,2232.20555679394,535,1.0213161649470817,1.0495408975231908,,,
all,six_nations,mse,null3_a,0.5,0.7101821686640495,1.104037028005304,17.48198860483826,535,0.09038336989547766,0.1569134910425036,,,
all,six_nations,mse,null3_b,0.5,0.709530943892647,1.0,15.805576714724083,535,0.08594058128470689,0.18036853090829968,,,
all,six_nations,pearson,empirical_baseline,0.005,0.04274915869753731,3.370680991193229,1933.9287168114367,535,0.009506340031030932,-0.04594929935559995,,,
all,six_nations,pearson,c2k15,0.005,0.003794701474296763,1.1112592066717992,5.023868579229795,535,0.00048452060222729505,4.5167801865771865e-05,,,
all,six_nations,pearson,h1_oct1,0.005,0.016919066096874668,1.7533662423461935,157.57709174581254,535,0.0027135614056329692,-0.004067608018691839,,,
all,six_nations,pearson,mk,0.005,0.005333235587024254,2.0761463309927732,18.53989041698821,535,0.0009307792538972012,-0.0011407837058882583,,,
all,six_nations,pearson,h2,0.005,0.020154985989658737,1.9136837818227714,244.0635047363746,535,0.0033771047762727237,-0.006379401829542552,,,
all,six_nations,pearson,sk,0.005,0.005331287480439107,1.6516575246197627,14.738451941445513,535,0.0008298871655497409,0.0011306242261749728,,,
all,six_nations,pearson,sk_mk,0.005,0.007830411733963552,1.5245694221240211,29.34837555386279,535,0.001171076179590723,-0.0001802044971987865,,,
all,six_nations,pearson,sk_h2,0.005,0.021089588639984135,1.9369910406443356,270.4777190575944,535,0.0035551576266538284,-0.0058355623315561956,,,
all,six_nations,pearson,null3_a,0.005,0.004750215208451565,1.1091418053657003,7.857444323127507,535,0.0006059457859192091,-0.0010615026413019015,,,
all,six_nations,pearson,null3_b,0.005,0.004675820411835934,1.0,6.8640954004504025,535,0.0005663498225623222,-0.0011876772497487966,,,
all,six_nations,spearman,empirical_baseline,0.005,0.03340436640485163,2.9502345678401745,1033.5480946050097,535,0.0069495783997889785,-0.04572440168715472,,,
all,six_nations,spearman,c2k15,0.005,0.003236171302454134,1.0,3.287991382496981,535,0.0003919750720722265,0.0003726619555475811,,,
all,six_nations,spearman,h1_oct1,0.005,0.008930547303785596,1.5148527754216796,37.930995705819164,535,0.0013313438454626825,-0.003716534839434423,,,
all,six_nations,spearman,mk,0.005,0.004072919331884816,1.0,5.208099622816655,535,0.0004933245800212217,-0.0003326643959865465,,,
all,six_nations,spearman,h2,0.005,0.010316286866956296,1.573192656562711,52.56496707525294,535,0.0015672609459421146,-0.005406384528774005,,,
all,six_nations,spearman,sk,0.005,0.0058027214376189335,1.7286506238314323,18.27419850936145,535,0.000924085769711473,0.001173675158952216,,,
all,six_nations,spearman,sk_mk,0.005,0.006995698868701592,1.5443393823058875,23.7286279162426,535,0.0010530025586908455,0.0006918601349038144,,,
all,six_nations,spearman,sk_h2,0.005,0.011431094989729714,1.718627207370042,70.50582780674581,535,0.0018151211669699945,-0.004926880578676758,,,
all,six_nations,spearman,null3_a,0.005,0.004405034620803333,1.3413664216024739,8.17172510169369,535,0.0006179452347605381,-0.0009338775680238776,,,
all,six_nations,spearman,null3_b,0.005,0.004400237945601915,1.1778289334813457,7.15982171615672,535,0.0005784212204195334,-0.0008053284306649893,,,
all,ncr,mae,empirical_baseline,0.02,0.5775736835966404,3.0267816638130793,19812.69579916515,535,0.12170961549544355,0.31692732242588184,,,
all,ncr,mae,c2k15,0.02,0.03175518757556884,1.2430069833518311,24.59521462451278,535,0.00428823337910315,-0.002924247102898971,,,
all,ncr,mae,h1_oct1,0.02,0.12620046687686043,2.3002139080353476,718.8492624155717,535,0.02318312732269399,0.030377803674618144,,,
all,ncr,mae,mk,0.02,0.03658819752133167,1.6592749002969418,43.58610461234996,535,0.005708567400516785,-0.004055295082202448,,,
all,ncr,mae,h2,0.02,0.1570202790243341,2.407421774943642,1164.692709996826,535,0.02950929155110461,0.041014411085348805,,,
all,ncr,mae,sk,0.02,0.047020493652992455,1.856747462298,80.55173348610187,535,0.007760515133017639,0.011243247524271258,,,
all,ncr,mae,sk_mk,0.02,0.05837602086647619,2.31673513108347,154.91484777785078,535,0.01076216452459578,0.007378201110673165,,,
all,ncr,mae,sk_h2,0.02,0.16219514764146947,2.4465027220691042,1262.900401485956,535,0.03072823781543348,0.04964890845600399,,,
all,ncr,mae,null3_a,0.02,0.02615940021346611,1.077795909764138,14.47237405315539,535,0.0032894477624364885,0.00564423249201733,,,
all,ncr,mae,null3_b,0.02,0.02673476273808764,1.0,14.024918678447001,535,0.0032381971075353174,0.004808319919560837,,,
all,ncr,mse,empirical_baseline,0.5,46.117194139599384,2.1638142962922213,144481.88662435877,535,8.216745115418663,8.033416674473251,,,
all,ncr,mse,c2k15,0.5,0.7282688078735903,1.4703518856375846,24.483436046028316,535,0.10696194634277087,-0.15546327037927551,,,
all,ncr,mse,h1_oct1,0.5,3.3358196179428186,1.9729613157557693,689.273136587457,535,0.5675299558100897,0.40003558210315254,,,
all,ncr,mse,mk,0.5,0.8422199698604971,1.679964086533333,37.41267257256142,535,0.13222162182070624,0.046960631577552,,,
all,ncr,mse,h2,0.5,4.634462106325691,1.9711924067660758,1329.2153699593555,535,0.7881171724757053,0.789929330504056,,,
all,ncr,mse,sk,0.5,1.0447964762660307,1.4587417207363584,49.99303104101282,535,0.15284380739309397,-0.07740880293461226,,,
all,ncr,mse,sk_mk,0.5,1.2756361954285695,1.4032427863916637,71.68926890823212,535,0.1830291189082567,-0.03806063334748527,,,
all,ncr,mse,sk_h2,0.5,4.677096376338187,2.0433888423478823,1403.3671996781793,535,0.8098018679097854,0.7700091793640997,,,
all,ncr,mse,null3_a,0.5,0.5867828888773785,1.193801049163675,12.904895853978852,535,0.07765516831100605,0.10579052808408468,,,
all,ncr,mse,null3_b,0.5,0.6005073401677505,1.0,11.321508747895503,535,0.07273530537881381,0.11715400799538904,,,
all,ncr,pearson,empirical_baseline,0.005,0.04661310938390823,3.322291855395768,2266.3219001270268,535,0.010290913104739556,-0.04750287264989176,,,
all,ncr,pearson,c2k15,0.005,0.005533816208658879,1.19313920070996,11.471183916110633,535,0.0007321452257537127,0.0012793853173837493,,,
all,ncr,pearson,h1_oct1,0.005,0.01674047293293548,1.7326751679985364,152.44748474983626,535,0.002669028707347779,-0.0025209952474421057,,,
all,ncr,pearson,mk,0.005,0.005741863235969749,1.780854539843762,18.433245259173646,535,0.0009280983788887711,-0.0004174473480196382,,,
all,ncr,pearson,h2,0.005,0.01962933164314817,1.8497601394008005,223.76600470730315,535,0.0032336288222605813,-0.005346083915936652,,,
all,ncr,pearson,sk,0.005,0.007850140629074187,1.205059521299955,23.314764771614467,535,0.0010437791860962637,0.0009055084947164736,,,
all,ncr,pearson,sk_mk,0.005,0.009939278803289904,1.1141767084692726,34.55663830491346,535,0.0012707463092500372,0.0003591991444914465,,,
all,ncr,pearson,sk_h2,0.005,0.02107131950808234,1.7809551916048842,248.25849807401573,535,0.0034060041685209435,-0.005078562266560524,,,
all,ncr,pearson,null3_a,0.005,0.005211170500157352,1.3412204132272436,11.435058378370519,535,0.0007309914653084279,-0.000918756207065619,,,
all,ncr,pearson,null3_b,0.005,0.0052594318163386305,1.0,8.68451009699934,535,0.0006370386399832783,-0.0009765720112485427,,,
all,ncr,spearman,empirical_baseline,0.005,0.040993438083805483,3.1372222958375193,1655.1663416557224,535,0.008794556360197898,-0.04842887416859585,,,
all,ncr,spearman,c2k15,0.005,0.004934004342911601,1.1146906240827537,8.519636567870485,535,0.0006309626441491642,0.001276830806835965,,,
all,ncr,spearman,h1_oct1,0.005,0.010775563420956175,1.0,36.454205764479454,535,0.0013051695518544039,-0.002773141469913981,,,
all,ncr,spearman,mk,0.005,0.004610990327999101,1.0,6.675074057631509,535,0.000558497402399916,0.0004976738286951618,,,
all,ncr,spearman,h2,0.005,0.01258460226473861,1.297860111421736,64.53191296943,535,0.0017365223729749418,-0.0049494034984393104,,,
all,ncr,spearman,sk,0.005,0.007827786349299115,1.4251510722355685,27.4161518553839,535,0.001131869511636867,-0.0001635980078077472,,,
all,ncr,spearman,sk_mk,0.005,0.008638524156346397,1.4189312034342967,33.24360468468353,535,0.0012463705192465417,0.00015689167246712052,,,
all,ncr,spearman,sk_h2,0.005,0.013636755742531268,1.7026871407498414,99.40875741631952,535,0.002155288620613437,-0.00521562162194428,,,
all,ncr,spearman,null3_a,0.005,0.004852337261576461,1.2522712495503514,9.256952463648252,535,0.0006576989221012118,-0.0006956098602075596,,,
all,ncr,spearman,null3_b,0.005,0.004841719033585053,1.0,7.359813903262949,535,0.0005864439764680441,-0.0006274769053528815,,,
all,srp,mae,empirical_baseline,0.02,0.5782746383018224,2.9515024702606167,19366.856096219642,535,0.1203324245928275,0.4451354834379359,,,
all,srp,mae,c2k15,0.02,0.03157961153290138,1.2640544957293254,24.735861899545217,535,0.004300476991544096,-0.0029996934807885907,,,
all,srp,mae,h1_oct1,0.02,0.12814308054462809,1.9568895961366246,630.5279285114063,535,0.021712271882253636,0.052606721910556695,,,
all,srp,mae,mk,0.02,0.05568276066047022,2.6319795984495005,160.12963706592038,535,0.010941804838937608,-0.0024566395765370703,,,
all,srp,mae,h2,0.02,0.16255858891304598,2.2806857281903614,1182.586643474724,535,0.029735112740676264,0.06889753303932915,,,
all,srp,mae,sk,0.02,0.07095571651176291,2.8335650967321557,279.9340048805442,535,0.014467081676935946,0.02483737130837233,,,
all,srp,mae,sk_mk,0.02,0.09258032232376878,3.393651641950332,570.7584109724135,535,0.020657571506353844,0.023304068814114832,,,
all,srp,mae,sk_h2,0.02,0.17663076090303564,2.5888409821991325,1584.8411459884514,535,0.03442278256645639,0.0899583049711678,,,
all,srp,mae,null3_a,0.02,0.03758304697117983,1.117909136853054,30.984048408417195,535,0.004813070087776059,0.006829158803792871,,,
all,srp,mae,null3_b,0.02,0.03629104007418975,1.35068350078816,34.906001894957164,535,0.0051086148163689196,0.0068867561528328505,,,
all,srp,mse,empirical_baseline,0.5,46.313520173515286,2.387138544004512,160753.66193698614,535,8.66709487749004,12.51550649675501,,,
all,srp,mse,c2k15,0.5,1.0682785359681342,1.609534970689016,57.66829191504779,535,0.1641578507422131,-0.27683157499174516,,,
all,srp,mse,h1_oct1,0.5,3.829292040690172,2.0224895358500783,931.0884242375347,535,0.6596120440904095,0.7175511680788196,,,
all,srp,mse,mk,0.5,1.8953581657935796,1.926982808528744,217.3342072846673,535,0.31868172333415623,0.28807471178707306,,,
all,srp,mse,h2,0.5,5.297228312751144,2.1482818200279805,1892.5889598228468,535,0.9404187175950931,1.4867447521104271,,,
all,srp,mse,sk,0.5,2.2463688106231845,1.5601230678396567,247.16595230587413,535,0.3398501266060479,-0.1550400382245282,,,
all,srp,mse,sk_mk,0.5,2.898070393484718,1.6462039061154456,434.07937801687984,535,0.45037854172796615,0.15852016993262363,,,
all,srp,mse,sk_h2,0.5,5.642441754383344,2.257965694112451,2256.9356391165466,535,1.0269580429682013,1.514983270937286,,,
all,srp,mse,null3_a,0.5,1.325535943162617,1.3514049229403822,74.54803143014021,535,0.18664278369568163,0.22867147164307705,,,
all,srp,mse,null3_b,0.5,1.2628949737290165,1.0239811759808746,51.273635119994715,535,0.1547890260303901,0.22676061022474936,,,
all,srp,pearson,empirical_baseline,0.005,0.04692434488446814,3.685288628845779,2547.6256292082962,535,0.010910908605543286,-0.039951074603989174,,,
all,srp,pearson,c2k15,0.005,0.0034532441923963426,1.0446473283040592,3.9110371749474337,535,0.00042750291986473117,0.0008002992243320954,,,
all,srp,pearson,h1_oct1,0.005,0.013227147139830173,1.6280926517334924,89.42915999679182,535,0.002044243799093068,-0.002464503856524955,,,
all,srp,pearson,mk,0.005,0.005644525339128559,2.2347055154846527,22.353360428020245,535,0.001022032070294874,-0.001271766425667052,,,
all,srp,pearson,h2,0.005,0.016712090080849073,1.8491379122927643,162.14311217220214,535,0.00275259531036189,-0.005287884266658227,,,
all,srp,pearson,sk,0.005,0.007739796168225198,1.2153545435691695,22.85755122642259,535,0.0010334940108165014,0.0009258886708581742,,,
all,srp,pearson,sk_mk,0.005,0.009787330423845973,1.3644357664620337,41.034510976303,535,0.0013847384276141667,-0.0004633916223193508,,,
all,srp,pearson,sk_h2,0.005,0.01839016413699267,1.7681507526343696,187.74058510623414,535,0.0029619123109360435,-0.005237798931872964,,,
all,srp,pearson,null3_a,0.005,0.0049808531841870445,1.4509625163694149,11.301376419362233,535,0.0007267060628888112,-0.0008314401306870385,,,
all,srp,pearson,null3_b,0.005,0.004879228319640075,1.0,7.474290063782158,535,0.0005909872171468196,-0.0008624572498505413,,,
all,srp,spearman,empirical_baseline,0.005,0.03480009752906019,3.066961766198666,1166.1031003756887,535,0.0073817883390799085,-0.03858819894614269,,,
all,srp,spearman,c2k15,0.005,0.0034638381230231207,1.2200295369313734,4.595716038321417,535,0.0004634145939683708,0.0008397243877572457,,,
all,srp,spearman,h1_oct1,0.005,0.009855482472441125,1.3921693136289013,42.45369568431715,535,0.0014084805839421153,-0.003215370236780839,,,
all,srp,spearman,mk,0.005,0.003723753353590699,1.4069251365263291,6.124920690568141,535,0.0005349871467828085,-4.5830996940634226e-05,,,
all,srp,spearman,h2,0.005,0.011017687007415233,1.887394022075446,71.93017261089899,535,0.0018333638534674148,-0.005281542865149249,,,
all,srp,spearman,sk,0.005,0.007362502082269413,1.4038192917533716,23.8907472369929,535,0.0010565936105255448,-0.0008053636197633341,,,
all,srp,spearman,sk_mk,0.005,0.007919196266594928,1.5970951467484829,31.44565670438005,535,0.0012121976779737903,-0.0009031480428706013,,,
all,srp,spearman,sk_h2,0.005,0.012830427024202163,2.1452496758367148,110.87349370390844,535,0.0022761819739834754,-0.0058479940289290445,,,
all,srp,spearman,null3_a,0.005,0.0039672286462444015,1.4200744471823277,7.017028511394205,535,0.0005726242472772374,-0.0005762283698431695,,,
all,srp,spearman,null3_b,0.005,0.003995004751592305,1.0,5.010744590673906,535,0.00048388732520023177,-0.0007020196011452167,,,
club,six_nations,mae,empirical_baseline,0.02,0.6581929793638042,2.5563261665802237,21730.536061879196,448,0.13929201104501138,0.44754295853142956,0.1827105467857078,655.0507041960266,0.1419697372081623
club,six_nations,mae,c2k15,0.02,0.026331030261304334,1.0,13.604525144163585,448,0.003485239941545784,-0.001580053451550642,,,
club,six_nations,mae,h1_oct1,0.02,0.14626312130310196,2.0989055732060637,881.0696842430995,448,0.028047626654163427,0.05266908772502375,0.047822567370012455,44.875929652873005,0.03715908819485505
club,six_nations,mae,mk,0.02,0.029417752719166794,1.1800430402998376,20.03846808310874,448,0.004229833254387048,0.005332470871525766,0.03711347424875448,27.02781301451057,0.028837909352640224
club,six_nations,mae,h2,0.02,0.17941411749206357,2.1271828451102497,1343.5868097246796,448,0.03463569084212586,0.07428526207168894,0.07728622737421234,117.20655466404108,0.06005293937955361
club,six_nations,mae,sk,0.02,0.04297631198547183,1.5832450499256405,57.37914989383123,448,0.0071576102040959095,0.009020001650547536,,,
club,six_nations,mae,sk_mk,0.02,0.052926798833103174,1.3499719249157975,74.20337771867722,448,0.008139595556306684,0.013483567340031108,,,
club,six_nations,mae,sk_h2,0.02,0.18161859163008123,2.075209398585337,1343.1676276586795,448,0.03463028747223354,0.08154081773122217,,,
club,six_nations,mae,null3_a,0.02,0.030924011070640765,1.1172524793456333,20.964796467848917,448,0.004326496073598716,0.006791009478959456,,,
club,six_nations,mae,null3_b,0.02,0.02837707633570389,1.00793533620039,15.92632783316641,448,0.003770932983404392,0.0061218534910570015,,,
club,six_nations,mse,empirical_baseline,0.5,64.0985168225518,1.7651054588264758,227684.92918431526,448,11.271926281229028,11.133242437699915,,,
club,six_nations,mse,c2k15,0.5,0.49495069796499835,1.353985423198625,10.413711377909836,448,0.07623137718247772,-0.04687061127726138,,,
club,six_nations,mse,h1_oct1,0.5,4.506543966265844,1.8881352291747904,1203.8932688710063,448,0.819643483606254,0.7018956542261866,,,
club,six_nations,mse,mk,0.5,0.6782914381836593,1.23584954681962,17.851139296758635,448,0.09980768140920061,0.26317373811119105,,,
club,six_nations,mse,h2,0.5,6.304483689242536,1.951042680102894,2434.632901658641,448,1.1655951742781803,1.2390959261727958,,,
club,six_nations,mse,sk,0.5,0.9471090634718597,2.1940317618319614,61.78891392121549,448,0.185689043066531,0.022281286294385368,,,
club,six_nations,mse,sk_mk,0.5,1.1932330078504887,1.6918952470078352,75.62957386631699,448,0.20543612942619024,0.26960209135889557,,,
club,six_nations,mse,sk_h2,0.5,6.323150173148668,1.9897222286758078,2497.6242957024447,448,1.180577637374886,1.2781735861910068,,,
club,six_nations,mse,null3_a,0.5,0.6696175013752215,1.0,14.077361328949033,448,0.0886322197874913,0.1566678721720394,,,
club,six_nations,mse,null3_b,0.5,0.6645178275697792,1.0,13.863757049868989,448,0.08795721441705193,0.17568676753444729,,,
club,six_nations,pearson,empirical_baseline,0.005,0.043244642870699866,3.5762943994192473,2099.7401774095288,448,0.010824647845150154,-0.050151978889599526,,,
club,six_nations,pearson,c2k15,0.005,0.0034508639828661094,1.3786430160715786,5.1543650616270655,448,0.0005363133215625349,1.2085828363668555e-05,,,
club,six_nations,pearson,h1_oct1,0.005,0.018178196769472597,1.8049692979302352,187.2574414614233,448,0.003232589366146599,-0.004447060443912945,,,
club,six_nations,pearson,mk,0.005,0.00469484573086755,1.3660186953965463,9.452941311032,448,0.0007262973810088177,-0.0018027781270055453,,,
club,six_nations,pearson,h2,0.005,0.02149330737601101,1.9145468428571333,277.677161822316,448,0.003936416814037178,-0.007370434670265267,,,
club,six_nations,pearson,sk,0.005,0.0052201254136420155,1.5250294745417652,13.046913333178916,448,0.0008532668750809622,0.0008765252788207794,,,
club,six_nations,pearson,sk_mk,0.005,0.007232527623632405,1.119231390967337,18.380941391580464,448,0.0010127794310063002,-0.0011033603624348793,,,
club,six_nations,pearson,sk_h2,0.005,0.022395083886951394,1.8580236104642534,292.5662879300197,448,0.004040574680177913,-0.007066417533135009,,,
club,six_nations,pearson,null3_a,0.005,0.00462097401265464,1.0188951493358898,6.830684288982899,448,0.0006173949940081131,-0.0011415199038290439,,,
club,six_nations,pearson,null3_b,0.005,0.004426057023781889,1.0,6.150376124916772,448,0.0005858437960748353,-0.0011953290496056694,,,
club,six_nations,spearman,empirical_baseline,0.005,0.031755672201309995,2.8469993441453516,901.3586971745887,448,0.0070921812188173994,-0.049891772401784995,,,
club,six_nations,spearman,c2k15,0.005,0.0030182546748549516,1.0225978686967516,2.9247201221981443,448,0.0004039923616204449,0.00046771276485795086,,,
club,six_nations,spearman,h1_oct1,0.005,0.009055372119110125,1.5218426877737583,39.17870090192062,448,0.0014786180826227454,-0.0039875362300893285,,,
club,six_nations,spearman,mk,0.005,0.0036731159519848714,1.0,4.23581459502803,448,0.00048618266352455636,-0.0005571123884460325,,,
club,six_nations,spearman,h2,0.005,0.010261817093529472,1.4585584507558158,48.2214253000014,448,0.0016404047522231059,-0.006093534992945001,,,
club,six_nations,spearman,sk,0.005,0.0051293633435958415,1.364573173779332,11.27175194568335,448,0.0007930977334642181,0.0007334796270037295,,,
club,six_nations,spearman,sk_mk,0.005,0.00603722256536391,1.1304403514010826,12.935692719570095,448,0.0008496221822990389,7.394599591773257e-05,,,
club,six_nations,spearman,sk_h2,0.005,0.01132012031871184,1.3305589622376237,53.53081755922398,448,0.0017283549407734458,-0.005936597474255173,,,
club,six_nations,spearman,null3_a,0.005,0.0042290002064912955,1.4506797624787675,8.145441541116263,448,0.0006741993242780167,-0.0008840458395997976,,,
club,six_nations,spearman,null3_b,0.005,0.004065517628584704,1.0034661786015093,5.2071741479423554,448,0.0005390537213541076,-0.0007407645032736153,,,
club,ncr,mae,empirical_baseline,0.02,0.6166307988914727,3.146599082055332,23476.83351675194,448,0.14478072557181065,0.34525595631819334,,,
club,ncr,mae,c2k15,0.02,0.026845700152848487,1.0,14.141554562514031,448,0.0035533629145141745,-0.005594489612034679,,,
club,ncr,mae,h1_oct1,0.02,0.13495134988994315,2.421306551624603,865.2705580961364,448,0.027795017508541377,0.03162435467023789,,,
club,ncr,mae,mk,0.02,0.021017712507546173,1.0,8.667993514109817,448,0.0027819561325283936,0.0006489722632365949,,,
club,ncr,mae,h2,0.02,0.16549043093439622,2.402195195708894,1290.9271985261832,448,0.03395016303514114,0.04892176902832538,,,
club,ncr,mae,sk,0.02,0.0446184364860144,1.7141146417631254,66.96012308880235,448,0.007732129343617494,0.015226876920553361,,,
club,ncr,mae,sk_mk,0.02,0.048694932050581216,1.5511465917215952,72.17188600579044,448,0.00802740206628156,0.01576435831077386,,,
club,ncr,mae,sk_h2,0.02,0.17025006118222705,2.3795776016848014,1353.3873378461678,448,0.03476178291814682,0.060995392946891526,,,
club,ncr,mae,null3_a,0.02,0.025526023290127188,1.0395078530908533,13.290514089493016,448,0.003444783075470404,0.005433744457430604,,,
club,ncr,mae,null3_b,0.02,0.025809331635076888,1.0,13.07077080632611,448,0.003416186627963537,0.0038491509338933294,,,
club,ncr,mse,empirical_baseline,0.5,50.28570627106872,1.8376212078252847,145885.71517984272,448,9.022717953835517,8.86531968239939,,,
club,ncr,mse,c2k15,0.5,0.5976580311312054,1.0539709979639347,11.819574600337974,448,0.08121419059901346,-0.20477726475086883,,,
club,ncr,mse,h1_oct1,0.5,3.588083647371412,1.846896510811488,746.5095100730281,448,0.6454292894459321,0.3952713611041588,,,
club,ncr,mse,mk,0.5,0.45755826126401633,1.178169621065998,7.744052493959441,448,0.06573779631941372,0.11112170690173571,,,
club,ncr,mse,h2,0.5,4.97041394279152,1.9241916762595548,1492.4545532265752,448,0.9126022916083207,0.8997832438328796,,,
club,ncr,mse,sk,0.5,0.9376212245863628,1.646262151332938,45.43824187145143,448,0.15923618231615091,-0.03976721116396733,,,
club,ncr,mse,sk_mk,0.5,1.0461645509826443,1.4553912702204896,50.00891492394169,448,0.16705316686682514,0.052869433596081074,,,
club,ncr,mse,sk_h2,0.5,5.005753071352735,1.9510597367926972,1534.8893672391368,448,0.9254853237068862,0.9200553263729553,,,
club,ncr,mse,null3_a,0.5,0.5492328447848732,1.0,9.470669195983989,448,0.07269781048659331,0.1079336468752262,,,
club,ncr,mse,null3_b,0.5,0.5665882742790112,1.0,10.07866083718423,448,0.07499501782999693,0.11344876756362376,,,
club,ncr,pearson,empirical_baseline,0.005,0.045056574150053964,4.056979930338607,2585.751943831842,448,0.01201225179948321,-0.05129942423268548,,,
club,ncr,pearson,c2k15,0.005,0.004922894303884296,1.0052078737039676,7.648293941197016,448,0.0006533009392724748,0.001528809899647587,,,
club,ncr,pearson,h1_oct1,0.005,0.01768858549348824,1.8144903688872207,178.24138299688622,448,0.0031538081342393194,-0.0024906709141840314,,,
club,ncr,pearson,mk,0.005,0.00430248946650982,1.3109956149588584,7.619185311350397,448,0.0006520565556372116,-0.0009498260163883726,,,
club,ncr,pearson,h2,0.005,0.02047807259661464,1.9641252283942918,258.5919472473465,448,0.0037987306036452065,-0.006055139673790703,,,
club,ncr,pearson,sk,0.005,0.007588472270100875,1.2029399143965165,21.748049066924647,448,0.0011016436853802621,0.0007059681238759964,,,
club,ncr,pearson,sk_mk,0.005,0.00883699325411251,1.0079296466602665,24.71194520598154,448,0.0011743146083741504,-0.0003492820245435132,,,
club,ncr,pearson,sk_h2,0.005,0.021888930959245063,1.8442056416865877,277.4125567737023,448,0.0039345408152799645,-0.006030310532624751,,,
club,ncr,pearson,null3_a,0.005,0.005085610599420814,1.0510877971069024,8.534790539297465,448,0.0006901244768065988,-0.0010261884396056884,,,
club,ncr,pearson,null3_b,0.005,0.005079973127268452,1.0,8.101967481058388,448,0.0006723977402112567,-0.0009704270450159074,,,
club,ncr,spearman,empirical_baseline,0.005,0.03773666744810287,3.752638452804395,1677.7663496829978,448,0.00967601955015536,-0.05276588715985057,,,
club,ncr,spearman,c2k15,0.005,0.004531425627093621,1.2464106945124618,8.035234311058096,448,0.0006696228579002052,0.0015279331278886196,,,
club,ncr,spearman,h1_oct1,0.005,0.010919812491972993,1.0,37.43674040366192,448,0.0014453732449331673,-0.002948731790633986,,,
club,ncr,spearman,mk,0.005,0.0037545110557424695,1.0,4.425623259640668,448,0.0004969563196955091,0.0003968169432857066,,,
club,ncr,spearman,h2,0.005,0.012261404829861638,1.174243176916083,55.425060321475186,448,0.0017586689036263538,-0.005699470340832666,,,
club,ncr,spearman,sk,0.005,0.006858478175179751,1.3382845952614744,19.76385535543177,448,0.0010501874661367802,-0.0008559000619689211,,,
club,ncr,spearman,sk_mk,0.005,0.007461474333448655,1.1227351103212635,19.624304271054367,448,0.0010464732510321521,-0.0006004090634028626,,,
club,ncr,spearman,sk_h2,0.005,0.01328928803959689,1.4126173086506257,78.32413703348746,448,0.0020906378393996017,-0.00625211508687693,,,
club,ncr,spearman,null3_a,0.005,0.004635157013254877,1.186922752110388,8.006063331302682,448,0.0006684062589249265,-0.0008294041450851146,,,
club,ncr,spearman,null3_b,0.005,0.004760836813722739,1.0,7.115972432151651,448,0.0006301560726528943,-0.0006537618799783516,,,
club,srp,mae,empirical_baseline,0.02,0.6137113484559773,2.939916805625347,21727.563724843396,448,0.13928248442862504,0.48132864229612643,,,
club,srp,mae,c2k15,0.02,0.025862926610412368,1.0,13.125112003337946,448,0.0034232805907462955,-0.005985775061479277,,,
club,srp,mae,h1_oct1,0.02,0.13683108056338678,1.9123834108363345,702.5741460916101,448,0.025045924712907924,0.05400632813830127,,,
club,srp,mae,mk,0.02,0.02893066340955364,1.319857839152729,21.676623010197225,448,0.004399332641171396,0.007045120654978274,,,
club,srp,mae,h2,0.02,0.1678020613626713,2.091640865316288,1155.658145561365,448,0.03212222952980544,0.08147878731744551,,,
club,srp,mae,sk,0.02,0.06604311707021546,2.600230731981406,222.5433880348474,448,0.01409607936990078,0.03199681986894419,,,
club,srp,mae,sk_mk,0.02,0.07250031699981026,2.2025750871429874,227.17378654147436,448,0.01424197100065364,0.039440358573507035,,,
club,srp,mae,sk_h2,0.02,0.1804997785989643,2.1093463434058712,1348.493709138084,448,0.03469887952516422,0.10901889382639204,,,
club,srp,mae,null3_a,0.02,0.0362431311160006,1.0028891205980166,25.84949265839036,448,0.004804154885021622,0.007001095591239366,,,
club,srp,mae,null3_b,0.02,0.034283157249473346,1.194931784308766,27.558299639425396,448,0.004960405696922217,0.005877429632993161,,,
club,srp,mse,empirical_baseline,0.5,50.181673762228876,2.36150621649785,186701.17212177903,448,10.207150530042998,13.581385346691173,,,
club,srp,mse,c2k15,0.5,0.8530481899382168,1.231072883069213,28.125390607761812,448,0.12527957709605778,-0.3583540115975102,,,
club,srp,mse,h1_oct1,0.5,3.9463690565331464,2.056364566116777,1005.4562360464898,448,0.7490530614484054,0.6759555900980985,,,
club,srp,mse,mk,0.5,1.0757084755229511,1.3473774319112617,48.949258305441994,448,0.16527381620278894,0.4755110788984095,,,
club,srp,mse,h2,0.5,5.375602687574195,2.4179583457518197,2193.667523397791,448,1.1064107841686377,1.7024273161843426,,,
club,srp,mse,sk,0.5,1.9875072224619612,1.717671206406446,213.0223309467007,448,0.34478118946463704,-0.067376721263033,,,
club,srp,mse,sk_mk,0.5,2.3539203727588145,1.6389715738880433,285.1166781743987,448,0.3988800435717745,0.40048310145893373,,,
club,srp,mse,sk_h2,0.5,5.74371411018103,2.4303524711166995,2517.228031592355,448,1.1852017307739904,1.8285359138132904,,,
club,srp,mse,null3_a,0.5,1.212459568245163,1.0,46.153240202512414,448,0.16048413118750762,0.23678722856382234,,,
club,srp,mse,null3_b,0.5,1.1581279502406145,1.0035916980545805,42.260809532623576,448,0.1535677083042855,0.23415450586097056,,,
club,srp,pearson,empirical_baseline,0.005,0.047942579460234634,4.153423917757223,2997.2068662978845,448,0.01293270456825094,-0.043810461964480275,,,
club,srp,pearson,c2k15,0.005,0.003044570170133684,1.0,2.9101785935985074,448,0.00040298679757254315,0.0010086965036485028,,,
club,srp,pearson,h1_oct1,0.005,0.014202440901636361,1.7117367678199937,108.40033562347774,448,0.002459497077015107,-0.0025477447822884933,,,
club,srp,pearson,mk,0.005,0.004350153128833467,1.4522300327049615,8.62804038622031,448,0.0006938843332869275,-0.0019449648448339478,,,
club,srp,pearson,h2,0.005,0.017653733256991242,1.8853030625242748,184.46839086415332,448,0.003208425630414614,-0.006200965149319996,,,
club,srp,pearson,sk,0.005,0.007337643599806485,1.179931061627754,19.94516012061661,448,0.0010549934442664198,0.0006407943522447316,,,
club,srp,pearson,sk_mk,0.005,0.008669306764103683,1.011350041144644,23.863706770811405,448,0.0011539844302829471,-0.0014208186045887132,,,
club,srp,pearson,sk_h2,0.005,0.01927229132378336,1.6398284659807483,191.21976973058094,448,0.0032666107938833875,-0.006496499150195641,,,
club,srp,pearson,null3_a,0.005,0.004852058864067034,1.0910861517619668,8.064525724353059,448,0.0006708422596232946,-0.0009696889302947403,,,
club,srp,pearson,null3_b,0.005,0.004663225138152669,1.0,6.8271655313495385,448,0.0006172359511429522,-0.0008938812081687007,,,
club,srp,spearman,empirical_baseline,0.005,0.03337244699613752,2.6644682731860327,931.6532925652158,448,0.007210380091113559,-0.042482151913244295,,,
club,srp,spearman,c2k15,0.005,0.0031336517772873706,1.0221955610574067,3.1513970597026626,448,0.000419355709298094,0.0010345544536034612,,,
club,srp,spearman,h1_oct1,0.005,0.010175181932184169,1.3020248589471874,42.32249947832552,448,0.0015367975216906144,-0.0036374133841959996,,,
club,srp,spearman,mk,0.005,0.003056086658543645,1.0,2.9322365023965378,448,0.0004045111483098453,-0.0002617834720384709,,,
club,srp,spearman,h2,0.005,0.011107456612696695,1.4464840498041804,56.028702594081565,448,0.0017682199261570986,-0.006130545945210189,,,
club,srp,spearman,sk,0.005,0.006649838430074251,1.5211117242139354,21.11791155104619,448,0.0010855666196328349,-0.001318848558850789,,,
club,srp,spearman,sk_mk,0.005,0.007150778634684452,1.1846695646227112,19.0182943509399,448,0.001030188694978872,-0.0016213181767802723,,,
club,srp,spearman,sk_h2,0.005,0.01276090048823072,1.5928113126136618,81.4319137544309,448,0.002131710959713031,-0.007157811820270493,,,
club,srp,spearman,null3_a,0.005,0.0036845106560151235,1.1780470658768385,5.0209967657577605,448,0.0005293293413939844,-0.0006303290183194554,,,
club,srp,spearman,null3_b,0.005,0.003839255016632886,1.0,4.627661528771205,448,0.0005081732388349823,-0.0006142403963755644,,,
international,six_nations,mae,empirical_baseline,0.02,0.2516044972558099,3.166836213842717,3933.7801539876277,87,0.13448548447908906,0.2699320428887491,0.1827105467857078,655.0507041960266,0.1419697372081623
international,six_nations,mae,c2k15,0.02,0.03901771850754703,1.2765830346274025,38.13471404452438,87,0.01324129973210766,0.0012789653692456715,,,
international,six_nations,mae,h1_oct1,0.02,0.06355995467716041,2.7127512233062205,215.04275184697778,87,0.031443636992918404,0.03712738158647273,0.047822567370012455,44.875929652873005,0.03715908819485505
international,six_nations,mae,mk,0.02,0.07850336474652385,1.2675416257524492,153.2803405608994,87,0.026546886785104327,-0.03534566387371214,0.03711347424875448,27.02781301451057,0.028837909352640224
international,six_nations,mae,h2,0.02,0.09481695168469755,2.0152463465802057,355.50671104376033,87,0.040429118392494044,0.018494310557657614,0.07728622737421234,117.20655466404108,0.06005293937955361
international,six_nations,mae,sk,0.02,0.05169571561738154,1.5468581830078023,81.11614176540273,87,0.01931185589817138,-0.016443726548501687,,,
international,six_nations,mae,sk_mk,0.02,0.08744650805022659,1.085759753886121,162.91698574170437,87,0.027368661140171564,-0.049483149387375525,,,
international,six_nations,mae,sk_h2,0.02,0.09246170827407486,1.8594092964602875,311.92235936506694,87,0.037869853316116975,0.00443026125722739,,,
international,six_nations,mae,null3_a,0.02,0.036052671075560136,1.5672001868961976,39.971187483390125,87,0.013556385013574838,0.012521146689393158,,,
international,six_nations,mae,null3_b,0.02,0.03563102821045822,1.0,24.91175897280305,87,0.010702187760615222,0.013335379002211847,,,
international,six_nations,mse,empirical_baseline,0.5,5.648861659494412,1.8939835640462217,1897.4299429519324,87,2.335034238194386,4.544699624836299,,,
international,six_nations,mse,c2k15,0.5,0.8004940345564749,1.4030318519543203,28.226133817194835,87,0.28479743667116797,0.07574119379933084,,,
international,six_nations,mse,h1_oct1,0.5,1.3268379634224832,1.6115190345084867,89.07152409543329,87,0.5059176370187616,0.4854062630215261,,,
international,six_nations,mse,mk,0.5,1.727103479705851,1.2260774344395284,114.82125349743183,87,0.5744093755674141,-0.3349938328644075,,,
international,six_nations,mse,h2,0.5,2.1123908493369856,1.3051545505302489,182.8429260991444,87,0.7248521967832128,0.2533924984069792,,,
international,six_nations,mse,sk,0.5,1.1976081471651463,1.5675433704724935,70.58569823872233,87,0.45036925539297756,-0.47649631679087073,,,
international,six_nations,mse,sk_mk,0.5,1.8441893459524188,1.0,106.7772381451351,87,0.5539234099541341,-0.7488050659170439,,,
international,six_nations,mse,sk_h2,0.5,2.0877373231274503,1.0400880776284078,142.32772078199972,87,0.6395214643751614,-0.12778605101912438,,,
international,six_nations,mse,null3_a,0.5,0.8950648281154937,2.096486995097492,52.7313417469066,87,0.38926449118858286,0.15817828706512385,,,
international,six_nations,mse,null3_b,0.5,0.9110780331749307,1.0,26.06026436647855,87,0.27365273092928066,0.2044769216150339,,,
international,six_nations,pearson,empirical_baseline,0.005,0.03258021144959559,1.5564766246815969,518.7021712495437,87,0.012208699687526667,-0.024307915088567715,,,
international,six_nations,pearson,c2k15,0.005,0.005242240980859463,1.0985870905583608,9.478423725985884,87,0.0016503590453993868,0.00021552095277315445,,,
international,six_nations,pearson,h1_oct1,0.005,0.007434721638390163,1.1630634904491226,20.183687556530856,87,0.002408300275587313,-0.0021136461049095965,,,
international,six_nations,pearson,mk,0.005,0.006928937654612078,1.9805149370240058,29.852389221485197,87,0.002928868854147382,0.0022681071063019097,,,
international,six_nations,pearson,h2,0.005,0.009474838550111319,1.551985742661144,43.74203965674928,87,0.0035453563467587666,-0.001276152258924432,,,
international,six_nations,pearson,sk,0.005,0.005725489662109205,1.7514507937519659,18.025647588969484,87,0.002275913836227936,0.0024390877711712787,,,
international,six_nations,pearson,sk_mk,0.005,0.009029834828215117,1.0,25.599252180694275,87,0.002712214399429987,0.0045735176594192545,,,
international,six_nations,pearson,sk_h2,0.005,0.010312301795100872,1.0827383677222118,36.14951053717104,87,0.00322300952282871,0.0005026345685278134,,,
international,six_nations,pearson,null3_a,0.005,0.005377447918490112,2.118180897481277,19.23017067311699,87,0.002350725656678093,-0.0006494597262196053,,,
international,six_nations,pearson,null3_b,0.005,0.005825083724338022,1.0,10.653002027945842,87,0.0017496306693970535,-0.0011482748780720258,,,
international,six_nations,spearman,empirical_baseline,0.005,0.03362841103293212,1.5940336774016384,565.9497242036629,87,0.012752616637106542,-0.024264837547449375,,,
international,six_nations,spearman,c2k15,0.005,0.004170047901376319,1.0,5.459460817531815,87,0.0012525216883353843,-0.00011679508549892085,,,
international,six_nations,spearman,h1_oct1,0.005,0.008164567600167484,1.3215184502454356,27.65714045377055,87,0.002819122940451931,-0.002321033425487323,,,
international,six_nations,spearman,mk,0.005,0.005591458708489218,1.3398820629408001,13.151778421162454,87,0.0019440284650045206,0.000823113772080692,,,
international,six_nations,spearman,h2,0.005,0.009917837325507143,1.3736968357079073,42.42213532574484,87,0.003491456540151367,-0.0018679545523532435,,,
international,six_nations,spearman,sk,0.005,0.00813123176157706,1.5179090322043647,31.50838117159238,87,0.003009008561066672,0.0034404291625490203,,,
international,six_nations,spearman,sk_mk,0.005,0.01010968171062438,1.0940072714755429,35.1045038910044,87,0.0031760826686509135,0.003873762827613753,,,
international,six_nations,spearman,sk_h2,0.005,0.010613797502471744,1.16629461687873,41.24939015928229,87,0.0034428582652029868,0.0002725811364856555,,,
international,six_nations,spearman,null3_a,0.005,0.005239302768976366,1.0,8.618162095734226,87,0.0015736846446614292,-0.0011904823304835074,,,
international,six_nations,spearman,null3_b,0.005,0.005846549758048128,1.26391324590773,13.563889140356235,87,0.0019742515779924844,-0.0011377955510251678,,,
international,ncr,mae,empirical_baseline,0.02,0.2633089934265864,1.8242962996980214,2481.843808181863,87,0.10682123445070171,0.17105113870455382,,,
international,ncr,mae,c2k15,0.02,0.0478234233507425,1.4095770731106883,63.258346046852154,87,0.01705411886701728,0.010825967197018239,,,
international,ncr,mae,h1_oct1,0.02,0.06468137778660828,2.306009453542463,189.3072694117273,87,0.029502173651594913,0.023958782455794615,,,
international,ncr,mae,mk,0.02,0.0728519408876603,1.342506294355519,139.81258545909495,87,0.02535382584284672,-0.028279568309290855,,,
international,ncr,mae,h2,0.02,0.09349071306989297,1.8003623483543403,308.7767199662385,87,0.03767841663744039,0.0002960621376074043,,,
international,ncr,mae,sk,0.02,0.053594746206650994,1.0,56.3627429925126,87,0.016097796378431343,-0.009270154424399808,,,
international,ncr,mae,sk_mk,0.02,0.08113084175769095,1.1289282255314261,145.80955300193673,87,0.025891866472585394,-0.03580568883927065,,,
international,ncr,mae,sk_h2,0.02,0.0925773707167842,1.4659456241067037,246.5330957391651,87,0.03366727636223836,-0.008778965703968663,,,
international,ncr,mae,null3_a,0.02,0.029342886554229338,1.2127630487883831,20.489403187300848,87,0.00970588237025832,0.0067281249000041565,,,
international,ncr,mae,null3_b,0.02,0.030762456239871314,1.0163423565781113,18.872512708830957,87,0.009315050905600862,0.009747488949205019,,,
international,ncr,mse,empirical_baseline,0.5,6.374638248033461,1.4143809187805525,1804.451206676909,87,2.277104436974218,3.7495942888306146,,,
international,ncr,mse,c2k15,0.5,1.1656648565481222,1.8194344064612293,77.61603899732843,87,0.4722653860065432,0.09847545925835449,,,
international,ncr,mse,h1_oct1,0.5,1.4757473153177623,1.6851642179684763,115.2215991602427,87,0.575409896778846,0.42456858218992544,,,
international,ncr,mse,mk,0.5,1.7844931862974551,1.5578241582644148,155.74563668205047,87,0.6689879916668144,-0.2834320321607734,,,
international,ncr,mse,h2,0.5,2.13767890033489,1.3138743456417137,188.49786689810992,87,0.7359759079368932,0.22424481129356247,,,
international,ncr,mse,sk,0.5,1.470793476694232,1.2756318165711118,86.63560224509474,87,0.49895178125209666,-0.27124136745471494,,,
international,ncr,mse,sk_mk,0.5,2.0372915947651404,1.0,130.30889221601598,87,0.6119238839113859,-0.506298219447689,,,
international,ncr,mse,sk_h2,0.5,2.206274662136495,1.0203174493349736,155.92729132176316,87,0.6693780165836987,-0.002642244313684905,,,
international,ncr,mse,null3_a,0.5,0.754910702763576,2.0588543893085003,36.8370177875023,87,0.3253513476065136,0.09475469798717208,,,
international,ncr,mse,null3_b,0.5,0.7550640133383981,1.0278066184247765,18.396983552241057,87,0.22992367269391922,0.13623386677045632,,,
international,ncr,pearson,empirical_baseline,0.005,0.049779041998213286,1.424360038059235,1108.1039810019922,87,0.01784434600079181,-0.027952813924701118,,,
international,ncr,pearson,c2k15,0.005,0.007886078237154754,1.3008310866571315,25.398655974247696,87,0.0027015670194196566,-5.007933813944474e-06,,,
international,ncr,pearson,h1_oct1,0.005,0.010668031489823013,1.5340965834903502,54.81367829864532,87,0.003968760131624151,-0.002677148135943452,,,
international,ncr,pearson,mk,0.005,0.009970896302743393,1.857760723003608,57.98635925534682,87,0.004082002806522306,0.002323996829327408,,,
international,ncr,pearson,h2,0.005,0.014026849814175422,1.5575701281245307,96.21340162805043,87,0.005258091783476471,-0.001694854266297397,,,
international,ncr,pearson,sk,0.005,0.009058881573406622,1.330864247480695,34.288665945497904,87,0.0031389592107683106,0.0019330267261708852,,,
international,ncr,pearson,sk_mk,0.005,0.013835961852594189,1.0736943097493892,64.5307970466122,87,0.004306196986281361,0.004007469991935837,,,
international,ncr,pearson,sk_h2,0.005,0.015413587518505946,1.1697040252201476,87.24712317017529,87,0.005007096204909866,-0.00017760567809186128,,,
international,ncr,pearson,null3_a,0.005,0.005815687409618775,2.0504161927278504,21.772675484111137,87,0.0025013028492587813,-0.0003655419521466405,,,
international,ncr,pearson,null3_b,0.005,0.0061340300429353085,1.0417321047795949,12.305960368148748,87,0.0018804774681151384,-0.0010082150557568252,,,
international,ncr,spearman,empirical_baseline,0.005,0.049296685398243396,1.5607739360514172,1190.81174213917,87,0.01849830484730694,-0.02609574979983597,,,
international,ncr,spearman,c2k15,0.005,0.006512587611558276,1.0,13.316031794227815,87,0.0019561303427638854,-1.6201834906438855e-05,,,
international,ncr,spearman,h1_oct1,0.005,0.01001044050713846,1.2096933274578454,38.05829506852942,87,0.0033070064539336827,-0.0018689522321833805,,,
international,ncr,spearman,mk,0.005,0.007643513963467628,1.1100935273085333,20.361668514776056,87,0.002418895237688615,0.0010170288248266093,,,
international,ncr,spearman,h2,0.005,0.013562060333284406,1.3527550458400004,78.1156718995865,87,0.004737829899337206,-0.0010869903330114527,,,
international,ncr,spearman,sk,0.005,0.010982935936592601,1.0,37.870807604742865,87,0.0032988507056813565,0.003401359696378528,,,
international,ncr,spearman,sk_mk,0.005,0.012474717993987377,1.0,48.85726358886958,87,0.003746924546881081,0.004056555231889562,,,
international,ncr,spearman,sk_h2,0.005,0.014224541113735965,1.4640282217438831,93.00229041305384,87,0.005169603088797546,0.00012172403655948271,,,
international,ncr,spearman,null3_a,0.005,0.005827118124003621,1.055023646801172,11.247020937600801,87,0.0017977493062927578,-6.6461863553229344e-06,,,
international,ncr,spearman,null3_b,0.005,0.0052658906309575385,1.0,8.705853118161672,87,0.0015816706137834855,-0.0004921243923389665,,,
international,srp,mae,empirical_baseline,0.02,0.2770862788549989,2.8372248509661184,4274.363759829132,87,0.14018647285536573,0.25876151598426506,,,
international,srp,mae,c2k15,0.02,0.04929549734525985,1.4576539794521226,69.5050933655677,87,0.01787634324065698,0.012376910520928965,,,
international,srp,mae,h1_oct1,0.02,0.06770001586301647,2.517818515658417,226.43817558561352,87,0.03226600471337814,0.04539955420906737,,,
international,srp,mae,mk,0.02,0.10958945873600005,1.4213085101710996,334.9450805699502,87,0.039242545558753006,-0.051385243987098844,,,
international,srp,mae,h2,0.02,0.11250924999562764,1.7769870236995802,441.3756792463685,87,0.045047901924500276,0.004111304112936842,,,
international,srp,mae,sk,0.02,0.08336304604845778,1.092948418079006,149.0371370834283,87,0.026176864145186156,-0.012029674152963212,,,
international,srp,mae,sk_mk,0.02,0.13251064794854542,1.20346816085743,414.6520754053967,87,0.04366287122605399,-0.05978854971700824,,,
international,srp,mae,sk_h2,0.02,0.11287655419464329,1.1322372003473453,283.0691816492621,87,0.036075857603606425,-0.008192773271825897,,,
international,srp,mae,null3_a,0.02,0.0440695033151871,1.664344413880698,63.42598165870489,87,0.017076700757923197,0.005943783162689079,,,
international,srp,mae,null3_b,0.02,0.04512487625848178,1.5952914981270876,63.74113346077846,87,0.01711907364836929,0.012084207657294697,,,
international,srp,mse,empirical_baseline,0.5,13.907357121800443,1.7735820529283237,10769.813063956552,87,5.563069178927251,7.026842993635478,,,
international,srp,mse,c2k15,0.5,1.7581170415672045,1.815383944666815,176.16990629218668,87,0.7115021875641581,0.14296212155288393,,,
international,srp,mse,h1_oct1,0.5,3.169676420050701,1.652791239436285,521.3333720136696,87,1.2239625820825288,0.931744489174946,,,
international,srp,mse,mk,0.5,3.894389369223236,1.436330851535208,683.9130597523243,87,1.4018799567300302,-0.6771148567862454,,,
international,srp,mse,h2,0.5,4.748576968509701,1.44260963006286,1021.2767767924282,87,1.7130975983835355,0.37610350262635667,,,
international,srp,mse,sk,0.5,3.2488858133345717,1.3157432966032192,436.02132208950934,87,1.119345716742841,-0.606455739359584,,,
international,srp,mse,sk_mk,0.5,4.634142627289161,1.0,674.2274936831805,87,1.3919178591697878,-1.0874498682718237,,,
international,srp,mse,sk_h2,0.5,4.802545478313088,1.1618608575547447,841.3268691691579,87,1.5548652500742257,-0.09963263720581936,,,
international,srp,mse,null3_a,0.5,1.8074935857839383,2.1139015382934483,216.82330015446502,87,0.7893386220209802,0.1868799877293543,,,
international,srp,mse,null3_b,0.5,1.7117398863469107,1.2391972415426877,113.99443359770466,87,0.572337497887092,0.18868629706351836,,,
international,srp,pearson,empirical_baseline,0.005,0.035330913343811235,1.669923690100621,654.4463062921893,87,0.013713470874191397,-0.020077447736172923,,,
international,srp,pearson,c2k15,0.005,0.004947190225506122,1.5544321695643766,11.944188843211807,87,0.0018526300692088332,-0.00027282699559607107,,,
international,srp,pearson,h1_oct1,0.005,0.006141835664506241,1.4290602112685624,16.924450513855177,87,0.0022052999453155936,-0.0020358609284552424,,,
international,srp,pearson,mk,0.005,0.009217093291214569,1.717630081418659,45.812634797623375,87,0.003628298530882226,0.0021948185373992625,,,
international,srp,pearson,h2,0.005,0.00936138726207311,1.6982817921893192,46.72591798742489,87,0.0036642854593250435,-0.0005860424800780838,,,
international,srp,pearson,sk,0.005,0.009461133507827233,1.1029771056183386,30.99706012624332,87,0.0029844934554631047,0.002393960564407855,,,
international,srp,pearson,sk_mk,0.005,0.013220998222919457,1.0,54.87773265513046,87,0.003971078368232826,0.004466807090975757,,,
international,srp,pearson,sk_h2,0.005,0.010894736974022837,1.0653560386444978,39.70049642550788,87,0.0033776010167009822,0.0012437838015587417,,,
international,srp,pearson,null3_a,0.005,0.005573828868959839,2.2597555991885927,22.04125902254431,87,0.0025166833574013195,-0.0001195382660404816,,,
international,srp,pearson,null3_b,0.005,0.005896228327008494,1.3327474440991138,14.546687529065746,87,0.002044525036113462,-0.0007006419242581802,,,
international,srp,spearman,empirical_baseline,0.005,0.03528838212424411,1.7820594045261342,696.7120760206749,87,0.014149368167737065,-0.01853657906957354,,,
international,srp,spearman,c2k15,0.005,0.004716389387182428,1.4294581645831965,9.982939114042178,87,0.0016937120962414625,-0.00016353848004855401,,,
international,srp,spearman,h1_oct1,0.005,0.007698648115941142,1.3388760446195176,24.913628056111516,87,0.002675647308946216,-0.0010420905811257609,,,
international,srp,spearman,mk,0.005,0.006005149389796207,1.8902104567898037,21.400575816830983,87,0.0024798368397866274,0.001066200139195352,,,
international,srp,spearman,h2,0.005,0.009454471362780456,1.4557442016138222,40.85330875678026,87,0.0034262890332405808,-0.0009096649356400395,,,
international,srp,spearman,sk,0.005,0.009914373823830432,1.0,30.860165160160477,87,0.0029778958262118996,0.0018387887102502276,,,
international,srp,spearman,sk_mk,0.005,0.010349391903099718,1.0,33.627712945633384,87,0.0031085584929220226,0.002795015405307933,,,
international,srp,spearman,sk_h2,0.005,0.010991975059429749,1.1813393083356227,44.81194452094625,87,0.0035884530862191925,0.0008968148276338171,,,
international,srp,spearman,null3_a,0.005,0.005203095337139397,1.5643666152491724,13.296268372874305,87,0.001954678176533021,-0.0002976411225170069,,,
international,srp,spearman,null3_b,0.005,0.004716029470545067,1.0,6.98265663547887,87,0.001416513511208579,-0.0011540320578900933,,,
six_nations,six_nations,mae,empirical_baseline,0.02,0.15458575388406043,1.0,468.90689605376434,15,0.11182210825577851,0.05984908384056815,0.1827105467857078,655.0507041960266,0.1419697372081623
six_nations,six_nations,mae,c2k15,0.02,0.03531309190032976,1.0,24.46916630022419,15,0.025544296845662274,0.007849121317073937,,,
six_nations,six_nations,mae,h1_oct1,0.02,0.04676146716295817,1.0,42.906584140760856,15,0.03382566447369447,-0.0021529824013338584,0.047822567370012455,44.875929652873005,0.03715908819485505
six_nations,six_nations,mae,mk,0.02,0.056223134510743185,1.0,62.02657375020724,15,0.040669914761063776,-0.038666201600115656,0.03711347424875448,27.02781301451057,0.028837909352640224
six_nations,six_nations,mae,h2,0.02,0.06637463183744265,1.0,86.44739954150955,15,0.048013164733993405,-0.03538728566206337,0.07728622737421234,117.20655466404108,0.06005293937955361
six_nations,six_nations,mae,sk,0.02,0.03763458093604083,1.0,27.792131260436697,15,0.027223583531164885,-5.273773509190486e-05,,,
six_nations,six_nations,mae,sk_mk,0.02,0.06503486221308129,1.0,82.99274557063939,15,0.04704402068152463,-0.03762367859247722,,,
six_nations,six_nations,mae,sk_h2,0.02,0.06576632055605831,1.0,84.87011158737474,15,0.04757313291831143,-0.0359971042960843,,,
six_nations,six_nations,mae,null3_a,0.02,0.03409185794130261,1.0,22.80599493082722,15,0.024660897486143103,0.013564186995503925,,,
six_nations,six_nations,mae,null3_b,0.02,0.023392839203783194,1.0,10.737756579806007,15,0.016921589034765424,0.012159006419673091,,,
six_nations,six_nations,mse,empirical_baseline,0.5,2.464278515905332,1.0,190.65458215592568,15,1.7825757681695966,1.4401045660332865,,,
six_nations,six_nations,mse,c2k15,0.5,0.8304900276470291,1.0,21.653919090858867,15,0.6007484094979482,0.36211414400559316,,,
six_nations,six_nations,mse,h1_oct1,0.5,0.8439628797170435,1.0,22.362191208047015,15,0.61049421520665,0.20682434248105325,,,
six_nations,six_nations,mse,mk,0.5,1.409984473586664,1.0,62.41605657035913,15,1.019935100634342,-0.08850928620786788,,,
six_nations,six_nations,mse,h2,0.5,1.312998969510386,1.0,54.12481642867985,15,0.9497790657891606,-0.1858641790652707,,,
six_nations,six_nations,mse,sk,0.5,0.49016913569559767,1.0,7.543268895872262,15,0.35457178154012436,-0.26774617850114263,,,
six_nations,six_nations,mse,sk_mk,0.5,1.4787466663428324,1.0,68.65232077869226,15,1.0696753462203088,-0.22233197152870615,,,
six_nations,six_nations,mse,sk_h2,0.5,1.4003439072926414,1.0,61.56545284468749,15,1.0129614408973282,-0.33959514062998813,,,
six_nations,six_nations,mse,null3_a,0.5,0.747104841774913,1.0,17.523900065353782,15,0.5404303850536438,0.3589677517180704,,,
six_nations,six_nations,mse,null3_b,0.5,0.7651813490153513,1.0,18.382154728718803,15,0.5535063192761639,0.10807964941541855,,,
six_nations,six_nations,pearson,empirical_baseline,0.005,0.017060540820476713,1.0,91.38044199655148,15,0.012341018461250236,-0.00718292834795814,,,
six_nations,six_nations,pearson,c2k15,0.005,0.005893244552713442,1.0,10.903767758548598,15,0.004262973875623409,-0.001507481369874919,,,
six_nations,six_nations,pearson,h1_oct1,0.005,0.006728703168895683,1.0,14.214461328129179,15,0.004867316394093905,-0.0005614781740317672,,,
six_nations,six_nations,pearson,mk,0.005,0.007575475106723181,1.0,18.017204866791285,15,0.005479842586971406,7.617817303690784e-05,,,
six_nations,six_nations,pearson,h2,0.005,0.007926982743245777,1.0,19.728019631487637,15,0.005734111327760045,0.0008063109884726287,,,
six_nations,six_nations,pearson,sk,0.005,0.0023506139790956237,1.0,1.7347236327087243,15,0.0017003546849156325,0.001094135138860323,,,
six_nations,six_nations,pearson,sk_mk,0.005,0.0074572916417276905,1.0,17.4594243971262,15,0.005394352663839935,0.0007613313274345446,,,
six_nations,six_nations,pearson,sk_h2,0.005,0.007506602031686396,1.0,17.69108421821986,15,0.005430022132892256,0.0013634040148320999,,,
six_nations,six_nations,pearson,null3_a,0.005,0.0042244274236341705,1.0,5.602777455181303,15,0.0030558079824004273,-0.001810966850810821,,,
six_nations,six_nations,pearson,null3_b,0.005,0.004840488780625646,1.0,7.356074205675082,15,0.003501445940768633,-0.00039808182371340315,,,
six_nations,six_nations,spearman,empirical_baseline,0.005,0.019459464098399413,1.0,118.88564482796987,15,0.014076318459737608,-0.005158584112514219,,,
six_nations,six_nations,spearman,c2k15,0.005,0.004028421554087516,1.0,5.094921393360203,15,0.00291402396277044,-0.0005748768915151784,,,
six_nations,six_nations,spearman,h1_oct1,0.005,0.007338020193075358,1.0,16.9054007739671,15,0.005308075730112733,0.0013559900187926374,,,
six_nations,six_nations,spearman,mk,0.005,0.005441033015848623,1.0,9.29459323635356,15,0.003935859337839188,0.0014671681636855135,,,
six_nations,six_nations,spearman,h2,0.005,0.007874956426343912,1.0,19.46991182885249,15,0.0056964772489747975,0.0031260525396171893,,,
six_nations,six_nations,spearman,sk,0.005,0.003842188608907449,1.0,4.634736265233233,15,0.0027793093462325108,0.001731231711749648,,,
six_nations,six_nations,spearman,sk_mk,0.005,0.006390850206823048,1.0,12.822861240047711,15,0.0046229249831767245,0.002515426601460661,,,
six_nations,six_nations,spearman,sk_h2,0.005,0.007902088427262526,1.0,19.60430436486541,15,0.005716103621183665,0.0033719076332285364,,,
six_nations,six_nations,spearman,null3_a,0.005,0.004498253037056091,1.0,6.352657330239217,15,0.003253884173885936,-0.0023026586882010534,,,
six_nations,six_nations,spearman,null3_b,0.005,0.004543323881965686,1.0,6.48059768386469,15,0.0032864868993766707,-0.002327416072855744,,,
six_nations,ncr,mae,empirical_baseline,0.02,0.11208928795101353,1.0,246.53347872196636,15,0.08108160148426051,0.028601256564752178,,,
six_nations,ncr,mae,c2k15,0.02,0.04113203005005227,1.0,33.197698173245065,15,0.029753519981449844,0.01693598511887699,,,
six_nations,ncr,mae,h1_oct1,0.02,0.037547075431090725,1.0,27.66304056270397,15,0.027160285007195813,0.0035590817278622565,,,
six_nations,ncr,mae,mk,0.02,0.08043651678792993,1.0,126.9562818071552,15,0.05818505691490561,-0.039482618512578505,,,
six_nations,ncr,mae,h2,0.02,0.06272435808529665,1.0,77.20050375361758,15,0.04537268010704756,-0.03755066464463243,,,
six_nations,ncr,mae,sk,0.02,0.031484296403106925,1.0,19.45071936607491,15,0.022774675623639464,-0.0059405141336997735,,,
six_nations,ncr,mae,sk_mk,0.02,0.0728450830133742,1.0,104.12335862853512,15,0.05269367036714122,-0.04034013843324367,,,
six_nations,ncr,mae,sk_h2,0.02,0.06137764549655928,1.0,73.92105086657584,15,0.044398513748871014,-0.04141767696658434,,,
six_nations,ncr,mae,null3_a,0.02,0.023211140030412476,1.0,10.57159766969808,15,0.01679015399548047,0.008882216403591593,,,
six_nations,ncr,mae,null3_b,0.02,0.02449871175417651,1.0,11.776986551321391,15,0.01772153985131946,0.0037599025103974763,,,
six_nations,ncr,mse,empirical_baseline,0.5,2.4032405343813203,1.0,181.32686240670063,15,1.7384229558553954,1.492816967051625,,,
six_nations,ncr,mse,c2k15,0.5,0.9397480166526196,1.0,27.726209568406336,15,0.6797819450432412,0.4249583202825515,,,
six_nations,ncr,mse,h1_oct1,0.5,0.6785405806650437,1.0,14.455040676897628,15,0.4908333165291049,0.2836219488646933,,,
six_nations,ncr,mse,mk,0.5,1.7239434036643961,1.0,93.30688134150647,15,1.247042376595562,0.12350584836744787,,,
six_nations,ncr,mse,h2,0.5,1.4571298266539152,1.0,66.6598239015531,15,1.0540384551931135,0.03600240324396158,,,
six_nations,ncr,mse,sk,0.5,0.6473516053262208,1.0,13.156734916367707,15,0.46827226617940454,-0.0592397956629398,,,
six_nations,ncr,mse,sk_mk,0.5,1.8433148439283173,1.0,106.67599607718445,15,1.333391640874156,0.1752463287904111,,,
six_nations,ncr,mse,sk_h2,0.5,1.6420709179134585,1.0,84.6547799196437,15,1.1878185882788366,0.02583537609602331,,,
six_nations,ncr,mse,null3_a,0.5,0.685572740856055,1.0,14.75620732219516,15,0.4959201434739797,0.3064423542901669,,,
six_nations,ncr,mse,null3_b,0.5,0.6940862710393624,1.0,15.124971823980484,15,0.5020785433903824,-0.002058761615698283,,,
six_nations,ncr,pearson,empirical_baseline,0.005,0.019140324429728024,1.0,115.01811758909298,15,0.01384546361262375,-0.010980442678027447,,,
six_nations,ncr,pearson,c2k15,0.005,0.006947669729174089,1.0,15.154652990967117,15,0.005025709401163699,-0.0018668350716243695,,,
six_nations,ncr,pearson,h1_oct1,0.005,0.006275569789820604,1.0,12.364426955833443,15,0.004539535026819641,-0.0013702337502415859,,,
six_nations,ncr,pearson,mk,0.005,0.012527417392584148,1.0,49.27093016103212,15,0.00906191022550177,-0.001056651763412786,,,
six_nations,ncr,pearson,h2,0.005,0.00998379298251265,1.0,31.293835858306068,15,0.007221938319951007,-0.0004148222969968307,,,
six_nations,ncr,pearson,sk,0.005,0.002756502933560195,1.0,2.3855283597787107,15,0.00199396103262606,-7.056286699448355e-05,,,
six_nations,ncr,pearson,sk_mk,0.005,0.01304750902126476,1.0,53.446943932659224,15,0.009438126926873009,-0.0017289718273319709,,,
six_nations,ncr,pearson,sk_h2,0.005,0.010054968533181345,1.0,31.74162069033743,15,0.007273424307062141,-0.0006634685845918272,,,
six_nations,ncr,pearson,null3_a,0.005,0.0049017303614618144,1.0,7.543388945310248,15,0.0035457460299421354,-0.0017962698217983204,,,
six_nations,ncr,pearson,null3_b,0.005,0.0056708522931130205,1.0,10.096348593853024,15,0.004102102833477204,0.00036188102833549783,,,
six_nations,ncr,spearman,empirical_baseline,0.005,0.0215009464940147,1.0,145.1385643077996,15,0.01555305780802174,-0.006228283977775458,,,
six_nations,ncr,spearman,c2k15,0.005,0.006326280721969999,1.0,12.565060517617505,15,0.0045762176007443645,-0.0010003412167589043,,,
six_nations,ncr,spearman,h1_oct1,0.005,0.008662778115802395,1.0,23.560366794375035,15,0.006266360825122111,0.0008137836717759546,,,
six_nations,ncr,spearman,mk,0.005,0.007400648767164756,1.0,17.195200822769063,15,0.005353379123315333,0.0006950874766788647,,,
six_nations,ncr,spearman,h2,0.005,0.009064457795445936,1.0,25.79593823139859,15,0.006556922325730595,0.0027411233514142985,,,
six_nations,ncr,spearman,sk,0.005,0.004805361917924593,1.0,7.249697248230514,15,0.0034760363558298487,0.0020903834398489566,,,
six_nations,ncr,spearman,sk_mk,0.005,0.00934252502638069,1.0,27.402879798985303,15,0.006758066759927884,0.0012617188164335583,,,
six_nations,ncr,spearman,sk_h2,0.005,0.009685462716002366,1.0,29.45156743561192,15,0.0070061362908538875,0.002867531252853239,,,
six_nations,ncr,spearman,null3_a,0.005,0.004077076999970956,1.0,5.218737988019952,15,0.0029492196674205055,-0.0019587808637811658,,,
six_nations,ncr,spearman,null3_b,0.005,0.002969288124874779,1.0,2.76803991752556,15,0.0021478826463619,4.530513421476442e-05,,,
six_nations,srp,mae,empirical_baseline,0.02,0.14020677498662565,1.0,385.73201234926916,15,0.1014208410336875,0.0617647492096293,,,
six_nations,srp,mae,c2k15,0.02,0.0514349614897668,1.0,51.911612733557604,15,0.037206312272178625,0.026394563805081598,,,
six_nations,srp,mae,h1_oct1,0.02,0.05659532521126685,1.0,62.85050953840744,15,0.040939144931115314,0.01678019467642334,,,
six_nations,srp,mae,mk,0.02,0.09323587071497985,1.0,170.5743579436594,15,0.06744367683604038,-0.04934172155761558,,,
six_nations,srp,mae,h2,0.02,0.0873562331119147,1.0,149.73919029112284,15,0.06319054576778035,-0.039266909217961415,,,
six_nations,srp,mae,sk,0.02,0.05969965898651696,1.0,69.93448547598835,15,0.043184715035450016,-0.0011688646793780084,,,
six_nations,srp,mae,sk_mk,0.02,0.09321399020105745,1.0,170.49430685079093,15,0.06742784921198676,-0.043155346795010686,,,
six_nations,srp,mae,sk_h2,0.02,0.08815908971796727,1.0,152.50422575365567,15,0.06377130509430412,-0.03960407195092414,,,
six_nations,srp,mae,null3_a,0.02,0.052763759400947116,1.0,54.62848366862833,15,0.0381675197582546,0.014197139875916953,,,
six_nations,srp,mae,null3_b,0.02,0.03454447087952948,1.0,23.41557210147516,15,0.024988302384102396,0.01785586829183246,,,
six_nations,srp,mse,empirical_baseline,0.5,3.7162233014003916,1.0,433.5820257634609,15,2.688190301310099,2.127037349486005,,,
six_nations,srp,mse,c2k15,0.5,1.3813354432396652,1.0,59.90540059193474,15,0.9992113606234231,0.7509067253021992,,,
six_nations,srp,mse,h1_oct1,0.5,1.1890954263911842,1.0,44.39162910901681,15,0.860151431522543,0.5642705750769503,,,
six_nations,srp,mse,mk,0.5,3.4659985142634673,1.0,377.15894334957176,15,2.507186149682454,0.32094335341574737,,,
six_nations,srp,mse,h2,0.5,2.6125490933522064,1.0,214.28737572461222,15,1.8898296912888395,0.03980054460632421,,,
six_nations,srp,mse,sk,0.5,1.5409642230276819,1.0,74.55088053072332,15,1.1146814233277844,-0.06024466707353516,,,
six_nations,srp,mse,sk_mk,0.5,3.9769580424823756,1.0,496.557658169125,15,2.8767969983099984,0.5726690577281242,,,
six_nations,srp,mse,sk_h2,0.5,3.04260174152975,1.0,290.641673124804,15,2.2009152381255848,0.06721452644952611,,,
six_nations,srp,mse,null3_a,0.5,1.7155953146051195,1.0,92.40540373678762,15,1.2410036511951903,0.7205377733871814,,,
six_nations,srp,mse,null3_b,0.5,1.511786836405208,1.0,71.7544409099958,15,1.0935754882494073,-0.042072279719745136,,,
six_nations,srp,pearson,empirical_baseline,0.005,0.014436444968597962,1.0,65.4316971812027,15,0.010442836235206306,-0.0055851971374675825,,,
six_nations,srp,pearson,c2k15,0.005,0.0042218800702496385,1.0,5.59602248010049,15,0.0030539653130808174,-0.0020606958791282233,,,
six_nations,srp,pearson,h1_oct1,0.005,0.005170228026939191,1.0,8.392417120672896,15,0.003739968164007303,-0.0012404613674124856,,,
six_nations,srp,pearson,mk,0.005,0.011168412308537963,1.0,39.1607087337172,15,0.008078851891793082,-0.0015217330438340245,,,
six_nations,srp,pearson,h2,0.005,0.008300226274731566,1.0,21.62955227814184,15,0.006004103080136372,-0.00026863167533179485,,,
six_nations,srp,pearson,sk,0.005,0.002691168660080851,1.0,2.2737855337242268,15,0.0019467004279567631,0.0006673466921971312,,,
six_nations,srp,pearson,sk_mk,0.005,0.011730273481647548,1.0,43.2000192981424,15,0.008485283269494936,-0.0013398580235956118,,,
six_nations,srp,pearson,sk_h2,0.005,0.008079988632265616,1.0,20.49694640120422,15,0.005844790615183777,1.1343713968422117e-05,,,
six_nations,srp,pearson,null3_a,0.005,0.005429494675783751,1.0,9.255214513463956,15,0.003927512892714666,-0.0018830777451368037,,,
six_nations,srp,pearson,null3_b,0.005,0.005419129256631184,1.0,9.219910084676346,15,0.003920014898924991,0.0005012182274835871,,,
six_nations,srp,spearman,empirical_baseline,0.005,0.016657618730018052,1.0,87.11511230596004,15,0.012049558242660465,-0.0032342207241529736,,,
six_nations,srp,spearman,c2k15,0.005,0.004143151638960842,1.0,5.389262322065143,15,0.0029970158274704806,-0.0016659742139763622,,,
six_nations,srp,spearman,h1_oct1,0.005,0.00658732748733514,1.0,13.623420933304121,15,0.004765050005562047,0.00028279092022360787,,,
six_nations,srp,spearman,mk,0.005,0.00515666452576799,1.0,8.348441788005053,15,0.003730156785803391,-0.0013289745663860467,,,
six_nations,srp,spearman,h2,0.005,0.006641372081740004,1.0,13.847879963060807,15,0.004804144038060753,0.0009937623067855764,,,
six_nations,srp,spearman,sk,0.005,0.004321301507061435,1.0,5.862688290688789,15,0.0031258834193149273,0.0009647116880547423,,,
six_nations,srp,spearman,sk_mk,0.005,0.00553173589739643,1.0,9.607060830373777,15,0.004001470735944843,-0.0001859180658397852,,,
six_nations,srp,spearman,sk_h2,0.005,0.0066840373258442685,1.0,14.02637348617435,15,0.0048350066332554205,0.0014937893708860375,,,
six_nations,srp,spearman,null3_a,0.005,0.004565523582023074,1.0,6.5440837185557035,15,0.0033025454118895685,-0.0019721974490370868,,,
six_nations,srp,spearman,null3_b,0.005,0.0017664016109843065,1.0,0.9795950235249501,15,0.0012777552083797518,-0.0009085353914304835,,,
out_of_sample,six_nations,mae,empirical_baseline,0.02,0.639565135034599,2.3446889774485955,18819.25758521037,481,0.125100400710674,0.44185185841642777,0.1827105467857078,655.0507041960266,0.1419697372081623
out_of_sample,six_nations,mae,c2k15,0.02,0.027349348470400114,1.0,14.677147301977879,481,0.0034936410665454324,-0.0010855444911641637,,,
out_of_sample,six_nations,mae,h1_oct1,0.02,0.1423283699493653,1.8880281690715686,750.4799670992935,481,0.024981988806729083,0.05310186588274171,0.047822567370012455,44.875929652873005,0.03715908819485505
out_of_sample,six_nations,mae,mk,0.02,0.03718572782842922,1.7660671241168058,47.918968607552,481,0.006312642405799206,0.0025143875682814907,0.03711347424875448,27.02781301451057,0.028837909352640224
out_of_sample,six_nations,mae,h2,0.02,0.17548975633426347,1.932186619511276,1167.6166933795357,481,0.031160728701451045,0.07200671524320515,0.07728622737421234,117.20655466404108,0.06005293937955361
out_of_sample,six_nations,mae,sk,0.02,0.04416106606470545,1.9034249088972857,72.83875757960793,481,0.007782851108428923,0.007549006768102518,,,
out_of_sample,six_nations,mae,sk_mk,0.02,0.05837072501774389,1.6550793019285717,110.65133706646928,481,0.009592587967916675,0.009393429121044601,,,
out_of_sample,six_nations,mae,sk_h2,0.02,0.17790872777713734,1.9442774487961862,1207.5369541425105,481,0.031688937111453375,0.07802925180425814,,,
out_of_sample,six_nations,mae,null3_a,0.02,0.031689992386059185,1.0713235339229643,21.111184350606283,481,0.004189997429837237,0.006607622861910039,,,
out_of_sample,six_nations,mae,null3_b,0.02,0.029611220667097784,1.0,17.20522295127454,481,0.00378257553978207,0.006554464189934789,,,
out_of_sample,six_nations,mse,empirical_baseline,0.5,61.89808974978463,1.8008015733375962,216614.74714640307,481,10.610637465061671,10.789166085859039,,,
out_of_sample,six_nations,mse,c2k15,0.5,0.5319093110156199,1.11469846863358,9.901483218559198,481,0.07173772403099497,-0.03843924787771366,,,
out_of_sample,six_nations,mse,h1_oct1,0.5,4.373334263882669,1.8271868512869596,1097.1751753327453,481,0.7551538701725377,0.7013638392294326,,,
out_of_sample,six_nations,mse,mk,0.5,0.7647882096293277,1.6024796104220478,29.426766713062293,481,0.12367124683487031,0.21926074051705408,,,
out_of_sample,six_nations,mse,h2,0.5,6.117698977328751,1.8827033719604571,2212.2070580099266,481,1.0722853016788152,1.1895700418460753,,,
out_of_sample,six_nations,mse,sk,0.5,0.9771937681053251,2.2637009456085244,67.86535036090366,481,0.1878112113882736,-0.017138961188753264,,,
out_of_sample,six_nations,mse,sk_mk,0.5,1.2694849890285587,1.8459904559727043,93.40115723318611,481,0.22032997984216424,0.18831599411763353,,,
out_of_sample,six_nations,mse,sk_h2,0.5,6.142926974347395,1.9492234322453668,2309.298080521206,481,1.0955632695603545,1.1954979784981017,,,
out_of_sample,six_nations,mse,null3_a,0.5,0.7091821989243957,1.047171079809232,16.53487657019625,481,0.09270388714272014,0.14812864034219494,,,
out_of_sample,six_nations,mse,null3_b,0.5,0.7019652638269923,1.0,15.470306205817385,481,0.08966994865155928,0.17840804839960525,,,
out_of_sample,six_nations,pearson,empirical_baseline,0.005,0.04346364648136366,3.034865557875023,1799.9458593108664,481,0.009672242738370551,-0.04903382965936712,,,
out_of_sample,six_nations,pearson,c2k15,0.005,0.0036374244582155547,1.3697856738814111,5.689947392468214,481,0.0005438155123374534,4.760722489488048e-05,,,
out_of_sample,six_nations,pearson,h1_oct1,0.005,0.01771939620629823,1.676007708773371,165.21197233421225,481,0.002930341421911708,-0.0043457691484382385,,,
out_of_sample,six_nations,pearson,mk,0.005,0.004892484800209761,1.4525156398809274,10.915595997605738,481,0.0007532188721176784,-0.001560829751313717,,,
out_of_sample,six_nations,pearson,h2,0.005,0.020976190510543582,1.7988153580143074,248.48918417014485,481,0.0035937777146731746,-0.007086742500811847,,,
out_of_sample,six_nations,pearson,sk,0.005,0.005353595032288752,1.587407395701464,14.2839097605022,481,0.0008616304034846113,0.000982149821308064,,,
out_of_sample,six_nations,pearson,sk_mk,0.005,0.007486487320245731,1.2021701337434139,21.153867850788025,481,0.0010485577623660458,-0.0007366459522021367,,,
out_of_sample,six_nations,pearson,sk_h2,0.005,0.0218999382238027,1.7477728450760694,263.17124374036666,481,0.003698423863180724,-0.00667199007981386,,,
out_of_sample,six_nations,pearson,null3_a,0.005,0.004781924596662633,1.0709479224194756,7.688497296456,481,0.0006321471716248893,-0.001056543779173675,,,
out_of_sample,six_nations,pearson,null3_b,0.005,0.0045711233800626375,1.0,6.56014672650511,481,0.0005839211993703175,-0.0011872211714210692,,,
out_of_sample,six_nations,spearman,empirical_baseline,0.005,0.03289912138867766,2.6967578284224327,916.3855101340519,481,0.0069013900424770855,-0.04887306055945548,,,
out_of_sample,six_nations,spearman,c2k15,0.005,0.0031955947464032556,1.0,3.2060556976310646,481,0.0004082093966572623,0.0004088353561597786,,,
out_of_sample,six_nations,spearman,h1_oct1,0.005,0.009103613312016897,1.4407636097958594,37.487631402101094,481,0.0013958587287207095,-0.004016851349582584,,,
out_of_sample,six_nations,spearman,mk,0.005,0.0038333152121889343,1.0,4.613353470994372,481,0.0004896726319023956,-0.0005283162482610775,,,
out_of_sample,six_nations,spearman,h2,0.005,0.01027403740206897,1.4016236891641973,46.44953596907267,481,0.0015537750951182087,-0.005964476338666431,,,
out_of_sample,six_nations,spearman,sk,0.005,0.005202502173238942,1.5632769684277692,13.283977644211966,481,0.000830924442108514,0.0008741615579338131,,,
out_of_sample,six_nations,spearman,sk_mk,0.005,0.006190444997212703,1.2392094421171798,14.90926102203665,481,0.0008802895072247376,0.0002634944697859906,,,
out_of_sample,six_nations,spearman,sk_h2,0.005,0.011224083008336916,1.408307686124729,55.701508293752745,481,0.0017014960442670996,-0.005701171355325058,,,
out_of_sample,six_nations,spearman,null3_a,0.005,0.0044636231993696466,1.4346447494371735,8.974021204956745,481,0.0006829533062756527,-0.0008501861289642106,,,
out_of_sample,six_nations,spearman,null3_b,0.005,0.004431275064022044,1.1831021038066072,7.293690163333119,481,0.0006157027897688658,-0.0008298165434996212,,,
out_of_sample,ncr,mae,empirical_baseline,0.02,0.6033413951380227,2.8148412865893113,20106.10017719539,481,0.1293068042587292,0.33803129882438704,,,
out_of_sample,ncr,mae,c2k15,0.02,0.029994247882137545,1.451819960416531,25.629279593621906,481,0.004616636245513199,-0.0038088702126192575,,,
out_of_sample,ncr,mae,h1_oct1,0.02,0.13225370718170043,2.1312749157367277,731.4806898414765,481,0.024663737550746884,0.03249916623401969,,,
out_of_sample,ncr,mae,mk,0.02,0.026822534654956962,1.616647035776575,22.822463632635912,481,0.00435651004085607,-0.0010447387949308485,,,
out_of_sample,ncr,mae,h2,0.02,0.16298673867205954,2.2045463777389793,1149.1360844964895,481,0.03091314483338446,0.04684587358168503,,,
out_of_sample,ncr,mae,sk,0.02,0.04682810199501764,1.8854845754533704,81.13043011589372,481,0.008213898779051904,0.013033437854074247,,,
out_of_sample,ncr,mae,sk_mk,0.02,0.0530491251008182,1.8297232166538924,101.03911499913058,481,0.009166472170769355,0.012143409877973866,,,
out_of_sample,ncr,mae,sk_h2,0.02,0.16778284891764314,2.2331450915193076,1233.5585075701426,481,0.03202855414663002,0.05726180297567724,,,
out_of_sample,ncr,mae,null3_a,0.02,0.026037225914941897,1.0881754487700726,14.475581841548472,481,0.0034695685462803015,0.0049830811634515165,,,
out_of_sample,ncr,mae,null3_b,0.02,0.026489780659020357,1.0,13.769063657733094,481,0.00338383876509145,0.004140997630935785,,,
out_of_sample,ncr,mse,empirical_baseline,0.5,48.5969452253586,1.8760645269051717,139102.0014947245,481,8.50284291135739,8.621074848504001,,,
out_of_sample,ncr,mse,c2k15,0.5,0.6829089870228036,1.343032678756112,19.66436388127725,481,0.10109680186760213,-0.17998946509168778,,,
out_of_sample,ncr,mse,h1_oct1,0.5,3.5071639980410314,1.9085411112740869,737.0234973347492,481,0.6189251536398256,0.41650207629662805,,,
out_of_sample,ncr,mse,mk,0.5,0.5762532125429292,1.8824135453208017,19.624989102016944,481,0.10099553597001995,0.07514303140415941,,,
out_of_sample,ncr,mse,h2,0.5,4.851253988761528,1.8509544636172988,1367.6388405532848,481,0.8431079398324797,0.8695596958029976,,,
out_of_sample,ncr,mse,sk,0.5,0.9960132439405809,1.713309150102393,53.36218777188522,481,0.16653835843271117,-0.0743070729590687,,,
out_of_sample,ncr,mse,sk_mk,0.5,1.1251649774723624,1.5935203974079137,63.337031380037345,481,0.18143719293251145,-0.015451520264054821,,,
out_of_sample,ncr,mse,sk_h2,0.5,4.88717995412155,1.8718425002836818,1403.63319741713,481,0.854130601194359,0.8592252371854867,,,
out_of_sample,ncr,mse,null3_a,0.5,0.5883052139398753,1.0874872441184844,11.816727817243374,481,0.07836932068585684,0.09955109521384589,,,
out_of_sample,ncr,mse,null3_b,0.5,0.5902053071783447,1.0,10.936387421440097,481,0.07539358756874842,0.11538994702154126,,,
out_of_sample,ncr,pearson,empirical_baseline,0.005,0.04762897239210396,2.9519184486862997,2102.395626124284,481,0.010453330662517645,-0.05057650688657914,,,
out_of_sample,ncr,pearson,c2k15,0.005,0.0053463814889934845,1.2265111641276916,11.006748939346867,481,0.0007563572887193602,0.0014053421631253125,,,
out_of_sample,ncr,pearson,h1_oct1,0.005,0.017525162565048626,1.762951570059078,169.99343840834914,481,0.0029724430687048903,-0.00264662999991336,,,
out_of_sample,ncr,pearson,mk,0.005,0.004740573252339084,1.4894560011826303,10.508895369620321,481,0.0007390537078158794,-0.0007304345191383697,,,
out_of_sample,ncr,pearson,h2,0.005,0.020369168214403263,1.6754160309115105,218.2412909567368,481,0.003367952262217925,-0.005941474697238817,,,
out_of_sample,ncr,pearson,sk,0.005,0.007825240492044824,1.2263829864369933,23.577034008057545,481,0.001106985802974166,0.000867915900414523,,,
out_of_sample,ncr,pearson,sk_mk,0.005,0.009253838684857157,1.0659956144730671,28.65938937272529,481,0.0012204807463539313,5.191881049163934e-05,,,
out_of_sample,ncr,pearson,sk_h2,0.005,0.021760431977112187,1.6744821264848349,248.93342079764636,481,0.0035969886689125323,-0.005741794350750128,,,
out_of_sample,ncr,pearson,null3_a,0.005,0.005252203939479804,1.1955272611862704,10.354051284566518,481,0.0007335886815291649,-0.0009132964860845634,,,
out_of_sample,ncr,pearson,null3_b,0.005,0.005149618532122743,1.0,8.325642988514662,481,0.0006578189166129055,-0.0009634387911459219,,,
out_of_sample,ncr,spearman,empirical_baseline,0.005,0.04104765631071821,3.1245914341679404,1652.8659553655045,481,0.009268645744547369,-0.05158413546308474,,,
out_of_sample,ncr,spearman,c2k15,0.005,0.004675298911396463,1.2450968109457234,8.54455700271303,481,0.0006664111300989835,0.00146741829852671,,,
out_of_sample,ncr,spearman,h1_oct1,0.005,0.011027476281169386,1.0,38.17859399674462,481,0.0014086640505511629,-0.002918681231958931,,,
out_of_sample,ncr,spearman,mk,0.005,0.004161388380334483,1.0,5.4368101286442245,481,0.0005315811217629653,0.00048285972470112363,,,
out_of_sample,ncr,spearman,h2,0.005,0.012631756234608889,1.1548775635722652,57.85369242450778,481,0.0017340555558321834,-0.005430098554661372,,,
out_of_sample,ncr,spearman,sk,0.005,0.007668030520334938,1.2234674551260767,22.5853982484333,481,0.0010834561587067418,-0.0005340985441101343,,,
out_of_sample,ncr,spearman,sk_mk,0.005,0.008179646481181168,1.246227495524546,26.17785531962777,481,0.001166445622750175,-0.00022845397860966711,,,
out_of_sample,ncr,spearman,sk_h2,0.005,0.013758709485300247,1.5623579071800404,92.85463708513613,481,0.002196844234037666,-0.005852328291981051,,,
out_of_sample,ncr,spearman,null3_a,0.005,0.004884941483846781,1.28134746853346,9.599603879953237,481,0.0007063567870421293,-0.0006168467057317383,,,
out_of_sample,ncr,spearman,null3_b,0.005,0.004884964284734865,1.0,7.491873773409036,481,0.0006240116415287967,-0.0006423082939862818,,,
out_of_sample,srp,mae,empirical_baseline,0.02,0.5997166067250644,2.631807486950656,18573.508607602995,481,0.12428091246779552,0.47241787420993325,,,
out_of_sample,srp,mae,c2k15,0.02,0.029165352297634214,1.2833773333157619,21.420840203661943,481,0.004220614709607334,-0.004290888738932805,,,
out_of_sample,srp,mae,h1_oct1,0.02,0.13355865056881458,1.9211430938762826,672.4367524904043,481,0.02364738807077819,0.05482162510079077,,,
out_of_sample,srp,mae,mk,0.02,0.04215085460428546,2.986475098952202,104.11644954405882,481,0.0093050161753844,0.0023511982526825204,,,
out_of_sample,srp,mae,h2,0.02,0.1659260726394772,1.9551651890587483,1056.234641826645,481,0.029637233448968285,0.07714756164983613,,,
out_of_sample,srp,mae,sk,0.02,0.0696204890299602,2.743929366330943,260.97250244795794,481,0.014731766698555604,0.028477175279440915,,,
out_of_sample,srp,mae,sk_mk,0.02,0.08434986136943651,3.1556921471551527,440.56608173577047,481,0.01914092787580024,0.03127048051971055,,,
out_of_sample,srp,mae,sk_h2,0.02,0.17940597784977194,2.2057393144995108,1393.0788115959215,481,0.03403653181816071,0.10157872653853305,,,
out_of_sample,srp,mae,null3_a,0.02,0.03750971479304642,1.048872259888209,28.957282750089576,481,0.00490722940322489,0.006067805409549438,,,
out_of_sample,srp,mae,null3_b,0.02,0.034842329279931424,1.2727484541456555,30.31828443433785,481,0.00502122600052078,0.005786119858846573,,,
out_of_sample,srp,mse,empirical_baseline,0.5,48.73367346698831,2.3608776177803605,176035.16792257075,481,9.56526894666983,13.43856615256271,,,
out_of_sample,srp,mse,c2k15,0.5,0.9811601061798444,1.3757942693004226,41.58157403263585,481,0.1470103558104231,-0.32742828755577524,,,
out_of_sample,srp,mse,h1_oct1,0.5,4.00699012922766,2.0001786402067694,1008.2610637783674,481,0.7239089804271104,0.7459189793782978,,,
out_of_sample,srp,mse,mk,0.5,1.3529594480579084,2.070464171429101,118.98848777097832,481,0.24868519932495853,0.3785577389964971,,,
out_of_sample,srp,mse,h2,0.5,5.443808230842643,2.0041342937106195,1864.6620035456235,481,0.9844587576439571,1.6717733585938217,,,
out_of_sample,srp,mse,sk,0.5,2.1259490131889445,1.7240342358874652,244.63536564401736,481,0.3565800869970678,-0.14098010115897255,,,
out_of_sample,srp,mse,sk_mk,0.5,2.5816927142885393,1.859545900283823,389.1201019095223,481,0.44971699457864545,0.23665126734350406,,,
out_of_sample,srp,mse,sk_h2,0.5,5.781243159222324,2.053639693110294,2154.9360581050905,481,1.058314289910732,1.730525596216464,,,
out_of_sample,srp,mse,null3_a,0.5,1.3271860684337797,1.1361717416331452,62.83118894078391,481,0.18071121467279097,0.2179077024447371,,,
out_of_sample,srp,mse,null3_b,0.5,1.2109387470105428,1.0,46.03753027131946,481,0.15468687819769517,0.22502778434795098,,,
out_of_sample,srp,pearson,empirical_baseline,0.005,0.04820359703563344,3.3906557393204366,2473.4905619421197,481,0.011338421429667454,-0.04302356112949454,,,
out_of_sample,srp,pearson,c2k15,0.005,0.003327073763855359,1.0866268520325262,3.7763562537427653,481,0.0004430308257498487,0.000935789252574695,,,
out_of_sample,srp,pearson,h1_oct1,0.005,0.013862244968108535,1.6058004483054447,96.87827099391616,481,0.002243936979988958,-0.0026048422631512486,,,
out_of_sample,srp,pearson,mk,0.005,0.004763139933805521,1.7967677069219818,12.798123024865365,481,0.0008155875853643721,-0.0016798405240978577,,,
out_of_sample,srp,pearson,h2,0.005,0.01728454650887905,1.68779782813998,158.30843977421065,481,0.002868464639027991,-0.00597711556034048,,,
out_of_sample,srp,pearson,sk,0.005,0.00770893937017234,1.178991035650092,21.997201290301053,481,0.0010692547312820635,0.0007865852961307725,,,
out_of_sample,srp,pearson,sk_mk,0.005,0.009253277249352331,1.2005266711950535,32.272352790004796,481,0.001295128261454329,-0.0009858049407557405,,,
out_of_sample,srp,pearson,sk_h2,0.005,0.018920537850902485,1.6772222919375814,188.50603020335373,481,0.0031301135310767927,-0.006095125818261427,,,
out_of_sample,srp,pearson,null3_a,0.005,0.005033261808401145,1.278515139250678,10.168867372995177,481,0.0007269989066283626,-0.0008501812007597659,,,
out_of_sample,srp,pearson,null3_b,0.005,0.004722232014645601,1.0,7.001035959401166,481,0.000603224011349916,-0.0008448384993103774,,,
out_of_sample,srp,spearman,empirical_baseline,0.005,0.034946813765525574,2.5942812708764618,994.7178181867955,481,0.007190306690313635,-0.041286458295144074,,,
out_of_sample,srp,spearman,c2k15,0.005,0.003389641230832678,1.185394449408131,4.276003210570753,481,0.0004714291984114942,0.0009777468428464502,,,
out_of_sample,srp,spearman,h1_oct1,0.005,0.010147656955690207,1.3316906857462156,43.052917088612695,481,0.0014958868952425007,-0.003462065112965889,,,
out_of_sample,srp,spearman,mk,0.005,0.003425733173808446,1.2750376000165156,4.697834624816698,481,0.0004941358100715295,-7.745632856407535e-05,,,
out_of_sample,srp,spearman,h2,0.005,0.011172518097247442,1.6840299128364313,65.99630196514559,481,0.0018520694438383424,-0.00580630769356017,,,
out_of_sample,srp,spearman,sk,0.005,0.007015385177446252,1.3473247550555327,20.81819139240935,481,0.0010402050661514083,-0.0011377563211865795,,,
out_of_sample,srp,spearman,sk_mk,0.005,0.007510049761926529,1.6087921912996523,28.487428285041744,481,0.0012168136939361795,-0.0012544492768590558,,,
out_of_sample,srp,spearman,sk_h2,0.005,0.012900143212680279,1.9623080881527422,102.5236178706853,481,0.002308391294278168,-0.006621384999742957,,,
out_of_sample,srp,spearman,null3_a,0.005,0.003975740645296688,1.4932403351426184,7.410260406059941,481,0.0006206034722378173,-0.0005146195415307034,,,
out_of_sample,srp,spearman,null3_b,0.005,0.004018352700509701,1.0,5.0694841813900275,481,0.0005133095594419127,-0.0006942448216718635,,,
international|out_of_sample,six_nations,mae,empirical_baseline,0.02,0.2784425919497703,1.2536713327726652,1907.228439576688,33,0.15204578415634362,0.36459086291579773,0.1827105467857078,655.0507041960266,0.1419697372081623
international|out_of_sample,six_nations,mae,c2k15,0.02,0.038536272663921324,1.0,29.139835489672507,33,0.018793885365925415,0.00562778927408257,,,
international|out_of_sample,six_nations,mae,h1_oct1,0.02,0.07064115273465259,1.0,97.91815872423334,33,0.034451223090261246,0.058977157236003684,0.047822567370012455,44.875929652873005,0.03715908819485505
international|out_of_sample,six_nations,mae,mk,0.02,0.08385996874705863,1.0,137.99300612613192,33,0.040897952253121046,-0.03574322818485291,0.03711347424875448,27.02781301451057,0.028837909352640224
international|out_of_sample,six_nations,mae,h2,0.02,0.1060393491140197,1.0034539555327437,221.40082717953302,33,0.051803922535411794,0.04107371587469799,0.07728622737421234,117.20655466404108,0.06005293937955361
international|out_of_sample,six_nations,mae,sk,0.02,0.05487872835416061,1.259232242348401,74.41519038187772,33,0.030033353253659904,-0.012420863151151068,,,
international|out_of_sample,six_nations,mae,sk_mk,0.02,0.09253885991038092,1.0,168.0335383268184,33,0.045130590086295046,-0.046133295791257065,,,
international|out_of_sample,six_nations,mae,sk_h2,0.02,0.10720471996722063,1.0,225.51503255301543,33,0.05228303306137811,0.03035708406850422,,,
international|out_of_sample,six_nations,mae,null3_a,0.02,0.04121569267251776,1.0,33.33288387210232,33,0.020100620787067317,0.004118010606208852,,,
international|out_of_sample,six_nations,mae,null3_b,0.02,0.043193996745005285,1.0,36.609556329227814,33,0.021065426602137307,0.012427482162578697,,,
international|out_of_sample,six_nations,mse,empirical_baseline,0.5,7.359390625316792,1.5206422160699609,2585.701691788837,33,4.425906594158812,6.11806894571622,,,
international|out_of_sample,six_nations,mse,c2k15,0.5,0.8985517724256818,1.0737477033406868,27.217994639669282,33,0.4540891202048378,0.07602289766766139,,,
international|out_of_sample,six_nations,mse,h1_oct1,0.5,1.7889231652566764,1.2997316444512403,130.58844019761,33,0.9946388113950758,0.6941440477583459,,,
international|out_of_sample,six_nations,mse,mk,0.5,1.3975987130902703,1.0,61.32430713325737,33,0.6815996510730172,-0.37689146924577505,,,
international|out_of_sample,six_nations,mse,h2,0.5,2.3841064271903325,1.1953911744357766,213.31872934388187,33,1.2712399379652501,0.5172186425015063,,,
international|out_of_sample,six_nations,mse,sk,0.5,1.2150421245815064,1.1288749775549136,52.323427153090385,33,0.6295947900392952,-0.552298684596211,,,
international|out_of_sample,six_nations,mse,sk_mk,0.5,1.7137064285200756,1.0,92.20203736833925,33,0.8357632936983289,-0.915204356309196,,,
international|out_of_sample,six_nations,mse,sk_h2,0.5,2.4772407506063154,1.1972808392112462,230.6747875432581,33,1.3219441248657626,0.07311397103078425,,,
international|out_of_sample,six_nations,mse,null3_a,0.5,1.1250763610383263,1.2787987732231947,50.81990823874418,33,0.6204831221225691,0.03220209913703367,,,
international|out_of_sample,six_nations,mse,null3_b,0.5,1.105188501617923,1.0,38.34779364062162,33,0.5389931244334453,0.2153514977205376,,,
international|out_of_sample,six_nations,pearson,empirical_baseline,0.005,0.0442521504276646,1.6628193844295247,1022.3074004852066,33,0.02782939638939163,-0.033854106776212034,,,
international|out_of_sample,six_nations,pearson,c2k15,0.005,0.005644381375843642,1.1683813813937487,11.6865142784454,33,0.0029754696953444484,0.0005298370929549697,,,
international|out_of_sample,six_nations,pearson,h1_oct1,0.005,0.00957246658571336,1.3336987446099704,38.36835028905697,33,0.005391375709145521,-0.0029706630765391835,,,
international|out_of_sample,six_nations,pearson,mk,0.005,0.006261576061160666,1.4955449133978818,18.409180115312466,33,0.00373448103117507,0.0017238027429268595,,,
international|out_of_sample,six_nations,pearson,h2,0.005,0.011425853413581929,1.3648023949122987,55.939005090063525,33,0.006509841331333585,-0.0032354063821714877,,,
international|out_of_sample,six_nations,pearson,sk,0.005,0.00685519570541678,1.2661645485839776,18.680888613894695,33,0.003761939439153642,0.0024160830041657466,,,
international|out_of_sample,six_nations,pearson,sk_mk,0.005,0.00908695301108793,1.0,25.92413238302224,33,0.004431646898113872,0.004241779980654489,,,
international|out_of_sample,six_nations,pearson,sk_h2,0.005,0.012509166843731039,1.2125916431581192,59.57156463485508,33,0.0067178845783642,-0.001317338592302491,,,
international|out_of_sample,six_nations,pearson,null3_a,0.005,0.0065763375207880835,1.4482329754703236,19.664109642500623,33,0.003859670032460051,9.707148887497157e-05,,,
international|out_of_sample,six_nations,pearson,null3_b,0.005,0.006306074521782956,1.0,12.48492285936371,33,0.0030754308468013644,-0.0010771505827331612,,,
international|out_of_sample,six_nations,spearman,empirical_baseline,0.005,0.04401260320085836,1.7255709148286291,1049.4326955177758,33,0.028196183595154294,-0.03504327554843653,,,
international|out_of_sample,six_nations,spearman,c2k15,0.005,0.005021615857449005,1.0,7.916890534622446,33,0.0024490088493941673,-0.0003904700710154087,,,
international|out_of_sample,six_nations,spearman,h1_oct1,0.005,0.009875578909633321,1.0,30.61912621476352,33,0.004816254534226488,-0.004414826305127394,,,
international|out_of_sample,six_nations,spearman,mk,0.005,0.0056375578996084655,1.0,9.978142374467751,33,0.0027493997105797795,-0.00013738682999259682,,,
international|out_of_sample,six_nations,spearman,h2,0.005,0.01043844451006569,1.0,34.2089102538016,33,0.005090760365737602,-0.004212407335127068,,,
international|out_of_sample,six_nations,spearman,sk,0.005,0.005867608487225671,1.3509878422445378,14.60297571107717,33,0.00332608785018972,0.0027840253475301005,,,
international|out_of_sample,six_nations,spearman,sk_mk,0.005,0.007639288951373626,1.0,18.32202791284922,33,0.0037256307085379416,0.0028367585998762814,,,
international|out_of_sample,six_nations,spearman,sk_h2,0.005,0.009400172175630273,1.0,27.742096784523465,33,0.004584401813571249,-0.002505083437728344,,,
international|out_of_sample,six_nations,spearman,null3_a,0.005,0.006985822784005116,1.0,15.321553234807354,33,0.0034069395796075515,-0.0003905149057901803,,,
international|out_of_sample,six_nations,spearman,null3_b,0.005,0.007876748621671049,1.1501554725905099,22.403619464731765,33,0.004119762006285455,-0.00203876545323449,,,
international|out_of_sample,ncr,mae,empirical_baseline,0.02,0.3718524078964496,1.4456936506495266,3922.5198772791,33,0.21804975460240933,0.23995110012059223,,,
international|out_of_sample,ncr,mae,c2k15,0.02,0.05269751660599519,1.68694109421951,91.92378533095481,33,0.03338004944545874,0.020432265876414345,,,
international|out_of_sample,ncr,mae,h1_oct1,0.02,0.0883881465554563,1.275294288464435,195.4997255891726,33,0.04867949921173309,0.04437539594839069,,,
international|out_of_sample,ncr,mae,mk,0.02,0.06352740136510199,1.27826987164552,101.22607958893836,33,0.03502831401732351,-0.0240381495239919,,,
international|out_of_sample,ncr,mae,h2,0.02,0.12258660582130332,1.3372730392635162,394.3245470058597,33,0.06913531282100997,0.01866402024547675,,,
international|out_of_sample,ncr,mae,sk,0.02,0.06404873287573848,1.018864042551545,82.01343522014243,33,0.03152938700787942,-0.01674415916964222,,,
international|out_of_sample,ncr,mae,sk_mk,0.02,0.08009370818190463,1.0,125.87644975645807,33,0.039061171879030056,-0.03701370824003819,,,
international|out_of_sample,ncr,mae,sk_h2,0.02,0.12056674766019185,1.2462911499010874,355.48582333821133,33,0.06564235729135721,0.006575490639192268,,,
international|out_of_sample,ncr,mae,null3_a,0.02,0.03202943207260985,1.176596407472122,23.68501572611126,33,0.0169437628557071,-0.0011350144639009326,,,
international|out_of_sample,ncr,mae,null3_b,0.02,0.034689484561647804,1.0,23.612576447739677,33,0.01691783224445112,0.008103037639269726,,,
international|out_of_sample,ncr,mse,empirical_baseline,0.5,9.521646054094994,1.5443556132598908,4395.811328416359,33,5.770753934526337,5.305266194409051,,,
international|out_of_sample,ncr,mse,c2k15,0.5,1.371320139330993,1.4377910211426,84.8869913915363,33,0.8019247272142811,0.15652369391780066,,,
international|out_of_sample,ncr,mse,h1_oct1,0.5,2.1383438225950053,1.2939537882046743,185.75542447629292,33,1.1862706538620689,0.7047251189095455,,,
international|out_of_sample,ncr,mse,mk,0.5,1.3387963831740957,1.1132162004193675,62.643533198950095,33,0.6888920243435595,-0.4132947450477855,,,
international|out_of_sample,ncr,mse,h2,0.5,2.7812591036785306,1.3015584191940386,316.09252916698097,33,1.5474625593135132,0.4592521346700552,,,
international|out_of_sample,ncr,mse,sk,0.5,1.535185357633351,1.0,73.9927732421371,33,0.7486997478565307,-0.5432118633895355,,,
international|out_of_sample,ncr,mse,sk_mk,0.5,1.6580702882392835,1.0,86.31246901106712,33,0.8086299159646103,-0.9429602272137786,,,
international|out_of_sample,ncr,mse,sk_h2,0.5,2.7367843648907733,1.1869187063520892,279.10640355469485,33,1.4541122553544246,0.033410693064700306,,,
international|out_of_sample,ncr,mse,null3_a,0.5,0.9815494551064324,1.1294518021558684,34.163294223219026,33,0.5087365084445843,-0.01424839400731684,,,
international|out_of_sample,ncr,mse,null3_b,0.5,0.8602823739971613,1.0,23.235376587883906,33,0.4195540253784269,0.14174292875327002,,,
international|out_of_sample,ncr,pearson,empirical_baseline,0.005,0.07458721998213655,1.7171197025876868,2999.1423414565934,33,0.04766631443070159,-0.040762356248529356,,,
international|out_of_sample,ncr,pearson,c2k15,0.005,0.009333545502694416,1.4849725681112074,40.61433952551411,33,0.005546930595787223,-0.00027082589632860035,,,
international|out_of_sample,ncr,pearson,h1_oct1,0.005,0.015211157885998085,1.5631577086824207,113.55205831789065,33,0.009274927849016543,-0.004763892739511516,,,
international|out_of_sample,ncr,pearson,mk,0.005,0.008288076445067245,1.760312471717418,37.96338489827951,33,0.005362848130840008,0.0022479712617101554,,,
international|out_of_sample,ncr,pearson,h2,0.005,0.019055002758548486,1.5647029965971042,178.36827495793207,33,0.011624434654155719,-0.004398386530716254,,,
international|out_of_sample,ncr,pearson,sk,0.005,0.010429510344415822,1.0,34.150377149845184,33,0.005086403232225284,0.0030664796546345206,,,
international|out_of_sample,ncr,pearson,sk_mk,0.005,0.012680813167319657,1.0,50.48494340741226,33,0.0061843487327316515,0.005498524086120377,,,
international|out_of_sample,ncr,pearson,sk_h2,0.005,0.019823676620714912,1.3404644844344782,165.38319848049892,33,0.011193315053154084,-0.0018249686089370683,,,
international|out_of_sample,ncr,pearson,null3_a,0.005,0.007064287926318544,1.224580829766454,19.18632983489511,33,0.003812492407831001,0.0006192973071719228,,,
international|out_of_sample,ncr,pearson,null3_b,0.005,0.006106493575690383,1.0,11.707157874788779,33,0.0029780965390752705,-0.0008685679507291488,,,
international|out_of_sample,ncr,spearman,empirical_baseline,0.005,0.07138900404493363,1.8306640313652074,2929.1321174143827,33,0.04710668193462244,-0.03554096091305184,,,
international|out_of_sample,ncr,spearman,c2k15,0.005,0.006348011220335108,1.0,12.651529641558007,33,0.003095883097388443,0.0006458836453710885,,,
international|out_of_sample,ncr,spearman,h1_oct1,0.005,0.012578882179119776,1.2899825967019223,64.08193479747975,33,0.006967562005545486,-0.0025107221323703056,,,
international|out_of_sample,ncr,spearman,mk,0.005,0.007831866309858075,1.0,19.25742418718332,33,0.0038195494128971707,0.0016509556663407245,,,
international|out_of_sample,ncr,spearman,h2,0.005,0.016688967038943046,1.6363533747822085,143.08815249394544,33,0.010411537615823911,-0.0017731724878510824,,,
international|out_of_sample,ncr,spearman,sk,0.005,0.014275029818139773,1.0,63.97668220948191,33,0.006961837651944474,0.0038346008498515776,,,
international|out_of_sample,ncr,spearman,sk_mk,0.005,0.014059756572762703,1.0,62.06164301485875,33,0.006856850313619063,0.004821118081613108,,,
international|out_of_sample,ncr,spearman,sk_h2,0.005,0.01843808121946324,1.5452081507465738,164.924852235823,33,0.011177793604984103,-0.00042491968248547726,,,
international|out_of_sample,ncr,spearman,null3_a,0.005,0.006971805674531521,1.049277084736604,16.012103965191383,33,0.003482869763831495,0.0022687815618534905,,,
international|out_of_sample,ncr,spearman,null3_b,0.005,0.0064270311940194105,1.0032848874701612,13.011062168890668,33,0.00313956450474626,-0.00048681718718484977,,,
international|out_of_sample,srp,mae,empirical_baseline,0.02,0.34276045606030736,1.6114280722191787,3714.839308467424,33,0.2121988578059519,0.3514474468579768,,,
international|out_of_sample,srp,mae,c2k15,0.02,0.05319307525770137,1.6484139159784077,91.52171578942985,33,0.03330696820157859,0.01871847709442536,,,
international|out_of_sample,srp,mae,h1_oct1,0.02,0.07680961809610341,1.141157611119728,132.10660323497845,33,0.04001614874552499,0.06588989901579966,,,
international|out_of_sample,srp,mae,mk,0.02,0.10228763087365772,1.0,205.30235113375124,33,0.04988500122357193,-0.06137235436030226,,,
international|out_of_sample,srp,mae,h2,0.02,0.1257709158191533,1.1906076280894096,369.5530496788276,33,0.06692855074777812,0.018347891980472365,,,
international|out_of_sample,srp,mae,sk,0.02,0.09617641058774075,1.0,181.5034199696736,33,0.046904599499173444,-0.01930466642048234,,,
international|out_of_sample,srp,mae,sk_mk,0.02,0.14028252939686225,1.0,386.1489507633506,33,0.06841486200078217,-0.07964180336213267,,,
international|out_of_sample,srp,mae,sk_h2,0.02,0.1280520420477952,1.0,321.75158899874276,33,0.06245013419193606,0.0005728191154775775,,,
international|out_of_sample,srp,mae,null3_a,0.02,0.05077482331042637,1.01372635719684,51.2820364797333,33,0.02493191613531911,-0.006602315844907773,,,
international|out_of_sample,srp,mae,null3_b,0.02,0.042310262530791586,1.4528556949114095,51.0342343443318,33,0.02487160589771586,0.0045465205007353135,,,
international|out_of_sample,srp,mse,empirical_baseline,0.5,21.07818952601629,1.833470623678869,25574.56363192771,33,13.919292158054251,11.499687395909657,,,
international|out_of_sample,srp,mse,c2k15,0.5,2.019907674138341,1.5260111873235176,195.47373971623207,33,1.2169065964637178,0.09241184488959632,,,
international|out_of_sample,srp,mse,h1_oct1,0.5,4.721628641502338,1.51922419160612,1063.3425348360788,33,2.8382433412076717,1.695724991424639,,,
international|out_of_sample,srp,mse,mk,0.5,3.0619288464233043,1.0,294.3458075902069,33,1.493282452098059,-0.937657299671889,,,
international|out_of_sample,srp,mse,h2,0.5,6.377895195327694,1.5224992621867515,1944.3726950377802,33,3.8379807418131526,1.2556226616073556,,,
international|out_of_sample,srp,mse,sk,0.5,3.392676271340585,1.0,361.37034349742805,33,1.6545857842386893,-1.1402017433826366,,,
international|out_of_sample,srp,mse,sk_mk,0.5,4.135199342759978,1.0,536.8594055728486,33,2.016709376406332,-1.9874899957992984,,,
international|out_of_sample,srp,mse,sk_h2,0.5,6.208767728169166,1.2997618551984236,1573.0491029444352,33,3.45210640894367,0.3999612845989481,,,
international|out_of_sample,srp,mse,null3_a,0.5,2.411168328470915,1.1879041748579622,216.8223940425133,33,1.281637192914385,-0.038396167293147314,,,
international|out_of_sample,srp,mse,null3_b,0.5,1.8007947100320725,1.0506296191253672,106.96599086246817,33,0.9001935434253896,0.10112562562574585,,,
international|out_of_sample,srp,pearson,empirical_baseline,0.005,0.05118983717727736,1.933628915925567,1590.7733043382118,33,0.034715000952978706,-0.032340786157566984,,,
international|out_of_sample,srp,pearson,c2k15,0.005,0.005956054371352058,1.6018852761991027,17.84088454779622,33,0.0036763870344562943,-5.398191351820981e-05,,,
international|out_of_sample,srp,pearson,h1_oct1,0.005,0.008008439385104187,1.5318521480771814,30.844682304568067,33,0.0048339614773047915,-0.0033799838215304756,,,
international|out_of_sample,srp,pearson,mk,0.005,0.007850263945041569,1.746387937497441,33.78912200463626,33,0.005059428791917326,0.001919422981652699,,,
international|out_of_sample,srp,pearson,h2,0.005,0.010848366107821698,1.5658145694163919,57.8544357226211,33,0.006620356332681998,-0.002938187806921603,,,
international|out_of_sample,srp,pearson,sk,0.005,0.01161840033989199,1.0,42.37994024568821,33,0.005666217021756455,0.002765807807068539,,,
international|out_of_sample,srp,pearson,sk_mk,0.005,0.013995843651392188,1.0,61.49868513894659,33,0.006825680404476205,0.0049198351015827995,,,
international|out_of_sample,srp,pearson,sk_h2,0.005,0.012191675235875417,1.0,46.66534023335603,33,0.005945799397878739,-0.0006461787665484869,,,
international|out_of_sample,srp,pearson,null3_a,0.005,0.006944962367718225,1.2769838209805255,19.3371672898219,33,0.003827449432579872,0.0007722267638362505,,,
international|out_of_sample,srp,pearson,null3_b,0.005,0.005499228539056961,1.0602655848419746,10.066670834839126,33,0.0027615694421775877,-0.00017904657299132193,,,
international|out_of_sample,srp,spearman,empirical_baseline,0.005,0.04970086072763996,2.086822690900894,1618.3819879018838,33,0.03501495338468595,-0.02505401160093491,,,
international|out_of_sample,srp,spearman,c2k15,0.005,0.0058750769901582895,1.5472495978402934,16.766992451649376,33,0.0035640239910563576,0.00020654049075126876,,,
international|out_of_sample,srp,spearman,h1_oct1,0.005,0.009597121202607618,1.425233257386709,41.21312753149997,33,0.005587670920136797,-0.0010815794914177256,,,
international|out_of_sample,srp,spearman,mk,0.005,0.006215947038984219,1.1865893157043463,14.394040176111094,33,0.0033022077298367003,0.002424924285876203,,,
international|out_of_sample,srp,spearman,h2,0.005,0.01129254714567387,1.526883590126136,61.13042544505606,33,0.006805213322700965,-0.0014045277923720372,,,
international|out_of_sample,srp,spearman,sk,0.005,0.010669553078976182,1.1819391942527042,42.24304900428896,33,0.005657058409786315,0.001320707996194208,,,
international|out_of_sample,srp,spearman,sk_mk,0.005,0.010211496467232743,1.0,32.73757065869749,33,0.004980079305889882,0.003726073970556243,,,
international|out_of_sample,srp,spearman,sk_h2,0.005,0.012759578859846082,1.6580195117703471,84.74810261264388,33,0.00801268419693936,0.0006610154728732932,,,
international|out_of_sample,srp,spearman,null3_a,0.005,0.006688137084080872,1.554726761231398,21.833937969986895,33,0.0040670458687448955,0.0010562242645711423,,,
international|out_of_sample,srp,spearman,null3_b,0.005,0.005916380488187144,1.0,10.989548706083372,33,0.002885379643379151,-0.001780365504482228,,,
all,six_nations,realised,empirical_baseline,5.0,57.177998982953795,1.363978123859908,1400.015926023172,437,8.949438210329284,-21.19679633867277,58.973701222641914,1091.9039481104019,45.823741497478096
all,six_nations,realised,c2k15,5.0,25.08223369827621,1.0136191266333079,200.2049830732638,437,3.3842834275061,0.6132723112128147,,,
all,six_nations,realised,h1_oct1,5.0,31.41520142287856,1.4353551568645497,444.7405584509274,437,5.044087995862808,-0.016018306636155607,22.247154816647846,155.38769340745978,17.286482792113556
all,six_nations,realised,mk,5.0,23.733444640768155,1.1470970829003422,202.85671701995358,437,3.4066222779156097,-2.0755148741418763,28.959299467373608,263.29570202190314,22.501952993099508
all,six_nations,realised,h2,5.0,34.397643945663766,1.418154386192119,526.8034032642163,437,5.489762696685192,-2.5469107551487413,42.43456501123003,565.3366944657779,32.97250295163724
all,six_nations,realised,sk,5.0,33.24469663739809,1.0,346.9863691714828,437,4.455387613390549,-0.2768878718535469,,,
all,six_nations,realised,sk_mk,5.0,34.08908753830859,1.0097255068895234,368.3848373325168,437,4.590713173860026,-2.1098398169336385,,,
all,six_nations,realised,sk_h2,5.0,37.311453940226265,1.522015422651785,665.2288332358474,437,6.169000681397685,-2.5217391304347827,,,
all,six_nations,realised,null3_a,5.0,29.24193094643436,1.0725929471610787,287.948418282283,437,4.058697037333887,-0.16933638443935928,,,
all,six_nations,realised,null3_b,5.0,28.216915663506498,1.101613458875095,275.36959092010153,437,3.9690564485201,-3.1533180778032035,,,
all,six_nations,smoothed,empirical_baseline,5.0,53.04646050766984,1.36022210730558,1201.6841067097505,437,8.291334654985874,-22.098283752860414,53.47176383142406,897.6699476893896,41.54862646275005
all,six_nations,smoothed,c2k15,5.0,18.439889712202692,1.0,106.75403629960779,437,2.4712770614851887,-0.25171624713958757,,,
all,six_nations,smoothed,h1_oct1,5.0,25.942079332351568,1.5810770722881007,334.0644584795779,437,4.371640314968069,-0.2731121281464511,18.78325704430167,110.76676432002034,14.59496516980193
all,six_nations,smoothed,mk,5.0,16.853134992895594,1.0122411554125936,90.26368418599941,437,2.2724054053865856,-2.519622425629289,25.957392202143435,211.53867713798968,20.169411204650665
all,six_nations,smoothed,h2,5.0,28.983972360276194,1.5371527702139804,405.41565212732905,437,4.815923079769765,-2.4455377574370707,33.11609447294512,344.3070312010175,25.73186557861289
all,six_nations,smoothed,sk,5.0,26.40106643106466,1.0,218.83188719386123,437,3.538218009333372,-0.3118421052631572,,,
all,six_nations,smoothed,sk_mk,5.0,27.809523803056045,1.0,242.80340366739284,437,3.726976643457884,-2.961727688787186,,,
all,six_nations,smoothed,sk_h2,5.0,32.070889538646654,1.6230530444046685,524.1099340548903,437,5.475710532741888,-2.2145308924485114,,,
all,six_nations,smoothed,null3_a,5.0,23.294826563554825,1.1658609278110292,198.62475585999428,437,3.3709008147976314,-0.6505720823798614,,,
all,six_nations,smoothed,null3_b,5.0,23.110040969542517,1.1287359729471795,189.26114492182074,437,3.290485772684857,-2.8276887871853544,,,
all,six_nations,flat,empirical_baseline,5.0,44.904794587114694,1.4882206857879108,942.1508209693279,437,7.341579420327276,-15.709382151029748,,,
all,six_nations,flat,c2k15,5.0,18.052600501291668,1.0,102.3168612247716,437,2.4193733376547937,0.34553775743707094,,,
all,six_nations,flat,h1_oct1,5.0,23.426598632358473,1.343385138112605,231.46571880726228,437,3.6389209839166496,-0.2654462242562929,,,
all,six_nations,flat,mk,5.0,20.031080598718184,1.3478904699183387,169.79739592535844,437,3.1166985474291256,-1.4576659038901603,,,
all,six_nations,flat,h2,5.0,26.170519500868778,1.0365564992506364,222.8873046712313,437,3.570852835073167,-1.9130434782608696,,,
all,six_nations,flat,sk,5.0,24.8491461893676,1.0,193.86107116259882,437,3.3302327689432127,-0.7528604118993135,,,
all,six_nations,flat,sk_mk,5.0,27.093409365019216,1.0164293030356712,234.2459877496248,437,3.6607103428855754,-2.082379862700229,,,
all,six_nations,flat,sk_h2,5.0,28.51698273900608,1.4089940216351946,359.73605012486007,437,4.5365036721889425,-1.5125858123569793,,,
all,six_nations,flat,null3_a,5.0,24.139577394298865,1.0381487823889561,189.92694837312138,437,3.2962685058313363,-0.8993135011441648,,,
all,six_nations,flat,null3_b,5.0,23.933166623659766,1.009893886506802,181.61166410621905,437,3.22330316620561,-2.5675057208237986,,,
all,six_nations,smoothed_flat,empirical_baseline,5.0,41.36352953883192,1.4671260881064663,788.0799625147145,437,6.714511601580008,-16.654576659038906,,,
all,six_nations,smoothed_flat,c2k15,5.0,12.435882491389542,1.0,48.55353841275515,437,1.6666320471515002,-0.40760869565217506,,,
all,six_nations,smoothed_flat,h1_oct1,5.0,18.761277144771416,1.658610160625046,183.28916190477634,437,3.238155338236945,-0.20863844393592615,,,
all,six_nations,smoothed_flat,mk,5.0,13.733828604444975,1.0989559905238335,65.07755277292847,437,1.9295004862911378,-1.911384439359268,,,
all,six_nations,smoothed_flat,h2,5.0,21.112680527916307,1.2758104884759438,178.5420785023702,437,3.195947076771907,-1.839416475972541,,,
all,six_nations,smoothed_flat,sk,5.0,19.619381820551716,1.0,120.8476763958841,437,2.6293502298749556,-0.6439931350114428,,,
all,six_nations,smoothed_flat,sk_mk,5.0,21.174970137499308,1.0,140.77102698189412,437,2.8378270583585317,-2.803432494279178,,,
all,six_nations,smoothed_flat,sk_h2,5.0,23.903877518204837,1.6141593496280886,289.56814340801316,437,4.070096222612923,-1.4538901601830667,,,
all,six_nations,smoothed_flat,null3_a,5.0,18.942854837063425,1.0679181901741577,120.30855548087747,437,2.6234786970231734,-1.314530892448514,,,
all,six_nations,smoothed_flat,null3_b,5.0,19.437737955128462,1.2029163674767969,142.6903312215638,437,2.857107353051845,-2.511270022883296,,,
all,ncr,realised,empirical_baseline,5.0,53.68117861505382,1.5590546842884756,1410.5000292731386,437,8.982884912671349,-21.76887871853547,,,
all,ncr,realised,c2k15,5.0,25.191779267399937,1.5106371108431196,300.98544882020616,437,4.149559878651066,2.128146453089245,,,
all,ncr,realised,h1_oct1,5.0,31.27341949894867,1.3745760816034873,422.07262904895634,437,4.913861150879557,-0.7116704805491991,,,
all,ncr,realised,mk,5.0,18.55939653648413,1.3906048471795092,150.38312544116724,437,2.933113299781888,-1.0251716247139588,,,
all,ncr,realised,h2,5.0,31.158527746374066,1.6015532915936632,488.1608180240269,437,5.284583262007589,-3.7986270022883297,,,
all,ncr,realised,sk,5.0,31.769289780894653,1.2183191374858593,386.0501666231451,437,4.699494633129831,-1.1693363844393592,,,
all,ncr,realised,sk_mk,5.0,33.066976048662724,1.3186356866043687,452.66972824801627,437,5.088854246565988,-1.4324942791762014,,,
all,ncr,realised,sk_h2,5.0,37.29464067616971,1.5469209770219747,675.505126145377,437,6.216466682728226,-3.1647597254004576,,,
all,ncr,realised,null3_a,5.0,25.47633708327993,1.4810127008431968,301.78692635763906,437,4.155081022580999,-0.19679633867276888,,,
all,ncr,realised,null3_b,5.0,27.63925679074653,1.429276404182631,342.79668357486855,437,4.428407643256793,-1.4691075514874141,,,
all,ncr,smoothed,empirical_baseline,5.0,50.27724127509309,1.5837357137281458,1256.878380047338,437,8.479610691862312,-21.44599542334096,,,
all,ncr,smoothed,c2k15,5.0,19.065810851385006,1.3654845006082117,155.83499848800673,437,2.9858073749141822,1.6447940503432499,,,
all,ncr,smoothed,h1_oct1,5.0,25.342362045431674,1.2849710631121032,259.0927112560768,437,3.849965907127696,-0.37008009153317994,,,
all,ncr,smoothed,mk,5.0,14.884377221856637,1.0641840173000885,74.01942959689708,437,2.0577952142978777,-1.7343821510297477,,,
all,ncr,smoothed,h2,5.0,26.432112988463132,1.6020466387624253,351.4039065618766,437,4.483659032073785,-3.913787185354691,,,
all,ncr,smoothed,sk,5.0,26.72954211263701,1.3573142558158813,304.46061113427686,437,4.17344642941717,-1.1409610983981697,,,
all,ncr,smoothed,sk_mk,5.0,27.72840699270469,1.2111228975580013,292.35176542291913,437,4.089612374299127,-2.1057208237986265,,,
all,ncr,smoothed,sk_h2,5.0,32.515812208674575,1.6399124850714837,544.3491530456373,437,5.580435099081375,-3.2183638443935925,,,
all,ncr,smoothed,null3_a,5.0,20.297439867838623,1.4471130987642011,187.17707980651787,437,3.272318891420323,-0.6700800915331804,,,
all,ncr,smoothed,null3_b,5.0,20.543251145873754,1.4061869035901757,186.3155341108187,437,3.264779229281932,-1.888157894736843,,,
all,ncr,flat,empirical_baseline,5.0,43.01637940590913,1.3268524629845762,770.828935342093,437,6.640614819408939,-15.79862700228833,,,
all,ncr,flat,c2k15,5.0,20.301679970991913,1.2652107750884773,163.71727321233553,437,3.060388329672311,1.9931350114416475,,,
all,ncr,flat,h1_oct1,5.0,25.361649305913325,1.2867895063141848,259.85445233940504,437,3.8556212665697007,0.4279176201372998,,,
all,ncr,flat,mk,5.0,15.165665753820281,1.2360337732029922,89.25261792451501,437,2.2596426724425442,-0.6384439359267735,,,
all,ncr,flat,h2,5.0,24.762813719277023,1.231262206122419,237.03812115212725,437,3.6824629321541313,-2.389016018306636,,,
all,ncr,flat,sk,5.0,25.072920545002646,1.1418689059951614,225.3687841325472,437,3.5906755683758282,-0.8146453089244852,,,
all,ncr,flat,sk_mk,5.0,26.666854014240524,1.1034947489196416,246.3664148269481,437,3.754222754611688,-0.9290617848970252,,,
all,ncr,flat,sk_h2,5.0,30.598286353120656,1.759629164452539,517.2291902441077,437,5.439648022522289,-2.1899313501144166,,,
all,ncr,flat,null3_a,5.0,22.00147858525509,1.00098630728827,152.12463135326774,437,2.9500478155500014,-0.10297482837528604,,,
all,ncr,flat,null3_b,5.0,24.15796576821304,1.3765633230211776,252.2229396539597,437,3.7985826247852437,-1.3180778032036613,,,
all,ncr,smoothed_flat,empirical_baseline,5.0,40.303234461071625,1.4562663166985046,742.6569889333506,437,6.5181360652463995,-15.721395881006865,,,
all,ncr,smoothed_flat,c2k15,5.0,15.270749940638193,1.2477478429021678,91.35140365792464,437,2.2860561762219165,1.352173913043477,,,
all,ncr,smoothed_flat,h1_oct1,5.0,20.744050791295454,1.2703555812410645,171.62482212697628,437,3.1334252294559897,0.33495423340960917,,,
all,ncr,smoothed_flat,mk,5.0,11.39594644587983,1.1381867860213988,46.40684081918415,437,1.6293721471090747,-1.0417620137299792,,,
all,ncr,smoothed_flat,h2,5.0,21.431490428405034,1.3105807105699714,188.98885191712952,437,3.2881178837181446,-2.641075514874143,,,
all,ncr,smoothed_flat,sk,5.0,21.34028209800449,1.0803139872949854,154.46069236214612,437,2.9726123272599296,-0.9450228832951967,,,
all,ncr,smoothed_flat,sk_mk,5.0,22.061310898884653,1.0005171080887256,152.88145769599922,437,2.9573770161344997,-1.6165903890160203,,,
all,ncr,smoothed_flat,sk_h2,5.0,26.493405791983704,1.7241854664248744,379.9506824635185,437,4.662221473226972,-2.250000000000002,,,
all,ncr,smoothed_flat,null3_a,5.0,17.171183714991418,1.1117000186020523,102.90956641228752,437,2.4263707396805634,-0.6645881006865016,,,
all,ncr,smoothed_flat,null3_b,5.0,18.03065917318161,1.40679090469365,143.58875371317816,437,2.8660878553483684,-1.934267734553778,,,
all,srp,realised,empirical_baseline,5.0,78.5981426260754,1.2908134857014497,2503.546869851956,437,11.967602313758261,-25.5675057208238,,,
all,srp,realised,c2k15,5.0,27.968142643338776,1.176360725428389,288.8919459873699,437,4.065341215490051,4.187643020594965,,,
all,srp,realised,h1_oct1,5.0,46.06972865092538,1.0847790785401863,722.8368341301335,437,6.430569308557265,-2.933638443935927,,,
all,srp,realised,mk,5.0,30.877590203997393,1.2424349711084752,371.9016723065599,437,4.612574051091807,-3.0320366132723113,,,
all,srp,realised,h2,5.0,48.02008297564558,1.2147027947390172,879.3940218094252,437,7.09285432554319,-5.0983981693363845,,,
all,srp,realised,sk,5.0,43.71125133379851,1.0790380467550973,647.2780841402397,437,6.0851983271535,-0.5606407322654462,,,
all,srp,realised,sk_mk,5.0,48.96386954752787,1.035044385613465,779.0729117620417,437,6.676030897527304,-3.6819221967963385,,,
all,srp,realised,sk_h2,5.0,53.18945123807125,1.0365224297878506,920.6560039414776,437,7.257348536274967,-5.1235697940503435,,,
all,srp,realised,null3_a,5.0,38.22989384288833,1.0287330353804471,472.03753791516186,437,5.196579240952989,-0.2540045766590389,,,
all,srp,realised,null3_b,5.0,37.31854776804422,1.2072947334727182,527.8742071890637,437,5.49533923172042,-0.9153318077803204,,,
all,srp,smoothed,empirical_baseline,5.0,74.47336958687963,1.3910792078862113,2422.2643287862547,437,11.771723501121517,-27.09931350114416,,,
all,srp,smoothed,c2k15,5.0,20.61347347739321,1.0170748591723875,135.68222062346845,437,2.786061874390621,2.8694508009153314,,,
all,srp,smoothed,h1_oct1,5.0,37.79451041622355,1.136985907422786,509.8943451565467,437,5.4009403853004185,-2.405034324942792,,,
all,srp,smoothed,mk,5.0,22.597596751895473,1.0527435130660996,168.77757744776875,437,3.107324865117594,-3.777402745995424,,,
all,srp,smoothed,h2,5.0,41.75422978133225,1.1750962433554797,643.1941082786481,437,6.065970789393207,-5.900800915331807,,,
all,srp,smoothed,sk,5.0,36.77853288106785,1.047447507244432,444.8245370133996,437,5.044564200760552,-0.6698512585812361,,,
all,srp,smoothed,sk_mk,5.0,41.362352328447194,1.0,537.1284117055654,437,5.5432995594717065,-3.7130434782608694,,,
all,srp,smoothed,sk_h2,5.0,48.15543225266575,1.018927176379095,741.8248589528581,437,6.514483331401371,-5.537356979405034,,,
all,srp,smoothed,null3_a,5.0,29.38049224423801,1.1616834137400278,314.828173678059,437,4.243909174871342,-1.3378146453089226,,,
all,srp,smoothed,null3_b,5.0,30.422739629346573,1.351393395560764,392.6866158330484,437,4.739716170046475,-2.134553775743707,,,
all,srp,flat,empirical_baseline,5.0,61.52391668813745,1.349190850947886,1603.3524665116097,437,9.577315358704087,-18.19221967963387,,,
all,srp,flat,c2k15,5.0,22.646273056968386,1.2055911516061237,194.1159388550466,437,3.3324211659014153,3.064073226544622,,,
all,srp,flat,h1_oct1,5.0,34.506976782762656,1.0331474158902363,386.2280247069738,437,4.700577066106197,-1.6933638443935928,,,
all,srp,flat,mk,5.0,24.020466617756522,1.6053416870883215,290.8024283416326,437,4.078761396251729,-2.0755148741418763,,,
all,srp,flat,h2,5.0,35.296019576768096,1.2175892264207029,476.23348232254,437,5.2196243536999845,-3.0251716247139586,,,
all,srp,flat,sk,5.0,34.17922508933872,1.0,366.7685516563085,437,4.580631243511495,0.02745995423340961,,,
all,srp,flat,sk_mk,5.0,37.744738918985696,1.0,447.2810690988864,437,5.05847426085795,-2.8215102974828374,,,
all,srp,flat,sk_h2,5.0,40.519882838610975,1.197640321106735,617.348556269702,437,5.942846382631586,-2.816933638443936,,,
all,srp,flat,null3_a,5.0,32.70193109779337,1.2862191136305938,431.84651906249104,437,4.970430407527027,0.32265446224256294,,,
all,srp,flat,null3_b,5.0,32.45579136503704,1.0311861241436624,341.0272886856564,437,4.4169639223047135,-1.0068649885583525,,,
all,srp,smoothed_flat,empirical_baseline,5.0,57.0719792649455,1.5956823332739392,1631.7738575773647,437,9.661827321167552,-19.782265446224255,,,
all,srp,smoothed_flat,c2k15,5.0,16.2050101838029,1.0265737107059683,84.6362515795688,437,2.200429690453616,1.94170480549199,,,
all,srp,smoothed_flat,h1_oct1,5.0,26.876791063117867,1.0214917950926805,231.66337487965288,437,3.640474348600423,-1.2232837528604141,,,
all,srp,smoothed_flat,mk,5.0,17.214763802458695,1.1786738943667008,109.66384457663362,437,2.504730588113097,-2.935926773455378,,,
all,srp,smoothed_flat,h2,5.0,29.35600603654868,1.0494339486617337,283.9335496462609,437,4.030302480019299,-4.123340961098399,,,
all,srp,smoothed_flat,sk,5.0,28.450783626468397,1.0,254.1301141026787,437,3.8129169997606813,-0.30102974828375356,,,
all,srp,smoothed_flat,sk_mk,5.0,31.27102743765281,1.0005616674150235,307.182045305348,437,4.192057198194883,-2.8777459954233415,,,
all,srp,smoothed_flat,sk_h2,5.0,35.90911248624559,1.1045549661294845,447.1614351947199,437,5.057797722616198,-3.362700228832953,,,
all,srp,smoothed_flat,null3_a,5.0,25.285748023057785,1.3369236347052746,268.36500232052737,437,3.91825074745589,-0.7587528604118984,,,
all,srp,smoothed_flat,null3_b,5.0,25.283574660965517,1.186029677550157,238.03464617830696,437,3.690195480939481,-2.11413043478261,,,
club,six_nations,realised,empirical_baseline,5.0,58.47747042743926,1.313154067363882,1409.809734870273,383,9.59292104261853,-22.550913838120106,58.973701222641914,1091.9039481104019,45.823741497478096
club,six_nations,realised,c2k15,5.0,25.370562217956557,1.1054369888809081,223.38902935487044,383,3.8185768725086398,1.3420365535248042,,,
club,six_nations,realised,h1_oct1,5.0,32.61475389052509,1.562947085763418,521.9635213517287,383,5.83701344325991,-0.21148825065274152,22.247154816647846,155.38769340745978,17.286482792113556
club,six_nations,realised,mk,5.0,23.287261973065423,1.2760360843366143,217.25384898009673,383,3.7657749054328136,-1.7911227154046998,28.959299467373608,263.29570202190314,22.501952993099508
club,six_nations,realised,h2,5.0,35.69082558150068,1.4066975800228079,562.5765094857069,383,6.059843584988307,-3.088772845953003,42.43456501123003,565.3366944657779,32.97250295163724
club,six_nations,realised,sk,5.0,34.603706207010696,1.0,375.9351187617474,383,4.953669939769577,-0.9295039164490861,,,
club,six_nations,realised,sk_mk,5.0,34.89790292103411,1.0712354957712569,409.5918259725761,383,5.170663291638174,-2.0156657963446474,,,
club,six_nations,realised,sk_h2,5.0,38.812773458471256,1.5480149623347386,732.1366955263071,383,6.913002353222494,-3.023498694516971,,,
club,six_nations,realised,null3_a,5.0,29.82867638812688,1.0912561041281739,304.8332363506726,383,4.460687260085528,-0.12010443864229765,,,
club,six_nations,realised,null3_b,5.0,29.047596105841745,1.0696809771915,283.36247228631794,383,4.300726093034215,-3.5300261096605743,,,
club,six_nations,smoothed,empirical_baseline,5.0,54.16818241587451,1.3081772309176087,1205.0991452869162,383,8.869150134307688,-23.699869451697126,53.47176383142406,897.6699476893896,41.54862646275005
club,six_nations,smoothed,c2k15,5.0,18.371622812549386,1.0691656860908054,113.29421083427144,383,2.7194086627099456,0.34373368146214167,,,
club,six_nations,smoothed,h1_oct1,5.0,26.87116183360075,1.7633982384911082,399.7522874881129,383,5.108178868285547,-0.3869451697127921,18.78325704430167,110.76676432002034,14.59496516980193
club,six_nations,smoothed,mk,5.0,15.79191718108804,1.0610447328822323,83.07513873035457,383,2.32866038443876,-2.219582245430808,25.957392202143435,211.53867713798968,20.169411204650665
club,six_nations,smoothed,h2,5.0,30.111378981491693,1.5333694333378292,436.491466346851,383,5.337753279691721,-3.0050913838120104,33.11609447294512,344.3070312010175,25.73186557861289
club,six_nations,smoothed,sk,5.0,27.122760248192357,1.0,230.9592900992968,383,3.8827402279189105,-1.010117493472584,,,
club,six_nations,smoothed,sk_mk,5.0,28.410755313325463,1.0,253.41552964811495,383,4.067122282215418,-3.059986945169713,,,
club,six_nations,smoothed,sk_h2,5.0,33.365630766575926,1.6661625356199223,582.3495038404724,383,6.165417236682421,-2.7838120104438637,,,
club,six_nations,smoothed,null3_a,5.0,23.55822768298223,1.0,174.24201929740735,383,3.372462001882136,-0.35404699738903267,,,
club,six_nations,smoothed,null3_b,5.0,23.700053276629845,1.0892609174085779,192.08711417126935,383,3.54094950250998,-3.146736292428198,,,
club,six_nations,flat,empirical_baseline,5.0,46.635146800951055,1.4167572712674457,967.3637578643406,383,7.9463103654819145,-17.193211488250654,,,
club,six_nations,flat,c2k15,5.0,18.202593085466244,1.0,104.02415273934099,383,2.6057797871102997,0.9738903394255874,,,
club,six_nations,flat,h1_oct1,5.0,24.10793070629647,1.3745262799166953,250.8075365704128,383,4.046140027655381,-0.39425587467362927,,,
club,six_nations,flat,mk,5.0,19.631005812531672,1.433237072331654,173.4086680255622,383,3.364387560466397,-1.2297650130548303,,,
club,six_nations,flat,h2,5.0,26.922035891960604,1.0111736478455908,230.0960729860689,383,3.875477507730987,-2.402088772845953,,,
club,six_nations,flat,sk,5.0,25.977285556669678,1.0,211.86304149812403,383,3.718760580414762,-0.9973890339425587,,,
club,six_nations,flat,sk_mk,5.0,27.756215557684946,1.03977807666344,251.49469318127626,383,4.0516789961783575,-2.1383812010443863,,,
club,six_nations,flat,sk_h2,5.0,29.511155779610593,1.4299074067254463,390.9741272728578,383,5.051782298474342,-2.0078328981723237,,,
club,six_nations,flat,null3_a,5.0,24.602173352916,1.0,190.0266947874784,383,3.5219073316097305,-1.1697127937336815,,,
club,six_nations,flat,null3_b,5.0,24.583597091080847,1.0,189.73983777679442,383,3.5192480595278446,-2.864229765013055,,,
club,six_nations,smoothed_flat,empirical_baseline,5.0,42.78391772148118,1.380565575598612,793.3883274801809,383,7.196370601596401,-18.391906005221934,,,
club,six_nations,smoothed_flat,c2k15,5.0,12.292445621201566,1.0099012391772932,47.90966813044256,383,1.7684068911866726,0.11742819843341931,,,
club,six_nations,smoothed_flat,h1_oct1,5.0,19.432093217708942,1.6419685407696931,194.6577361411031,383,3.5645642857254507,-0.22624020887728313,,,
club,six_nations,smoothed_flat,mk,5.0,13.061331638956597,1.1318816306628698,60.62386085966882,383,1.9892639529210079,-1.6259791122715401,,,
club,six_nations,smoothed_flat,h2,5.0,21.70203229275523,1.278386426655615,189.02995350935527,383,3.5126585104896857,-2.3460182767624023,,,
club,six_nations,smoothed_flat,sk,5.0,20.09193592969657,1.0,126.73927985512582,383,2.876247372212105,-1.012989556135771,,,
club,six_nations,smoothed_flat,sk_mk,5.0,21.583175947533803,1.0,146.25083968036532,383,3.0897248189673636,-3.018537859007835,,,
club,six_nations,smoothed_flat,sk_h2,5.0,24.692071730868392,1.5796990188656503,302.3827930358396,383,4.442722163749553,-2.070757180156658,,,
club,six_nations,smoothed_flat,null3_a,5.0,19.19744866280141,1.0,115.70568444120491,383,2.7481976581433996,-1.3565274151436044,,,
club,six_nations,smoothed_flat,null3_b,5.0,20.028792425937983,1.1475358004840588,144.52515393331512,383,3.0714421342683558,-2.739229765013055,,,
club,ncr,realised,empirical_baseline,5.0,54.91158968289983,1.6321712081155266,1545.1171456077093,383,10.042719280593582,-22.87467362924282,,,
club,ncr,realised,c2k15,5.0,24.737773101358552,1.6171737668441866,310.7030791568681,383,4.503429786343586,2.506527415143603,,,
club,ncr,realised,h1_oct1,5.0,32.311560200866914,1.3647826493980266,447.3495619562105,383,5.403736027228937,-0.6214099216710183,,,
club,ncr,realised,mk,5.0,16.75660902379242,1.2400624192722394,109.3159378779706,383,2.6712366206344296,-0.6057441253263708,,,
club,ncr,realised,h2,5.0,31.908292115215918,1.3497653586521106,431.45257213204496,383,5.306854108679862,-4.318537859007833,,,
club,ncr,realised,sk,5.0,32.39931959916713,1.2432296673536705,409.723440566814,383,5.171493972388443,-1.577023498694517,,,
club,ncr,realised,sk_mk,5.0,33.89598463319749,1.345033796273409,485.1738342074775,383,5.627549229181282,-1.0992167101827677,,,
club,ncr,realised,sk_h2,5.0,38.460869371218145,1.6073873814425368,746.4941595260799,383,6.980456490446614,-3.0704960835509136,,,
club,ncr,realised,null3_a,5.0,26.055711199675017,1.2626743106630758,269.13171225162085,383,4.191341568251233,-0.020887728459530026,,,
club,ncr,realised,null3_b,5.0,28.058389266090376,1.5484080330202399,382.7177051112822,383,4.9981570044051455,-2.7362924281984333,,,
club,ncr,smoothed,empirical_baseline,5.0,51.27435613559742,1.5506172950414367,1279.8902203071837,383,9.140226915226263,-22.331788511749348,,,
club,ncr,smoothed,c2k15,5.0,18.97172082599458,1.5509791875940369,175.26172688443128,383,3.3823158488814626,1.9500000000000004,,,
club,ncr,smoothed,h1_oct1,5.0,26.2956283609259,1.3123860536207228,284.90257789020154,383,4.312397710522618,-0.4239556135770222,,,
club,ncr,smoothed,mk,5.0,13.546746206891852,1.349305852233198,77.74063057602655,383,2.252654809985792,-1.2668407310704952,,,
club,ncr,smoothed,h2,5.0,27.212654079092534,1.3580200012822337,315.7298435594816,383,4.539713385377548,-4.241710182767624,,,
club,ncr,smoothed,sk,5.0,27.461151373139717,1.5034209322878334,355.9473326207741,383,4.820182578776433,-1.7103785900783297,,,
club,ncr,smoothed,sk_mk,5.0,28.224561851966318,1.3467344650996396,336.8247980850866,383,4.688918092440581,-1.8775456919060052,,,
club,ncr,smoothed,sk_h2,5.0,33.63989447514708,1.6601966155053762,589.8430134519176,383,6.2049578712144,-3.3640992167101835,,,
club,ncr,smoothed,null3_a,5.0,20.848486821181307,1.3515959565343114,184.44361631694844,383,3.469783933169579,-0.5363577023498695,,,
club,ncr,smoothed,null3_b,5.0,20.67532045005706,1.4668596189869683,196.86146738414268,383,3.584684816542714,-2.9316579634464763,,,
club,ncr,flat,empirical_baseline,5.0,44.61186502434149,1.4681212090276659,917.3400140777682,383,7.738125806501426,-17.39425587467363,,,
club,ncr,flat,c2k15,5.0,20.032427268052295,1.3750002024637757,173.23577259584087,383,3.3627099272103154,2.2610966057441253,,,
club,ncr,flat,h1_oct1,5.0,26.33669737536088,1.3243695006893474,288.4027940684132,383,4.338807169556647,0.4725848563968668,,,
club,ncr,flat,mk,5.0,14.16888117765963,1.1934700575627688,75.22294117421967,383,2.2158776260591853,-0.2924281984334204,,,
club,ncr,flat,h2,5.0,25.291868089275788,1.2265580575079595,246.33016164501072,383,4.009861877231996,-2.6657963446475197,,,
club,ncr,flat,sk,5.0,25.111273695297484,1.2127372105742873,240.0887731408915,383,3.9587360275837447,-1.0496083550913837,,,
club,ncr,flat,sk_mk,5.0,26.969430037011602,1.2019137244716103,274.46343659143116,383,4.2326549497593895,-0.7284595300261096,,,
club,ncr,flat,sk_h2,5.0,31.198567178006797,1.929147818366819,589.5253303230387,383,6.203286684241059,-2.177545691906005,,,
club,ncr,flat,null3_a,5.0,22.18224270090029,1.0,154.48224469658734,383,3.1754838110913255,0.10443864229765012,,,
club,ncr,flat,null3_b,5.0,24.244517559998716,1.356079702556817,250.25339308302551,383,4.04166770992892,-2.195822454308094,,,
club,ncr,smoothed_flat,empirical_baseline,5.0,41.73903458743197,1.5050928333219535,823.2196970785394,383,7.330413847268681,-17.13485639686684,,,
club,ncr,smoothed_flat,c2k15,5.0,15.235226992230583,1.367983904758644,99.6888330105511,383,2.5509025819133018,1.5082898172323747,,,
club,ncr,smoothed_flat,h1_oct1,5.0,21.631646140888193,1.2505513612400927,183.71657448602525,383,3.4629385649054973,0.21259791122715252,,,
club,ncr,smoothed_flat,mk,5.0,10.161877869843726,1.377038197052123,44.64384536226898,383,1.707070333308944,-0.7443211488250675,,,
club,ncr,smoothed_flat,h2,5.0,21.83574944432798,1.2994110427331964,194.51380246060057,383,3.5632461882687148,-2.8817885117493494,,,
club,ncr,smoothed_flat,sk,5.0,21.63557988422104,1.347928451215978,198.0941205075896,383,3.5958901012961793,-1.370822454308096,,,
club,ncr,smoothed_flat,sk_mk,5.0,22.18549501801173,1.1218996800430758,173.364406420767,383,3.3639581623924557,-1.606657963446478,,,
club,ncr,smoothed_flat,sk_h2,5.0,27.123797502588197,1.7374974158014271,401.3218634069759,383,5.118197347369211,-2.551305483028723,,,
club,ncr,smoothed_flat,null3_a,5.0,17.744579296458255,1.1117958347501364,109.90668855517137,383,2.678444666701738,-0.6201697127937362,,,
club,ncr,smoothed_flat,null3_b,5.0,18.038260220212695,1.4396075779998287,147.06220913281945,383,3.098283542455882,-2.7678851174934747,,,
club,srp,realised,empirical_baseline,5.0,81.68690604109429,1.3656048590575933,2860.866640060146,383,13.665307984146427,-26.942558746736292,,,
club,srp,realised,c2k15,5.0,28.406763264128834,1.3114970665469252,332.26033100670384,383,4.65703888348782,5.028720626631854,,,
club,srp,realised,h1_oct1,5.0,48.00203849238586,1.226738073097197,887.4397382844013,383,7.610970757211462,-2.5509138381201044,,,
club,srp,realised,mk,5.0,29.016502511748357,1.7545854364156,463.80167613069017,383,5.502205089238298,-2.493472584856397,,,
club,srp,realised,h2,5.0,49.33901762366802,1.1953850875704535,913.6008518824743,383,7.722339047067532,-4.934725848563969,,,
club,srp,realised,sk,5.0,44.02645852295111,1.1820461639007052,719.3323774008587,383,6.852285059402017,-0.48825065274151436,,,
club,srp,realised,sk_mk,5.0,46.02890500504281,1.2450397511224192,828.1560339295443,383,7.352358966439287,-3.9138381201044385,,,
club,srp,realised,sk_h2,5.0,54.58616509436595,1.1219151301227395,1049.5251246014245,383,8.276887211938618,-5.402088772845953,,,
club,srp,realised,null3_a,5.0,39.05003280399847,1.104302380614814,528.6868159780645,383,5.874485789274274,0.4934725848563969,,,
club,srp,realised,null3_b,5.0,38.44836150829423,1.271899410265395,590.3045159639008,383,6.20738482522236,-1.031331592689295,,,
club,srp,smoothed,empirical_baseline,5.0,77.2993784913594,1.5238178622708132,2858.595661034979,383,13.659883091475539,-28.796605744125323,,,
club,srp,smoothed,c2k15,5.0,21.193879378831966,1.0590560021649489,149.35078458493348,383,3.1222981488139543,3.4623368146214095,,,
club,srp,smoothed,h1_oct1,5.0,39.484626493345864,1.2319440403631965,602.9963941958492,383,6.273761068937891,-2.156788511749347,,,
club,srp,smoothed,mk,5.0,20.47386856930889,1.304475494993517,171.67355996827135,383,3.347513398170581,-3.647323759791123,,,
club,srp,smoothed,h2,5.0,42.695373293390574,1.0630871307097207,608.4125400545942,383,6.30187371145313,-6.303981723237596,,,
club,srp,smoothed,sk,5.0,37.56268377135501,1.2271928069749494,543.6178331698071,383,5.956860982569024,-0.662924281984333,,,
club,srp,smoothed,sk_mk,5.0,38.708125297711504,1.0767457969297087,506.5066217923319,383,5.749938254818508,-4.156657963446475,,,
club,srp,smoothed,sk_h2,5.0,49.430981088827025,1.0616817832011363,814.4426195033661,383,7.291231095049777,-5.967232375979112,,,
club,srp,smoothed,null3_a,5.0,30.029209353736746,1.130921565141264,320.17538976683795,383,4.571561754776035,-1.1917101827676215,,,
club,srp,smoothed,null3_b,5.0,31.083411523989888,1.3593506311905883,412.3409959643229,383,5.187986951974647,-2.442558746736292,,,
club,srp,flat,empirical_baseline,5.0,64.54052911384717,1.4497516963819546,1895.947618915687,383,11.124584126693705,-19.57963446475196,,,
club,srp,flat,c2k15,5.0,23.09474257565186,1.3307810064368375,222.84377724876376,383,3.8139137985425204,3.955613577023499,,,
club,srp,flat,h1_oct1,5.0,35.833958962558846,1.1656957200045157,469.94004249370823,383,5.53849596005895,-1.0261096605744124,,,
club,srp,flat,mk,5.0,23.725257381519906,1.9156484220264665,338.53637318223065,383,4.700816364175668,-1.9530026109660574,,,
club,srp,flat,h2,5.0,36.302128091680785,1.1427644114899493,472.8120567294198,383,5.555394296693762,-3.156657963446475,,,
club,srp,flat,sk,5.0,34.87139167066501,1.0,381.77389216667814,383,4.991990269582949,-0.04177545691906005,,,
club,srp,flat,sk_mk,5.0,37.58824392861572,1.1440470458116947,507.47613434223575,383,5.7554386490715785,-3.2767624020887727,,,
club,srp,flat,sk_h2,5.0,41.961480351074265,1.1662765650578346,644.7195169439939,383,6.487181158466845,-3.328981723237598,,,
club,srp,flat,null3_a,5.0,33.58785148194078,1.4249688476831588,504.7048571080805,383,5.73970219378788,0.8015665796344648,,,
club,srp,flat,null3_b,5.0,33.62053167480213,1.1196202640071082,397.32653533675455,383,5.092656716992121,-0.7493472584856397,,,
club,srp,smoothed_flat,empirical_baseline,5.0,59.833195518260716,1.6647594777607866,1871.1282587278215,383,11.051529727437618,-21.550261096605745,,,
club,srp,smoothed_flat,c2k15,5.0,16.709653338315672,1.0305230130937566,90.33587190353546,383,2.4282910416046306,2.4998041775456907,,,
club,srp,smoothed_flat,h1_oct1,5.0,27.971946492287096,1.064455886842353,261.48134586815434,383,4.131340335520083,-0.8839425587467384,,,
club,srp,smoothed_flat,mk,5.0,16.47012535868047,1.100976502846032,93.7647339464823,383,2.4739469361693818,-3.0794386422976507,,,
club,srp,smoothed_flat,h2,5.0,30.39524397971725,1.0,290.0540497367124,383,4.3512104025372444,-4.61795039164491,,,
club,srp,smoothed_flat,sk,5.0,29.434829582170284,1.0,272.0136621165407,383,4.213722935085379,-0.646997389033943,,,
club,srp,smoothed_flat,sk_mk,5.0,31.322948773575725,1.0200792740539186,314.21496851666967,383,4.528809494605057,-3.6534595300261112,,,
club,srp,smoothed_flat,sk_h2,5.0,37.40395884882267,1.0698247107684127,469.91080583090223,383,5.538323672487356,-4.095626631853788,,,
club,srp,smoothed_flat,null3_a,5.0,26.11143857287197,1.37025461361996,293.31247704926875,383,4.375582594922811,-0.8449738903394247,,,
club,srp,smoothed_flat,null3_b,5.0,26.04809999282016,1.2065370968744904,257.0161691951388,383,4.095914104269294,-2.130221932114884,,,
international,six_nations,realised,empirical_baseline,5.0,46.26605525245631,1.273372956489223,855.7526101143804,54,19.904315209065665,-11.592592592592593,58.973701222641914,1091.9039481104019,45.823741497478096
international,six_nations,realised,c2k15,5.0,22.474024139132034,1.0,158.57303992606458,54,8.56816458818428,-4.555555555555555,,,
international,six_nations,realised,h1_oct1,5.0,21.206350327198223,1.0,141.1885666237486,54,8.084867169015478,1.3703703703703705,22.247154816647846,155.38769340745978,17.286482792113556
international,six_nations,realised,mk,5.0,26.840035232183464,1.5206531978574838,343.9252080506775,54,12.61842436109973,-4.092592592592593,28.959299467373608,263.29570202190314,22.501952993099508
international,six_nations,realised,h2,5.0,23.13180415320539,1.0,167.99125681596354,54,8.818941546885915,1.2962962962962963,42.43456501123003,565.3366944657779,32.97250295163724
international,six_nations,realised,sk,5.0,20.89430490918555,1.0,137.06403791470888,54,7.965900646421692,4.351851851851852,,,
international,six_nations,realised,sk_mk,5.0,27.9518903850997,1.0,245.295756387099,54,10.656587173162546,-2.7777777777777777,,,
international,six_nations,realised,sk_h2,5.0,24.082376679366682,1.0,182.08172367994217,54,9.18134490672633,1.037037037037037,,,
international,six_nations,realised,null3_a,5.0,24.925353267298956,1.4665714563810377,286.0576316271207,54,11.508001073872892,-0.5185185185185185,,,
international,six_nations,realised,null3_b,5.0,21.44914190194655,1.4873551567286523,214.83359416367972,54,9.972963315785327,-0.48148148148148145,,,
international,six_nations,smoothed,empirical_baseline,5.0,43.013920702649706,1.1901099175904566,691.3099385580044,54,17.88996639126406,-10.738888888888887,53.47176383142406,897.6699476893896,41.54862646275005
international,six_nations,smoothed,c2k15,5.0,18.542463377696276,1.0,107.94499878599652,54,7.069267039446054,-4.4750000000000005,,,
international,six_nations,smoothed,h1_oct1,5.0,18.20089950626553,1.0,104.00479671187816,54,6.939046681504005,0.5342592592592623,18.78325704430167,110.76676432002034,14.59496516980193
international,six_nations,smoothed,mk,5.0,23.104485938534264,1.3662629477868953,228.9784319239145,54,10.296044546237578,-4.647685185185183,25.957392202143435,211.53867713798968,20.169411204650665
international,six_nations,smoothed,h2,5.0,18.905333835966402,1.0,112.21124145941663,54,7.207610479472652,1.5231481481481486,33.11609447294512,344.3070312010175,25.73186557861289
international,six_nations,smoothed,sk,5.0,20.080870870374337,1.0,126.59972222411803,54,7.655780986363556,4.64074074074074,,,
international,six_nations,smoothed,sk_mk,5.0,23.31891213527352,1.0,170.71993548755083,54,8.890275989538369,-2.2648148148148133,,,
international,six_nations,smoothed,sk_h2,5.0,20.45356674842691,1.0,131.34264886457976,54,7.7978703427121605,1.823148148148151,,,
international,six_nations,smoothed,null3_a,5.0,21.419528212683584,1.3513385645277403,194.6487586481259,54,9.492900823288897,-2.7537037037037027,,,
international,six_nations,smoothed,null3_b,5.0,18.41565072090838,1.0929554051541046,116.37086079688568,54,7.339986274992394,-0.5648148148148127,,,
international,six_nations,flat,empirical_baseline,5.0,28.001397589159573,1.1522928217816764,283.6546703850893,54,11.459563982096508,-5.185185185185185,,,
international,six_nations,flat,c2k15,5.0,16.424402768116355,1.0,84.69286781527074,54,6.261761814824028,-4.111111111111111,,,
international,six_nations,flat,h1_oct1,5.0,18.021116971023144,1.0,101.96029353300872,54,6.870505046837179,0.6481481481481481,,,
international,six_nations,flat,mk,5.0,22.806695352463272,1.6775132482434194,273.94182669363005,54,11.261657061266316,-3.074074074074074,,,
international,six_nations,flat,h2,5.0,19.90606873109414,1.0215302149247898,127.08370892929815,54,7.670400930214184,1.5555555555555556,,,
international,six_nations,flat,sk,5.0,14.572513206719968,1.0,66.67094042299944,54,5.555733625882273,0.9814814814814815,,,
international,six_nations,flat,sk_mk,5.0,22.038409073555226,1.3752539517754063,209.7060923489428,54,9.853230630876926,-1.6851851851851851,,,
international,six_nations,flat,sk_h2,5.0,19.960338031697326,1.0,125.08448639284177,54,7.609828147936748,2.0,,,
international,six_nations,flat,null3_a,5.0,20.662143618121455,1.5559749217473662,208.5551942255165,54,9.82615543638311,1.0185185185185186,,,
international,six_nations,flat,null3_b,5.0,18.73520846796814,1.4213908882321982,156.63840520717497,54,8.515737207576743,-0.46296296296296297,,,
international,six_nations,smoothed_flat,empirical_baseline,5.0,26.55655261037977,1.0642373827780516,235.6403018585211,54,10.444746638473713,-4.332407407407412,,,
international,six_nations,smoothed_flat,c2k15,5.0,12.92335185760643,1.0,52.43460533781944,54,4.926995052665517,-4.131481481481483,,,
international,six_nations,smoothed_flat,h1_oct1,5.0,13.188860506059193,1.0,54.611262383748546,54,5.028219550131839,-0.08379629629630114,,,
international,six_nations,smoothed_flat,mk,5.0,17.812660195805197,1.6188272088169737,161.2596554287476,54,8.640442574525883,-3.9356481481481533,,,
international,six_nations,smoothed_flat,h2,5.0,16.039929103534124,1.0,80.77417940532145,54,6.115182207292728,1.7537037037036978,,,
international,six_nations,smoothed_flat,sk,5.0,15.778630649875334,1.134114005197206,88.6467871440784,54,6.406260940156093,1.9731481481481425,,,
international,six_nations,smoothed_flat,sk_mk,5.0,18.119934338740066,1.0139460455292735,104.51912152800152,54,6.956183018645325,-1.2777777777777795,,,
international,six_nations,smoothed_flat,sk_h2,5.0,16.84791180681376,1.0,89.11684993480687,54,6.423223559533321,2.9212962962962936,,,
international,six_nations,smoothed_flat,null3_a,5.0,17.190453005325423,1.5482568725018713,143.6432839165381,54,8.154846432136573,-1.0166666666666688,,,
international,six_nations,smoothed_flat,null3_b,5.0,14.621421241435348,1.168576473032499,78.43393119130589,54,6.025944339367907,-0.8944444444444478,,,
international,ncr,realised,empirical_baseline,5.0,43.60623629099521,1.0966546343880579,654.6885594196569,54,17.409668442761284,-13.925925925925926,,,
international,ncr,realised,c2k15,5.0,28.312719101016803,1.5054398473968142,378.87350308062196,54,13.24403260243503,-0.5555555555555556,,,
international,ncr,realised,h1_oct1,5.0,22.808602653308377,1.0,163.329647531391,54,8.69572179642548,-1.3518518518518519,,,
international,ncr,realised,mk,5.0,28.276265131932128,1.1890009288644816,298.46537108501303,54,11.754931413639039,-4.0,,,
international,ncr,realised,h2,5.0,25.150615481922042,1.1133672838363105,221.10744004622407,54,10.117537031163048,-0.1111111111111111,,,
international,ncr,realised,sk,5.0,26.967077528724754,1.0,228.31551958822232,54,10.2811297744456,1.7222222222222223,,,
international,ncr,realised,sk_mk,5.0,26.597900065805046,1.0,222.10706120324363,54,10.140381804924795,-3.7962962962962963,,,
international,ncr,realised,sk_h2,5.0,27.92560872463677,1.4510901947658208,355.27722729573117,54,12.824983345879938,-3.8333333333333335,,,
international,ncr,realised,null3_a,5.0,21.07817136698771,1.2220661873590224,170.46226547955348,54,8.883564346578083,-1.4444444444444444,,,
international,ncr,realised,null3_b,5.0,22.719570767886637,1.036206494492186,167.92456044092322,54,8.817190712238393,7.518518518518518,,,
international,ncr,smoothed,empirical_baseline,5.0,42.423857628231396,1.1183036590563273,631.8990829863847,54,17.1039723968719,-15.163425925925916,,,
international,ncr,smoothed,c2k15,5.0,19.766428788902065,1.0118393958137244,124.11825893058334,54,7.580379734044139,-0.5199074074074067,,,
international,ncr,smoothed,h1_oct1,5.0,17.302989940080497,1.0,93.99613070367681,54,6.596720941318357,0.012037037037036616,,,
international,ncr,smoothed,mk,5.0,22.06913691168969,1.0557125781088665,161.42993046952859,54,8.645003118627432,-5.050462962962961,,,
international,ncr,smoothed,h2,5.0,20.09368490672325,1.23228975739325,156.20670805797803,54,8.503994378949933,-1.5879629629629588,,,
international,ncr,smoothed,sk,5.0,20.57265385218113,1.3288567814693841,176.5738883316774,54,9.04141418827413,2.8976851851851886,,,
international,ncr,smoothed,sk_mk,5.0,24.088079316629223,1.0091668179460216,183.8378673293683,54,9.225514823769807,-3.72407407407407,,,
international,ncr,smoothed,sk_h2,5.0,23.23788506469283,1.652343852015839,280.13107861345304,54,11.388165531502207,-2.1847222222222196,,,
international,ncr,smoothed,null3_a,5.0,15.977938198796371,1.2397199057779458,99.36483473070079,54,6.782494990875435,-1.618518518518515,,,
international,ncr,smoothed,null3_b,5.0,18.08516588305096,1.0268035660464585,105.43869629658573,54,6.986716771733295,5.512962962962963,,,
international,ncr,flat,empirical_baseline,5.0,26.99527613514739,1.0,228.79325363774137,54,10.291880421481073,-4.481481481481482,,,
international,ncr,flat,c2k15,5.0,22.226338717258038,1.7981006929512018,278.88010370763953,54,11.362709145441821,0.09259259259259259,,,
international,ncr,flat,h1_oct1,5.0,17.085430918930154,1.0,91.6472714440449,54,6.513777117403232,0.1111111111111111,,,
international,ncr,flat,mk,5.0,20.93049460649215,1.0394949064600596,142.9713486845894,54,8.135750684837166,-3.0925925925925926,,,
international,ncr,flat,h2,5.0,20.722425963330895,1.103079670716627,148.7153303162288,54,8.297571329082807,-0.42592592592592593,,,
international,ncr,flat,sk,5.0,24.968211795791962,1.0,195.72330702368387,54,9.519067293626744,0.8518518518518519,,,
international,ncr,flat,sk_mk,5.0,24.60108711158874,1.0,190.00991494535958,54,9.379101940774726,-2.3518518518518516,,,
international,ncr,flat,sk_h2,5.0,26.201985137718722,1.028762352419876,221.74361363119036,54,10.132081739939249,-2.2777777777777777,,,
international,ncr,flat,null3_a,5.0,20.811464412993082,1.0743253864292681,146.0860631928666,54,8.223894251713368,-1.5740740740740742,,,
international,ncr,flat,null3_b,5.0,22.789660448113782,1.373315822102221,223.93078295280372,54,10.181928047990034,4.907407407407407,,,
international,ncr,smoothed_flat,empirical_baseline,5.0,26.25147812882711,1.0,216.35911184027768,54,10.00830932183903,-5.696296296296298,,,
international,ncr,smoothed_flat,c2k15,5.0,15.619890394450948,1.2264820722007819,93.94741492851959,54,6.59501126443453,0.24490740740740571,,,
international,ncr,smoothed_flat,h1_oct1,5.0,12.902155979944496,1.0,52.26274805523075,54,4.918914178173519,1.2027777777777753,,,
international,ncr,smoothed_flat,mk,5.0,17.857561038454786,1.0,100.11795090808462,54,6.808149763201991,-3.1513888888888903,,,
international,ncr,smoothed_flat,h2,5.0,18.39885927388878,1.232880333070391,131.02989288885476,54,7.7885805798324945,-0.9337962962962973,,,
international,ncr,smoothed_flat,sk,5.0,19.024425709726575,1.023405194831223,116.28893528600406,54,7.337402131532434,2.0749999999999984,,,
international,ncr,smoothed_flat,sk_mk,5.0,21.360595522016844,1.0,143.24991692110018,54,8.143672757545628,-1.6870370370370347,,,
international,ncr,smoothed_flat,sk_h2,5.0,21.592148261043977,1.2979576743495054,189.9852583422282,54,9.378493382276384,-0.11296296296296392,,,
international,ncr,smoothed_flat,null3_a,5.0,12.489929975929964,1.2542132298444806,61.42696392752343,54,5.332767501561014,-0.9796296296296337,,,
international,ncr,smoothed_flat,null3_b,5.0,16.988925392665486,1.398562088276791,126.73052545190826,54,7.659734953708818,3.9782407407407363,,,
international,srp,realised,empirical_baseline,5.0,51.14023416024862,1.1817882568582962,970.3597201689211,54,21.19529691203488,-15.814814814814815,,,
international,srp,realised,c2k15,5.0,24.028808705359115,1.0,181.27259248608385,54,9.160922252772105,-1.7777777777777777,,,
international,srp,realised,h1_oct1,5.0,29.04723375742981,1.1701585549808056,309.97162312496323,54,11.97937315039363,-5.648148148148148,,,
international,srp,realised,mk,5.0,41.92689388051784,1.0,551.8906601613998,54,15.984521740105558,-6.851851851851852,,,
international,srp,realised,h2,5.0,37.71401080184531,1.0,446.55309953710616,54,14.378370772865527,-6.2592592592592595,,,
international,srp,realised,sk,5.0,41.79819073986917,1.0,548.5075790851266,54,15.935453994815834,-1.0740740740740742,,,
international,srp,realised,sk_mk,5.0,66.70095554263439,1.0,1396.7921224162621,54,25.4295697886763,-2.037037037037037,,,
international,srp,realised,sk_h2,5.0,42.343789461264585,1.0,562.9205575692168,54,16.143462120778423,-3.1481481481481484,,,
international,srp,realised,null3_a,5.0,31.616610553522047,1.0,313.83276659571703,54,12.053752423955668,-5.555555555555555,,,
international,srp,realised,null3_b,5.0,28.30512222363716,1.0,251.53460107097922,54,10.791255913911384,-0.09259259259259259,,,
international,srp,smoothed,empirical_baseline,5.0,48.89848544618552,1.1593929181910454,870.340362617466,54,20.073249688668792,-15.061111111111115,,,
international,srp,smoothed,c2k15,5.0,15.410485282671974,1.0,74.55903802285772,54,5.875208350240051,-1.3356481481481528,,,
international,srp,smoothed,h1_oct1,5.0,22.591805001250687,1.0530119131677882,168.73408164145783,54,8.83841786687888,-4.1657407407407465,,,
international,srp,smoothed,mk,5.0,34.33054260655338,1.0,370.0232396938853,54,13.088432122062436,-4.700000000000003,,,
international,srp,smoothed,h2,5.0,34.55363965122054,1.0,374.8480583011819,54,13.173487303369166,-3.041203703703707,,,
international,srp,smoothed,sk,5.0,30.951858516754047,1.0,300.7745799653502,54,11.800317399320205,-0.7189814814814923,,,
international,srp,smoothed,sk_mk,5.0,57.12618728380975,1.0,1024.5617648515831,54,21.779213723049125,-0.5666666666666713,,,
international,srp,smoothed,sk_h2,5.0,38.140847375396326,1.0,456.71822378933075,54,14.541101131781256,-2.48842592592593,,,
international,srp,smoothed,null3_a,5.0,24.504540377784785,1.4716234417059508,277.4325956464036,54,11.333182099611946,-2.3740740740740773,,,
international,srp,smoothed,null3_b,5.0,25.388517869750526,1.0,202.36824374979744,54,9.679307916169282,0.04999999999999716,,,
international,srp,flat,empirical_baseline,5.0,31.67175839016217,1.0,314.9285382192868,54,12.074777396523537,-8.351851851851851,,,
international,srp,flat,c2k15,5.0,18.11617143232749,1.0,103.03873289944322,54,6.906744318640698,-3.259259259259259,,,
international,srp,flat,h1_oct1,5.0,22.6803895443002,1.0682653115050638,172.52332163460449,54,8.937108490119652,-6.425925925925926,,,
international,srp,flat,mk,5.0,26.24084146909716,1.1163947975748987,241.34648881537797,54,10.57045342275699,-2.9444444444444446,,,
international,srp,flat,h2,5.0,27.369772969407787,1.1200064927520346,263.40899187075354,54,11.043034336067741,-2.0925925925925926,,,
international,srp,flat,sk,5.0,29.077476688908032,1.0318845746486833,273.9127314668091,54,11.26105899785417,0.5185185185185185,,,
international,srp,flat,sk_mk,5.0,39.0435260347617,1.0,478.5923253407665,54,14.88524507662187,0.4074074074074074,,,
international,srp,flat,sk_h2,5.0,28.29299138100838,1.252712248608247,314.83044577344054,54,12.072896752901618,0.8148148148148148,,,
international,srp,flat,null3_a,5.0,25.551909319681023,1.0,204.98136508182677,54,9.741600491216799,-3.074074074074074,,,
international,srp,flat,null3_b,5.0,22.6863353435665,1.0,161.58325807826958,54,8.64910769531313,-2.8333333333333335,,,
international,srp,smoothed_flat,empirical_baseline,5.0,28.447660326594573,1.0,254.07432084253014,54,10.845598203421527,-7.242592592592593,,,
international,srp,smoothed_flat,c2k15,5.0,11.385228140503854,1.0,40.695945314164,54,4.34058929446499,-2.0166666666666653,,,
international,srp,smoothed_flat,h1_oct1,5.0,17.213803546527267,1.0,93.02964215495643,54,6.562718855432007,-3.6300925925925944,,,
international,srp,smoothed_flat,mk,5.0,21.943620627465698,1.172782978257482,177.29720639270974,54,9.059913906689449,-1.9180555555555516,,,
international,srp,smoothed_flat,h2,5.0,20.400251696020963,1.0,130.6588156976526,54,7.777544114475786,-0.6152777777777724,,,
international,srp,smoothed_flat,sk,5.0,20.178277753112646,1.0,127.83090320353504,54,7.692917112860394,2.1527777777777763,,,
international,srp,smoothed_flat,sk_mk,5.0,30.622114405049146,1.0,294.40014211319584,54,11.674603294735224,2.6240740740740742,,,
international,srp,smoothed_flat,sk_h2,5.0,22.192146856920964,1.0013261917806335,154.8252812099599,54,8.466307986988012,1.8356481481481504,,,
international,srp,smoothed_flat,null3_a,5.0,18.577479688384187,1.2322065388517744,133.5133722355401,54,7.862044670780154,-0.14722222222222095,,,
international,srp,smoothed_flat,null3_b,5.0,19.195048373876833,1.0,115.67675250181925,54,7.318063410778536,-1.999999999999999,,,
six_nations,six_nations,realised,empirical_baseline,5.0,24.271872806271244,1.0,184.95847718375848,15,17.557452225183397,-9.533333333333333,58.973701222641914,1091.9039481104019,45.823741497478096
six_nations,six_nations,realised,c2k15,5.0,27.083117215254934,1.0,230.28463638109096,15,19.591011390477476,-9.733333333333333,,,
six_nations,six_nations,realised,h1_oct1,5.0,16.636735027671516,1.0,86.8968163198679,15,12.034451678401464,2.066666666666667,22.247154816647846,155.38769340745978,17.286482792113556
six_nations,six_nations,realised,mk,5.0,23.476431950849285,1.0,173.03416008639306,15,16.9820572019604,-15.0,28.959299467373608,263.29570202190314,22.501952993099508
six_nations,six_nations,realised,h2,5.0,17.81171364179042,1.0,99.60452636595693,15,12.884391485175446,-2.4,42.43456501123003,565.3366944657779,32.97250295163724
six_nations,six_nations,realised,sk,5.0,11.244046043509936,1.0,39.692906085136826,15,8.133562778710695,-2.0,,,
six_nations,six_nations,realised,sk_mk,5.0,17.47596989610373,1.0,95.8849048842311,15,12.64152581008526,-5.466666666666667,,,
six_nations,six_nations,realised,sk_h2,5.0,17.27287992641589,1.0,93.6692782620777,15,12.494617391906383,-1.0666666666666667,,,
six_nations,six_nations,realised,null3_a,5.0,20.56279580768557,1.0,132.7492242155796,15,14.874431317733325,-12.4,,,
six_nations,six_nations,realised,null3_b,5.0,15.920337397716885,1.0,79.57418528389802,15,11.51623385225526,-10.2,,,
six_nations,six_nations,smoothed,empirical_baseline,5.0,24.59430368621002,1.0,189.90514393484924,15,17.790687823261603,-5.89333333333332,53.47176383142406,897.6699476893896,41.54862646275005
six_nations,six_nations,smoothed,c2k15,5.0,25.86025091488775,1.0,209.9583420759632,15,18.706431250417737,-5.913333333333325,,,
six_nations,six_nations,smoothed,h1_oct1,5.0,17.723197067282033,1.0,98.6170027431518,15,12.820361587669293,2.5049999999999994,18.78325704430167,110.76676432002034,14.59496516980193
six_nations,six_nations,smoothed,mk,5.0,23.701155035145444,1.0,176.3626793660799,15,17.14461428389296,-11.069999999999993,25.957392202143435,211.53867713798968,20.169411204650665
six_nations,six_nations,smoothed,h2,5.0,20.233312936366904,1.0,128.52915816199166,15,14.63609454749864,0.5383333333333363,33.11609447294512,344.3070312010175,25.73186557861289
six_nations,six_nations,smoothed,sk,5.0,13.159159176713956,1.0,54.365570091253865,15,9.518890874751275,2.0616666666666634,,,
six_nations,six_nations,smoothed,sk_mk,5.0,15.679056397749502,1.0,77.18048626838115,15,11.341699333902096,-3.0066666666666606,,,
six_nations,six_nations,smoothed,sk_h2,5.0,16.395218343279524,1.0,84.39215470149703,15,11.859746673903356,3.2416666666666742,,,
six_nations,six_nations,smoothed,null3_a,5.0,22.847657090472303,1.0,163.88945460205443,15,16.52722272505045,-12.438333333333333,,,
six_nations,six_nations,smoothed,null3_b,5.0,20.635583864494155,1.0,133.69069733971483,15,14.927083737271815,-4.224999999999994,,,
six_nations,six_nations,flat,empirical_baseline,5.0,18.661904154363953,1.0,109.3401272859723,15,13.499390559451953,-10.466666666666667,,,
six_nations,six_nations,flat,c2k15,5.0,17.676457305046814,1.0,98.09754145696186,15,12.786551623806544,-11.2,,,
six_nations,six_nations,flat,h1_oct1,5.0,13.462469878818496,1.0,56.90064051225266,15,9.738295582582941,-2.6666666666666665,,,
six_nations,six_nations,flat,mk,5.0,18.84321274800735,1.0,111.47502257371534,15,13.630543066566554,-14.266666666666667,,,
six_nations,six_nations,flat,h2,5.0,13.74772708486752,1.0,59.33753079167911,15,9.944641001705316,-4.0,,,
six_nations,six_nations,flat,sk,5.0,8.721620644505622,1.0,23.881524738379493,15,6.308925521087762,-2.2666666666666666,,,
six_nations,six_nations,flat,sk_mk,5.0,17.84936973677222,1.0,100.02612333454478,15,12.911630631239984,-7.8,,,
six_nations,six_nations,flat,sk_h2,5.0,14.09998311380279,1.0,62.417281696966555,15,10.199451104264268,-2.3333333333333335,,,
six_nations,six_nations,flat,null3_a,5.0,17.52060012018506,1.0,96.37527298953901,15,12.67380980536496,-8.4,,,
six_nations,six_nations,flat,null3_b,5.0,10.010470708689168,1.0,31.461300024693752,15,7.241236085169178,-7.733333333333333,,,
six_nations,six_nations,smoothed_flat,empirical_baseline,5.0,18.021157704209788,1.0,101.96075445586574,15,13.035896239222536,-7.410000000000002,,,
six_nations,six_nations,smoothed_flat,c2k15,5.0,16.675011958302278,1.0,87.2971316116904,15,12.062139915985776,-8.173333333333334,,,
six_nations,six_nations,smoothed_flat,h1_oct1,5.0,12.666709038149694,1.0,50.37270294304302,15,9.162669092850166,-2.265000000000009,,,
six_nations,six_nations,smoothed_flat,mk,5.0,15.375909380772057,1.0,74.2248429707217,15,11.122413030357643,-11.495000000000001,,,
six_nations,six_nations,smoothed_flat,h2,5.0,13.384497518006565,1.0,56.24343138672495,15,9.68189301279498,-2.0683333333333414,,,
six_nations,six_nations,smoothed_flat,sk,5.0,9.992857568331113,1.0,31.35068688386612,15,7.228495334884261,0.2416666666666553,,,
six_nations,six_nations,smoothed_flat,sk_mk,5.0,14.253741572286335,1.0,63.786008589440996,15,10.310674774995814,-6.673333333333331,,,
six_nations,six_nations,smoothed_flat,sk_h2,5.0,12.000063987924635,1.0,45.21002941532014,15,8.680440600887351,0.29500000000000076,,,
six_nations,six_nations,smoothed_flat,null3_a,5.0,16.16887497190645,1.0,82.07809565235141,15,11.696017531076649,-9.505000000000003,,,
six_nations,six_nations,smoothed_flat,null3_b,5.0,10.37221046836208,1.0,33.77616264962175,15,7.502906397925823,-5.3850000000000025,,,
six_nations,ncr,realised,empirical_baseline,5.0,30.8578924071221,1.0,298.95112137131065,15,22.321556149878628,-8.933333333333334,,,
six_nations,ncr,realised,c2k15,5.0,23.12533140045678,1.0,167.89725517835043,15,16.728082933515843,-4.266666666666667,,,
six_nations,ncr,realised,h1_oct1,5.0,27.57552399882048,1.0,238.7345160493846,15,19.947201810838223,-2.8666666666666667,,,
six_nations,ncr,realised,mk,5.0,30.678517378964525,1.0,295.4856540905066,15,22.19180231866813,-14.2,,,
six_nations,ncr,realised,h2,5.0,27.251387033288694,1.0,233.15508382679573,15,19.712732088119925,-11.266666666666667,,,
six_nations,ncr,realised,sk,5.0,17.610873264629927,1.0,97.37095944726784,15,12.739110346178538,-8.0,,,
six_nations,ncr,realised,sk_mk,5.0,20.462043839637282,1.0,131.45154276616717,15,14.801550750184207,-16.133333333333333,,,
six_nations,ncr,realised,sk_h2,5.0,23.389456314046008,1.0,171.75441893351632,15,16.91914196669541,-17.266666666666666,,,
six_nations,ncr,realised,null3_a,5.0,18.411435369925734,1.0,106.4248290989284,15,13.318209908425406,-4.866666666666666,,,
six_nations,ncr,realised,null3_b,5.0,22.087057188274205,1.0,153.15930157430986,15,15.977030469516222,7.866666666666666,,,
six_nations,ncr,smoothed,empirical_baseline,5.0,26.29249904349872,1.0,217.03581148464977,15,19.019104933577086,-6.0083333333333275,,,
six_nations,ncr,smoothed,c2k15,5.0,18.05687064197316,1.0,102.365270767127,15,13.061729771047872,-0.6016666666666689,,,
six_nations,ncr,smoothed,h1_oct1,5.0,17.732807233513604,1.0,98.72397923636913,15,12.82731325702887,1.7766666666666575,,,
six_nations,ncr,smoothed,mk,5.0,26.045152871412334,1.0,212.97149897426644,15,18.840183074759228,-6.696666666666666,,,
six_nations,ncr,smoothed,h2,5.0,18.090015004337143,1.0,102.74140964058688,15,13.08570528226551,-6.934999999999997,,,
six_nations,ncr,smoothed,sk,5.0,12.82855654761042,1.0,51.6681904436915,15,9.279744109590837,-2.853333333333332,,,
six_nations,ncr,smoothed,sk_mk,5.0,18.4150885986258,1.0,106.46706728458452,15,13.32085253056178,-9.181666666666665,,,
six_nations,ncr,smoothed,sk_h2,5.0,18.51676090799386,1.0,107.6459522016558,15,13.3943988419075,-8.661666666666665,,,
six_nations,ncr,smoothed,null3_a,5.0,13.932583854301502,1.0,60.944005857649685,15,10.078360139233109,-3.9049999999999936,,,
six_nations,ncr,smoothed,null3_b,5.0,17.16549036654094,1.0,92.50817105760481,15,12.416935414827929,11.798333333333334,,,
six_nations,ncr,flat,empirical_baseline,5.0,22.33980005878895,1.0,156.6845698435661,15,16.159856117530158,-5.933333333333334,,,
six_nations,ncr,flat,c2k15,5.0,16.78945247129025,1.0,88.49948281038643,15,12.144922314173552,-4.2,,,
six_nations,ncr,flat,h1_oct1,5.0,18.539533050060502,1.0,107.91088366196514,15,13.41087143961726,0.0,,,
six_nations,ncr,flat,mk,5.0,23.41204411246078,1.0,172.08631441942592,15,16.93548121643954,-9.866666666666667,,,
six_nations,ncr,flat,h2,5.0,20.633537194161768,1.0,133.664179338898,15,14.925603245145458,-7.8,,,
six_nations,ncr,flat,sk,5.0,13.249618143644025,1.0,55.11558100695494,15,9.584325833268515,-3.1333333333333333,,,
six_nations,ncr,flat,sk_mk,5.0,18.349257153771596,1.0,105.70721723750223,15,13.273232288927856,-11.533333333333333,,,
six_nations,ncr,flat,sk_h2,5.0,22.098696363188054,1.0,153.32076424313075,15,15.985449855161555,-11.733333333333333,,,
six_nations,ncr,flat,null3_a,5.0,19.156746915406917,1.0,115.2155744013994,15,13.857343083566404,-7.133333333333334,,,
six_nations,ncr,flat,null3_b,5.0,21.942999751520716,1.0,151.1679286588522,15,15.872824189940289,4.733333333333333,,,
six_nations,ncr,smoothed_flat,empirical_baseline,5.0,18.25111738262306,1.0,104.57950514751802,15,13.202241296305084,-4.659999999999995,,,
six_nations,ncr,smoothed_flat,c2k15,5.0,16.300842075823944,1.0,83.423373082229,15,11.79147807261873,-0.8183333333333318,,,
six_nations,ncr,smoothed_flat,h1_oct1,5.0,14.78440559540774,1.0,68.62390108009909,15,10.694539189082988,2.3533333333333304,,,
six_nations,ncr,smoothed_flat,mk,5.0,20.20076952211758,1.0,128.11603611473606,15,14.612553741830803,-5.194999999999997,,,
six_nations,ncr,smoothed_flat,h2,5.0,13.628829300245787,1.0,58.31560291270506,15,9.858634363905333,-4.703333333333332,,,
six_nations,ncr,smoothed_flat,sk,5.0,11.33453109917191,1.0,40.33432401215136,15,8.199016608934611,0.7466666666666678,,,
six_nations,ncr,smoothed_flat,sk_mk,5.0,14.869143504971241,1.0,69.41280132610294,15,10.755835728113905,-6.899999999999998,,,
six_nations,ncr,smoothed_flat,sk_h2,5.0,15.40220241672321,1.0,74.47891120772259,15,11.141432523672064,-5.3850000000000025,,,
six_nations,ncr,smoothed_flat,null3_a,5.0,13.652339761095208,1.0,58.516971528632546,15,9.8756410364621,-5.793333333333334,,,
six_nations,ncr,smoothed_flat,null3_b,5.0,17.028471081719363,1.0,91.03721811293313,15,12.317820296419677,7.546666666666664,,,
six_nations,srp,realised,empirical_baseline,5.0,34.284246000306375,1.0,369.02591963957934,15,24.800064503934234,-20.133333333333333,,,
six_nations,srp,realised,c2k15,5.0,24.65379329453226,1.0,190.8249541509176,15,17.83372059474773,1.3333333333333333,,,
six_nations,srp,realised,h1_oct1,5.0,28.67502646654651,1.0,258.1518969998084,15,20.742544724945088,-15.4,,,
six_nations,srp,realised,mk,5.0,38.784140106614764,1.0,472.2543859057385,15,28.055135771837406,-3.066666666666667,,,
six_nations,srp,realised,h2,5.0,25.194859642017303,1.0,199.2927741157468,15,18.22510969860661,-13.733333333333333,,,
six_nations,srp,realised,sk,5.0,42.86657039165669,1.0,576.9061156970599,15,31.008227824698935,-4.6,,,
six_nations,srp,realised,sk_mk,5.0,53.41972170150896,1.0,895.9234587435009,15,38.64202071026438,-14.333333333333334,,,
six_nations,srp,realised,sk_h2,5.0,36.51966202315835,1.0,418.7175509939212,15,26.417088881817932,-9.4,,,
six_nations,srp,realised,null3_a,5.0,37.47532521540007,1.0,440.9186679567945,15,27.108383326835582,-14.6,,,
six_nations,srp,realised,null3_b,5.0,34.35833578762566,1.0,370.62260603125276,15,24.853658551316368,1.7333333333333334,,,
six_nations,srp,smoothed,empirical_baseline,5.0,31.73977872593676,1.0,316.28271298941513,15,22.959482898845053,-19.21500000000002,,,
six_nations,srp,smoothed,c2k15,5.0,17.17762993658018,1.0,92.63906233986044,15,12.425716769390036,0.7116666666666409,,,
six_nations,srp,smoothed,h1_oct1,5.0,21.050196950780936,1.0,139.11693251135534,15,15.227000827004385,-10.58666666666669,,,
six_nations,srp,smoothed,mk,5.0,36.104808329692176,1.0,409.25854272696324,15,26.11699774498603,-2.6983333333333577,,,
six_nations,srp,smoothed,h2,5.0,22.587843996906187,1.0,160.1832958178538,15,16.339282716705252,-7.615000000000021,,,
six_nations,srp,smoothed,sk,5.0,21.849301639705953,1.0,149.87969015927254,15,15.805046143519721,-4.780000000000026,,,
six_nations,srp,smoothed,sk_mk,5.0,45.76227183837713,1.0,657.4804127118325,15,33.10288035583994,-13.053333333333345,,,
six_nations,srp,smoothed,sk_h2,5.0,31.11687855412849,1.0,303.99029277641375,15,22.50889797303923,-8.726666666666677,,,
six_nations,srp,smoothed,null3_a,5.0,28.951394303951183,1.0,263.15197537749145,15,20.94245987531437,-11.555000000000014,,,
six_nations,srp,smoothed,null3_b,5.0,29.492962941950033,1.0,273.08916916714105,15,21.334212319149923,1.1516666666666537,,,
six_nations,srp,flat,empirical_baseline,5.0,25.313651502320887,1.0,201.17650525199068,15,18.31103971433584,-17.933333333333334,,,
six_nations,srp,flat,c2k15,5.0,19.701341506173055,1.0,121.85946421843698,15,14.25128439933497,-5.0,,,
six_nations,srp,flat,h1_oct1,5.0,23.88005742993812,1.0,179.03518927756963,15,17.274026228105672,-14.4,,,
six_nations,srp,flat,mk,5.0,21.028778466889698,1.0,138.83397479058928,15,15.211507419855385,-6.266666666666667,,,
six_nations,srp,flat,h2,5.0,22.649082815446466,1.0,161.05303204999808,15,16.383580807727295,-11.533333333333333,,,
six_nations,srp,flat,sk,5.0,24.139081136100398,1.0,182.94019382349728,15,17.461395220289877,-2.1333333333333333,,,
six_nations,srp,flat,sk_mk,5.0,24.92178240205219,1.0,194.99607309545746,15,18.027574855179378,-11.333333333333334,,,
six_nations,srp,flat,sk_h2,5.0,18.262634243827193,1.0,104.7115307797734,15,13.210572204347887,-6.333333333333333,,,
six_nations,srp,flat,null3_a,5.0,24.64799808349168,1.0,190.73525266823938,15,17.829528535000552,-12.666666666666666,,,
six_nations,srp,flat,null3_b,5.0,28.534356901979123,1.0,255.62530523770374,15,20.64078911757428,-7.733333333333333,,,
six_nations,srp,smoothed_flat,empirical_baseline,5.0,20.91022405996874,1.0,137.27297276999406,15,15.125749169875522,-15.441666666666672,,,
six_nations,srp,smoothed_flat,c2k15,5.0,13.958799921128437,1.0,61.17357063963228,15,10.097323955685178,-3.6833333333333313,,,
six_nations,srp,smoothed_flat,h1_oct1,5.0,18.558858589440714,1.0,108.13597271371839,15,13.424850881463474,-9.990000000000004,,,
six_nations,srp,smoothed_flat,mk,5.0,17.373272438953325,1.0,94.76128168683233,15,12.567237941491117,-4.616666666666666,,,
six_nations,srp,smoothed_flat,h2,5.0,15.86923911219438,1.0,79.06419871681598,15,11.479271079995742,-8.464999999999993,,,
six_nations,srp,smoothed_flat,sk,5.0,11.869842739761419,1.0,44.2341408223308,15,8.586242952375503,-0.4816666666666663,,,
six_nations,srp,smoothed_flat,sk_mk,5.0,17.27803932328963,1.0,93.72524451214534,15,12.498349525180336,-7.420000000000004,,,
six_nations,srp,smoothed_flat,sk_h2,5.0,14.003225606300585,1.0,61.563575867289416,15,10.129459994432857,-3.741666666666665,,,
six_nations,srp,smoothed_flat,null3_a,5.0,16.774965403413326,1.0,88.34682209955322,15,12.134442859037879,-9.200000000000001,,,
six_nations,srp,smoothed_flat,null3_b,5.0,21.482049815734857,1.0,144.8835586468272,15,15.53938858979696,-6.640000000000003,,,
out_of_sample,six_nations,realised,empirical_baseline,5.0,58.0299232023551,1.3251908347000076,1401.0385367706526,397,9.39290200678061,-21.57682619647355,58.973701222641914,1091.9039481104019,45.823741497478096
out_of_sample,six_nations,realised,c2k15,5.0,25.326659349709903,1.0365734566463591,208.748598178523,397,3.6256554881911445,1.3324937027707808,,,
out_of_sample,six_nations,realised,h1_oct1,5.0,32.11684913042227,1.4834566381160397,480.40595859296496,397,5.500205850240787,-0.1889168765743073,22.247154816647846,155.38769340745978,17.286482792113556
out_of_sample,six_nations,realised,mk,5.0,23.469364507837668,1.2421804253838686,214.8102534057682,397,3.6779197983621663,-1.9546599496221662,28.959299467373608,263.29570202190314,22.501952993099508
out_of_sample,six_nations,realised,h2,5.0,35.24774902619863,1.3758229535177708,536.6522958787937,397,5.813280070776243,-2.9848866498740554,42.43456501123003,565.3366944657779,32.97250295163724
out_of_sample,six_nations,realised,sk,5.0,34.2752065936758,1.0,368.83135006447674,397,4.819352191490259,-0.7380352644836272,,,
out_of_sample,six_nations,realised,sk_mk,5.0,34.89047857589252,1.0775839532984242,411.8438967708437,397,5.092617618152091,-2.1435768261964734,,,
out_of_sample,six_nations,realised,sk_h2,5.0,38.41888085733765,1.5428533854730795,714.9599970645085,397,6.709893429879068,-2.695214105793451,,,
out_of_sample,six_nations,realised,null3_a,5.0,29.82330074766947,1.0171171874686384,284.0207535263441,397,4.229117860676468,-0.005037783375314861,,,
out_of_sample,six_nations,realised,null3_b,5.0,28.64954231909306,1.0295545437867903,265.3092564246501,397,4.087435873095212,-3.3778337531486144,,,
out_of_sample,six_nations,smoothed,empirical_baseline,5.0,53.7484257092847,1.3441543880311757,1219.1252229768838,397,8.761912448732275,-22.764168765743072,53.47176383142406,897.6699476893896,41.54862646275005
out_of_sample,six_nations,smoothed,c2k15,5.0,18.30622324605104,1.0330707202208216,108.69141115575869,397,2.6162085738717233,0.25761964735516446,,,
out_of_sample,six_nations,smoothed,h1_oct1,5.0,26.48452644071985,1.6951374963258552,373.2991665148908,397,4.848453793591844,-0.310705289672542,18.78325704430167,110.76676432002034,14.59496516980193
out_of_sample,six_nations,smoothed,mk,5.0,16.34452340387988,1.0179034543325371,85.37265284790581,397,2.3186443539914303,-2.3545340050377823,25.957392202143435,211.53867713798968,20.169411204650665
out_of_sample,six_nations,smoothed,h2,5.0,29.74836938853749,1.5065512244867183,418.5794468658142,397,5.134092639733296,-2.8496851385390425,33.11609447294512,344.3070312010175,25.73186557861289
out_of_sample,six_nations,smoothed,sk,5.0,26.94235938499587,1.0,227.8971613602955,397,3.7882986464611412,-0.8158690176322408,,,
out_of_sample,six_nations,smoothed,sk_mk,5.0,28.515813798031484,1.0,255.2931760471999,397,4.00953818743804,-3.0574307304785897,,,
out_of_sample,six_nations,smoothed,sk_h2,5.0,33.14025440023851,1.5458287736120548,533.0165926294947,397,5.793554747643974,-2.53073047858942,,,
out_of_sample,six_nations,smoothed,null3_a,5.0,23.51183226564987,1.0674347191280644,185.26011955379786,397,3.4155899021928966,-0.35831234256926797,,,
out_of_sample,six_nations,smoothed,null3_b,5.0,23.388853211796146,1.0846522046198055,186.2842020200157,397,3.4250172554679024,-3.093702770780856,,,
out_of_sample,six_nations,flat,empirical_baseline,5.0,46.20910272300311,1.4330153407671595,960.6685578589907,397,7.777885389012979,-16.43073047858942,,,
out_of_sample,six_nations,flat,c2k15,5.0,18.00897361178118,1.0,101.82292987012883,397,2.532197324769503,0.9899244332493703,,,
out_of_sample,six_nations,flat,h1_oct1,5.0,23.791301531178135,1.3674718521093823,243.0090592127098,397,3.9118841345199216,-0.3677581863979849,,,
out_of_sample,six_nations,flat,mk,5.0,19.58959565936332,1.357038613624394,163.49738666453467,397,3.208707715821937,-1.4080604534005037,,,
out_of_sample,six_nations,flat,h2,5.0,26.693598290706717,1.0195758560212527,228.08748138703942,397,3.789880146272876,-2.3249370277078087,,,
out_of_sample,six_nations,flat,sk,5.0,25.64698306577311,1.0,206.5095954938477,397,3.60615897982518,-1.070528967254408,,,
out_of_sample,six_nations,flat,sk_mk,5.0,27.58664464235762,1.0,238.92710834846432,397,3.8788900060937954,-2.3400503778337534,,,
out_of_sample,six_nations,flat,sk_h2,5.0,29.314456605988255,1.5090719381254318,407.13768753001784,397,5.063436917873646,-1.7732997481108312,,,
out_of_sample,six_nations,flat,null3_a,5.0,24.534269644588143,1.0,188.97916863844327,397,3.4497030923826855,-0.9622166246851386,,,
out_of_sample,six_nations,flat,null3_b,5.0,24.27784294352536,1.0,185.04947661400305,397,3.4136475669303152,-2.7531486146095716,,,
out_of_sample,six_nations,smoothed_flat,empirical_baseline,5.0,42.49761381164972,1.488370233790116,843.9325410426428,397,7.290018282857607,-17.59439546599496,,,
out_of_sample,six_nations,smoothed_flat,c2k15,5.0,12.22764860617783,1.0191935200816016,47.84209829219717,397,1.7357207703739765,0.07846347607052813,,,
out_of_sample,six_nations,smoothed_flat,h1_oct1,5.0,19.21144475348304,1.6934208854105026,196.22422844771785,397,3.515208308030796,-0.1604534005037768,,,
out_of_sample,six_nations,smoothed_flat,mk,5.0,13.271486334185957,1.0372345221676436,57.3566472867275,397,1.9004945545991248,-1.7215994962216623,,,
out_of_sample,six_nations,smoothed_flat,h2,5.0,21.560641954960413,1.3255308848958482,193.45541578240156,397,3.490319608383319,-2.218010075566751,,,
out_of_sample,six_nations,smoothed_flat,sk,5.0,19.97630958526627,1.0,125.28474280669867,397,2.808819579672626,-0.9825566750629727,,,
out_of_sample,six_nations,smoothed_flat,sk_mk,5.0,21.59333300673162,1.0,146.38852358505324,397,3.0361852513756236,-3.0353904282115884,,,
out_of_sample,six_nations,smoothed_flat,sk_h2,5.0,24.682472973554226,1.7750690629586616,339.516012114541,397,4.6238621863706015,-1.86492443324937,,,
out_of_sample,six_nations,smoothed_flat,null3_a,5.0,19.1429981980138,1.0,115.05025427269412,397,2.691649722523173,-1.1871536523929482,,,
out_of_sample,six_nations,smoothed_flat,null3_b,5.0,19.787205203620417,1.1657981427163628,143.30453700207113,397,3.004033151690048,-2.659949622166246,,,
out_of_sample,ncr,realised,empirical_baseline,5.0,54.57711996116342,1.4507303409676293,1356.6742697417565,397,9.242991318982217,-22.269521410579344,,,
out_of_sample,ncr,realised,c2k15,5.0,24.87580862032273,1.5869887938873701,308.3159126703916,397,4.406286388780137,2.397984886649874,,,
out_of_sample,ncr,realised,h1_oct1,5.0,31.94610615068725,1.4179703800942616,454.32923728846333,397,5.34884599531911,-0.2871536523929471,,,
out_of_sample,ncr,realised,mk,5.0,17.1970116111956,1.2933375085765604,120.08410008605837,397,2.749903823439083,-0.7808564231738035,,,
out_of_sample,ncr,realised,h2,5.0,31.742750446967857,1.4437916239088084,456.7318452541069,397,5.362970372142218,-3.795969773299748,,,
out_of_sample,ncr,realised,sk,5.0,32.34623152298258,1.247725826721372,409.8587508306307,397,5.080329223044835,-1.0957178841309825,,,
out_of_sample,ncr,realised,sk_mk,5.0,33.93794278550072,1.3239418871408344,478.74870800028486,397,5.490710657689612,-0.871536523929471,,,
out_of_sample,ncr,realised,sk_h2,5.0,38.299954769933855,1.4596189788547111,672.2080202093138,397,6.506187813308763,-2.4785894206549117,,,
out_of_sample,ncr,realised,null3_a,5.0,25.981244421700143,1.3455541218123146,285.1600840676963,397,4.2375917848756215,-0.13350125944584382,,,
out_of_sample,ncr,realised,null3_b,5.0,27.88792126452876,1.436387631194339,350.72894585138926,397,4.699596329276371,-2.403022670025189,,,
out_of_sample,ncr,smoothed,empirical_baseline,5.0,50.93135662397498,1.3807235148736146,1124.462239257357,397,8.414865696417884,-21.86851385390428,,,
out_of_sample,ncr,smoothed,c2k15,5.0,19.226650546444223,1.4970640064326428,173.74619422937658,397,3.307747890961802,1.8953400503778342,,,
out_of_sample,ncr,smoothed,h1_oct1,5.0,26.064787457327547,1.3533001193774914,288.6490694679628,397,4.2634368229542945,-0.150566750629722,,,
out_of_sample,ncr,smoothed,mk,5.0,13.962115270086391,1.3174113777587213,80.62904468202981,397,2.253307737712076,-1.5497481108312336,,,
out_of_sample,ncr,smoothed,h2,5.0,27.069548715130605,1.4682609178629542,337.77922581696924,397,4.612020392880234,-3.923362720403022,,,
out_of_sample,ncr,smoothed,sk,5.0,27.406373572754163,1.5162788544235914,357.560792252608,397,4.745147277580802,-1.2222921914357692,,,
out_of_sample,ncr,smoothed,sk_mk,5.0,28.306593954497572,1.2713479419945752,319.8212531666758,397,4.487747475453923,-1.6523929471032746,,,
out_of_sample,ncr,smoothed,sk_h2,5.0,33.49212829553647,1.5750754955983612,554.6953602075341,397,5.910197822427144,-2.8502518891687663,,,
out_of_sample,ncr,smoothed,null3_a,5.0,20.89527988642582,1.4400977894758626,197.40403939855014,397,3.525760180269667,-0.6273929471032745,,,
out_of_sample,ncr,smoothed,null3_b,5.0,20.570620556320897,1.4306703138234433,190.06494234668043,397,3.459598977454403,-2.830541561712847,,,
out_of_sample,ncr,flat,empirical_baseline,5.0,44.290685499591945,1.3481583704327744,830.2968350923277,397,7.230884794066244,-16.68765743073048,,,
out_of_sample,ncr,flat,c2k15,5.0,20.060333455546267,1.2429047643526716,157.02970485778874,397,3.1446017962596784,2.110831234256927,,,
out_of_sample,ncr,flat,h1_oct1,5.0,26.094481265637533,1.2325867800258972,263.50114527723326,397,4.073483903635303,0.6599496221662469,,,
out_of_sample,ncr,flat,mk,5.0,14.516677079887188,1.1499710440860529,76.08324080504136,397,2.1888663894460145,-0.3526448362720403,,,
out_of_sample,ncr,flat,h2,5.0,25.261462807864877,1.2367764639784073,247.78548877041214,397,3.950141794878776,-2.3853904282115868,,,
out_of_sample,ncr,flat,sk,5.0,25.003593869356795,1.3061426359147044,256.36760387325796,397,4.017966607567198,-0.9319899244332494,,,
out_of_sample,ncr,flat,sk_mk,5.0,27.20663386268051,1.114493931055641,258.9971576410972,397,4.03852011109596,-0.6196473551637279,,,
out_of_sample,ncr,flat,sk_h2,5.0,31.230988466788492,1.6996864878801106,520.4846760935378,397,5.725042629022693,-1.836272040302267,,,
out_of_sample,ncr,flat,null3_a,5.0,21.91385566128814,1.044823892882862,157.52458890734172,397,3.1495530540076513,0.010075566750629723,,,
out_of_sample,ncr,flat,null3_b,5.0,23.927456058863555,1.3481813395092754,242.33103226656047,397,3.906422989250152,-2.09823677581864,,,
out_of_sample,ncr,smoothed_flat,empirical_baseline,5.0,41.374061176128855,1.3828242500552277,743.1747700821185,397,6.841010069493704,-16.519773299748113,,,
out_of_sample,ncr,smoothed_flat,c2k15,5.0,15.419082910095542,1.2945003030442384,96.62442216214465,397,2.466710632648916,1.4331863979848853,,,
out_of_sample,ncr,smoothed_flat,h1_oct1,5.0,21.463783755436623,1.2846517982913015,185.80853687561617,397,3.420641676030167,0.39017632241813455,,,
out_of_sample,ncr,smoothed_flat,mk,5.0,10.585328920592072,1.2246253697033342,43.080390680102326,397,1.6470795213433411,-0.8809193954659971,,,
out_of_sample,ncr,smoothed_flat,h2,5.0,21.850108331382142,1.2529078343575561,187.7993046100943,397,3.4389173708094978,-2.6569269521410597,,,
out_of_sample,ncr,smoothed_flat,sk,5.0,21.52603427985032,1.3058946501228241,189.97824164289668,397,3.4588098159268137,-1.163790931989927,,,
out_of_sample,ncr,smoothed_flat,sk_mk,5.0,22.477167458621,1.0660354334980884,169.09176932887732,397,3.263142090891066,-1.4577455919395492,,,
out_of_sample,ncr,smoothed_flat,sk_h2,5.0,27.193021526117114,1.6283063236546116,378.02342129761246,397,4.879036927628185,-2.1695214105793474,,,
out_of_sample,ncr,smoothed_flat,null3_a,5.0,17.534681072882687,1.2108683366887991,116.8854171572504,397,2.7130320016808187,-0.6476700251889195,,,
out_of_sample,ncr,smoothed_flat,null3_b,5.0,17.80772530627821,1.4209309046884975,141.4677745539599,397,2.9847194231425043,-2.7606423173803547,,,
out_of_sample,srp,realised,empirical_baseline,5.0,81.01271816379946,1.3363724032370157,2753.6045625117717,397,13.16817341510059,-25.98992443324937,,,
out_of_sample,srp,realised,c2k15,5.0,28.163700591186533,1.1953535377139282,297.67576231207886,397,4.329587172309228,4.7153652392947105,,,
out_of_sample,srp,realised,h1_oct1,5.0,47.54130866751152,1.122477065069744,796.5029831706695,397,7.082204359348412,-2.5944584382871536,,,
out_of_sample,srp,realised,mk,5.0,29.273235147621424,1.564721627793406,420.9651987720875,397,5.14870308907998,-2.7355163727959697,,,
out_of_sample,srp,realised,h2,5.0,48.66876282248342,1.1754490230725207,874.1220552748108,397,7.41926340520026,-4.9773299748110835,,,
out_of_sample,srp,realised,sk,5.0,43.909904074726875,1.1809323851346523,714.8545325883507,397,6.709398520025909,-0.09319899244332494,,,
out_of_sample,srp,realised,sk_mk,5.0,46.070643699372035,1.2233555378794194,815.208911837854,397,7.164884771810064,-3.9420654911838793,,,
out_of_sample,srp,realised,sk_h2,5.0,54.027434391202185,1.0548776248301959,966.714951793808,397,7.802323782706625,-5.435768261964736,,,
out_of_sample,srp,realised,null3_a,5.0,38.83817089945608,1.0227676064160227,484.35319309919595,397,5.522755725151844,0.25692695214105793,,,
out_of_sample,srp,realised,null3_b,5.0,38.010362065552265,1.2782838913051757,579.8277479742226,397,6.042605594123691,-0.8866498740554156,,,
out_of_sample,srp,smoothed,empirical_baseline,5.0,76.62937767286178,1.4624215525460549,2696.0680010410115,397,13.029872675108331,-27.704911838790927,,,
out_of_sample,srp,smoothed,c2k15,5.0,20.957368545943602,1.011529010124776,139.48243166648743,397,2.963701814028196,3.1534634760705287,,,
out_of_sample,srp,smoothed,h1_oct1,5.0,38.97370651710358,1.138398294123079,542.8818511121776,397,5.846923511870459,-2.0343828715365238,,,
out_of_sample,srp,smoothed,mk,5.0,20.460148918495566,1.1974001537344099,157.3709462781438,397,3.1480167107990416,-3.7834382871536527,,,
out_of_sample,srp,smoothed,h2,5.0,42.10403956820573,1.0162145530891895,565.588546699274,397,5.967948326089645,-5.999370277078083,,,
out_of_sample,srp,smoothed,sk,5.0,37.328722834738976,1.1635424360657212,509.02153424018076,397,5.661647532821661,-0.3312342569269516,,,
out_of_sample,srp,smoothed,sk_mk,5.0,38.535605971509064,1.0407312417431391,485.2110056621499,397,5.527644093378055,-4.1088790931989925,,,
out_of_sample,srp,smoothed,sk_h2,5.0,48.765411020100395,1.0,746.605945359845,397,6.856784067116543,-5.704408060453399,,,
out_of_sample,srp,smoothed,null3_a,5.0,29.78255458684228,1.0489383462901898,292.1067018206374,397,4.288895962613896,-1.1945843828715341,,,
out_of_sample,srp,smoothed,null3_b,5.0,30.757849117222513,1.478065119766319,439.008732083962,397,5.25788799342312,-2.2504408060453396,,,
out_of_sample,srp,flat,empirical_baseline,5.0,63.779896422342276,1.4315262382313267,1828.2458560213747,397,10.72981044768078,-18.96725440806045,,,
out_of_sample,srp,flat,c2k15,5.0,22.875969407605094,1.2720536403253222,208.99317570746823,397,3.627778842028103,3.579345088161209,,,
out_of_sample,srp,flat,h1_oct1,5.0,35.454763271789396,1.0536067076983269,415.81042421197225,397,5.117082716716739,-1.2191435768261965,,,
out_of_sample,srp,flat,mk,5.0,23.708975632287494,1.745560381317493,308.0549011215283,397,4.404420875033259,-2.025188916876574,,,
out_of_sample,srp,flat,h2,5.0,35.82528715382433,1.047157960195596,421.9482836232139,397,5.1547114959031255,-3.1964735516372795,,,
out_of_sample,srp,flat,sk,5.0,34.61432381801085,1.0,376.1658538858076,397,4.867034627300078,0.010075566750629723,,,
out_of_sample,srp,flat,sk_mk,5.0,37.52263325665588,1.0371487860039186,458.45355684677276,397,5.373069079954024,-3.3425692695214106,,,
out_of_sample,srp,flat,sk_h2,5.0,41.45647187872484,1.0951402397923513,590.9110086392884,397,6.100083662964738,-3.5214105793450883,,,
out_of_sample,srp,flat,null3_a,5.0,33.260532667956966,1.2436785179336818,431.9507168543551,397,5.215450771894275,0.7304785894206549,,,
out_of_sample,srp,flat,null3_b,5.0,33.193030810007706,1.0165101979000197,351.61972017430907,397,4.705560514868284,-0.7531486146095718,,,
out_of_sample,srp,smoothed_flat,empirical_baseline,5.0,59.14006117334222,1.610091977788992,1767.9984946933464,397,10.551536276857886,-20.795843828715366,,,
out_of_sample,srp,smoothed_flat,c2k15,5.0,16.529256477497043,1.0,85.77768139111859,397,2.324137951169294,2.218261964735515,,,
out_of_sample,srp,smoothed_flat,h1_oct1,5.0,27.56056126541996,1.0,238.4755072425572,397,3.8752224868488736,-0.8937027707808587,,,
out_of_sample,srp,smoothed_flat,mk,5.0,16.345909549018163,1.1178943464569138,93.77489974296903,397,2.4300659223232697,-3.079219143576827,,,
out_of_sample,srp,smoothed_flat,h2,5.0,29.99419901055409,1.0,282.45040595722077,397,4.217410282807181,-4.360579345088163,,,
out_of_sample,srp,smoothed_flat,sk,5.0,29.073009401531294,1.0,265.3674452297401,397,4.087884085820196,-0.562279596977331,,,
out_of_sample,srp,smoothed_flat,sk_mk,5.0,31.11741405414937,1.0,304.00075579304115,397,4.37534277745375,-3.5568010075566767,,,
out_of_sample,srp,smoothed_flat,sk_h2,5.0,36.84677544839085,1.0358071308421164,441.5150761981528,397,5.272875532882804,-3.9852015113350143,,,
out_of_sample,srp,smoothed_flat,null3_a,5.0,25.80902957070939,1.2746849548290737,266.571598466255,397,4.097148348370498,-0.7185138539042812,,,
out_of_sample,srp,smoothed_flat,null3_b,5.0,25.717423391406665,1.1798520985962986,244.99100817069106,397,3.927804138548559,-2.0588161209068025,,,
international|out_of_sample,six_nations,realised,empirical_baseline,5.0,36.077831006171785,1.0,408.6471795404745,14,27.01346157607862,5.071428571428571,58.973701222641914,1091.9039481104019,45.823741497478096
international|out_of_sample,six_nations,realised,c2k15,5.0,25.006043225632435,1.0,196.31686992694466,14,18.723403514192025,1.0714285714285714,,,
international|out_of_sample,six_nations,realised,h1_oct1,5.0,12.780479620916397,1.0,51.28164763576477,14,9.569449868103776,0.42857142857142855,22.247154816647846,155.38769340745978,17.286482792113556
international|out_of_sample,six_nations,realised,mk,5.0,28.653672836705717,1.0,257.76756064710224,14,21.454584951502888,-6.428571428571429,28.959299467373608,263.29570202190314,22.501952993099508
international|out_of_sample,six_nations,realised,h2,5.0,20.13361957926685,1.0,127.26570357831613,14,15.075151241738135,-0.14285714285714285,42.43456501123003,565.3366944657779,32.97250295163724
international|out_of_sample,six_nations,realised,sk,5.0,23.867422277109153,1.0,178.8457811468375,14,17.870855221103394,4.5,,,
international|out_of_sample,six_nations,realised,sk_mk,5.0,35.806331934357736,1.0,402.51987826214304,14,26.81017524927213,-5.642857142857143,,,
international|out_of_sample,six_nations,realised,sk_h2,5.0,24.609030773364392,1.0,190.13264270768278,14,18.426138398039868,6.285714285714286,,,
international|out_of_sample,six_nations,realised,null3_a,5.0,30.61637858014297,1.0,294.28986432526466,14,22.924170974465884,3.142857142857143,,,
international|out_of_sample,six_nations,realised,null3_b,5.0,13.773880361749198,1.0,59.563509526887835,14,10.31326378356738,0.7857142857142857,,,
international|out_of_sample,six_nations,smoothed,empirical_baseline,5.0,32.38160477199811,1.0,329.20346786630364,14,24.245893167205494,2.8339285714285745,53.47176383142406,897.6699476893896,41.54862646275005
international|out_of_sample,six_nations,smoothed,c2k15,5.0,16.85869002201066,1.0,89.23090891577363,14,12.623030887158885,-2.098214285714284,,,
international|out_of_sample,six_nations,smoothed,h1_oct1,5.0,12.014542470241247,1.0,45.31919008213977,14,8.995950486006365,1.7750000000000077,18.78325704430167,110.76676432002034,14.59496516980193
international|out_of_sample,six_nations,smoothed,mk,5.0,28.18356356982746,1.0,249.37876855102695,14,21.102588219348956,-6.04642857142857,25.957392202143435,211.53867713798968,20.169411204650665
international|out_of_sample,six_nations,smoothed,h2,5.0,17.156486955168212,1.0,92.41115423213593,14,12.846007872941357,1.4017857142857164,33.11609447294512,344.3070312010175,25.73186557861289
international|out_of_sample,six_nations,smoothed,sk,5.0,21.531496304353663,1.0,145.55130014956993,14,16.121818631326146,4.498214285714285,,,
international|out_of_sample,six_nations,smoothed,sk_mk,5.0,32.425830678524,1.0,330.10331605241885,14,24.279007542246497,-2.987499999999997,,,
international|out_of_sample,six_nations,smoothed,sk_h2,5.0,26.245134033560582,1.0,216.25455110242518,14,19.65117913139898,4.392857142857147,,,
international|out_of_sample,six_nations,smoothed,null3_a,5.0,23.046549883626007,1.0,166.75524605205035,14,17.256222793327254,-0.47499999999999026,,,
international|out_of_sample,six_nations,smoothed,null3_b,5.0,12.49657425584581,1.0,49.02861377030605,14,9.356874265394596,-1.6428571428571408,,,
international|out_of_sample,six_nations,flat,empirical_baseline,5.0,25.5243904039745,1.0,204.5400808486242,14,19.111518630724856,4.428571428571429,,,
international|out_of_sample,six_nations,flat,c2k15,5.0,11.959639084561333,1.0,44.905942251555054,14,8.954841293516184,1.4285714285714286,,,
international|out_of_sample,six_nations,flat,h1_oct1,5.0,12.779834733836578,1.0,51.27647255022565,14,9.568967005585,0.35714285714285715,,,
international|out_of_sample,six_nations,flat,mk,5.0,18.411654216528483,1.0,106.42735914074758,14,13.785820817364407,-6.285714285714286,,,
international|out_of_sample,six_nations,flat,h2,5.0,20.062128775107862,1.0,126.3635136659942,14,15.021622134324183,-0.21428571428571427,,,
international|out_of_sample,six_nations,flat,sk,5.0,14.242213990130162,1.0,63.682877616036315,14,10.663930997261309,-3.0714285714285716,,,
international|out_of_sample,six_nations,flat,sk_mk,5.0,22.5792864330159,1.0,160.061945668304,14,16.906356880745015,-7.857142857142857,,,
international|out_of_sample,six_nations,flat,sk_h2,5.0,23.22666618303242,1.0,169.37192455320115,14,17.39108579915508,4.642857142857143,,,
international|out_of_sample,six_nations,flat,null3_a,5.0,22.67641462444582,1.0,161.441968478739,14,16.979082113775164,4.714285714285714,,,
international|out_of_sample,six_nations,flat,null3_b,5.0,13.618022964092454,1.0,58.22316237225284,14,10.19656475522979,0.2857142857142857,,,
international|out_of_sample,six_nations,smoothed_flat,empirical_baseline,5.0,26.38454068106075,1.0,218.55801725460586,14,19.75556057592239,4.223214285714284,,,
international|out_of_sample,six_nations,smoothed_flat,c2k15,5.0,10.6330162067894,1.0,35.496098231609295,14,7.961525588686023,-0.9874999999999952,,,
international|out_of_sample,six_nations,smoothed_flat,h1_oct1,5.0,11.970909106461573,1.0,44.99061527611774,14,8.963279780395055,1.6392857142857176,,,
international|out_of_sample,six_nations,smoothed_flat,mk,5.0,18.564906280191874,1.0,108.20645975067548,14,13.90056908847077,-4.337500000000004,,,
international|out_of_sample,six_nations,smoothed_flat,h2,5.0,17.526742224227107,1.0,96.44285637225153,14,13.123238410507543,1.283928571428569,,,
international|out_of_sample,six_nations,smoothed_flat,sk,5.0,17.112517910312587,1.0,91.9380942722898,14,12.813085824397442,-0.14999999999999553,,,
international|out_of_sample,six_nations,smoothed_flat,sk_mk,5.0,22.688947786275836,1.0,161.62047442926863,14,16.988466383174952,-3.4964285714285688,,,
international|out_of_sample,six_nations,smoothed_flat,sk_h2,5.0,24.632623004289012,1.0,190.49737087690957,14,18.443803202320012,3.7660714285714363,,,
international|out_of_sample,six_nations,smoothed_flat,null3_a,5.0,17.587820461086938,1.0,97.11620723646146,14,13.168971054586548,3.4464285714285734,,,
international|out_of_sample,six_nations,smoothed_flat,null3_b,5.0,11.564977830729923,1.0,41.991102275209826,14,8.659336649289704,-0.4910714285714245,,,
international|out_of_sample,ncr,realised,empirical_baseline,5.0,42.72889235351464,1.0,573.2062745422834,14,31.993477977725718,-5.714285714285714,,,
international|out_of_sample,ncr,realised,c2k15,5.0,29.28826040928682,1.0,269.3114514563912,14,21.92973566124606,-0.5714285714285714,,,
international|out_of_sample,ncr,realised,h1_oct1,5.0,17.767113712427513,1.0,99.10633813138986,14,13.303217798940725,8.857142857142858,,,
international|out_of_sample,ncr,realised,mk,5.0,27.060372064399562,1.0,229.89799999036737,14,20.261592801158102,-5.571428571428571,,,
international|out_of_sample,ncr,realised,h2,5.0,23.395430191517185,1.0,171.8421653838798,14,17.517448718750998,10.5,,,
international|out_of_sample,ncr,realised,sk,5.0,28.848314937362886,1.0,261.2814437281724,14,21.60032422574834,12.071428571428571,,,
international|out_of_sample,ncr,realised,sk_mk,5.0,35.786991927358066,1.0,402.08517107685606,14,26.79569431953228,5.357142857142857,,,
international|out_of_sample,ncr,realised,sk_h2,5.0,30.398452823555576,1.0,290.11529532369883,14,22.760997943054868,13.714285714285714,,,
international|out_of_sample,ncr,realised,null3_a,5.0,24.545651569860823,1.0,189.154551540787,14,18.378682893348547,-3.2142857142857144,,,
international|out_of_sample,ncr,realised,null3_b,5.0,21.552899399558115,1.0,145.84081060677127,14,16.13784430897333,6.714285714285714,,,
international|out_of_sample,ncr,smoothed,empirical_baseline,5.0,39.80092550452166,1.0,497.34070757386434,14,29.801147735983267,-9.194642857142858,,,
international|out_of_sample,ncr,smoothed,c2k15,5.0,26.110307793607547,1.0,214.03837678371903,14,19.55022729059138,0.3999999999999955,,,
international|out_of_sample,ncr,smoothed,h1_oct1,5.0,17.720625361053507,1.0,98.5883853826345,14,13.268409406680059,7.32857142857143,,,
international|out_of_sample,ncr,smoothed,mk,5.0,21.882144359231376,1.0,150.3306113188107,14,16.38436816640062,-9.28928571428572,,,
international|out_of_sample,ncr,smoothed,h2,5.0,21.821927297766603,1.0,149.50436578677574,14,16.33928033182917,4.785714285714296,,,
international|out_of_sample,ncr,smoothed,sk,5.0,22.83734117154872,1.0,163.74149294076707,14,17.0995766938399,12.130357142857147,,,
international|out_of_sample,ncr,smoothed,sk_mk,5.0,30.93241613795903,1.0,300.39683614257,14,23.160805721804255,4.5071428571428545,,,
international|out_of_sample,ncr,smoothed,sk_h2,5.0,26.38044954377897,1.0,218.49024411875672,14,19.752497315834916,11.207142857142859,,,
international|out_of_sample,ncr,smoothed,null3_a,5.0,22.81824175070038,1.0,163.46772552503276,14,17.085275904218605,-3.1178571428571433,,,
international|out_of_sample,ncr,smoothed,null3_b,5.0,17.895881332902235,1.0,100.5480953997354,14,13.399633217244059,-0.06428571428571672,,,
international|out_of_sample,ncr,flat,empirical_baseline,5.0,29.264331512971534,1.0,268.87156918556497,14,21.911818777022603,2.642857142857143,,,
international|out_of_sample,ncr,flat,c2k15,5.0,21.151468397835064,1.0,140.4587216460748,14,15.837270781184557,-2.0,,,
international|out_of_sample,ncr,flat,h1_oct1,5.0,18.187817441812616,1.0,103.85534162779929,14,13.618221880719183,5.785714285714286,,,
international|out_of_sample,ncr,flat,mk,5.0,22.73932547541644,1.0,162.33898330552177,14,17.0261869370979,-2.0,,,
international|out_of_sample,ncr,flat,h2,5.0,24.00778262092579,1.0,180.95549101829002,14,17.97595075065026,5.285714285714286,,,
international|out_of_sample,ncr,flat,sk,5.0,22.430846108492144,1.0,157.96431099644283,14,16.795211424074488,2.2857142857142856,,,
international|out_of_sample,ncr,flat,sk_mk,5.0,34.13008405150268,1.0,365.7146699078415,14,25.555076023164496,2.357142857142857,,,
international|out_of_sample,ncr,flat,sk_h2,5.0,31.821013859978176,1.0,317.90377964032075,14,23.82614783774933,7.5,,,
international|out_of_sample,ncr,flat,null3_a,5.0,12.726195187723782,1.0,50.84694045047774,14,9.528804119472793,-2.5714285714285716,,,
international|out_of_sample,ncr,flat,null3_b,5.0,12.64128940425769,1.0,50.17072927336459,14,9.465230477286385,0.5714285714285714,,,
international|out_of_sample,ncr,smoothed_flat,empirical_baseline,5.0,25.220314668497338,1.0,199.69567896287217,14,18.88384035940292,0.3071428571428529,,,
international|out_of_sample,ncr,smoothed_flat,c2k15,5.0,20.418988280950217,1.0,130.89893275706115,14,15.288822525264585,-0.6214285714285767,,,
international|out_of_sample,ncr,smoothed_flat,h1_oct1,5.0,16.037946181471618,1.0,80.7542093666735,14,12.008494714061012,5.248214285714286,,,
international|out_of_sample,ncr,smoothed_flat,mk,5.0,19.058753865379007,1.0,114.03985821795436,14,14.270340008585386,-4.617857142857147,,,
international|out_of_sample,ncr,smoothed_flat,h2,5.0,22.14367677276029,1.0,153.9455476483179,14,16.58019190654048,3.494642857142863,,,
international|out_of_sample,ncr,smoothed_flat,sk,5.0,18.007493098493963,1.0,101.80618888229719,14,13.483203100941742,4.499999999999995,,,
international|out_of_sample,ncr,smoothed_flat,sk_mk,5.0,30.138844739393623,1.0,285.18118440826873,14,22.566615054428645,2.6160714285714315,,,
international|out_of_sample,ncr,smoothed_flat,sk_h2,5.0,28.018838099777422,1.0,246.47218175797403,14,20.97924917618317,8.275,,,
international|out_of_sample,ncr,smoothed_flat,null3_a,5.0,10.624957013487702,1.0,35.442310764429806,14,7.955491226239113,-1.4000000000000068,,,
international|out_of_sample,ncr,smoothed_flat,null3_b,5.0,9.931644985367958,1.0,30.96777763287353,14,7.4363702782907195,-2.562500000000001,,,
international|out_of_sample,srp,realised,empirical_baseline,5.0,55.55657447173077,1.0,969.0330421738166,14,41.59827095852613,0.07142857142857142,,,
international|out_of_sample,srp,realised,c2k15,5.0,19.186762836181305,1.0,115.57691037393163,14,14.366187384043455,-3.857142857142857,,,
international|out_of_sample,srp,realised,h1_oct1,5.0,33.748341432588205,1.0,357.57943544032713,14,25.269244273294785,-3.7857142857142856,,,
international|out_of_sample,srp,realised,mk,5.0,36.244059763385614,1.0,412.4215419270142,14,27.137926213242277,-9.357142857142858,,,
international|out_of_sample,srp,realised,h2,5.0,24.880814798855464,1.0,194.35551250761392,14,18.629638085378033,-6.142857142857143,,,
international|out_of_sample,srp,realised,sk,5.0,40.556567468600754,1.0,516.4045356647788,14,30.36693854415107,10.714285714285714,,,
international|out_of_sample,srp,realised,sk_mk,5.0,48.97005139946183,1.0,752.885244460921,14,36.66657792237174,-4.714285714285714,,,
international|out_of_sample,srp,realised,sk_h2,5.0,36.86901376256458,1.0,426.76687904148616,14,27.60586373533859,-6.357142857142857,,,
international|out_of_sample,srp,realised,null3_a,5.0,33.05747575506489,1.0,343.0891959307595,14,24.75195504294125,-6.214285714285714,,,
international|out_of_sample,srp,realised,null3_b,5.0,23.545256865855613,1.0,174.05020188057583,14,17.629632211977643,3.0714285714285716,,,
international|out_of_sample,srp,smoothed,empirical_baseline,5.0,47.93300684918895,1.0,721.3350120287608,14,35.89008548005486,2.1607142857142856,,,
international|out_of_sample,srp,smoothed,c2k15,5.0,10.01754162007277,1.0,31.50576119709371,14,7.500685825439769,-5.296428571428572,,,
international|out_of_sample,srp,smoothed,h1_oct1,5.0,21.10366973712454,1.0,139.82461410239367,14,15.801481288067,1.3142857142857187,,,
international|out_of_sample,srp,smoothed,mk,5.0,20.46553723423147,1.0,131.49643088312428,14,15.323676293515085,-7.507142857142857,,,
international|out_of_sample,srp,smoothed,h2,5.0,18.923844358433037,1.0,112.43108476711862,14,14.169325821188444,2.3339285714285887,,,
international|out_of_sample,srp,smoothed,sk,5.0,29.897143271961202,1.0,280.62544771574636,14,22.385639837203126,8.742857142857144,,,
international|out_of_sample,srp,smoothed,sk_mk,5.0,34.72370264548538,1.0,378.54692521566767,14,25.99955099940834,-2.8017857142857037,,,
international|out_of_sample,srp,smoothed,sk_h2,5.0,24.14136992298162,1.0,182.97488702194207,14,18.075974930333338,1.4857142857142946,,,
international|out_of_sample,srp,smoothed,null3_a,5.0,22.84113500877334,1.0,163.79590034006853,14,17.10241734898005,-1.273214285714283,,,
international|out_of_sample,srp,smoothed,null3_b,5.0,19.909200565827092,1.0,124.44438602280566,14,14.907116350852947,3.005357142857144,,,
international|out_of_sample,srp,flat,empirical_baseline,5.0,34.63252933171483,1.0,376.56164919786045,14,25.931284511661797,-2.2142857142857144,,,
international|out_of_sample,srp,flat,c2k15,5.0,12.237574994999694,1.0,47.0173771515206,14,9.162947236358331,-6.714285714285714,,,
international|out_of_sample,srp,flat,h1_oct1,5.0,22.98410822218758,1.0,165.85286638659187,14,17.209469278080594,-6.5,,,
international|out_of_sample,srp,flat,mk,5.0,24.048028865328906,1.0,181.5627010548813,14,18.006085333202602,-4.0,,,
international|out_of_sample,srp,flat,h2,5.0,19.24109612833375,1.0,116.2324212088882,14,14.406869716071975,-4.285714285714286,,,
international|out_of_sample,srp,flat,sk,5.0,27.62583597263281,1.0,239.60646046177763,14,20.684986811599167,1.4285714285714286,,,
international|out_of_sample,srp,flat,sk_mk,5.0,36.98410707079699,1.0,429.4354981511646,14,27.692040442000035,-5.142857142857143,,,
international|out_of_sample,srp,flat,sk_h2,5.0,24.125245543361267,1.0,182.730545358212,14,18.063901718137238,-8.785714285714286,,,
international|out_of_sample,srp,flat,null3_a,5.0,23.327694242709,1.0,170.8485489603666,14,17.466731078598627,-1.2142857142857142,,,
international|out_of_sample,srp,flat,null3_b,5.0,18.633539417104608,1.0,109.008001796261,14,13.951958502832202,-0.8571428571428571,,,
international|out_of_sample,srp,smoothed_flat,empirical_baseline,5.0,29.460363575116013,1.0,272.485797175239,14,22.058598792082638,-0.1571428571428604,,,
international|out_of_sample,srp,smoothed_flat,c2k15,5.0,7.198241018730636,1.0,16.267485713843953,14,5.389719995682912,-5.483928571428576,,,
international|out_of_sample,srp,smoothed_flat,h1_oct1,5.0,12.109316638462701,1.0,46.03699169670249,14,9.066913132048393,-1.1607142857142918,,,
international|out_of_sample,srp,smoothed_flat,mk,5.0,12.960017896346686,1.0,52.73256157108612,14,9.703880075505708,-3.07321428571429,,,
international|out_of_sample,srp,smoothed_flat,h2,5.0,14.20752163526362,1.0,63.3730075098099,14,10.637954918072658,2.680357142857145,,,
international|out_of_sample,srp,smoothed_flat,sk,5.0,16.799107630178746,1.0,88.60129938394039,14,12.578418264740233,1.755357142857138,,,
international|out_of_sample,srp,smoothed_flat,sk_mk,5.0,25.648779304436538,1.0,206.5385231465568,14,19.204655459891416,-0.9125000000000044,,,
international|out_of_sample,srp,smoothed_flat,sk_h2,5.0,15.370619182906523,1.0,74.17377652039295,14,11.508830190677267,-0.9642857142857163,,,
international|out_of_sample,srp,smoothed_flat,null3_a,5.0,15.575947949738636,1.0,76.16871701044427,14,11.662571161201079,2.7410714285714306,,,
international|out_of_sample,srp,smoothed_flat,null3_b,5.0,14.318046636256705,1.0,64.36284180830816,14,10.720711081186012,-0.10535714285714246,,,
all,six_nations,mae,null_pair,0.02,0.04230713876962146,1.0602155105675204,37.236525167872685,535,0.005276399591471137,0.0004279320960094839,,,
all,six_nations,mse,null_pair,0.5,0.9957169650835203,1.0242791680091072,31.8829001761048,535,0.12205962266106314,-0.023455039865796095,,,
all,six_nations,pearson,null_pair,0.005,0.00646833494840944,1.0,13.135683251731544,535,0.0007834647244005174,0.00012617460844689492,,,
all,six_nations,spearman,null_pair,0.005,0.00570516287194851,1.2723142930364586,13.001640887857695,535,0.0007794570626511217,-0.0001285491373588883,,,
all,ncr,mae,null_pair,0.02,0.03637960903339678,1.2059680012152518,31.318396830273855,535,0.0048389692909064416,0.0008359125724564932,,,
all,ncr,mse,null_pair,0.5,0.8283109052075736,1.0857350357227349,23.387202527993722,535,0.10453994122892263,-0.011363479911304366,,,
all,ncr,pearson,null_pair,0.005,0.007116858043289544,1.1706855810570065,18.61592161941644,535,0.0009326858417559383,5.7815804182923684e-05,,,
all,ncr,spearman,null_pair,0.005,0.006254843753030716,1.431474590270132,17.582646316351482,535,0.0009064320088927776,-6.813295485467817e-05,,,
all,srp,mae,null_pair,0.02,0.0513617062196668,1.3676701875356878,70.79587412199277,535,0.007275403402605851,-5.759734903997978e-05,,,
all,srp,mse,null_pair,0.5,1.8127337482920671,1.105272009263797,114.02625953300111,535,0.23083175441692763,0.001910861418327713,,,
all,srp,pearson,null_pair,0.005,0.006762897212827781,1.174471052909935,16.86458104100942,535,0.0008877299897077988,3.10171191635028e-05,,,
all,srp,spearman,null_pair,0.005,0.004746185402735277,1.182081052001571,8.359962328221624,535,0.0006250219558095548,0.00012579123130204727,,,
club,six_nations,mae,null_pair,0.02,0.0399504170245342,1.1055860856410324,34.62444985603715,448,0.005560097784343522,0.0006691559879024549,,,
club,six_nations,mse,null_pair,0.5,0.8845008202744105,1.1142493362824473,27.368218595824636,448,0.12358172766573775,-0.019018895362407893,,,
club,six_nations,pearson,null_pair,0.005,0.0060707273319131816,1.0448142410406391,12.088939473322883,448,0.0008213440189075769,5.3809145776625416e-05,,,
club,six_nations,spearman,null_pair,0.005,0.00509262628339524,1.0765283994083286,8.76550156118566,448,0.0006993899430767348,-0.00014328133632618236,,,
club,ncr,mae,null_pair,0.02,0.034578705863273274,1.2953168948862273,30.39073363921288,448,0.005209086638407934,0.0015845935235372743,,,
club,ncr,mse,null_pair,0.5,0.7355759850552779,1.2143752028999713,20.628879570175368,448,0.10729236480689944,-0.005515120688397561,,,
club,ncr,pearson,null_pair,0.005,0.006799895467315768,1.2321999200344438,17.887651092450643,448,0.0009990970000089748,-5.576139458978102e-05,,,
club,ncr,spearman,null_pair,0.005,0.006167487893643079,1.3719289153333445,16.383847119124226,448,0.0009561784263341455,-0.00017564226510676295,,,
club,srp,mae,null_pair,0.02,0.04821560905876464,1.3501370579673913,61.5886742015354,448,0.00741551668327584,0.0011236659582462044,,,
club,srp,mse,null_pair,0.5,1.557993132680737,1.2553431793338905,95.66679206953755,448,0.23105299531914164,0.0026327227028517847,,,
club,srp,pearson,null_pair,0.005,0.00643275304319982,1.2211875634255314,15.865135898715302,448,0.000940920424025301,-7.580772212603967e-05,,,
club,srp,spearman,null_pair,0.005,0.004478599617993261,1.0576924235853582,6.660572145198452,448,0.0006096586860364863,-1.6088621943891146e-05,,,
international,six_nations,mae,null_pair,0.02,0.053070277247663895,1.0,55.265028227599124,87,0.01594026611462473,-0.0008142323128186888,,,
international,six_nations,mse,null_pair,0.5,1.4454200269896254,1.024786683920055,67.21857091823601,87,0.4394960898386206,-0.046298634549910046,,,
international,six_nations,pearson,null_pair,0.005,0.008250561789143074,1.0227693741230854,21.858100736440722,87,0.002506204985632999,0.0004988151518524206,,,
international,six_nations,spearman,null_pair,0.005,0.008203538109469267,1.3319627188686622,28.142465028329937,87,0.0028437502066858554,-5.268677945833957e-05,,,
international,ncr,mae,null_pair,0.02,0.04455463148805182,1.1196560425465696,43.613207070430086,87,0.014160525847504374,-0.0030193640492008618,,,
international,ncr,mse,null_pair,0.5,1.2028233108797952,1.0186285818135243,46.268689221771915,87,0.3646313254656528,-0.04147916878328423,,,
international,ncr,pearson,null_pair,0.005,0.008587944665379866,1.07712629566956,24.94093722434109,87,0.0026771133677911474,0.0006426731036101846,,,
international,ncr,spearman,null_pair,0.005,0.006696869164619507,1.666285143071077,23.461761549955245,87,0.00259651410603923,0.0004854782059836435,,,
international,srp,mae,null_pair,0.02,0.0652098653742771,1.5076680461697396,125.79982034151087,87,0.024049739678043486,-0.006140424494605618,,,
international,srp,mse,null_pair,0.5,2.7905620974906173,1.1589846691629104,283.3536031282378,87,0.9023494288510465,-0.0018063093341640587,,,
international,srp,pearson,null_pair,0.005,0.008279283715182708,1.4249081147572875,30.664794333222765,87,0.0029684545658552317,0.0005811036582176986,,,
international,srp,spearman,null_pair,0.005,0.0059138324666212225,1.2060662132563225,13.242709482413662,87,0.0019507373703422776,0.0008563909353730864,,,
six_nations,six_nations,mae,null_pair,0.02,0.04428974297873709,1.0,38.49053993205844,15,0.0320377027607821,0.0014051805758308333,,,
six_nations,six_nations,mse,null_pair,0.5,1.342859321778265,1.0,56.61463379297421,15,0.971379035126301,0.2508881023026518,,,
six_nations,six_nations,pearson,null_pair,0.005,0.008044965389273098,1.0,20.319640778480828,15,0.005819455985239059,-0.0014128850270974176,,,
six_nations,six_nations,spearman,null_pair,0.005,0.006627757698702702,1.0,13.791163639309485,15,0.004794295853635075,2.475738465469076e-05,,,
six_nations,ncr,mae,null_pair,0.02,0.035741313146909974,1.0,25.06621107527301,15,0.02585405761849798,0.005122313893194116,,,
six_nations,ncr,mse,null_pair,0.5,1.1954928155964086,1.0,44.87057211683894,15,0.8647790865960985,0.3085011159058652,,,
six_nations,ncr,pearson,null_pair,0.005,0.009106387158947571,1.0,26.03513816699527,15,0.0065872526097753474,-0.002158150850133818,,,
six_nations,ncr,spearman,null_pair,0.005,0.0056621987407098175,1.0,10.065558647065759,15,0.0040958431462206814,-0.0020040859979959303,,,
six_nations,srp,mae,null_pair,0.02,0.0667501847755526,1.0,87.42841956042321,15,0.04828482703304719,-0.0036587284159155095,,,
six_nations,srp,mse,null_pair,0.5,2.7120414241916326,1.0,230.9193377857406,15,1.9617990798658111,0.7626100531069265,,,
six_nations,srp,pearson,null_pair,0.005,0.009017548028879746,1.0,25.52963432169552,15,0.006522989386482183,-0.0023842959726203907,,,
six_nations,srp,spearman,null_pair,0.005,0.005276273029007718,1.0,8.740216436487295,15,0.0038166775334242597,-0.0010636620576066032,,,
out_of_sample,six_nations,mae,null_pair,0.02,0.04219262911083617,1.0552488937453095,36.86173433839941,481,0.005536627938561691,5.315867197524932e-05,,,
out_of_sample,six_nations,mse,null_pair,0.5,0.9758197554687111,1.0542445240944889,31.51724386834575,481,0.12798868653782092,-0.030279408057410324,,,
out_of_sample,six_nations,pearson,null_pair,0.005,0.006408347190475238,1.0165835798756024,13.10698559766863,481,0.0008253703760585818,0.00013067739224739412,,,
out_of_sample,six_nations,spearman,null_pair,0.005,0.005759120690235045,1.1629018726617903,12.10941311577006,481,0.0007933393826601103,-2.036958546458936e-05,,,
out_of_sample,ncr,mae,null_pair,0.02,0.036042051091316044,1.2004096843740262,30.598220478359,481,0.0050443538332782464,0.0008420835325157321,,,
out_of_sample,ncr,mse,null_pair,0.5,0.811640535290217,1.1540084600314375,23.86734527267093,481,0.11137802795226635,-0.01583885180769537,,,
out_of_sample,ncr,pearson,null_pair,0.005,0.007083540394867073,1.1540611074689484,18.180139903018805,481,0.0009720667242391949,5.0142305061358555e-05,,,
out_of_sample,ncr,spearman,null_pair,0.005,0.0063886004741085965,1.3958291388895578,17.88592416087769,481,0.0009641689882398498,2.5461588254543495e-05,,,
out_of_sample,srp,mae,null_pair,0.02,0.05005275634739971,1.2760925159785312,62.73152452157598,481,0.007222713337778991,0.00028168555070286433,,,
out_of_sample,srp,mse,null_pair,0.5,1.7438829853979811,1.0970065383111147,104.7397571860016,481,0.23332068754392005,-0.007120081903213877,,,
out_of_sample,srp,pearson,null_pair,0.005,0.006659780128895077,1.0896379891814394,15.17293804747455,481,0.0008880395507136681,-5.342701449388528e-06,,,
out_of_sample,srp,spearman,null_pair,0.005,0.004738191330902503,1.1640823729204224,8.204961858146087,481,0.0006530339340573827,0.00017962528014116004,,,
international|out_of_sample,six_nations,mae,null_pair,0.02,0.0658119484290416,1.0,84.98791614039328,33,0.0320960520824212,-0.008309471556369845,,,
international|out_of_sample,six_nations,mse,null_pair,0.5,1.824596552683868,1.0,104.52047287293946,33,0.8898436740174847,-0.18314939858350393,,,
international|out_of_sample,six_nations,pearson,null_pair,0.005,0.00999987107731795,1.0096426878754952,31.697438807628203,33,0.004900327664340432,0.0011742220716081328,,,
international|out_of_sample,six_nations,spearman,null_pair,0.005,0.011495735371733982,1.106335270084672,45.90161222224061,33,0.005896944009672517,0.0016482505474443097,,,
international|out_of_sample,ncr,mae,null_pair,0.02,0.05167869401438545,1.0,52.404760821573916,33,0.025203357357298332,-0.00923805210317066,,,
international|out_of_sample,ncr,mse,null_pair,0.5,1.5170882637020644,1.0,72.25857009557787,33,0.7398739148091273,-0.15599132276058686,,,
international|out_of_sample,ncr,pearson,null_pair,0.005,0.010220781061271628,1.0,32.79712965415225,33,0.004984607341010396,0.0014878652579010715,,,
international|out_of_sample,ncr,spearman,null_pair,0.005,0.008521646197746905,1.3126476303024506,29.926975158202794,33,0.004761507206486866,0.00275559874903834,,,
international|out_of_sample,srp,mae,null_pair,0.02,0.0704324517669188,1.3590315294632325,132.28872440237166,33,0.040043722226158214,-0.011148836345643088,,,
international|out_of_sample,srp,mse,null_pair,0.5,3.419147022866081,1.0,367.0313976690341,33,1.6674953947258975,-0.13952179291889316,,,
international|out_of_sample,srp,pearson,null_pair,0.005,0.009286851736705017,1.103525463753723,29.88044418420631,33,0.004757804130011053,0.0009512733368275725,,,
international|out_of_sample,srp,spearman,null_pair,0.005,0.006982648299300474,1.0,15.307631614721833,33,0.0034053914044076504,0.00283658976905337,,,
all,six_nations,realised,null_pair,5.0,32.66113505108713,1.0,334.9116175233604,437,4.377179859183655,2.9839816933638446,,,
all,six_nations,smoothed,null_pair,5.0,26.889744831502608,1.0,227.0079297119039,437,3.6037097091371075,2.1771167048054925,,,
all,six_nations,flat,null_pair,5.0,26.73703440698684,1.0,224.43683506062303,437,3.583243764110021,1.668192219679634,,,
all,six_nations,smoothed_flat,null_pair,5.0,22.344359612368326,1.0,156.7485350173906,437,2.9945462920572896,1.1967391304347814,,,
all,ncr,realised,null_pair,5.0,33.701965306456586,1.3394613799210995,477.6483882273855,437,5.22737244392157,1.2723112128146452,,,
all,ncr,smoothed,null_pair,5.0,27.374470416533647,1.3264677373298615,312.07272239863306,437,4.225296506992637,1.218077803203662,,,
all,ncr,flat,null_pair,5.0,28.165133152630876,1.2060302192335224,300.36510248819656,437,4.1452814459232,1.2151029748283753,,,
all,ncr,smoothed_flat,null_pair,5.0,22.864893278165564,1.1973103526558333,196.52271750909273,437,3.35301631266069,1.2696796338672767,,,
all,srp,realised,null_pair,5.0,42.633166344365556,1.0,570.6408307739175,437,5.7136115068839874,0.6613272311212814,,,
all,srp,smoothed,null_pair,5.0,34.97080436888778,1.081062153863268,415.07786385206344,437,4.872973755119294,0.7967391304347843,,,
all,srp,flat,null_pair,5.0,34.990318097273125,1.0,384.3823585607381,437,4.689332302819505,1.3295194508009154,,,
all,srp,smoothed_flat,null_pair,5.0,29.106934433897717,1.0,265.9871163184725,437,3.900853015896505,1.3553775743707113,,,
club,six_nations,realised,null_pair,5.0,33.42470800906465,1.0271145983527918,360.2647841047923,383,4.84932758995774,3.4099216710182767,,,
club,six_nations,smoothed,null_pair,5.0,27.33362442657874,1.0,234.56440639839695,383,3.9129263454289247,2.7926892950391653,,,
club,six_nations,flat,null_pair,5.0,27.27085678051864,1.0149531654375585,236.9797480760716,383,3.933020717360901,1.6945169712793733,,,
club,six_nations,smoothed_flat,null_pair,5.0,22.72547969635618,1.0,162.14134988032401,383,3.2532505323339014,1.3827023498694504,,,
club,ncr,realised,null_pair,5.0,34.66722802946299,1.1988386995893017,452.34172937554,383,5.433803690242712,2.715404699738903,,,
club,ncr,smoothed,null_pair,5.0,27.742708302908852,1.2726151019123504,307.5122703638991,383,4.480245808454147,2.3953002610966063,,,
club,ncr,flat,null_pair,5.0,28.94671354510802,1.16503842249411,306.48303604856477,383,4.472741900401661,2.300261096605744,,,
club,ncr,smoothed_flat,null_pair,5.0,23.299492507673396,1.2273828988915532,209.18987344448985,383,3.6952254975981997,2.1477154046997384,,,
club,srp,realised,null_pair,5.0,43.87116771826538,1.0,604.2630719998446,383,6.280347065960556,1.524804177545692,,,
club,srp,smoothed,null_pair,5.0,35.859232323057284,1.0458740260260122,422.22993393549297,383,5.249828630396508,1.2508485639686706,,,
club,srp,flat,null_pair,5.0,36.37805985331694,1.0,415.4767562139346,383,5.207676324740186,1.5509138381201044,,,
club,srp,smoothed_flat,null_pair,5.0,30.14696036058721,1.0,285.3347891062353,383,4.315667530532035,1.2852480417754595,,,
international,six_nations,realised,null_pair,5.0,26.69390642284883,1.0178757352285865,227.71240743463468,54,10.267541616636764,-0.037037037037037035,,,
international,six_nations,smoothed,null_pair,5.0,23.26080630723907,1.457928375086643,247.6585833399435,54,10.70778929313937,-2.1888888888888896,,,
international,six_nations,flat,null_pair,5.0,22.814874939795715,1.0,163.41949005413642,54,8.698113089708563,1.4814814814814814,,,
international,six_nations,smoothed_flat,null_pair,5.0,19.566911487437984,1.360967050531539,163.59116218154892,54,8.702680573140928,-0.12222222222222107,,,
international,ncr,realised,null_pair,5.0,23.660302684680047,1.2084453167143314,212.39058510108,54,9.916096741351073,-8.962962962962964,,,
international,ncr,smoothed,null_pair,5.0,23.155327734255522,1.0527241260317686,177.20831926566464,54,9.057642549191199,-7.131481481481478,,,
international,ncr,flat,null_pair,5.0,20.43650151053787,1.478487104296226,193.8645092782272,54,9.47375784094194,-6.481481481481482,,,
international,ncr,smoothed_flat,null_pair,5.0,18.51964333476836,1.3152362553459427,141.62394079737442,54,8.097322968613993,-4.95787037037037,,,
international,srp,realised,null_pair,5.0,32.193233182663086,1.0,325.3844965807015,54,12.273588335902978,-5.462962962962963,,,
international,srp,smoothed,null_pair,5.0,27.93600122101989,1.0,245.01696044920877,54,10.650529469737398,-2.4240740740740745,,,
international,srp,flat,null_pair,5.0,23.03724235428379,1.0,166.62058243048915,54,8.78289010136378,-0.24074074074074073,,,
international,srp,smoothed_flat,null_pair,5.0,20.463182923140568,1.0,131.46617849393056,54,7.801536484883465,1.852777777777778,,,
six_nations,six_nations,realised,null_pair,5.0,23.955911885914805,1.0,180.1743981075837,15,17.328896777136144,-2.2,,,
six_nations,six_nations,smoothed,null_pair,5.0,20.810198535699698,1.0,135.96280412668028,15,15.053394087197317,-8.213333333333338,,,
six_nations,six_nations,flat,null_pair,5.0,22.59477394274635,1.0,160.2815992989649,15,16.344295605244298,-0.6666666666666666,,,
six_nations,six_nations,smoothed_flat,null_pair,5.0,18.13510112619014,1.0,103.25417695363187,15,13.11831905858063,-4.120000000000001,,,
six_nations,ncr,realised,null_pair,5.0,17.40060206949611,1.0,95.0596512435909,15,12.587007272288814,-12.733333333333333,,,
six_nations,ncr,smoothed,null_pair,5.0,17.442113103744333,1.0,95.51374257427909,15,12.617034951094169,-15.703333333333326,,,
six_nations,ncr,flat,null_pair,5.0,14.282190041480066,1.0,64.04087853344333,15,10.33125343584886,-11.866666666666667,,,
six_nations,ncr,smoothed_flat,null_pair,5.0,13.573252978876193,1.0,57.840968073702754,15,9.818432331903667,-13.339999999999998,,,
six_nations,srp,realised,null_pair,5.0,31.381674968196396,1.0,309.18606054490203,15,22.70044274696355,-16.333333333333332,,,
six_nations,srp,smoothed,null_pair,5.0,25.780752210201506,1.0,208.66943268404438,15,18.648924575072435,-12.706666666666669,,,
six_nations,srp,flat,null_pair,5.0,16.705288583758936,1.0,87.61442818129409,15,12.084041003274669,-4.933333333333334,,,
six_nations,srp,smoothed_flat,null_pair,5.0,12.286032284090501,1.0,47.39046502455025,15,8.887300398560319,-2.5599999999999983,,,
out_of_sample,six_nations,realised,null_pair,5.0,33.27831923038145,1.0624728364890623,369.4096774370666,397,4.8231290824433675,3.3727959697733,,,
out_of_sample,six_nations,smoothed,null_pair,5.0,27.16488904829673,1.0,231.6773287010596,397,3.819587993107952,2.7353904282115877,,,
out_of_sample,six_nations,flat,null_pair,5.0,27.121111058330417,1.0164708254619317,234.73483171438312,397,3.844709405172989,1.7909319899244331,,,
out_of_sample,six_nations,smoothed_flat,null_pair,5.0,22.562096617534767,1.0,159.81832521790366,397,3.1724007113174935,1.4727959697732982,,,
out_of_sample,ncr,realised,null_pair,5.0,34.41569120376634,1.3657117236517566,507.85495736283616,397,5.6551561221527455,2.269521410579345,,,
out_of_sample,ncr,smoothed,null_pair,5.0,27.721807776998016,1.293757328997444,312.1501763044789,397,4.433600355225293,2.2031486146095722,,,
out_of_sample,ncr,flat,null_pair,5.0,28.558125317316776,1.2460818202669655,319.0609220076647,397,4.4824097991521885,2.1083123425692696,,,
out_of_sample,ncr,smoothed_flat,null_pair,5.0,23.021778333418744,1.270294666947823,211.37317779844514,397,3.6483768327512434,2.112972292191435,,,
out_of_sample,srp,realised,null_pair,5.0,43.61849112454588,1.0518110193211179,628.2704861111163,397,6.289962847795256,1.1435768261964736,,,
out_of_sample,srp,smoothed,null_pair,5.0,35.71320127028321,1.1080863424985465,443.7096057282996,397,5.285963577255262,1.0558564231738057,,,
out_of_sample,srp,flat,null_pair,5.0,36.04588628572335,1.0,407.92383557911177,397,5.0683230921024585,1.4836272040302267,,,
out_of_sample,srp,smoothed_flat,null_pair,5.0,29.81613389913642,1.0000733966548003,279.1272267491577,397,4.192526837294319,1.3403022670025213,,,
international|out_of_sample,six_nations,realised,null_pair,5.0,30.075819939861073,1.0,283.9897190738805,14,22.519424911533935,2.357142857142857,,,
international|out_of_sample,six_nations,smoothed,null_pair,5.0,22.841549583218672,1.0,163.80184629772432,14,17.10272776372886,1.1678571428571505,,,
international|out_of_sample,six_nations,flat,null_pair,5.0,23.345941125449773,1.0,171.11592837988843,14,17.48039352592582,4.428571428571429,,,
international|out_of_sample,six_nations,smoothed_flat,null_pair,5.0,18.000034054454964,1.0,101.72186625415114,14,13.477618103342877,3.937499999999998,,,
international|out_of_sample,ncr,realised,null_pair,5.0,24.47122104310815,1.0,188.00913260812584,14,18.322952653518534,-9.928571428571429,,,
international|out_of_sample,ncr,smoothed,null_pair,5.0,27.617089638661966,1.0,239.4547657669119,14,20.67843794904109,-3.0535714285714266,,,
international|out_of_sample,ncr,flat,null_pair,5.0,13.816696381592054,1.0,59.93439065719228,14,10.345322498700998,-3.142857142857143,,,
international|out_of_sample,ncr,smoothed_flat,null_pair,5.0,13.847648890973957,1.0,60.20322449137908,14,10.36849834934258,1.1624999999999943,,,
international|out_of_sample,srp,realised,null_pair,5.0,35.747896272537325,1.0,401.20713156371676,14,26.76642124684919,-9.285714285714286,,,
international|out_of_sample,srp,smoothed,null_pair,5.0,32.16606378375599,1.0,324.8355134651396,14,24.084505743361955,-4.278571428571427,,,
international|out_of_sample,srp,flat,null_pair,5.0,26.240330505825284,1.0,216.17539816910437,14,19.647582465294388,-0.35714285714285715,,,
international|out_of_sample,srp,smoothed_flat,null_pair,5.0,19.285763125701276,1.0,116.77270013917348,14,14.440314360149943,2.846428571428573,,,
